{
"type": "FeatureCollection",
"name": "BAFE Rice Processing Centers",
"crs": { "type": "name", "properties": { "name": "urn:ogc:def:crs:OGC::CRS84" } },
"features": [
{"type":"Feature","properties":{"REGION":"Region I","PROVINCE":"Pangasinan","MUN":"Alaminos City","BARANGAY":"Bisucol","PROJECT_TY":"Rice Processing Center","SUB_TYPE":"RPC 1","RPC_STATUS":"Non Operational","LATITUDE":16.1390629,"LONGITUDE":119.9604419,"ORIG_BENEF":"Western Pangasinan Seed Growers MPC","NEW_BENEF":"Not Applicable","YEARFUNDED":2013.0,"STATUSYEAR":2024.0,"id":"Rice Processing Centers. 0"},"geometry":{"type":"Point","coordinates":[119.9604419,16.1390629]}},
{"type":"Feature","properties":{"REGION":"Region V","PROVINCE":"Albay","MUN":"Oas","BARANGAY":"Brgy. Maporong, Oas","PROJECT_TY":"Rice Processing Center","SUB_TYPE":"RPC 1","RPC_STATUS":"Operational","LATITUDE":13.254795,"LONGITUDE":123.51981,"ORIG_BENEF":"Maporong Farmers Association","NEW_BENEF":"Not Applicable","YEARFUNDED":2017.0,"STATUSYEAR":2025.0,"id":"Rice Processing Centers. 1"},"geometry":{"type":"Point","coordinates":[123.51981,13.254795]}},
{"type":"Feature","properties":{"REGION":"Region V","PROVINCE":"Albay","MUN":"Polangui","BARANGAY":"Brgy.Balangibang Polangui","PROJECT_TY":"Rice Processing Center","SUB_TYPE":"RPC 1","RPC_STATUS":"Operational","LATITUDE":13.310112,"LONGITUDE":123.453702,"ORIG_BENEF":"FFS Palay Check Palayamanan Farmers Association","NEW_BENEF":"Not Applicable","YEARFUNDED":2017.0,"STATUSYEAR":2025.0,"id":"Rice Processing Centers. 2"},"geometry":{"type":"Point","coordinates":[123.453702,13.310112]}},
{"type":"Feature","properties":{"REGION":"Region V","PROVINCE":"Camarines Sur","MUN":"Bato","BARANGAY":"Brgy. San Juan, Bato","PROJECT_TY":"Rice Processing Center","SUB_TYPE":"RPC 1","RPC_STATUS":"Non Operational","LATITUDE":13.326127,"LONGITUDE":123.318007,"ORIG_BENEF":"San Juan Multi-Sectoral Association","NEW_BENEF":"Not Applicable","YEARFUNDED":2017.0,"STATUSYEAR":2021.0,"id":"Rice Processing Centers. 3"},"geometry":{"type":"Point","coordinates":[123.318007,13.326127]}},
{"type":"Feature","properties":{"REGION":"Region V","PROVINCE":"Camarines Sur","MUN":"Nabua","BARANGAY":"Brgy. Inapatan, Nabua","PROJECT_TY":"Rice Processing Center","SUB_TYPE":"RPC 1","RPC_STATUS":"Operational","LATITUDE":13.37481,"LONGITUDE":123.31747,"ORIG_BENEF":"Nabua Coconut Farmers Muli-Purpose Association","NEW_BENEF":"Not Applicable","YEARFUNDED":2017.0,"STATUSYEAR":2021.0,"id":"Rice Processing Centers. 4"},"geometry":{"type":"Point","coordinates":[123.31747,13.37481]}},
{"type":"Feature","properties":{"REGION":"Region V","PROVINCE":"Camarines Sur","MUN":"Nabua","BARANGAY":"Brgy. Sta. Cruz, Nabua","PROJECT_TY":"Rice Processing Center","SUB_TYPE":"RPC 1","RPC_STATUS":"Operational","LATITUDE":13.400615,"LONGITUDE":123.341323,"ORIG_BENEF":"Nabua West Multi-Purpose Cooperative","NEW_BENEF":"Not Applicable","YEARFUNDED":2017.0,"STATUSYEAR":2021.0,"id":"Rice Processing Centers. 5"},"geometry":{"type":"Point","coordinates":[123.341323,13.400615]}},
{"type":"Feature","properties":{"REGION":"Region V","PROVINCE":"Camarines Sur","MUN":"Minalabac","BARANGAY":"Brgy. Baliuag Viejo, Minalabac","PROJECT_TY":"Rice Processing Center","SUB_TYPE":"RPC 1","RPC_STATUS":"Operational","LATITUDE":13.520379,"LONGITUDE":123.217238,"ORIG_BENEF":"Baliuag Viejo Farmers Association","NEW_BENEF":"Not Applicable","YEARFUNDED":2017.0,"STATUSYEAR":2025.0,"id":"Rice Processing Centers. 6"},"geometry":{"type":"Point","coordinates":[123.217238,13.520379]}},
{"type":"Feature","properties":{"REGION":"Region V","PROVINCE":"Camarines Sur","MUN":"Milaor","BARANGAY":"Brgy. Maydaso, Milaor","PROJECT_TY":"Rice Processing Center","SUB_TYPE":"RPC 1","RPC_STATUS":"Operational","LATITUDE":13.586861,"LONGITUDE":123.227121,"ORIG_BENEF":"LGU Milaor","NEW_BENEF":"Not Applicable","YEARFUNDED":2017.0,"STATUSYEAR":2021.0,"id":"Rice Processing Centers. 7"},"geometry":{"type":"Point","coordinates":[123.227121,13.586861]}},
{"type":"Feature","properties":{"REGION":"Region V","PROVINCE":"Camarines Sur","MUN":"Naga City","BARANGAY":"Brgy. Carolina, Naga City","PROJECT_TY":"Rice Processing Center","SUB_TYPE":"RPC 1","RPC_STATUS":"Operational","LATITUDE":13.6465877,"LONGITUDE":123.2709277,"ORIG_BENEF":"LGU Naga City","NEW_BENEF":"Not Applicable","YEARFUNDED":2017.0,"STATUSYEAR":2025.0,"id":"Rice Processing Centers. 8"},"geometry":{"type":"Point","coordinates":[123.2709277,13.6465877]}},
{"type":"Feature","properties":{"REGION":"Region V","PROVINCE":"Camarines Sur","MUN":"Ocampo","BARANGAY":"Brgy. Pinit, Ocampo","PROJECT_TY":"Rice Processing Center","SUB_TYPE":"RPC 1","RPC_STATUS":"Operational","LATITUDE":13.5794118,"LONGITUDE":123.4085166,"ORIG_BENEF":"CamSur Multi-Purpose Cooperative","NEW_BENEF":"Not Applicable","YEARFUNDED":2017.0,"STATUSYEAR":2025.0,"id":"Rice Processing Centers. 9"},"geometry":{"type":"Point","coordinates":[123.4085166,13.5794118]}},
{"type":"Feature","properties":{"REGION":"Region V","PROVINCE":"Camarines Sur","MUN":"Calabanga","BARANGAY":"Brgy. Sto. Domingo, Calabanga","PROJECT_TY":"Rice Processing Center","SUB_TYPE":"RPC 1","RPC_STATUS":"Operational","LATITUDE":13.7033814,"LONGITUDE":123.1642187,"ORIG_BENEF":"Calabanga Organic Producers Cooperative","NEW_BENEF":"Not Applicable","YEARFUNDED":2017.0,"STATUSYEAR":2025.0,"id":"Rice Processing Centers. 10"},"geometry":{"type":"Point","coordinates":[123.1642187,13.7033814]}},
{"type":"Feature","properties":{"REGION":"Region I","PROVINCE":"Pangasinan","MUN":"Umingan","BARANGAY":"San Leon","PROJECT_TY":"Rice Processing Center","SUB_TYPE":"RPC 1","RPC_STATUS":"Non Operational","LATITUDE":15.9031197,"LONGITUDE":120.7311888,"ORIG_BENEF":"Balite MPC","NEW_BENEF":"Not Applicable","YEARFUNDED":2013.0,"STATUSYEAR":2024.0,"id":"Rice Processing Centers. 11"},"geometry":{"type":"Point","coordinates":[120.7311888,15.9031197]}},
{"type":"Feature","properties":{"REGION":"Region V","PROVINCE":"Camarines Sur","MUN":"Magarao","BARANGAY":"Brgy. San Isidro, Magarao","PROJECT_TY":"Rice Processing Center","SUB_TYPE":"RPC 1","RPC_STATUS":"Operational","LATITUDE":13.6658826,"LONGITUDE":123.1350099,"ORIG_BENEF":"Magarao Multi-Purpose Cooperative","NEW_BENEF":"Not Applicable","YEARFUNDED":2017.0,"STATUSYEAR":2025.0,"id":"Rice Processing Centers. 12"},"geometry":{"type":"Point","coordinates":[123.1350099,13.6658826]}},
{"type":"Feature","properties":{"REGION":"Region V","PROVINCE":"Camarines Sur","MUN":"Buhi","BARANGAY":"Brgy. San Antonio, Buhi","PROJECT_TY":"Rice Processing Center","SUB_TYPE":"RPC 1","RPC_STATUS":"Operational","LATITUDE":13.356667,"LONGITUDE":123.509692,"ORIG_BENEF":"San Antonio Farmers Irrigators MPC","NEW_BENEF":"Not Applicable","YEARFUNDED":2017.0,"STATUSYEAR":2025.0,"id":"Rice Processing Centers. 13"},"geometry":{"type":"Point","coordinates":[123.509692,13.356667]}},
{"type":"Feature","properties":{"REGION":"Region V","PROVINCE":"Camarines Sur","MUN":"Caramoan","BARANGAY":"Brgy. Terogo, Caramoan","PROJECT_TY":"Rice Processing Center","SUB_TYPE":"RPC 1","RPC_STATUS":"Operational","LATITUDE":13.78373,"LONGITUDE":123.85236,"ORIG_BENEF":"Caramoan Samahang Magsasaka Marketing Cooperative (CASAMACO)","NEW_BENEF":"Not Applicable","YEARFUNDED":2017.0,"STATUSYEAR":2021.0,"id":"Rice Processing Centers. 14"},"geometry":{"type":"Point","coordinates":[123.85236,13.78373]}},
{"type":"Feature","properties":{"REGION":"Region V","PROVINCE":"Camarines Sur","MUN":"Iriga CIty","BARANGAY":"Brgy. San Jose, Iriga City","PROJECT_TY":"Rice Processing Center","SUB_TYPE":"RPC 1","RPC_STATUS":"Operational","LATITUDE":13.422667,"LONGITUDE":123.398577,"ORIG_BENEF":"San Jose Farmers Association of Iriga City, Cam. Sur Inc.","NEW_BENEF":"Not Applicable","YEARFUNDED":2017.0,"STATUSYEAR":2021.0,"id":"Rice Processing Centers. 15"},"geometry":{"type":"Point","coordinates":[123.398577,13.422667]}},
{"type":"Feature","properties":{"REGION":"Region V","PROVINCE":"Camarines Sur","MUN":"Lagonoy","BARANGAY":"Brgy. Himanag, Lagonoy","PROJECT_TY":"Rice Processing Center","SUB_TYPE":"RPC 1","RPC_STATUS":"Operational","LATITUDE":13.88667,"LONGITUDE":123.57439,"ORIG_BENEF":"Himanag Sipaco Development MPC","NEW_BENEF":"Not Applicable","YEARFUNDED":2017.0,"STATUSYEAR":2021.0,"id":"Rice Processing Centers. 16"},"geometry":{"type":"Point","coordinates":[123.57439,13.88667]}},
{"type":"Feature","properties":{"REGION":"Region V","PROVINCE":"Camarines Sur","MUN":"Libmanan","BARANGAY":"Brgy. Mambulo Nuevo, Libmanan","PROJECT_TY":"Rice Processing Center","SUB_TYPE":"RPC 1","RPC_STATUS":"Non Operational","LATITUDE":13.622105,"LONGITUDE":123.036805,"ORIG_BENEF":"Saint Anthony Farmers Cooperative","NEW_BENEF":"Not Applicable","YEARFUNDED":2017.0,"STATUSYEAR":2021.0,"id":"Rice Processing Centers. 17"},"geometry":{"type":"Point","coordinates":[123.036805,13.622105]}},
{"type":"Feature","properties":{"REGION":"Region V","PROVINCE":"Sorsogon","MUN":"Sorsogon City","BARANGAY":"Brgy. Capuy, West District, Sorsogon City","PROJECT_TY":"Rice Processing Center","SUB_TYPE":"RPC 1","RPC_STATUS":"Operational","LATITUDE":12.979405,"LONGITUDE":123.941145,"ORIG_BENEF":"Capuy-Basud Multi-Purpose Cooperative","NEW_BENEF":"Not Applicable","YEARFUNDED":2017.0,"STATUSYEAR":2025.0,"id":"Rice Processing Centers. 18"},"geometry":{"type":"Point","coordinates":[123.941145,12.979405]}},
{"type":"Feature","properties":{"REGION":"Region V","PROVINCE":"Sorsogon","MUN":"Irosin","BARANGAY":"Brgy. Buenavista, Irosin","PROJECT_TY":"Rice Processing Center","SUB_TYPE":"RPC 1","RPC_STATUS":"Non Operational","LATITUDE":12.69704,"LONGITUDE":124.01866,"ORIG_BENEF":"LGU Irosin","NEW_BENEF":"Not Applicable","YEARFUNDED":2017.0,"STATUSYEAR":2021.0,"id":"Rice Processing Centers. 19"},"geometry":{"type":"Point","coordinates":[124.01866,12.69704]}},
{"type":"Feature","properties":{"REGION":"Region V","PROVINCE":"Sorsogon","MUN":"Irosin","BARANGAY":"Brgy. Gabao, Irosin","PROJECT_TY":"Rice Processing Center","SUB_TYPE":"RPC 1","RPC_STATUS":"Operational","LATITUDE":12.729645,"LONGITUDE":123.980485,"ORIG_BENEF":"Gabao Samahang Nayon Multi-Purpose Development Cooperative (GASANAMUDECO)","NEW_BENEF":"Not Applicable","YEARFUNDED":2017.0,"STATUSYEAR":2025.0,"id":"Rice Processing Centers. 20"},"geometry":{"type":"Point","coordinates":[123.980485,12.729645]}},
{"type":"Feature","properties":{"REGION":"Region V","PROVINCE":"Sorsogon","MUN":"Castilla","BARANGAY":"Brgy. San Rafael, Castilla","PROJECT_TY":"Rice Processing Center","SUB_TYPE":"RPC 1","RPC_STATUS":"Operational","LATITUDE":12.968728,"LONGITUDE":123.823953,"ORIG_BENEF":"Castilla Development Cooperative","NEW_BENEF":"Not Applicable","YEARFUNDED":2017.0,"STATUSYEAR":2021.0,"id":"Rice Processing Centers. 21"},"geometry":{"type":"Point","coordinates":[123.823953,12.968728]}},
{"type":"Feature","properties":{"REGION":"Region I","PROVINCE":"La Union","MUN":"Balaoan","BARANGAY":"Bet-ang","PROJECT_TY":"Rice Processing Center","SUB_TYPE":"RPC 1","RPC_STATUS":"Operational","LATITUDE":16.8427364,"LONGITUDE":120.4144891,"ORIG_BENEF":"San Pablo Multi-Purpose Cooperative","NEW_BENEF":"Not Applicable","YEARFUNDED":2014.0,"STATUSYEAR":2024.0,"id":"Rice Processing Centers. 22"},"geometry":{"type":"Point","coordinates":[120.4144891,16.8427364]}},
{"type":"Feature","properties":{"REGION":"Region VI","PROVINCE":"Aklan","MUN":"Numancia","BARANGAY":"Tabangka","PROJECT_TY":"Rice Processing Center","SUB_TYPE":"RPC 2","RPC_STATUS":"Operational","LATITUDE":11.69747,"LONGITUDE":122.32561,"ORIG_BENEF":"Integrated Barangays of Numancia (IBON) Multi-Purpose Cooperative","NEW_BENEF":"Not Applicable","YEARFUNDED":2013.0,"STATUSYEAR":2024.0,"id":"Rice Processing Centers. 23"},"geometry":{"type":"Point","coordinates":[122.32561,11.69747]}},
{"type":"Feature","properties":{"REGION":"Region VI","PROVINCE":"Capiz","MUN":"Jamindan","BARANGAY":"Pangabuan","PROJECT_TY":"Rice Processing Center","SUB_TYPE":"RPC 1","RPC_STATUS":"Operational","LATITUDE":11.409994,"LONGITUDE":122.517215,"ORIG_BENEF":"KBK MPC","NEW_BENEF":"Not Applicable","YEARFUNDED":2013.0,"STATUSYEAR":2021.0,"id":"Rice Processing Centers. 24"},"geometry":{"type":"Point","coordinates":[122.517215,11.409994]}},
{"type":"Feature","properties":{"REGION":"Region I","PROVINCE":"Ilocos Sur","MUN":"Candon City","BARANGAY":"Parioc 1st","PROJECT_TY":"Rice Processing Center","SUB_TYPE":"RPC 1","RPC_STATUS":"Operational","LATITUDE":17.1725624,"LONGITUDE":120.4574873,"ORIG_BENEF":"TALUCAMA IA","NEW_BENEF":"Not Applicable","YEARFUNDED":2014.0,"STATUSYEAR":2024.0,"id":"Rice Processing Centers. 25"},"geometry":{"type":"Point","coordinates":[120.4574873,17.1725624]}},
{"type":"Feature","properties":{"REGION":"Region VI","PROVINCE":"Antique","MUN":"Culasi","BARANGAY":"Esperanza","PROJECT_TY":"Rice Processing Center","SUB_TYPE":"RPC 1","RPC_STATUS":"Operational","LATITUDE":11.46627778,"LONGITUDE":122.06725,"ORIG_BENEF":"LAESCALIBAFE IA","NEW_BENEF":"Not Applicable","YEARFUNDED":2013.0,"STATUSYEAR":2021.0,"id":"Rice Processing Centers. 26"},"geometry":{"type":"Point","coordinates":[122.06725,11.46627778]}},
{"type":"Feature","properties":{"REGION":"Region VI","PROVINCE":"Aklan","MUN":"Malinao","BARANGAY":"Rosario","PROJECT_TY":"Rice Processing Center","SUB_TYPE":"RPC 1","RPC_STATUS":"Non Operational","LATITUDE":11.5847009,"LONGITUDE":122.3010064,"ORIG_BENEF":"Rosario Multi-Purpose Cooperative","NEW_BENEF":"Not Applicable","YEARFUNDED":2013.0,"STATUSYEAR":2024.0,"id":"Rice Processing Centers. 27"},"geometry":{"type":"Point","coordinates":[122.3010064,11.5847009]}},
{"type":"Feature","properties":{"REGION":"Region VIII","PROVINCE":"N. Samar","MUN":"Las Navas","BARANGAY":"San Jorge","PROJECT_TY":"Rice Processing Center","SUB_TYPE":"RPC 1","RPC_STATUS":"Non Operational","LATITUDE":12.3284539,"LONGITUDE":125.0559099,"ORIG_BENEF":"Robasan Farmer Irrigator's Association","NEW_BENEF":"Not Applicable","YEARFUNDED":2012.0,"STATUSYEAR":2025.0,"id":"Rice Processing Centers. 28"},"geometry":{"type":"Point","coordinates":[125.0559099,12.3284539]}},
{"type":"Feature","properties":{"REGION":"Region VIII","PROVINCE":"Samar","MUN":"Mondragon","BARANGAY":"Bugko","PROJECT_TY":"Rice Processing Center","SUB_TYPE":"RPC 1","RPC_STATUS":"Operational","LATITUDE":12.52993472,"LONGITUDE":124.7897669,"ORIG_BENEF":"Sitio Palanas Farmers Association","NEW_BENEF":"Not Applicable","YEARFUNDED":2014.0,"STATUSYEAR":2021.0,"id":"Rice Processing Centers. 29"},"geometry":{"type":"Point","coordinates":[124.7897669,12.52993472]}},
{"type":"Feature","properties":{"REGION":"Region VIII","PROVINCE":"Samar","MUN":"Sta. Rita","BARANGAY":"Old Manunca","PROJECT_TY":"Rice Processing Center","SUB_TYPE":"RPC 1","RPC_STATUS":"Non Operational","LATITUDE":11.432157,"LONGITUDE":125.0139004,"ORIG_BENEF":"Old Manunca Farmer's Association","NEW_BENEF":"Not Applicable","YEARFUNDED":2013.0,"STATUSYEAR":2025.0,"id":"Rice Processing Centers. 30"},"geometry":{"type":"Point","coordinates":[125.0139004,11.432157]}},
{"type":"Feature","properties":{"REGION":"Region I","PROVINCE":"Pangasinan","MUN":"Mapandan","BARANGAY":"Poblacion","PROJECT_TY":"Rice Processing Center","SUB_TYPE":"RPC 1","RPC_STATUS":"Non Operational","LATITUDE":16.0023305,"LONGITUDE":120.4821437,"ORIG_BENEF":"Lambayan MPC","NEW_BENEF":"Not Applicable","YEARFUNDED":2017.0,"STATUSYEAR":2024.0,"id":"Rice Processing Centers. 31"},"geometry":{"type":"Point","coordinates":[120.4821437,16.0023305]}},
{"type":"Feature","properties":{"REGION":"Region I","PROVINCE":"Pangasinan","MUN":"Manaoag","BARANGAY":"Oraan East 1","PROJECT_TY":"Rice Processing Center","SUB_TYPE":"RPC 1","RPC_STATUS":"Operational","LATITUDE":16.0094699,"LONGITUDE":120.5104848,"ORIG_BENEF":"Progressive MPC of Oraan East","NEW_BENEF":"Not Applicable","YEARFUNDED":2017.0,"STATUSYEAR":2024.0,"id":"Rice Processing Centers. 32"},"geometry":{"type":"Point","coordinates":[120.5104848,16.0094699]}},
{"type":"Feature","properties":{"REGION":"Region I","PROVINCE":"Pangasinan","MUN":"Natividad","BARANGAY":"Poblacion West","PROJECT_TY":"Rice Processing Center","SUB_TYPE":"RPC 1","RPC_STATUS":"Operational","LATITUDE":16.0289737,"LONGITUDE":120.8046406,"ORIG_BENEF":"Movers MPC","NEW_BENEF":"Not Applicable","YEARFUNDED":2017.0,"STATUSYEAR":2024.0,"id":"Rice Processing Centers. 33"},"geometry":{"type":"Point","coordinates":[120.8046406,16.0289737]}},
{"type":"Feature","properties":{"REGION":"Region I","PROVINCE":"Ilocos Sur","MUN":"Sta. Maria","BARANGAY":"Poblacion Sur","PROJECT_TY":"Rice Processing Center","SUB_TYPE":"RPC 1","RPC_STATUS":"Operational","LATITUDE":17.3630319,"LONGITUDE":120.4842399,"ORIG_BENEF":"Burgos-Sta. Maria Marketing Coop","NEW_BENEF":"Not Applicable","YEARFUNDED":2017.0,"STATUSYEAR":2024.0,"id":"Rice Processing Centers. 34"},"geometry":{"type":"Point","coordinates":[120.4842399,17.3630319]}},
{"type":"Feature","properties":{"REGION":"Region I","PROVINCE":"Pangasinan","MUN":"Balungao","BARANGAY":"Poblacion","PROJECT_TY":"Rice Processing Center","SUB_TYPE":"RPC 3","RPC_STATUS":"On Going Implementation","LATITUDE":15.87632139,"LONGITUDE":120.6818142,"ORIG_BENEF":"Local Government Unit-Balungao, Pangasinan","NEW_BENEF":"Not Applicable","YEARFUNDED":2023.0,"STATUSYEAR":2025.0,"id":"Rice Processing Centers. 35"},"geometry":{"type":"Point","coordinates":[120.6818142,15.87632139]}},
{"type":"Feature","properties":{"REGION":"Region II","PROVINCE":"Isabela","MUN":"Naguilian","BARANGAY":"Magsaysay (Pob.)","PROJECT_TY":"Rice Processing Center","SUB_TYPE":"RPC 3","RPC_STATUS":"On Going Implementation","LATITUDE":17.01948917,"LONGITUDE":121.9005767,"ORIG_BENEF":"Providers MPC","NEW_BENEF":"Not Applicable","YEARFUNDED":2023.0,"STATUSYEAR":2025.0,"id":"Rice Processing Centers. 36"},"geometry":{"type":"Point","coordinates":[121.9005767,17.01948917]}},
{"type":"Feature","properties":{"REGION":"Region III","PROVINCE":"Bulacan","MUN":"Bustos","BARANGAY":"Tanawan","PROJECT_TY":"Rice Processing Center","SUB_TYPE":"RPC 3","RPC_STATUS":"On Going Implementation","LATITUDE":14.96106528,"LONGITUDE":120.9240136,"ORIG_BENEF":"Municipal Local Government Unit of Bustos Bulacan","NEW_BENEF":"Not Applicable","YEARFUNDED":2023.0,"STATUSYEAR":2025.0,"id":"Rice Processing Centers. 37"},"geometry":{"type":"Point","coordinates":[120.9240136,14.96106528]}},
{"type":"Feature","properties":{"REGION":"Region III","PROVINCE":"Tarlac","MUN":"Victoria","BARANGAY":"Masalasa","PROJECT_TY":"Rice Processing Center","SUB_TYPE":"RPC 3","RPC_STATUS":"On Going Implementation","LATITUDE":15.6126218,"LONGITUDE":120.73819,"ORIG_BENEF":"Provincial Local Government Unit of Tarlac","NEW_BENEF":"Not Applicable","YEARFUNDED":2023.0,"STATUSYEAR":2025.0,"id":"Rice Processing Centers. 38"},"geometry":{"type":"Point","coordinates":[120.73819,15.6126218]}},
{"type":"Feature","properties":{"REGION":"Region III","PROVINCE":"Nueva Ecija","MUN":"Cabanatuan City","BARANGAY":"Macatbong","PROJECT_TY":"Rice Processing Center","SUB_TYPE":"RPC 3","RPC_STATUS":"On Going Implementation","LATITUDE":15.49350743,"LONGITUDE":121.0752134,"ORIG_BENEF":"Municipal Local Government Unit of Cabanatuan City","NEW_BENEF":"Not Applicable","YEARFUNDED":2023.0,"STATUSYEAR":2025.0,"id":"Rice Processing Centers. 39"},"geometry":{"type":"Point","coordinates":[121.0752134,15.49350743]}},
{"type":"Feature","properties":{"REGION":"Region III","PROVINCE":"Pampanga","MUN":"Lubao","BARANGAY":"Santa Catalina","PROJECT_TY":"Rice Processing Center","SUB_TYPE":"RPC 3","RPC_STATUS":"On Going Implementation","LATITUDE":14.9038303,"LONGITUDE":120.6039289,"ORIG_BENEF":"Provincial Local Government Unit of Pampanga","NEW_BENEF":"Not Applicable","YEARFUNDED":2023.0,"STATUSYEAR":2025.0,"id":"Rice Processing Centers. 40"},"geometry":{"type":"Point","coordinates":[120.6039289,14.9038303]}},
{"type":"Feature","properties":{"REGION":"Region IV-B","PROVINCE":"Occidental Mindoro","MUN":"Sablayan","BARANGAY":"Paetan","PROJECT_TY":"Rice Processing Center","SUB_TYPE":"RPC 3","RPC_STATUS":"On Going Implementation","LATITUDE":12.8934966,"LONGITUDE":120.8443168,"ORIG_BENEF":"Calumpit Multi-Purpose Coorerative","NEW_BENEF":"Not Applicable","YEARFUNDED":2023.0,"STATUSYEAR":2025.0,"id":"Rice Processing Centers. 41"},"geometry":{"type":"Point","coordinates":[120.8443168,12.8934966]}},
{"type":"Feature","properties":{"REGION":"Region IV-B","PROVINCE":"Oriental Mindoro","MUN":"Roxas","BARANGAY":"Bagumbayan (Pob.);Cantil","PROJECT_TY":"Rice Processing Center","SUB_TYPE":"RPC 3","RPC_STATUS":"On Going Implementation","LATITUDE":12.6261925,"LONGITUDE":121.5056726,"ORIG_BENEF":"Roxas Farmers Agriculture Coopetive","NEW_BENEF":"Not Applicable","YEARFUNDED":2023.0,"STATUSYEAR":2025.0,"id":"Rice Processing Centers. 42"},"geometry":{"type":"Point","coordinates":[121.5056726,12.6261925]}},
{"type":"Feature","properties":{"REGION":"Region V","PROVINCE":"Camarines Sur","MUN":"Bula","BARANGAY":"Causip","PROJECT_TY":"Rice Processing Center","SUB_TYPE":"RPC 3","RPC_STATUS":"On Going Implementation","LATITUDE":13.49954639,"LONGITUDE":123.2885919,"ORIG_BENEF":"Provincial Local Government Unit (PLGU)","NEW_BENEF":"Not Applicable","YEARFUNDED":2023.0,"STATUSYEAR":2025.0,"id":"Rice Processing Centers. 43"},"geometry":{"type":"Point","coordinates":[123.2885919,13.49954639]}},
{"type":"Feature","properties":{"REGION":"Region I","PROVINCE":"Pangasinan","MUN":"Mangatarem","BARANGAY":"Quetegan","PROJECT_TY":"Rice Processing Center","SUB_TYPE":"RPC 1","RPC_STATUS":"Non Operational","LATITUDE":15.820902,"LONGITUDE":120.267429,"ORIG_BENEF":"Quetegan MPC, Inc.","NEW_BENEF":"Not Applicable","YEARFUNDED":2012.0,"STATUSYEAR":2021.0,"id":"Rice Processing Centers. 44"},"geometry":{"type":"Point","coordinates":[120.267429,15.820902]}},
{"type":"Feature","properties":{"REGION":"Region VI","PROVINCE":"Aklan","MUN":"Numancia","BARANGAY":"Tabangka","PROJECT_TY":"Rice Processing Center","SUB_TYPE":"RPC 3","RPC_STATUS":"On Going Implementation","LATITUDE":11.69762333,"LONGITUDE":122.3250564,"ORIG_BENEF":"Ibon Multi - Purpose Cooperative (MPC)","NEW_BENEF":"Not Applicable","YEARFUNDED":2023.0,"STATUSYEAR":2025.0,"id":"Rice Processing Centers. 45"},"geometry":{"type":"Point","coordinates":[122.3250564,11.69762333]}},
{"type":"Feature","properties":{"REGION":"Region I","PROVINCE":"Pangasinan","MUN":"Villasis","BARANGAY":"Unzad","PROJECT_TY":"Rice Processing Center","SUB_TYPE":"RPC 1","RPC_STATUS":"Operational","LATITUDE":15.9176,"LONGITUDE":120.0,"ORIG_BENEF":"Hillside MPC","NEW_BENEF":"Not Applicable","YEARFUNDED":2012.0,"STATUSYEAR":2021.0,"id":"Rice Processing Centers. 46"},"geometry":{"type":"Point","coordinates":[120.0,15.9176]}},
{"type":"Feature","properties":{"REGION":"Region I","PROVINCE":"Pangasinan","MUN":"San Jacinto","BARANGAY":"Labney","PROJECT_TY":"Rice Processing Center","SUB_TYPE":"RPC 1","RPC_STATUS":"Non Operational","LATITUDE":16.101573,"LONGITUDE":120.468349,"ORIG_BENEF":"Luzviminda Salo Irrigators' Association","NEW_BENEF":"Not Applicable","YEARFUNDED":2013.0,"STATUSYEAR":2021.0,"id":"Rice Processing Centers. 47"},"geometry":{"type":"Point","coordinates":[120.468349,16.101573]}},
{"type":"Feature","properties":{"REGION":"Region I","PROVINCE":"Pangasinan","MUN":"Infanta","BARANGAY":"Nangalisan","PROJECT_TY":"Rice Processing Center","SUB_TYPE":"RPC 2","RPC_STATUS":"Non Operational","LATITUDE":15.822953,"LONGITUDE":119.918517,"ORIG_BENEF":"San Felipe CIS","NEW_BENEF":"Not Applicable","YEARFUNDED":2013.0,"STATUSYEAR":2021.0,"id":"Rice Processing Centers. 48"},"geometry":{"type":"Point","coordinates":[119.918517,15.822953]}},
{"type":"Feature","properties":{"REGION":"Region I","PROVINCE":"Pangasinan","MUN":"Alcala","BARANGAY":"Laoac","PROJECT_TY":"Rice Processing Center","SUB_TYPE":"RPC 1","RPC_STATUS":"Non Operational","LATITUDE":15.83745,"LONGITUDE":120.5063194,"ORIG_BENEF":"Self Reliant Team (SRT) Cooperative of Alcala","NEW_BENEF":"Not Applicable","YEARFUNDED":2016.0,"STATUSYEAR":2021.0,"id":"Rice Processing Centers. 49"},"geometry":{"type":"Point","coordinates":[120.5063194,15.83745]}},
{"type":"Feature","properties":{"REGION":"Region I","PROVINCE":"Ilocos Norte","MUN":"Laoag City","BARANGAY":"58 Casili","PROJECT_TY":"Rice Processing Center","SUB_TYPE":"RPC 1","RPC_STATUS":"Non Operational","LATITUDE":16.053634,"LONGITUDE":120.549497,"ORIG_BENEF":"Laoac SIGA TALAGA Marketing Cooperative/ Brgy. Nanbagatan, Laoac, Pangasinan (from Laoag City, Iloco","NEW_BENEF":"Not Applicable","YEARFUNDED":2017.0,"STATUSYEAR":2021.0,"id":"Rice Processing Centers. 50"},"geometry":{"type":"Point","coordinates":[120.549497,16.053634]}},
{"type":"Feature","properties":{"REGION":"Region I","PROVINCE":"Pangasinan","MUN":"Alcala","BARANGAY":"San Pedro Apartado","PROJECT_TY":"Rice Processing Center","SUB_TYPE":"RPC 1","RPC_STATUS":"Operational","LATITUDE":15.847964,"LONGITUDE":120.565325,"ORIG_BENEF":"ABASTO MPC","NEW_BENEF":"Not Applicable","YEARFUNDED":2017.0,"STATUSYEAR":2021.0,"id":"Rice Processing Centers. 51"},"geometry":{"type":"Point","coordinates":[120.565325,15.847964]}},
{"type":"Feature","properties":{"REGION":"Region I","PROVINCE":"Pangasinan","MUN":"Villasis","BARANGAY":"Capulaan","PROJECT_TY":"Rice Processing Center","SUB_TYPE":"RPC 1","RPC_STATUS":"Non Operational","LATITUDE":15.8988747,"LONGITUDE":120.5393649,"ORIG_BENEF":"Capulaan MPC","NEW_BENEF":"Not Applicable","YEARFUNDED":2017.0,"STATUSYEAR":2021.0,"id":"Rice Processing Centers. 52"},"geometry":{"type":"Point","coordinates":[120.5393649,15.8988747]}},
{"type":"Feature","properties":{"REGION":"Region II","PROVINCE":"Isabela","MUN":"Quezon","BARANGAY":"Abut","PROJECT_TY":"Rice Processing Center","SUB_TYPE":"RPC 1","RPC_STATUS":"Operational","LATITUDE":17.0757142,"LONGITUDE":121.6135037,"ORIG_BENEF":"Epiphany Multi-Purpose Cooperative","NEW_BENEF":"Not Applicable","YEARFUNDED":2012.0,"STATUSYEAR":2025.0,"id":"Rice Processing Centers. 53"},"geometry":{"type":"Point","coordinates":[121.6135037,17.0757142]}},
{"type":"Feature","properties":{"REGION":"Region II","PROVINCE":"Isabela","MUN":"Alicia","BARANGAY":"Rizal","PROJECT_TY":"Rice Processing Center","SUB_TYPE":"RPC 2","RPC_STATUS":"Non Operational","LATITUDE":16.8273877,"LONGITUDE":121.6967706,"ORIG_BENEF":"LGU-Alicia/Alicia Government Employees Cooperative","NEW_BENEF":"Not Applicable","YEARFUNDED":2012.0,"STATUSYEAR":2025.0,"id":"Rice Processing Centers. 54"},"geometry":{"type":"Point","coordinates":[121.6967706,16.8273877]}},
{"type":"Feature","properties":{"REGION":"Region II","PROVINCE":"Isabela","MUN":"Ramon","BARANGAY":"Villa Carmen","PROJECT_TY":"Rice Processing Center","SUB_TYPE":"RPC 1","RPC_STATUS":"Non Operational","LATITUDE":16.7424907,"LONGITUDE":121.4968131,"ORIG_BENEF":"OC # 1, Council of Irrigators Association","NEW_BENEF":"Not Applicable","YEARFUNDED":2012.0,"STATUSYEAR":2025.0,"id":"Rice Processing Centers. 55"},"geometry":{"type":"Point","coordinates":[121.4968131,16.7424907]}},
{"type":"Feature","properties":{"REGION":"Region II","PROVINCE":"Isabela","MUN":"Santiago City","BARANGAY":"Rizal","PROJECT_TY":"Rice Processing Center","SUB_TYPE":"RPC 1","RPC_STATUS":"Non Operational","LATITUDE":16.7137294,"LONGITUDE":121.5454121,"ORIG_BENEF":"Santiago Amos Credit Dev't Coop.","NEW_BENEF":"Not Applicable","YEARFUNDED":2012.0,"STATUSYEAR":2025.0,"id":"Rice Processing Centers. 56"},"geometry":{"type":"Point","coordinates":[121.5454121,16.7137294]}},
{"type":"Feature","properties":{"REGION":"Region II","PROVINCE":"Isabela","MUN":"Cauayan City","BARANGAY":"Alinam","PROJECT_TY":"Rice Processing Center","SUB_TYPE":"RPC 2","RPC_STATUS":"Non Operational","LATITUDE":16.8633079,"LONGITUDE":121.7559889,"ORIG_BENEF":"Isabela Seed Growers MPC,","NEW_BENEF":"Not Applicable","YEARFUNDED":2012.0,"STATUSYEAR":2025.0,"id":"Rice Processing Centers. 57"},"geometry":{"type":"Point","coordinates":[121.7559889,16.8633079]}},
{"type":"Feature","properties":{"REGION":"Region II","PROVINCE":"Nueva Vizcaya","MUN":"San Luis","BARANGAY":"Solano","PROJECT_TY":"Rice Processing Center","SUB_TYPE":"RPC 1","RPC_STATUS":"Operational","LATITUDE":16.5290148,"LONGITUDE":121.1845862,"ORIG_BENEF":"Nueva Vizcaya Alay Kapwa MPC","NEW_BENEF":"Not Applicable","YEARFUNDED":2017.0,"STATUSYEAR":2025.0,"id":"Rice Processing Centers. 58"},"geometry":{"type":"Point","coordinates":[121.1845862,16.5290148]}},
{"type":"Feature","properties":{"REGION":"Region II","PROVINCE":"Cagayan","MUN":"Sampaguita","BARANGAY":"Solana","PROJECT_TY":"Rice Processing Center","SUB_TYPE":"RPC 1","RPC_STATUS":"Non Operational","LATITUDE":17.3343269,"LONGITUDE":121.6032285,"ORIG_BENEF":"Cagayan Valley Development Coop","NEW_BENEF":"Not Applicable","YEARFUNDED":2017.0,"STATUSYEAR":2025.0,"id":"Rice Processing Centers. 59"},"geometry":{"type":"Point","coordinates":[121.6032285,17.3343269]}},
{"type":"Feature","properties":{"REGION":"Region III","PROVINCE":"Pampanga","MUN":"Sta. Ana","BARANGAY":"Sta. Lucia","PROJECT_TY":"Rice Processing Center","SUB_TYPE":"RPC 1","RPC_STATUS":"Non Operational","LATITUDE":15.0931859,"LONGITUDE":120.7872392,"ORIG_BENEF":"Sta. Ana Agricultural Multi Purpose Cooperative","NEW_BENEF":"Not Applicable","YEARFUNDED":2012.0,"STATUSYEAR":2024.0,"id":"Rice Processing Centers. 60"},"geometry":{"type":"Point","coordinates":[120.7872392,15.0931859]}},
{"type":"Feature","properties":{"REGION":"Region III","PROVINCE":"Pampanga","MUN":"Lubao","BARANGAY":"San Pablo 1st","PROJECT_TY":"Rice Processing Center","SUB_TYPE":"RPC 1","RPC_STATUS":"Non Operational","LATITUDE":14.9237816,"LONGITUDE":120.5346306,"ORIG_BENEF":"Kapampangan Fisheries Vegetable Corn and Palay Seed Growers Association, Inc.","NEW_BENEF":"Not Applicable","YEARFUNDED":2012.0,"STATUSYEAR":2024.0,"id":"Rice Processing Centers. 61"},"geometry":{"type":"Point","coordinates":[120.5346306,14.9237816]}},
{"type":"Feature","properties":{"REGION":"Region III","PROVINCE":"Bataan","MUN":"Hermosa","BARANGAY":"Mambog-Mandama","PROJECT_TY":"Rice Processing Center","SUB_TYPE":"RPC 1","RPC_STATUS":"Non Operational","LATITUDE":14.8152442,"LONGITUDE":120.4792293,"ORIG_BENEF":"Hermosa United Farmers Producer Cooperative","NEW_BENEF":"Not Applicable","YEARFUNDED":2013.0,"STATUSYEAR":2024.0,"id":"Rice Processing Centers. 62"},"geometry":{"type":"Point","coordinates":[120.4792293,14.8152442]}},
{"type":"Feature","properties":{"REGION":"Region III","PROVINCE":"Bataan","MUN":"Balanga City","BARANGAY":"Cataning","PROJECT_TY":"Rice Processing Center","SUB_TYPE":"RPC 1","RPC_STATUS":"Operational","LATITUDE":14.6650222,"LONGITUDE":120.5187287,"ORIG_BENEF":"Greater Bani Multipurpose Cooperative","NEW_BENEF":"Not Applicable","YEARFUNDED":2013.0,"STATUSYEAR":2024.0,"id":"Rice Processing Centers. 63"},"geometry":{"type":"Point","coordinates":[120.5187287,14.6650222]}},
{"type":"Feature","properties":{"REGION":"Region III","PROVINCE":"Zambales","MUN":"Botolan","BARANGAY":"Santiago","PROJECT_TY":"Rice Processing Center","SUB_TYPE":"RPC 1","RPC_STATUS":"Non Operational","LATITUDE":15.3029411,"LONGITUDE":120.0249461,"ORIG_BENEF":"Zambales Federation of Irrigatorsï¿½ Association","NEW_BENEF":"Not Applicable","YEARFUNDED":2012.0,"STATUSYEAR":2024.0,"id":"Rice Processing Centers. 64"},"geometry":{"type":"Point","coordinates":[120.0249461,15.3029411]}},
{"type":"Feature","properties":{"REGION":"Region III","PROVINCE":"Tarlac","MUN":"Tarlac City","BARANGAY":"Amucao","PROJECT_TY":"Rice Processing Center","SUB_TYPE":"RPC 1","RPC_STATUS":"Non Operational","LATITUDE":15.4650398,"LONGITUDE":120.6871934,"ORIG_BENEF":"Amucao Seed Growers Agro-Industrial Cooperative (ASGAIC)","NEW_BENEF":"Not Applicable","YEARFUNDED":2012.0,"STATUSYEAR":2024.0,"id":"Rice Processing Centers. 65"},"geometry":{"type":"Point","coordinates":[120.6871934,15.4650398]}},
{"type":"Feature","properties":{"REGION":"Region III","PROVINCE":"Tarlac","MUN":"San Manuel","BARANGAY":"San Miguel","PROJECT_TY":"Rice Processing Center","SUB_TYPE":"RPC 1","RPC_STATUS":"Non Operational","LATITUDE":15.7976013,"LONGITUDE":120.5926449,"ORIG_BENEF":"Federation of Agricultural Cooperative of Tarlac","NEW_BENEF":"Not Applicable","YEARFUNDED":2012.0,"STATUSYEAR":2024.0,"id":"Rice Processing Centers. 66"},"geometry":{"type":"Point","coordinates":[120.5926449,15.7976013]}},
{"type":"Feature","properties":{"REGION":"Region III","PROVINCE":"Nueva Ecija","MUN":"Talavera","BARANGAY":"Brgy. Bantug","PROJECT_TY":"Rice Processing Center","SUB_TYPE":"RPC 1","RPC_STATUS":"Non Operational","LATITUDE":15.5625013,"LONGITUDE":120.9194944,"ORIG_BENEF":"Bantug Agricultural Multi-Purpose Cooperative (BAMC)","NEW_BENEF":"Not Applicable","YEARFUNDED":2012.0,"STATUSYEAR":2024.0,"id":"Rice Processing Centers. 67"},"geometry":{"type":"Point","coordinates":[120.9194944,15.5625013]}},
{"type":"Feature","properties":{"REGION":"Region III","PROVINCE":"Nueva Ecija","MUN":"Licab","BARANGAY":"Brgy. Aquino","PROJECT_TY":"Rice Processing Center","SUB_TYPE":"RPC 2","RPC_STATUS":"Non Operational","LATITUDE":15.5196333,"LONGITUDE":120.7565151,"ORIG_BENEF":"Barangay Aquino Development Cooperative","NEW_BENEF":"Not Applicable","YEARFUNDED":2013.0,"STATUSYEAR":2024.0,"id":"Rice Processing Centers. 68"},"geometry":{"type":"Point","coordinates":[120.7565151,15.5196333]}},
{"type":"Feature","properties":{"REGION":"Region III","PROVINCE":"Nueva Ecija","MUN":"Sto. Domingo","BARANGAY":"Brgy. Mabini","PROJECT_TY":"Rice Processing Center","SUB_TYPE":"RPC 2","RPC_STATUS":"Operational","LATITUDE":15.6669266,"LONGITUDE":120.9103489,"ORIG_BENEF":"Bagong Buhay Mabini ng Multi-Purpose Cooperative","NEW_BENEF":"Not Applicable","YEARFUNDED":2012.0,"STATUSYEAR":2024.0,"id":"Rice Processing Centers. 69"},"geometry":{"type":"Point","coordinates":[120.9103489,15.6669266]}},
{"type":"Feature","properties":{"REGION":"Region III","PROVINCE":"Nueva Ecija","MUN":"Gapan City","BARANGAY":"Brgy. Sto. Cristo Sur","PROJECT_TY":"Rice Processing Center","SUB_TYPE":"RPC 1","RPC_STATUS":"Non Operational","LATITUDE":15.2672302,"LONGITUDE":120.956423,"ORIG_BENEF":"South Nueva Ecija Seed Growers Multi-Purpose Cooperative","NEW_BENEF":"Not Applicable","YEARFUNDED":2013.0,"STATUSYEAR":2024.0,"id":"Rice Processing Centers. 70"},"geometry":{"type":"Point","coordinates":[120.956423,15.2672302]}},
{"type":"Feature","properties":{"REGION":"Region III","PROVINCE":"Nueva Ecija","MUN":"General Mamerto Natividad","BARANGAY":"Brgy. Talabutab Norte","PROJECT_TY":"Rice Processing Center","SUB_TYPE":"RPC 2","RPC_STATUS":"Non Operational","LATITUDE":15.5850671,"LONGITUDE":121.0699813,"ORIG_BENEF":"Talabutab Norte PMPC","NEW_BENEF":"Not Applicable","YEARFUNDED":2013.0,"STATUSYEAR":2024.0,"id":"Rice Processing Centers. 71"},"geometry":{"type":"Point","coordinates":[121.0699813,15.5850671]}},
{"type":"Feature","properties":{"REGION":"Region III","PROVINCE":"Bulacan","MUN":"San Rafael","BARANGAY":"Brgy. Pinacpinacan","PROJECT_TY":"Rice Processing Center","SUB_TYPE":"RPC 1","RPC_STATUS":"Non Operational","LATITUDE":14.9893917,"LONGITUDE":120.92056,"ORIG_BENEF":"Crusada Farmers Livelihood and Development Association","NEW_BENEF":"Not Applicable","YEARFUNDED":2013.0,"STATUSYEAR":2024.0,"id":"Rice Processing Centers. 72"},"geometry":{"type":"Point","coordinates":[120.92056,14.9893917]}},
{"type":"Feature","properties":{"REGION":"Region III","PROVINCE":"Bulacan","MUN":"Pulilan","BARANGAY":"Brgy. Poblacion","PROJECT_TY":"Rice Processing Center","SUB_TYPE":"RPC 1","RPC_STATUS":"Non Operational","LATITUDE":14.9127267,"LONGITUDE":120.84622,"ORIG_BENEF":"Pulilan Rice and Vegetable Producer Cooperative","NEW_BENEF":"Not Applicable","YEARFUNDED":2012.0,"STATUSYEAR":2024.0,"id":"Rice Processing Centers. 73"},"geometry":{"type":"Point","coordinates":[120.84622,14.9127267]}},
{"type":"Feature","properties":{"REGION":"Region III","PROVINCE":"Nueva Ecija","MUN":"Sto. Domingo","BARANGAY":"Brgy. Dolores","PROJECT_TY":"Rice Processing Center","SUB_TYPE":"RPC 1","RPC_STATUS":"Non Operational","LATITUDE":15.5635131,"LONGITUDE":120.8911963,"ORIG_BENEF":"Anak Bukid Primary Multi-Purpose Cooperative","NEW_BENEF":"Not Applicable","YEARFUNDED":2013.0,"STATUSYEAR":2024.0,"id":"Rice Processing Centers. 74"},"geometry":{"type":"Point","coordinates":[120.8911963,15.5635131]}},
{"type":"Feature","properties":{"REGION":"Region III","PROVINCE":"Pampanga","MUN":"Mexico","BARANGAY":"Brgy. Suklaban","PROJECT_TY":"Rice Processing Center","SUB_TYPE":"RPC 3","RPC_STATUS":"Operational","LATITUDE":15.1365246,"LONGITUDE":120.647101,"ORIG_BENEF":"Macupa Multi-Purpose Cooperative","NEW_BENEF":"Not Applicable","YEARFUNDED":2012.0,"STATUSYEAR":2024.0,"id":"Rice Processing Centers. 75"},"geometry":{"type":"Point","coordinates":[120.647101,15.1365246]}},
{"type":"Feature","properties":{"REGION":"Region III","PROVINCE":"Aurora","MUN":"Casiguran","BARANGAY":"Brgy. Tinib","PROJECT_TY":"Rice Processing Center","SUB_TYPE":"RPC 1","RPC_STATUS":"Non Operational","LATITUDE":16.277932,"LONGITUDE":122.1007813,"ORIG_BENEF":"Tinib Farmers Assoc","NEW_BENEF":"Not Applicable","YEARFUNDED":2012.0,"STATUSYEAR":2021.0,"id":"Rice Processing Centers. 76"},"geometry":{"type":"Point","coordinates":[122.1007813,16.277932]}},
{"type":"Feature","properties":{"REGION":"Region III","PROVINCE":"Aurora","MUN":"Dipaculao","BARANGAY":"Brgy. Mucdol","PROJECT_TY":"Rice Processing Center","SUB_TYPE":"RPC 2","RPC_STATUS":"Operational","LATITUDE":15.8218557,"LONGITUDE":121.5094861,"ORIG_BENEF":"Dinadiawan Integrated Resources MPCI,","NEW_BENEF":"Not Applicable","YEARFUNDED":2012.0,"STATUSYEAR":2021.0,"id":"Rice Processing Centers. 77"},"geometry":{"type":"Point","coordinates":[121.5094861,15.8218557]}},
{"type":"Feature","properties":{"REGION":"Region IV-A","PROVINCE":"Laguna","MUN":"Sta. Maria","BARANGAY":"Brgy. Kayhakat","PROJECT_TY":"Rice Processing Center","SUB_TYPE":"RPC 1","RPC_STATUS":"Non Operational","LATITUDE":14.468895,"LONGITUDE":121.416248,"ORIG_BENEF":"SANTAMASI Irrigator's Association, Inc.","NEW_BENEF":"Not Applicable","YEARFUNDED":2012.0,"STATUSYEAR":2025.0,"id":"Rice Processing Centers. 78"},"geometry":{"type":"Point","coordinates":[121.416248,14.468895]}},
{"type":"Feature","properties":{"REGION":"Region IV-A","PROVINCE":"Laguna","MUN":"Victoria","BARANGAY":"Brgy. San Benito","PROJECT_TY":"Rice Processing Center","SUB_TYPE":"RPC 1","RPC_STATUS":"Non Operational","LATITUDE":14.195664,"LONGITUDE":121.31413,"ORIG_BENEF":"San Benito Irrigators Association","NEW_BENEF":"Not Applicable","YEARFUNDED":2012.0,"STATUSYEAR":2025.0,"id":"Rice Processing Centers. 79"},"geometry":{"type":"Point","coordinates":[121.31413,14.195664]}},
{"type":"Feature","properties":{"REGION":"Region IV-A","PROVINCE":"Laguna","MUN":"Pagsanjan","BARANGAY":"Brgy. Sampaloc","PROJECT_TY":"Rice Processing Center","SUB_TYPE":"RPC 1","RPC_STATUS":"Non Operational","LATITUDE":14.260984,"LONGITUDE":121.443063,"ORIG_BENEF":"Balanac River Irrigation System Irrigators Association","NEW_BENEF":"Not Applicable","YEARFUNDED":2014.0,"STATUSYEAR":2025.0,"id":"Rice Processing Centers. 80"},"geometry":{"type":"Point","coordinates":[121.443063,14.260984]}},
{"type":"Feature","properties":{"REGION":"Region IV-A","PROVINCE":"Quezon","MUN":"Sariaya","BARANGAY":"Brgy. Tumbaga","PROJECT_TY":"Rice Processing Center","SUB_TYPE":"RPC 1","RPC_STATUS":"Non Operational","LATITUDE":13.934695,"LONGITUDE":121.529052,"ORIG_BENEF":"Tumbaga 1, Bucal Irrigators Association (TIBIA), INC.,","NEW_BENEF":"Not Applicable","YEARFUNDED":2013.0,"STATUSYEAR":2025.0,"id":"Rice Processing Centers. 81"},"geometry":{"type":"Point","coordinates":[121.529052,13.934695]}},
{"type":"Feature","properties":{"REGION":"Region IV-A","PROVINCE":"Quezon","MUN":"Alabat","BARANGAY":"Brgy. Bacong","PROJECT_TY":"Rice Processing Center","SUB_TYPE":"RPC 1","RPC_STATUS":"Operational","LATITUDE":14.117821,"LONGITUDE":122.013425,"ORIG_BENEF":"Langgas Irrig Assoc Inc","NEW_BENEF":"Not Applicable","YEARFUNDED":2012.0,"STATUSYEAR":2021.0,"id":"Rice Processing Centers. 82"},"geometry":{"type":"Point","coordinates":[122.013425,14.117821]}},
{"type":"Feature","properties":{"REGION":"Region IV-A","PROVINCE":"Quezon","MUN":"Lucena City","BARANGAY":"Brgy. Ibabang Talim","PROJECT_TY":"Rice Processing Center","SUB_TYPE":"RPC 2","RPC_STATUS":"Non Operational","LATITUDE":13.919012,"LONGITUDE":121.577932,"ORIG_BENEF":"Ibabang Talim FA, Inc","NEW_BENEF":"Not Applicable","YEARFUNDED":2013.0,"STATUSYEAR":2025.0,"id":"Rice Processing Centers. 83"},"geometry":{"type":"Point","coordinates":[121.577932,13.919012]}},
{"type":"Feature","properties":{"REGION":"Region IV-A","PROVINCE":"Rizal","MUN":"Morong","BARANGAY":"Brgy. Maybancal","PROJECT_TY":"Rice Processing Center","SUB_TYPE":"RPC 1","RPC_STATUS":"Non Operational","LATITUDE":14.5255593,"LONGITUDE":121.23804,"ORIG_BENEF":"Rizal Rice Seed Growers Multi-Purpose Cooperative","NEW_BENEF":"Not Applicable","YEARFUNDED":2014.0,"STATUSYEAR":2025.0,"id":"Rice Processing Centers. 84"},"geometry":{"type":"Point","coordinates":[121.23804,14.5255593]}},
{"type":"Feature","properties":{"REGION":"Region IV-A","PROVINCE":"Quezon","MUN":"Infanta","BARANGAY":null,"PROJECT_TY":"Rice Processing Center","SUB_TYPE":"RPC 1","RPC_STATUS":"Non Operational","LATITUDE":14.734889,"LONGITUDE":121.6053972,"ORIG_BENEF":"General Nakar Producers Cooperative (INGENPC)","NEW_BENEF":"Not Applicable","YEARFUNDED":2017.0,"STATUSYEAR":2025.0,"id":"Rice Processing Centers. 85"},"geometry":{"type":"Point","coordinates":[121.6053972,14.734889]}},
{"type":"Feature","properties":{"REGION":"Region IV-B","PROVINCE":"Oriental Mindoro","MUN":"Naujan","BARANGAY":"Tigkan","PROJECT_TY":"Rice Processing Center","SUB_TYPE":"RPC 1","RPC_STATUS":"Operational","LATITUDE":13.2957434,"LONGITUDE":121.1886877,"ORIG_BENEF":"Naujan Federation of Farmer's Association / Naujan Farmer's  Association","NEW_BENEF":"Not Applicable","YEARFUNDED":2012.0,"STATUSYEAR":2025.0,"id":"Rice Processing Centers. 86"},"geometry":{"type":"Point","coordinates":[121.1886877,13.2957434]}},
{"type":"Feature","properties":{"REGION":"CAR","PROVINCE":"Mountain Province","MUN":"Paracelis","BARANGAY":"Bantay","PROJECT_TY":"Rice Processing Center","SUB_TYPE":"RPC 1","RPC_STATUS":"Operational","LATITUDE":17.0895,"LONGITUDE":120.96012,"ORIG_BENEF":"Labay RIC and Farmers MPC","NEW_BENEF":"Not Applicable","YEARFUNDED":2012.0,"STATUSYEAR":2021.0,"id":"Rice Processing Centers. 87"},"geometry":{"type":"Point","coordinates":[120.96012,17.0895]}},
{"type":"Feature","properties":{"REGION":"Region IV-B","PROVINCE":"Oriental Mindoro","MUN":"Bansud","BARANGAY":"Altadesma","PROJECT_TY":"Rice Processing Center","SUB_TYPE":"RPC 1","RPC_STATUS":"Operational","LATITUDE":12.8450062,"LONGITUDE":121.4473386,"ORIG_BENEF":"Bansud Livestock Multi-Purpose Cooperative","NEW_BENEF":"Not Applicable","YEARFUNDED":2013.0,"STATUSYEAR":2025.0,"id":"Rice Processing Centers. 88"},"geometry":{"type":"Point","coordinates":[121.4473386,12.8450062]}},
{"type":"Feature","properties":{"REGION":"Region IV-B","PROVINCE":"Oriental Mindoro","MUN":"Bongabong","BARANGAY":"Sagana","PROJECT_TY":"Rice Processing Center","SUB_TYPE":"RPC 3","RPC_STATUS":"Operational","LATITUDE":12.71317,"LONGITUDE":121.4806,"ORIG_BENEF":"LGU Bongabong / Mindoro Rice Processing Center Association","NEW_BENEF":"Not Applicable","YEARFUNDED":2011.0,"STATUSYEAR":2025.0,"id":"Rice Processing Centers. 89"},"geometry":{"type":"Point","coordinates":[121.4806,12.71317]}},
{"type":"Feature","properties":{"REGION":"Region IV-B","PROVINCE":"Oriental Mindoro","MUN":"Roxas","BARANGAY":"San Aquilino","PROJECT_TY":"Rice Processing Center","SUB_TYPE":"RPC 1","RPC_STATUS":"Non Operational","LATITUDE":12.5863069,"LONGITUDE":121.4871235,"ORIG_BENEF":"Bukluran Multi-Purpose Cooperative","NEW_BENEF":"Not Applicable","YEARFUNDED":2016.0,"STATUSYEAR":2025.0,"id":"Rice Processing Centers. 90"},"geometry":{"type":"Point","coordinates":[121.4871235,12.5863069]}},
{"type":"Feature","properties":{"REGION":"Region IV-B","PROVINCE":"Occidental Mindoro","MUN":"San Jose","BARANGAY":"Central","PROJECT_TY":"Rice Processing Center","SUB_TYPE":"RPC 2","RPC_STATUS":"Non Operational","LATITUDE":12.4306122,"LONGITUDE":121.047551,"ORIG_BENEF":"Central San Jose Coop Federation","NEW_BENEF":"Not Applicable","YEARFUNDED":2012.0,"STATUSYEAR":2025.0,"id":"Rice Processing Centers. 91"},"geometry":{"type":"Point","coordinates":[121.047551,12.4306122]}},
{"type":"Feature","properties":{"REGION":"Region IV-B","PROVINCE":"Occidental Mindoro","MUN":"Rizal","BARANGAY":"Magsikap","PROJECT_TY":"Rice Processing Center","SUB_TYPE":"RPC 1","RPC_STATUS":"Non Operational","LATITUDE":12.5037666,"LONGITUDE":120.9797337,"ORIG_BENEF":"Pagpapaunlad Kita Multi-Purpose Cooperative kilusang Bayan sa Gawain (PAKIKIBAGAI)","NEW_BENEF":"Not Applicable","YEARFUNDED":2012.0,"STATUSYEAR":2025.0,"id":"Rice Processing Centers. 92"},"geometry":{"type":"Point","coordinates":[120.9797337,12.5037666]}},
{"type":"Feature","properties":{"REGION":"Region I","PROVINCE":"Pangasinan","MUN":"San Quintin","BARANGAY":"Alac","PROJECT_TY":"Rice Processing Center","SUB_TYPE":"RPC 1","RPC_STATUS":"Operational","LATITUDE":15.9667597,"LONGITUDE":120.7598298,"ORIG_BENEF":"Saint Paschal Baylon MPC","NEW_BENEF":"Not Applicable","YEARFUNDED":2012.0,"STATUSYEAR":2024.0,"id":"Rice Processing Centers. 93"},"geometry":{"type":"Point","coordinates":[120.7598298,15.9667597]}},
{"type":"Feature","properties":{"REGION":"Region IV-B","PROVINCE":"Occidental Mindoro","MUN":"Sablayan","BARANGAY":"Ligaya","PROJECT_TY":"Rice Processing Center","SUB_TYPE":"RPC 1","RPC_STATUS":"Non Operational","LATITUDE":12.7255522,"LONGITUDE":120.854651,"ORIG_BENEF":"Ligaya Multi-Purpose Cooperative","NEW_BENEF":"Not Applicable","YEARFUNDED":2013.0,"STATUSYEAR":2025.0,"id":"Rice Processing Centers. 94"},"geometry":{"type":"Point","coordinates":[120.854651,12.7255522]}},
{"type":"Feature","properties":{"REGION":"Region IV-B","PROVINCE":"Occidental Mindoro","MUN":"Mamburao","BARANGAY":"Tangkalan","PROJECT_TY":"Rice Processing Center","SUB_TYPE":"RPC 2","RPC_STATUS":"Operational","LATITUDE":13.2669061,"LONGITUDE":120.6217832,"ORIG_BENEF":"Mindoro Progresssive Multi-Purpose Cooperative","NEW_BENEF":"Not Applicable","YEARFUNDED":2017.0,"STATUSYEAR":2025.0,"id":"Rice Processing Centers. 95"},"geometry":{"type":"Point","coordinates":[120.6217832,13.2669061]}},
{"type":"Feature","properties":{"REGION":"Region IV-B","PROVINCE":"Occidental Mindoro","MUN":"Lubang","BARANGAY":"Tagbac","PROJECT_TY":"Rice Processing Center","SUB_TYPE":"RPC 1","RPC_STATUS":"Operational","LATITUDE":13.817999,"LONGITUDE":120.110451,"ORIG_BENEF":"Lubang United Farmers Association","NEW_BENEF":"Not Applicable","YEARFUNDED":2018.0,"STATUSYEAR":2021.0,"id":"Rice Processing Centers. 96"},"geometry":{"type":"Point","coordinates":[120.110451,13.817999]}},
{"type":"Feature","properties":{"REGION":"Region V","PROVINCE":"Albay","MUN":"Polangui","BARANGAY":"Brgy. Balinad","PROJECT_TY":"Rice Processing Center","SUB_TYPE":"RPC 2","RPC_STATUS":"Operational","LATITUDE":13.292398,"LONGITUDE":123.547007,"ORIG_BENEF":"Hibiga River Irrigation System Irrigators Association, Inc. (HRISIA)","NEW_BENEF":"Not Applicable","YEARFUNDED":2012.0,"STATUSYEAR":2025.0,"id":"Rice Processing Centers. 97"},"geometry":{"type":"Point","coordinates":[123.547007,13.292398]}},
{"type":"Feature","properties":{"REGION":"Region V","PROVINCE":"Camarines Norte","MUN":"Daet","BARANGAY":"Brgy. Cubangbang","PROJECT_TY":"Rice Processing Center","SUB_TYPE":"RPC 1","RPC_STATUS":"Operational","LATITUDE":14.105133,"LONGITUDE":122.962702,"ORIG_BENEF":"Masicap Multi-Purpose Cooperative","NEW_BENEF":"Not Applicable","YEARFUNDED":2013.0,"STATUSYEAR":2021.0,"id":"Rice Processing Centers. 98"},"geometry":{"type":"Point","coordinates":[122.962702,14.105133]}},
{"type":"Feature","properties":{"REGION":"Region V","PROVINCE":"Camarines Norte","MUN":"Talisay","BARANGAY":"Brgy. Itomang","PROJECT_TY":"Rice Processing Center","SUB_TYPE":"RPC 2","RPC_STATUS":"Operational","LATITUDE":14.123863,"LONGITUDE":122.935945,"ORIG_BENEF":"Ambos Camarines Consumers Cooperative","NEW_BENEF":"Not Applicable","YEARFUNDED":2014.0,"STATUSYEAR":2021.0,"id":"Rice Processing Centers. 99"},"geometry":{"type":"Point","coordinates":[122.935945,14.123863]}},
{"type":"Feature","properties":{"REGION":"Region V","PROVINCE":"Camarines Sur","MUN":"Buhi","BARANGAY":"Brgy. San Antonio","PROJECT_TY":"Rice Processing Center","SUB_TYPE":"RPC 1","RPC_STATUS":"Operational","LATITUDE":13.356667,"LONGITUDE":123.509692,"ORIG_BENEF":"San Antonio Farmers Irrigators MPC (SAFIMCO)","NEW_BENEF":"Not Applicable","YEARFUNDED":2012.0,"STATUSYEAR":2025.0,"id":"Rice Processing Centers. 100"},"geometry":{"type":"Point","coordinates":[123.509692,13.356667]}},
{"type":"Feature","properties":{"REGION":"Region V","PROVINCE":"Camarines Sur","MUN":"Libmanan","BARANGAY":"Brgy. Handong","PROJECT_TY":"Rice Processing Center","SUB_TYPE":"RPC 2","RPC_STATUS":"Operational","LATITUDE":13.6876681,"LONGITUDE":123.071835,"ORIG_BENEF":"Oragon Farmers Agriculture Cooperative (Formerly SKK Organic Farmers Assn. (SKKOFA) Libmanan Chapter","NEW_BENEF":"Not Applicable","YEARFUNDED":2012.0,"STATUSYEAR":2025.0,"id":"Rice Processing Centers. 101"},"geometry":{"type":"Point","coordinates":[123.071835,13.6876681]}},
{"type":"Feature","properties":{"REGION":"Region V","PROVINCE":"Camarines Sur","MUN":"Pili","BARANGAY":"Brgy. San Agustin, Pili","PROJECT_TY":"Rice Processing Center","SUB_TYPE":"RPC 1","RPC_STATUS":"Operational","LATITUDE":13.576142,"LONGITUDE":123.277281,"ORIG_BENEF":"Pili Farmers Palay Seed Growers Coop.","NEW_BENEF":"Not Applicable","YEARFUNDED":2013.0,"STATUSYEAR":2021.0,"id":"Rice Processing Centers. 102"},"geometry":{"type":"Point","coordinates":[123.277281,13.576142]}},
{"type":"Feature","properties":{"REGION":"Region V","PROVINCE":"Camarines Sur","MUN":"Minalabac","BARANGAY":"Brgy. Tariric, Minalabac","PROJECT_TY":"Rice Processing Center","SUB_TYPE":"RPC 1","RPC_STATUS":"Operational","LATITUDE":13.5697027,"LONGITUDE":123.22077,"ORIG_BENEF":"Camarines Sur Multi-Purpose Cooperative","NEW_BENEF":"Not Applicable","YEARFUNDED":2013.0,"STATUSYEAR":2025.0,"id":"Rice Processing Centers. 103"},"geometry":{"type":"Point","coordinates":[123.22077,13.5697027]}},
{"type":"Feature","properties":{"REGION":"Region V","PROVINCE":"Camarines Sur","MUN":"Bula","BARANGAY":"Brgy. Pecuaria, Bula","PROJECT_TY":"Rice Processing Center","SUB_TYPE":"RPC 1","RPC_STATUS":"Operational","LATITUDE":13.5074947,"LONGITUDE":123.3085045,"ORIG_BENEF":"Pecuaria Development Cooperative","NEW_BENEF":"Not Applicable","YEARFUNDED":2013.0,"STATUSYEAR":2025.0,"id":"Rice Processing Centers. 104"},"geometry":{"type":"Point","coordinates":[123.3085045,13.5074947]}},
{"type":"Feature","properties":{"REGION":"Region V","PROVINCE":"Camarines Sur","MUN":"Bula","BARANGAY":"Brgy. San Ramon, Bula","PROJECT_TY":"Rice Processing Center","SUB_TYPE":"RPC 1","RPC_STATUS":"Operational","LATITUDE":13.4947041,"LONGITUDE":123.2276888,"ORIG_BENEF":"San Agustin-San Ramon Farmers Cooperative (SARFC)","NEW_BENEF":"Not Applicable","YEARFUNDED":2013.0,"STATUSYEAR":2025.0,"id":"Rice Processing Centers. 105"},"geometry":{"type":"Point","coordinates":[123.2276888,13.4947041]}},
{"type":"Feature","properties":{"REGION":"Region V","PROVINCE":"Camarines Sur","MUN":"Magarao","BARANGAY":"Brgy. Casuray, Magarao","PROJECT_TY":"Rice Processing Center","SUB_TYPE":"RPC 2","RPC_STATUS":"Operational","LATITUDE":13.6658826,"LONGITUDE":123.1350099,"ORIG_BENEF":"Magarao Multi-Purpose Cooperative","NEW_BENEF":"Not Applicable","YEARFUNDED":2013.0,"STATUSYEAR":2025.0,"id":"Rice Processing Centers. 106"},"geometry":{"type":"Point","coordinates":[123.1350099,13.6658826]}},
{"type":"Feature","properties":{"REGION":"Region V","PROVINCE":"Camarines Sur","MUN":"Calabanga","BARANGAY":"Brgy. Paolbo, Calabanga","PROJECT_TY":"Rice Processing Center","SUB_TYPE":"RPC 1","RPC_STATUS":"Non Operational","LATITUDE":13.714478,"LONGITUDE":123.238934,"ORIG_BENEF":"Hi-Farm Irrigators Association, Inc. & Calabanga Division A FIA","NEW_BENEF":"Not Applicable","YEARFUNDED":2014.0,"STATUSYEAR":2021.0,"id":"Rice Processing Centers. 107"},"geometry":{"type":"Point","coordinates":[123.238934,13.714478]}},
{"type":"Feature","properties":{"REGION":"Region V","PROVINCE":"Camarines Sur","MUN":"Iriga City","BARANGAY":"Brgy. Salvacion, Iriga City","PROJECT_TY":"Rice Processing Center","SUB_TYPE":"RPC 1","RPC_STATUS":"Operational","LATITUDE":13.370868,"LONGITUDE":123.402408,"ORIG_BENEF":"Malangatong Farmers Association, Inc.","NEW_BENEF":"Not Applicable","YEARFUNDED":2014.0,"STATUSYEAR":2021.0,"id":"Rice Processing Centers. 108"},"geometry":{"type":"Point","coordinates":[123.402408,13.370868]}},
{"type":"Feature","properties":{"REGION":"Region V","PROVINCE":"Camarines Sur","MUN":"Iriga CIty","BARANGAY":"Brgy. San Agustin, Iriga City","PROJECT_TY":"Rice Processing Center","SUB_TYPE":"RPC 1","RPC_STATUS":"Operational","LATITUDE":13.450373,"LONGITUDE":123.396662,"ORIG_BENEF":"The Foundation of Our Lady of Fatima Center for Human Development, Inc.","NEW_BENEF":"Not Applicable","YEARFUNDED":2014.0,"STATUSYEAR":2021.0,"id":"Rice Processing Centers. 109"},"geometry":{"type":"Point","coordinates":[123.396662,13.450373]}},
{"type":"Feature","properties":{"REGION":"Region V","PROVINCE":"Camarines Sur","MUN":"Tigaon","BARANGAY":"Brgy. Caraycayon, Tigaon","PROJECT_TY":"Rice Processing Center","SUB_TYPE":"RPC 2","RPC_STATUS":"Non Operational","LATITUDE":13.61295,"LONGITUDE":123.481489,"ORIG_BENEF":"LGU-Tigaon","NEW_BENEF":"Not Applicable","YEARFUNDED":2014.0,"STATUSYEAR":2021.0,"id":"Rice Processing Centers. 110"},"geometry":{"type":"Point","coordinates":[123.481489,13.61295]}},
{"type":"Feature","properties":{"REGION":"Region V","PROVINCE":"Catanduanes","MUN":"Viga","BARANGAY":"Brgy. Ogbong, Viga","PROJECT_TY":"Rice Processing Center","SUB_TYPE":"RPC 1","RPC_STATUS":"Operational","LATITUDE":13.6874733,"LONGITUDE":123.0717018,"ORIG_BENEF":"Ogbong Agrarian Reform Beneficiaries, Inc","NEW_BENEF":"Oragon Farmers Agriculture Cooperative","YEARFUNDED":2012.0,"STATUSYEAR":2025.0,"id":"Rice Processing Centers. 111"},"geometry":{"type":"Point","coordinates":[123.0717018,13.6874733]}},
{"type":"Feature","properties":{"REGION":"Region V","PROVINCE":"Masbate","MUN":"Milagros","BARANGAY":"Brgy. Narangasan, Milagros","PROJECT_TY":"Rice Processing Center","SUB_TYPE":"RPC 1","RPC_STATUS":"Operational","LATITUDE":12.22374,"LONGITUDE":123.4489,"ORIG_BENEF":"Narangasan Multi-Purpose Cooperative","NEW_BENEF":"Not Applicable","YEARFUNDED":2012.0,"STATUSYEAR":2021.0,"id":"Rice Processing Centers. 112"},"geometry":{"type":"Point","coordinates":[123.4489,12.22374]}},
{"type":"Feature","properties":{"REGION":"Region V","PROVINCE":"Sorsogon","MUN":"Castilla","BARANGAY":"Brgy. Pandan, Castilla","PROJECT_TY":"Rice Processing Center","SUB_TYPE":"RPC 1","RPC_STATUS":"Non Operational","LATITUDE":12.90544,"LONGITUDE":123.806977,"ORIG_BENEF":"Farmers Irrigators Assn. of Castilla (FARIASCA), Inc.","NEW_BENEF":"Not Applicable","YEARFUNDED":2014.0,"STATUSYEAR":2021.0,"id":"Rice Processing Centers. 113"},"geometry":{"type":"Point","coordinates":[123.806977,12.90544]}},
{"type":"Feature","properties":{"REGION":"CAR","PROVINCE":"Abra","MUN":"Lagangilang","BARANGAY":"Tagodtod","PROJECT_TY":"Rice Processing Center","SUB_TYPE":"RPC 1","RPC_STATUS":"Operational","LATITUDE":17.5575189,"LONGITUDE":120.5944483,"ORIG_BENEF":"Eight Barangays Farmer Irrigator's Association, Inc.","NEW_BENEF":"Abra Vegetables Seed Growers Multi-Purpose Cooperative (AVSECO)","YEARFUNDED":2012.0,"STATUSYEAR":2025.0,"id":"Rice Processing Centers. 114"},"geometry":{"type":"Point","coordinates":[120.5944483,17.5575189]}},
{"type":"Feature","properties":{"REGION":"Region VI","PROVINCE":"Negros Occidental","MUN":"Hinoba-an","BARANGAY":"Asia","PROJECT_TY":"Rice Processing Center","SUB_TYPE":"RPC 1","RPC_STATUS":"Operational","LATITUDE":9.55493333,"LONGITUDE":122.5105667,"ORIG_BENEF":"Asia Organic Farmers Association","NEW_BENEF":"Not Applicable","YEARFUNDED":2013.0,"STATUSYEAR":2021.0,"id":"Rice Processing Centers. 115"},"geometry":{"type":"Point","coordinates":[122.5105667,9.55493333]}},
{"type":"Feature","properties":{"REGION":"Region VI","PROVINCE":"Iloilo","MUN":"Barotac Nuevo","BARANGAY":"Taboc-Suba","PROJECT_TY":"Rice Processing Center","SUB_TYPE":"RPC 1","RPC_STATUS":"Operational","LATITUDE":10.8897714,"LONGITUDE":122.6798009,"ORIG_BENEF":"Barotac Nuevo Development Cooperative","NEW_BENEF":"Not Applicable","YEARFUNDED":2013.0,"STATUSYEAR":2024.0,"id":"Rice Processing Centers. 116"},"geometry":{"type":"Point","coordinates":[122.6798009,10.8897714]}},
{"type":"Feature","properties":{"REGION":"Region VI","PROVINCE":"Antique","MUN":"Bugasong","BARANGAY":"Ilaya","PROJECT_TY":"Rice Processing Center","SUB_TYPE":"RPC 2","RPC_STATUS":"Operational","LATITUDE":11.0354462,"LONGITUDE":122.0587185,"ORIG_BENEF":"Bugasong Multi-Purpose Cooperative","NEW_BENEF":"Not Applicable","YEARFUNDED":2013.0,"STATUSYEAR":2024.0,"id":"Rice Processing Centers. 117"},"geometry":{"type":"Point","coordinates":[122.0587185,11.0354462]}},
{"type":"Feature","properties":{"REGION":"Region VI","PROVINCE":"Iloilo","MUN":"Sara","BARANGAY":"Bato","PROJECT_TY":"Rice Processing Center","SUB_TYPE":"RPC 1","RPC_STATUS":"Operational","LATITUDE":11.276,"LONGITUDE":123.0122778,"ORIG_BENEF":"Christian MPC","NEW_BENEF":"Not Applicable","YEARFUNDED":2013.0,"STATUSYEAR":2021.0,"id":"Rice Processing Centers. 118"},"geometry":{"type":"Point","coordinates":[123.0122778,11.276]}},
{"type":"Feature","properties":{"REGION":"Region VI","PROVINCE":"Iloilo","MUN":"Dingle","BARANGAY":"San Matias","PROJECT_TY":"Rice Processing Center","SUB_TYPE":"RPC 1","RPC_STATUS":"Operational","LATITUDE":11.009484,"LONGITUDE":122.661091,"ORIG_BENEF":"Dingle Multi-Purpose Cooperative (FACOMA)","NEW_BENEF":"Not Applicable","YEARFUNDED":2013.0,"STATUSYEAR":2024.0,"id":"Rice Processing Centers. 119"},"geometry":{"type":"Point","coordinates":[122.661091,11.009484]}},
{"type":"Feature","properties":{"REGION":"Region VI","PROVINCE":"Negros Occidental","MUN":"Bago City","BARANGAY":"Bagroy","PROJECT_TY":"Rice Processing Center","SUB_TYPE":"RPC 1","RPC_STATUS":"Operational","LATITUDE":11.0354,"LONGITUDE":122.058731,"ORIG_BENEF":"Federation of Irrigators Association, Central Negros Bago River Irrigation System (FICN-BRIS)","NEW_BENEF":"Not Applicable","YEARFUNDED":2013.0,"STATUSYEAR":2021.0,"id":"Rice Processing Centers. 120"},"geometry":{"type":"Point","coordinates":[122.058731,11.0354]}},
{"type":"Feature","properties":{"REGION":"Region VI","PROVINCE":"Negros Occidental","MUN":"Pontevedra","BARANGAY":"General Malvar","PROJECT_TY":"Rice Processing Center","SUB_TYPE":"RPC 1","RPC_STATUS":"Operational","LATITUDE":10.31765,"LONGITUDE":122.9191333,"ORIG_BENEF":"General Malvar Irrigators MPC","NEW_BENEF":"Not Applicable","YEARFUNDED":2013.0,"STATUSYEAR":2021.0,"id":"Rice Processing Centers. 121"},"geometry":{"type":"Point","coordinates":[122.9191333,10.31765]}},
{"type":"Feature","properties":{"REGION":"Region VI","PROVINCE":"Guimaras","MUN":"San Lorenzo","BARANGAY":"Cabano","PROJECT_TY":"Rice Processing Center","SUB_TYPE":"RPC 1","RPC_STATUS":"Operational","LATITUDE":10.58515278,"LONGITUDE":122.517215,"ORIG_BENEF":"Guimaras Seed Growers MPC","NEW_BENEF":"Not Applicable","YEARFUNDED":2013.0,"STATUSYEAR":2021.0,"id":"Rice Processing Centers. 122"},"geometry":{"type":"Point","coordinates":[122.517215,10.58515278]}},
{"type":"Feature","properties":{"REGION":"Region VI","PROVINCE":"Capiz","MUN":"Maayon","BARANGAY":"Poblacion Tabok","PROJECT_TY":"Rice Processing Center","SUB_TYPE":"RPC 1","RPC_STATUS":"Operational","LATITUDE":11.38996,"LONGITUDE":122.78241,"ORIG_BENEF":"Maayon Development Cooperative","NEW_BENEF":"Not Applicable","YEARFUNDED":2013.0,"STATUSYEAR":2024.0,"id":"Rice Processing Centers. 123"},"geometry":{"type":"Point","coordinates":[122.78241,11.38996]}},
{"type":"Feature","properties":{"REGION":"Region VI","PROVINCE":"Negros Occidental","MUN":"Moises Padilla","BARANGAY":"Magallon Cadre","PROJECT_TY":"Rice Processing Center","SUB_TYPE":"RPC 1","RPC_STATUS":"Operational","LATITUDE":10.29248333,"LONGITUDE":123.10125,"ORIG_BENEF":"Moises Padilla IA","NEW_BENEF":"Not Applicable","YEARFUNDED":2012.0,"STATUSYEAR":2021.0,"id":"Rice Processing Centers. 124"},"geometry":{"type":"Point","coordinates":[123.10125,10.29248333]}},
{"type":"Feature","properties":{"REGION":"Region VI","PROVINCE":"Iloilo","MUN":"Santa Barbara","BARANGAY":"Cabugao Norte","PROJECT_TY":"Rice Processing Center","SUB_TYPE":"RPC 1","RPC_STATUS":"Operational","LATITUDE":10.7894949,"LONGITUDE":122.5460994,"ORIG_BENEF":"Palacatian Irrigators Association","NEW_BENEF":"Not Applicable","YEARFUNDED":2013.0,"STATUSYEAR":2024.0,"id":"Rice Processing Centers. 125"},"geometry":{"type":"Point","coordinates":[122.5460994,10.7894949]}},
{"type":"Feature","properties":{"REGION":"Region VI","PROVINCE":"Negros Occidental","MUN":"San Enrique","BARANGAY":"Batuan","PROJECT_TY":"Rice Processing Center","SUB_TYPE":"RPC 1","RPC_STATUS":"Operational","LATITUDE":10.43628333,"LONGITUDE":122.8637833,"ORIG_BENEF":"San Enrique MPC","NEW_BENEF":"Not Applicable","YEARFUNDED":2013.0,"STATUSYEAR":2021.0,"id":"Rice Processing Centers. 126"},"geometry":{"type":"Point","coordinates":[122.8637833,10.43628333]}},
{"type":"Feature","properties":{"REGION":"Region VI","PROVINCE":"Iloilo","MUN":"Badiangan","BARANGAY":"San Julian","PROJECT_TY":"Rice Processing Center","SUB_TYPE":"RPC 1","RPC_STATUS":"Non Operational","LATITUDE":10.98409,"LONGITUDE":122.57758,"ORIG_BENEF":"San Julian Multi-Purpose Cooperative","NEW_BENEF":"Not Applicable","YEARFUNDED":2013.0,"STATUSYEAR":2024.0,"id":"Rice Processing Centers. 127"},"geometry":{"type":"Point","coordinates":[122.57758,10.98409]}},
{"type":"Feature","properties":{"REGION":"Region VI","PROVINCE":"Antique","MUN":"Sibalom","BARANGAY":"Sido","PROJECT_TY":"Rice Processing Center","SUB_TYPE":"RPC 1","RPC_STATUS":"Operational","LATITUDE":10.80608333,"LONGITUDE":122.0443611,"ORIG_BENEF":"Sido Farmers Association","NEW_BENEF":"Not Applicable","YEARFUNDED":2013.0,"STATUSYEAR":2021.0,"id":"Rice Processing Centers. 128"},"geometry":{"type":"Point","coordinates":[122.0443611,10.80608333]}},
{"type":"Feature","properties":{"REGION":"Region VI","PROVINCE":"Iloilo","MUN":"Oton","BARANGAY":"Tagbac Sur","PROJECT_TY":"Rice Processing Center","SUB_TYPE":"RPC 1","RPC_STATUS":"Operational","LATITUDE":10.71273333,"LONGITUDE":122.4784,"ORIG_BENEF":"Southern Iloilo Area Multi-Purpose Cooperative","NEW_BENEF":"Not Applicable","YEARFUNDED":2012.0,"STATUSYEAR":2024.0,"id":"Rice Processing Centers. 129"},"geometry":{"type":"Point","coordinates":[122.4784,10.71273333]}},
{"type":"Feature","properties":{"REGION":"Region VI","PROVINCE":"Iloilo","MUN":"Santa Barbara","BARANGAY":"Cabugao Sur","PROJECT_TY":"Rice Processing Center","SUB_TYPE":"RPC 1","RPC_STATUS":"Non Operational","LATITUDE":10.80353333,"LONGITUDE":122.5332667,"ORIG_BENEF":"Sta. Barbara Facoma MPC","NEW_BENEF":"Not Applicable","YEARFUNDED":2013.0,"STATUSYEAR":2021.0,"id":"Rice Processing Centers. 130"},"geometry":{"type":"Point","coordinates":[122.5332667,10.80353333]}},
{"type":"Feature","properties":{"REGION":"Region I","PROVINCE":"Ilocos Norte","MUN":"Dingras","BARANGAY":"Bungcag","PROJECT_TY":"Rice Processing Center","SUB_TYPE":"RPC 1","RPC_STATUS":"Operational","LATITUDE":18.1168662,"LONGITUDE":120.6905908,"ORIG_BENEF":"Sarusar FIA","NEW_BENEF":"Not Applicable","YEARFUNDED":2014.0,"STATUSYEAR":2024.0,"id":"Rice Processing Centers. 131"},"geometry":{"type":"Point","coordinates":[120.6905908,18.1168662]}},
{"type":"Feature","properties":{"REGION":"Region VI","PROVINCE":"Capiz","MUN":"Tapaz","BARANGAY":"San Julian","PROJECT_TY":"Rice Processing Center","SUB_TYPE":"RPC 1","RPC_STATUS":"Operational","LATITUDE":11.2769016,"LONGITUDE":122.5393728,"ORIG_BENEF":"Tapaz Farmer's Association (TAFA)","NEW_BENEF":"Not Applicable","YEARFUNDED":2012.0,"STATUSYEAR":2021.0,"id":"Rice Processing Centers. 132"},"geometry":{"type":"Point","coordinates":[122.5393728,11.2769016]}},
{"type":"Feature","properties":{"REGION":"Region VI","PROVINCE":"Antique","MUN":"Tobias Fornier","BARANGAY":"Poblacion","PROJECT_TY":"Rice Processing Center","SUB_TYPE":"RPC 1","RPC_STATUS":"Operational","LATITUDE":10.515171,"LONGITUDE":121.939224,"ORIG_BENEF":"Tobias Fornier IA","NEW_BENEF":"Not Applicable","YEARFUNDED":2013.0,"STATUSYEAR":2021.0,"id":"Rice Processing Centers. 133"},"geometry":{"type":"Point","coordinates":[121.939224,10.515171]}},
{"type":"Feature","properties":{"REGION":"Region VI","PROVINCE":"Iloilo","MUN":"Banate","BARANGAY":"Juanico","PROJECT_TY":"Rice Processing Center","SUB_TYPE":"RPC 1","RPC_STATUS":"Non Operational","LATITUDE":11.07534,"LONGITUDE":122.7857,"ORIG_BENEF":"Ugasan-Juanico Irrigators Association","NEW_BENEF":"Not Applicable","YEARFUNDED":2013.0,"STATUSYEAR":2024.0,"id":"Rice Processing Centers. 134"},"geometry":{"type":"Point","coordinates":[122.7857,11.07534]}},
{"type":"Feature","properties":{"REGION":"Region VI","PROVINCE":"Capiz","MUN":"Dumarao","BARANGAY":"Astorga","PROJECT_TY":"Rice Processing Center","SUB_TYPE":"RPC 1","RPC_STATUS":"Operational","LATITUDE":11.25,"LONGITUDE":122.788,"ORIG_BENEF":"Upland Famers Association of Dumarao","NEW_BENEF":"Not Applicable","YEARFUNDED":2013.0,"STATUSYEAR":2021.0,"id":"Rice Processing Centers. 135"},"geometry":{"type":"Point","coordinates":[122.788,11.25]}},
{"type":"Feature","properties":{"REGION":"Region VII","PROVINCE":"Bohol","MUN":"Talibon","BARANGAY":"San Roque","PROJECT_TY":"Rice Processing Center","SUB_TYPE":"RPC 2","RPC_STATUS":"Operational","LATITUDE":10.0821991,"LONGITUDE":124.3198766,"ORIG_BENEF":"Bohol BAYANIHAN (Bangon Yanong Igsoon Haligi ka sa Nasod) Multi-Purpose Cooperative","NEW_BENEF":"Not Applicable","YEARFUNDED":2012.0,"STATUSYEAR":2025.0,"id":"Rice Processing Centers. 136"},"geometry":{"type":"Point","coordinates":[124.3198766,10.0821991]}},
{"type":"Feature","properties":{"REGION":"Region VIII","PROVINCE":"Leyte","MUN":"Javier","BARANGAY":"Inayupan","PROJECT_TY":"Rice Processing Center","SUB_TYPE":"RPC 1","RPC_STATUS":"Non Operational","LATITUDE":10.7808156,"LONGITUDE":124.9732441,"ORIG_BENEF":"Javier Rice and Coconut Farmer's Association","NEW_BENEF":"Not Applicable","YEARFUNDED":2012.0,"STATUSYEAR":2025.0,"id":"Rice Processing Centers. 137"},"geometry":{"type":"Point","coordinates":[124.9732441,10.7808156]}},
{"type":"Feature","properties":{"REGION":"Region VIII","PROVINCE":"Leyte","MUN":"Tabon-tabon","BARANGAY":"San Pablo","PROJECT_TY":"Rice Processing Center","SUB_TYPE":"RPC 1","RPC_STATUS":"Non Operational","LATITUDE":11.02264586,"LONGITUDE":124.9515011,"ORIG_BENEF":"San Pablo Farmer's Assocation","NEW_BENEF":"Not Applicable","YEARFUNDED":2013.0,"STATUSYEAR":2025.0,"id":"Rice Processing Centers. 138"},"geometry":{"type":"Point","coordinates":[124.9515011,11.02264586]}},
{"type":"Feature","properties":{"REGION":"Region VIII","PROVINCE":"Leyte","MUN":"Hilongos","BARANGAY":"Tabunok","PROJECT_TY":"Rice Processing Center","SUB_TYPE":"RPC 1","RPC_STATUS":"Non Operational","LATITUDE":10.35537042,"LONGITUDE":124.7881268,"ORIG_BENEF":"Hilongos Tabunok Irrigators Association (Formerly Tabunok Integrated Services Association, Inc.)","NEW_BENEF":"Not Applicable","YEARFUNDED":2014.0,"STATUSYEAR":2025.0,"id":"Rice Processing Centers. 139"},"geometry":{"type":"Point","coordinates":[124.7881268,10.35537042]}},
{"type":"Feature","properties":{"REGION":"Region I","PROVINCE":"Ilocos Norte","MUN":"Bacarra","BARANGAY":"40 Buyon","PROJECT_TY":"Rice Processing Center","SUB_TYPE":"RPC 2","RPC_STATUS":"Non Operational","LATITUDE":18.2408868,"LONGITUDE":120.6251882,"ORIG_BENEF":"Bacarra Zanjera/Irrigators Multi-Purpose Cooperative","NEW_BENEF":"Not Applicable","YEARFUNDED":2014.0,"STATUSYEAR":2024.0,"id":"Rice Processing Centers. 140"},"geometry":{"type":"Point","coordinates":[120.6251882,18.2408868]}},
{"type":"Feature","properties":{"REGION":"Region VIII","PROVINCE":"Samar","MUN":"Basey","BARANGAY":"Sawa","PROJECT_TY":"Rice Processing Center","SUB_TYPE":"RPC 1","RPC_STATUS":"Non Operational","LATITUDE":11.280096,"LONGITUDE":125.069198,"ORIG_BENEF":"Basey Integrated Municipal Farmers Association","NEW_BENEF":"Not Applicable","YEARFUNDED":2014.0,"STATUSYEAR":2021.0,"id":"Rice Processing Centers. 141"},"geometry":{"type":"Point","coordinates":[125.069198,11.280096]}},
{"type":"Feature","properties":{"REGION":"Region IX","PROVINCE":"Zamboanga del Sur","MUN":"Mahayag","BARANGAY":"Upper Salug Daku","PROJECT_TY":"Rice Processing Center","SUB_TYPE":"RPC 2","RPC_STATUS":"Operational","LATITUDE":8.1425333,"LONGITUDE":123.4243966,"ORIG_BENEF":"Upper Salug Daku Multi - Purpose Cooperative","NEW_BENEF":"Not Applicable","YEARFUNDED":2014.0,"STATUSYEAR":2025.0,"id":"Rice Processing Centers. 142"},"geometry":{"type":"Point","coordinates":[123.4243966,8.1425333]}},
{"type":"Feature","properties":{"REGION":"Region IX","PROVINCE":"Zamboanga del Sur","MUN":"Mahayag","BARANGAY":"Daniel C. Mantos","PROJECT_TY":"Rice Processing Center","SUB_TYPE":"RPC 2","RPC_STATUS":"Non Operational","LATITUDE":8.091835,"LONGITUDE":123.3996883,"ORIG_BENEF":"Sicpao Farmers Multi - Purpose Cooperative","NEW_BENEF":"Not Applicable","YEARFUNDED":2013.0,"STATUSYEAR":2025.0,"id":"Rice Processing Centers. 143"},"geometry":{"type":"Point","coordinates":[123.3996883,8.091835]}},
{"type":"Feature","properties":{"REGION":"Region IX","PROVINCE":"Zamboanga del Sur","MUN":"Molave","BARANGAY":"Miligan","PROJECT_TY":"Rice Processing Center","SUB_TYPE":"RPC 1","RPC_STATUS":"Operational","LATITUDE":8.0762489,"LONGITUDE":123.4565286,"ORIG_BENEF":"Miligan Farmers Multi - Purpose Cooperative","NEW_BENEF":"Not Applicable","YEARFUNDED":2012.0,"STATUSYEAR":2025.0,"id":"Rice Processing Centers. 144"},"geometry":{"type":"Point","coordinates":[123.4565286,8.0762489]}},
{"type":"Feature","properties":{"REGION":"Region IX","PROVINCE":"Zamboanga del Sur","MUN":"Molave","BARANGAY":"Rizal","PROJECT_TY":"Rice Processing Center","SUB_TYPE":"RPC 2","RPC_STATUS":"Operational","LATITUDE":8.0760303,"LONGITUDE":123.4825601,"ORIG_BENEF":"Rizal Molave Multi - Purpose Cooperative","NEW_BENEF":"Not Applicable","YEARFUNDED":2014.0,"STATUSYEAR":2025.0,"id":"Rice Processing Centers. 145"},"geometry":{"type":"Point","coordinates":[123.4825601,8.0760303]}},
{"type":"Feature","properties":{"REGION":"Region IX","PROVINCE":"Zamboanga del Sur","MUN":"Tukuran","BARANGAY":"Baclay","PROJECT_TY":"Rice Processing Center","SUB_TYPE":"RPC 1","RPC_STATUS":"Not Yet Turned over","LATITUDE":7.8757965,"LONGITUDE":123.6013811,"ORIG_BENEF":"Baclay Multi - Purpose Cooperative","NEW_BENEF":"Not Applicable","YEARFUNDED":2016.0,"STATUSYEAR":2025.0,"id":"Rice Processing Centers. 146"},"geometry":{"type":"Point","coordinates":[123.6013811,7.8757965]}},
{"type":"Feature","properties":{"REGION":"Region IX","PROVINCE":"Zamboanga Sibugay","MUN":"Siay","BARANGAY":"Batu","PROJECT_TY":"Rice Processing Center","SUB_TYPE":"RPC 1","RPC_STATUS":"Non Operational","LATITUDE":7.703374,"LONGITUDE":122.8704152,"ORIG_BENEF":"Batu Farmers Multi - Purpose Cooperative","NEW_BENEF":"Not Applicable","YEARFUNDED":2013.0,"STATUSYEAR":2025.0,"id":"Rice Processing Centers. 147"},"geometry":{"type":"Point","coordinates":[122.8704152,7.703374]}},
{"type":"Feature","properties":{"REGION":"Region IX","PROVINCE":"Zamboanga Sibugay","MUN":"Payao","BARANGAY":"Balungisan","PROJECT_TY":"Rice Processing Center","SUB_TYPE":"RPC 1","RPC_STATUS":"Non Operational","LATITUDE":7.5882063,"LONGITUDE":122.8805223,"ORIG_BENEF":"Balungisan Landowners & Farmers Association","NEW_BENEF":"Not Applicable","YEARFUNDED":2014.0,"STATUSYEAR":2025.0,"id":"Rice Processing Centers. 148"},"geometry":{"type":"Point","coordinates":[122.8805223,7.5882063]}},
{"type":"Feature","properties":{"REGION":"Region IX","PROVINCE":"Zamboanga Sibugay","MUN":"Diplahan","BARANGAY":"Gaulan","PROJECT_TY":"Rice Processing Center","SUB_TYPE":"RPC 2","RPC_STATUS":"Non Operational","LATITUDE":7.7646079,"LONGITUDE":122.9843274,"ORIG_BENEF":"Gaulan Farmers Association","NEW_BENEF":"Not Applicable","YEARFUNDED":2013.0,"STATUSYEAR":2025.0,"id":"Rice Processing Centers. 149"},"geometry":{"type":"Point","coordinates":[122.9843274,7.7646079]}},
{"type":"Feature","properties":{"REGION":"Region I","PROVINCE":"Ilocos Sur","MUN":"Caoayan","BARANGAY":"Don Matias, Quirubin","PROJECT_TY":"Rice Processing Center","SUB_TYPE":"RPC 1","RPC_STATUS":"Non Operational","LATITUDE":17.5459577,"LONGITUDE":120.3855645,"ORIG_BENEF":"Nueva Segovia Consortium of Cooperative","NEW_BENEF":"Not Applicable","YEARFUNDED":2016.0,"STATUSYEAR":2024.0,"id":"Rice Processing Centers. 150"},"geometry":{"type":"Point","coordinates":[120.3855645,17.5459577]}},
{"type":"Feature","properties":{"REGION":"Region IX","PROVINCE":"Zamboanga del Sur","MUN":"Labangan","BARANGAY":"Bulanit","PROJECT_TY":"Rice Processing Center","SUB_TYPE":"RPC 2","RPC_STATUS":"Non Operational","LATITUDE":7.8469166,"LONGITUDE":123.4826149,"ORIG_BENEF":"Labangan Farmers Fisrt Consolidated Cooperative","NEW_BENEF":"Not Applicable","YEARFUNDED":2012.0,"STATUSYEAR":2025.0,"id":"Rice Processing Centers. 151"},"geometry":{"type":"Point","coordinates":[123.4826149,7.8469166]}},
{"type":"Feature","properties":{"REGION":"Region IX","PROVINCE":"Zamboanga del Sur","MUN":"Labangan","BARANGAY":"Tapodoc","PROJECT_TY":"Rice Processing Center","SUB_TYPE":"RPC 1","RPC_STATUS":"Operational","LATITUDE":7.8544216,"LONGITUDE":123.5087201,"ORIG_BENEF":"Quick Silver Farmers Marketing Cooperative","NEW_BENEF":"Not Applicable","YEARFUNDED":2014.0,"STATUSYEAR":2025.0,"id":"Rice Processing Centers. 152"},"geometry":{"type":"Point","coordinates":[123.5087201,7.8544216]}},
{"type":"Feature","properties":{"REGION":"Region IX","PROVINCE":"Zamboanga del Norte","MUN":"Sindangan","BARANGAY":"Brgy. Pob.","PROJECT_TY":"Rice Processing Center","SUB_TYPE":"RPC 1","RPC_STATUS":"Operational","LATITUDE":8.235472,"LONGITUDE":123.0029,"ORIG_BENEF":"Sindangan FACOMA","NEW_BENEF":"Not Applicable","YEARFUNDED":2014.0,"STATUSYEAR":2021.0,"id":"Rice Processing Centers. 153"},"geometry":{"type":"Point","coordinates":[123.0029,8.235472]}},
{"type":"Feature","properties":{"REGION":"Region IX","PROVINCE":"Zamboanga del Norte","MUN":"Siocon","BARANGAY":"Brgy. A.L. Micubo","PROJECT_TY":"Rice Processing Center","SUB_TYPE":"RPC 1","RPC_STATUS":"Non Operational","LATITUDE":7.67694444,"LONGITUDE":122.1408333,"ORIG_BENEF":"Pangian-A.L. Micubo, Sr. SWISA","NEW_BENEF":"Not Applicable","YEARFUNDED":2014.0,"STATUSYEAR":2021.0,"id":"Rice Processing Centers. 154"},"geometry":{"type":"Point","coordinates":[122.1408333,7.67694444]}},
{"type":"Feature","properties":{"REGION":"Region IX","PROVINCE":"Zamboanga del Sur","MUN":"Bayog","BARANGAY":"Brgy. Dipili","PROJECT_TY":"Rice Processing Center","SUB_TYPE":"RPC 1","RPC_STATUS":"Non Operational","LATITUDE":7.85363889,"LONGITUDE":123.0288889,"ORIG_BENEF":"Dipili-Depore IA","NEW_BENEF":"Not Applicable","YEARFUNDED":2013.0,"STATUSYEAR":2021.0,"id":"Rice Processing Centers. 155"},"geometry":{"type":"Point","coordinates":[123.0288889,7.85363889]}},
{"type":"Feature","properties":{"REGION":"Region IX","PROVINCE":"Zamboanga del Sur","MUN":"Midsalip","BARANGAY":"Poblacion, Midsalip","PROJECT_TY":"Rice Processing Center","SUB_TYPE":"RPC 1","RPC_STATUS":"Non Operational","LATITUDE":8.037765,"LONGITUDE":123.305093,"ORIG_BENEF":"TIMPOBIA","NEW_BENEF":"Not Applicable","YEARFUNDED":2016.0,"STATUSYEAR":2021.0,"id":"Rice Processing Centers. 156"},"geometry":{"type":"Point","coordinates":[123.305093,8.037765]}},
{"type":"Feature","properties":{"REGION":"Region IX","PROVINCE":"Zamboanga Sibugay","MUN":"Siay","BARANGAY":"Brgy. Upper Maniha","PROJECT_TY":"Rice Processing Center","SUB_TYPE":"RPC 1","RPC_STATUS":"Non Operational","LATITUDE":7.74913889,"LONGITUDE":122.925,"ORIG_BENEF":"Upper Maniha Irrigators Association","NEW_BENEF":"Not Applicable","YEARFUNDED":2012.0,"STATUSYEAR":2021.0,"id":"Rice Processing Centers. 157"},"geometry":{"type":"Point","coordinates":[122.925,7.74913889]}},
{"type":"Feature","properties":{"REGION":"Region X","PROVINCE":"Bukidnon","MUN":"Maramag","BARANGAY":"Maramag","PROJECT_TY":"Rice Processing Center","SUB_TYPE":"RPC 2","RPC_STATUS":"Non Operational","LATITUDE":7.7663667,"LONGITUDE":124.9835972,"ORIG_BENEF":"Maramag Community Multi-Purpose Cooperative","NEW_BENEF":"Not Applicable","YEARFUNDED":2013.0,"STATUSYEAR":2025.0,"id":"Rice Processing Centers. 158"},"geometry":{"type":"Point","coordinates":[124.9835972,7.7663667]}},
{"type":"Feature","properties":{"REGION":"Region X","PROVINCE":"Lanao Norte","MUN":"Lala","BARANGAY":"San Isidro Lower","PROJECT_TY":"Rice Processing Center","SUB_TYPE":"RPC 2","RPC_STATUS":"Non Operational","LATITUDE":7.959508333,"LONGITUDE":123.7571861,"ORIG_BENEF":"Lower San Isidro Farmers Association","NEW_BENEF":"Not Applicable","YEARFUNDED":2012.0,"STATUSYEAR":2025.0,"id":"Rice Processing Centers. 159"},"geometry":{"type":"Point","coordinates":[123.7571861,7.959508333]}},
{"type":"Feature","properties":{"REGION":"Region X","PROVINCE":"Lanao Norte","MUN":"Kauswagan","BARANGAY":"Poblacion","PROJECT_TY":"Rice Processing Center","SUB_TYPE":"RPC 1","RPC_STATUS":"Non Operational","LATITUDE":8.19145,"LONGITUDE":124.0760944,"ORIG_BENEF":"LGU Kauswagan","NEW_BENEF":"Not Applicable","YEARFUNDED":2016.0,"STATUSYEAR":2025.0,"id":"Rice Processing Centers. 160"},"geometry":{"type":"Point","coordinates":[124.0760944,8.19145]}},
{"type":"Feature","properties":{"REGION":"Region XI","PROVINCE":"Davao del Norte","MUN":"Carmen","BARANGAY":"Anibongan","PROJECT_TY":"Rice Processing Center","SUB_TYPE":"RPC 2","RPC_STATUS":"Non Operational","LATITUDE":7.4004211,"LONGITUDE":125.727942,"ORIG_BENEF":"Davao del Norte Irrigators Marketing Cooperative (DAVNORIMC)","NEW_BENEF":"Not Applicable","YEARFUNDED":2017.0,"STATUSYEAR":2025.0,"id":"Rice Processing Centers. 161"},"geometry":{"type":"Point","coordinates":[125.727942,7.4004211]}},
{"type":"Feature","properties":{"REGION":"Region XI","PROVINCE":"Davao De Oro","MUN":"Compostela","BARANGAY":"Marapat","PROJECT_TY":"Rice Processing Center","SUB_TYPE":"RPC 2","RPC_STATUS":"Operational","LATITUDE":7.692068,"LONGITUDE":126.0417308,"ORIG_BENEF":"Compostela Valley Irrigators Multi-Purpose Cooperative (CVIPCO)","NEW_BENEF":"Not Applicable","YEARFUNDED":2012.0,"STATUSYEAR":2025.0,"id":"Rice Processing Centers. 162"},"geometry":{"type":"Point","coordinates":[126.0417308,7.692068]}},
{"type":"Feature","properties":{"REGION":"Region XI","PROVINCE":"Davao Oriental","MUN":"Banaybanay","BARANGAY":"Brgy. San Vicente","PROJECT_TY":"Rice Processing Center","SUB_TYPE":"RPC 1","RPC_STATUS":"Operational","LATITUDE":6.9820139,"LONGITUDE":126.0124173,"ORIG_BENEF":"Banaybanay Division A Pilot Irrigators Association (BADIACO)","NEW_BENEF":"Not Applicable","YEARFUNDED":2012.0,"STATUSYEAR":2025.0,"id":"Rice Processing Centers. 163"},"geometry":{"type":"Point","coordinates":[126.0124173,6.9820139]}},
{"type":"Feature","properties":{"REGION":"Region XI","PROVINCE":"Davao Oriental","MUN":"Taytayan Cateel","BARANGAY":"Prk. Molave","PROJECT_TY":"Rice Processing Center","SUB_TYPE":"RPC 2","RPC_STATUS":"Non Operational","LATITUDE":7.721942,"LONGITUDE":126.425543,"ORIG_BENEF":"Taytayan Irrig. Association  Incorporation","NEW_BENEF":"Not Applicable","YEARFUNDED":2012.0,"STATUSYEAR":2021.0,"id":"Rice Processing Centers. 164"},"geometry":{"type":"Point","coordinates":[126.425543,7.721942]}},
{"type":"Feature","properties":{"REGION":"Region XI","PROVINCE":"Compostela Valley","MUN":"Nabunturan","BARANGAY":"Purok 1, Brgy.  Libasan","PROJECT_TY":"Rice Processing Center","SUB_TYPE":"RPC 1","RPC_STATUS":"Operational","LATITUDE":7.584743,"LONGITUDE":125.9659,"ORIG_BENEF":"Libasan Primary Multi Purpose Cooperative","NEW_BENEF":"Not Applicable","YEARFUNDED":2012.0,"STATUSYEAR":2021.0,"id":"Rice Processing Centers. 165"},"geometry":{"type":"Point","coordinates":[125.9659,7.584743]}},
{"type":"Feature","properties":{"REGION":"Region XI","PROVINCE":"Compostela Valley","MUN":"Mawab","BARANGAY":"Brgy. Malinawon","PROJECT_TY":"Rice Processing Center","SUB_TYPE":"RPC 1","RPC_STATUS":"Non Operational","LATITUDE":7.518073,"LONGITUDE":125.915653,"ORIG_BENEF":"Mawab Integrated Irrigators Association, Inc. (MIIAI)","NEW_BENEF":"Not Applicable","YEARFUNDED":2014.0,"STATUSYEAR":2021.0,"id":"Rice Processing Centers. 166"},"geometry":{"type":"Point","coordinates":[125.915653,7.518073]}},
{"type":"Feature","properties":{"REGION":"Region XI","PROVINCE":"Davao del Norte","MUN":null,"BARANGAY":"Sto. Tomas","PROJECT_TY":"Rice Processing Center","SUB_TYPE":"RPC 1","RPC_STATUS":"Operational","LATITUDE":7.5104733,"LONGITUDE":125.6099101,"ORIG_BENEF":"Gravity Irrigators Sustainable Agriculture Cooperative","NEW_BENEF":"Not Applicable","YEARFUNDED":2017.0,"STATUSYEAR":2025.0,"id":"Rice Processing Centers. 167"},"geometry":{"type":"Point","coordinates":[125.6099101,7.5104733]}},
{"type":"Feature","properties":{"REGION":"Region XII","PROVINCE":"North Cotabato","MUN":"Kidapawan","BARANGAY":"San Isidro","PROJECT_TY":"Rice Processing Center","SUB_TYPE":"RPC 1","RPC_STATUS":"Operational","LATITUDE":6.37302445,"LONGITUDE":124.7588089,"ORIG_BENEF":"San Isidro Farmerï¿½s Association and LGU Kidapawan City","NEW_BENEF":"Not Applicable","YEARFUNDED":2016.0,"STATUSYEAR":2024.0,"id":"Rice Processing Centers. 168"},"geometry":{"type":"Point","coordinates":[124.7588089,6.37302445]}},
{"type":"Feature","properties":{"REGION":"Region XII","PROVINCE":"North Cotabato","MUN":"Makilala","BARANGAY":"Bulacanon","PROJECT_TY":"Rice Processing Center","SUB_TYPE":"RPC 1","RPC_STATUS":"Operational","LATITUDE":6.93189645,"LONGITUDE":125.0448817,"ORIG_BENEF":"Budasan Communal Irrigatorï¿½s Association/Budasan Farmerï¿½s MPC","NEW_BENEF":null,"YEARFUNDED":2013.0,"STATUSYEAR":2024.0,"id":"Rice Processing Centers. 169"},"geometry":{"type":"Point","coordinates":[125.0448817,6.93189645]}},
{"type":"Feature","properties":{"REGION":"Region XII","PROVINCE":"South Cotabato","MUN":"Tantangan","BARANGAY":"New Iloilo","PROJECT_TY":"Rice Processing Center","SUB_TYPE":"RPC 1","RPC_STATUS":"Non Operational","LATITUDE":6.54275528,"LONGITUDE":124.7975885,"ORIG_BENEF":"Paghidaet, Malipayon Center (PAGMACE) Irrigatorï¿½s Association Inc","NEW_BENEF":"Not Applicable","YEARFUNDED":2016.0,"STATUSYEAR":2024.0,"id":"Rice Processing Centers. 170"},"geometry":{"type":"Point","coordinates":[124.7975885,6.54275528]}},
{"type":"Feature","properties":{"REGION":"Region XII","PROVINCE":"South Cotabato","MUN":"Sto. Niï¿½o","BARANGAY":"Ambalgan","PROJECT_TY":"Rice Processing Center","SUB_TYPE":"RPC 3","RPC_STATUS":"Operational","LATITUDE":6.41612652,"LONGITUDE":124.6836809,"ORIG_BENEF":"Firmus Farm Service Cooperative","NEW_BENEF":"Not Applicable","YEARFUNDED":2011.0,"STATUSYEAR":2024.0,"id":"Rice Processing Centers. 171"},"geometry":{"type":"Point","coordinates":[124.6836809,6.41612652]}},
{"type":"Feature","properties":{"REGION":"Region XII","PROVINCE":"South Cotabato","MUN":"Banga","BARANGAY":"Bario 5","PROJECT_TY":"Rice Processing Center","SUB_TYPE":"RPC 1","RPC_STATUS":"Non Operational","LATITUDE":6.37302445,"LONGITUDE":124.7588089,"ORIG_BENEF":"Surallah-Banga Communal Irrigators Association","NEW_BENEF":"Not Applicable","YEARFUNDED":2013.0,"STATUSYEAR":2024.0,"id":"Rice Processing Centers. 172"},"geometry":{"type":"Point","coordinates":[124.7588089,6.37302445]}},
{"type":"Feature","properties":{"REGION":"Region XII","PROVINCE":"South Cotabato","MUN":"Koronadal City","BARANGAY":"Concepcion","PROJECT_TY":"Rice Processing Center","SUB_TYPE":"RPC 1","RPC_STATUS":"Non Operational","LATITUDE":6.46915972,"LONGITUDE":124.8854581,"ORIG_BENEF":"South Cotabato Irrigators and Agricultural Federation Inc.","NEW_BENEF":"Not Applicable","YEARFUNDED":2014.0,"STATUSYEAR":2024.0,"id":"Rice Processing Centers. 173"},"geometry":{"type":"Point","coordinates":[124.8854581,6.46915972]}},
{"type":"Feature","properties":{"REGION":"Region XII","PROVINCE":"Sultan Kudarat","MUN":"Lutayan","BARANGAY":"Tamnag","PROJECT_TY":"Rice Processing Center","SUB_TYPE":"RPC 1","RPC_STATUS":"Non Operational","LATITUDE":6.55343328,"LONGITUDE":124.8659337,"ORIG_BENEF":"Pendo Descendants Farmer's Association","NEW_BENEF":"Not Applicable","YEARFUNDED":2013.0,"STATUSYEAR":2024.0,"id":"Rice Processing Centers. 174"},"geometry":{"type":"Point","coordinates":[124.8659337,6.55343328]}},
{"type":"Feature","properties":{"REGION":"Region XII","PROVINCE":"Sultan Kudarat","MUN":"Lebak","BARANGAY":"Purikay","PROJECT_TY":"Rice Processing Center","SUB_TYPE":"RPC 1","RPC_STATUS":"Non Operational","LATITUDE":6.68679644,"LONGITUDE":124.0729843,"ORIG_BENEF":"Lebak-Kalamansig Federation of Irrigators Association","NEW_BENEF":"Not Applicable","YEARFUNDED":2012.0,"STATUSYEAR":2024.0,"id":"Rice Processing Centers. 175"},"geometry":{"type":"Point","coordinates":[124.0729843,6.68679644]}},
{"type":"Feature","properties":{"REGION":"Region XII","PROVINCE":"North Cotabato","MUN":"Libungan","BARANGAY":"Sinawingan","PROJECT_TY":"Rice Processing Center","SUB_TYPE":"RPC 2","RPC_STATUS":"Non Operational","LATITUDE":7.2622442,"LONGITUDE":124.4854213,"ORIG_BENEF":"Midsayap-Pigcawayan-Libungan-Kabuntalan (MPLK) Federation of IA","NEW_BENEF":"Not Applicable","YEARFUNDED":2012.0,"STATUSYEAR":2024.0,"id":"Rice Processing Centers. 176"},"geometry":{"type":"Point","coordinates":[124.4854213,7.2622442]}},
{"type":"Feature","properties":{"REGION":"Region XII","PROVINCE":"North Cotabato","MUN":"Kabacan","BARANGAY":"Arangay","PROJECT_TY":"Rice Processing Center","SUB_TYPE":"RPC 1","RPC_STATUS":"Operational","LATITUDE":7.12899406,"LONGITUDE":124.8337156,"ORIG_BENEF":"Narang-ay ti Amianan Irrigator's Association","NEW_BENEF":"Not Applicable","YEARFUNDED":2014.0,"STATUSYEAR":2024.0,"id":"Rice Processing Centers. 177"},"geometry":{"type":"Point","coordinates":[124.8337156,7.12899406]}},
{"type":"Feature","properties":{"REGION":"Region XII","PROVINCE":"North Cotabato","MUN":"Mlang","BARANGAY":"Bagong Tapay","PROJECT_TY":"Rice Processing Center","SUB_TYPE":"RPC 2","RPC_STATUS":"Non Operational","LATITUDE":6.88974935,"LONGITUDE":124.9121218,"ORIG_BENEF":"BNBL Irrigators Association","NEW_BENEF":"Not Applicable","YEARFUNDED":2014.0,"STATUSYEAR":2024.0,"id":"Rice Processing Centers. 178"},"geometry":{"type":"Point","coordinates":[124.9121218,6.88974935]}},
{"type":"Feature","properties":{"REGION":"Region XII","PROVINCE":"Sultan Kudarat","MUN":"Lambayong","BARANGAY":"Didtaras","PROJECT_TY":"Rice Processing Center","SUB_TYPE":"RPC 1","RPC_STATUS":"Non Operational","LATITUDE":6.7830471,"LONGITUDE":124.6403412,"ORIG_BENEF":"Lambayong Grains Seed Producerï¿½s MPC","NEW_BENEF":"Not Applicable","YEARFUNDED":2013.0,"STATUSYEAR":2024.0,"id":"Rice Processing Centers. 179"},"geometry":{"type":"Point","coordinates":[124.6403412,6.7830471]}},
{"type":"Feature","properties":{"REGION":"Region XII","PROVINCE":"North Cotabato","MUN":"Alamada","BARANGAY":"Brgy. Barangiran","PROJECT_TY":"Rice Processing Center","SUB_TYPE":"RPC 1","RPC_STATUS":"Operational","LATITUDE":7.364167,"LONGITUDE":124.573889,"ORIG_BENEF":"Alamada P4MP Municipal federation of Farmers Assn., Inc.","NEW_BENEF":"Not Applicable","YEARFUNDED":2012.0,"STATUSYEAR":2021.0,"id":"Rice Processing Centers. 180"},"geometry":{"type":"Point","coordinates":[124.573889,7.364167]}},
{"type":"Feature","properties":{"REGION":"Region XII","PROVINCE":"North Cotabato","MUN":"Pigcawayan","BARANGAY":"Brgy. Sampao","PROJECT_TY":"Rice Processing Center","SUB_TYPE":"RPC 1","RPC_STATUS":"Operational","LATITUDE":7.294254,"LONGITUDE":124.450415,"ORIG_BENEF":"Midpapan-Balogo Communal Irrigators Association","NEW_BENEF":"Not Applicable","YEARFUNDED":2012.0,"STATUSYEAR":2021.0,"id":"Rice Processing Centers. 181"},"geometry":{"type":"Point","coordinates":[124.450415,7.294254]}},
{"type":"Feature","properties":{"REGION":"Region XII","PROVINCE":"North Cotabato","MUN":"Arakan","BARANGAY":"Brgy. Malibatuan","PROJECT_TY":"Rice Processing Center","SUB_TYPE":"RPC 1","RPC_STATUS":"Operational","LATITUDE":7.313611,"LONGITUDE":125.149722,"ORIG_BENEF":"Malibatuan Farmers Irrigators Association, Inc.","NEW_BENEF":"Not Applicable","YEARFUNDED":2014.0,"STATUSYEAR":2021.0,"id":"Rice Processing Centers. 182"},"geometry":{"type":"Point","coordinates":[125.149722,7.313611]}},
{"type":"Feature","properties":{"REGION":"Region XII","PROVINCE":"Sarangani","MUN":"Alabel","BARANGAY":"Purok 6","PROJECT_TY":"Rice Processing Center","SUB_TYPE":"RPC 1","RPC_STATUS":"Non Operational","LATITUDE":6.051222,"LONGITUDE":125.286444,"ORIG_BENEF":"Chrislam Communal Irrigators Association Inc.","NEW_BENEF":"Not Applicable","YEARFUNDED":2012.0,"STATUSYEAR":2021.0,"id":"Rice Processing Centers. 183"},"geometry":{"type":"Point","coordinates":[125.286444,6.051222]}},
{"type":"Feature","properties":{"REGION":"Region XII","PROVINCE":"Sarangani","MUN":"Maitum","BARANGAY":"Brgy. Pangi","PROJECT_TY":"Rice Processing Center","SUB_TYPE":"RPC 1","RPC_STATUS":"Operational","LATITUDE":6.041025,"LONGITUDE":124.526108,"ORIG_BENEF":"Pangi Multi-Purpose Cooperative","NEW_BENEF":"Not Applicable","YEARFUNDED":2013.0,"STATUSYEAR":2021.0,"id":"Rice Processing Centers. 184"},"geometry":{"type":"Point","coordinates":[124.526108,6.041025]}},
{"type":"Feature","properties":{"REGION":"Region XII","PROVINCE":"South Cotabato","MUN":"Surallah","BARANGAY":"Brgy. Dajay","PROJECT_TY":"Rice Processing Center","SUB_TYPE":"RPC 1","RPC_STATUS":"Operational","LATITUDE":6.40025,"LONGITUDE":124.723028,"ORIG_BENEF":"Binhian ng Timog Kutabato Multi-Purpose Agricultural Cooperative","NEW_BENEF":"Not Applicable","YEARFUNDED":2014.0,"STATUSYEAR":2021.0,"id":"Rice Processing Centers. 185"},"geometry":{"type":"Point","coordinates":[124.723028,6.40025]}},
{"type":"Feature","properties":{"REGION":"Region XII","PROVINCE":"Sultan Kudarat","MUN":"Isulan","BARANGAY":"Brgy. Kalawag","PROJECT_TY":"Rice Processing Center","SUB_TYPE":"RPC 2","RPC_STATUS":"Operational","LATITUDE":6.622074,"LONGITUDE":124.606584,"ORIG_BENEF":"MASBAKAS Irrigators Association Inc.","NEW_BENEF":"Not Applicable","YEARFUNDED":2013.0,"STATUSYEAR":2021.0,"id":"Rice Processing Centers. 186"},"geometry":{"type":"Point","coordinates":[124.606584,6.622074]}},
{"type":"Feature","properties":{"REGION":"Region XII","PROVINCE":"Sultan Kudarat","MUN":"Columbio","BARANGAY":"Brgy. Poblacion","PROJECT_TY":"Rice Processing Center","SUB_TYPE":"RPC 1","RPC_STATUS":"Operational","LATITUDE":6.6875,"LONGITUDE":124.96775,"ORIG_BENEF":"Columbio Peoples Multi Purpose Cooperative","NEW_BENEF":"Not Applicable","YEARFUNDED":2014.0,"STATUSYEAR":2021.0,"id":"Rice Processing Centers. 187"},"geometry":{"type":"Point","coordinates":[124.96775,6.6875]}},
{"type":"Feature","properties":{"REGION":"Region XII","PROVINCE":"Sultan Kudarat","MUN":"Esperanza","BARANGAY":"Brgy. Salabaca","PROJECT_TY":"Rice Processing Center","SUB_TYPE":"RPC 1","RPC_STATUS":"Non Operational","LATITUDE":6.7084,"LONGITUDE":124.561,"ORIG_BENEF":"First Farmers MPC","NEW_BENEF":"Not Applicable","YEARFUNDED":2013.0,"STATUSYEAR":2021.0,"id":"Rice Processing Centers. 188"},"geometry":{"type":"Point","coordinates":[124.561,6.7084]}},
{"type":"Feature","properties":{"REGION":"Region XII","PROVINCE":"Sultan Kudarat","MUN":"Isulan","BARANGAY":"Brgy. New Pangasinan","PROJECT_TY":"Rice Processing Center","SUB_TYPE":"RPC 1","RPC_STATUS":"Non Operational","LATITUDE":6.643861,"LONGITUDE":124.560556,"ORIG_BENEF":"Central Tayugo MPC","NEW_BENEF":"Not Applicable","YEARFUNDED":2013.0,"STATUSYEAR":2021.0,"id":"Rice Processing Centers. 189"},"geometry":{"type":"Point","coordinates":[124.560556,6.643861]}},
{"type":"Feature","properties":{"REGION":"Region XIII","PROVINCE":"Agusan Norte","MUN":"Butuan","BARANGAY":"Sto. Nino","PROJECT_TY":"Rice Processing Center","SUB_TYPE":"RPC 1","RPC_STATUS":"Operational","LATITUDE":9.036119,"LONGITUDE":125.595328,"ORIG_BENEF":"Sto. Nino MPC","NEW_BENEF":"Not Applicable","YEARFUNDED":2012.0,"STATUSYEAR":2025.0,"id":"Rice Processing Centers. 190"},"geometry":{"type":"Point","coordinates":[125.595328,9.036119]}},
{"type":"Feature","properties":{"REGION":"CAR","PROVINCE":"Abra","MUN":"Manabo","BARANGAY":"Ayyeng","PROJECT_TY":"Rice Processing Center","SUB_TYPE":"RPC 1","RPC_STATUS":"Non Operational","LATITUDE":17.5629,"LONGITUDE":120.61057,"ORIG_BENEF":"Manabo Development Foundation Inc.","NEW_BENEF":"Abra Diocesan Teachers and Employees Multi-Purpose Cooperative (ADTEMPCO)","YEARFUNDED":2013.0,"STATUSYEAR":2025.0,"id":"Rice Processing Centers. 191"},"geometry":{"type":"Point","coordinates":[120.61057,17.5629]}},
{"type":"Feature","properties":{"REGION":"Region XIII","PROVINCE":"Agusan Norte","MUN":"Butuan","BARANGAY":"Florida","PROJECT_TY":"Rice Processing Center","SUB_TYPE":"RPC 1","RPC_STATUS":"Non Operational","LATITUDE":8.78013889,"LONGITUDE":125.5940611,"ORIG_BENEF":"Florida Consumers Cooperative","NEW_BENEF":"Not Applicable","YEARFUNDED":2013.0,"STATUSYEAR":2025.0,"id":"Rice Processing Centers. 192"},"geometry":{"type":"Point","coordinates":[125.5940611,8.78013889]}},
{"type":"Feature","properties":{"REGION":"Region XIII","PROVINCE":"Agusan Norte","MUN":"Butuan City","BARANGAY":"Lemon","PROJECT_TY":"Rice Processing Center","SUB_TYPE":"RPC 1","RPC_STATUS":"Operational","LATITUDE":8.941056,"LONGITUDE":125.585377,"ORIG_BENEF":"Butuan City Brgy Lemon Integrated Farmers Association, Incorporated (change name to: Lemon Farmers A","NEW_BENEF":"Not Applicable","YEARFUNDED":2014.0,"STATUSYEAR":2025.0,"id":"Rice Processing Centers. 193"},"geometry":{"type":"Point","coordinates":[125.585377,8.941056]}},
{"type":"Feature","properties":{"REGION":"Region XIII","PROVINCE":"Agusan Norte","MUN":"Remedios T. Romualdez","BARANGAY":"Tagbongabong","PROJECT_TY":"Rice Processing Center","SUB_TYPE":"RPC 2","RPC_STATUS":"Operational","LATITUDE":9.07820556,"LONGITUDE":125.6118833,"ORIG_BENEF":"RTR Free Farmers Association, Inc.(LGU-RTR took over the operation for meantine)","NEW_BENEF":"Not Applicable","YEARFUNDED":2014.0,"STATUSYEAR":2025.0,"id":"Rice Processing Centers. 194"},"geometry":{"type":"Point","coordinates":[125.6118833,9.07820556]}},
{"type":"Feature","properties":{"REGION":"Region XIII","PROVINCE":"Agusan del Sur","MUN":"Trento","BARANGAY":"Poblacion","PROJECT_TY":"Rice Processing Center","SUB_TYPE":"RPC 2","RPC_STATUS":"Non Operational","LATITUDE":8.02471667,"LONGITUDE":126.0714722,"ORIG_BENEF":"First Trento Community Multi Purpose Coop. (FITCO-MPC)","NEW_BENEF":"SAMPCO","YEARFUNDED":2012.0,"STATUSYEAR":2025.0,"id":"Rice Processing Centers. 195"},"geometry":{"type":"Point","coordinates":[126.0714722,8.02471667]}},
{"type":"Feature","properties":{"REGION":"Region XIII","PROVINCE":"Surigao del Norte","MUN":"Tagana-an","BARANGAY":"Poblacion","PROJECT_TY":"Rice Processing Center","SUB_TYPE":"RPC 1","RPC_STATUS":"Non Operational","LATITUDE":9.698679,"LONGITUDE":125.577767,"ORIG_BENEF":"Himamaug Irrigators Association, Inc. (Changed name to: Sumanga-Himama-ug Farmers Irrigators Associa","NEW_BENEF":"Not Applicable","YEARFUNDED":2014.0,"STATUSYEAR":2025.0,"id":"Rice Processing Centers. 196"},"geometry":{"type":"Point","coordinates":[125.577767,9.698679]}},
{"type":"Feature","properties":{"REGION":"Region XIII","PROVINCE":"Agusan del Sur","MUN":"Esperanza","BARANGAY":"Poblacion","PROJECT_TY":"Rice Processing Center","SUB_TYPE":"RPC 2","RPC_STATUS":"Non Operational","LATITUDE":8.68618056,"LONGITUDE":125.6627611,"ORIG_BENEF":"Hiniusang Kooperatiba sa Esperanza-Esperanza Federation of  Coop.(HIKE-ESFECO)","NEW_BENEF":"Not Applicable","YEARFUNDED":2013.0,"STATUSYEAR":2025.0,"id":"Rice Processing Centers. 197"},"geometry":{"type":"Point","coordinates":[125.6627611,8.68618056]}},
{"type":"Feature","properties":{"REGION":"Region XIII","PROVINCE":"Agusan del Sur","MUN":"Bayugan Cty","BARANGAY":"Maygatasan","PROJECT_TY":"Rice Processing Center","SUB_TYPE":"RPC 2","RPC_STATUS":"Non Operational","LATITUDE":8.725058,"LONGITUDE":125.734061,"ORIG_BENEF":"Bayugan Farmers Millers Multi-Purpose Coop (BFFMPC)","NEW_BENEF":"Not Applicable","YEARFUNDED":2014.0,"STATUSYEAR":2025.0,"id":"Rice Processing Centers. 198"},"geometry":{"type":"Point","coordinates":[125.734061,8.725058]}},
{"type":"Feature","properties":{"REGION":"Region XIII","PROVINCE":"Agusan del Sur","MUN":"San Francisco","BARANGAY":"Pisaan","PROJECT_TY":"Rice Processing Center","SUB_TYPE":"RPC 3","RPC_STATUS":"Operational","LATITUDE":8.525751,"LONGITUDE":125.938873,"ORIG_BENEF":"Agus Pinoy Producers Cooperative","NEW_BENEF":"LGU San Francisco RPC","YEARFUNDED":2012.0,"STATUSYEAR":2025.0,"id":"Rice Processing Centers. 199"},"geometry":{"type":"Point","coordinates":[125.938873,8.525751]}},
{"type":"Feature","properties":{"REGION":"Region XIII","PROVINCE":"Surigao del Norte","MUN":"Del Carmen","BARANGAY":"Tuburan","PROJECT_TY":"Rice Processing Center","SUB_TYPE":"RPC 1","RPC_STATUS":"Non Operational","LATITUDE":9.82207778,"LONGITUDE":126.0344417,"ORIG_BENEF":"Tuburan Livestock and Poultry Raisers Association","NEW_BENEF":"Not Applicable","YEARFUNDED":2012.0,"STATUSYEAR":2025.0,"id":"Rice Processing Centers. 200"},"geometry":{"type":"Point","coordinates":[126.0344417,9.82207778]}},
{"type":"Feature","properties":{"REGION":"Region XIII","PROVINCE":"Surigao del Norte","MUN":"Sison","BARANGAY":"San Pablo","PROJECT_TY":"Rice Processing Center","SUB_TYPE":"RPC 1","RPC_STATUS":"Non Operational","LATITUDE":9.64707778,"LONGITUDE":125.5075139,"ORIG_BENEF":"Hinagnuyan Irrigators Association , Inc.","NEW_BENEF":"Not Applicable","YEARFUNDED":2013.0,"STATUSYEAR":2025.0,"id":"Rice Processing Centers. 201"},"geometry":{"type":"Point","coordinates":[125.5075139,9.64707778]}},
{"type":"Feature","properties":{"REGION":"Region I","PROVINCE":"Ilocos Norte","MUN":"Banna","BARANGAY":"Binacag","PROJECT_TY":"Rice Processing Center","SUB_TYPE":"RPC 1","RPC_STATUS":"Operational","LATITUDE":17.9204292,"LONGITUDE":120.6332592,"ORIG_BENEF":"Bagnos MPC","NEW_BENEF":"Not Applicable","YEARFUNDED":2017.0,"STATUSYEAR":2024.0,"id":"Rice Processing Centers. 202"},"geometry":{"type":"Point","coordinates":[120.6332592,17.9204292]}},
{"type":"Feature","properties":{"REGION":"Region XIII","PROVINCE":"Surigao del Sur","MUN":"Cantilan","BARANGAY":"Calagdaan","PROJECT_TY":"Rice Processing Center","SUB_TYPE":"RPC 2","RPC_STATUS":"Operational","LATITUDE":9.30257222,"LONGITUDE":125.952775,"ORIG_BENEF":"Palasao Agriculture Cooperative","NEW_BENEF":"Not Applicable","YEARFUNDED":2011.0,"STATUSYEAR":2025.0,"id":"Rice Processing Centers. 203"},"geometry":{"type":"Point","coordinates":[125.952775,9.30257222]}},
{"type":"Feature","properties":{"REGION":"Region XIII","PROVINCE":"Surigao del Sur","MUN":"Madrid","BARANGAY":"Patong-patong","PROJECT_TY":"Rice Processing Center","SUB_TYPE":"RPC 2","RPC_STATUS":"Operational","LATITUDE":9.26788889,"LONGITUDE":125.9566833,"ORIG_BENEF":"Patong-patong Farmers Agriculture Cooperative","NEW_BENEF":"Not Applicable","YEARFUNDED":2011.0,"STATUSYEAR":2025.0,"id":"Rice Processing Centers. 204"},"geometry":{"type":"Point","coordinates":[125.9566833,9.26788889]}},
{"type":"Feature","properties":{"REGION":"Region XIII","PROVINCE":"Surigao del Sur","MUN":"Marihatag","BARANGAY":"Bayan","PROJECT_TY":"Rice Processing Center","SUB_TYPE":"RPC 1","RPC_STATUS":"Non Operational","LATITUDE":8.805835,"LONGITUDE":126.28586,"ORIG_BENEF":"Kahugpungan sa mga Marihatagnon alang sa Kauswagan(KASAMAKA) Cooperative","NEW_BENEF":"LGU Marihatag","YEARFUNDED":2014.0,"STATUSYEAR":2025.0,"id":"Rice Processing Centers. 205"},"geometry":{"type":"Point","coordinates":[126.28586,8.805835]}},
{"type":"Feature","properties":{"REGION":"Region XIII","PROVINCE":"Surigao del Sur","MUN":"Tandag City","BARANGAY":"Mabua","PROJECT_TY":"Rice Processing Center","SUB_TYPE":"RPC 2","RPC_STATUS":"Operational","LATITUDE":9.05722222,"LONGITUDE":126.1988194,"ORIG_BENEF":"Tandag First Macro Agriculture Marketing Coop.(TAFIMACO)","NEW_BENEF":"Not Applicable","YEARFUNDED":2013.0,"STATUSYEAR":2025.0,"id":"Rice Processing Centers. 206"},"geometry":{"type":"Point","coordinates":[126.1988194,9.05722222]}},
{"type":"Feature","properties":{"REGION":"Region I","PROVINCE":"Ilocos Norte","MUN":"Sarrat","BARANGAY":"San Isidro","PROJECT_TY":"Rice Processing Center","SUB_TYPE":"RPC 3","RPC_STATUS":"On Going Implementation","LATITUDE":18.11810556,"LONGITUDE":120.6484361,"ORIG_BENEF":"Sarrat Namnama Multi-Purpose Cooperative","NEW_BENEF":"Not Applicable","YEARFUNDED":2023.0,"STATUSYEAR":2025.0,"id":"Rice Processing Centers. 207"},"geometry":{"type":"Point","coordinates":[120.6484361,18.11810556]}},
{"type":"Feature","properties":{"REGION":"Region II","PROVINCE":"Cagayan","MUN":"Abulug","BARANGAY":"Alinunu","PROJECT_TY":"Rice Processing Center","SUB_TYPE":"RPC 3","RPC_STATUS":"On Going Implementation","LATITUDE":18.430103,"LONGITUDE":121.43969,"ORIG_BENEF":"Pagsanggiran Ti Mannalon MPC","NEW_BENEF":"Not Applicable","YEARFUNDED":2023.0,"STATUSYEAR":2025.0,"id":"Rice Processing Centers. 208"},"geometry":{"type":"Point","coordinates":[121.43969,18.430103]}},
{"type":"Feature","properties":{"REGION":"Region I","PROVINCE":"Ilocos Norte","MUN":"San Nicolas","BARANGAY":"San Guillermo","PROJECT_TY":"Rice Processing Center","SUB_TYPE":"RPC 1","RPC_STATUS":"Non Operational","LATITUDE":18.1485876,"LONGITUDE":120.5980481,"ORIG_BENEF":"Catuguing MPC","NEW_BENEF":"Not Applicable","YEARFUNDED":2017.0,"STATUSYEAR":2024.0,"id":"Rice Processing Centers. 209"},"geometry":{"type":"Point","coordinates":[120.5980481,18.1485876]}},
{"type":"Feature","properties":{"REGION":"Region IV-B","PROVINCE":"Palawan","MUN":"Taytay","BARANGAY":"Poblacion","PROJECT_TY":"Rice Processing Center","SUB_TYPE":"RPC 3","RPC_STATUS":"On Going Implementation","LATITUDE":10.808988,"LONGITUDE":119.4929572,"ORIG_BENEF":"Pasada Farmers Association","NEW_BENEF":"Not Applicable","YEARFUNDED":2023.0,"STATUSYEAR":2025.0,"id":"Rice Processing Centers. 210"},"geometry":{"type":"Point","coordinates":[119.4929572,10.808988]}},
{"type":"Feature","properties":{"REGION":"Region VI","PROVINCE":"Negros Occidental","MUN":"Himamaylan City","BARANGAY":"Libacao","PROJECT_TY":"Rice Processing Center","SUB_TYPE":"RPC 3","RPC_STATUS":"On Going Implementation","LATITUDE":10.17760444,"LONGITUDE":122.9185942,"ORIG_BENEF":"Southern Negros Agrarian Reform Cooperative","NEW_BENEF":"Not Applicable","YEARFUNDED":2023.0,"STATUSYEAR":2025.0,"id":"Rice Processing Centers. 211"},"geometry":{"type":"Point","coordinates":[122.9185942,10.17760444]}},
{"type":"Feature","properties":{"REGION":"Region VI","PROVINCE":"Negros Occidental","MUN":"Bago City","BARANGAY":"Taloc","PROJECT_TY":"Rice Processing Center","SUB_TYPE":"RPC 3","RPC_STATUS":"On Going Implementation","LATITUDE":10.55040972,"LONGITUDE":122.9177367,"ORIG_BENEF":"Newton Camingawan Para Farmers Association","NEW_BENEF":"Not Applicable","YEARFUNDED":2023.0,"STATUSYEAR":2025.0,"id":"Rice Processing Centers. 212"},"geometry":{"type":"Point","coordinates":[122.9177367,10.55040972]}},
{"type":"Feature","properties":{"REGION":"Region VI","PROVINCE":"Antique","MUN":"Hamtic","BARANGAY":"Poblacion 5","PROJECT_TY":"Rice Processing Center","SUB_TYPE":"RPC 3","RPC_STATUS":"On Going Implementation","LATITUDE":10.70102,"LONGITUDE":121.9938783,"ORIG_BENEF":"Hamtic Multi-Purpose Cooperative","NEW_BENEF":"Not Applicable","YEARFUNDED":2023.0,"STATUSYEAR":2025.0,"id":"Rice Processing Centers. 213"},"geometry":{"type":"Point","coordinates":[121.9938783,10.70102]}},
{"type":"Feature","properties":{"REGION":"Region VI","PROVINCE":"Iloilo","MUN":"Tigbauan","BARANGAY":"Cordova Sur","PROJECT_TY":"Rice Processing Center","SUB_TYPE":"RPC 3","RPC_STATUS":"On Going Implementation","LATITUDE":10.73358139,"LONGITUDE":122.4120114,"ORIG_BENEF":"Kooperatiba Naton MPC","NEW_BENEF":"Not Applicable","YEARFUNDED":2023.0,"STATUSYEAR":2025.0,"id":"Rice Processing Centers. 214"},"geometry":{"type":"Point","coordinates":[122.4120114,10.73358139]}},
{"type":"Feature","properties":{"REGION":"Region VIII","PROVINCE":"Leyte","MUN":"Barugo","BARANGAY":"Pikas","PROJECT_TY":"Rice Processing Center","SUB_TYPE":"RPC 3","RPC_STATUS":"On Going Implementation","LATITUDE":11.29014083,"LONGITUDE":124.760985,"ORIG_BENEF":"Cuta Multi-Purpose Cooperative","NEW_BENEF":"Not Applicable","YEARFUNDED":2023.0,"STATUSYEAR":2025.0,"id":"Rice Processing Centers. 215"},"geometry":{"type":"Point","coordinates":[124.760985,11.29014083]}},
{"type":"Feature","properties":{"REGION":"Region IX","PROVINCE":"Zamboanga del Sur","MUN":"Aurora","BARANGAY":"La Victoria","PROJECT_TY":"Rice Processing Center","SUB_TYPE":"RPC 3","RPC_STATUS":"On Going Implementation","LATITUDE":7.9697519,"LONGITUDE":123.5479943,"ORIG_BENEF":"Aurora Integrated Multi-Purpose Cooperation - Zamboanga Peninsula (Region IX)","NEW_BENEF":"Not Applicable","YEARFUNDED":2023.0,"STATUSYEAR":2025.0,"id":"Rice Processing Centers. 216"},"geometry":{"type":"Point","coordinates":[123.5479943,7.9697519]}},
{"type":"Feature","properties":{"REGION":"Region X","PROVINCE":"Bukidnon","MUN":"Valencia City","BARANGAY":"Pinatilan","PROJECT_TY":"Rice Processing Center","SUB_TYPE":"RPC 3","RPC_STATUS":"On Going Implementation","LATITUDE":7.765603,"LONGITUDE":124.981495,"ORIG_BENEF":"LOCAL GOVERNMENT UNIT OF VALENCIA","NEW_BENEF":"Not Applicable","YEARFUNDED":2023.0,"STATUSYEAR":2025.0,"id":"Rice Processing Centers. 217"},"geometry":{"type":"Point","coordinates":[124.981495,7.765603]}},
{"type":"Feature","properties":{"REGION":"Region XII","PROVINCE":"South Cotabato","MUN":"Banga","BARANGAY":"Liwanay (Barrio 1)","PROJECT_TY":"Rice Processing Center","SUB_TYPE":"RPC 3","RPC_STATUS":"On Going Implementation","LATITUDE":6.41187778,"LONGITUDE":124.7524878,"ORIG_BENEF":"Provincial Local Government Unit of South Cotabato","NEW_BENEF":"Not Applicable","YEARFUNDED":2023.0,"STATUSYEAR":2025.0,"id":"Rice Processing Centers. 218"},"geometry":{"type":"Point","coordinates":[124.7524878,6.41187778]}},
{"type":"Feature","properties":{"REGION":"Region XII","PROVINCE":"North Cotabato","MUN":"Makilala","BARANGAY":"Bulakanon","PROJECT_TY":"Rice Processing Center","SUB_TYPE":"RPC 3","RPC_STATUS":"On Going Implementation","LATITUDE":6.93157944,"LONGITUDE":125.0444431,"ORIG_BENEF":"Budasan Farmers Irrigators Multi-Purpose Cooperative","NEW_BENEF":"Not Applicable","YEARFUNDED":2023.0,"STATUSYEAR":2025.0,"id":"Rice Processing Centers. 219"},"geometry":{"type":"Point","coordinates":[125.0444431,6.93157944]}},
{"type":"Feature","properties":{"REGION":"Region I","PROVINCE":"Ilocos Norte","MUN":"Vintar","BARANGAY":"P.F. Alviar","PROJECT_TY":"Rice Processing Center","SUB_TYPE":"RPC 1","RPC_STATUS":"Non Operational","LATITUDE":18.260929,"LONGITUDE":120.711433,"ORIG_BENEF":"Alviar MPC","NEW_BENEF":"Not Applicable","YEARFUNDED":2017.0,"STATUSYEAR":2021.0,"id":"Rice Processing Centers. 220"},"geometry":{"type":"Point","coordinates":[120.711433,18.260929]}},
{"type":"Feature","properties":{"REGION":"CAR","PROVINCE":"Apayao","MUN":"Luna","BARANGAY":"Lappa","PROJECT_TY":"Rice Processing Center","SUB_TYPE":"RPC 1","RPC_STATUS":"Operational","LATITUDE":18.3339266,"LONGITUDE":121.3909873,"ORIG_BENEF":"Saint Anthony MPC","NEW_BENEF":"Apayao Seed Producers Multi-Purpose Cooperative","YEARFUNDED":2012.0,"STATUSYEAR":2025.0,"id":"Rice Processing Centers. 221"},"geometry":{"type":"Point","coordinates":[121.3909873,18.3339266]}},
{"type":"Feature","properties":{"REGION":"Region II","PROVINCE":"Cagayan","MUN":"Lal-lo","BARANGAY":"Naguilan","PROJECT_TY":"Rice Processing Center","SUB_TYPE":"RPC 1","RPC_STATUS":"Non Operational","LATITUDE":18.2274458,"LONGITUDE":121.7628676,"ORIG_BENEF":"Naguilan Christian MPC,","NEW_BENEF":"Not Applicable","YEARFUNDED":2012.0,"STATUSYEAR":2025.0,"id":"Rice Processing Centers. 222"},"geometry":{"type":"Point","coordinates":[121.7628676,18.2274458]}},
{"type":"Feature","properties":{"REGION":"Region II","PROVINCE":"Cagayan","MUN":"Aparri","BARANGAY":"Paruddun","PROJECT_TY":"Rice Processing Center","SUB_TYPE":"RPC 1","RPC_STATUS":"Non Operational","LATITUDE":18.3086845,"LONGITUDE":121.6189697,"ORIG_BENEF":"Northern Cagayan Seeds Producers MPC,","NEW_BENEF":"Not Applicable","YEARFUNDED":2012.0,"STATUSYEAR":2025.0,"id":"Rice Processing Centers. 223"},"geometry":{"type":"Point","coordinates":[121.6189697,18.3086845]}},
{"type":"Feature","properties":{"REGION":"Region II","PROVINCE":"Cagayan","MUN":"Claveria","BARANGAY":"Centro 2","PROJECT_TY":"Rice Processing Center","SUB_TYPE":"RPC 1","RPC_STATUS":"Operational","LATITUDE":18.5986587,"LONGITUDE":121.0866681,"ORIG_BENEF":"Communidad Zanjera Educar Credit Cooperative,","NEW_BENEF":"Not Applicable","YEARFUNDED":2012.0,"STATUSYEAR":2025.0,"id":"Rice Processing Centers. 224"},"geometry":{"type":"Point","coordinates":[121.0866681,18.5986587]}},
{"type":"Feature","properties":{"REGION":"Region II","PROVINCE":"Isabela","MUN":"San Manuel","BARANGAY":"Nueva Era","PROJECT_TY":"Rice Processing Center","SUB_TYPE":"RPC 2","RPC_STATUS":"Non Operational","LATITUDE":17.698092,"LONGITUDE":121.5802937,"ORIG_BENEF":"Roxas Hybrid Seed Growers,","NEW_BENEF":"Not Applicable","YEARFUNDED":2012.0,"STATUSYEAR":2025.0,"id":"Rice Processing Centers. 225"},"geometry":{"type":"Point","coordinates":[121.5802937,17.698092]}},
{"type":"Feature","properties":{"REGION":"CAR","PROVINCE":"Apayao","MUN":"Pudtol","BARANGAY":"Amado","PROJECT_TY":"Rice Processing Center","SUB_TYPE":"RPC 1","RPC_STATUS":"Non Operational","LATITUDE":18.24255,"LONGITUDE":121.3712444,"ORIG_BENEF":"Mighty Farmers Irrigators Association","NEW_BENEF":"Not Applicable","YEARFUNDED":2013.0,"STATUSYEAR":2021.0,"id":"Rice Processing Centers. 226"},"geometry":{"type":"Point","coordinates":[121.3712444,18.24255]}},
{"type":"Feature","properties":{"REGION":"CAR","PROVINCE":"Kalinga","MUN":"Tabuk","BARANGAY":"Bulanao","PROJECT_TY":"Rice Processing Center","SUB_TYPE":"RPC 1","RPC_STATUS":"Operational","LATITUDE":17.40287222,"LONGITUDE":121.4382778,"ORIG_BENEF":"UCRIS Tabuk-Pinukpuk Federation of IAs,","NEW_BENEF":"Not Applicable","YEARFUNDED":2011.0,"STATUSYEAR":2021.0,"id":"Rice Processing Centers. 227"},"geometry":{"type":"Point","coordinates":[121.4382778,17.40287222]}},
{"type":"Feature","properties":{"REGION":"CAR","PROVINCE":"Kalinga","MUN":"Tabuk","BARANGAY":"Ipil","PROJECT_TY":"Rice Processing Center","SUB_TYPE":"RPC 1","RPC_STATUS":"Non Operational","LATITUDE":17.42621,"LONGITUDE":121.48085,"ORIG_BENEF":"Federation of Cooperative in the Episcopal Diocese of Northern Luzon (FEDCO-EDNL)","NEW_BENEF":"Not Applicable","YEARFUNDED":2014.0,"STATUSYEAR":2025.0,"id":"Rice Processing Centers. 228"},"geometry":{"type":"Point","coordinates":[121.48085,17.42621]}},
{"type":"Feature","properties":{"REGION":"Region IV-B","PROVINCE":"Palawan","MUN":"Taytay","BARANGAY":"Bato","PROJECT_TY":"Rice Processing Center","SUB_TYPE":"RPC 1","RPC_STATUS":"Operational","LATITUDE":10.69339866,"LONGITUDE":119.4778108,"ORIG_BENEF":"Taytay Municipal Farmers Association","NEW_BENEF":"Not Applicable","YEARFUNDED":2012.0,"STATUSYEAR":2025.0,"id":"Rice Processing Centers. 229"},"geometry":{"type":"Point","coordinates":[119.4778108,10.69339866]}},
{"type":"Feature","properties":{"REGION":"Region IV-B","PROVINCE":"Palawan","MUN":"Rizal","BARANGAY":"Culasian","PROJECT_TY":"Rice Processing Center","SUB_TYPE":"RPC 1","RPC_STATUS":"Non Operational","LATITUDE":8.84156039,"LONGITUDE":117.4970603,"ORIG_BENEF":"Camagbabata Organization Incorporated","NEW_BENEF":"Not Applicable","YEARFUNDED":2019.0,"STATUSYEAR":2025.0,"id":"Rice Processing Centers. 230"},"geometry":{"type":"Point","coordinates":[117.4970603,8.84156039]}},
{"type":"Feature","properties":{"REGION":"Region IV-B","PROVINCE":"Palawan","MUN":"Brooke's Point","BARANGAY":"Maasin","PROJECT_TY":"Rice Processing Center","SUB_TYPE":"RPC 1","RPC_STATUS":"Non Operational","LATITUDE":8.89475861,"LONGITUDE":117.9508311,"ORIG_BENEF":"Maasin Calasaguen Farmers Association","NEW_BENEF":"Not Applicable","YEARFUNDED":2019.0,"STATUSYEAR":2025.0,"id":"Rice Processing Centers. 231"},"geometry":{"type":"Point","coordinates":[117.9508311,8.89475861]}},
{"type":"Feature","properties":{"REGION":"Region IV-B","PROVINCE":"Palawan","MUN":"Narra","BARANGAY":"Poblacion","PROJECT_TY":"Rice Processing Center","SUB_TYPE":"RPC 1","RPC_STATUS":"Operational","LATITUDE":9.27364123,"LONGITUDE":118.4137796,"ORIG_BENEF":"Palawan ARC Cooperative Federation","NEW_BENEF":"Not Applicable","YEARFUNDED":2012.0,"STATUSYEAR":2025.0,"id":"Rice Processing Centers. 232"},"geometry":{"type":"Point","coordinates":[118.4137796,9.27364123]}},
{"type":"Feature","properties":{"REGION":"Region IV-B","PROVINCE":"Palawan","MUN":"Puerto Princesa City","BARANGAY":"Inagawan","PROJECT_TY":"Rice Processing Center","SUB_TYPE":"RPC 1","RPC_STATUS":"Non Operational","LATITUDE":9.5389015,"LONGITUDE":118.6251438,"ORIG_BENEF":"Inagawan Kamuning Irrigators Association","NEW_BENEF":"Not Applicable","YEARFUNDED":2016.0,"STATUSYEAR":2025.0,"id":"Rice Processing Centers. 233"},"geometry":{"type":"Point","coordinates":[118.6251438,9.5389015]}},
{"type":"Feature","properties":{"REGION":"Region I","PROVINCE":"Ilocos Norte","MUN":"Piddig","BARANGAY":"Ab-abut","PROJECT_TY":"Rice Processing Center","SUB_TYPE":"RPC 2","RPC_STATUS":"Non Operational","LATITUDE":18.1698619,"LONGITUDE":120.7010674,"ORIG_BENEF":"Piddig Zanjera Marketing Cooperative","NEW_BENEF":"Not Applicable","YEARFUNDED":2012.0,"STATUSYEAR":2024.0,"id":"Rice Processing Centers. 234"},"geometry":{"type":"Point","coordinates":[120.7010674,18.1698619]}}
]
}
