{
"type": "FeatureCollection",
"name": "SYSTRA ID_251",
"crs": { "type": "name", "properties": { "name": "urn:ogc:def:crs:OGC:1.3:CRS84" } },
"xy_coordinate_resolution": 1e-15,
"features": [
{"type":"Feature","properties":{"fid":49,"HAZ":1.0,"layer":"Capiz_StormSurge_SSA4","path":"/Users/jhannaroseverzo/Downloads/Capiz/Capiz_StormSurge_SSA4.shp","Risk Level":"Low","fid_2":251,"SYSTRA ID":"251","DAR ID":"204","Target Year":"2028","Bridge Category":"Original List","Bridge Name":"SAN PEDRO-SITIO MAMA BRIDGE","Coordinates Y":"11.492461","Coordinates X":"123.062131","Region":"VI","Province":"CAPIZ","ARC 2026":"5S","LINEAR METER IVF 2026":"20","EIRR 2026":"0.22","NEW/REPLACEMENT BRIDGE 2026":"new","Visited by SYSTRA":"No","Selected for 2nd Visit of SYSTRA":"No","Final Funder":"Trésor","2023 IVF URL":"","2026 IVF URL":"https://docs.google.com/spreadsheets/u/1/d/1gny0ZHsl1gMFE5kSFZCp-elRoHLKhlrT/edit"},"geometry":{"type":"MultiPolygon","coordinates":[[[[123.0192551245337,11.483670155290815],[123.019255112264318,11.48348928103986],[123.019071730249863,11.483489293083737],[123.019071742402446,11.483670167334958],[123.0192551245337,11.483670155290815]]],[[[123.019438506664784,11.483670143131475],[123.0192551245337,11.483670155290815],[123.019255136803352,11.483851029539638],[123.019438519051235,11.483851017380031],[123.019621901299018,11.483851005105228],[123.019805283546546,11.483850992715228],[123.019988665793889,11.483850980209942],[123.020172048040962,11.483850967589371],[123.020172035187059,11.483670093341614],[123.019988653056785,11.483670105961918],[123.019988640320037,11.483489231711763],[123.019805258306377,11.483489244216605],[123.019621876292618,11.48348925660625],[123.019438494278518,11.483489268880698],[123.019438506664784,11.483670143131475]]],[[[123.017604696562799,11.483851133788958],[123.01742131431287,11.483851144795887],[123.017421325414134,11.484032019044266],[123.017604707780848,11.484032008037159],[123.017604696562799,11.483851133788958]]],[[[123.017604707780848,11.484032008037159],[123.017604718999252,11.48421288228314],[123.017788101482665,11.484212871160571],[123.017788090147462,11.484031996914768],[123.017604707780848,11.484032008037159]]],[[[123.019071839630186,11.485117161263991],[123.019071827475997,11.484936287030711],[123.018888444526553,11.484936298960902],[123.018888456563857,11.485117173194359],[123.019071839630186,11.485117161263991]]],[[[123.021089080226702,11.485478770877533],[123.021089066786516,11.485297896650914],[123.020905683605619,11.485297909849512],[123.020905696928907,11.485478784076308],[123.021089080226702,11.485478770877533]]],[[[123.018888504715108,11.485840670105985],[123.018888492677007,11.485659795881498],[123.018705109259756,11.485659807697113],[123.018705121181071,11.485840681921866],[123.018888504715108,11.485840670105985]]],[[[123.020538969602711,11.486021432796223],[123.020538956512482,11.485840558575733],[123.020355572980293,11.485840571429096],[123.020172189447933,11.485840584167173],[123.020172202304408,11.486021458388107],[123.020355585953652,11.486021445649763],[123.020538969602711,11.486021432796223]]],[[[123.018705121181071,11.485840681921866],[123.018521737646751,11.485840693622462],[123.018521749451352,11.486021567845173],[123.018705133102557,11.486021556144399],[123.018705121181071,11.485840681921866]]],[[[123.020722366458912,11.4862022940454],[123.020722353251514,11.486021419827397],[123.020538969602711,11.486021432796223],[123.020538982693139,11.486202307014493],[123.020722366458912,11.4862022940454]]],[[[123.020905763548868,11.486383155176716],[123.020905750224415,11.486202280961111],[123.020722366458912,11.4862022940454],[123.020722379666381,11.486383168261272],[123.020905763548868,11.486383155176716]]],[[[123.020905763548868,11.486383155176716],[123.020905776873491,11.486564029390101],[123.021089160872506,11.486564016189993],[123.021089147430985,11.486383141976875],[123.020905763548868,11.486383155176716]]],[[[123.021455942545444,11.486744863654552],[123.021272558429999,11.486744877085409],[123.021272571988845,11.486925751293819],[123.021455956221175,11.486925737862785],[123.021455942545444,11.486744863654552]]],[[[123.018521808477288,11.486925938924974],[123.01852179667172,11.486745064713544],[123.018338412552808,11.486745076299743],[123.018338424241492,11.48692595051144],[123.018521808477288,11.486925938924974]]],[[[123.018705216558374,11.487287675639157],[123.018705204635467,11.487106801432345],[123.018521820283055,11.487106813134274],[123.018521832088979,11.487287687341263],[123.018705216558374,11.487287675639157]]],[[[123.018521867508113,11.48783030994891],[123.018521855701565,11.487649435748581],[123.018338470998231,11.487649447335846],[123.018338482687895,11.487830321536263],[123.018521867508113,11.48783030994891]]],[[[123.018155109440471,11.488011207206794],[123.017971724502928,11.488011218563754],[123.017971735959179,11.488192092760174],[123.018155121013521,11.488192081403037],[123.018155109440471,11.488011207206794]]],[[[123.01888869735275,11.488734657394284],[123.018888685311452,11.488553783205591],[123.018705300023967,11.488553795024314],[123.018705311948466,11.488734669213185],[123.01888869735275,11.488734657394284]]],[[[123.018521973776089,11.48945817765088],[123.018521961967764,11.489277303470713],[123.018338576212287,11.489277315059576],[123.018338587903742,11.489458189239921],[123.018521973776089,11.48945817765088]]],[[[123.022189493148289,11.486925682985705],[123.022189479005021,11.48674480877836],[123.022006094890457,11.486744822670358],[123.022006108916841,11.48692569687797],[123.022189493148289,11.486925682985705]]],[[[123.02255629036533,11.487287403262547],[123.022556275987768,11.487106529060176],[123.022372891639975,11.487106543183101],[123.022372905900653,11.487287417385827],[123.02255629036533,11.487287403262547]]],[[[123.022189521435621,11.487287431393733],[123.022189507291813,11.487106557190829],[123.02200612294358,11.487106571083272],[123.022006136970404,11.487287445286354],[123.022189521435621,11.487287431393733]]],[[[123.022006305311564,11.489457935549074],[123.022189691179562,11.489457921653701],[123.022189677032927,11.489277047477708],[123.022006291281812,11.489277061372816],[123.022006305311564,11.489457935549074]]],[[[123.022006305311564,11.489457935549074],[123.021822919443295,11.489457949329074],[123.021822933356347,11.48963882350329],[123.0220063193415,11.489638809723024],[123.022006305311564,11.489457935549074]]],[[[123.022373091311181,11.489638781816636],[123.022189705326468,11.489638795827473],[123.022189719473559,11.489819669999024],[123.022373105575241,11.489819655987921],[123.022373091311181,11.489638781816636]]],[[[123.025123929106428,11.49018118031182],[123.025307315437786,11.490181164455082],[123.025307299302611,11.490000290292146],[123.025490685516814,11.490000274320389],[123.025674071730762,11.490000258233257],[123.025674055361904,11.489819384068634],[123.02549066926484,11.48981940015541],[123.025307283167606,11.48981941612699],[123.025123897070003,11.489819431983106],[123.025123881052153,11.489638557815463],[123.024940495071263,11.489638573556116],[123.024940510972144,11.489819447724026],[123.024940526873294,11.490000321889715],[123.025123913088123,11.490000306148618],[123.025123929106428,11.49018118031182]]],[[[123.024573785778372,11.490362101351748],[123.02457377011055,11.490181227189966],[123.024390383778126,11.490181242585384],[123.024390399329064,11.490362116747432],[123.024573785778372,11.490362101351748]]],[[[123.02347348204465,11.490543066156844],[123.023656868612264,11.490543051337587],[123.023840255179621,11.490543036402956],[123.023840239979251,11.490362162242418],[123.023656853528777,11.490362177176872],[123.023473467078134,11.490362191995862],[123.02347348204465,11.490543066156844]]],[[[123.02347348204465,11.490543066156844],[123.023290095476767,11.490543080860816],[123.023106708908699,11.490543095449413],[123.023106723641618,11.490723969608618],[123.023290110326656,11.490723955019755],[123.023473497011523,11.490723940315606],[123.02347348204465,11.490543066156844]]],[[[123.022923366189119,11.491085732394302],[123.02310675310828,11.49108571792028],[123.023106738374821,11.490904843765604],[123.022923351572629,11.490904858239359],[123.022923366189119,11.491085732394302]]],[[[123.022923366189119,11.491085732394302],[123.022739979269687,11.491085746753038],[123.022739993769463,11.491266620905938],[123.022923380805864,11.491266606547024],[123.022923366189119,11.491085732394302]]],[[[123.024757282728359,11.491628204908411],[123.024757266941705,11.491447330762616],[123.024573879790992,11.491447346275097],[123.024573895460676,11.491628220421157],[123.024757282728359,11.491628204908411]]],[[[123.022189860957809,11.491628411591259],[123.022189846808317,11.49144753744209],[123.022006459654065,11.491447551339951],[123.022006473686659,11.491628425489298],[123.022189860957809,11.491628411591259]]],[[[123.023290229134645,11.4921709482108],[123.023473616754941,11.492170933504697],[123.023473601786108,11.491990059363877],[123.023290214282795,11.491990074069713],[123.023290229134645,11.4921709482108]]],[[[123.026407835484264,11.492351556655089],[123.026407818644046,11.492170682520575],[123.026224431028012,11.492170699072135],[123.026224447751261,11.492351573206916],[123.026407835484264,11.492351556655089]]],[[[123.024207136360616,11.491809125244989],[123.024023748975253,11.491809140411968],[123.02402376429464,11.49199001455421],[123.023840376792037,11.491990029606169],[123.02384039199471,11.492170903746457],[123.023840407197667,11.492351777884524],[123.02384042240088,11.492532652020371],[123.023657034547185,11.492532666957667],[123.023657049633684,11.492713541091559],[123.023840437604363,11.492713526153997],[123.024023825574687,11.492713511101149],[123.02402381025432,11.492532636967789],[123.02420719810749,11.492532621799834],[123.02439058596039,11.492532606516503],[123.024573973813034,11.492532591117888],[123.024573958142014,11.492351716983018],[123.024390570406339,11.492351732381367],[123.024390554852559,11.492170858244011],[123.024390539299048,11.491989984104434],[123.024390523745708,11.491809109962636],[123.024207136360616,11.491809125244989]]],[[[123.023290229134645,11.4921709482108],[123.023106841514092,11.492170962801529],[123.023106856249242,11.492351836940573],[123.023290243986764,11.492351822349578],[123.023290229134645,11.4921709482108]]],[[[123.026774645098314,11.492713271466526],[123.026774628023716,11.492532397337074],[123.026591240174355,11.492532414119827],[123.026591257131997,11.492713288249634],[123.026774645098314,11.492713271466526]]],[[[123.022740080773559,11.492351865776529],[123.022740095275026,11.492532739913797],[123.022740109776848,11.492713614048844],[123.02274012427884,11.492894488181671],[123.022740138781117,11.493075362312188],[123.022923526986801,11.493075347950965],[123.022923512367655,11.492894473820625],[123.022923497748678,11.492713599688065],[123.022923483129972,11.492532725553284],[123.022923468511536,11.492351851416283],[123.022740080773559,11.492351865776529]]],[[[123.026774645098314,11.492713271466526],[123.026774662173281,11.492894145593846],[123.026958050256226,11.492894128695097],[123.026958033064375,11.492713254568132],[123.026774645098314,11.492713271466526]]],[[[123.023657049633684,11.492713541091559],[123.023473661662834,11.492713555913658],[123.023473676632634,11.492894430045508],[123.023657064720467,11.492894415223143],[123.023657049633684,11.492713541091559]]],[[[123.027324826421307,11.492894094551653],[123.027141438338901,11.492894111681062],[123.027141455648078,11.49307498580554],[123.027324843847452,11.493074968675865],[123.027324826421307,11.492894094551653]]],[[[123.024940781328141,11.492894308236545],[123.024757393242098,11.492894323866354],[123.02457400515587,11.492894339380877],[123.0245740208276,11.493075213508996],[123.024757409030798,11.493075197994207],[123.024940797233825,11.493075182364132],[123.024940781328141,11.492894308236545]]],[[[123.023473676632634,11.492894430045508],[123.023290288544544,11.492894444752588],[123.023290303397729,11.493075318882395],[123.023473691602703,11.493075304175138],[123.023473676632634,11.492894430045508]]],[[[123.023290303397729,11.493075318882395],[123.0231069151924,11.493075333474367],[123.023106929928787,11.49325620760222],[123.0232903182511,11.493256193009982],[123.023290303397729,11.493075318882395]]],[[[123.027324843847452,11.493074968675865],[123.027324861273783,11.493255842797856],[123.027324878700469,11.493436716917538],[123.027508267133442,11.493436699671955],[123.027508249589872,11.49325582555254],[123.027508232046486,11.493074951430815],[123.027324843847452,11.493074968675865]]],[[[123.023106929928787,11.49325620760222],[123.022923541606303,11.493256222078996],[123.02274015328355,11.493256236440486],[123.022740167786267,11.493437110566562],[123.02292355622599,11.493437096204895],[123.023106944665443,11.493437081727764],[123.023106929928787,11.49325620760222]]],[[[123.027324878700469,11.493436716917538],[123.027141490267226,11.493436734047746],[123.027141507577298,11.493617608165474],[123.02732489612751,11.493617591034999],[123.027324878700469,11.493436716917538]]],[[[123.027141542198137,11.493979356394268],[123.02714152488754,11.493798482280981],[123.026958136220088,11.493798499296437],[123.026958153413702,11.493979373409902],[123.0269581706076,11.494160247521235],[123.02714155950909,11.494160230505246],[123.027141542198137,11.493979356394268]]],[[[123.027325000695413,11.494702835692783],[123.027324983266695,11.494521961588733],[123.027324965838318,11.494341087482463],[123.027141576820213,11.494341104614092],[123.027141594131706,11.494521978720629],[123.027141611443454,11.494702852824945],[123.027325000695413,11.494702835692783]]],[[[123.022190073228714,11.494341523559681],[123.022190087381929,11.494522397672968],[123.0221901015355,11.494703271784124],[123.022373490794649,11.494703257766892],[123.022373476524194,11.494522383656003],[123.022556865666118,11.494522369523663],[123.022556851278964,11.49434149541082],[123.022373462253924,11.494341509542894],[123.022190073228714,11.494341523559681]]],[[[123.022740254807857,11.494522355275949],[123.022556865666118,11.494522369523663],[123.022556880053628,11.494703243634286],[123.022740269312337,11.494703229386305],[123.022740254807857,11.494522355275949]]],[[[123.022740269312337,11.494703229386305],[123.022740283817001,11.49488410349444],[123.022923673192423,11.494884089130908],[123.022923658570789,11.49470321502295],[123.022740269312337,11.494703229386305]]],[[[123.022556894441323,11.494884117742687],[123.022556880053628,11.494703243634286],[123.022373490794649,11.494703257766892],[123.02237350506546,11.494884131875471],[123.022556894441323,11.494884117742687]]],[[[123.027691814524857,11.49506454928253],[123.027691796861561,11.494883675183631],[123.027508407493158,11.494883692546809],[123.027508389947201,11.494702818445246],[123.027325000695413,11.494702835692783],[123.0273250181245,11.494883709794612],[123.027325035553844,11.495064583894132],[123.027508425039485,11.495064566646063],[123.027691814524857,11.49506454928253]]],[[[123.02824198297921,11.495064496499952],[123.028241964964991,11.494883622401852],[123.028058575597484,11.494883640111153],[123.02805859349472,11.495064514209519],[123.02824198297921,11.495064496499952]]],[[[123.022740298321935,11.495064977600356],[123.022740283817001,11.49488410349444],[123.022556894441323,11.494884117742687],[123.022556908829273,11.49506499184878],[123.022740298321935,11.495064977600356]]],[[[123.022923702436501,11.495245837339985],[123.022923687814327,11.495064963236556],[123.022740298321935,11.495064977600356],[123.022740312827139,11.49524585170405],[123.022923702436501,11.495245837339985]]],[[[123.023107106785005,11.495426696961575],[123.023107092045692,11.495245822860634],[123.022923702436501,11.495245837339985],[123.02292371705893,11.495426711441192],[123.023107106785005,11.495426696961575]]],[[[123.023107121524689,11.495607571060296],[123.023290511367463,11.495607556465037],[123.023290496510896,11.495426682366583],[123.023107106785005,11.495426696961575],[123.023107121524689,11.495607571060296]]],[[[123.023840696102297,11.495788386082628],[123.023840680894551,11.495607511987105],[123.023657291052402,11.495607526928486],[123.023657306143264,11.495788401024187],[123.023657321234296,11.495969275117757],[123.023840711310399,11.495969260175842],[123.023840726518685,11.496150134266925],[123.024024116711487,11.496150119209458],[123.024024101386146,11.495969245118642],[123.024024086061161,11.495788371025606],[123.023840696102297,11.495788386082628]]],[[[123.029159116404855,11.496873147065179],[123.029159097802676,11.496692272990883],[123.028975707266852,11.496692291279986],[123.028975725752062,11.496873165354549],[123.029159116404855,11.496873147065179]]],[[[123.028242181155264,11.497054111431604],[123.028242163137762,11.496873237358196],[123.028058772483362,11.496873255070605],[123.028058790383895,11.497054129144368],[123.028242181155264,11.497054111431604]]],[[[123.031726625991752,11.497234627030961],[123.031726605750961,11.497053752965547],[123.031543214985717,11.497053772870691],[123.031543235109538,11.497234646936461],[123.031726625991752,11.497234627030961]]],[[[123.029892717154254,11.497234820893132],[123.029892698083458,11.49705394682452],[123.029709307314931,11.497053965575832],[123.029709326268659,11.49723483964471],[123.029892717154254,11.497234820893132]]],[[[123.027875417396075,11.497235020813479],[123.027875399612256,11.49705414674167],[123.027692008840361,11.497054164223597],[123.027692026507111,11.497235038295761],[123.027875417396075,11.497235020813479]]],[[[123.032643601224024,11.497415399834265],[123.032643580397846,11.49723452577267],[123.032460189517323,11.497234546255042],[123.032460210226446,11.497415420316992],[123.032643601224024,11.497415399834265]]],[[[123.031359864234076,11.497415540790401],[123.031359844226884,11.497234666726586],[123.03117645334396,11.497234686401248],[123.031176473234083,11.497415560465507],[123.031359864234076,11.497415540790401]]],[[[123.033193795392037,11.497596211751793],[123.033193774214482,11.497415337693484],[123.033010383217956,11.497415358522423],[123.033010404278542,11.497596232581175],[123.033193795392037,11.497596211751793]]],[[[123.033193795392037,11.497596211751793],[123.033193816569849,11.49777708580797],[123.033377207799958,11.497777064862857],[123.033377186505078,11.497596190807124],[123.033193795392037,11.497596211751793]]],[[[123.027692079509421,11.497777660498576],[123.027692061841691,11.497596786433251],[123.027508670718518,11.497596803800603],[123.027508688269194,11.497777677866283],[123.02750870582021,11.497958551929743],[123.027692097177422,11.49795853456177],[123.027692079509421,11.497777660498576]]],[[[123.034110816243725,11.498138728030716],[123.034110794480156,11.497957853980845],[123.033927403134413,11.49795787538781],[123.033927424780998,11.498138749438125],[123.034110816243725,11.498138728030716]]],[[[123.033193880105514,11.498319707962823],[123.033193858926637,11.498138833913396],[123.033010467462134,11.498138854743756],[123.033010488524042,11.498319728793449],[123.033193880105514,11.498319707962823]]],[[[123.040712986572657,11.49868050260312],[123.040712960595485,11.498499628573589],[123.040529568913115,11.498499654136252],[123.040346177230376,11.49849967958354],[123.040346202973524,11.498680553613871],[123.040529594773318,11.498680528166227],[123.040712986572657,11.49868050260312]]],[[[123.027875559677469,11.498682013307482],[123.027875541891248,11.498501139253525],[123.027692150183299,11.498501156737762],[123.02769216785245,11.498682030791896],[123.027875559677469,11.498682013307482]]],[[[123.029892888806003,11.498862687409739],[123.029892869732294,11.498681813361289],[123.029709477910643,11.498681832115265],[123.029709496867312,11.498862706163981],[123.029892888806003,11.498862687409739]]],[[[123.029892907879997,11.499043561455879],[123.029709515824322,11.499043580210477],[123.029709534781688,11.499224454254753],[123.029892926954332,11.499224435499888],[123.029892907879997,11.499043561455879]]],[[[123.042180228609411,11.499403790025786],[123.041996836345547,11.499403816513842],[123.041813444081242,11.499403842886524],[123.041813470762747,11.499584716902289],[123.041996863144121,11.499584690529163],[123.042180255525039,11.499584664040663],[123.042180228609411,11.499403790025786]]],[[[123.041446659551212,11.499403895285587],[123.041446633104187,11.499223021266713],[123.041263240955516,11.49922304729265],[123.041079848806405,11.499223073203302],[123.040896456656938,11.499223098998401],[123.040896482752956,11.499403973018607],[123.040896508849329,11.499584847036504],[123.040896534946228,11.499765721052091],[123.041079927446788,11.499765695255748],[123.041079901232919,11.499584821240516],[123.041079875019477,11.499403947222975],[123.041263267285572,11.499403921311968],[123.041446659551212,11.499403895285587]]],[[[123.028792610658925,11.499586294382658],[123.028792592286152,11.499405420341402],[123.028609199994577,11.499405438404109],[123.028609218250381,11.499586312445631],[123.028792610658925,11.499586294382658]]],[[[123.033194028367987,11.499585826245751],[123.033194007186523,11.499404952212045],[123.033010614902949,11.499404973044713],[123.033010635967344,11.499585847078775],[123.033010657032094,11.499766721110616],[123.033194049549707,11.499766700277236],[123.033194028367987,11.499585826245751]]],[[[123.043097272425499,11.499946277885664],[123.043097244923857,11.499765403877449],[123.042913852428271,11.499765430943443],[123.042913825044124,11.499584556932474],[123.042913797660347,11.499403682919285],[123.042730405398345,11.499403709869016],[123.042547013135817,11.499403736703373],[123.04254704028547,11.49958461071745],[123.042730432664982,11.499584583882649],[123.042730459932145,11.499765457894062],[123.042730487199748,11.499946331903255],[123.042913879812843,11.499946304952191],[123.043097272425499,11.499946277885664]]],[[[123.029709610614091,11.499947950409384],[123.029709591655489,11.499767076374079],[123.029526199131467,11.499767095014457],[123.029342806607104,11.499767113539372],[123.029342825331597,11.499947987575299],[123.029526217973029,11.499947969050028],[123.029709610614091,11.499947950409384]]],[[[123.040713194406237,11.50012749475855],[123.040713168425498,11.499946620746959],[123.040529775806988,11.499946646312909],[123.040529801670658,11.500127520324943],[123.040713194406237,11.50012749475855]]],[[[123.033927662917719,11.500128363843087],[123.033927641267027,11.499947489817464],[123.033744248633866,11.499947511112873],[123.033744270167389,11.500128385138852],[123.033927662917719,11.500128363843087]]],[[[123.033560856000165,11.49994753229282],[123.033377463366193,11.499947553357392],[123.033377484665692,11.500128427383993],[123.033560877416718,11.500128406319154],[123.033560856000165,11.49994753229282]]],[[[123.034844626663627,11.500128255633113],[123.034844648899707,11.50030912965474],[123.034844671136227,11.500490003674146],[123.035028064118364,11.500489981685158],[123.035028041764861,11.500309107666196],[123.035028019411726,11.500128233644924],[123.035211412159384,11.500128211541183],[123.035211389689621,11.499947337518046],[123.035211367220128,11.499766463492689],[123.035027974706509,11.499766485595631],[123.035027997058933,11.499947359621432],[123.034844604427903,11.499947381609266],[123.034844582192449,11.499766507583198],[123.034661189678118,11.499766529455302],[123.034661211796418,11.499947403481814],[123.034661233915173,11.500128277506017],[123.034844626663627,11.500128255633113]]],[[[123.03796232755424,11.5003087401504],[123.037962303328541,11.500127866135079],[123.037778910586752,11.500127889970058],[123.037778934695382,11.500308763985823],[123.03796232755424,11.5003087401504]]],[[[123.037228756116335,11.500308834799577],[123.037412148976429,11.500308811310367],[123.037595541836083,11.500308787705782],[123.037595517844522,11.500127913689751],[123.037412125101838,11.500127937293891],[123.037228732358798,11.500127960782658],[123.037045339615318,11.50012798415605],[123.037045363255871,11.500308858173325],[123.037045386896793,11.50048973218829],[123.037228779874297,11.500489708814188],[123.037228756116335,11.500308834799577]]],[[[123.03961288854488,11.5004893944469],[123.039612863265546,11.500308520437352],[123.039429470410326,11.500308545311677],[123.039429495572691,11.50048941932158],[123.03961288854488,11.5004893944469]]],[[[123.038512530705631,11.500489541963477],[123.038512506128399,11.500308667951531],[123.038329113270791,11.500308692133254],[123.038145720412729,11.500308716199514],[123.03796232755424,11.5003087401504],[123.03796235178028,11.5004896141635],[123.038145744755752,11.500489590212259],[123.038329137730869,11.500489566145555],[123.038512530705631,11.500489541963477]]],[[[123.035761636043162,11.500489892575017],[123.03576161322151,11.500309018557475],[123.035578220357948,11.500309041007784],[123.035578243062545,11.50048991502568],[123.035761636043162,11.500489892575017]]],[[[123.032827369257888,11.500671111955585],[123.032827348308416,11.500490237934669],[123.032827327359314,11.500309363911443],[123.032827306410553,11.500128489886086],[123.032643913658106,11.500128510489249],[123.032460520905303,11.50012853097695],[123.032277128152231,11.500128551349276],[123.032277148749884,11.500309425375699],[123.032277169347893,11.500490299399901],[123.032460562335089,11.500490279026865],[123.032460583050522,11.500671153048492],[123.032643976154432,11.500671132559726],[123.032827369257888,11.500671111955585]]],[[[123.035028064118364,11.500489981685158],[123.035028086472309,11.500670855701989],[123.035211479571146,11.500670833597271],[123.035211457100147,11.500489959580795],[123.035028064118364,11.500489981685158]]],[[[123.036862017443127,11.500670629460119],[123.036903345531456,11.500670624218623],[123.037045410538056,11.500670606201036],[123.037045386896793,11.50048973218829],[123.036903345531456,11.500489750202592],[123.036861993918833,11.50048975544693],[123.036678600940604,11.500489778590195],[123.036495207961849,11.500489801617997],[123.036495231252104,11.500670675631897],[123.036311838155925,11.500670698544679],[123.03631186132948,11.500851572556714],[123.036495254542629,11.500851549643576],[123.036495277833595,11.501032423652946],[123.036678671163457,11.501032400623989],[123.036678647755423,11.500851526614975],[123.036862040967776,11.500851503470999],[123.036862017443127,11.500670629460119]]],[[[123.035578265767583,11.500670789041445],[123.035394872669542,11.500670811377089],[123.035394895257866,11.5008516853909],[123.035578288472976,11.500851663054901],[123.035578265767583,11.500670789041445]]],[[[123.035945097841903,11.501032492047125],[123.035945074902031,11.500851618036689],[123.035761681687717,11.500851640603527],[123.035761704510534,11.501032514614318],[123.035945097841903,11.501032492047125]]],[[[123.041813710916955,11.501212582943543],[123.041813684231371,11.50103170894794],[123.041630290913233,11.501031735209066],[123.041630317481847,11.501212609205114],[123.041813710916955,11.501212582943543]]],[[[123.037045481464347,11.501213228225859],[123.037045457821833,11.501032354219864],[123.036903345531456,11.501032372244024],[123.036862064492865,11.501032377479659],[123.03686208801831,11.501213251486098],[123.036903345531456,11.501213246253306],[123.037045481464347,11.501213228225859]]],[[[123.041813710916955,11.501212582943543],[123.041813737602979,11.501393456937015],[123.041997131154616,11.501393430559625],[123.041997104351609,11.501212556566687],[123.041813710916955,11.501212582943543]]],[[[123.037412292232318,11.501394055362235],[123.03741226835534,11.50121318135926],[123.037228874910014,11.501213204850247],[123.037228898669937,11.501394078853666],[123.037412292232318,11.501394055362235]]],[[[123.035761750157306,11.501394262629416],[123.035761727333693,11.501213388622977],[123.035578333884914,11.501213411075151],[123.035578356591458,11.501394285081856],[123.035761750157306,11.501394262629416]]],[[[123.044014432102685,11.501212258801763],[123.04383103867309,11.501212286448537],[123.043831066646618,11.501393160437123],[123.044014460193196,11.501393132789994],[123.044197853739405,11.501393105027402],[123.044197881947426,11.501573979012791],[123.044381275610249,11.501573951134381],[123.044381303935779,11.501754825117105],[123.044564697715131,11.501754797122787],[123.044748091493972,11.501754769012917],[123.044748062934232,11.501573895031081],[123.044931456595563,11.501573866806281],[123.044931427919295,11.501392992822668],[123.044748034375033,11.501393021046935],[123.044748005816274,11.501212147060658],[123.044564612388641,11.501212175169107],[123.044381218960453,11.501212203162092],[123.044197825531754,11.501212231039704],[123.044014432102685,11.501212258801763]],[[123.044381247285088,11.501393077149347],[123.04456464083033,11.501393049155917],[123.044564669272461,11.501573923140418],[123.044381275610249,11.501573951134381],[123.044381247285088,11.501393077149347]]],[[[123.037595709788661,11.501574905755829],[123.037595685794173,11.50139403175543],[123.037412292232318,11.501394055362235],[123.037412316109666,11.501574929363079],[123.037595709788661,11.501574905755829]]],[[[123.037779127579043,11.50175575603094],[123.037779103467216,11.501574882033117],[123.037595709788661,11.501574905755829],[123.037595733783519,11.501755779754008],[123.037779127579043,11.50175575603094]]],[[[123.044381303935779,11.501754825117105],[123.044197910156058,11.501754852996049],[123.044197938365045,11.501935726976997],[123.044381332261921,11.501935699097698],[123.044381303935779,11.501754825117105]]],[[[123.037779127579043,11.50175575603094],[123.037779151691311,11.501936630026544],[123.037962545603634,11.501936606187657],[123.037962521374212,11.501755732192409],[123.037779127579043,11.50175575603094]]],[[[123.042914208464182,11.502116792882111],[123.042914181073996,11.501935918900275],[123.042730787173483,11.501935945856134],[123.042730814446514,11.502116819838415],[123.042914208464182,11.502116792882111]]],[[[123.036862205651502,11.502117621484542],[123.036903345531456,11.502117616266228],[123.037045599682841,11.502117598222439],[123.037045576038381,11.501936724227635],[123.036903345531456,11.501936742268137],[123.036862182124096,11.501936747489294],[123.036862205651502,11.502117621484542]]],[[[123.043281024122734,11.502297612601931],[123.043280996497984,11.502116738623203],[123.043097602481311,11.502116765810433],[123.043097629988992,11.502297639789516],[123.043281024122734,11.502297612601931]]],[[[123.037412411623222,11.502298425343893],[123.037412387744283,11.50211755135202],[123.03722899371374,11.502117574844961],[123.037229017475624,11.502298448837189],[123.037412411623222,11.502298425343893]]],[[[123.036678811619808,11.502117644631094],[123.0366788350306,11.502298518624476],[123.036862229179349,11.502298495477481],[123.036862205651502,11.502117621484542],[123.036678811619808,11.502117644631094]]],[[[123.043281051747925,11.502478486578438],[123.043464445998296,11.502478459274945],[123.043464418256036,11.502297585298882],[123.043281024122734,11.502297612601931],[123.043281051747925,11.502478486578438]]],[[[123.036678881853319,11.502660266604403],[123.036678858441732,11.50247939261555],[123.036495464175559,11.502479415647526],[123.036495487470077,11.502660289636735],[123.036678881853319,11.502660266604403]]],[[[123.035945327261672,11.502841232028915],[123.035945304317892,11.502660358040862],[123.035761909933143,11.50266038061134],[123.035761932759769,11.502841254599838],[123.035945327261672,11.502841232028915]]],[[[123.035395143754911,11.502841299395117],[123.035395121162324,11.502660425405908],[123.035211726776424,11.502660447630086],[123.035211749251872,11.50284132161965],[123.035395143754911,11.502841299395117]]],[[[123.044381502228362,11.503020942933739],[123.044381473899378,11.502840068966647],[123.044198079417285,11.502840096848344],[123.044198107629114,11.50302097081588],[123.044381502228362,11.503020942933739]]],[[[123.044014713029526,11.503020998582469],[123.044014684934751,11.502840124614488],[123.043831290451593,11.50284015226517],[123.043831318429397,11.503021026233595],[123.044014713029526,11.503020998582469]]],[[[123.042547664853331,11.503744712422703],[123.04254763769319,11.50356383846014],[123.042364242738145,11.503563865188982],[123.042364269781231,11.503744739151989],[123.042547664853331,11.503744712422703]]],[[[123.042180982417193,11.504468261596879],[123.0421809554894,11.504287387642487],[123.041997560065127,11.504287414142089],[123.041997586875851,11.504468288096925],[123.042180982417193,11.504468261596879]]],[[[123.041630795791946,11.504468340750629],[123.041447400249282,11.504468366904286],[123.041447426709283,11.504649240858233],[123.041630822369001,11.504649214704132],[123.041630795791946,11.504468340750629]]],[[[123.040530500154418,11.505011117801667],[123.040713896050576,11.505011092224171],[123.040713870058028,11.504830218273066],[123.040713844065934,11.50464934431974],[123.040713818074281,11.504468470364193],[123.040530422529486,11.504468495940534],[123.040530448404084,11.504649369896525],[123.040530474279024,11.504830243850206],[123.040530500154418,11.505011117801667]]],[[[123.04016368271968,11.504830294658097],[123.04016365707885,11.504649420703528],[123.039980261415664,11.504649445933834],[123.039980286939425,11.504830319888759],[123.04016368271968,11.504830294658097]]],[[[123.042731332722255,11.505553425075599],[123.042731305440427,11.505372551135951],[123.042547909315033,11.505372577984607],[123.042547936479792,11.505553451924699],[123.042731332722255,11.505553425075599]]],[[[123.039797018198357,11.50573471474714],[123.039796992789618,11.505553840803051],[123.03961359654005,11.505553865804385],[123.039613621831819,11.505734739748918],[123.039797018198357,11.50573471474714]]],[[[123.042731387287134,11.505915172948322],[123.042914783763365,11.50591514598287],[123.042914811163584,11.506096019915413],[123.043098207756429,11.506095992834053],[123.043098180239056,11.505915118901955],[123.043098152722138,11.505734244967636],[123.042914756363587,11.505734272048107],[123.042914728964178,11.505553398111124],[123.042731332722255,11.505553425075599],[123.042731360004424,11.505734299013115],[123.042731387287134,11.505915172948322]]],[[[123.039430275815221,11.506096512518438],[123.039430250639811,11.50591563857799],[123.039246854155238,11.505915663349198],[123.039246879213593,11.506096537290089],[123.039246904272389,11.506277411228671],[123.039430300991086,11.506277386456665],[123.039430275815221,11.506096512518438]]],[[[123.042914811163584,11.506096019915413],[123.042731414570383,11.50609604688122],[123.042731441853974,11.506276920811898],[123.042914838564329,11.506276893845646],[123.042914811163584,11.506096019915413]]],[[[123.041814458295377,11.506277053911029],[123.041814431597174,11.506096179978131],[123.041631035001231,11.506096206251071],[123.041447638404833,11.506096232408547],[123.041447664868727,11.506277106342244],[123.041631061582279,11.506277080184413],[123.041814458295377,11.506277053911029]]],[[[123.042548045143093,11.506276947662686],[123.042548072310069,11.506457821591587],[123.042731469138019,11.506457794740443],[123.042731441853974,11.506276920811898],[123.042548045143093,11.506276947662686]]],[[[123.040714078010268,11.506277209818849],[123.040530681294499,11.506277235399276],[123.040347284578374,11.506277260864239],[123.040347310340167,11.506458134798203],[123.040530707173346,11.506458109332796],[123.040714104006184,11.506458083752014],[123.040714078010268,11.506277209818849]]],[[[123.039613748296617,11.506639109438099],[123.039797145248727,11.506639084434278],[123.039797119837758,11.506458210501291],[123.039797094427243,11.506277336566173],[123.039613697709427,11.506277361569106],[123.039613723002802,11.506458235504757],[123.039613748296617,11.506639109438099]]],[[[123.039613748296617,11.506639109438099],[123.039430351344137,11.506639134326369],[123.039430376521253,11.506820008257845],[123.039613773590872,11.506819983369132],[123.039613748296617,11.506639109438099]]],[[[123.038880234962889,11.507181830089719],[123.03888021013617,11.507000956161528],[123.038696812947805,11.507000980588655],[123.038696837657369,11.507181854517201],[123.038880234962889,11.507181830089719]]],[[[123.057770265508637,11.507721317074315],[123.057770228618054,11.507540443203412],[123.057586831131616,11.507540479528222],[123.057586867905044,11.507721353399747],[123.057770265508637,11.507721317074315]]],[[[123.037779947623875,11.507905470622193],[123.037779923498192,11.507724596700664],[123.037596525838921,11.507724620436344],[123.03759654984745,11.507905494358317],[123.037779947623875,11.507905470622193]]],[[[123.037229778068181,11.508086415404462],[123.037229754293421,11.507905541483998],[123.037046356515845,11.507905564873555],[123.03704638017345,11.508086438794374],[123.037229778068181,11.508086415404462]]],[[[123.036679607806576,11.508267359147117],[123.036679584382824,11.50808648522772],[123.036496186486929,11.508086508271154],[123.036496209793526,11.508267382190907],[123.036679607806576,11.508267359147117]]],[[[123.053368859181319,11.508445652521315],[123.053368825099156,11.508264778645882],[123.053185427129989,11.508264812200819],[123.053185461094998,11.508445686076874],[123.053368859181319,11.508445652521315]]],[[[123.036312904542015,11.508990900777194],[123.036312881350966,11.508810026866056],[123.036129482985856,11.508810049679985],[123.036129506059751,11.508990923591478],[123.036129529134087,11.509171797500661],[123.036312927733505,11.509171774686022],[123.036312904542015,11.508990900777194]]],[[[123.05391919117649,11.509169046634637],[123.053919156740662,11.508988172769774],[123.053735758304754,11.508988206673498],[123.053735792623343,11.509169080538895],[123.05391919117649,11.509169046634637]]],[[[123.053552428271828,11.509349988191397],[123.053552394069669,11.5091691143276],[123.053368995515456,11.509169148000842],[123.053369029600375,11.509350021865172],[123.053552428271828,11.509349988191397]]],[[[123.051535108684448,11.509712099981728],[123.051535075769706,11.509531226116598],[123.051351676974974,11.509531258520189],[123.051351709772561,11.509712132385852],[123.051535108684448,11.509712099981728]]],[[[123.049884518458342,11.509712387459858],[123.049701119541581,11.509712418824281],[123.04951772062438,11.509712450073151],[123.049334321706539,11.509712481206558],[123.049334353216267,11.509893355075596],[123.049517752251163,11.509893323941744],[123.049701151285518,11.509893292692341],[123.049884550319433,11.509893261327386],[123.050067949352737,11.509893229846968],[123.050067917374491,11.509712355979973],[123.049884518458342,11.509712387459858]]],[[[123.048967617697258,11.51025516473001],[123.049151016967514,11.510255133826197],[123.049150985573959,11.510074259961156],[123.048967586420758,11.510074290864525],[123.048967617697258,11.51025516473001]]],[[[123.054653029729522,11.510435026838417],[123.054652994821097,11.510254152991406],[123.054469595567539,11.510254187361069],[123.054286196313356,11.510254221615179],[123.054286230987486,11.510435095463256],[123.054469630358724,11.510435061208613],[123.054653029729522,11.510435026838417]]],[[[123.048784218426462,11.510255195518271],[123.048784249586333,11.510436069382068],[123.048967648974283,11.510436038593275],[123.048967617697258,11.51025516473001],[123.048784218426462,11.510255195518271]]],[[[123.048600850197857,11.51043610005531],[123.048417450808941,11.510436130613089],[123.048417481734958,11.510617004475554],[123.048600881241114,11.51061697391742],[123.048600850197857,11.51043610005531]]],[[[123.049334510772638,11.510797724387034],[123.049334479260253,11.510616850529187],[123.049151079756314,11.510616881549529],[123.04915111115146,11.510797755407909],[123.049334510772638,11.510797724387034]]],[[[123.048234113037836,11.510797908779091],[123.048234082228348,11.510617034918313],[123.048050682721211,11.510617065245432],[123.048050713413559,11.510797939106654],[123.048234113037836,11.510797908779091]]],[[[123.056120332214292,11.510977369231634],[123.056120296366956,11.510796495395903],[123.055936896766653,11.510796530691492],[123.05593693249692,11.510977404527756],[123.056120332214292,11.510977369231634]]],[[[123.050251540968958,11.510978441402875],[123.05025150887036,11.510797567549824],[123.050068109251939,11.51079759914837],[123.050068141233382,11.510978473001865],[123.050251540968958,11.510978441402875]]],[[[123.048967742808372,11.510978660169746],[123.048967711529755,11.510797786313143],[123.048784311907596,11.510797817102913],[123.048784343068974,11.51097869096005],[123.048967742808372,11.510978660169746]]],[[[123.050251540968958,11.510978441402875],[123.050251573068167,11.511159315253705],[123.050434972920357,11.51115928353863],[123.050434940704079,11.510978409688333],[123.050251540968958,11.510978441402875]]],[[[123.048600974373912,11.511159595490073],[123.048600943329134,11.510978721634713],[123.048417543588769,11.510978752193912],[123.048417574516378,11.511159626049716],[123.048600974373912,11.511159595490073]]],[[[123.050801772623231,11.511159219761913],[123.050618372772107,11.511159251708003],[123.050618405106064,11.511340125555547],[123.050801805074428,11.511340093608924],[123.050801772623231,11.511159219761913]]],[[[123.052819238429919,11.511520608409098],[123.053002638508687,11.511520575075407],[123.053186038586915,11.511520541626252],[123.053369438664618,11.511520508061546],[123.053369404572777,11.511339634224127],[123.053186004612229,11.511339667788301],[123.053002604651141,11.511339701237011],[123.052819204689527,11.511339734570081],[123.052819238429919,11.511520608409098]]],[[[123.05410310809215,11.511882120310757],[123.05410314265437,11.512062994139205],[123.054286543080593,11.51206295999514],[123.054469943506277,11.512062925735433],[123.054653343931349,11.512062891360264],[123.054653309017766,11.511882017533503],[123.054469908709763,11.51188205190814],[123.054286508401219,11.511882086167224],[123.05410310809215,11.511882120310757]]],[[[123.052636006475069,11.51242501079115],[123.052819407140205,11.512424977570346],[123.053002807804816,11.51242494423399],[123.053002773944442,11.512244070406785],[123.053186174491358,11.51224403695541],[123.053369575037578,11.512244003388483],[123.053369540943521,11.512063129560124],[123.05318614051437,11.512063163126518],[123.053002740084679,11.51206319657736],[123.052819339654363,11.512063229912561],[123.052819373396972,11.512244103742608],[123.052635972848989,11.512244136962879],[123.052636006475069,11.51242501079115]]],[[[123.050068365118548,11.512244589913889],[123.050068333133297,11.512063716076115],[123.049884932694198,11.512063747562662],[123.049884964562295,11.512244621400969],[123.049884996430848,11.512425495237055],[123.050068397104255,11.512425463749532],[123.050068365118548,11.512244589913889]]],[[[123.057221022930008,11.512424145606071],[123.057220986374901,11.512243271791744],[123.05703758584103,11.512243307785175],[123.057037622278997,11.512424181600034],[123.057221022930008,11.512424145606071]]],[[[123.050801999792625,11.512425336643828],[123.050801967338231,11.512244462810317],[123.050618566784109,11.512244494759516],[123.050618599121364,11.51242536859356],[123.050801999792625,11.512425336643828]]],[[[123.052636006475069,11.51242501079115],[123.052452605809293,11.512425043896402],[123.052452639318759,11.512605917722984],[123.052636040101675,11.5126058846172],[123.052636006475069,11.51242501079115]]],[[[123.048234421160785,11.512606647263501],[123.048234390346153,11.512425773425194],[123.048050989667502,11.512425803757198],[123.04786758898824,11.512425833973738],[123.047867619568578,11.512606707813022],[123.048051020364909,11.512606677596038],[123.048234421160785,11.512606647263501]]],[[[123.051352333032142,11.513148735406853],[123.051168931893869,11.513148767705372],[123.051168964585401,11.513329641526626],[123.051352365840827,11.513329609227663],[123.051352333032142,11.513148735406853]]],[[[123.053736582111284,11.513329178824749],[123.053553180863062,11.513329212625978],[123.053369779614385,11.513329246311743],[123.053369813712436,11.513510120124382],[123.053553215078352,11.513510086438172],[123.053553249294268,11.513690960248057],[123.053736650776813,11.513690926445674],[123.053920052258718,11.513690892527739],[123.053920017808494,11.51351001871892],[123.053736616443743,11.513510052636322],[123.053736582111284,11.513329178824749]]],[[[123.042732724700699,11.514777993025627],[123.042732697395508,11.514597119200376],[123.042549295296141,11.514597146071059],[123.042549322484078,11.514778019896754],[123.042732724700699,11.514777993025627]]],[[[123.056671436529797,11.515499107771587],[123.056671400315835,11.515318233993677],[123.056487997788011,11.515318269650221],[123.056488033884818,11.515499143428753],[123.056671436529797,11.515499107771587]]],[[[123.057038496973448,11.516765152485275],[123.057038460520829,11.516584278724151],[123.056855057173919,11.516584314615974],[123.056855093509299,11.516765188377631],[123.057038496973448,11.516765152485275]]],[[[123.06455436917831,11.500665810105692],[123.064370976164909,11.500665850679104],[123.064187583150797,11.500665891137141],[123.064187624114126,11.500846765071548],[123.064187665078066,11.501027639003736],[123.064371058326302,11.501027598544367],[123.064371017245207,11.50084672461289],[123.064554410375663,11.500846684038768],[123.06455436917831,11.500665810105692]]],[[[123.063820878579648,11.501027719576085],[123.063820837849647,11.500846845642654],[123.063637444716434,11.500846885755012],[123.06363748532938,11.501027759689064],[123.063637525942937,11.501208633620985],[123.063820919310274,11.501208593507295],[123.064004312676801,11.50120855327823],[123.064187706042816,11.501208512933614],[123.064187665078066,11.501027639003736],[123.064004271829219,11.501027679347642],[123.063820878579648,11.501027719576085]]],[[[123.063821000773459,11.501570341363054],[123.063820960041511,11.501389467436285],[123.063637566557205,11.501389507550597],[123.063637607172083,11.501570381478077],[123.063821000773459,11.501570341363054]]],[[[123.065288232898595,11.501931764123752],[123.065288191228902,11.501750890206752],[123.065104797515971,11.501750931245924],[123.065104839068695,11.501931805163546],[123.065288232898595,11.501931764123752]]],[[[123.065471668515414,11.502112596882652],[123.06547162672787,11.501931722968495],[123.065288232898595,11.501931764123752],[123.065288274569085,11.502112638038531],[123.065471668515414,11.502112596882652]]],[[[123.064187910876555,11.502112882549698],[123.064187869908437,11.501932008631011],[123.06418782894103,11.501751134710014],[123.064004435223936,11.501751175056496],[123.063821041506216,11.501751215287603],[123.0638210822395,11.501932089209843],[123.063821122973579,11.502112963129862],[123.063821163708283,11.502293837047661],[123.064004557777196,11.5022937968146],[123.064004516925422,11.502112922897512],[123.064187910876555,11.502112882549698]]],[[[123.066938862785051,11.502293137385822],[123.067122256842055,11.502293095190241],[123.06712221400042,11.502112221284433],[123.066938820060471,11.502112263479392],[123.066938862785051,11.502293137385822]]],[[[123.065471668515414,11.502112596882652],[123.065471710303598,11.5022934707945],[123.065655104366201,11.502293429522448],[123.065655062460962,11.50211255561131],[123.065471668515414,11.502112596882652]]],[[[123.064554781183404,11.502474549335906],[123.064554739979741,11.502293675422903],[123.06437134591296,11.502293716002265],[123.064371386999483,11.50247458991589],[123.064554781183404,11.502474549335906]]],[[[123.064004557777196,11.5022937968146],[123.06400459862958,11.502474670729557],[123.064004639482761,11.502655544642204],[123.064188033785086,11.502655504292436],[123.064187992814922,11.50247463038041],[123.064187951845383,11.502293756466164],[123.064004557777196,11.5022937968146]]],[[[123.068039270543835,11.502473756380782],[123.06822266471346,11.502473713491801],[123.068406058882474,11.502473670487356],[123.068406102544969,11.502654544383928],[123.068406146208261,11.50283541827819],[123.068406189872178,11.503016292170232],[123.068406233536891,11.503197166059964],[123.068406277202413,11.503378039947565],[123.06858967195592,11.503377996824193],[123.068589628173441,11.503197122937303],[123.06858958439166,11.503016249048281],[123.068589540610589,11.50283537515695],[123.068589496830327,11.50265450126331],[123.068589453050677,11.502473627367538],[123.068589409271823,11.502292753469456],[123.068772803322261,11.502292710234885],[123.068772759427148,11.502111836335294],[123.06877271553266,11.501930962433482],[123.06858932171636,11.501931005666632],[123.068405927899335,11.501931048784408],[123.068222534081514,11.501931091786721],[123.068222577624724,11.502111965690665],[123.068222621168744,11.502292839592387],[123.068039227116174,11.502292882480569],[123.068039270543835,11.502473756380782]]],[[[123.066755511335657,11.502474053370948],[123.066755553944674,11.502654927273648],[123.066755596554415,11.502835801174038],[123.066755639164782,11.503016675072297],[123.066939033690744,11.503016632989427],[123.066938990963237,11.502835759091878],[123.066938948236427,11.50265488519211],[123.066938905510426,11.50247401129012],[123.066938862785051,11.502293137385822],[123.066755468727422,11.502293179466028],[123.066755511335657,11.502474053370948]]],[[[123.065471793882068,11.502655218611535],[123.065288399584631,11.502655259769456],[123.065288441257877,11.502836133675265],[123.065471835672369,11.502836092516722],[123.065471793882068,11.502655218611535]]],[[[123.066572287132288,11.503197590936276],[123.066388892487836,11.503197632788931],[123.066388934865586,11.503378506683992],[123.066572329627093,11.503378464830716],[123.066572287132288,11.503197590936276]]],[[[123.065288607957768,11.503559629276117],[123.065288566281779,11.503378755379279],[123.065105171515299,11.503378796424313],[123.065105213074318,11.503559670321861],[123.065288607957768,11.503559629276117]]],[[[123.066205624626775,11.503740296206599],[123.066205582364759,11.503559422315357],[123.066022187484762,11.503559463938418],[123.066022229629809,11.50374033783037],[123.066205624626775,11.503740296206599]]],[[[123.063821489610604,11.503740828309228],[123.063821448870399,11.50355995440937],[123.06363805398135,11.503559994531498],[123.063638094604499,11.503740868431978],[123.063821489610604,11.503740828309228]]],[[[123.068406582881096,11.504644157097532],[123.068406539210514,11.504463283225741],[123.068406495540643,11.50428240935164],[123.068406451871482,11.504101535475231],[123.068406408203131,11.503920661596689],[123.068406364535477,11.503739787715928],[123.068222969547136,11.503739830725168],[123.068223013097622,11.503920704606641],[123.068223056649018,11.504101578485892],[123.068223100201024,11.504282452362924],[123.068039704860681,11.504282495258833],[123.068039748296343,11.504463369134355],[123.067856352838135,11.504463411915422],[123.067856396157538,11.504644285789345],[123.068039791732787,11.504644243007567],[123.068223187307254,11.504644200110326],[123.068406582881096,11.504644157097532]]],[[[123.064005007191824,11.504283409755134],[123.064004966332604,11.504102535862737],[123.063821571092987,11.504102576102193],[123.063821611835237,11.504283449995301],[123.063821652578113,11.504464323886188],[123.064005048051854,11.504464283645399],[123.064005007191824,11.504283409755134]]],[[[123.06748960500488,11.504644371006512],[123.0674895619197,11.504463497131256],[123.067306166459375,11.504463539565934],[123.067306209427485,11.5046444134419],[123.06748960500488,11.504644371006512]]],[[[123.062171132974186,11.504645554751791],[123.062171093284249,11.504464680857351],[123.061987697803843,11.504464719943419],[123.06198773737664,11.504645593838481],[123.062171132974186,11.504645554751791]]],[[[123.059786951987149,11.504465179970369],[123.059603556498132,11.504465217555326],[123.059603594548946,11.504646091458381],[123.059786990154933,11.504646053872802],[123.059786951987149,11.504465179970369]]],[[[123.062171172664748,11.504826428643922],[123.062354568378652,11.504826389441059],[123.062354528571035,11.50464551554955],[123.062171132974186,11.504645554751791],[123.062171172664748,11.504826428643922]]],[[[123.067489691177371,11.505006118750449],[123.067489648090771,11.504825244879635],[123.067306252396321,11.504825287315645],[123.067306295365853,11.50500616118717],[123.067489691177371,11.505006118750449]]],[[[123.063821774811004,11.505006945545437],[123.063821734066082,11.5048260716613],[123.063638338357507,11.504826111787869],[123.063638378985374,11.505006985672717],[123.063821774811004,11.505006945545437]]],[[[123.067489691177371,11.505006118750449],[123.067489734264768,11.505186992618954],[123.06767313019273,11.50518695006606],[123.067673086988265,11.505006076198177],[123.067489691177371,11.505006118750449]]],[[[123.060153896575031,11.505188600045324],[123.060153858171077,11.505007726150884],[123.059970462332203,11.505007763968633],[123.059970500619087,11.505188637863784],[123.060153896575031,11.505188600045324]]],[[[123.059420312747207,11.505188750626116],[123.0594202748116,11.50500787672919],[123.059236878970154,11.505007914085086],[123.059236916788706,11.505188787982634],[123.059420312747207,11.505188750626116]]],[[[123.058870162454681,11.505369736245763],[123.058870124869728,11.505188862349192],[123.058686728909265,11.50518889935932],[123.058503332948177,11.505188936253896],[123.058503370299022,11.505369810151622],[123.058686766377164,11.505369773256424],[123.058870162454681,11.505369736245763]]],[[[123.067122985260625,11.505367951246059],[123.067306381307063,11.505367908923469],[123.06730633833611,11.505187035056386],[123.067122942406726,11.505187077378354],[123.066939546476647,11.505187119584859],[123.066756150545757,11.5051871616759],[123.066756193165531,11.505368035544938],[123.066939589213391,11.505367993453275],[123.066939631950945,11.505548867319382],[123.067123028115233,11.505548825111545],[123.067122985260625,11.505367951246059]]],[[[123.05887020004036,11.505550610140025],[123.059053596234321,11.50555057301319],[123.059053558531588,11.50536969911955],[123.058870162454681,11.505369736245763],[123.05887020004036,11.505550610140025]]],[[[123.066756235786016,11.505548909411756],[123.066572839620292,11.505548951388667],[123.066572882124348,11.505729825253885],[123.066756278407127,11.505729783276353],[123.066939674689195,11.505729741183268],[123.066939631950945,11.505548867319382],[123.066756235786016,11.505548909411756]]],[[[123.05887020004036,11.505550610140025],[123.058686803845674,11.505550647151219],[123.058686841314909,11.505731521043883],[123.05887023762655,11.505731484031978],[123.05887020004036,11.505550610140025]]],[[[123.058503482355249,11.505912431831211],[123.058503445002543,11.505731557940235],[123.058320048689566,11.505731594721125],[123.058320085925203,11.505912468612722],[123.058503482355249,11.505912431831211]]],[[[123.05905374705155,11.506274068565459],[123.059053709346244,11.506093194680789],[123.058870312801005,11.506093231809311],[123.058870350389157,11.506274105694603],[123.05905374705155,11.506274068565459]]],[[[123.065656110303308,11.506634402718907],[123.065839507175127,11.506634361315493],[123.065839465135866,11.506453487458712],[123.06602286188992,11.506453445940368],[123.066206258643263,11.50645340430656],[123.066389655395881,11.50645336255729],[123.06638969778642,11.506634236412028],[123.066573094655396,11.506634194546583],[123.0665731371638,11.506815068398391],[123.066756534149135,11.506815026416684],[123.066939931133845,11.506814984319602],[123.066939888391232,11.506634110469127],[123.067123285258077,11.506634068257204],[123.067123242399205,11.50645319440522],[123.066939845649415,11.506453236616432],[123.066756448898929,11.506453278712181],[123.066756406274891,11.506272404856643],[123.066756363651649,11.506091530998797],[123.066756321029033,11.50591065713864],[123.066572924629099,11.505910699116884],[123.066572882124348,11.505729825253885],[123.066389485840844,11.505729867115955],[123.066389528228541,11.505910740979663],[123.066389570616948,11.506091614841152],[123.066572967134647,11.506091572977661],[123.066573009640834,11.506272446836219],[123.066389613006066,11.506272488700331],[123.066206216370489,11.50627253044898],[123.0660228197343,11.506272572082077],[123.065839423097316,11.506272613599711],[123.065656026459706,11.506272655001881],[123.065656068381202,11.506453528861504],[123.065656110303308,11.506634402718907]]],[[[123.060520997613395,11.506635515127739],[123.060520958970088,11.506454641252395],[123.060337562195784,11.506454679306044],[123.060337600722036,11.50663555318201],[123.060520997613395,11.506635515127739]]],[[[123.059237219359829,11.506635779082286],[123.059237181536218,11.506454905202679],[123.059053784757381,11.506454942447908],[123.059053822463937,11.506635816328137],[123.059237219359829,11.506635779082286]]],[[[123.058136837974786,11.50663600082491],[123.058136800853816,11.50645512694175],[123.057953404071171,11.506455163494023],[123.057770007287985,11.506455199930832],[123.057586610504188,11.506455236252178],[123.057403213719667,11.506455272457972],[123.057403250372303,11.50663614634353],[123.057403287025565,11.506817020226867],[123.057586684044196,11.50681698401983],[123.05758664727388,11.506636110137114],[123.057770044174745,11.506636073815235],[123.057953441075085,11.506636037377804],[123.058136837974786,11.50663600082491]]],[[[123.06180481529897,11.506816119382846],[123.061804775835256,11.506635245514074],[123.061621378948416,11.506635284376765],[123.06162141829499,11.506816158246158],[123.06180481529897,11.506816119382846]]],[[[123.058870500747986,11.506997601213387],[123.058870463157348,11.506816727337066],[123.058687066143065,11.506816764352523],[123.058687103616649,11.506997638229377],[123.058870500747986,11.506997601213387]]],[[[123.065656110303308,11.506634402718907],[123.065472713430779,11.506634444006947],[123.065472755236527,11.506815317862751],[123.065472797042915,11.506996191716334],[123.065472838850098,11.507177065567697],[123.065472880657893,11.50735793941684],[123.065472922466498,11.507538813263674],[123.065656319924514,11.507538771972348],[123.065656277998855,11.507357898126136],[123.065656236073906,11.507177024277704],[123.065656194149653,11.506996150427051],[123.065656152226126,11.506815276574089],[123.065656110303308,11.506634402718907]]],[[[123.059053935587215,11.507178437955323],[123.059053897878812,11.506997564081844],[123.058870500747986,11.506997601213387],[123.058870538339349,11.507178475087398],[123.059053935587215,11.507178437955323]]],[[[123.059053935587215,11.507178437955323],[123.059053973296258,11.507359311826493],[123.059237370660668,11.507359274578333],[123.059237332834471,11.507178400707607],[123.059053935587215,11.507178437955323]]],[[[123.061071383266807,11.50753976960579],[123.061071344268839,11.507358895743502],[123.060887946911009,11.507358934146739],[123.060887985791723,11.507539808009648],[123.061071383266807,11.50753976960579]]],[[[123.065472922466498,11.507538813263674],[123.065289525007671,11.507538854439536],[123.065289566699832,11.507719728284771],[123.065472964275713,11.507719687108287],[123.065472922466498,11.507538813263674]]],[[[123.065289566699832,11.507719728284771],[123.06510616912324,11.507719769345792],[123.065106210698971,11.507900643189517],[123.065289608392703,11.507900602127874],[123.065289566699832,11.507719728284771]]],[[[123.059787639106759,11.507720909871511],[123.059604241510101,11.507720947467481],[123.059604279572355,11.507901821330213],[123.059787677286081,11.507901783733621],[123.059787639106759,11.507720909871511]]],[[[123.058137060713946,11.507721244076974],[123.057953663111604,11.507721280633421],[123.057953700119867,11.507902154501481],[123.058137097839278,11.507902117944413],[123.058137060713946,11.507721244076974]]],[[[123.05887076390043,11.508263718284839],[123.058870726305344,11.508082844424239],[123.058687328471265,11.508082881443871],[123.058687365949197,11.508263755305004],[123.05887076390043,11.508263718284839]]],[[[123.05923759763084,11.50844451775499],[123.05923755980092,11.508263643897854],[123.059054161850938,11.508263681149122],[123.059054199563789,11.50844455500688],[123.05923759763084,11.50844451775499]]],[[[123.057953811148295,11.508444776092253],[123.05795377413817,11.508263902230853],[123.057770376183925,11.508263938673524],[123.057770413076895,11.508444812535545],[123.057953811148295,11.508444776092253]]],[[[123.057953811148295,11.508444776092253],[123.057953848159045,11.508625649951343],[123.058137246346973,11.508625613391965],[123.058137209219154,11.508444739533408],[123.057953811148295,11.508444776092253]]],[[[123.063822671373472,11.508986170429614],[123.063822630613458,11.508805296594771],[123.063639232328626,11.508805336735728],[123.0636392729715,11.508986210571193],[123.063822671373472,11.508986170429614]]],[[[123.063455874568902,11.508986250597131],[123.063455834043182,11.508805376761044],[123.063272435756943,11.508805416670898],[123.063089037470064,11.508805456465199],[123.063089077761575,11.508986330302617],[123.063272476165594,11.508986290507695],[123.063455874568902,11.508986250597131]]],[[[123.058870914287056,11.508987213704946],[123.058870876689497,11.508806339853228],[123.058687478386901,11.508806376875258],[123.058687515867405,11.508987250727509],[123.058870914287056,11.508987213704946]]],[[[123.062538882545525,11.508986448994429],[123.062355484138919,11.508986488327411],[123.062355523962538,11.509167362165096],[123.062538922486368,11.509167322831493],[123.062538882545525,11.508986448994429]]],[[[123.061438492095476,11.508986683259215],[123.061255093684792,11.508986721899062],[123.06125513280567,11.509167595740477],[123.061438531333508,11.509167557100097],[123.061438492095476,11.508986683259215]]],[[[123.059054388137483,11.509348924262186],[123.059054350421519,11.509168050415619],[123.058870951885339,11.509168087554356],[123.058870989484149,11.509348961401455],[123.059054388137483,11.509348924262186]]],[[[123.059054463571456,11.50971067194857],[123.059054425854157,11.509529798106533],[123.058871027083683,11.509529835246424],[123.058871064683828,11.509710709089083],[123.059054463571456,11.50971067194857]]],[[[123.057770708243197,11.50989180335027],[123.057770671345153,11.509710929506278],[123.057587272453262,11.509710965838194],[123.057587309234052,11.509891839682718],[123.057770708243197,11.50989180335027]]],[[[123.058137580525795,11.510253478017729],[123.058137543392291,11.510072604179422],[123.057954144267342,11.510072640743507],[123.057954181283691,11.510253514582436],[123.058137580525795,11.510253478017729]]],[[[123.057954292336362,11.510796136085721],[123.057954255318151,11.510615262253543],[123.057770855841127,11.510615298703852],[123.057770892742184,11.510796172536653],[123.057954292336362,11.510796136085721]]],[[[123.057771114161426,11.511881415486203],[123.057771077256717,11.511700541666903],[123.057587677076171,11.511700578005213],[123.057587713863725,11.511881451825134],[123.057771114161426,11.511881415486203]]],[[[123.060705557619244,11.512061692157127],[123.06088895802327,11.512061653853367],[123.060888919126199,11.511880780046591],[123.060888880229768,11.511699906237505],[123.060705480060051,11.511699944540021],[123.060705518839342,11.511880818349729],[123.060705557619244,11.512061692157127]]],[[[123.060522157214521,11.512061730345424],[123.060522195877908,11.512242604151224],[123.06070559639987,11.512242565962394],[123.060705557619244,11.512061692157127],[123.060522157214521,11.512061730345424]]],[[[123.060338795355406,11.512242642224502],[123.06033883390235,11.512423516028703],[123.060522234541992,11.512423477954803],[123.060522195877908,11.512242604151224],[123.060338795355406,11.512242642224502]]],[[[123.059972109248051,11.512785339433984],[123.059972070934165,11.512604465633069],[123.059788670175408,11.512604503360935],[123.059788708372054,11.512785377162471],[123.05978874656941,11.512966250961787],[123.059972147562561,11.512966213232678],[123.059972109248051,11.512785339433984]]],[[[123.059788822965999,11.513327998553669],[123.059788784767392,11.513147124758794],[123.059605383656475,11.513147162372972],[123.059605421737928,11.51332803616838],[123.059788822965999,11.513327998553669]]],[[[123.057954958770026,11.514051864681685],[123.057954921740631,11.51387099088983],[123.057771520154617,11.513871027350708],[123.057771557066872,11.514051901143185],[123.057954958770026,11.514051864681685]]],[[[123.058689465719425,11.518392687953449],[123.058689428206137,11.518211814217905],[123.058506023809855,11.51821185115538],[123.058322619412849,11.518211887977214],[123.058322656691558,11.518392761714003],[123.058506061205804,11.518392724891546],[123.058689465719425,11.518392687953449]]],[[[123.057955884706161,11.518573708747804],[123.057955847661304,11.518392835012081],[123.057772443145197,11.518392871487615],[123.057772480072899,11.518573745223959],[123.057955884706161,11.518573708747804]]],[[[123.059606564478401,11.518754248987451],[123.059606526377763,11.518573375259367],[123.0594231217501,11.518573412776112],[123.059423159733498,11.518754286504818],[123.059606564478401,11.518754248987451]]],[[[123.059239830722234,11.51911607135836],[123.059239792854839,11.518935197633562],[123.059056387991461,11.518935234920269],[123.059056425741616,11.519116108645688],[123.059239830722234,11.51911607135836]]],[[[123.059973642329808,11.520020289631239],[123.059973603990258,11.519839415920119],[123.059790198543155,11.51983945367232],[123.059790236765565,11.520020327384062],[123.059973642329808,11.520020289631239]]],[[[123.062428645000296,11.522390848000574],[123.062457419000182,11.52240212000053],[123.062480438000136,11.522413393000575],[123.062514967000155,11.522430302000641],[123.062541855974757,11.522443469641663],[123.062541839975822,11.522371106878504],[123.062388440432443,11.522371139823262],[123.062399871000224,11.522373938000596],[123.062428645000296,11.522390848000574]]],[[[123.074646848839279,11.522910872967396],[123.074463441456402,11.522910919982587],[123.074463489072002,11.523091793601603],[123.074280081571075,11.523091840501953],[123.074280129070146,11.523272714119548],[123.074463536688398,11.523272667218398],[123.074646944305854,11.523272620201697],[123.074646896572119,11.523091746585701],[123.07483030407144,11.523091699454069],[123.074830256221276,11.522910825836474],[123.074646848839279,11.522910872967396]]],[[[123.074463631923507,11.523634414445327],[123.074463584305605,11.523453540832973],[123.074280176570113,11.523453587734833],[123.074280224070776,11.523634461347898],[123.074463631923507,11.523634414445327]]],[[[123.076847983079844,11.523814667786203],[123.077031391038531,11.523814619263506],[123.077214798996422,11.523814570625168],[123.077214749618321,11.52363369702667],[123.077031341777754,11.523633745664208],[123.076847933936307,11.523633794186106],[123.076847983079844,11.523814667786203]]],[[[123.073913455629736,11.523815428418382],[123.073913408362841,11.523634554806028],[123.073730000507709,11.523634601361676],[123.073730047657378,11.523815474974741],[123.073913455629736,11.523815428418382]]],[[[123.076847983079844,11.523814667786203],[123.076664575120276,11.523814716193259],[123.076664624147369,11.523995589791847],[123.076848032224177,11.52399554138408],[123.076847983079844,11.523814667786203]]],[[[123.077948530516679,11.524176122099083],[123.077948480667743,11.523995248508223],[123.077765072595909,11.523995297610012],[123.077765122327506,11.524176171201672],[123.077948530516679,11.524176122099083]]],[[[123.077398256449655,11.523995395466669],[123.07721484837532,11.523995444221447],[123.077214897755113,11.524176317815504],[123.077398305946772,11.524176269059838],[123.077398256449655,11.523995395466669]]],[[[123.073363278625877,11.523996441352713],[123.073179870533778,11.52399648756286],[123.07317991733315,11.524177361173615],[123.073363325542573,11.524177314962847],[123.073363278625877,11.523996441352713]]],[[[123.072629785597513,11.524539246331456],[123.072629739148539,11.52435837272292],[123.072446330818678,11.524358418471747],[123.072446377150413,11.524539292081082],[123.072629785597513,11.524539246331456]]],[[[123.077948530516679,11.524176122099083],[123.077948580366396,11.524356995687635],[123.077948630217008,11.524537869274054],[123.077948680068417,11.524718742858164],[123.078132088608598,11.524718693637537],[123.078132138578141,11.524899567218627],[123.078315547234851,11.524899517881471],[123.078315497147983,11.52471864430118],[123.078315447061911,11.524537770718668],[123.078132038639865,11.524537820054137],[123.078131988672013,11.524356946468606],[123.078131938704956,11.524176072880765],[123.077948530516679,11.524176122099083]]],[[[123.071529380649281,11.524720392704735],[123.071529334903303,11.524539519093979],[123.071345926451585,11.524539564149583],[123.071345972080238,11.52472043776096],[123.071529380649281,11.524720392704735]]],[[[123.071162609022707,11.524901356311501],[123.071162563510484,11.524720482701634],[123.070979154939934,11.524720527526577],[123.070979200334818,11.524901401137155],[123.071162609022707,11.524901356311501]]],[[[123.078132138578141,11.524899567218627],[123.077948729920635,11.524899616440054],[123.077948779773735,11.525080490019723],[123.078132188548565,11.525080440797497],[123.078132138578141,11.524899567218627]]],[[[123.070795836924503,11.525082319456237],[123.070795791646148,11.524901445847169],[123.070612382956753,11.524901490441453],[123.070612428117869,11.52508236405132],[123.070795836924503,11.525082319456237]]],[[[123.06749447829003,11.525083104467404],[123.067494435123137,11.524902230845635],[123.067311026420427,11.524902273357762],[123.067311069469994,11.525083146980153],[123.06749447829003,11.525083104467404]]],[[[123.070062201693275,11.525082497142281],[123.069878792883529,11.525082541274534],[123.069878837576141,11.525263414885023],[123.070062246503113,11.52526337075197],[123.070062201693275,11.525082497142281]]],[[[123.069328610790663,11.525263546589892],[123.069145201860664,11.525263590260204],[123.069145246084759,11.525444463871137],[123.069328655132082,11.525444420200204],[123.069328610790663,11.525263546589892]]],[[[123.076665212536085,11.526166072800015],[123.076665163499214,11.525985199228339],[123.076481754131251,11.525985247528991],[123.076481803050882,11.526166121101467],[123.076665212536085,11.526166072800015]]],[[[123.074335489000305,11.526514177000591],[123.074350033660977,11.526528421202942],[123.074464393919925,11.52652839193693],[123.074464346289147,11.526347518360547],[123.074280936676843,11.526347565274486],[123.074280974437656,11.526491312886078],[123.074302576000065,11.5264948360005],[123.074335489000305,11.526514177000591]]],[[[123.075014671087402,11.526709124070633],[123.075014623103925,11.526528250498691],[123.074831213376697,11.52652829776053],[123.074831261242934,11.526709171333094],[123.075014671087402,11.526709124070633]]],[[[123.076115568361189,11.52833670007003],[123.076115519666459,11.528155826522957],[123.075932108888153,11.528155874485835],[123.075932157465573,11.528336748033619],[123.076115568361189,11.52833670007003]]],[[[123.080518923796944,11.533580845560865],[123.080702338075199,11.533580794680587],[123.080702286421939,11.53339992121869],[123.080518872261095,11.53339997209808],[123.080518923796944,11.533580845560865]]],[[[123.08015209523785,11.533580946974142],[123.080152043936764,11.53340007350967],[123.079968629773347,11.53340012404187],[123.079968680957023,11.533580997507054],[123.08015209523785,11.533580946974142]]],[[[123.080335509517795,11.533580896325413],[123.08015209523785,11.533580946974142],[123.080152146539845,11.533761820436306],[123.080335560937201,11.533761769786688],[123.08051897533376,11.533761719021429],[123.080518923796944,11.533580845560865],[123.080335509517795,11.533580896325413]]]]}},
{"type":"Feature","properties":{"fid":50,"HAZ":2.0,"layer":"Capiz_StormSurge_SSA4","path":"/Users/jhannaroseverzo/Downloads/Capiz/Capiz_StormSurge_SSA4.shp","Risk Level":"Medium","fid_2":251,"SYSTRA ID":"251","DAR ID":"204","Target Year":"2028","Bridge Category":"Original List","Bridge Name":"SAN PEDRO-SITIO MAMA BRIDGE","Coordinates Y":"11.492461","Coordinates X":"123.062131","Region":"VI","Province":"CAPIZ","ARC 2026":"5S","LINEAR METER IVF 2026":"20","EIRR 2026":"0.22","NEW/REPLACEMENT BRIDGE 2026":"new","Visited by SYSTRA":"No","Selected for 2nd Visit of SYSTRA":"No","Final Funder":"Trésor","2023 IVF URL":"","2026 IVF URL":"https://docs.google.com/spreadsheets/u/1/d/1gny0ZHsl1gMFE5kSFZCp-elRoHLKhlrT/edit"},"geometry":{"type":"MultiPolygon","coordinates":[[[[123.017421269909633,11.4831276477799],[123.017421258809364,11.482946773520331],[123.017319823458351,11.48294677954447],[123.017279599344235,11.483127656193698],[123.017421269909633,11.4831276477799]]],[[[123.0192551245337,11.483670155290815],[123.019438506664784,11.483670143131475],[123.019438494278518,11.483489268880698],[123.019255112264318,11.48348928103986],[123.0192551245337,11.483670155290815]]],[[[123.017421281010186,11.48330852203725],[123.017421292110896,11.483489396292379],[123.017421303211805,11.483670270545288],[123.01742131431287,11.483851144795887],[123.017604696562799,11.483851133788958],[123.017604685344836,11.483670259538448],[123.017604674127142,11.483489385285806],[123.017604662909534,11.483308511030854],[123.017421281010186,11.48330852203725]]],[[[123.017237954031785,11.484212904182511],[123.017421336515554,11.484212893290424],[123.017604718999252,11.48421288228314],[123.017604707780848,11.484032008037159],[123.017421325414134,11.484032019044266],[123.01742131431287,11.483851144795887],[123.017237932062784,11.483851155687619],[123.017127219410384,11.483851162193641],[123.017061745093358,11.484212914537746],[123.017237954031785,11.484212904182511]]],[[[123.018888372306805,11.483851053512906],[123.018888384342958,11.484031927759863],[123.01870500197758,11.484031939573791],[123.018705013897019,11.484212813818706],[123.018521631414487,11.484212825517615],[123.018338248931869,11.484212837101238],[123.018154866448981,11.484212848569575],[123.017971483965908,11.484212859922716],[123.017971495418081,11.484393734166121],[123.018154878018038,11.484393722812802],[123.01833826061781,11.484393711344199],[123.018521643217312,11.484393699760398],[123.018521655020308,11.484574574000961],[123.018521666823489,11.484755448239392],[123.018521678626854,11.484936322475425],[123.018705061576838,11.484936310775806],[123.018705049656504,11.484755436539862],[123.018705037736439,11.484574562301697],[123.018705025816644,11.484393688061312],[123.018888408415791,11.48439367624694],[123.018888396379282,11.484212802004512],[123.019071778861289,11.484212790075121],[123.019071766708166,11.48403191583065],[123.019255149073189,11.484031903786152],[123.019255136803352,11.483851029539638],[123.0192551245337,11.483670155290815],[123.019071742402446,11.483670167334958],[123.019071754555213,11.48385104158387],[123.018888372306805,11.483851053512906]]],[[[123.017054604152065,11.484755537685443],[123.017054593283774,11.484574663445679],[123.016996270784531,11.484574666836549],[123.016963533631127,11.484755542980412],[123.017054604152065,11.484755537685443]]],[[[123.018705061576838,11.484936310775806],[123.018705073497259,11.48511718500953],[123.018888456563857,11.485117173194359],[123.018888444526553,11.484936298960902],[123.018705061576838,11.484936310775806]]],[[[123.020905683605619,11.485297909849512],[123.020905670282488,11.485117035620407],[123.020905656959641,11.48493616138917],[123.020905643636965,11.484755287155712],[123.020722260806437,11.484755300238314],[123.020722274012229,11.484936174472038],[123.020538891064646,11.484936187439621],[123.020538904153739,11.485117061671302],[123.020722287218291,11.485117048703541],[123.020722300424438,11.485297922932736],[123.020722313630941,11.485478797159798],[123.020905696928907,11.485478784076308],[123.020905683605619,11.485297909849512]]],[[[123.020905710252478,11.485659658300884],[123.02090572357622,11.485840532523151],[123.020905736900133,11.486021406743285],[123.021089120548581,11.486021393543799],[123.021089107107684,11.48584051932402],[123.021089093667058,11.485659645101842],[123.021089080226702,11.485478770877533],[123.020905696928907,11.485478784076308],[123.020905710252478,11.485659658300884]]],[[[123.020538956512482,11.485840558575733],[123.020538943422508,11.485659684353022],[123.020355560007204,11.485659697206119],[123.020172176591643,11.485659709944018],[123.020172189447933,11.485840584167173],[123.020355572980293,11.485840571429096],[123.020538956512482,11.485840558575733]]],[[[123.019621988828121,11.485117124781263],[123.019438605762403,11.485117137057488],[123.01925522269643,11.485117149218338],[123.019255234967673,11.48529802344922],[123.019438618150545,11.485298011288103],[123.019438630538858,11.485478885516587],[123.019255247239101,11.485478897677881],[123.019071863939189,11.48547890972389],[123.018888480639077,11.485478921654702],[123.01870509733871,11.485478933470139],[123.018521714038172,11.48547894517038],[123.018521725842419,11.485659819397531],[123.018338342424812,11.485659830982664],[123.018338354112345,11.485840705207773],[123.018338365800062,11.486021579430661],[123.018338377487964,11.486202453651329],[123.018338389176037,11.486383327869687],[123.01833840086428,11.486564202085825],[123.018521784866309,11.486564190499804],[123.018521773061096,11.486383316283844],[123.018521761256139,11.486202442065574],[123.018521749451352,11.486021567845173],[123.018521737646751,11.485840693622462],[123.018705121181071,11.485840681921866],[123.018705109259756,11.485659807697113],[123.018888492677007,11.485659795881498],[123.019071876093989,11.485659783950508],[123.0192552595108,11.485659771904322],[123.019438642927341,11.485659759742761],[123.019622026343797,11.485659747466004],[123.019622038849434,11.48584062168978],[123.019805422382419,11.485840609297471],[123.01980543500521,11.486021483518849],[123.019988818654895,11.486021471011076],[123.020172202304408,11.486021458388107],[123.020172189447933,11.485840584167173],[123.019988805915304,11.485840596789965],[123.019988793175898,11.485659722566632],[123.019805409759982,11.485659735073961],[123.019805397137631,11.485478860848142],[123.019988780436762,11.485478848340991],[123.020172163735609,11.485478835718643],[123.020355547034299,11.485478822980921],[123.020355534061565,11.485297948753503],[123.020172150879759,11.485297961490959],[123.019988767697797,11.485297974113218],[123.01980538451555,11.485297986620102],[123.019622001333133,11.48529799901179],[123.019621988828121,11.485117124781263]]],[[[123.020722353251514,11.486021419827397],[123.020722340044486,11.485840545607084],[123.020538956512482,11.485840558575733],[123.020538969602711,11.486021432796223],[123.020722353251514,11.486021419827397]]],[[[123.020905736900133,11.486021406743285],[123.020722353251514,11.486021419827397],[123.020722366458912,11.4862022940454],[123.020905750224415,11.486202280961111],[123.020905736900133,11.486021406743285]]],[[[123.02200612294358,11.487106571083272],[123.022189507291813,11.487106557190829],[123.022189521435621,11.487287431393733],[123.022372905900653,11.487287417385827],[123.022372891639975,11.487106543183101],[123.022372877379468,11.486925668978243],[123.022189493148289,11.486925682985705],[123.022006108916841,11.48692569687797],[123.022006094890457,11.486744822670358],[123.021822710775638,11.486744836447071],[123.021822696866408,11.486563962236973],[123.021639312868288,11.486563975898223],[123.021639299076028,11.486383101685638],[123.021455915194622,11.486383115231336],[123.021455901519516,11.486202241016352],[123.02127251775471,11.486202254446587],[123.021272504196759,11.486021380229117],[123.021089120548581,11.486021393543799],[123.021089133989648,11.486202267761447],[123.020905750224415,11.486202280961111],[123.020905763548868,11.486383155176716],[123.021089147430985,11.486383141976875],[123.021089160872506,11.486564016189993],[123.021089174314284,11.486744890400979],[123.021272558429999,11.486744877085409],[123.021455942545444,11.486744863654552],[123.021455956221175,11.486925737862785],[123.021639340453333,11.486925724316466],[123.021639354246204,11.487106598522212],[123.021822738594977,11.487106584860429],[123.02200612294358,11.487106571083272]]],[[[123.018521808477288,11.486925938924974],[123.018338424241492,11.48692595051144],[123.018338435930374,11.487106824720916],[123.018521820283055,11.487106813134274],[123.018521808477288,11.486925938924974]]],[[[123.018521832088979,11.487287687341263],[123.018338447619414,11.487287698928084],[123.018338459308737,11.487468573133119],[123.018338470998231,11.487649447335846],[123.018521855701565,11.487649435748581],[123.018521843895186,11.487468561546033],[123.018521832088979,11.487287687341263]]],[[[123.018338494377744,11.488011195734549],[123.018155109440471,11.488011207206794],[123.018155121013521,11.488192081403037],[123.018338506067778,11.488192069930525],[123.018338494377744,11.488011195734549]]],[[[123.017971724502928,11.488011218563754],[123.0177883395652,11.488011229805428],[123.017788350904482,11.488192104002026],[123.017971735959179,11.488192092760174],[123.017971724502928,11.488011218563754]]],[[[123.017604988295204,11.488553863515305],[123.017604977072367,11.488372989323059],[123.01742159190043,11.488373000334517],[123.017421603006383,11.488553874526941],[123.017604988295204,11.488553863515305]]],[[[123.019072082756949,11.488734645460097],[123.01888869735275,11.488734657394284],[123.018888709394318,11.488915531580757],[123.019072094915401,11.488915519646392],[123.019072082756949,11.488734645460097]]],[[[123.018705311948466,11.488734669213185],[123.018521926543912,11.48873468091689],[123.018521938351626,11.488915555103718],[123.018521950159609,11.489096429288326],[123.018705335797918,11.489096417584355],[123.018705323873064,11.488915543399925],[123.018705311948466,11.488734669213185]]],[[[123.020722577806296,11.489096281229871],[123.020539192170276,11.48909629420225],[123.020539205264427,11.489277168382506],[123.020722591017417,11.48927715540986],[123.020905976770123,11.48927714232193],[123.020905963442118,11.489096268142118],[123.020905950114297,11.488915393960086],[123.020722564595431,11.488915407047662],[123.020722577806296,11.489096281229871]]],[[[123.01760503318846,11.489277360261996],[123.017605021964812,11.489096486078632],[123.017421636325338,11.4890964970908],[123.017421647432002,11.489277371274254],[123.01760503318846,11.489277360261996]]],[[[123.019438890742094,11.489277243796669],[123.019255504987683,11.489277255962138],[123.019255517263645,11.489458130141506],[123.019438903135025,11.489458117975859],[123.019438890742094,11.489277243796669]]],[[[123.01760503318846,11.489277360261996],[123.017605044412193,11.489458234443051],[123.017788430285435,11.489458223315241],[123.017788418944718,11.489277349134364],[123.01760503318846,11.489277360261996]]],[[[123.022189705326468,11.489638795827473],[123.022189691179562,11.489457921653701],[123.022006305311564,11.489457935549074],[123.0220063193415,11.489638809723024],[123.022189705326468,11.489638795827473]]],[[[123.021089402858848,11.489819751644026],[123.021089389413248,11.489638877471142],[123.021089375967819,11.489458003296038],[123.021089362522673,11.489277129118713],[123.020905976770123,11.48927714232193],[123.020905990098399,11.489458016499521],[123.020906003426845,11.489638890674803],[123.020906016755561,11.489819764847864],[123.021089402858848,11.489819751644026]]],[[[123.020539218358849,11.489458042560452],[123.020355832488804,11.489458055417989],[123.020355845466511,11.489638929593893],[123.020539231453526,11.489638916736178],[123.020539218358849,11.489458042560452]]],[[[123.0220063193415,11.489638809723024],[123.021822933356347,11.48963882350329],[123.02182294726957,11.489819697675285],[123.022006333371692,11.489819683894842],[123.0220063193415,11.489638809723024]]],[[[123.021639561167262,11.489819711340443],[123.021639574963785,11.490000585510396],[123.021822961183062,11.49000057184506],[123.02182294726957,11.489819697675285],[123.021639561167262,11.489819711340443]]],[[[123.022739906774248,11.4901813759547],[123.022739892275894,11.4900005017883],[123.022556506057768,11.49000051603033],[123.022556520439252,11.490181390196907],[123.022556534820893,11.490362264361265],[123.022739921272873,11.49036225011888],[123.022739906774248,11.4901813759547]]],[[[123.024573832783531,11.490904723823503],[123.02457384845242,11.491085597976225],[123.024573864121578,11.491266472126815],[123.024573879790992,11.491447346275097],[123.024757266941705,11.491447330762616],[123.024757251155307,11.491266456614513],[123.024757235369265,11.491085582464278],[123.024757219583407,11.490904708311733],[123.024940606383112,11.490904692684678],[123.024940590480625,11.49072381853018],[123.024940574578423,11.490542944373461],[123.024940558676477,11.490362070214433],[123.025123945124989,11.490362054472802],[123.025123929106428,11.49018118031182],[123.025123913088123,11.490000306148618],[123.024940526873294,11.490000321889715],[123.024940542774701,11.490181196053184],[123.024757156442803,11.490181211679262],[123.02457377011055,11.490181227189966],[123.024573785778372,11.490362101351748],[123.024390399329064,11.490362116747432],[123.024207012879387,11.490362132027743],[123.024023626429454,11.490362147192767],[123.023840239979251,11.490362162242418],[123.023840255179621,11.490543036402956],[123.023656868612264,11.490543051337587],[123.02347348204465,11.490543066156844],[123.023473497011523,11.490723940315606],[123.023290110326656,11.490723955019755],[123.023106723641618,11.490723969608618],[123.023106738374821,11.490904843765604],[123.02310675310828,11.49108571792028],[123.022923366189119,11.491085732394302],[123.022923380805864,11.491266606547024],[123.023106767841909,11.491266592072824],[123.023290154877785,11.491266577483161],[123.023290140027171,11.491085703330972],[123.023473526945793,11.49108568862629],[123.02347351197848,11.490904814472058],[123.023656898779961,11.490904799652268],[123.023840285581173,11.490904784717193],[123.023840270380262,11.490723910561185],[123.024023657064319,11.490723895511001],[123.02420704374812,11.490723880345444],[123.024390430431652,11.490723865064689],[123.024573817114913,11.490723849668472],[123.024573832783531,11.490904723823503]]],[[[123.022556592350085,11.4910857609964],[123.022556577967364,11.490904886840925],[123.022556563584999,11.490724012683318],[123.022373176898981,11.490724026810861],[123.022373191164462,11.490904900968735],[123.022373205430114,11.491085775124388],[123.022556592350085,11.4910857609964]]],[[[123.022189818510071,11.49108578913709],[123.022189832659024,11.4912666632907],[123.022373219696135,11.49126664927782],[123.022373205430114,11.491085775124388],[123.022189818510071,11.49108578913709]]],[[[123.022923380805864,11.491266606547024],[123.022739993769463,11.491266620905938],[123.022556606732891,11.491266635149566],[123.022556621116053,11.491447509300512],[123.022740008269594,11.491447495056617],[123.022923395422879,11.491447480697525],[123.022923380805864,11.491266606547024]]],[[[123.022006445621727,11.491266677188294],[123.022006459654065,11.491447551339951],[123.022189846808317,11.49144753744209],[123.022189832659024,11.4912666632907],[123.022006445621727,11.491266677188294]]],[[[123.022373233962313,11.491447523428944],[123.022373248228689,11.491628397577847],[123.022556635499384,11.491628383449148],[123.022556621116053,11.491447509300512],[123.022373233962313,11.491447523428944]]],[[[123.023656989289165,11.491990044542666],[123.023840376792037,11.491990029606169],[123.02402376429464,11.49199001455421],[123.024023748975253,11.491809140411968],[123.024207136360616,11.491809125244989],[123.024390523745708,11.491809109962636],[123.024573911130631,11.491809094564998],[123.024573895460676,11.491628220421157],[123.024573879790992,11.491447346275097],[123.024390492640023,11.491447361672291],[123.024390508192738,11.491628235818618],[123.024207120924515,11.491628251100616],[123.024023733656122,11.491628266267417],[123.023840346387374,11.491628281318755],[123.023656959118455,11.491628296254808],[123.023656974203718,11.491809170399891],[123.023473586817545,11.491809185220836],[123.023290199431116,11.491809199926495],[123.023290214282795,11.491990074069713],[123.023473601786108,11.491990059363877],[123.023656989289165,11.491990044542666]]],[[[123.022006487719437,11.491809299636424],[123.022189875107557,11.491809285738119],[123.022373262495407,11.491809271724529],[123.022373248228689,11.491628397577847],[123.022189860957809,11.491628411591259],[123.022006473686659,11.491628425489298],[123.021823086415239,11.491628439271961],[123.021823100331048,11.491809313419354],[123.022006487719437,11.491809299636424]]],[[[123.023106826779127,11.491990088660264],[123.023106841514092,11.492170962801529],[123.023290229134645,11.4921709482108],[123.023290214282795,11.491990074069713],[123.023106826779127,11.491990088660264]]],[[[123.023106841514092,11.492170962801529],[123.02292345389327,11.492170977276972],[123.022740066272263,11.492170991637041],[123.022740080773559,11.492351865776529],[123.022923468511536,11.492351851416283],[123.023106856249242,11.492351836940573],[123.023106841514092,11.492170962801529]]],[[[123.02585768877411,11.492532480097628],[123.025674300923342,11.492532496303687],[123.025674317296293,11.492713370434737],[123.025857705263945,11.492713354228412],[123.02585768877411,11.492532480097628]]],[[[123.025307541360007,11.492713402501442],[123.025490929328285,11.492713386525777],[123.025490913072304,11.492532512394371],[123.025307525220995,11.49253252836977],[123.025307541360007,11.492713402501442]]],[[[123.025124153391459,11.492713418361733],[123.025124169413843,11.492894292491362],[123.02530755749936,11.492894276630805],[123.025307541360007,11.492713402501442],[123.025124153391459,11.492713418361733]]],[[[123.024940781328141,11.492894308236545],[123.024940797233825,11.493075182364132],[123.025124185436496,11.493075166618683],[123.025124169413843,11.492894292491362],[123.024940781328141,11.492894308236545]]],[[[123.023473676632634,11.492894430045508],[123.023473691602703,11.493075304175138],[123.023290303397729,11.493075318882395],[123.0232903182511,11.493256193009982],[123.023106929928787,11.49325620760222],[123.023106944665443,11.493437081727764],[123.02292355622599,11.493437096204895],[123.022740167786267,11.493437110566562],[123.02274015328355,11.493256236440486],[123.022740138781117,11.493075362312188],[123.02274012427884,11.492894488181671],[123.022740109776848,11.492713614048844],[123.022740095275026,11.492532739913797],[123.022740080773559,11.492351865776529],[123.022556693035312,11.49235188002149],[123.022556707419895,11.492532754159024],[123.022556721804662,11.492713628294249],[123.022373333832292,11.492713642424368],[123.022373348100444,11.492894516557639],[123.022373362368754,11.493075390688601],[123.022373376637347,11.493256264817342],[123.022373390906196,11.493437138943863],[123.02237340517523,11.493618013068163],[123.022556793732363,11.493617998936978],[123.02274018228924,11.493617984690419],[123.022923570845933,11.493617970328485],[123.023106959402369,11.493617955851176],[123.023290347958536,11.493617941258494],[123.023473736514433,11.493617926550526],[123.023473721543652,11.493437052427646],[123.02365710998231,11.493437037604481],[123.023840498420782,11.493437022666031],[123.024023886858913,11.493437007612206],[123.024207275296945,11.493436992443007],[123.024207290735532,11.493617866564909],[123.024207306174461,11.493798740684591],[123.024207321613673,11.493979614802052],[123.024207337053056,11.494160488917204],[123.024023948147303,11.494160504087381],[123.024023963470071,11.494341378200579],[123.024207352492795,11.494341363030225],[123.024207367932803,11.494522237140936],[123.024390757072226,11.494522221854941],[123.024390741515248,11.494341347744408],[123.024390725958625,11.494160473631743],[123.024390710402272,11.493979599516768],[123.024574099190517,11.49397958411611],[123.024574083517365,11.493798709999181],[123.024574067844569,11.493617835880032],[123.024574052171943,11.493436961758574],[123.024757440609093,11.493436946243341],[123.024757424819853,11.493256072119928],[123.024940813139764,11.493256056489587],[123.024940797233825,11.493075182364132],[123.024757409030798,11.493075197994207],[123.0245740208276,11.493075213508996],[123.02457400515587,11.492894339380877],[123.02457398948431,11.492713465250448],[123.024573973813034,11.492532591117888],[123.02439058596039,11.492532606516503],[123.02420719810749,11.492532621799834],[123.02402381025432,11.492532636967789],[123.024023825574687,11.492713511101149],[123.023840437604363,11.492713526153997],[123.023657049633684,11.492713541091559],[123.023657064720467,11.492894415223143],[123.023473676632634,11.492894430045508]]],[[[123.027325000695413,11.494702835692783],[123.027141611443454,11.494702852824945],[123.027141594131706,11.494521978720629],[123.027141576820213,11.494341104614092],[123.02714155950909,11.494160230505246],[123.0269581706076,11.494160247521235],[123.026958153413702,11.493979373409902],[123.026958136220088,11.493798499296437],[123.02714152488754,11.493798482280981],[123.027141507577298,11.493617608165474],[123.027141490267226,11.493436734047746],[123.027324878700469,11.493436716917538],[123.027324861273783,11.493255842797856],[123.027324843847452,11.493074968675865],[123.027141455648078,11.49307498580554],[123.027141438338901,11.492894111681062],[123.026958050256226,11.492894128695097],[123.026774662173281,11.492894145593846],[123.026774645098314,11.492713271466526],[123.026591257131997,11.492713288249634],[123.026591240174355,11.492532414119827],[123.026591223216897,11.492351539987888],[123.026407835484264,11.492351556655089],[123.026224447751261,11.492351573206916],[123.026224464474765,11.492532447339476],[123.026224481198554,11.492713321469727],[123.026041093231427,11.492713337906801],[123.025857705263945,11.492713354228412],[123.025857721754136,11.492894228357065],[123.026041109838587,11.492894212035099],[123.026041126446017,11.493075086161175],[123.026041143053703,11.493255960285031],[123.026224531371653,11.493255943847158],[123.026224548096593,11.493436817968528],[123.026224564821874,11.493617692087676],[123.026224581547339,11.493798566204516],[123.02622459827316,11.493979440319135],[123.026407987058661,11.493979423764822],[123.026408003901722,11.494160297876954],[123.026591392804008,11.494160281207089],[123.026591409764308,11.494341155316734],[123.026591426724778,11.49452202942407],[123.026591443685703,11.494702903529186],[123.026774832938557,11.494702886743147],[123.026774850016622,11.494883760845775],[123.026774867095057,11.495064634946095],[123.02695825658158,11.495064618044148],[123.026958273777254,11.495245492141981],[123.02714166338049,11.495245475124394],[123.02714168069339,11.495426349219739],[123.02732507041334,11.495426332086511],[123.027508460132921,11.49542631483782],[123.027691849852246,11.495426297473843],[123.027875239571301,11.495426279994403],[123.027875257352449,11.495607154086462],[123.028058647188132,11.495607136491381],[123.028058665086604,11.495788010580865],[123.028058682985275,11.49596888466804],[123.028242073054713,11.495968866957051],[123.028242055038987,11.495787992870143],[123.028242037023531,11.495607118780926],[123.028242019008516,11.495426244689488],[123.028242000993686,11.49524537059583],[123.02824198297921,11.495064496499952],[123.02805859349472,11.495064514209519],[123.027875204009973,11.495064531803711],[123.027691814524857,11.49506454928253],[123.027508425039485,11.495064566646063],[123.027325035553844,11.495064583894132],[123.0273250181245,11.494883709794612],[123.027325000695413,11.494702835692783]]],[[[123.022373490794649,11.494703257766892],[123.0221901015355,11.494703271784124],[123.022190115689327,11.494884145892881],[123.02237350506546,11.494884131875471],[123.022373490794649,11.494703257766892]]],[[[123.02237350506546,11.494884131875471],[123.02237351933644,11.49506500598183],[123.022556908829273,11.49506499184878],[123.022556894441323,11.494884117742687],[123.02237350506546,11.494884131875471]]],[[[123.026958290973184,11.495426366237682],[123.026774901252622,11.495426383140162],[123.026774918331938,11.49560725723382],[123.026958308169384,11.495607240330985],[123.026958290973184,11.495426366237682]]],[[[123.023107106785005,11.495426696961575],[123.02292371705893,11.495426711441192],[123.022923731681544,11.49560758554018],[123.023107121524689,11.495607571060296],[123.023107106785005,11.495426696961575]]],[[[123.024574287288317,11.496150073344724],[123.024574271612053,11.495969199254619],[123.024390881537016,11.495969214658031],[123.024390865978006,11.495788340565527],[123.024390850419252,11.495607466470714],[123.024207460577983,11.495607481758219],[123.024207445136469,11.495426607660919],[123.024024055411815,11.495426622832783],[123.024024040087539,11.495245748732996],[123.023840650479684,11.495245763789308],[123.023840635272649,11.495064889687034],[123.023657245781493,11.495064904627705],[123.023657230691697,11.494884030522945],[123.023473841317255,11.494884045348064],[123.023290451942557,11.49488406005772],[123.02329043708697,11.494703185950206],[123.023107047828972,11.494703200544309],[123.023107033090625,11.494522326434398],[123.022923643949326,11.494522340912861],[123.022923629328218,11.494341466800462],[123.022740240303634,11.494341481163284],[123.02274022579968,11.494160607048398],[123.022556836891894,11.494160621295668],[123.02255682250518,11.493979747178384],[123.022373433714094,11.493979761310014],[123.022373419444619,11.493798887190243],[123.022190030770233,11.49379890120632],[123.02200664209559,11.493798915107023],[123.022006656131296,11.493979789227327],[123.022006670167087,11.494160663345321],[123.022006684203234,11.494341537461095],[123.02200669823948,11.494522411574648],[123.022006712276067,11.494703285685892],[123.0221901015355,11.494703271784124],[123.022190087381929,11.494522397672968],[123.022190073228714,11.494341523559681],[123.022373462253924,11.494341509542894],[123.022556851278964,11.49434149541082],[123.022556865666118,11.494522369523663],[123.022740254807857,11.494522355275949],[123.022740269312337,11.494703229386305],[123.022923658570789,11.49470321502295],[123.022923673192423,11.494884089130908],[123.023107062567661,11.494884074652001],[123.023107077306548,11.495064948757383],[123.0232904667984,11.495064934162835],[123.023290481654513,11.495245808265819],[123.023473871263178,11.49524579355572],[123.02347388623653,11.495426667656217],[123.023657275961895,11.495426652830476],[123.023657291052402,11.495607526928486],[123.023840680894551,11.495607511987105],[123.023840696102297,11.495788386082628],[123.024024086061161,11.495788371025606],[123.024024101386146,11.495969245118642],[123.024024116711487,11.496150119209458],[123.023840726518685,11.496150134266925],[123.023840711310399,11.495969260175842],[123.023657321234296,11.495969275117757],[123.023657306143264,11.495788401024187],[123.023473916183946,11.495788415850461],[123.023473901210153,11.495607541754405],[123.023290511367463,11.495607556465037],[123.023107121524689,11.495607571060296],[123.023107136264542,11.495788445156796],[123.023290526224372,11.495788430561271],[123.023290541081465,11.495969304655285],[123.023473931158023,11.495969289944208],[123.023473946132356,11.496150164035734],[123.023657336325698,11.496150149209017],[123.02365735141727,11.496331023298056],[123.023840741727227,11.496331008355698],[123.024024132037098,11.496330993298054],[123.02402414736288,11.49651186738434],[123.024207537789366,11.496511852210967],[123.024207553232486,11.496692726294855],[123.024390943775771,11.49669271100584],[123.0245743343187,11.496692695601451],[123.02457434999603,11.496873569682586],[123.024757740655744,11.496873554162557],[123.024757756450313,11.497054428241205],[123.024941147226741,11.497054412605534],[123.024941163138635,11.497235286681606],[123.025124554031777,11.497235270930295],[123.02512457006091,11.497416145003969],[123.025307961070851,11.497416129137017],[123.025491352080508,11.49741611315469],[123.02549133581735,11.497235239081549],[123.025307944924734,11.497235255063609],[123.025307928778901,11.49705438098807],[123.025124538002999,11.497054396854489],[123.025124521974405,11.496873522776374],[123.025124505946067,11.496692648696039],[123.024941115403934,11.496692664446551],[123.024941099492835,11.496511790363728],[123.02475770906733,11.496511805998599],[123.024757693273557,11.49633093191329],[123.024574302964851,11.49633094743252],[123.024574287288317,11.496150073344724]]],[[[123.028425463123796,11.495968849130689],[123.028242073054713,11.495968866957051],[123.028242091070695,11.496149741041739],[123.028425481256761,11.49614972321511],[123.028425463123796,11.495968849130689]]],[[[123.028608871442557,11.496149705273018],[123.028425481256761,11.49614972321511],[123.028425499390082,11.496330597297222],[123.028608889692848,11.496330579354952],[123.028608871442557,11.496149705273018]]],[[[123.028792298362873,11.496511435376577],[123.028792279995258,11.496330561297219],[123.028608889692848,11.496330579354952],[123.028608907943394,11.496511453434577],[123.028792298362873,11.496511435376577]]],[[[123.027508653168027,11.497415929732702],[123.027508670718518,11.497596803800603],[123.027692061841691,11.497596786433251],[123.027692044174316,11.497415912365616],[123.027692026507111,11.497235038295761],[123.027692008840361,11.497054164223597],[123.027875399612256,11.49705414674167],[123.028058790383895,11.497054129144368],[123.028058772483362,11.496873255070605],[123.028242163137762,11.496873237358196],[123.028425553791806,11.496873219530324],[123.028608944445494,11.496873201587166],[123.028792335098913,11.496873183528544],[123.028975725752062,11.496873165354549],[123.028975707266852,11.496692291279986],[123.028975688781983,11.496511417203115],[123.028792298362873,11.496511435376577],[123.028792316730758,11.496692309453627],[123.028608926194309,11.496692327511981],[123.028425535657604,11.496692345454873],[123.028242145120529,11.49669236328239],[123.028058754583199,11.496692380994533],[123.027875364045514,11.496692398591302],[123.027691973507558,11.496692416072696],[123.027691991173782,11.496873290149301],[123.027508600518587,11.496873307515498],[123.027508618068097,11.497054181590149],[123.027508635617977,11.49723505566258],[123.027508653168027,11.497415929732702]]],[[[123.025491352080508,11.49741611315469],[123.025491368343864,11.497596987225522],[123.025674759470235,11.497596971127555],[123.025674743089823,11.497416097056901],[123.025491352080508,11.49741611315469]]],[[[123.027692132514318,11.498320282681318],[123.027508740923068,11.498320300049825],[123.02750875847498,11.498501174106535],[123.027692150183299,11.498501156737762],[123.027692132514318,11.498320282681318]]],[[[123.028058951502118,11.498681995707605],[123.027875559677469,11.498682013307482],[123.027875577463945,11.498862887359129],[123.028058969405663,11.498862869758986],[123.028058951502118,11.498681995707605]]],[[[123.028058969405663,11.498862869758986],[123.028058987309478,11.499043743808057],[123.02824237936791,11.499043726092184],[123.028242361347125,11.498862852043379],[123.028058969405663,11.498862869758986]]],[[[123.028425789564267,11.499224582307255],[123.028242397389135,11.499224600138858],[123.028242415410546,11.499405474183222],[123.028425807702746,11.499405456351353],[123.028425789564267,11.499224582307255]]],[[[123.028609199994577,11.499405438404109],[123.028425807702746,11.499405456351353],[123.028425825841481,11.49958633039323],[123.028609218250381,11.499586312445631],[123.028609199994577,11.499405438404109]]],[[[123.030259576146861,11.49795827929343],[123.03025955684079,11.497777405234411],[123.030259537534988,11.497596531173171],[123.030259518229542,11.497415657109622],[123.030442909231127,11.497415638011566],[123.030442889808967,11.497234763946151],[123.030259498924366,11.497234783043853],[123.030076108039481,11.497234802026179],[123.030076088851629,11.497053927957923],[123.029892698083458,11.49705394682452],[123.029892717154254,11.497234820893132],[123.029892736225392,11.497415694959523],[123.0298927552968,11.497596569023605],[123.030076146416079,11.497596550156119],[123.030076165604811,11.497777424217626],[123.030076184793913,11.497958298277],[123.030259576146861,11.49795827929343]]],[[[123.033010446400581,11.497957980691753],[123.033010467462134,11.498138854743756],[123.033193858926637,11.498138833913396],[123.033377250390785,11.498138812967662],[123.033560641854578,11.498138791906554],[123.033744033318015,11.498138770730071],[123.033927424780998,11.498138749438125],[123.033927403134413,11.49795787538781],[123.033927381488169,11.497777001335363],[123.033743990259211,11.497777022626599],[123.033560599029713,11.49777704380246],[123.033377207799958,11.497777064862857],[123.033377229095194,11.497957938916459],[123.033193837748016,11.497957959861838],[123.033010446400581,11.497957980691753]]],[[[123.03080982883543,11.49868171786026],[123.030809848494187,11.4988625919072],[123.030993240430931,11.498862572460444],[123.031176632367234,11.498862552898315],[123.031360024303282,11.498862533220722],[123.031360004293418,11.498681659174759],[123.03135998428391,11.498500785126575],[123.031359964274756,11.498319911076171],[123.031359944265972,11.498139037023547],[123.031543335733573,11.498139017231823],[123.031543315608076,11.497958143177245],[123.031726706958366,11.497958123270502],[123.031910098308288,11.497958103248296],[123.032093489657868,11.497958083110715],[123.032093469181618,11.497777209054894],[123.032276860413958,11.497777188802205],[123.032276839821094,11.497596314744429],[123.032460230935925,11.497596294376722],[123.032643622050486,11.497596273893551],[123.032827013164692,11.497596253295095],[123.033010404278542,11.497596232581175],[123.033010383217956,11.497415358522423],[123.032826992221175,11.497415379236076],[123.032643601224024,11.497415399834265],[123.032460210226446,11.497415420316992],[123.032460189517323,11.497234546255042],[123.032276798636431,11.497234566622128],[123.032093407755198,11.497234586873839],[123.03191001687361,11.497234607010087],[123.031726625991752,11.497234627030961],[123.031543235109538,11.497234646936461],[123.031359844226884,11.497234666726586],[123.031359864234076,11.497415540790401],[123.031176473234083,11.497415560465507],[123.030993082233834,11.497415580025061],[123.03080969123323,11.497415599469329],[123.030626300232356,11.497415618798135],[123.030442909231127,11.497415638011566],[123.030442928653542,11.497596512074759],[123.030626319771841,11.497596492861062],[123.030809710889685,11.497596473531901],[123.030809730546494,11.497777347592253],[123.030809750203659,11.497958221650295],[123.030626358851777,11.497958240980077],[123.030442967499454,11.497958260194485],[123.030442986922935,11.498139134250929],[123.030443006346687,11.498320008305152],[123.030443025770793,11.498500882357154],[123.030626417474039,11.498500863141858],[123.030809809177015,11.498500843811188],[123.03080982883543,11.49868171786026]]],[[[123.030076184793913,11.497958298277],[123.029892793440695,11.497958317145107],[123.029892812513083,11.498139191202528],[123.030076203983356,11.498139172334065],[123.030076184793913,11.497958298277]]],[[[123.033010530648923,11.498681476886174],[123.033010509586305,11.498500602840922],[123.033010488524042,11.498319728793449],[123.033010467462134,11.498138854743756],[123.032827075997275,11.498138875458652],[123.032827096942199,11.498319749508701],[123.032827117887408,11.498500623556529],[123.032827138833056,11.498681497602137],[123.033010530648923,11.498681476886174]]],[[[123.029709439998314,11.498320084011082],[123.029709458954343,11.498500958064239],[123.029709477910643,11.498681832115265],[123.029892869732294,11.498681813361289],[123.029892850658925,11.498500939310619],[123.029892831585826,11.498320065257728],[123.029892812513083,11.498139191202528],[123.02970942104254,11.498139209955616],[123.029709439998314,11.498320084011082]]],[[[123.032643747016834,11.498681518202636],[123.032643767845769,11.49886239224629],[123.03264378867506,11.499043266287723],[123.03264380950462,11.499224140326936],[123.032827201671935,11.499224119725371],[123.03282718072532,11.499043245686513],[123.032827159778961,11.498862371645435],[123.032827138833056,11.498681497602137],[123.032643747016834,11.498681518202636]]],[[[123.040896456656938,11.499223098998401],[123.041079848806405,11.499223073203302],[123.041079822593858,11.49904219918132],[123.040896430561375,11.499042224976064],[123.040896404466238,11.498861350951417],[123.04071301255037,11.498861376630343],[123.040712986572657,11.49868050260312],[123.040529594773318,11.498680528166227],[123.040529620633961,11.498861402193894],[123.040529646495045,11.49904227621934],[123.040529672356584,11.499223150242566],[123.040529698218478,11.499404024263482],[123.040713090485895,11.499403998698776],[123.040896482752956,11.499403973018607],[123.040896456656938,11.499223098998401]]],[[[123.030076338318295,11.499405290670994],[123.030076319126636,11.499224416629561],[123.030076299935317,11.499043542585907],[123.030076280744268,11.498862668540033],[123.030076261553575,11.498681794491938],[123.029892869732294,11.498681813361289],[123.029892888806003,11.498862687409739],[123.029892907879997,11.499043561455879],[123.029892926954332,11.499224435499888],[123.029709534781688,11.499224454254753],[123.029709553739323,11.499405328296719],[123.029709572697229,11.499586202336554],[123.029709591655489,11.499767076374079],[123.029709610614091,11.499947950409384],[123.029893003254813,11.499947931653276],[123.029892984179227,11.499767057618238],[123.029892965103912,11.499586183581068],[123.029892946028951,11.499405309541588],[123.030076338318295,11.499405290670994]]],[[[123.043097217422655,11.499584529866835],[123.04309718992198,11.49940365585409],[123.042913797660347,11.499403682919285],[123.042913825044124,11.499584556932474],[123.042913852428271,11.499765430943443],[123.043097244923857,11.499765403877449],[123.043097217422655,11.499584529866835]]],[[[123.028976003067299,11.49958627620431],[123.028792610658925,11.499586294382658],[123.028609218250381,11.499586312445631],[123.028609236506526,11.499767186484933],[123.028792629032139,11.499767168421693],[123.028976021557398,11.49976715024299],[123.028976003067299,11.49958627620431]]],[[[123.035027974706509,11.499766485595631],[123.034844582192449,11.499766507583198],[123.034844604427903,11.499947381609266],[123.035027997058933,11.499947359621432],[123.035027974706509,11.499766485595631]]],[[[123.028976021557398,11.49976715024299],[123.028976040047937,11.499948024279449],[123.029159432689895,11.499948005985106],[123.029342825331597,11.499947987575299],[123.029342806607104,11.499767113539372],[123.029159414082386,11.499767131948913],[123.028976021557398,11.49976715024299]]],[[[123.041813577493457,11.500308212943056],[123.041996970342893,11.500308186568242],[123.042180363191989,11.500308160078054],[123.04236375604053,11.500308133472403],[123.04236372900607,11.500127259466852],[123.042547121737115,11.500127232746182],[123.042547094586126,11.499946358738855],[123.042730487199748,11.499946331903255],[123.042730459932145,11.499765457894062],[123.042730432664982,11.499584583882649],[123.04254704028547,11.49958461071745],[123.042547013135817,11.499403736703373],[123.042363620872834,11.499403763422267],[123.042180228609411,11.499403790025786],[123.042180255525039,11.499584664040663],[123.041996863144121,11.499584690529163],[123.041813470762747,11.499584716902289],[123.041813444081242,11.499403842886524],[123.041630051816497,11.499403869143743],[123.041446659551212,11.499403895285587],[123.041263267285572,11.499403921311968],[123.041079875019477,11.499403947222975],[123.041079901232919,11.499584821240516],[123.041079927446788,11.499765695255748],[123.040896534946228,11.499765721052091],[123.040896561043567,11.499946595065547],[123.040713168425498,11.499946620746959],[123.040713194406237,11.50012749475855],[123.040896587141276,11.500127469076693],[123.04107997987596,11.500127443279462],[123.041263372610118,11.500127417366768],[123.041263346278384,11.499946543356421],[123.041446738895118,11.499946517328796],[123.04144676534392,11.500127391338699],[123.041630158077268,11.500127365195167],[123.04163018464358,11.500308239202406],[123.041630211210318,11.500489113207424],[123.041630237777511,11.500669987210221],[123.041813630861526,11.500669960949983],[123.041813604177264,11.50048908694763],[123.041813577493457,11.500308212943056]]],[[[123.032643892826769,11.499947636461227],[123.032460500190936,11.499947656948661],[123.032277107554833,11.499947677320721],[123.032277128152231,11.500128551349276],[123.032460520905303,11.50012853097695],[123.032643913658106,11.500128510489249],[123.032827306410553,11.500128489886086],[123.032827327359314,11.500309363911443],[123.032827348308416,11.500490237934669],[123.032827369257888,11.500671111955585],[123.032643976154432,11.500671132559726],[123.032460583050522,11.500671153048492],[123.03246060376631,11.500852027067809],[123.03264399698719,11.500852006578777],[123.0328273902078,11.500851985974281],[123.033010783427954,11.500851965254322],[123.033010762361073,11.500671091235981],[123.033010741294547,11.500490217215331],[123.033010720228475,11.50030934319255],[123.033010699162659,11.500128469167459],[123.033194091914311,11.500128448333458],[123.033377484665692,11.500128427383993],[123.033377463366193,11.499947553357392],[123.033194070731867,11.499947574306502],[123.033194049549707,11.499766700277236],[123.033010657032094,11.499766721110616],[123.033010635967344,11.499585847078775],[123.033010614902949,11.499404973044713],[123.03301059383891,11.499224099008432],[123.032827201671935,11.499224119725371],[123.03282722261892,11.499404993762008],[123.032827243566345,11.499585867796425],[123.032827264514026,11.499766741828532],[123.032827285462162,11.499947615858419],[123.032643892826769,11.499947636461227]]],[[[123.031910342644935,11.500128591747716],[123.031910363008549,11.500309465774761],[123.031910383372434,11.500490339799585],[123.032093776360341,11.500490319657475],[123.032277169347893,11.500490299399901],[123.032277148749884,11.500309425375699],[123.032277128152231,11.500128551349276],[123.032093735398718,11.500128571606227],[123.031910342644935,11.500128591747716]]],[[[123.038879341465346,11.500670367261945],[123.03869594837451,11.500670391675305],[123.038695973069508,11.500851265682366],[123.038879366277413,11.500851241268562],[123.039062759484963,11.500851216739383],[123.039062784414455,11.501032090743424],[123.039246177738619,11.501032066098427],[123.039429571062342,11.501032041337966],[123.039612964385626,11.501032016462132],[123.03961293910497,11.500851142459334],[123.039796332310743,11.500851117468391],[123.039979725516162,11.500851092362074],[123.040163118721139,11.500851067140383],[123.040163093089731,11.50067019313652],[123.040346486177299,11.50067016779972],[123.040529879264326,11.500670142347458],[123.040713272350999,11.500670116779821],[123.040713246368938,11.500489242774981],[123.04052985339932,11.500489268342173],[123.040529827534769,11.500308394334668],[123.040713220387318,11.50030836876792],[123.040713194406237,11.50012749475855],[123.040529801670658,11.500127520324943],[123.040346408934724,11.500127545775873],[123.040163016198264,11.500127571111429],[123.039979623461448,11.500127596331611],[123.039796230724264,11.500127621436329],[123.039612837986567,11.500127646425584],[123.039612863265546,11.500308520437352],[123.03961288854488,11.5004893944469],[123.039429495572691,11.50048941932158],[123.039246102600146,11.500489444080797],[123.039246127645896,11.500670318088924],[123.039062734555841,11.500670342733121],[123.038879341465346,11.500670367261945]]],[[[123.032460562335089,11.500490279026865],[123.032277169347893,11.500490299399901],[123.032277189946271,11.500671173421795],[123.032460583050522,11.500671153048492],[123.032460562335089,11.500490279026865]]],[[[123.030443258885299,11.500671370806304],[123.030626651992932,11.500671351587277],[123.030626671538272,11.500852225609881],[123.030626691083967,11.501033099630176],[123.030810084425283,11.501033080295064],[123.030810104088403,11.501213954312872],[123.030993497546419,11.501213934862031],[123.030993517326863,11.501394808877263],[123.031176910901678,11.501394789310693],[123.031176891004179,11.501213915295727],[123.031176871107021,11.50103304127863],[123.031176851210233,11.500852167259312],[123.030993457986511,11.500852186824906],[123.030993438207133,11.500671312803012],[123.030810045100125,11.500671332252876],[123.030810025438072,11.500490458228407],[123.030810005776289,11.500309584201629],[123.030626612903134,11.500309603535497],[123.030443220029625,11.500309622753901],[123.030443239457284,11.500490496781213],[123.030443258885299,11.500671370806304]]],[[[123.038695923679853,11.500489517665935],[123.038512530705631,11.500489541963477],[123.038329137730869,11.500489566145555],[123.038145744755752,11.500489590212259],[123.03796235178028,11.5004896141635],[123.03796232755424,11.5003087401504],[123.037778934695382,11.500308763985823],[123.037778910586752,11.500127889970058],[123.037595517844522,11.500127913689751],[123.037595541836083,11.500308787705782],[123.037412148976429,11.500308811310367],[123.037228756116335,11.500308834799577],[123.037228779874297,11.500489708814188],[123.037045386896793,11.50048973218829],[123.037045410538056,11.500670606201036],[123.036903345531456,11.500670624218623],[123.036862017443127,11.500670629460119],[123.036862040967776,11.500851503470999],[123.036678647755423,11.500851526614975],[123.036678671163457,11.501032400623989],[123.036862064492865,11.501032377479659],[123.036903345531456,11.501032372244024],[123.037045457821833,11.501032354219864],[123.037045481464347,11.501213228225859],[123.037228874910014,11.501213204850247],[123.03741226835534,11.50121318135926],[123.037412292232318,11.501394055362235],[123.037595685794173,11.50139403175543],[123.037595709788661,11.501574905755829],[123.037779103467216,11.501574882033117],[123.037779127579043,11.50175575603094],[123.037962521374212,11.501755732192409],[123.03796249714533,11.501574858195029],[123.037962472916803,11.501393984195341],[123.037779079355758,11.501394008033072],[123.037779055244641,11.501213134030808],[123.037779031133965,11.501032260026323],[123.037779007023744,11.500851386019528],[123.037962400233695,11.500851362182951],[123.038145793443292,11.500851338231],[123.038145769099302,11.500670464222695],[123.038329162191474,11.500670440155636],[123.03851255528312,11.500670415973202],[123.03869594837451,11.500670391675305],[123.038695923679853,11.500489517665935]]],[[[123.035761681687717,11.500851640603527],[123.035945074902031,11.500851618036689],[123.035945051962514,11.500670744023944],[123.035945029023438,11.50048987000889],[123.035761636043162,11.500489892575017],[123.035578243062545,11.50048991502568],[123.035578265767583,11.500670789041445],[123.035578288472976,11.500851663054901],[123.035394895257866,11.5008516853909],[123.035211502042415,11.500851707611437],[123.035211479571146,11.500670833597271],[123.035028086472309,11.500670855701989],[123.035028064118364,11.500489981685158],[123.034844671136227,11.500490003674146],[123.034844648899707,11.50030912965474],[123.034844626663627,11.500128255633113],[123.034661233915173,11.500128277506017],[123.034661211796418,11.499947403481814],[123.034477819164678,11.49994742523881],[123.034294426532483,11.499947446880521],[123.034111033899933,11.499947468406679],[123.033927641267027,11.499947489817464],[123.033927662917719,11.500128363843087],[123.033744270167389,11.500128385138852],[123.033560877416718,11.500128406319154],[123.033377484665692,11.500128427383993],[123.033377505965547,11.500309301408373],[123.033560898833628,11.500309280343179],[123.033744291701282,11.500309259162522],[123.033744313235616,11.50049013318406],[123.03392770621997,11.500490111887585],[123.033927727871628,11.500670985906547],[123.034111120972682,11.500670964494342],[123.034294514073295,11.500670942966762],[123.034477907173653,11.500670921323719],[123.034477929176845,11.500851795339306],[123.034661322393731,11.500851773580445],[123.034661344514348,11.501032647593457],[123.034844737848019,11.501032625718866],[123.03484476008596,11.501213499729301],[123.034844782324356,11.501394373737517],[123.034844804563093,11.501575247743423],[123.034661410878329,11.50157526961908],[123.034661433000366,11.501756143623121],[123.034661455122844,11.501937017624941],[123.034661477245677,11.502117891624541],[123.034661499368781,11.502298765621832],[123.034661521492424,11.502479639616903],[123.034844915762321,11.502479617739469],[123.034844893521807,11.502298743744754],[123.03484487128155,11.502117869747819],[123.034844849041647,11.501936995748574],[123.0348448268022,11.501756121747109],[123.035028220603678,11.501756099755633],[123.035028198247431,11.501575225752303],[123.035211591931485,11.501575203645809],[123.035394985615099,11.501575181423762],[123.035394963025269,11.501394307418922],[123.035578356591458,11.501394285081856],[123.035578333884914,11.501213411075151],[123.035761727333693,11.501213388622977],[123.035761704510534,11.501032514614318],[123.035761681687717,11.500851640603527]],[[123.034477841166364,11.500128299263368],[123.034477863168405,11.500309173285705],[123.034661256034283,11.500309151527999],[123.034661278153735,11.500490025547672],[123.034477885170801,11.500490047305822],[123.034294492187612,11.50049006894851],[123.034111099203969,11.500490090475823],[123.034111077435597,11.500309216454996],[123.034294470302186,11.500309194928038],[123.034294448417114,11.500128320905434],[123.034477841166364,11.500128299263368]]],[[[123.041813737602979,11.501393456937015],[123.041813710916955,11.501212582943543],[123.041630317481847,11.501212609205114],[123.041630344050816,11.501393483198852],[123.041813737602979,11.501393456937015]]],[[[123.044564669272461,11.501573923140418],[123.04456464083033,11.501393049155917],[123.044381247285088,11.501393077149347],[123.044381275610249,11.501573951134381],[123.044564669272461,11.501573923140418]]],[[[123.038145915169039,11.501755708238504],[123.037962521374212,11.501755732192409],[123.037962545603634,11.501936606187657],[123.038145939515431,11.501936582233308],[123.038145915169039,11.501755708238504]]],[[[123.042730705356973,11.501393323895881],[123.042547311807027,11.501393350734945],[123.042363918256726,11.501393377458635],[123.042180524705898,11.501393404066862],[123.041997131154616,11.501393430559625],[123.04199715795815,11.501574304550344],[123.042180551626501,11.501574278057136],[123.042180578547544,11.50175515204519],[123.042180605469028,11.501936026031023],[123.042180632390952,11.502116900014547],[123.042180659313331,11.502297773995851],[123.04236405344939,11.502297747385493],[123.042364026409956,11.502116873404633],[123.042547420428406,11.502116846679256],[123.042547393272443,11.501935972696531],[123.042730787173483,11.501935945856134],[123.042914181073996,11.501935918900275],[123.042914208464182,11.502116792882111],[123.043097602481311,11.502116765810433],[123.043280996497984,11.502116738623203],[123.043281024122734,11.502297612601931],[123.043464418256036,11.502297585298882],[123.043464445998296,11.502478459274945],[123.043647840248127,11.502478431855989],[123.043647868107882,11.502659305829388],[123.043831262474328,11.502659278294525],[123.043831290451593,11.50284015226517],[123.044014684934751,11.502840124614488],[123.044014713029526,11.503020998582469],[123.044198107629114,11.50302097081588],[123.044198079417285,11.502840096848344],[123.044198051205896,11.502659222878497],[123.044014656840332,11.502659250644287],[123.044014628746538,11.502478376671776],[123.044014600653099,11.502297502697134],[123.044014572560201,11.502116628720183],[123.044197966574572,11.502116600955725],[123.044197938365045,11.501935726976997],[123.044197910156058,11.501754852996049],[123.044381303935779,11.501754825117105],[123.044381275610249,11.501573951134381],[123.044197881947426,11.501573979012791],[123.044197853739405,11.501393105027402],[123.044014460193196,11.501393132789994],[123.043831066646618,11.501393160437123],[123.04383103867309,11.501212286448537],[123.043647645243041,11.501212313979758],[123.043464251812466,11.501212341395606],[123.043464279551884,11.501393215385081],[123.043280886003799,11.501393242685909],[123.04309749245536,11.501393269871363],[123.042914098906394,11.501393296941353],[123.042730705356973,11.501393323895881]]],[[[123.038145963862263,11.502117456225802],[123.03814598820945,11.502298330216076],[123.038329382354917,11.502298306145553],[123.03832935789076,11.502117432155634],[123.038329333426859,11.501936558163495],[123.038145939515431,11.501936582233308],[123.038145963862263,11.502117456225802]]],[[[123.038329406819614,11.502479180133252],[123.038146012556993,11.50247920420413],[123.038146036905076,11.502660078189963],[123.038329431284765,11.502660054118641],[123.038329406819614,11.502479180133252]]],[[[123.037595853763634,11.502660149711241],[123.037595829766829,11.502479275724342],[123.037412435502603,11.502479299333457],[123.037412459382352,11.5026601733208],[123.037595853763634,11.502660149711241]]],[[[123.036128744824325,11.503022083328185],[123.036312139442472,11.503022060526069],[123.036495534060194,11.50302203760849],[123.036678928677645,11.503022014575448],[123.036678905265262,11.502841140591036],[123.036862299765204,11.502841117442975],[123.036903345531456,11.502841112236295],[123.037045694264691,11.502841094179361],[123.037045670618639,11.502660220193528],[123.037045646973013,11.502479346205385],[123.037045623327657,11.502298472215022],[123.037229017475624,11.502298448837189],[123.03722899371374,11.502117574844961],[123.037045599682841,11.502117598222439],[123.036903345531456,11.502117616266228],[123.036862205651502,11.502117621484542],[123.036862229179349,11.502298495477481],[123.0366788350306,11.502298518624476],[123.036678858441732,11.50247939261555],[123.036678881853319,11.502660266604403],[123.036495487470077,11.502660289636735],[123.036495510764965,11.502841163623723],[123.036312116264213,11.502841186540946],[123.03612872176312,11.502841209342618],[123.036128744824325,11.503022083328185]]],[[[123.034844938003374,11.502660491731964],[123.034844960244698,11.502841365722238],[123.035028354748462,11.502841343728631],[123.035211749251872,11.50284132161965],[123.035211726776424,11.502660447630086],[123.035028332390084,11.502660469738801],[123.035028310032047,11.502479595746662],[123.034844915762321,11.502479617739469],[123.034844938003374,11.502660491731964]]],[[[123.041997318788788,11.50265954844758],[123.041997345595533,11.502840422422578],[123.041997372402619,11.503021296395355],[123.041997399210246,11.503202170365912],[123.042180793931962,11.503202143868885],[123.042180767007366,11.503021269898772],[123.042180740083211,11.502840395926439],[123.042180713159411,11.502659521951797],[123.041997318788788,11.50265954844758]]],[[[123.035761932759769,11.502841254599838],[123.035578538257525,11.502841277055209],[123.035395143754911,11.502841299395117],[123.035211749251872,11.50284132161965],[123.035211771727759,11.503022195606905],[123.035395166347783,11.503022173382105],[123.035578560967537,11.503022151041753],[123.03576195558685,11.503022128586027],[123.035761932759769,11.502841254599838]]],[[[123.042180820857084,11.503383017836777],[123.042364215695514,11.503382991223754],[123.042364188653323,11.503202117256306],[123.042180793931962,11.503202143868885],[123.042180820857084,11.503383017836777]]],[[[123.042364323868725,11.504106487071164],[123.042547719174948,11.50410646034099],[123.042547692013926,11.503925586382957],[123.042547664853331,11.503744712422703],[123.042364269781231,11.503744739151989],[123.042364296824758,11.503925613112687],[123.042364323868725,11.504106487071164]]],[[[123.042180928562047,11.504106513685786],[123.0421809554894,11.504287387642487],[123.042364350913132,11.504287361027421],[123.042364323868725,11.504106487071164],[123.042180928562047,11.504106513685786]]],[[[123.041997560065127,11.504287414142089],[123.041814164640499,11.504287440526229],[123.041630769215345,11.504287466794993],[123.041630795791946,11.504468340750629],[123.041814191334169,11.504468314481509],[123.041997586875851,11.504468288096925],[123.041997560065127,11.504287414142089]]],[[[123.04016360579854,11.504287672787727],[123.039980210369478,11.504287698017235],[123.039796814939962,11.50428772313119],[123.039796840345772,11.504468597091089],[123.039796865752038,11.504649471048678],[123.039980261415664,11.504649445933834],[123.039980235892344,11.5044685719766],[123.040163631438475,11.504468546746738],[123.04034702698425,11.504468521401412],[123.040347001227161,11.504287647442757],[123.04016360579854,11.504287672787727]]],[[[123.041447426709283,11.504649240858233],[123.04126403104911,11.504649266896783],[123.041264057392397,11.504830140848865],[123.041264083736124,11.505011014798727],[123.041447479630506,11.50501098875929],[123.041447453169624,11.504830114809872],[123.041447426709283,11.504649240858233]]],[[[123.04016368271968,11.504830294658097],[123.039980286939425,11.504830319888759],[123.039980312463541,11.505011193841463],[123.04016370836095,11.505011168610357],[123.04016368271968,11.504830294658097]]],[[[123.040713870058028,11.504830218273066],[123.040713896050576,11.505011092224171],[123.040530500154418,11.505011117801667],[123.040347104257904,11.505011143263788],[123.04034713001667,11.505192017213384],[123.040530526030253,11.505191991750907],[123.040713922043466,11.505191966172967],[123.040897318056153,11.505191940479564],[123.040897291946195,11.505011066531123],[123.040897265836591,11.504830192580462],[123.040713870058028,11.504830218273066]]],[[[123.059420312747207,11.505188750626116],[123.059603708705183,11.505188713154135],[123.059787104662448,11.505188675566691],[123.059970500619087,11.505188637863784],[123.059970462332203,11.505007763968633],[123.059787066492632,11.505007801671008],[123.059603670652422,11.50500783925783],[123.0594202748116,11.50500787672919],[123.059420312747207,11.505188750626116]]],[[[123.041630928681556,11.505372710495587],[123.041630902102739,11.505191836551054],[123.041447506091728,11.505191862706399],[123.041447532553505,11.505372736651287],[123.041630928681556,11.505372710495587]]],[[[123.058503370299022,11.505369810151622],[123.058503407650477,11.505550684047039],[123.058503445002543,11.505731557940235],[123.058686841314909,11.505731521043883],[123.058686803845674,11.505550647151219],[123.05887020004036,11.505550610140025],[123.058870162454681,11.505369736245763],[123.058686766377164,11.505369773256424],[123.058503370299022,11.505369810151622]]],[[[123.039980389038647,11.505553815686165],[123.039796992789618,11.505553840803051],[123.039797018198357,11.50573471474714],[123.039980414564539,11.505734689629898],[123.039980389038647,11.505553815686165]]],[[[123.039246829097323,11.505734789406086],[123.039246854155238,11.505915663349198],[123.039430250639811,11.50591563857799],[123.039430225464741,11.505734764635234],[123.039613621831819,11.505734739748918],[123.03961359654005,11.505553865804385],[123.039430200290127,11.505553890690345],[123.039246804039763,11.505553915460753],[123.039246829097323,11.505734789406086]]],[[[123.042548072310069,11.506457821591587],[123.042548045143093,11.506276947662686],[123.042731441853974,11.506276920811898],[123.042731414570383,11.50609604688122],[123.042914811163584,11.506096019915413],[123.042914783763365,11.50591514598287],[123.042731387287134,11.505915172948322],[123.042731360004424,11.505734299013115],[123.042731332722255,11.505553425075599],[123.042547936479792,11.505553451924699],[123.042364540236889,11.505553478658248],[123.042181143993545,11.505553505276334],[123.041997747749747,11.505553531778956],[123.041814351505508,11.505553558166115],[123.041814324809181,11.505372684224335],[123.041630928681556,11.505372710495587],[123.041630955260828,11.505553584437811],[123.041630981840456,11.505734458377814],[123.041447585478281,11.505734484534402],[123.04144761194128,11.505915358472629],[123.041447638404833,11.506096232408547],[123.041631035001231,11.506096206251071],[123.041814431597174,11.506096179978131],[123.041814458295377,11.506277053911029],[123.041997855007949,11.506277027522183],[123.042181251720166,11.506277001017873],[123.042181278652933,11.506457874947573],[123.042364675481764,11.506457848327356],[123.042548072310069,11.506457821591587]]],[[[123.040347233056025,11.505915512989651],[123.040347258817022,11.506096386928055],[123.040347284578374,11.506277260864239],[123.040530681294499,11.506277235399276],[123.040714078010268,11.506277209818849],[123.040897474725497,11.506277184122959],[123.041080871440386,11.506277158311518],[123.041264268154734,11.506277132384612],[123.041447664868727,11.506277106342244],[123.041447638404833,11.506096232408547],[123.041264241807895,11.506096258450471],[123.041080845210615,11.506096284376932],[123.040897448612881,11.50609631018793],[123.040714052014707,11.506096335883464],[123.040714026019586,11.505915461945859],[123.04071400002492,11.505734588006034],[123.040530603660414,11.505734613585217],[123.040347207295568,11.505734639048937],[123.040163810930281,11.505734664397194],[123.039980414564539,11.505734689629898],[123.039980440090787,11.505915563571412],[123.040163836573669,11.505915538338263],[123.040347233056025,11.505915512989651]]],[[[123.058870387977933,11.506454979577674],[123.058870425567335,11.506635853458436],[123.059053822463937,11.506635816328137],[123.059053784757381,11.506454942447908],[123.05905374705155,11.506274068565459],[123.058870350389157,11.506274105694603],[123.058870312801005,11.506093231809311],[123.058870275213465,11.505912357921799],[123.05887023762655,11.505731484031978],[123.058686841314909,11.505731521043883],[123.05868687878467,11.505912394934237],[123.058686916255141,11.50609326882237],[123.058686953726138,11.506274142708284],[123.05868699119786,11.506455016591888],[123.058870387977933,11.506454979577674]]],[[[123.058320085925203,11.505912468612722],[123.058320123161465,11.506093342502011],[123.058320160398253,11.506274216389079],[123.058320197635751,11.506455090273926],[123.058503594417076,11.506455053490638],[123.058503557062508,11.506274179606413],[123.058503519708566,11.506093305719967],[123.058503482355249,11.505912431831211],[123.058320085925203,11.505912468612722]]],[[[123.039246904272389,11.506277411228671],[123.03924692933154,11.506458285165033],[123.039430326167391,11.506458260392671],[123.039430351344137,11.506639134326369],[123.039613748296617,11.506639109438099],[123.039613723002802,11.506458235504757],[123.039613697709427,11.506277361569106],[123.039430300991086,11.506277386456665],[123.039246904272389,11.506277411228671]]],[[[123.058503631772354,11.506635927372644],[123.058320234873875,11.506635964156553],[123.058320197635751,11.506455090273926],[123.058136800853816,11.50645512694175],[123.058136837974786,11.50663600082491],[123.057953441075085,11.506636037377804],[123.057770044174745,11.506636073815235],[123.05758664727388,11.506636110137114],[123.057586684044196,11.50681698401983],[123.057770081062216,11.506816947697329],[123.057953478079611,11.506816911259365],[123.05813687509648,11.50681687470585],[123.058320272112624,11.506816838036871],[123.058503669128157,11.506816801252429],[123.058503631772354,11.506635927372644]]],[[[123.059604013149738,11.506635704244106],[123.059420616255096,11.506635741720972],[123.059237219359829,11.506635779082286],[123.059053822463937,11.506635816328137],[123.059053860171019,11.506816690206056],[123.059237257184051,11.506816652959673],[123.059420654196472,11.506816615597737],[123.059604051208183,11.506816578120338],[123.059604013149738,11.506635704244106]]],[[[123.039246954391231,11.506639159099175],[123.039063557437871,11.506639183756517],[123.039063582380763,11.506820057688794],[123.039246979451278,11.506820033031095],[123.039430376521253,11.506820008257845],[123.039430351344137,11.506639134326369],[123.039246954391231,11.506639159099175]]],[[[123.039063582380763,11.506820057688794],[123.038880185309992,11.506820082231028],[123.03888021013617,11.507000956161528],[123.039063607324195,11.507000931618849],[123.039063582380763,11.506820057688794]]],[[[123.038696812947805,11.507000980588655],[123.038513415758999,11.507001004900319],[123.038330018569823,11.507001029096431],[123.038330043045093,11.507181903025776],[123.038513440351409,11.507181878829309],[123.038696837657369,11.507181854517201],[123.038696812947805,11.507000980588655]]],[[[123.038146670097063,11.507362801034349],[123.038146645738422,11.507181927106869],[123.037963248431211,11.507181951072409],[123.037963272672798,11.507362825000333],[123.038146670097063,11.507362801034349]]],[[[123.05942080596823,11.507540111082326],[123.059420768024353,11.507359237214532],[123.059237370660668,11.507359274578333],[123.059237408487377,11.50754014844666],[123.05942080596823,11.507540111082326]]],[[[123.037779875248177,11.507362848850766],[123.037779899372964,11.507543722776825],[123.037963296914739,11.507543698926037],[123.037963272672798,11.507362825000333],[123.037779875248177,11.507362848850766]]],[[[123.059787600927962,11.50754003600718],[123.059604203448458,11.507540073602529],[123.059604241510101,11.507720947467481],[123.059787639106759,11.507720909871511],[123.059787600927962,11.50754003600718]]],[[[123.057586867905044,11.507721353399747],[123.057586831131616,11.507540479528222],[123.057403433644552,11.507540515737569],[123.057403470300827,11.507721389609626],[123.057586867905044,11.507721353399747]]],[[[123.037596501830834,11.50754374651215],[123.037596525838921,11.507724620436344],[123.037779923498192,11.507724596700664],[123.037779899372964,11.507543722776825],[123.037596501830834,11.50754374651215]]],[[[123.037413128179281,11.507724644056561],[123.037413152070656,11.507905517978889],[123.03759654984745,11.507905494358317],[123.037596525838921,11.507724620436344],[123.037413128179281,11.507724644056561]]],[[[123.058320532801247,11.508082955136567],[123.058320495558149,11.50790208127197],[123.058137097839278,11.507902117944413],[123.058137134965307,11.50808299180972],[123.058320532801247,11.508082955136567]]],[[[123.036679584382824,11.50808648522772],[123.036862982278265,11.508086462068823],[123.036903345531456,11.508086456946431],[123.03704638017345,11.508086438794374],[123.037046356515845,11.507905564873555],[123.036903345531456,11.507905583022326],[123.036862958737899,11.50790558814756],[123.036679560959513,11.507905611306191],[123.036679584382824,11.50808648522772]]],[[[123.058687328471265,11.508082881443871],[123.058503930636576,11.50808291834795],[123.058503967997353,11.508263792209794],[123.058687365949197,11.508263755305004],[123.058687328471265,11.508082881443871]]],[[[123.059054199563789,11.50844455500688],[123.059054161850938,11.508263681149122],[123.05887076390043,11.508263718284839],[123.058870801496127,11.508444592143219],[123.059054199563789,11.50844455500688]]],[[[123.036496233100578,11.508448256108439],[123.036496209793526,11.508267382190907],[123.036312811780135,11.508267405119232],[123.036312834970019,11.508448279037031],[123.036496233100578,11.508448256108439]]],[[[123.059420995697266,11.508444480387725],[123.05923759763084,11.50844451775499],[123.059054199563789,11.50844455500688],[123.059054237277266,11.508625428862418],[123.059237635461471,11.508625391609995],[123.059421033644952,11.508625354242019],[123.059420995697266,11.508444480387725]]],[[[123.058320644534277,11.508625576717124],[123.058320607289318,11.508444702859189],[123.058137209219154,11.508444739533408],[123.058137246346973,11.508625613391965],[123.058320644534277,11.508625576717124]]],[[[123.03502904804553,11.508448436303498],[123.034845649911873,11.508448458308029],[123.034845672165176,11.508629332226539],[123.035029070415902,11.508629310221652],[123.03502904804553,11.508448436303498]]],[[[123.036129436839119,11.508448301850249],[123.036129459912217,11.508629175766183],[123.036129482985856,11.508810049679985],[123.036312881350966,11.508810026866056],[123.036312858160272,11.508629152952699],[123.036312834970019,11.508448279037031],[123.036129436839119,11.508448301850249]]],[[[123.058687478386901,11.508806376875258],[123.058687440907022,11.508625503020786],[123.058504042720955,11.508625539926642],[123.058504080083694,11.508806413781825],[123.058687478386901,11.508806376875258]]],[[[123.053552394069669,11.5091691143276],[123.053735792623343,11.509169080538895],[123.053735758304754,11.508988206673498],[123.053735723986605,11.508807332805793],[123.053552325667226,11.508807366593432],[123.053552291466858,11.508626492722973],[123.053368893264008,11.508626526394616],[123.053368859181319,11.508445652521315],[123.053185461094998,11.508445686076874],[123.053185495060546,11.508626559950708],[123.053185529026706,11.508807433822232],[123.053185562993406,11.508988307691537],[123.053368961431076,11.50898827413438],[123.053368995515456,11.509169148000842],[123.053552394069669,11.5091691143276]]],[[[123.059054312706095,11.508987176566743],[123.058870914287056,11.508987213704946],[123.058870951885339,11.509168087554356],[123.059054350421519,11.509168050415619],[123.059054312706095,11.508987176566743]]],[[[123.053002232255963,11.509350088866066],[123.053185630928482,11.509350055423395],[123.053185596960631,11.509169181558532],[123.053002198405267,11.509169215000759],[123.053002232255963,11.509350088866066]]],[[[123.052818833582833,11.509350122193363],[123.052818867317001,11.509530996056982],[123.0530022661072,11.509530962729242],[123.053002232255963,11.509350088866066],[123.052818833582833,11.509350122193363]]],[[[123.036129598359338,11.509714419214978],[123.036312997310205,11.509714396399273],[123.036312974117564,11.509533522497106],[123.036312950925364,11.509352648592719],[123.036312927733505,11.509171774686022],[123.036129529134087,11.509171797500661],[123.036129552208791,11.509352671407713],[123.036129575283837,11.509533545312456],[123.036129598359338,11.509714419214978]]],[[[123.052268704326195,11.509711969210068],[123.052452103235311,11.509711936228362],[123.05263550214373,11.509711903131192],[123.052818901051708,11.509711869918382],[123.052818867317001,11.509530996056982],[123.052635468526177,11.509531029269171],[123.052452069734827,11.509531062365896],[123.052268670942937,11.50953109534707],[123.052268704326195,11.509711969210068]]],[[[123.051901873357394,11.509531160962938],[123.051718474563813,11.509531193597544],[123.051535075769706,11.509531226116598],[123.051535108684448,11.509712099981728],[123.051718507595709,11.509712067462141],[123.05190190650643,11.509712034827002],[123.051901873357394,11.509531160962938]]],[[[123.053369097772062,11.509711769586994],[123.053369063685906,11.509530895727194],[123.053185664896858,11.509530929285949],[123.053185698865875,11.509711803146283],[123.053185732835402,11.509892677004396],[123.053369131858759,11.509892643444486],[123.053369097772062,11.509711769586994]]],[[[123.058871102284584,11.509891582929521],[123.059054501289282,11.509891545788387],[123.059054463571456,11.50971067194857],[123.058871064683828,11.509710709089083],[123.058871102284584,11.509891582929521]]],[[[123.051351709772561,11.509712132385852],[123.051168310860248,11.509712164674424],[123.050984911947296,11.509712196847532],[123.0509849445112,11.509893070711952],[123.051168343541306,11.509893038538399],[123.051351742570773,11.509893006249294],[123.051351709772561,11.509712132385852]]],[[[123.058687703279276,11.509891619955193],[123.058687740763517,11.510072493793944],[123.05887113988598,11.510072456767739],[123.058871102284584,11.509891582929521],[123.058687703279276,11.509891619955193]]],[[[123.057770745141681,11.51007267719204],[123.057770708243197,11.50989180335027],[123.057587309234052,11.509891839682718],[123.057403910224394,11.509891875899703],[123.057403946888655,11.510072749742628],[123.057587346015481,11.51007271352511],[123.057770745141681,11.51007267719204]]],[[[123.053552530881475,11.509892609769112],[123.053369131858759,11.509892643444486],[123.053369165945981,11.510073517299846],[123.053552565085937,11.510073483623851],[123.053552530881475,11.509892609769112]]],[[[123.058504341640429,11.510072530704596],[123.058504379008127,11.510253404541748],[123.05868777824837,11.510253367630474],[123.058687740763517,11.510072493793944],[123.058504341640429,11.510072530704596]]],[[[123.053552565085937,11.510073483623851],[123.053552599290839,11.510254357476368],[123.053735998547339,11.510254323684377],[123.053735964225282,11.510073449832392],[123.053552565085937,11.510073483623851]]],[[[123.054286230987486,11.510435095463256],[123.054286196313356,11.510254221615179],[123.054102797058633,11.510254255753738],[123.054102831615523,11.510435129602437],[123.054286230987486,11.510435095463256]]],[[[123.050801577927956,11.510073976632684],[123.050801545480581,11.509893102770041],[123.050618146449409,11.50989313471249],[123.050434747417725,11.509893166539564],[123.050251348385487,11.509893198250998],[123.050067949352737,11.509893229846968],[123.049884550319433,11.509893261327386],[123.049701151285518,11.509893292692341],[123.049517752251163,11.509893323941744],[123.049334353216267,11.509893355075596],[123.049150954180845,11.509893386093895],[123.049150985573959,11.510074259961156],[123.049151016967514,11.510255133826197],[123.048967617697258,11.51025516473001],[123.048967648974283,11.510436038593275],[123.048784249586333,11.510436069382068],[123.048600850197857,11.51043610005531],[123.048600881241114,11.51061697391742],[123.048417481734958,11.510617004475554],[123.048234082228348,11.510617034918313],[123.048234113037836,11.510797908779091],[123.048050713413559,11.510797939106654],[123.048050744106419,11.510978812965744],[123.048234143847779,11.510978782637649],[123.048417543588769,11.510978752193912],[123.048600943329134,11.510978721634713],[123.048784343068974,11.51097869096005],[123.048784311907596,11.510797817102913],[123.048967711529755,11.510797786313143],[123.04915111115146,11.510797755407909],[123.049151079756314,11.510616881549529],[123.049334479260253,11.510616850529187],[123.049334510772638,11.510797724387034],[123.049517910393192,11.510797693250696],[123.049517942023272,11.510978567105701],[123.049701341760453,11.510978535853367],[123.049884741497181,11.510978504485392],[123.050068141233382,11.510978473001865],[123.050068109251939,11.51079759914837],[123.049884709632892,11.510797630631364],[123.049701310013305,11.510797661998806],[123.04970127826671,11.510616788141936],[123.049701246520627,11.510435914282935],[123.049701214775098,11.510255040421624],[123.049884614043222,11.510255009055692],[123.05006801331082,11.510254977574208],[123.050251412577879,11.510254945977261],[123.050251380481413,11.510074072115239],[123.050434779630791,11.510074040403273],[123.050618178779644,11.510074008575755],[123.050801577927956,11.510073976632684]]],[[[123.05501982846927,11.51043495775137],[123.054836429099623,11.510434992352669],[123.054836464125827,11.510615866196838],[123.055019863612529,11.510615831595006],[123.05501982846927,11.51043495775137]]],[[[123.055570062069009,11.510615727096374],[123.055386662584084,11.510615762044774],[123.055203263098619,11.510615796877621],[123.055203298359572,11.510796670718504],[123.055386697962277,11.510796635885034],[123.055570097564356,11.510796600936013],[123.05575349716581,11.510796565871528],[123.055936896766653,11.510796530691492],[123.055936861037097,11.510615656852918],[123.055753461553323,11.510615692032422],[123.055570062069009,11.510615727096374]]],[[[123.05025150887036,11.510797567549824],[123.050251476772303,11.510616693694553],[123.050068077271035,11.510616725292566],[123.050068109251939,11.51079759914837],[123.05025150887036,11.510797567549824]]],[[[123.058137691929915,11.510796099519238],[123.057954292336362,11.510796136085721],[123.057954329355198,11.510977009915679],[123.058137729065905,11.510976973348663],[123.058137691929915,11.510796099519238]]],[[[123.050434908488342,11.510797535835815],[123.05025150887036,11.510797567549824],[123.050251540968958,11.510978441402875],[123.050434940704079,11.510978409688333],[123.050434908488342,11.510797535835815]]],[[[123.052268971412815,11.511158960033407],[123.052268938025023,11.51097808618835],[123.052268904637785,11.510797212341073],[123.052085505025389,11.510797245210425],[123.051902105412296,11.510797277964313],[123.051718705798763,11.510797310602561],[123.05153530618459,11.510797343125345],[123.051535339103239,11.510978216974754],[123.051718738834552,11.510978184451526],[123.051902138565239,11.510978151812656],[123.052085538295401,11.510978119058324],[123.052085571566124,11.511158992903914],[123.052268971412815,11.511158960033407]]],[[[123.036496536127331,11.510799616831635],[123.036313136474092,11.510799639765112],[123.036313159669405,11.510980513651559],[123.036313182865158,11.511161387535784],[123.036496582752704,11.511161364601596],[123.036496559439883,11.510980490717726],[123.036496536127331,11.510799616831635]]],[[[123.051351972173507,11.511159123230241],[123.051351939371486,11.51097824938252],[123.051168539639107,11.510978281674822],[123.051168572323988,11.511159155522988],[123.051351972173507,11.511159123230241]]],[[[123.050801772623231,11.511159219761913],[123.050801740172659,11.510978345912593],[123.050618340438689,11.510978377858239],[123.050434940704079,11.510978409688333],[123.050434972920357,11.51115928353863],[123.050618372772107,11.511159251708003],[123.050801772623231,11.511159219761913]]],[[[123.058137766202506,11.51115784717569],[123.058137803339648,11.511338721000586],[123.058321203284038,11.511338684316863],[123.058321166029657,11.511157810492589],[123.058321128775987,11.510976936666095],[123.058137729065905,11.510976973348663],[123.058137766202506,11.51115784717569]]],[[[123.055936968227627,11.511158278361888],[123.05575356839249,11.51115831354308],[123.055753604006753,11.511339187375436],[123.055937003959045,11.511339152193711],[123.055936968227627,11.511158278361888]]],[[[123.052452404764523,11.511339800889742],[123.052452371259051,11.511158927047438],[123.052268971412815,11.511158960033407],[123.052269004801119,11.511339833876244],[123.052452404764523,11.511339800889742]]],[[[123.050985172473915,11.511159187700182],[123.050801772623231,11.511159219761913],[123.050801805074428,11.511340093608924],[123.050985205042181,11.51134006154666],[123.051168605009394,11.511340029368933],[123.051168572323988,11.511159155522988],[123.050985172473915,11.511159187700182]]],[[[123.053552804532714,11.511339600544401],[123.053369404572777,11.511339634224127],[123.053369438664618,11.511520508061546],[123.053552838741709,11.511520474381198],[123.053552804532714,11.511339600544401]]],[[[123.052452404764523,11.511339800889742],[123.052452438270606,11.511520674729825],[123.052635838350525,11.511520641627238],[123.052819238429919,11.511520608409098],[123.052819204689527,11.511339734570081],[123.052635804727288,11.511339767787687],[123.052452404764523,11.511339800889742]]],[[[123.036680006070398,11.511342215433062],[123.036496606065967,11.511342238483158],[123.03649662937967,11.511523112362587],[123.036680029501156,11.511523089312048],[123.036680006070398,11.511342215433062]]],[[[123.054469839118497,11.511520304246714],[123.054286439044347,11.511520338504644],[123.05428647372247,11.511701212337089],[123.05446987391386,11.511701178078537],[123.054469839118497,11.511520304246714]]],[[[123.054653309017766,11.511882017533503],[123.054653274104624,11.511701143704434],[123.05446987391386,11.511701178078537],[123.054469908709763,11.51188205190814],[123.054653309017766,11.511882017533503]]],[[[123.036863453170653,11.511703940022366],[123.036680052932368,11.511703963188813],[123.036680076364036,11.511884837063269],[123.036863476719375,11.511884813896556],[123.036863453170653,11.511703940022366]]],[[[123.056487275979876,11.511700793608748],[123.056303875795066,11.511700829138194],[123.056303911762555,11.511881702962201],[123.056303947730683,11.512062576783899],[123.056487348149801,11.51206254125321],[123.056487312064618,11.511881667432133],[123.056487275979876,11.511700793608748]]],[[[123.05410314265437,11.512062994139205],[123.05410310809215,11.511882120310757],[123.053919707782541,11.511882154338737],[123.053919742227521,11.512063028167718],[123.05410314265437,11.512062994139205]]],[[[123.053736341800146,11.512063062080768],[123.053736307472221,11.511882188251255],[123.053552907161375,11.511882222048131],[123.053552941372047,11.512063095878178],[123.053736341800146,11.512063062080768]]],[[[123.036863500268538,11.512065687768436],[123.036903345531456,11.512065682710082],[123.037046900740776,11.512065664485727],[123.037046877074374,11.511884790614202],[123.036903345531456,11.511884808835271],[123.036863476719375,11.511884813896556],[123.036863500268538,11.512065687768436]]],[[[123.054653309017766,11.511882017533503],[123.054653343931349,11.512062891360264],[123.054653378845643,11.512243765184804],[123.05483677938733,11.512243730693461],[123.055020179928391,11.512243696086655],[123.055203580468927,11.512243661364208],[123.055386981008837,11.512243626526297],[123.055386945625941,11.512062752703978],[123.055203545203184,11.512062787541355],[123.055020144779803,11.512062822263269],[123.055020109631826,11.511881948437575],[123.054836709325059,11.511881983043315],[123.054653309017766,11.511882017533503]]],[[[123.037413701683903,11.512065617573652],[123.037230301212475,11.512065641087466],[123.037230324996372,11.512246514956326],[123.037413725584955,11.512246491442157],[123.037413701683903,11.512065617573652]]],[[[123.053186174491358,11.51224403695541],[123.053002773944442,11.512244070406785],[123.053002807804816,11.51242494423399],[123.053186208468901,11.512424910782082],[123.053369609132261,11.512424877214622],[123.053553009795181,11.51242484353161],[123.053552975583358,11.512243969706093],[123.053552941372047,11.512063095878178],[123.053369540943521,11.512063129560124],[123.053369575037578,11.512244003388483],[123.053186174491358,11.51224403695541]]],[[[123.056670820975,11.512424253241393],[123.056670784771427,11.51224337942538],[123.05648738423568,11.512243415072154],[123.056487420322199,11.51242428888879],[123.056670820975,11.512424253241393]]],[[[123.04988502829994,11.512606369070921],[123.050068429090587,11.512606337582865],[123.050251829880608,11.512606305979256],[123.050251797777122,11.512425432146456],[123.050435198449549,11.512425400427828],[123.050618599121364,11.51242536859356],[123.050618566784109,11.512244494759516],[123.050435166229462,11.512244526593252],[123.050435134009902,11.512063652756366],[123.050251733571869,11.512063684474017],[123.050068333133297,11.512063716076115],[123.050068365118548,11.512244589913889],[123.050068397104255,11.512425463749532],[123.049884996430848,11.512425495237055],[123.049701595756915,11.512425526609027],[123.049518195082356,11.512425557865535],[123.04951822671714,11.512606431700378],[123.049701627508853,11.512606400443426],[123.04988502829994,11.512606369070921]]],[[[123.052819407140205,11.512424977570346],[123.052636006475069,11.51242501079115],[123.052636040101675,11.5126058846172],[123.052819440883965,11.512605851395863],[123.05300284166573,11.512605818058974],[123.053002807804816,11.51242494423399],[123.052819407140205,11.512424977570346]]],[[[123.048417821956136,11.512606616815413],[123.048417791024349,11.51242574297755],[123.048234390346153,11.512425773425194],[123.048234421160785,11.512606647263501],[123.048417821956136,11.512606616815413]]],[[[123.037963951601085,11.51242729407147],[123.037780550896599,11.51242731793265],[123.037780575032755,11.512608191795914],[123.037963975854396,11.512608167934291],[123.037963951601085,11.51242729407147]]],[[[123.052269271928068,11.512786824538113],[123.052269238535217,11.512605950713217],[123.052085837751235,11.512605983587898],[123.052085871026932,11.512786857413326],[123.052269271928068,11.512786824538113]]],[[[123.047684249235346,11.512787611752051],[123.047867650149357,11.512787581650086],[123.047867619568578,11.512606707813022],[123.047684218771721,11.512606737914455],[123.047684249235346,11.512787611752051]]],[[[123.059605383656475,11.513147162372972],[123.059788784767392,11.513147124758794],[123.05978874656941,11.512966250961787],[123.059788708372054,11.512785377162471],[123.059788670175408,11.512604503360935],[123.059972070934165,11.512604465633069],[123.060155471692397,11.512604427789652],[123.060155433261983,11.51242355398705],[123.05997203262099,11.512423591829934],[123.059788631979302,11.512423629557178],[123.059605231337073,11.51242366716887],[123.059421830694134,11.512423704665009],[123.059421868655861,11.512604578470009],[123.059421906618198,11.512785452272789],[123.05942194458126,11.51296632607326],[123.059421982544848,11.513147199871598],[123.059238581432595,11.513147237254584],[123.059238619279739,11.513328111051147],[123.059422020509146,11.513328073667539],[123.059605421737928,11.51332803616838],[123.059605383656475,11.513147162372972]]],[[[123.051902470125185,11.512786890172988],[123.051902503284168,11.51296776399664],[123.052085904303155,11.512967731236445],[123.052085871026932,11.512786857413326],[123.051902470125185,11.512786890172988]]],[[[123.047684249235346,11.512787611752051],[123.047500848320723,11.512787641738376],[123.047500878667734,11.512968515574196],[123.04768427969951,11.512968485587338],[123.047684249235346,11.512787611752051]]],[[[123.038514202922215,11.51278896951573],[123.038330801984671,11.512788993724365],[123.038330826473086,11.512969867581946],[123.03851422752787,11.512969843372955],[123.038514202922215,11.51278896951573]]],[[[123.059238543586147,11.512966363455712],[123.059055142590424,11.512966400722613],[123.059055180319717,11.513147274522018],[123.059238581432595,11.513147237254584],[123.059238543586147,11.512966363455712]]],[[[123.0586883780921,11.513147348710318],[123.0586883405972,11.512966474909669],[123.058504939599615,11.512966511829825],[123.05850497697736,11.513147385631095],[123.0586883780921,11.513147348710318]]],[[[123.051719102264727,11.512967796641282],[123.051719135307181,11.513148670463247],[123.051902536443777,11.513148637818071],[123.051902503284168,11.51296776399664],[123.051719102264727,11.512967796641282]]],[[[123.050985628479552,11.513691421347039],[123.051169029969898,11.513691389162561],[123.051352431459804,11.513691356862532],[123.051535832949,11.513691324446862],[123.051719234437755,11.513691291915729],[123.051719201393695,11.513510418100514],[123.051719168350175,11.513329544282991],[123.051535767095729,11.513329576813058],[123.051352365840827,11.513329609227663],[123.051168964585401,11.513329641526626],[123.051168931893869,11.513148767705372],[123.051168899202949,11.512967893881809],[123.051168866512569,11.512787020056026],[123.0511688338228,11.512606146228022],[123.051168801133485,11.512425272397708],[123.050985400463375,11.512425304578544],[123.050801999792625,11.512425336643828],[123.050618599121364,11.51242536859356],[123.05061863145913,11.512606242425472],[123.05080203224756,11.512606210475207],[123.05098543303545,11.51260617840939],[123.050985465608065,11.512787052237927],[123.050802064703021,11.512787084304277],[123.050802097159107,11.512967958131037],[123.050618696136283,11.512967990082368],[123.050618728475669,11.513148863907441],[123.050618760815667,11.513329737730293],[123.05080216207277,11.513329705777986],[123.050802194530462,11.513510579598085],[123.050985595904194,11.513510547529693],[123.050985628479552,11.513691421347039]]],[[[123.047134106715902,11.513149449035742],[123.047317507865813,11.513149419279545],[123.047317477635502,11.512968545445501],[123.047134076602745,11.512968575201166],[123.047134106715902,11.513149449035742]]],[[[123.038881029636201,11.51296979460823],[123.038697628582298,11.512969819048324],[123.038697653305547,11.513150692902974],[123.03888105447669,11.513150668462435],[123.038881029636201,11.51296979460823]]],[[[123.04695070556545,11.513149478676388],[123.046950735561992,11.513330352509099],[123.047134136829499,11.51333032286801],[123.047134106715902,11.513149449035742],[123.04695070556545,11.513149478676388]]],[[[123.053369745516761,11.513148372496795],[123.053186344384613,11.513148406066387],[123.053186378365083,11.513329279881868],[123.053186412345994,11.513510153695128],[123.053369813712436,11.513510120124382],[123.053369779614385,11.513329246311743],[123.053553180863062,11.513329212625978],[123.053553146648383,11.513148338811652],[123.053369745516761,11.513148372496795]]],[[[123.058505051734812,11.513509133226885],[123.058505014355816,11.513328259430056],[123.058321613123212,11.513328296235903],[123.058321650385139,11.513509170033265],[123.058505051734812,11.513509133226885]]],[[[123.053920017808494,11.51351001871892],[123.05391998335881,11.51332914490788],[123.053736582111284,11.513329178824749],[123.053736616443743,11.513510052636322],[123.053920017808494,11.51351001871892]]],[[[123.046767334293861,11.513330382034725],[123.046583933025204,11.513330411444711],[123.046583962787892,11.513511285276179],[123.046767364173604,11.51351125586566],[123.046767334293861,11.513330382034725]]],[[[123.053553215078352,11.513510086438172],[123.053369813712436,11.513510120124382],[123.053369847811112,11.513690993934889],[123.053553249294268,11.513690960248057],[123.053553215078352,11.513510086438172]]],[[[123.046217189543583,11.513692217580607],[123.046217160014848,11.513511343750471],[123.046033758627516,11.513511372814245],[123.046033788039196,11.513692246644913],[123.046217189543583,11.513692217580607]]],[[[123.054470291503463,11.513871663885533],[123.05447025670108,11.513690790080622],[123.054470221899322,11.513509916273401],[123.054286820536333,11.513509950537459],[123.054286855220852,11.513690824345213],[123.054286889905995,11.513871698150657],[123.054470291503463,11.513871663885533]]],[[[123.045850386534184,11.513692275593579],[123.045666985028831,11.513692304426693],[123.045667014206558,11.513873178256029],[123.04585041582915,11.513873149422471],[123.045850386534184,11.513692275593579]]],[[[123.039614760397598,11.513874064932628],[123.039614735086815,11.513693191088992],[123.03943133356583,11.513693215992982],[123.039431358759444,11.513874089836973],[123.039614760397598,11.513874064932628]]],[[[123.054103488308087,11.513871732300318],[123.054103453740098,11.513690858494252],[123.053920052258718,11.513690892527739],[123.053736650776813,11.513690926445674],[123.053553249294268,11.513690960248057],[123.053553283510723,11.513871834055722],[123.053736685110408,11.513871800252806],[123.053736719444629,11.514052674057629],[123.053920121160942,11.514052640138628],[123.054103522876616,11.514052606104075],[123.054286924591764,11.514052571953881],[123.054286889905995,11.513871698150657],[123.054103488308087,11.513871732300318]]],[[[123.045300210959851,11.513873235576577],[123.045116809335738,11.513873264063479],[123.045116838162457,11.514054137891927],[123.04530023990371,11.514054109404581],[123.045300210959851,11.513873235576577]]],[[[123.057221388515003,11.514232883626141],[123.057221351953757,11.514052009834286],[123.057037950248116,11.514052045833489],[123.057037986692208,11.514232919625966],[123.057221388515003,11.514232883626141]]],[[[123.044750034678515,11.514054194519963],[123.044566632935741,11.514054222660564],[123.044566661411366,11.514235096488212],[123.04475006327128,11.514235068347078],[123.044750034678515,11.514054194519963]]],[[[123.039981589218158,11.51405488861772],[123.039798187463745,11.514054913753702],[123.039798212892563,11.514235787592364],[123.039981614764216,11.514235762456027],[123.039981589218158,11.51405488861772]]],[[[123.044383287909909,11.514415998339489],[123.044383259550997,11.514235124513705],[123.044199857690188,11.514235152423735],[123.04419988593186,11.514416026249963],[123.044383287909909,11.514415998339489]]],[[[123.056671219255065,11.514413865070283],[123.056487817313354,11.514413900723985],[123.056487853407049,11.514594774513709],[123.056671255466014,11.514594738859474],[123.056671219255065,11.514413865070283]]],[[[123.044016483953456,11.514416054044796],[123.043833081974441,11.514416081724077],[123.043649679994971,11.514416109287806],[123.043649707885635,11.514596983113146],[123.043833109982259,11.514596955548972],[123.044016512078429,11.514596927869247],[123.044016483953456,11.514416054044796]]],[[[123.040348470068295,11.514597459505049],[123.040348444287062,11.514416585671983],[123.040165042299066,11.514416611039868],[123.040165067963159,11.51459748487329],[123.040348470068295,11.514597459505049]]],[[[123.043099501592934,11.514597065112175],[123.042916099494533,11.514597092214052],[123.042732697395508,11.514597119200376],[123.042732724700699,11.514777993025627],[123.042916126916865,11.514777966038947],[123.043099529132505,11.514777938936627],[123.043099501592934,11.514597065112175]]],[[[123.040348495849983,11.514778333335807],[123.040531898071933,11.51477830785157],[123.040531872173091,11.514597434021168],[123.040348470068295,11.514597459505049],[123.040348495849983,11.514778333335807]]],[[[123.041632337996802,11.51495902634454],[123.041632311394352,11.514778152518934],[123.041448909175074,11.514778178696661],[123.041265506955256,11.514778204758747],[123.041082104735096,11.514778230705369],[123.040898702514482,11.514778256536351],[123.040715300293428,11.514778282251692],[123.04071532630995,11.51495915607943],[123.040898728648159,11.514959130363644],[123.041082130986013,11.514959104532219],[123.041265533323411,11.514959078585241],[123.041448935660284,11.514959052522711],[123.041632337996802,11.51495902634454]]],[[[123.056671436529797,11.515499107771587],[123.056488033884818,11.515499143428753],[123.056488069982166,11.515680017204977],[123.056671472744384,11.515679981547278],[123.056671436529797,11.515499107771587]]],[[[123.056854911838258,11.515860819546875],[123.056671508959511,11.515860855320748],[123.056671545175334,11.516041729091997],[123.056854948171235,11.516041693317502],[123.056854911838258,11.515860819546875]]],[[[123.057038424068821,11.516403404960895],[123.057038387617368,11.51622253119533],[123.056854984504838,11.51622256708591],[123.056855020839066,11.516403440852008],[123.056855057173919,11.516584314615974],[123.057038460520829,11.516584278724151],[123.057038424068821,11.516403404960895]]],[[[123.053737165841596,11.516404033316752],[123.053737200183903,11.516584907090222],[123.05373723452675,11.516765780861382],[123.053737268870123,11.516946654630322],[123.053920672461629,11.516946620702617],[123.053920638001017,11.51676574693421],[123.054104041474673,11.516765712891308],[123.054287444947789,11.516765678732943],[123.054287410253323,11.516584804963381],[123.054470813608575,11.516584770689908],[123.0546542169633,11.516584736300883],[123.0548376203175,11.516584701796218],[123.054837585272026,11.516403828026034],[123.054654182035065,11.516403862530167],[123.054654147107271,11.51622298875723],[123.054654112180188,11.516042114982072],[123.054470709177096,11.51604214936941],[123.054470674367693,11.51586127559141],[123.054287271481215,11.515861309862663],[123.054287306173379,11.516042183641195],[123.054103903169121,11.516042217797429],[123.053920500164253,11.51604225183811],[123.053920534622563,11.516223125615488],[123.053737131499915,11.516223159541061],[123.053737165841596,11.516404033316752]]],[[[123.05722197357855,11.517126863991622],[123.057038569880547,11.517126900000685],[123.057038606335027,11.517307773755059],[123.057222010150269,11.517307737745375],[123.05722197357855,11.517126863991622]]],[[[123.057222010150269,11.517307737745375],[123.057222046722529,11.517488611496907],[123.0574054506544,11.517488575371049],[123.057405413964815,11.51730770162005],[123.057222010150269,11.517307737745375]]],[[[123.054104248950395,11.517850955464892],[123.053920844773486,11.517850989510992],[123.053737440595867,11.517851023441539],[123.053554036417708,11.517851057256445],[123.053370632238924,11.517851090955711],[123.053370598127103,11.517670217196896],[123.053187194065032,11.517670250779988],[123.053003790002435,11.517670284247528],[123.052820385939199,11.517670317599515],[123.052636981875452,11.517670350835862],[123.052453577811065,11.517670383956569],[123.052270173746152,11.517670416961723],[123.052086769680713,11.517670449851236],[123.052086736390009,11.517489576086382],[123.051903332441171,11.51748960885981],[123.051719928491821,11.517489641517598],[123.051536524541916,11.517489674059744],[123.0513531205915,11.517489706486339],[123.051353087770195,11.517308832717132],[123.051169683936379,11.517308865027642],[123.050986280102038,11.517308897222422],[123.05080287626717,11.517308929301739],[123.050802843798024,11.517128055528802],[123.050619440079856,11.517128087491946],[123.050436036361077,11.517128119339448],[123.050252632641744,11.517128151071399],[123.050069228921984,11.517128182687708],[123.049885825201599,11.517128214188466],[123.049885857084533,11.517309087963978],[123.049885888968092,11.517489961737271],[123.05006929292297,11.517489930235536],[123.050069320916577,11.517648152243298],[123.050137265000444,11.517633877000533],[123.050160281000132,11.517622597000665],[123.050177542000043,11.517611318000531],[123.050206310000206,11.51758876100053],[123.050229326000064,11.517577481000663],[123.0502523400001,11.517560563000684],[123.050275355000139,11.517543645000528],[123.050292616000149,11.517532366000571],[123.050321385000132,11.517515447000504],[123.050344400000256,11.517498529000525],[123.050367415000295,11.51748725000048],[123.050413447000196,11.517470329000501],[123.050436463000153,11.517464687000567],[123.050465234000129,11.517459045000544],[123.050488249000168,11.517447765000588],[123.050511265000125,11.517442124000565],[123.050540035000367,11.51743084400052],[123.050563051000054,11.517425202000586],[123.050591821000211,11.517413922000541],[123.050609083000225,11.517408281000518],[123.050632099000083,11.517402640000673],[123.050660869000069,11.517391359000539],[123.050683885000197,11.517385718000606],[123.050706900000236,11.517374438000649],[123.050747178000108,11.517363156000604],[123.050775949000268,11.517357514000404],[123.050804719000155,11.517351872000559],[123.05083349000023,11.517351868000558],[123.050850753000148,11.517351866000558],[123.05088527900034,11.517357500000669],[123.050919805000092,11.517363134000602],[123.050937068000266,11.517363131000513],[123.050965840000259,11.517368766000535],[123.050994612000238,11.517374401000469],[123.051023383000214,11.517374397000557],[123.051040647000221,11.517380033000668],[123.05106941800021,11.51738002900049],[123.051098190000275,11.51738566400069],[123.051126962000353,11.517391298000623],[123.051144225000087,11.517391296000623],[123.051172997000165,11.517396931000556],[123.051196014000112,11.517402566000667],[123.051219032000148,11.517408201000512],[123.051247805000315,11.517419474000645],[123.051270823000266,11.517425109000667],[123.051293843000309,11.517447660000668],[123.051311108000135,11.517464573000469],[123.051334129000168,11.51749276200067],[123.051351395000182,11.517520951000604],[123.051368661000183,11.517543502000516],[123.051380173000425,11.517566054000516],[123.051397439000255,11.517588606000606],[123.051408950000152,11.517605519000407],[123.051414707000177,11.517628072000408],[123.051431974000366,11.517656261000608],[123.051449239000107,11.517673174000409],[123.051466505000022,11.517695725000676],[123.051483770000203,11.517712638000566],[123.051518298000218,11.517735187000566],[123.051535562000225,11.517740823000677],[123.051570089000066,11.517752095000544],[123.051616125000237,11.517763366000677],[123.051656405000188,11.517768999000433],[123.051679423000323,11.517768996000521],[123.051708194000128,11.51776899200061],[123.051742719000146,11.51776898800061],[123.051771492000384,11.517774622000543],[123.051794510000079,11.517780258000565],[123.051817527000196,11.517785893000676],[123.051852054000122,11.517791527000609],[123.051886580000144,11.517797160000631],[123.051915352000208,11.517797157000453],[123.051938369000254,11.517797153000542],[123.051961386000116,11.51779715000063],[123.051990157000276,11.517797147000541],[123.052018929000084,11.517797143000541],[123.05204194700012,11.517802778000563],[123.052064965000156,11.517808413000497],[123.052087983000192,11.51781968700063],[123.052111002000231,11.517830961000675],[123.0521340210001,11.517842234000542],[123.052148850147788,11.517851312499561],[123.05227020715472,11.517851290723735],[123.052453611336873,11.517851257718137],[123.052453644863121,11.518032131477396],[123.052637049161888,11.518032098355535],[123.052820453460129,11.518032065118211],[123.05300385775783,11.518032031765157],[123.053187262054919,11.518031998296552],[123.05337066635137,11.518031964712305],[123.053554070647394,11.518031931012507],[123.053737474942693,11.518031897196979],[123.053737509290158,11.518212770950287],[123.053920913702171,11.518212737018674],[123.053920879237566,11.518031863265987],[123.054104283531714,11.518031829219266],[123.054287687825422,11.518031795056993],[123.054471092118419,11.518031760779168],[123.054471126934743,11.518212634530167],[123.054654531344454,11.518212600136168],[123.054837935753625,11.518212565626529],[123.05502134016217,11.518212531001248],[123.055204744570091,11.518212496260327],[123.0553881489774,11.518212461403854],[123.055388184380462,11.518393335149879],[123.055571588904471,11.518393300177232],[123.055571553384169,11.518212426431829],[123.055754957790327,11.518212391344074],[123.055754922153412,11.518031517596983],[123.055571517864408,11.518031552684116],[123.055388113574878,11.518031587655608],[123.055204709284808,11.518031622511549],[123.055021304994128,11.518031657251848],[123.055021269826611,11.517850783500228],[123.054837865652544,11.517850818124353],[123.054654461477938,11.517850852632927],[123.054471057302621,11.51785088702586],[123.054287653126778,11.517850921303152],[123.054104248950395,11.517850955464892]]],[[[123.058872870232335,11.5183926508998],[123.058689465719425,11.518392687953449],[123.058689503233154,11.518573561686862],[123.058872907863389,11.518573524632592],[123.058872870232335,11.5183926508998]]],[[[123.057405634111205,11.518392944092026],[123.057405670804428,11.518573817829525],[123.057589075438926,11.518573781584562],[123.057589112250014,11.518754655319219],[123.05777251700114,11.518754618957994],[123.057955921751727,11.518754582481217],[123.058139326501603,11.518754545888799],[123.058139289338882,11.518573672155918],[123.058322693970979,11.518573635448481],[123.058322656691558,11.518392761714003],[123.058139252176787,11.518392798420818],[123.057955847661304,11.518392835012081],[123.057955884706161,11.518573708747804],[123.057772480072899,11.518573745223959],[123.057772443145197,11.518392871487615],[123.057589038628464,11.518392907847685],[123.057589001818712,11.518212034108499],[123.057405597418594,11.518212070352307],[123.057405634111205,11.518392944092026]]],[[[123.056672016035762,11.518393087913426],[123.056488611515391,11.518393123579829],[123.056488647622416,11.51857399732017],[123.056672052260026,11.518573961653233],[123.056672016035762,11.518393087913426]]],[[[123.059239717121912,11.518573450177216],[123.059056312492913,11.51857348746268],[123.059056350241832,11.518754361192629],[123.059056387991461,11.518935234920269],[123.059239792854839,11.518935197633562],[123.05923975498807,11.518754323906455],[123.059423159733498,11.518754286504818],[123.0594231217501,11.518573412776112],[123.059239717121912,11.518573450177216]]],[[[123.059423311673385,11.519477781397169],[123.0594232736875,11.519296907677434],[123.059239868590254,11.519296945080937],[123.059239830722234,11.51911607135836],[123.059056425741616,11.519116108645688],[123.059056387991461,11.518935234920269],[123.058872983127358,11.518935272091335],[123.058873020760373,11.519116145817376],[123.058873058393914,11.519297019541108],[123.059056463492396,11.519296982368799],[123.059056501243887,11.519477856089777],[123.059239906458984,11.519477818801294],[123.059423311673385,11.519477781397169]]],[[[123.059606716887245,11.519477743877404],[123.059423311673385,11.519477781397169],[123.05942334965998,11.519658655114595],[123.05960675499108,11.519658617594297],[123.059606716887245,11.519477743877404]]],[[[123.059606793095526,11.519839491308881],[123.059790198543155,11.51983945367232],[123.059790160321555,11.51965857995827],[123.05960675499108,11.519658617594297],[123.059606793095526,11.519839491308881]]],[[[123.067856222884487,11.503920790280153],[123.067856179568125,11.50373991639726],[123.067672784577454,11.5037399590602],[123.06767282777686,11.503920832943804],[123.067856222884487,11.503920790280153]]],[[[123.066205624626775,11.503740296206599],[123.066022229629809,11.50374033783037],[123.066022271775466,11.503921211720103],[123.066205666889587,11.50392117009571],[123.066205624626775,11.503740296206599]]],[[[123.065838876660649,11.503921253229032],[123.065655481545107,11.503921294622499],[123.06547208642894,11.503921335900502],[123.065288691311991,11.503921377063042],[123.065288732990112,11.50410225095313],[123.06547212822413,11.504102209789968],[123.065655523457451,11.504102168511254],[123.065838918690048,11.504102127117077],[123.065838876660649,11.503921253229032]]],[[[123.067489088030413,11.502473884354947],[123.067305693857776,11.502473926782075],[123.067305650898362,11.502293052879198],[123.067122256842055,11.502293095190241],[123.066938862785051,11.502293137385822],[123.066938905510426,11.50247401129012],[123.066938948236427,11.50265488519211],[123.066938990963237,11.502835759091878],[123.066939033690744,11.503016632989427],[123.066755639164782,11.503016675072297],[123.06675568177593,11.503197548968247],[123.066572287132288,11.503197590936276],[123.066572329627093,11.503378464830716],[123.066388934865586,11.503378506683992],[123.066205540103368,11.503378548421894],[123.066205582364759,11.503559422315357],[123.066388977244046,11.503559380576833],[123.066572372122607,11.503559338722846],[123.066755767000387,11.503559296753396],[123.066939161877542,11.503559254668572],[123.067122556753972,11.503559212468195],[123.06712259960139,11.503740086356062],[123.067122642449519,11.503920960241709],[123.066939247338951,11.503921002443418],[123.066939290070721,11.504101876327466],[123.066755894842387,11.504101918414422],[123.066755937457899,11.50428279229696],[123.066572542111786,11.504282834269075],[123.066572584610867,11.504463708150015],[123.066755980074035,11.504463666177189],[123.066756022690882,11.504644540055198],[123.066572627110645,11.504644582028734],[123.066572669611134,11.504825455905232],[123.066572712112333,11.505006329779421],[123.066389316297176,11.505006371638826],[123.066389273913046,11.504825497763926],[123.066205878214234,11.504825539507157],[123.066022482514725,11.504825581134925],[123.066022524664731,11.505006455011157],[123.065839128847358,11.505006496524084],[123.065655733029359,11.505006537921636],[123.065472337210736,11.505006579203636],[123.065472379010103,11.505187453079602],[123.065288983073629,11.505187494246849],[123.065288941391316,11.505006620370173],[123.065288899709643,11.504825746491276],[123.065288858028765,11.50464487261007],[123.065288816348499,11.504463998726733],[123.065288774668957,11.504283124841086],[123.06510537931716,11.504283165889495],[123.065105337755384,11.504102292000917],[123.065105296194318,11.503921418110119],[123.065288691311991,11.503921377063042],[123.065288649634567,11.503740503170734],[123.065105254633963,11.5037405442171],[123.065105213074318,11.503559670321861],[123.065105171515299,11.503378796424313],[123.065288566281779,11.503378755379279],[123.065288524606402,11.503197881480132],[123.065288482931734,11.503017007578853],[123.065288441257877,11.502836133675265],[123.065288399584631,11.502655259769456],[123.065471793882068,11.502655218611535],[123.065471752092478,11.502474344704128],[123.065471710303598,11.5022934707945],[123.065471668515414,11.502112596882652],[123.065288274569085,11.502112638038531],[123.065288232898595,11.501931764123752],[123.065104839068695,11.501931805163546],[123.065104797515971,11.501750931245924],[123.065104755963972,11.501570057325994],[123.064921362367386,11.501570098248992],[123.064921320933152,11.501389224326219],[123.064921279499629,11.501208350401138],[123.064737886136385,11.501208391207429],[123.064737844820627,11.501027517279416],[123.064554451573827,11.501027557969623],[123.064554410375663,11.500846684038768],[123.064371017245207,11.50084672461289],[123.064371058326302,11.501027598544367],[123.064187665078066,11.501027639003736],[123.064187706042816,11.501208512933614],[123.064004312676801,11.50120855327823],[123.063820919310274,11.501208593507295],[123.063637525942937,11.501208633620985],[123.063637566557205,11.501389507550597],[123.063820960041511,11.501389467436285],[123.063821000773459,11.501570341363054],[123.063821041506216,11.501751215287603],[123.064004435223936,11.501751175056496],[123.06418782894103,11.501751134710014],[123.064187869908437,11.501932008631011],[123.064187910876555,11.502112882549698],[123.064004516925422,11.502112922897512],[123.064004557777196,11.5022937968146],[123.064187951845383,11.502293756466164],[123.064187992814922,11.50247463038041],[123.064188033785086,11.502655504292436],[123.064004639482761,11.502655544642204],[123.063821245179739,11.502655584876509],[123.063821285916475,11.502836458787558],[123.063637891495759,11.502836498907021],[123.063637932116166,11.50301737281656],[123.063454537577584,11.50301741282127],[123.063454578081632,11.503198286729122],[123.063454618586292,11.503379160634752],[123.063638013358911,11.503379120628709],[123.06363805398135,11.503559994531498],[123.063821448870399,11.50355995440937],[123.063821489610604,11.503740828309228],[123.063821530351447,11.503921702206865],[123.06400492547391,11.503921661968031],[123.064004966332604,11.504102535862737],[123.064005007191824,11.504283409755134],[123.064005048051854,11.504464283645399],[123.064005088912594,11.504645157533444],[123.064005129773946,11.50482603141918],[123.0641885254811,11.504825991061596],[123.064188484502679,11.504645117176482],[123.064371880092068,11.504645076704056],[123.064555275680732,11.504645036116257],[123.064555316893376,11.504825910000038],[123.064738712598484,11.504825869296065],[123.064738753928893,11.505006743176915],[123.064922149750444,11.505006702356857],[123.064922191198534,11.505187576234777],[123.064922232647419,11.505368450110565],[123.064738836591744,11.505368490931955],[123.064738877924185,11.505549364806145],[123.064738919257351,11.505730238678114],[123.064738960591214,11.505911112547773],[123.064922356998167,11.50591107172434],[123.064922398449809,11.506091945591157],[123.064922439902162,11.506272819455665],[123.064922481355225,11.506453693317953],[123.064922522808914,11.50663456717802],[123.064922564263398,11.506815441035867],[123.064922605718507,11.506996314891405],[123.064922647174313,11.507177188744722],[123.065106044400252,11.507177147801206],[123.065106085973937,11.507358021651681],[123.065289483316221,11.507357980591992],[123.065289525007671,11.507538854439536],[123.065472922466498,11.507538813263674],[123.065472880657893,11.50735793941684],[123.065472838850098,11.507177065567697],[123.065472797042915,11.506996191716334],[123.065472755236527,11.506815317862751],[123.065472713430779,11.506634444006947],[123.065656110303308,11.506634402718907],[123.065656068381202,11.506453528861504],[123.065656026459706,11.506272655001881],[123.065839423097316,11.506272613599711],[123.0660228197343,11.506272572082077],[123.066206216370489,11.50627253044898],[123.066389613006066,11.506272488700331],[123.066573009640834,11.506272446836219],[123.066572967134647,11.506091572977661],[123.066389570616948,11.506091614841152],[123.066389528228541,11.505910740979663],[123.066389485840844,11.505729867115955],[123.066389443453872,11.505548993250025],[123.066572839620292,11.505548951388667],[123.066756235786016,11.505548909411756],[123.066939631950945,11.505548867319382],[123.066939589213391,11.505367993453275],[123.066756193165531,11.505368035544938],[123.066756150545757,11.5051871616759],[123.066939546476647,11.505187119584859],[123.067122942406726,11.505187077378354],[123.06730633833611,11.505187035056386],[123.067489734264768,11.505186992618954],[123.067489691177371,11.505006118750449],[123.067306295365853,11.50500616118717],[123.067306252396321,11.504825287315645],[123.067306209427485,11.5046444134419],[123.067306166459375,11.504463539565934],[123.0674895619197,11.504463497131256],[123.067672957379315,11.504463454581026],[123.067856352838135,11.504463411915422],[123.068039748296343,11.504463369134355],[123.068039704860681,11.504282495258833],[123.068223100201024,11.504282452362924],[123.068223056649018,11.504101578485892],[123.068223013097622,11.503920704606641],[123.068222969547136,11.503739830725168],[123.068406364535477,11.503739787715928],[123.068406320868547,11.503558913832856],[123.068406277202413,11.503378039947565],[123.068406233536891,11.503197166059964],[123.068406189872178,11.503016292170232],[123.068406146208261,11.50283541827819],[123.068406102544969,11.502654544383928],[123.068406058882474,11.502473670487356],[123.06822266471346,11.502473713491801],[123.068039270543835,11.502473756380782],[123.0678558763734,11.5024737991543],[123.067672482202269,11.502473841812355],[123.067489088030413,11.502473884354947]],[[123.068039574557986,11.503739873618946],[123.068039617991417,11.503920747501128],[123.067856222884487,11.503920790280153],[123.067856266201659,11.504101664160826],[123.067672870976963,11.504101706825098],[123.067672914177791,11.504282580704173],[123.067489518835231,11.504282623253692],[123.067489475751472,11.504101749373907],[123.067489432668509,11.503920875491902],[123.067489389586171,11.503740001607587],[123.067672784577454,11.5037399590602],[123.067672741378857,11.503559085174375],[123.067856136252374,11.503559042512146],[123.067856092937419,11.503378168624812],[123.068039487693156,11.50337812584783],[123.068222882448097,11.503378082955384],[123.068222925997262,11.503558956841387],[123.068222969547136,11.503739830725168],[123.068039574557986,11.503739873618946]],[[123.064371386999483,11.50247458991589],[123.06437134591296,11.502293716002265],[123.064554739979741,11.502293675422903],[123.064554781183404,11.502474549335906],[123.064371386999483,11.50247458991589]],[[123.064004884616011,11.503740788071015],[123.064004843758738,11.503559914171779],[123.064004802902176,11.503379040270412],[123.064188197672749,11.503378999917979],[123.064188238646366,11.503559873818814],[123.064371633533383,11.503559833350296],[123.064371592442697,11.503378959450172],[123.064554987211849,11.503378918866902],[123.064555028419591,11.503559792766405],[123.064555069628057,11.503740666663687],[123.06437167462478,11.5037407072482],[123.064188279620708,11.503740747717339],[123.064004884616011,11.503740788071015]]],[[[123.060153781365145,11.504645978355077],[123.060153742963053,11.504465104453887],[123.059970347475456,11.50446514226986],[123.059786951987149,11.504465179970369],[123.059786990154933,11.504646053872802],[123.059970385760394,11.504646016171671],[123.059970424045943,11.504826890071262],[123.059970462332203,11.505007763968633],[123.060153858171077,11.505007726150884],[123.060337254009326,11.505007688217583],[123.06052064984695,11.505007650168819],[123.060520688485028,11.505188524062104],[123.060704084439095,11.505188485897255],[123.060887480392452,11.505188447616943],[123.060887441520165,11.50500757372499],[123.061070837355842,11.505007535329748],[123.061254233190894,11.505007496819131],[123.061254194085024,11.504826622926112],[123.061254154979849,11.504645749030784],[123.061070759379106,11.504645787540158],[123.060887363777553,11.504645825934068],[123.060887402648589,11.504826699830639],[123.060704006929356,11.504826738109708],[123.060520611209412,11.504826776273314],[123.060337215488943,11.504826814321456],[123.060337176969171,11.504645940423108],[123.060153781365145,11.504645978355077]]],[[[123.063821734066082,11.5048260716613],[123.063821774811004,11.505006945545437],[123.064005170636023,11.505006905302695],[123.064005129773946,11.50482603141918],[123.063821734066082,11.5048260716613]]],[[[123.063455023670613,11.505187899567693],[123.063638419613937,11.505187859555255],[123.063638378985374,11.505006985672717],[123.063454983159104,11.505007025684533],[123.063455023670613,11.505187899567693]]],[[[123.063271627726493,11.505187939464667],[123.063271668121558,11.505368813346317],[123.063455064182747,11.505368773448632],[123.063455023670613,11.505187899567693],[123.063271627726493,11.505187939464667]]],[[[123.061437707472976,11.505369205971183],[123.061437668248786,11.505188332083227],[123.061254272297305,11.505188370709929],[123.061254311404412,11.505369244598507],[123.061437707472976,11.505369205971183]]],[[[123.061070915335236,11.505369283110367],[123.061070876345184,11.505188409221168],[123.060887480392452,11.505188447616943],[123.060887519265449,11.505369321506764],[123.061070915335236,11.505369283110367]]],[[[123.062538004017341,11.505007224011399],[123.062354608186993,11.505007263330347],[123.062354647996031,11.505188137217415],[123.062354687805609,11.505369011102173],[123.062354727615897,11.505549884984712],[123.06217133143366,11.50554992419015],[123.062171371127604,11.50573079807109],[123.062354767426896,11.505730758865118],[123.062538163725577,11.505730719543594],[123.062538123797523,11.505549845663898],[123.062538083870166,11.505368971781982],[123.062538043943448,11.505188097897756],[123.062538004017341,11.505007224011399]]],[[[123.061254311404412,11.505369244598507],[123.061070915335236,11.505369283110367],[123.061070954326013,11.505550156997346],[123.061254350512243,11.505550118484864],[123.061254311404412,11.505369244598507]]],[[[123.063271668121558,11.505368813346317],[123.063088272059758,11.50536885312845],[123.06308831233838,11.505549727008413],[123.063088352617712,11.505730600886244],[123.06327174891382,11.505730561102778],[123.063271708517334,11.505549687225658],[123.063271668121558,11.505368813346317]]],[[[123.061804578526775,11.505730876136644],[123.061804539067055,11.505550002254461],[123.061621142882771,11.505550041113421],[123.061621182225423,11.505730914996226],[123.061804578526775,11.505730876136644]]],[[[123.061254350512243,11.505550118484864],[123.0612543896207,11.505730992368912],[123.061437785923374,11.505730953740345],[123.061437746697862,11.50555007985683],[123.061254350512243,11.505550118484864]]],[[[123.06418877136629,11.505911234325117],[123.064005374956579,11.505911274686609],[123.064005415822734,11.506092148556624],[123.064188812349499,11.50609210819451],[123.06418877136629,11.505911234325117]]],[[[123.063088392897768,11.505911474761765],[123.062904996483979,11.5059115144303],[123.062905036647578,11.506092388304223],[123.063088433178521,11.506092348634978],[123.063088392897768,11.505911474761765]]],[[[123.062721640116024,11.506092427857917],[123.062721600069565,11.505911553983372],[123.062538203654356,11.50591159342107],[123.062538243583745,11.506092467296236],[123.062721640116024,11.506092427857917]]],[[[123.061804736372238,11.506454371643082],[123.061621339602468,11.506454410505151],[123.061621378948416,11.506635284376765],[123.061804775835256,11.506635245514074],[123.061804736372238,11.506454371643082]]],[[[123.059970768645144,11.506454755066864],[123.059787371868879,11.506454792774035],[123.059787410043768,11.506635666651865],[123.059970806937173,11.506635628944073],[123.059970768645144,11.506454755066864]]],[[[123.061621496990085,11.507177905978194],[123.061804894228288,11.507177867113638],[123.061804854763324,11.506996993249397],[123.06180481529897,11.506816119382846],[123.06162141829499,11.506816158246158],[123.06162145764219,11.506997032113331],[123.061621496990085,11.507177905978194]]],[[[123.060704472027012,11.506997224700699],[123.06052107490197,11.506997262871677],[123.060521113547239,11.50717813674027],[123.060704510789336,11.507178098568671],[123.060704472027012,11.506997224700699]]],[[[123.061438099751271,11.507177944727287],[123.061438138982737,11.507358818590552],[123.061621536338706,11.507358779840837],[123.061621496990085,11.507177905978194],[123.061438099751271,11.507177944727287]]],[[[123.061254780741166,11.507539731086469],[123.061254741626144,11.507358857224803],[123.061071344268839,11.507358895743502],[123.061071383266807,11.50753976960579],[123.061254780741166,11.507539731086469]]],[[[123.065106127548233,11.507538895499847],[123.06510616912324,11.507719769345792],[123.065289566699832,11.507719728284771],[123.065289525007671,11.507538854439536],[123.065106127548233,11.507538895499847]]],[[[123.064922813004515,11.507900684135697],[123.064739415309433,11.507900724966325],[123.064739456651651,11.508081598809072],[123.064922854463887,11.508081557977734],[123.064922813004515,11.507900684135697]]],[[[123.064556100064493,11.508262513366097],[123.064556058838718,11.508081639524859],[123.06437266102516,11.508081680125182],[123.064372702133795,11.508262553967041],[123.064556100064493,11.508262513366097]]],[[[123.064189345194649,11.508443468292784],[123.064189304202372,11.508262594452523],[123.064005906270324,11.508262634822453],[123.064005947145361,11.508443508663335],[123.064189345194649,11.508443468292784]]],[[[123.059971074999282,11.507901746021565],[123.059787677286081,11.507901783733621],[123.059787715466129,11.50808265759351],[123.059787753646873,11.508263531451091],[123.059787791828157,11.508444405306451],[123.059787830010137,11.50862527915959],[123.059604431827907,11.508625316758581],[123.059421033644952,11.508625354242019],[123.059421071593349,11.508806228094093],[123.059604469893358,11.508806190610033],[123.059604507959449,11.508987064459264],[123.059787906375988,11.508987026859119],[123.059787868192757,11.508806153010509],[123.059971266491431,11.508806115295345],[123.059971228191756,11.508625241445136],[123.060154626372665,11.50862520361513],[123.060154587956561,11.508444329763146],[123.060154549540968,11.508263455909029],[123.060154511126015,11.508082582052692],[123.059971113296385,11.508082619880833],[123.059971074999282,11.507901746021565]]],[[[123.064005947145361,11.508443508663335],[123.063822549095462,11.508443548918423],[123.063822589854155,11.508624422757707],[123.063822630613458,11.508805296594771],[123.064006028897566,11.508805256338439],[123.064005988021108,11.508624382501997],[123.064005947145361,11.508443508663335]]],[[[123.063089037470064,11.508805456465199],[123.062905639182574,11.508805496144037],[123.06290567935693,11.508986369982077],[123.063089077761575,11.508986330302617],[123.063089037470064,11.508805456465199]]],[[[123.06162185115096,11.508805770661423],[123.061438452858056,11.508805809416112],[123.061438492095476,11.508986683259215],[123.061621890505435,11.508986644503905],[123.06162185115096,11.508805770661423]]],[[[123.061805328387038,11.509167479472593],[123.061988726912915,11.509167440485646],[123.062172125438082,11.509167401383147],[123.062355523962538,11.509167362165096],[123.062355484138919,11.508986488327411],[123.062172085731532,11.508986527544751],[123.06198868732352,11.508986566646628],[123.061805288914783,11.508986605633043],[123.061621890505435,11.508986644503905],[123.061621929860621,11.509167518344077],[123.061805328387038,11.509167479472593]]],[[[123.06125513280567,11.509167595740477],[123.061255093684792,11.508986721899062],[123.061071695273483,11.508986760423356],[123.06107173427722,11.509167634265483],[123.06125513280567,11.509167595740477]]],[[[123.060888335748146,11.509167672674847],[123.060888374635439,11.509348546515374],[123.061071773281668,11.509348508105299],[123.06107173427722,11.509167634265483],[123.060888335748146,11.509167672674847]]],[[[123.060888374635439,11.509348546515374],[123.0607049759886,11.509348584809898],[123.060705014759364,11.509529458648737],[123.060888413523358,11.509529420353592],[123.060888374635439,11.509348546515374]]],[[[123.060521615994645,11.50952949682833],[123.060521654649065,11.509710370665571],[123.060705053530839,11.509710332485357],[123.060705014759364,11.509529458648737],[123.060521615994645,11.50952949682833]]],[[[123.06052184793046,11.510614739818026],[123.060521809272927,11.510433865992065],[123.060521770615949,11.510252992163794],[123.060521731959668,11.510072118333303],[123.060521693304011,11.509891244500592],[123.060338294304472,11.509891282565876],[123.060338332842974,11.510072156399209],[123.060338371382102,11.510253030230322],[123.06033840992194,11.510433904059214],[123.060338448462304,11.510614777885797],[123.060338487003392,11.510795651710248],[123.060521886588688,11.510795613641855],[123.06052184793046,11.510614739818026]]],[[[123.060521886588688,11.510795613641855],[123.060521925247627,11.510976487463376],[123.060705324949367,11.510976449278809],[123.060705363726086,11.511157323097487],[123.060705402503416,11.511338196913856],[123.060888802438924,11.511338158612583],[123.061072202373623,11.511338120195758],[123.061072163361985,11.511157246380543],[123.061072124351057,11.510976372563109],[123.060888724650567,11.510976410978779],[123.060888685757419,11.510795537158414],[123.060705286173359,11.510795575457911],[123.060521886588688,11.510795613641855]]],[[[123.060522079889623,11.511699982726986],[123.060705480060051,11.511699944540021],[123.060705441281371,11.511519070728093],[123.060705402503416,11.511338196913856],[123.060522002567296,11.511338235099666],[123.060338602630537,11.511338273169924],[123.060338641174198,11.511519146985316],[123.060338679718569,11.511700020798488],[123.060522079889623,11.511699982726986]]],[[[123.060705518839342,11.511880818349729],[123.060522118551759,11.511880856537315],[123.060522157214521,11.512061730345424],[123.060705557619244,11.512061692157127],[123.060705518839342,11.511880818349729]]],[[[123.060155433261983,11.51242355398705],[123.06033883390235,11.512423516028703],[123.060338795355406,11.512242642224502],[123.060155394832194,11.512242680182228],[123.060155433261983,11.51242355398705]]],[[[123.061074309974032,11.521105302883905],[123.060890903710174,11.521105341334215],[123.06089094264054,11.521286215026594],[123.061074349021737,11.521286176575662],[123.061074309974032,11.521105302883905]]],[[[123.062043074000101,11.522216124000684],[123.062066094000144,11.522233035000573],[123.062094869000205,11.522249945000551],[123.06212364400011,11.522266856000529],[123.062146663000235,11.522278128000574],[123.062175009023989,11.522294786797049],[123.062174986060924,11.522190311848002],[123.062016757052277,11.522190345628625],[123.062020053000325,11.522193574000505],[123.062043074000101,11.522216124000684]]],[[[123.074280176570113,11.523453587734833],[123.074463584305605,11.523453540832973],[123.074463536688398,11.523272667218398],[123.074280129070146,11.523272714119548],[123.074280176570113,11.523453587734833]]],[[[123.073913408362841,11.523634554806028],[123.073913455629736,11.523815428418382],[123.074096863601397,11.523815381746383],[123.074280271572249,11.523815334958742],[123.074280224070776,11.523634461347898],[123.074280176570113,11.523453587734833],[123.074096768833826,11.523453634520964],[123.074096816217164,11.523634508134828],[123.073913408362841,11.523634554806028]]],[[[123.064559667440932,11.52390252781692],[123.064586825000163,11.523918487000495],[123.06460984600011,11.523935399000473],[123.064638622000274,11.52395230900054],[123.064661643000136,11.523969221000696],[123.064684665000257,11.523991771000608],[123.06468981763733,11.52399850004433],[123.064743097480985,11.52399848818777],[123.064743056077745,11.523817614542464],[123.064559648068169,11.52381765531536],[123.064559667440932,11.52390252781692]]],[[[123.074463774782302,11.524177035268801],[123.074463727161898,11.523996161663197],[123.07446367954239,11.523815288055372],[123.074280271572249,11.523815334958742],[123.074280319074518,11.523996208567278],[123.074280366577682,11.524177082173681],[123.074463774782302,11.524177035268801]]],[[[123.074463822403501,11.524357908872096],[123.074647230724651,11.524357861850865],[123.074647182986126,11.52417698824828],[123.074463774782302,11.524177035268801],[123.074463822403501,11.524357908872096]]],[[[123.072262968702518,11.524539337714979],[123.072079560253911,11.524539383233234],[123.071896151804424,11.524539428635849],[123.071712743354212,11.524539473922735],[123.071529334903303,11.524539519093979],[123.071529380649281,11.524720392704735],[123.071712789217528,11.52472034753278],[123.071896197785065,11.524720302245095],[123.072079606351792,11.524720256841769],[123.072263014917738,11.524720211322803],[123.072446423482958,11.524720165688107],[123.072629832047383,11.52472011993777],[123.072813240611012,11.524720074071704],[123.072996649173831,11.524720028089996],[123.073180057735854,11.524719981992648],[123.07318001093418,11.524539108388554],[123.073363419378168,11.524539062176276],[123.073363372459966,11.524358188570671],[123.073546780785833,11.524358142243374],[123.073546733751101,11.524177268636349],[123.073730141959004,11.52417722219421],[123.073730094807743,11.523996348585586],[123.07391350289744,11.523996302028516],[123.073913455629736,11.523815428418382],[123.073730047657378,11.523815474974741],[123.073546639684125,11.52381552141537],[123.073546686717251,11.523996395027014],[123.073363278625877,11.523996441352713],[123.073363325542573,11.524177314962847],[123.07317991733315,11.524177361173615],[123.07299650912293,11.524177407268832],[123.072996555805759,11.524358280878078],[123.072813147477504,11.524358326858364],[123.072629739148539,11.52435837272292],[123.072629785597513,11.524539246331456],[123.072446377150413,11.524539292081082],[123.072262968702518,11.524539337714979]]],[[[123.065109955371184,11.524179279935209],[123.065109992582038,11.524340917846976],[123.065131393000456,11.524335672000552],[123.065157720000144,11.52433566700064],[123.065177464000186,11.52432921400055],[123.065203791000229,11.52432921000055],[123.065236702000192,11.524342102000551],[123.065267360726779,11.524360118299315],[123.065293405369758,11.524360112452792],[123.065293363613193,11.52417923881397],[123.065109955371184,11.524179279935209]]],[[[123.065660263278602,11.524537459890061],[123.065671976792856,11.524540900851887],[123.065843672552589,11.524540862027477],[123.065843630443524,11.524359988392918],[123.065660222086308,11.52436002986188],[123.065660263278602,11.524537459890061]]],[[[123.077214897755113,11.524176317815504],[123.07721484837532,11.523995444221447],[123.077214798996422,11.523814570625168],[123.077031391038531,11.523814619263506],[123.076847983079844,11.523814667786203],[123.076848032224177,11.52399554138408],[123.076848081369306,11.524176414979648],[123.077031489562657,11.524176366455352],[123.077031538825921,11.5243572400479],[123.07703158808998,11.524538113638227],[123.077214996517085,11.524538064996781],[123.07721504589928,11.524718938584],[123.077215095282355,11.524899812169087],[123.077215144666226,11.525080685751865],[123.07739855344434,11.52508063699238],[123.077398503943229,11.524899763410312],[123.077581912603222,11.524899714535897],[123.077581962221672,11.525080588117165],[123.077582011841002,11.525261461696124],[123.077765420734764,11.525261412704468],[123.077765470472215,11.525442286280407],[123.07794887948242,11.525442237172223],[123.077948829627715,11.525261363597084],[123.077948779773735,11.525080490019723],[123.077948729920635,11.524899616440054],[123.078132138578141,11.524899567218627],[123.078132088608598,11.524718693637537],[123.077948680068417,11.524718742858164],[123.077948630217008,11.524537869274054],[123.077948580366396,11.524356995687635],[123.077948530516679,11.524176122099083],[123.077765122327506,11.524176171201672],[123.077581714137537,11.52417622018862],[123.077398305946772,11.524176269059838],[123.077214897755113,11.524176317815504]]],[[[123.075014143313055,11.524719514656612],[123.075014095338361,11.524538641060067],[123.074830686901478,11.524538688313468],[123.074830734758933,11.524719561910812],[123.075014143313055,11.524719514656612]]],[[[123.075014191288545,11.524900388250936],[123.075197599959097,11.524900340880384],[123.075197551866367,11.52471946728677],[123.075014143313055,11.524719514656612],[123.075014191288545,11.524900388250936]]],[[[123.071345972080238,11.52472043776096],[123.071162563510484,11.524720482701634],[123.071162609022707,11.524901356311501],[123.071346017709786,11.524901311370206],[123.071529426396069,11.524901266313181],[123.071529380649281,11.524720392704735],[123.071345972080238,11.52472043776096]]],[[[123.070979245730427,11.525082274745602],[123.070979200334818,11.524901401137155],[123.070795791646148,11.524901445847169],[123.070795836924503,11.525082319456237],[123.070979245730427,11.525082274745602]]],[[[123.067677843825052,11.524902188217867],[123.067494435123137,11.524902230845635],[123.06749447829003,11.525083104467404],[123.067677887109284,11.525083061839014],[123.067677843825052,11.524902188217867]]],[[[123.070429019310438,11.525082408530585],[123.070245610502212,11.525082452894297],[123.070062201693275,11.525082497142281],[123.070062246503113,11.52526337075197],[123.070245655429389,11.525263326503277],[123.07042906435494,11.525263282138942],[123.070429019310438,11.525082408530585]]],[[[123.069695473224428,11.525444332511148],[123.069695428648359,11.525263458902346],[123.069512019719951,11.52526350280394],[123.069328610790663,11.525263546589892],[123.069328655132082,11.525444420200204],[123.06951206417861,11.525444376413541],[123.069695473224428,11.525444332511148]]],[[[123.076114789342839,11.525442723047918],[123.076114740661154,11.525261849464963],[123.075931331759932,11.525261897415406],[123.075931380324278,11.525442770999161],[123.075931428889518,11.525623644580696],[123.076114838025319,11.525623596628565],[123.076114789342839,11.525442723047918]]],[[[123.07739870195293,11.525623257724904],[123.077582111082151,11.525623208847291],[123.077582061461129,11.525442335272862],[123.077398652449233,11.525442384149587],[123.07739870195293,11.525623257724904]]],[[[123.077215243436555,11.525442432910671],[123.077031834422968,11.525442481556114],[123.077031883692001,11.525623355132941],[123.077215292822913,11.525623306486787],[123.077215243436555,11.525442432910671]]],[[[123.077215292822913,11.525623306486787],[123.077215342210067,11.525804180060595],[123.077398751457423,11.525804131297912],[123.07739870195293,11.525623257724904],[123.077215292822913,11.525623306486787]]],[[[123.076848523712897,11.52580427723886],[123.076848474560308,11.525623403663454],[123.076665065427804,11.525623452078237],[123.076665114463069,11.525804325654443],[123.076848523712897,11.52580427723886]]],[[[123.074464155774066,11.525624024032544],[123.074280746631089,11.525624070943463],[123.074097337487217,11.525624117738653],[123.074097384880147,11.525804991325517],[123.074280794141259,11.525804944529616],[123.074464203401661,11.525804897617897],[123.074647612661181,11.525804850590626],[123.074831021919977,11.525804803447537],[123.074830974057733,11.525623929863693],[123.074647564916347,11.525623977005983],[123.074464155774066,11.525624024032544]]],[[[123.07703193296193,11.525804228707548],[123.077031982232654,11.525985102279934],[123.077215391598116,11.525985053632182],[123.077215342210067,11.525804180060595],[123.07703193296193,11.525804228707548]]],[[[123.075381297906361,11.525985534903649],[123.075381249691418,11.525804661324335],[123.075197840435095,11.525804708814436],[123.075014431177891,11.525804756188807],[123.075014479158185,11.525985629769719],[123.075197888532713,11.525985582394549],[123.075381297906361,11.525985534903649]]],[[[123.073914022894641,11.525985911591219],[123.07391397561824,11.525805038005865],[123.073730566355437,11.525805084570395],[123.073730613514599,11.525985958156548],[123.073914022894641,11.525985911591219]]],[[[123.076114935392852,11.525985343783374],[123.075931526022401,11.525985391736926],[123.075748116651241,11.525985439574837],[123.075748165101558,11.526166313150421],[123.075931574590129,11.52616626531171],[123.076114984077819,11.526166217357359],[123.076298393564699,11.526166169287277],[123.076481803050882,11.526166121101467],[123.076481754131251,11.525985247528991],[123.076298344762407,11.525985295714003],[123.076114935392852,11.525985343783374]]],[[[123.07373066067457,11.526166831740392],[123.073730613514599,11.525985958156548],[123.07354720413376,11.525986004606237],[123.073547251176407,11.526166878190791],[123.07373066067457,11.526166831740392]]],[[[123.073730707835153,11.526347705322104],[123.073914117449846,11.526347658755265],[123.073914070171853,11.526166785174352],[123.07373066067457,11.526166831740392],[123.073730707835153,11.526347705322104]]],[[[123.074280974437656,11.526491312886078],[123.074280936676843,11.526347565274486],[123.074097527063742,11.526347612072696],[123.074097574459884,11.526528485650589],[123.074109394061708,11.526528482638154],[123.074111709000078,11.526527121000507],[123.074144616000225,11.526514216000683],[123.074184103000206,11.526494861000591],[123.074203848000067,11.526494857000591],[123.074243338000144,11.526488400000678],[123.074263083000176,11.526488395000589],[123.074280974437656,11.526491312886078]]],[[[123.075748482395298,11.527350750847942],[123.075750797000168,11.527352262000568],[123.075763964000274,11.527365158000569],[123.075783716000132,11.527390950000571],[123.075803468000174,11.527416743000662],[123.075811468187169,11.527432411704597],[123.075931914586519,11.52743238027214],[123.075931866013192,11.527251506713165],[123.075748455820744,11.527251554556406],[123.075748482395298,11.527350750847942]]],[[[123.076115373587044,11.527613205868414],[123.075931963160727,11.527613253828983],[123.075932011735745,11.527794127383517],[123.076115422279386,11.527794079422149],[123.076115373587044,11.527613205868414]]],[[[123.075932157465573,11.528336748033619],[123.075748746569147,11.528336795881566],[123.075748795030023,11.528517669427929],[123.075932206043774,11.528517621579182],[123.075932157465573,11.528336748033619]]],[[[123.077216181919084,11.528879030471684],[123.077216132517805,11.528698156936068],[123.077032721392499,11.528698205595544],[123.076849310266212,11.52869825413938],[123.076849359432828,11.528879127676506],[123.077032770676354,11.52887907913196],[123.077032819961119,11.529059952666154],[123.077216231321259,11.529059904005079],[123.077216181919084,11.528879030471684]]],[[[123.076665948188506,11.528879176105411],[123.076665997238521,11.529060049641116],[123.076849408600253,11.5290600012115],[123.076849359432828,11.528879127676506],[123.076665948188506,11.528879176105411]]],[[[123.076482585875979,11.529060097955002],[123.076299174512627,11.529060146153247],[123.076115763148493,11.529060194235674],[123.076115811847316,11.529241067771467],[123.076299223328789,11.529241019688241],[123.076482634809537,11.529240971489285],[123.076482585875979,11.529060097955002]]],[[[123.077216379532473,11.529602524591676],[123.077216330127911,11.52942165106503],[123.077032918533106,11.529421699727704],[123.077032967820344,11.529602573255149],[123.077216379532473,11.529602524591676]]],[[[123.077781737000336,11.530636663000626],[123.077781743000074,11.530662459000629],[123.077786883307184,11.530687613661739],[123.077950325634063,11.530687569874454],[123.077950275755114,11.530506696364418],[123.077766863459544,11.530506745494717],[123.077766890300467,11.530604307258807],[123.077768566000231,11.530610869000624],[123.077781737000336,11.530636663000626]]],[[[123.079866656000092,11.533085672000487],[123.0798666660001,11.533124366000491],[123.079866673000183,11.533156611000583],[123.07986668400028,11.533201754000677],[123.079866694000273,11.533240449000592],[123.079860119000088,11.533272695000596],[123.07986013000027,11.533317839000601],[123.079860138000271,11.533350084000515],[123.079860144000094,11.533375880000429],[123.079860152000094,11.53340812500061],[123.079853576000176,11.533433923000613],[123.079853583000087,11.533459719000616],[123.079847010000421,11.53349841500062],[123.079840436000239,11.533530662000535],[123.079820698000376,11.533562911000628],[123.07980682621249,11.533581042003904],[123.079968680957023,11.533580997507054],[123.079968629773347,11.53340012404187],[123.079968578590467,11.533219250574378],[123.079968527408468,11.533038377104665],[123.079968476227364,11.532857503632643],[123.079785147979237,11.53285755402309],[123.079807369000164,11.532879316000644],[123.079827121000292,11.532905108000646],[123.07984687300015,11.53293089900056],[123.079853463000163,11.532963143000563],[123.079860052000257,11.532995387000566],[123.079860057000346,11.533014734000657],[123.079866648000092,11.533053427000572],[123.079866656000092,11.533085672000487]]],[[[123.079968680957023,11.533580997507054],[123.079968732141595,11.533761870970016],[123.079968783326962,11.533942744430759],[123.080152197842622,11.53394269389616],[123.080152146539845,11.533761820436306],[123.08015209523785,11.533580946974142],[123.079968680957023,11.533580997507054]]],[[[123.079968783326962,11.533942744430759],[123.079785368810491,11.533942794849628],[123.079785419879428,11.53412366830886],[123.079785438858408,11.534190886113663],[123.079968831146019,11.534111719466255],[123.079968783326962,11.533942744430759]]]]}},
{"type":"Feature","properties":{"fid":51,"HAZ":3.0,"layer":"Capiz_StormSurge_SSA4","path":"/Users/jhannaroseverzo/Downloads/Capiz/Capiz_StormSurge_SSA4.shp","Risk Level":"High","fid_2":251,"SYSTRA ID":"251","DAR ID":"204","Target Year":"2028","Bridge Category":"Original List","Bridge Name":"SAN PEDRO-SITIO MAMA BRIDGE","Coordinates Y":"11.492461","Coordinates X":"123.062131","Region":"VI","Province":"CAPIZ","ARC 2026":"5S","LINEAR METER IVF 2026":"20","EIRR 2026":"0.22","NEW/REPLACEMENT BRIDGE 2026":"new","Visited by SYSTRA":"No","Selected for 2nd Visit of SYSTRA":"No","Final Funder":"Trésor","2023 IVF URL":"","2026 IVF URL":"https://docs.google.com/spreadsheets/u/1/d/1gny0ZHsl1gMFE5kSFZCp-elRoHLKhlrT/edit"},"geometry":{"type":"MultiPolygon","coordinates":[[[[123.01739736200021,11.501630168000565],[123.018276946000071,11.501889036000401],[123.018529649000186,11.501984411000477],[123.01872889200007,11.502065471000522],[123.018976745000231,11.50214179200062],[123.019175982000291,11.502241904000554],[123.019297470000126,11.50229911500058],[123.019476834000315,11.502356112000589],[123.019603190000282,11.502394273000638],[123.019753840000135,11.502451496000665],[123.019914215000171,11.502503961000654],[123.020084302000299,11.502575482000621],[123.020236236000258,11.502625026000635],[123.020362575000064,11.50270129000055],[123.020508367000133,11.502753748000627],[123.020639582000243,11.502796673000537],[123.020761054000161,11.502887224000657],[123.020901972000104,11.502973020000562],[123.021013745000204,11.503015937000471],[123.021130358000079,11.503106485000592],[123.021256721000142,11.503135120000563],[123.02139280800013,11.503158996000584],[123.021571819000187,11.503223378000582],[123.021688458000156,11.503256771000592],[123.021809953000172,11.503299692000413],[123.021907158000232,11.503314025000444],[123.021975187000081,11.503356921000529],[123.022018906000142,11.503414096000464],[123.022169552000094,11.503485608000608],[123.022335579000057,11.50358236400062],[123.022486214000267,11.503672927000563],[123.022685452000232,11.503773037000409],[123.022874978000459,11.503854091000543],[123.023088785000112,11.503982786000533],[123.02333661900019,11.504111496000524],[123.023584300000081,11.504265548000658],[123.023730072000063,11.504365633000679],[123.023924438000165,11.50449431800058],[123.024260667000092,11.504675579000567],[123.024411297000114,11.504780429000538],[123.024542501000141,11.504851931000504],[123.02469801200013,11.50491391700057],[123.024886966000125,11.504991555000599],[123.025052204000303,11.50503925600046],[123.025197991000198,11.505106000000564],[123.025375234000123,11.505171602000663],[123.0255404480002,11.505271694000596],[123.025666793000084,11.505338430000611],[123.025863152000255,11.505434520000479],[123.02603809100016,11.505525091000512],[123.026256777000398,11.505615681000547],[123.026533790000059,11.505706296000406],[123.02673265100016,11.505776939000478],[123.026834700000165,11.505829375000642],[123.026961050000139,11.505886584000669],[123.027082543000333,11.505934266000528],[123.027208885000135,11.506010527000532],[123.027378970000257,11.506091569000398],[123.027558782000213,11.506163091000454],[123.027802820000076,11.506275605000527],[123.02805397700007,11.506394041000645],[123.028301827000149,11.506484641000414],[123.028505928000243,11.506584748000526],[123.028719754000178,11.50667533400056],[123.028899555000393,11.506770669000543],[123.029137683000386,11.506866028000529],[123.029446007000132,11.506998073000529],[123.029664688000196,11.50710294900068],[123.02986879700012,11.507188767000676],[123.030073396000091,11.507292092000609],[123.030190032000149,11.50733500700043],[123.03033096900009,11.507382695000468],[123.030433020000089,11.507435130000543],[123.030520485000224,11.507497084000518],[123.030627394000092,11.507554284000632],[123.030748888000119,11.507606727000619],[123.030898047000107,11.507699391000559],[123.030985518000421,11.507747056000595],[123.031063262000274,11.50780900600048],[123.031136511000213,11.507860989000518],[123.031223965000166,11.507946757000687],[123.031243401000168,11.507961054000448],[123.031257977000308,11.507975349000477],[123.031277415000147,11.507984883000555],[123.031296852000423,11.507999179000583],[123.03131142700029,11.508013474000611],[123.031326003000174,11.508027769000639],[123.031340579000215,11.508042064000668],[123.031350296000227,11.508051593000657],[123.031364868000182,11.508075414000585],[123.031374581000193,11.508094470000563],[123.031384294000105,11.508113525000629],[123.031408583000072,11.508146876000636],[123.031423158000308,11.508161170000486],[123.031447457000183,11.508170706000653],[123.031471761000233,11.508170716000654],[123.031496064000123,11.508170726000655],[123.031520367000169,11.508170737000567],[123.031539809000094,11.508170745000568],[123.031564113000243,11.508170755000569],[123.031588416000119,11.508170765000481],[123.031617580000315,11.50817077700057],[123.031641883000106,11.508170787000571],[123.031661325000201,11.508170795000572],[123.031685629000165,11.508170805000573],[123.031709932000055,11.508170815000573],[123.031729372000143,11.508175586000524],[123.031748815000071,11.508175594000525],[123.031768256000163,11.508180365000653],[123.031787698000358,11.508180373000565],[123.031812002000237,11.508180383000477],[123.03184602600021,11.508180397000656],[123.031870329000171,11.508180407000657],[123.031894633000149,11.508180417000657],[123.031918936000196,11.508180427000658],[123.031938379000124,11.508180435000659],[123.031957821000304,11.50818044300066],[123.031982123000361,11.50818521600061],[123.031986973000144,11.508209033000449],[123.031986963000236,11.508232847000466],[123.031977233000049,11.508251895000532],[123.031962643000085,11.508270940000598],[123.031957776000212,11.508285227000536],[123.031952905000082,11.508309040000464],[123.031952897000167,11.508328091000619],[123.031952887000429,11.508351906000458],[123.031962598000263,11.508375725000652],[123.031972309000082,11.508399543000669],[123.031986883000229,11.508418601000558],[123.031996597000315,11.508437657000625],[123.032011172000196,11.508451951000476],[123.032025746000073,11.508471009000543],[123.032040322000114,11.508485304000571],[123.032054896000261,11.508504362000549],[123.032064616000085,11.508509129000677],[123.032168295000048,11.508577564000566],[123.032192594000279,11.508587100000645],[123.032216895000161,11.508591873000595],[123.032236333000085,11.508601407000674],[123.032248459414362,11.508608543502907],[123.032280069000151,11.508625239000514],[123.032294644000203,11.508639534000542],[123.032304360000111,11.508653827000481],[123.0323140710003,11.508677645000587],[123.032318923000076,11.508696699000476],[123.032333497000224,11.508715756000631],[123.032348073000264,11.508730051000571],[123.032367503000103,11.508758637000538],[123.032382077000335,11.508777694000605],[123.032396650000024,11.508796752000583],[123.032411226000079,11.508811046000522],[123.032425802000219,11.508825341000462],[123.032440380000267,11.508834873000628],[123.032453327197189,11.508844396877604],[123.032467106941198,11.508853936769592],[123.032474394000062,11.508858701000646],[123.032488972000024,11.508868233000547],[123.032508408000041,11.508882530000486],[123.032522984000082,11.508896825000514],[123.032537558000229,11.50891588200067],[123.032547269000233,11.508939701000509],[123.032547261000147,11.508958752000664],[123.032547249000231,11.508987330000542],[123.032547239000138,11.509011144000558],[123.032542370000272,11.509030194000536],[123.032537503000128,11.509044481000563],[123.032527772000307,11.50906829100049],[123.03251804200012,11.509087339000557],[123.032513174000158,11.509106388000623],[123.032503444000156,11.5091254360006],[123.03249857500029,11.509144486000578],[123.032498567000204,11.509163537000555],[123.032508270000292,11.509206407000638],[123.032522842000247,11.509230228000566],[123.032537414000132,11.509254048000583],[123.032556850000134,11.509268345000612],[123.03257629100014,11.509273116000562],[123.032583575601961,11.509275498734928],[123.032610311000298,11.509282656000641],[123.032634611000091,11.509292192000453],[123.032649182000227,11.509316012000559],[123.032658900000314,11.509325542000548],[123.03266860100014,11.509373175000581],[123.032673451000107,11.509396992000687],[123.032683162000197,11.509420810000526],[123.032688015000147,11.509439864000681],[123.032697728000073,11.509458919000481],[123.032697718000065,11.509482734000676],[123.032707427000162,11.509511316000554],[123.032707417000154,11.50953513000057],[123.03270740700016,11.509558945000409],[123.032707403000074,11.509568471000575],[123.032707395000159,11.509587522000553],[123.032712243000205,11.509616102000431],[123.032721955000113,11.509639920000536],[123.032726807000074,11.509658974000425],[123.032741379000129,11.50968279500062],[123.032746232000079,11.509701848000686],[123.032760804000134,11.509725669000526],[123.032775378000181,11.509744727000593],[123.032794810000368,11.50976854900061],[123.032809386000068,11.509782844000638],[123.032828825000081,11.509792378000538],[123.032848264000179,11.509801912000617],[123.032862846000143,11.509801918000528],[123.032901725000158,11.509816223000646],[123.032926026000212,11.509820996000597],[123.032940606000182,11.509825765000548],[123.032955186000237,11.509830533000498],[123.033045330000135,11.509830604000681],[123.033057870000292,11.509830609000593],[123.033070408000256,11.509833686000581],[123.033089215000047,11.509839837000557],[123.033108023000267,11.509842917000546],[123.033123697000136,11.509845995000623],[123.033136235000114,11.509849072000611],[123.033162883241232,11.509852155001488],[123.033170718000122,11.509852158000511],[123.033189527000346,11.509855238000588],[123.03320520000014,11.509858316000665],[123.033217739000278,11.509861393000653],[123.033227142000442,11.509864469000552],[123.033249085000122,11.509867550000541],[123.033267894000176,11.509870629000529],[123.033283567000225,11.509873707000606],[123.033308647000339,11.50987371800043],[123.033318050000148,11.509876793000506],[123.033336860000276,11.509876801000685],[123.033358803000226,11.509879882000673],[123.033374476000105,11.509882960000573],[123.033390151000077,11.509882967000662],[123.033408961000291,11.509882974000485],[123.033424635000173,11.509882981000397],[123.033437175000145,11.509882986000575],[123.033459120000273,11.509882995000664],[123.033477929000057,11.509883002000576],[123.03349046800011,11.509886079000564],[123.033512412000235,11.509886088000565],[123.033524950000213,11.509892237000452],[123.033543758000164,11.509895317000618],[123.033562568000306,11.509895324000441],[123.033587646000157,11.509898406000607],[123.033606453000118,11.509904558000583],[123.033625263000346,11.509904565000673],[123.033650338000101,11.509913791000459],[123.033662878000257,11.509913796000637],[123.033678550000303,11.509919947000524],[123.033694222000179,11.509926097000678],[123.033709896000147,11.509929175000577],[123.033719299000211,11.509932251000654],[123.033738106000442,11.509938402000541],[123.033744376000243,11.50993840500063],[123.033766318000289,11.509944557000606],[123.033775722000172,11.509947633000506],[123.033788260000151,11.509950710000671],[123.033807067000197,11.509956862000648],[123.033825876000236,11.509959941000636],[123.033841548000112,11.509966091000612],[123.033857220000172,11.509972241000588],[123.033869758000051,11.509975318000576],[123.033882297000204,11.509978395000564],[123.033907373000147,11.509987621000528],[123.033923046000112,11.509990700000605],[123.033966439252481,11.510004851353317],[123.034136242000073,11.510059188000499],[123.034151914000304,11.510065339000652],[123.034167587000098,11.510068417000552],[123.034205201000276,11.510080720000593],[123.034214604000169,11.510086867000657],[123.034236547000205,11.510089948000646],[123.034249084000265,11.510096097000533],[123.034261623000063,11.510099174000432],[123.034274162000116,11.51009917900061],[123.034283566000369,11.510102254000598],[123.034302373000145,11.510108406000574],[123.03432118100028,11.510111485000474],[123.034336855000333,11.510114564000551],[123.034371336000248,11.510120721000616],[123.034380741000234,11.510120725000528],[123.034396416000106,11.510120731000617],[123.034421493000139,11.510126885000593],[123.034440303000181,11.510126893000594],[123.034462247000135,11.510126902000506],[123.034512404000196,11.510133066000572],[123.034547930478311,11.510139224000637],[123.034550020000296,11.510139225000549],[123.034565694000165,11.510142303000626],[123.034581366000225,11.510148453000602],[123.03460017400009,11.510151533000679],[123.034618980000317,11.510160756000554],[123.034634655000275,11.510160762000643],[123.034644059000343,11.510163838000542],[123.034646660198447,11.510164858761707],[123.034666701957107,11.510171698770622],[123.034672269000197,11.510173065000684],[123.034682707411136,11.510177161237722],[123.034706748000289,11.510185366000547],[123.034714497711832,11.510186635026676],[123.034725557000257,11.510188446000624],[123.034741229000218,11.510194596000511],[123.03475376900019,11.510194601000512],[123.034769440000247,11.510203823000476],[123.0347819790003,11.510203828000654],[123.034800787000165,11.510209979000541],[123.034819594000396,11.510216131000428],[123.034838401000172,11.510222282000582],[123.034854074000222,11.510225360000659],[123.034866614000109,11.51022536500057],[123.034885420000066,11.510234589000534],[123.034904228000201,11.510237668000611],[123.034923036000066,11.510243820000587],[123.034926171000237,11.510243821000676],[123.03511827400024,11.510279553000524],[123.035130812000205,11.510282630000601],[123.035146483000176,11.510291852000476],[123.035168424000119,11.510301076000529],[123.035190365000247,11.51031030100067],[123.035202902000137,11.510316449000646],[123.035224844000084,11.510322602000533],[123.035240516000229,11.510328752000509],[123.035253055000283,11.510331829000675],[123.035262459000265,11.510331833000675],[123.03528126700013,11.510337984000474],[123.03529693900019,11.510344134000539],[123.035312611000151,11.510350284000515],[123.035328284000201,11.510353362000592],[123.035347091000247,11.510359514000568],[123.035365900000301,11.510362593000556],[123.035378437000091,11.510368742000621],[123.035406649000208,11.510374897000686],[123.035416051000269,11.510381045000484],[123.035450533000102,11.510387202000549],[123.035459935000176,11.510393350000436],[123.03547874400013,11.510396429000513],[123.035500686000262,11.510402582000578],[123.035525764000198,11.510405664000567],[123.03554457400007,11.510405671000568],[123.035557113000138,11.510408748000467],[123.035575920000269,11.510414899000621],[123.035597864000039,11.510414908000532],[123.035616673000092,11.510417988000521],[123.035635483000135,11.510417995000521],[123.035654290000267,11.510424146000586],[123.03566369300016,11.510427222000486],[123.035682503000288,11.510427230000664],[123.035695042000086,11.510430306000474],[123.035720117000125,11.510439532000616],[123.035742058000153,11.51044875700058],[123.03576086400011,11.510457980000544],[123.035773403000178,11.510461057000532],[123.035792209000135,11.510470280000584],[123.035801610000107,11.510479499000636],[123.035811011000263,11.510488719000511],[123.035823547000234,11.510497940000652],[123.035839214000205,11.510516377000579],[123.035858032845269,11.510527802554238],[123.035870556000134,11.510534821000507],[123.035886227000276,11.510544043000648],[123.035905032000144,11.510556338000688],[123.035923839000191,11.510562489000487],[123.035936376000166,11.51056863800064],[123.035939511000237,11.51056864000064],[123.035958317000194,11.510577863000515],[123.03597398800008,11.510587085000656],[123.035983393000137,11.510587088000568],[123.036016307305729,11.510597853256987],[123.036024143000134,11.510599392000698],[123.036039815000194,11.510605542000674],[123.036046080000091,11.510617833000447],[123.036049210000172,11.510630121000665],[123.036052337000257,11.510648554000591],[123.036058602000239,11.510660844000631],[123.036061733000139,11.510670061000594],[123.036061727000231,11.510685421000622],[123.036064857000127,11.510697710000661],[123.036064852000138,11.510709997000523],[123.036067982000304,11.510722286000563],[123.036071110000123,11.510737647000502],[123.036074239000115,11.510753008000618],[123.036074234000111,11.510765295000658],[123.03607423100037,11.510771439000544],[123.036074226000281,11.510783727000584],[123.036083621000444,11.510808306000486],[123.036093018000329,11.510826741000502],[123.036096143000151,11.510851318000581],[123.036105543000303,11.510863609000621],[123.0361118080002,11.510875899000572],[123.0361180700001,11.510894333000676],[123.036124335000252,11.510906623000627],[123.036127464000245,11.510921984000477],[123.036133730000415,11.510931202000618],[123.036139994000223,11.510946564000646],[123.036143124000304,11.510958853000508],[123.036152523000197,11.510974217000447],[123.036155651000101,11.510989577000563],[123.036161915000164,11.511004940000502],[123.036161909000086,11.511020299000618],[123.036161902000174,11.511035659000557],[123.036161896000252,11.511051018000584],[123.036161891000262,11.511063306000535],[123.036161883000162,11.511081737000461],[123.03616187600025,11.511100169000654],[123.036161871000161,11.511112457000516],[123.036158729000078,11.511127815000544],[123.036152971000234,11.511134793000677],[123.036187829000269,11.511165559000558],[123.036201774000176,11.511175816000607],[123.036208744000135,11.511186069000567],[123.036219201000293,11.511196324000528],[123.036233143000203,11.511209998000593],[123.036247089000284,11.511216837000537],[123.036261033000116,11.511227094000587],[123.036274977000204,11.511237350000547],[123.036285436000171,11.51124418800058],[123.03630286500011,11.511257863000557],[123.036316810000102,11.511268119000517],[123.036337727000145,11.511281795000494],[123.036348184000133,11.511292050000543],[123.036355156000084,11.51129547000056],[123.036359507582731,11.511298030724193],[123.036393506000408,11.511315987000481],[123.036407450000141,11.51132624300053],[123.036421394000229,11.51133650000058],[123.036431851000302,11.511346755000629],[123.036442304000104,11.51136726100046],[123.036445784000207,11.511384347000542],[123.036452754000081,11.511394600000591],[123.036456236000276,11.511408270000656],[123.036456227000357,11.511428771000665],[123.03646319800032,11.511435608000609],[123.036463191000223,11.511452693000512],[123.036470149000095,11.51149369900053],[123.036470143000273,11.511507367000595],[123.036473622000116,11.511527870000604],[123.036473615000205,11.511544955000508],[123.036477095000052,11.511562041000412],[123.036480577000162,11.511572293000638],[123.036487542000202,11.511596215000663],[123.036491025000217,11.511606467000624],[123.036501479000194,11.511623556000528],[123.036518905753837,11.511644064098681],[123.036522392000236,11.511647483000642],[123.036536333000242,11.511664573000635],[123.036543302000283,11.511678244000612],[123.036553757000263,11.511691916000677],[123.036553752000088,11.511705583000653],[123.036560719000121,11.511722671000646],[123.036564197000416,11.511743174000655],[123.036567679000171,11.511756843000542],[123.036574646000304,11.511773931000535],[123.036578127000325,11.5117876000006],[123.036581608000262,11.511804686000593],[123.036588579000124,11.511811523000537],[123.036595545000168,11.511832027000635],[123.036602509000119,11.51185594900066],[123.036609479000248,11.511866202000531],[123.036619921000224,11.511914044000582],[123.036626888000185,11.511931132000575],[123.0366303710002,11.511941384000446],[123.036633851000047,11.511958470000527],[123.036644305000294,11.511975559000609],[123.036658246000286,11.511992649000602],[123.036668701000096,11.512009738000684],[123.036679155000328,11.512026827000588],[123.036693097000068,11.512043917000581],[123.036700065000289,11.512057588000557],[123.036707034000244,11.512071259000534],[123.03671748900004,11.512084931000599],[123.03680380200008,11.512201138000444],[123.036814257000145,11.512218227000615],[123.036824714000119,11.512228482000664],[123.036859562000075,11.512283167000481],[123.03687350400007,11.512300258000474],[123.036883959000136,11.512313930000628],[123.036894415000205,11.512327602000516],[123.036939736000136,11.51235495500047],[123.036950196000106,11.512358376000575],[123.036964140000194,11.512368633000625],[123.036985062000156,11.512372058000642],[123.036992033000104,11.512378894000674],[123.037009467000132,11.512382318000602],[123.037026900000157,11.512389159000547],[123.037040847000242,11.512392582000563],[123.037061767000111,11.512399424000508],[123.037082690000233,11.512399432000597],[123.037107098000305,11.512402859000614],[123.037128019000164,11.512406284000543],[123.037141968000256,11.512406289000543],[123.037155916000259,11.512406295000543],[123.037176837000118,11.51240972000056],[123.037190786000295,11.512409726000561],[123.037208221000228,11.512409732000473],[123.037225655000256,11.512413156000489],[123.037260524000118,11.512420004000523],[123.03727795900032,11.512420011000613],[123.037295395000342,11.512420018000435],[123.03731980300023,11.51242344400063],[123.037337237000429,11.512426868000469],[123.037365130000069,11.512437130000519],[123.037386049000204,11.51244738900048],[123.037399993000108,11.512457645000529],[123.037417424000395,11.512467903000667],[123.037434856000161,11.512478161000539],[123.037480571066993,11.512511328563546],[123.037529335000158,11.512545681000441],[123.037546765000172,11.512559355000596],[123.037567685000312,11.512566197000629],[123.037592091707722,11.512579875995099],[123.037606035000195,11.51258671400055],[123.037623466000213,11.512596972000599],[123.037640897000145,11.51260723000056],[123.03765833000017,11.512614070000593],[123.037660659595801,11.512615212581556],[123.037700169000175,11.512631172000587],[123.037717603000104,11.512634595000604],[123.037755953000342,11.512655112000614],[123.03776989700016,11.512665368000485],[123.037783844000074,11.512668791000502],[123.03780127700027,11.512675632000446],[123.03784311200009,11.51269956700065],[123.037853569000163,11.512709822000522],[123.037874488000114,11.512720081000483],[123.037884945000272,11.512730336000621],[123.037902376000204,11.51274059300067],[123.037919806000133,11.512754268000647],[123.037933749000132,11.512767941000623],[123.037965126000245,11.512785038000439],[123.037979071000152,11.512795295000577],[123.037993015000154,11.512805551000538],[123.03800462859806,11.512814662644422],[123.038024389000256,11.512829482000653],[123.038041821000277,11.512839740000613],[123.038061013129678,11.51285342750854],[123.038066223000172,11.512856834000607],[123.038080168000164,11.512867090000478],[123.038094111000163,11.512880764000633],[123.038104566000143,11.512894435000609],[123.038111536000272,11.512904689000569],[123.038118504000138,11.512921777000562],[123.038128958000115,11.512938865000555],[123.038132441000059,11.512949118000604],[123.038149864000246,11.512979877000573],[123.038153346000101,11.512993546000549],[123.038163799000074,11.513014052000559],[123.038174255000229,11.513027724000535],[123.038184709000205,11.513044813000617],[123.038198652000204,11.513058486000594],[123.038273967311795,11.513102258352381],[123.038275351000237,11.51310293700063],[123.03829278200017,11.513113194000502],[123.038310215000109,11.513120035000535],[123.03832416100019,11.513126875000657],[123.038345079000067,11.513137134000528],[123.038359025000148,11.513143973000561],[123.03849787900009,11.513226816000666],[123.038518798000226,11.513237075000538],[123.03853623200024,11.513240499000554],[123.038567612688254,11.513252470792201],[123.038574585000305,11.513254182000621],[123.038598991000114,11.513264442000581],[123.038616422000132,11.513274700000542],[123.03863385300042,11.513284957000591],[123.038661046609917,11.51329726814585],[123.038665232000255,11.513298637000657],[123.038679178000081,11.51330547700069],[123.038703585000064,11.513312320000546],[123.03872101800026,11.513319161000579],[123.038734966000163,11.513319166000402],[123.038773319000228,11.513332849000646],[123.038787265000323,11.51333968800059],[123.038804696000255,11.513349946000551],[123.03881515200014,11.513363618000616],[123.038818634683523,11.513370449437277],[123.038832577000164,11.513390960000569],[123.038843031000141,11.513408049000651],[123.038846511303916,11.513414876268913],[123.038860454000428,11.513438809000531],[123.038863936000183,11.513452478000508],[123.038867417000205,11.513466147000484],[123.038869155693575,11.513474681132907],[123.038872058633416,11.513486649254245],[123.038874381000241,11.513493485000614],[123.038877861000088,11.513510571000607],[123.038877854000091,11.513527656000688],[123.038877853000088,11.513531073000527],[123.038886525000095,11.513622604000462],[123.038893494000135,11.513636275000527],[123.038896973000163,11.513656778000536],[123.038903941000115,11.513670448000513],[123.038910909000251,11.513687536000594],[123.038917879000294,11.513697789000643],[123.038921358000138,11.513718292000474],[123.038931814000293,11.51373196400054],[123.038938782000159,11.513745635000516],[123.03894226300018,11.513762721000509],[123.038952718000161,11.513776393000485],[123.038963174000401,11.51379006500064],[123.038966656000156,11.513803734000616],[123.038996873208447,11.5138424850739],[123.039001509000201,11.513848168000473],[123.039011965000441,11.513861840000628],[123.039022422000059,11.513872095000677],[123.039036368000154,11.513878934000621],[123.03906774300026,11.513902865000469],[123.039081688000081,11.51390970400068],[123.039102607000117,11.513919963000552],[123.039116551000205,11.513930219000512],[123.039151419000248,11.513940484000473],[123.039168850000181,11.513950741000523],[123.039193257000164,11.513957585000556],[123.039210690000445,11.5139644250005],[123.039224636000185,11.513971265000444],[123.039242067000117,11.513981522000583],[123.039259500000313,11.513988363000438],[123.039283903000111,11.514005457000431],[123.039294361000174,11.51401571200048],[123.039311793000195,11.514022553000691],[123.039325738000201,11.514032809000563],[123.039339682000289,11.514043065000612],[123.039350138000088,11.514056737000411],[123.039353620970886,11.514063569500488],[123.039367563000283,11.514084080000542],[123.039374534000331,11.514090916000574],[123.039388477000244,11.514104589000551],[123.039450789000156,11.514126251000478],[123.03946473600007,11.514129674000495],[123.039475197000129,11.514129678000495],[123.039492629000236,11.514139935000545],[123.039503090000125,11.514139939000634],[123.039520523000334,11.514146780000578],[123.039541442000285,11.514157039000539],[123.0395553890001,11.514160461000555],[123.039621629000251,11.514198073000648],[123.03963557700034,11.514201496000664],[123.039653008000272,11.514211753000536],[123.039670441000212,11.514218594000658],[123.039687874000052,11.514225435000602],[123.039712278000209,11.514239112000579],[123.039729711000135,11.514245952000612],[123.03974365700023,11.514252792000645],[123.039750625127368,11.514256209110973],[123.039763416859756,11.514261912456059],[123.03977503600025,11.514266472000534],[123.039788982000331,11.514273311000656],[123.039799440000053,11.514280149000511],[123.03981338900013,11.5142801540006],[123.039830822000155,11.514286995000544],[123.039862203000268,11.514293841000578],[123.039959294000212,11.514345341000576],[123.039990673000233,11.514359021000642],[123.040011590377219,11.514372697185626],[123.040018563000146,11.514376117000635],[123.040032507000149,11.514386373000596],[123.040042964000207,11.514396628000645],[123.040053422000369,11.514406883000428],[123.040063879000257,11.514417138000566],[123.040074335000142,11.514430809000542],[123.040081304000097,11.514444480000519],[123.040088273000052,11.514458150000584],[123.04009078823394,11.514468027405522],[123.040091754000159,11.514471820000649],[123.040098723000114,11.514485490000537],[123.040105692000168,11.514499161000513],[123.040112652000118,11.51453333300041],[123.040112644000118,11.514553834000507],[123.040112637000206,11.514570919000588],[123.040119604000154,11.514591424000598],[123.04011959800016,11.514605091000574],[123.040123080000271,11.51461876100055],[123.040130047000218,11.514635848000543],[123.040137013000262,11.514656352000641],[123.040143982000217,11.514670023000617],[123.040154433000282,11.51469736300057],[123.040161403000155,11.514707616000619],[123.04016837200011,11.514721287000595],[123.040178827000176,11.514734958000572],[123.040180486548323,11.514738213280262],[123.040189281000067,11.51475546400067],[123.0401962480001,11.514772552000663],[123.040199730000211,11.51478622100055],[123.040210184000188,11.514803310000543],[123.040217153000143,11.514816980000608],[123.040227605000126,11.514840903000545],[123.040228930618582,11.514842983118667],[123.040245030000236,11.514868245000676],[123.040251999000191,11.514881916000652],[123.040258967000142,11.51489558600054],[123.040269423000211,11.514909258000605],[123.040276392000337,11.514922928000493],[123.040307768000275,11.514943442000591],[123.040321714000186,11.514950281000536],[123.04032868800023,11.514950284000625],[123.040564331000098,11.514976435000479],[123.040940569000313,11.515123005000616],[123.040975096000068,11.515139917000594],[123.040998114000189,11.515151191000639],[123.041026886000267,11.515162465000683],[123.041038395000157,11.515168103000617],[123.041078676000282,11.515185014000506],[123.041113203000208,11.515196288000462],[123.041130467000215,11.515207563000507],[123.041153485000166,11.515218837000551],[123.041167875942747,11.515227296112007],[123.041205276000099,11.515247025000575],[123.041216786000163,11.515263939000553],[123.04124555900033,11.515275213000598],[123.041262823000068,11.515292126000665],[123.041280087000075,11.515303402000532],[123.041308861000232,11.515325953000533],[123.041337634000215,11.515348504000533],[123.041366407000112,11.515365416000689],[123.041377921736128,11.515372936195822],[123.041458481000092,11.515421792000469],[123.041493009000106,11.515438704000536],[123.041521782000359,11.515455616000514],[123.041550554000253,11.515466890000559],[123.041585082000267,11.515483802000537],[123.04161385500025,11.515500715000515],[123.041631118000083,11.515506352000537],[123.041654136000119,11.515517626000671],[123.041682910000105,11.51553453900056],[123.041711683000344,11.515551452000627],[123.041740455000422,11.515562726000494],[123.041763474000106,11.515574001000628],[123.041798001000117,11.515590912000517],[123.041821019000153,11.51559654900054],[123.041855546000264,11.515607822000673],[123.041926710000283,11.515638759000657],[123.041949728000333,11.515650034000524],[123.04197274500028,11.515655670000546],[123.042001516000084,11.515655667000635],[123.042030288000149,11.515655664000546],[123.042053305000195,11.515661300000657],[123.042087831000202,11.515661297000568],[123.042116602000107,11.515661294000656],[123.042145373000082,11.515661291000567],[123.042168390000214,11.515666927000412],[123.042202916000406,11.5156669230005],[123.042237441000324,11.515666920000589],[123.042266213000318,11.515672555000522],[123.042300738000321,11.515666913000677],[123.042329509000126,11.515666910000588],[123.042358280000116,11.515666907000499],[123.042387050000187,11.515661266000654],[123.042415821000162,11.515661263000565],[123.042433084000265,11.515661261000476],[123.042461855000241,11.515661258000476],[123.042484872000102,11.515661256000653],[123.042507889000149,11.515661253000564],[123.042542415000156,11.515666888000586],[123.04255967700017,11.515666886000586],[123.042594203000363,11.515672521000608],[123.042628729000114,11.515672518000519],[123.04265750000036,11.515678153000541],[123.04269778000014,11.515678149000541],[123.042715043000229,11.515683786000563],[123.042761077000051,11.515683781000652],[123.042801356000098,11.515683777000651],[123.042812865000158,11.515683775000563],[123.042835882000105,11.515689411000585],[123.042858899000237,11.515689409000496],[123.042899178000283,11.515689405000584],[123.042922195000145,11.515689402000495],[123.04296247500028,11.515695037000517],[123.042973984000071,11.515695035000517],[123.043014263000117,11.515695031000517],[123.043043034000277,11.515695028000605],[123.04307755900021,11.515695024000516],[123.043106331000274,11.515700660000538],[123.043129348000235,11.515700657000627],[123.043146610000065,11.515700656000538],[123.043175381000225,11.515700653000627],[123.043204152000115,11.515700650000538],[123.04323292300036,11.515700647000626],[123.043255940000307,11.515700644000537],[123.043296220000443,11.515700640000537],[123.043342253000432,11.515700635000625],[123.043365270000294,11.515700633000625],[123.043411304000117,11.515700628000536],[123.043434320000145,11.515700625000624],[123.043480354000224,11.515700621000624],[123.043509125000213,11.515700618000535],[123.043543650000132,11.515700614000535],[123.043578176000153,11.515700610000446],[123.043601192000281,11.515700608000534],[123.043629963000257,11.515700605000623],[123.043647226000175,11.515700603000623],[123.043675997000079,11.515700600000534],[123.043699014000197,11.515700597000622],[123.043727785000186,11.515700594000444],[123.043745047000186,11.51569495400051],[123.043785326000233,11.515694950000599],[123.043802589000151,11.515694948000599],[123.043831360000141,11.515694945000599],[123.043854377000173,11.51569494300051],[123.043877394000219,11.515694940000598],[123.043911919000053,11.515694936000598],[123.043934936000355,11.515694934000598],[123.043957952000042,11.515694932000597],[123.043992478000149,11.515694928000508],[123.04403275700011,11.515694924000597],[123.044067282000114,11.515694920000596],[123.044107562000079,11.515694916000507],[123.044136333000154,11.515694913000685],[123.044170858000072,11.515694909000507],[123.044199630000151,11.515700544000529],[123.044222647000268,11.515700542000529],[123.044251419000076,11.515706177000462],[123.044285944000265,11.515706173000551],[123.044314715000255,11.515706170000639],[123.044337732000116,11.51570616800055],[123.044360749000063,11.515706165000461],[123.044372257000134,11.515700526000527],[123.044412536000266,11.515700521000527],[123.044441307000241,11.515700518000438],[123.044464324000103,11.515700516000527],[123.044493095000092,11.515700513000615],[123.044521867000157,11.515706148000637],[123.044550639000235,11.515711783000482],[123.044579411000299,11.515717418000682],[123.044596692447783,11.515721649578881],[123.044631200000239,11.515728690000548],[123.04465421800019,11.515739964000593],[123.044677235000137,11.515739961000682],[123.044700254000261,11.515751236000638],[123.044734780000283,11.515756870000571],[123.044763551000258,11.515762506000504],[123.044780814000177,11.515762504000682],[123.044815340000198,11.515768138000615],[123.044838359000153,11.515779413000571],[123.044861377000103,11.515790687000615],[123.044884397000132,11.515813238000616],[123.044907415000083,11.515830151000506],[123.044930434000307,11.51584142500055],[123.044947699000133,11.51586397700064],[123.044970718000258,11.515880889000618],[123.044987984000272,11.51590344100053],[123.045005248000194,11.515920354000597],[123.045022514000109,11.515942906000509],[123.045039778000117,11.515954181000643],[123.045057043000213,11.515971094000443],[123.045074308000125,11.515988008000511],[123.045097327000349,11.516004920000666],[123.045114590000082,11.5160105570006],[123.04514336300025,11.516027469000667],[123.045166383000293,11.516044382000556],[123.045195155000272,11.516055655000423],[123.045212419000279,11.516066930000646],[123.045246947000109,11.516083842000624],[123.045275720000276,11.516095116000402],[123.045304492000341,11.516100751000602],[123.045327510000291,11.516106387000624],[123.045350527000153,11.516106384000446],[123.045373544000199,11.516106382000535],[123.04539656200015,11.516112018000646],[123.045419581000274,11.516123292000513],[123.045436845000367,11.516134567000647],[123.045454110000108,11.516151480000447],[123.045471375000204,11.516168394000514],[123.04548864000013,11.516190946000604],[123.045490930982638,11.516194312317873],[123.045569214000224,11.516298067000497],[123.045592234000168,11.516320618000675],[123.045621008000069,11.516337530000653],[123.045644025000286,11.516343166000498],[123.045667043000151,11.51634880200052],[123.045690061000187,11.516354438000631],[123.045713079000137,11.516360074000564],[123.045736098000347,11.516371349000432],[123.045764871000159,11.516376984000543],[123.045830125000322,11.516376491000502],[123.045887666000283,11.516365207000545],[123.045910683000315,11.516365205000545],[123.04593945400012,11.516365202000634],[123.045968225000109,11.516365198000633],[123.045991242000056,11.516365196000633],[123.046014259000188,11.51635955500061],[123.046031521000373,11.516359553000521],[123.046066046000206,11.516353910000587],[123.046094817000096,11.516353907000676],[123.046117834000142,11.516348266000387],[123.046140850000086,11.516348264000653],[123.046169622000164,11.516348260000653],[123.046204147000083,11.516348256000564],[123.046232918000157,11.516348253000563],[123.04626744400008,11.516348249000563],[123.046301970000272,11.516353884000496],[123.046330741000077,11.516353880000585],[123.046359511000247,11.516348239000562],[123.046388282000137,11.516348235000562],[123.046417053000113,11.516342594000539],[123.046440070000074,11.516342591000628],[123.046463086000102,11.516336950000605],[123.046503365000063,11.516331307000582],[123.046532136000309,11.516331304000671],[123.04655515300017,11.516331301000582],[123.046589679000192,11.516336935000515],[123.046618450000167,11.516336932000604],[123.046652977000093,11.516348205000559],[123.046681748000253,11.516353840000582],[123.046716275000179,11.516365113000537],[123.046750802000105,11.516376385000493],[123.046779574000183,11.516387659000626],[123.046802592000134,11.51639329400056],[123.046877400000284,11.516421478000494],[123.04692918900021,11.516432748000538],[123.0469406980001,11.51643838500056],[123.046963716000135,11.516444021000405],[123.047003996000271,11.516449655000605],[123.047023166949458,11.516453409633565],[123.04705290910114,11.516458106654559],[123.047073048000129,11.51646092300056],[123.047082648000028,11.516462803161831],[123.047142100000158,11.516472192000604],[123.047176626000351,11.516472188000515],[123.047211152000102,11.516477822000448],[123.047239923000262,11.516477819000537],[123.047274448000266,11.516477815000625],[123.047297466000217,11.516483450000559],[123.047331991000149,11.516483446000647],[123.047355008000096,11.516483443000558],[123.047383779000086,11.516483440000647],[123.047418304000274,11.516483436000646],[123.047452829000193,11.516483432000646],[123.047481601000271,11.516483428000557],[123.047521880898088,11.516490941038393],[123.047544898000268,11.516494697000601],[123.047573670000077,11.516500332000623],[123.047602442000141,11.516505967000645],[123.047619705000329,11.516511604000668],[123.04765423200007,11.516522876000446],[123.047683005000238,11.516534149000668],[123.047706024000092,11.516551062000557],[123.047723289000373,11.516573613000558],[123.047734800000171,11.516596165000559],[123.047740558000285,11.516624356000582],[123.047757827000382,11.516669461000673],[123.047769337000275,11.516686375000651],[123.047792357000219,11.516708926000652],[123.047815376000088,11.51672583800063],[123.047844148000152,11.516737111000586],[123.047872921000049,11.51674838500063],[123.047907448000245,11.516759657000497],[123.047924711000164,11.516765294000519],[123.047953483000228,11.51677092800063],[123.047976502000267,11.516782202000675],[123.047993766000275,11.516793477000631],[123.048028294000289,11.516816026000631],[123.048045545770265,11.516828701581039],[123.048068577000166,11.516844213000565],[123.048097350000063,11.51685548700061],[123.048195175000075,11.51687802800061],[123.048212438000249,11.516883665000632],[123.048246965000175,11.516894937000677],[123.048275737000253,11.516900572000432],[123.048298756000023,11.516911846000566],[123.048321775000147,11.516928758000544],[123.048339040000343,11.516945671000522],[123.048362060000287,11.516968222000612],[123.048385079000155,11.51698513400059],[123.048402345000156,11.51700768600068],[123.048425364000281,11.517024598000658],[123.048442629000121,11.517047149000659],[123.048465649000065,11.517064062000548],[123.048488668000189,11.517080974000438],[123.048511687000143,11.517097887000594],[123.048528952000154,11.517114800000661],[123.048551971000109,11.517126074000528],[123.048580744000176,11.517137347000661],[123.048609516000241,11.517148620000617],[123.048626780000248,11.517154256000461],[123.048661307000174,11.517165529000684],[123.048690080000071,11.517176802000639],[123.048713099000196,11.517188076000506],[123.048741871000274,11.51719371100044],[123.048770644000172,11.517210623000418],[123.048799417000239,11.51722189600064],[123.048833944000165,11.517233168000685],[123.04886847200018,11.517244441000551],[123.04889149000013,11.517255715000507],[123.048920263000113,11.517261350000529],[123.04893752700012,11.517272624000574],[123.048972053000128,11.517278259000596],[123.049000826000295,11.517289532000552],[123.049029599000193,11.517295167000574],[123.049052617000228,11.517300802000507],[123.049075635000179,11.51730643800053],[123.049104407000243,11.517312073000552],[123.049127425000108,11.517317708000485],[123.049161952000219,11.517323343000596],[123.049190724000198,11.517328977000529],[123.049213743000152,11.517340251000574],[123.049242515000131,11.517345886000596],[123.049265533000252,11.517351522000441],[123.049274169009593,11.517354341309405],[123.04930581500021,11.517362794000485],[123.049334587000288,11.517368428000507],[123.049357605000239,11.517374064000618],[123.049369123007224,11.517376884083452],[123.049390219275878,11.517381579236607],[123.049409396000172,11.517385335000574],[123.049432414000293,11.517390970000596],[123.049461187000105,11.517402243000552],[123.049484206000315,11.517413517000508],[123.049512980000216,11.517430429000486],[123.049530245000128,11.517441704000531],[123.049596345000268,11.517476071000621],[123.04961360900019,11.517481708000643],[123.04964238000008,11.517481704000643],[123.049665398000215,11.517492978000687],[123.049688417000255,11.517504252000554],[123.04971143500012,11.517509887000577],[123.049740209000277,11.517532437000666],[123.049763227000142,11.517543711000533],[123.049792001000114,11.517560622000511],[123.049815020000153,11.517577534000489],[123.049843794000225,11.517594446000468],[123.049852426006268,11.517600083004487],[123.049889831000129,11.517622632000579],[123.049912850000254,11.517633906000624],[123.049935868000205,11.517639541000646],[123.049964640000283,11.517645176000402],[123.049999165000202,11.517645171000579],[123.050027936000191,11.517645168000668],[123.050056708000255,11.517650802000601],[123.050069320916577,11.517648152243298],[123.05006929292297,11.517489930235536],[123.049885888968092,11.517489961737271],[123.049885857084533,11.517309087963978],[123.049885825201599,11.517128214188466],[123.050069228921984,11.517128182687708],[123.050252632641744,11.517128151071399],[123.050436036361077,11.517128119339448],[123.050619440079856,11.517128087491946],[123.050802843798024,11.517128055528802],[123.05080287626717,11.517308929301739],[123.050986280102038,11.517308897222422],[123.051169683936379,11.517308865027642],[123.051353087770195,11.517308832717132],[123.0513531205915,11.517489706486339],[123.051536524541916,11.517489674059744],[123.051719928491821,11.517489641517598],[123.051903332441171,11.51748960885981],[123.052086736390009,11.517489576086382],[123.052086769680713,11.517670449851236],[123.052270173746152,11.517670416961723],[123.052453577811065,11.517670383956569],[123.052636981875452,11.517670350835862],[123.052820385939199,11.517670317599515],[123.053003790002435,11.517670284247528],[123.053187194065032,11.517670250779988],[123.053370598127103,11.517670217196896],[123.053370632238924,11.517851090955711],[123.053554036417708,11.517851057256445],[123.053737440595867,11.517851023441539],[123.053920844773486,11.517850989510992],[123.054104248950395,11.517850955464892],[123.054287653126778,11.517850921303152],[123.054471057302621,11.51785088702586],[123.054654461477938,11.517850852632927],[123.054837865652544,11.517850818124353],[123.055021269826611,11.517850783500228],[123.055021304994128,11.518031657251848],[123.055204709284808,11.518031622511549],[123.055388113574878,11.518031587655608],[123.055571517864408,11.518031552684116],[123.055754922153412,11.518031517596983],[123.055754957790327,11.518212391344074],[123.055571553384169,11.518212426431829],[123.055571588904471,11.518393300177232],[123.055388184380462,11.518393335149879],[123.0553881489774,11.518212461403854],[123.055204744570091,11.518212496260327],[123.05502134016217,11.518212531001248],[123.054837935753625,11.518212565626529],[123.054654531344454,11.518212600136168],[123.054471126934743,11.518212634530167],[123.054471092118419,11.518031760779168],[123.054287687825422,11.518031795056993],[123.054104283531714,11.518031829219266],[123.053920879237566,11.518031863265987],[123.053920913702171,11.518212737018674],[123.053737509290158,11.518212770950287],[123.053737474942693,11.518031897196979],[123.053554070647394,11.518031931012507],[123.05337066635137,11.518031964712305],[123.053187262054919,11.518031998296552],[123.05300385775783,11.518032031765157],[123.052820453460129,11.518032065118211],[123.052637049161888,11.518032098355535],[123.052453644863121,11.518032131477396],[123.052453611336873,11.517851257718137],[123.05227020715472,11.517851290723735],[123.052148850147788,11.517851312499561],[123.052180059000179,11.517870420000653],[123.052208832000076,11.517881693000609],[123.052231851000201,11.517892967000476],[123.052260625000088,11.517909878000543],[123.052277890000369,11.517926791000521],[123.052323929000181,11.517954977000633],[123.052341194000277,11.517971889000611],[123.052364214000221,11.517988802000501],[123.052387234000179,11.51800571400039],[123.052410252000129,11.518016987000612],[123.052433272000258,11.51803389900059],[123.052456292000201,11.518050812000658],[123.052485066000102,11.518067723000547],[123.052502331000198,11.518078997000591],[123.052536859000213,11.518095908000392],[123.052554121227772,11.518106053323729],[123.052588652000139,11.518124093000592],[123.052617425000307,11.518135366000459],[123.052640443000257,11.51814100100057],[123.052660581093576,11.518146636187199],[123.052703744000254,11.518157908000637],[123.05276129000022,11.518174815000437],[123.052784309000174,11.518186089000571],[123.052830350972442,11.518200180340399],[123.052841855000224,11.518202997000548],[123.052876382000065,11.518214269000593],[123.052922420000314,11.51823117800066],[123.052945438000094,11.518236813000415],[123.052974212000336,11.518248086000638],[123.053008739000177,11.518253720000571],[123.053031758000216,11.518264994000615],[123.05306053000011,11.518270628000549],[123.053083550000153,11.518281902000505],[123.053112323000221,11.518293175000549],[123.053135342000076,11.518298810000571],[123.053164115000243,11.518310083000527],[123.053187134000098,11.518315719000638],[123.053215908000169,11.518332630000527],[123.05324468200007,11.518343903000661],[123.053273456000142,11.51836081400055],[123.053296477000174,11.518383365000551],[123.053325252000079,11.518400276000618],[123.053359782000086,11.518422826000441],[123.053397187456071,11.518436916986152],[123.053405819000162,11.518439735000507],[123.053434593000233,11.518451008000552],[123.05346336600013,11.518456642000663],[123.053497893000241,11.518456638000396],[123.053578457000242,11.518467904000529],[123.053636003000122,11.518479173000662],[123.05370802900012,11.518478476000515],[123.053731046000166,11.518478473000604],[123.053759818000145,11.518478469000604],[123.053782835000277,11.518478466000515],[123.053805852000224,11.518484101000448],[123.053834624000388,11.518484097000536],[123.053857641000249,11.518484094000625],[123.053880658000111,11.518484091000536],[123.053926692000189,11.518484084000624],[123.053943955000108,11.518484082000535],[123.053966971000236,11.518478440000512],[123.053989988000097,11.518478437000601],[123.054018759000257,11.518478433000601],[123.054047531000151,11.518478429000512],[123.054064793000151,11.518472788000489],[123.054093564000141,11.518472784000577],[123.054116582000091,11.518478419000511],[123.054139599000308,11.518478416000422],[123.054168370000284,11.518478411000599],[123.054191387000145,11.51847840800051],[123.054214404000106,11.518478405000598],[123.05424317600017,11.518478401000598],[123.054271947000245,11.518478397000509],[123.054289210000164,11.518478394000509],[123.054317981000139,11.518478390000508],[123.054340997000267,11.518472749000663],[123.054369768000072,11.518472744000574],[123.05438703100009,11.518472742000574],[123.054415803000154,11.518472738000574],[123.054444574000229,11.518472734000484],[123.054473345000204,11.518472730000573],[123.054496362000066,11.518472726000573],[123.054519379000283,11.518472723000661],[123.054542396000329,11.518472720000572],[123.054571167000134,11.518467077000549],[123.054599938000109,11.518467073000549],[123.05462295500007,11.518467070000638],[123.054651726000316,11.518467066000637],[123.054680498000209,11.518467062000637],[123.054703516000075,11.518472697000659],[123.05473228700032,11.518472692000481],[123.054761058000125,11.518472688000569],[123.054778321000128,11.518472686000569],[123.054807093000107,11.518478320000414],[123.054824356000211,11.518478317000502],[123.054858882000133,11.518483951000524],[123.054887655000201,11.518489585000546],[123.054922181000222,11.518495218000657],[123.054950953000287,11.518500853000502],[123.054985479000123,11.51850084800059],[123.055014250000283,11.518500843000501],[123.055043021000273,11.518500839000678],[123.055066039000224,11.518506474000523],[123.055094811000288,11.518506470000522],[123.055123582000277,11.5185064660007],[123.055152353000253,11.518506462000433],[123.055175370000114,11.518506458000521],[123.055204142000193,11.518506454000521],[123.055221405000282,11.518506452000432],[123.05525017700009,11.518512086000632],[123.055284702000279,11.518512081000543],[123.055313474000087,11.518512076000631],[123.055342246000066,11.518517711000564],[123.055371017000141,11.518517706000564],[123.055399790000209,11.518523340000675],[123.05541513297581,11.518527096089981],[123.055437219968852,11.518531797586418],[123.055451580000238,11.518534610000453],[123.055459227363514,11.518536482139341],[123.055503370000167,11.518545879000497],[123.055526387000299,11.518545875000408],[123.055543651000306,11.518551511000608],[123.055572424000104,11.518562784000475],[123.055635723000108,11.518574051000519],[123.055699024000276,11.518596595000608],[123.055750814000035,11.518607864000474],[123.05577383300016,11.518619138000608],[123.055808360000086,11.518630409000563],[123.05583137900031,11.518641683000608],[123.055854398000079,11.518652956000563],[123.055883173000154,11.51866986700063],[123.055900436000158,11.518675503000564],[123.055934965000176,11.518692413000542],[123.056015528000174,11.518709316000608],[123.056038545000135,11.518709312000608],[123.056067317000114,11.518714946000541],[123.056096090000267,11.518720581000563],[123.056119108000132,11.518726215000674],[123.056142126000083,11.51873185000043],[123.056165143000214,11.518731847000607],[123.056193916000197,11.518737481000452],[123.056222687000087,11.51873747700054],[123.056239951000094,11.518743113000651],[123.056268724000262,11.518748747000584],[123.056285989000173,11.51876002100054],[123.056320516000284,11.518771292000585],[123.056337780000376,11.518776928000518],[123.056360798000057,11.51878256300054],[123.056389573000132,11.518799474000607],[123.056418347000118,11.518816385000497],[123.056435613000119,11.518833297000564],[123.056452879000389,11.518855848000653],[123.056475900000081,11.518878399000565],[123.056487412000052,11.518900950000655],[123.056510433000184,11.518923501000655],[123.056533453000128,11.518940412000545],[123.056544965000114,11.518957326000701],[123.056573738000182,11.518968598000567],[123.056596758000126,11.518979872000612],[123.05661977700008,11.518991145000568],[123.05664279500003,11.518996780000501],[123.056660059000123,11.519002416000523],[123.056688833000109,11.519013688000568],[123.056711852000234,11.519024961000524],[123.056740625000131,11.519030596000546],[123.056763643000167,11.519036230000657],[123.056786661000118,11.519041865000679],[123.056809679000253,11.51904186200059],[123.056832697000203,11.519047497000612],[123.056855716000413,11.519053132000634],[123.056878733000275,11.519053128000545],[123.05689024200008,11.519053127000545],[123.056924769000091,11.519058760000567],[123.056953543000247,11.519070032000611],[123.056976562000116,11.519081306000656],[123.056999582000245,11.519092579000612],[123.057028355000227,11.519098213000545],[123.057051373000093,11.519103848000478],[123.057074391000128,11.519103844000567],[123.057091657000313,11.519120757000545],[123.0571031690002,11.519143309000546],[123.057108927000144,11.519165862000458],[123.057108932000233,11.51919405400057],[123.057114691000265,11.519222245000416],[123.05711469600017,11.519256076000461],[123.057114701000259,11.519289906000418],[123.057120461000125,11.519318097000619],[123.057131974000185,11.519346288000554],[123.057137733000218,11.519374479000399],[123.057149245000375,11.519397031000578],[123.057149250000109,11.519425223000601],[123.057149254000194,11.519447777000513],[123.057164098000086,11.519502794000536],[123.0571698560003,11.519525347000448],[123.057169861000204,11.51955353900056],[123.057169864000301,11.519576093000561],[123.057175622000244,11.519598645000562],[123.057181380000188,11.519621198000474],[123.057187138000131,11.519643751000475],[123.057204405000221,11.519666302000564],[123.057221670000231,11.519683214000542],[123.057238936000147,11.519700127000609],[123.057267710000218,11.519717038000676],[123.057284976000233,11.519733950000655],[123.057307996000176,11.519750862000633],[123.057331016000134,11.519767774000611],[123.057354034000085,11.519773409000633],[123.057371298000092,11.519779044000567],[123.057400069000423,11.519779040000655],[123.057417332000171,11.519779037000566],[123.057440349000203,11.519779034000655],[123.057469119000274,11.519767753000432],[123.05749405725912,11.519753085985984],[123.057497888000256,11.519750833000542],[123.05751515000027,11.519745192000697],[123.05753816500031,11.519733912000651],[123.057561181000438,11.519722632000517],[123.057589950000335,11.519705712000627],[123.057612965000274,11.519694432000582],[123.057641735000175,11.519683151000626],[123.057658995000182,11.519666233000558],[123.057682010000221,11.519654953000602],[123.057705025000075,11.519643672000646],[123.057728041000203,11.519632392000601],[123.057751056000242,11.519621112000555],[123.057797093563082,11.519612645881994],[123.057808597000218,11.51960982600051],[123.057843122000222,11.519604182000576],[123.0578718940003,11.519604178000575],[123.057900665000105,11.519604174000486],[123.05793519300012,11.519615445000531],[123.057963965000184,11.519621079000641],[123.05799849200011,11.519632350000597],[123.058027266000096,11.519643623000553],[123.058056039000348,11.519654895000597],[123.058084812000146,11.519666167000642],[123.058119340000161,11.519677439000686],[123.0581423590003,11.519688712000553],[123.058171131000279,11.519694346000486],[123.058188376123923,11.519698567751879],[123.058203755511997,11.519701861704101],[123.058222922000212,11.519705614000619],[123.058234439792358,11.519708433653042],[123.058265120530123,11.519715004843212],[123.058274712000326,11.519716883000486],[123.05830348400012,11.519722517000419],[123.05832650200017,11.51972815200053],[123.058355275000238,11.519733786000641],[123.0583782920001,11.519733782000641],[123.058407064000164,11.519739416000485],[123.058430082000299,11.519745051000596],[123.058458856000186,11.519756323000641],[123.058476120000194,11.519767597000508],[123.058510649000127,11.519784507000663],[123.058539423000113,11.519801417000641],[123.058568196000181,11.519812690000597],[123.058591216000309,11.519829601000398],[123.058614236000253,11.519846513000553],[123.058643010000154,11.51986342300062],[123.058666029000108,11.519874696000576],[123.058694804000169,11.519897245000577],[123.058723579000329,11.519914156000644],[123.058752352000141,11.51992542800051],[123.058815656000135,11.519964887000667],[123.05884443100021,11.519987436000667],[123.05886745000042,11.519998709000623],[123.058890469000289,11.520009982000579],[123.058924997000219,11.520021253000534],[123.058948015000254,11.520026888000556],[123.058971032000116,11.520026884000556],[123.05899980400018,11.520032518000667],[123.059028577000078,11.5200381520006],[123.059057350000245,11.520049424000645],[123.059103385000142,11.520055055000666],[123.059132159000214,11.520066327000533],[123.059160932000111,11.520077599000578],[123.059189705000179,11.520088871000533],[123.059224233000194,11.520100143000489],[123.059247252000148,11.520111416000622],[123.059258758474314,11.520118177928529],[123.059310555000224,11.520145236000578],[123.059333575000181,11.520162147000557],[123.059356595000125,11.520179059000535],[123.059385370000285,11.520195969000602],[123.059419900000307,11.520224156000536],[123.059442921000084,11.520246705000536],[123.059460187000269,11.520263618000604],[123.05948320900012,11.520291806000538],[123.059490113103365,11.520301950132028],[123.059535009000328,11.52035945800054],[123.059563787000215,11.520398922000608],[123.059581053000144,11.520415835000675],[123.059609828000205,11.520438383000586],[123.059638604000099,11.520460932000587],[123.059650114000164,11.520472207000543],[123.059678890000157,11.520494756000543],[123.059724929000225,11.520522941000477],[123.059753703000126,11.520534213000699],[123.059782476000109,11.520545485000566],[123.059817003000205,11.520551118000499],[123.059851530000131,11.52055675100061],[123.059886057000327,11.520562383000454],[123.059909076000281,11.520568018000565],[123.059943603000121,11.520573651000587],[123.059978130000303,11.520579284000609],[123.05999539400031,11.520584919000632],[123.060029921000151,11.520590552000654],[123.060058693000315,11.520590548000653],[123.060087464000119,11.520590543000564],[123.060116237000273,11.520596177000675],[123.060139254000319,11.520596173000675],[123.060168027000117,11.520601807000608],[123.060196800000284,11.520607440000541],[123.060225573000082,11.520613074000474],[123.06025434500016,11.520613069000651],[123.060288871000353,11.520613064000562],[123.060311888000214,11.520613060000562],[123.060346415000055,11.520613055000561],[123.0603751860003,11.520613050000561],[123.060398204000251,11.520613046000472],[123.060421221000283,11.520613042000472],[123.060444240000066,11.520618677000583],[123.06048452200011,11.520629947000627],[123.060507543000142,11.520646859000605],[123.060513301000086,11.520669411000517],[123.060519059000299,11.520691964000518],[123.060524818000331,11.520714517000519],[123.06053057600019,11.520737069000608],[123.060524825000073,11.520759624000609],[123.060524829000158,11.520782178000522],[123.06051907900013,11.520804732000611],[123.060519083000216,11.520827286000523],[123.060524841000159,11.520849838000613],[123.060524846000163,11.520878030000636],[123.060524852000242,11.520911861000682],[123.060530609000097,11.520928775000661],[123.060530615000275,11.520962605000618],[123.060536372000314,11.520979520000507],[123.060536377000403,11.521007712000531],[123.060542136000436,11.521030264000531],[123.060547894000194,11.521052817000532],[123.060547899000284,11.521081009000644],[123.060553657000227,11.521103562000556],[123.060553661000142,11.521126116000557],[123.060553666000146,11.521154308000492],[123.060569789000141,11.52123528900062],[123.060569794000145,11.521263481000554],[123.060575552000088,11.521286034000644],[123.060587065000064,11.521308586000467],[123.060598577000391,11.521331137000557],[123.060610089000278,11.521348051000535],[123.060633109000236,11.521364962000602],[123.060656129000179,11.521376235000558],[123.060702169000081,11.521404420000669],[123.060725189000124,11.521421331000559],[123.060748209000167,11.521432604000514],[123.060811515000253,11.521477701000515],[123.060834534000108,11.52148897400056],[123.060863309000268,11.521505885000627],[123.060880573000276,11.521511520000649],[123.060909348000436,11.521528431000538],[123.060949631000312,11.521545339000516],[123.060955385000781,11.521548156761119],[123.061001424000153,11.521567884000516],[123.061024444000111,11.52157915700065],[123.061053217000179,11.521590429000605],[123.061087747000187,11.521607339000672],[123.061110766000411,11.521618612000539],[123.061145295000159,11.521635521000517],[123.061168314000369,11.521646794000651],[123.061202842000299,11.521658065000606],[123.061225862000072,11.521669338000562],[123.06125463500014,11.521680610000518],[123.06130067500014,11.52170879500054],[123.061323695000084,11.521720068000496],[123.061345270700329,11.521732747679847],[123.061360147797316,11.521740738343],[123.061375489000113,11.521748251000608],[123.061389870237463,11.521756702613883],[123.061419616498654,11.521772679679332],[123.061427283000398,11.521776434000541],[123.061434469768017,11.521780657544367],[123.061441269986901,11.521784310021621],[123.061441240348387,11.521647846701244],[123.061257833733961,11.5216478853847],[123.06125779456778,11.521467011698006],[123.061074388069969,11.521467050265199],[123.061074349021737,11.521286176575662],[123.06089094264054,11.521286215026594],[123.060890903710174,11.521105341334215],[123.060890864780418,11.520924467639615],[123.06070745863309,11.520924505973662],[123.060707419821284,11.520743632276131],[123.060707381010104,11.52056275857638],[123.060523975096629,11.520562796793543],[123.060340569182529,11.520562834895154],[123.060340530606538,11.520381961191939],[123.060157124809066,11.520381999177198],[123.060157086350941,11.520201125471141],[123.059973680670069,11.520201163340227],[123.059973642329808,11.520020289631239],[123.059790236765565,11.520020327384062],[123.059790198543155,11.51983945367232],[123.059606793095526,11.519839491308881],[123.05960675499108,11.519658617594297],[123.05942334965998,11.519658655114595],[123.059423311673385,11.519477781397169],[123.059239906458984,11.519477818801294],[123.059056501243887,11.519477856089777],[123.059056463492396,11.519296982368799],[123.058873058393914,11.519297019541108],[123.058873020760373,11.519116145817376],[123.058872983127358,11.518935272091335],[123.059056387991461,11.518935234920269],[123.059056350241832,11.518754361192629],[123.059056312492913,11.51857348746268],[123.058872907863389,11.518573524632592],[123.058689503233154,11.518573561686862],[123.058689465719425,11.518392687953449],[123.058506061205804,11.518392724891546],[123.058322656691558,11.518392761714003],[123.058322693970979,11.518573635448481],[123.058139289338882,11.518573672155918],[123.058139326501603,11.518754545888799],[123.057955921751727,11.518754582481217],[123.05777251700114,11.518754618957994],[123.057589112250014,11.518754655319219],[123.057589075438926,11.518573781584562],[123.057405670804428,11.518573817829525],[123.057405634111205,11.518392944092026],[123.057405597418594,11.518212070352307],[123.057589001818712,11.518212034108499],[123.057588965009487,11.518031160367181],[123.057588928200886,11.517850286623554],[123.057588891392911,11.517669412877618],[123.057405487344425,11.517669449119738],[123.0574054506544,11.517488575371049],[123.057222046722529,11.517488611496907],[123.057222010150269,11.517307737745375],[123.057038606335027,11.517307773755059],[123.057038569880547,11.517126900000685],[123.056855166182004,11.517126935894195],[123.056855129845289,11.516946062137068],[123.056855093509299,11.516765188377631],[123.056855057173919,11.516584314615974],[123.056855020839066,11.516403440852008],[123.056854984504838,11.51622256708591],[123.056854948171235,11.516041693317502],[123.056671545175334,11.516041729091997],[123.056671508959511,11.515860855320748],[123.056671472744384,11.515679981547278],[123.056488069982166,11.515680017204977],[123.056488033884818,11.515499143428753],[123.056487997788011,11.515318269650221],[123.0564879616919,11.515137395869468],[123.056487925596329,11.514956522086406],[123.056487889501383,11.514775648301212],[123.056487853407049,11.514594774513709],[123.056487817313354,11.514413900723985],[123.056671219255065,11.514413865070283],[123.056854621196351,11.514413829301029],[123.056854584868788,11.51423295551024],[123.057037986692208,11.514232919625966],[123.057037950248116,11.514052045833489],[123.057221351953757,11.514052009834286],[123.057404753658687,11.514051973719441],[123.057588155363092,11.514051937489045],[123.057771557066872,11.514051901143185],[123.057771520154617,11.513871027350708],[123.057954921740631,11.51387099088983],[123.058138323326006,11.51387095431331],[123.058138286180082,11.513690080519856],[123.058321687647606,11.513690043828406],[123.058321650385139,11.513509170033265],[123.058321613123212,11.513328296235903],[123.058505014355816,11.513328259430056],[123.05850497697736,11.513147385631095],[123.058504939599615,11.512966511829825],[123.0586883405972,11.512966474909669],[123.058871741594174,11.512966437873873],[123.059055142590424,11.512966400722613],[123.059238543586147,11.512966363455712],[123.059238581432595,11.513147237254584],[123.059421982544848,11.513147199871598],[123.05942194458126,11.51296632607326],[123.059421906618198,11.512785452272789],[123.059421868655861,11.512604578470009],[123.059421830694134,11.512423704665009],[123.059605231337073,11.51242366716887],[123.059788631979302,11.512423629557178],[123.05997203262099,11.512423591829934],[123.060155433261983,11.51242355398705],[123.060155394832194,11.512242680182228],[123.060338795355406,11.512242642224502],[123.060522195877908,11.512242604151224],[123.060522157214521,11.512061730345424],[123.060522118551759,11.511880856537315],[123.060705518839342,11.511880818349729],[123.060705480060051,11.511699944540021],[123.060522079889623,11.511699982726986],[123.060338679718569,11.511700020798488],[123.060338641174198,11.511519146985316],[123.060338602630537,11.511338273169924],[123.060522002567296,11.511338235099666],[123.060705402503416,11.511338196913856],[123.060705363726086,11.511157323097487],[123.060705324949367,11.510976449278809],[123.060521925247627,11.510976487463376],[123.060521886588688,11.510795613641855],[123.060338487003392,11.510795651710248],[123.060338448462304,11.510614777885797],[123.06033840992194,11.510433904059214],[123.060338371382102,11.510253030230322],[123.060338332842974,11.510072156399209],[123.060338294304472,11.509891282565876],[123.060521693304011,11.509891244500592],[123.060521654649065,11.509710370665571],[123.060521615994645,11.50952949682833],[123.060705014759364,11.509529458648737],[123.0607049759886,11.509348584809898],[123.060888374635439,11.509348546515374],[123.060888335748146,11.509167672674847],[123.06107173427722,11.509167634265483],[123.061071695273483,11.508986760423356],[123.061255093684792,11.508986721899062],[123.061438492095476,11.508986683259215],[123.061438452858056,11.508805809416112],[123.06162185115096,11.508805770661423],[123.061621890505435,11.508986644503905],[123.061805288914783,11.508986605633043],[123.06198868732352,11.508986566646628],[123.062172085731532,11.508986527544751],[123.062355484138919,11.508986488327411],[123.062538882545525,11.508986448994429],[123.062722280951576,11.508986409546074],[123.06290567935693,11.508986369982077],[123.062905639182574,11.508805496144037],[123.063089037470064,11.508805456465199],[123.063272435756943,11.508805416670898],[123.063455834043182,11.508805376761044],[123.063639232328626,11.508805336735728],[123.063822630613458,11.508805296594771],[123.063822589854155,11.508624422757707],[123.063822549095462,11.508443548918423],[123.064005947145361,11.508443508663335],[123.064005906270324,11.508262634822453],[123.064189304202372,11.508262594452523],[123.064372702133795,11.508262553967041],[123.06437266102516,11.508081680125182],[123.064556058838718,11.508081639524859],[123.064739456651651,11.508081598809072],[123.064739415309433,11.507900724966325],[123.064922813004515,11.507900684135697],[123.065106210698971,11.507900643189517],[123.06510616912324,11.507719769345792],[123.065106127548233,11.507538895499847],[123.065289525007671,11.507538854439536],[123.065289483316221,11.507357980591992],[123.065106085973937,11.507358021651681],[123.065106044400252,11.507177147801206],[123.064922647174313,11.507177188744722],[123.064922605718507,11.506996314891405],[123.064922564263398,11.506815441035867],[123.064922522808914,11.50663456717802],[123.064922481355225,11.506453693317953],[123.064922439902162,11.506272819455665],[123.064922398449809,11.506091945591157],[123.064922356998167,11.50591107172434],[123.064738960591214,11.505911112547773],[123.064738919257351,11.505730238678114],[123.064738877924185,11.505549364806145],[123.064738836591744,11.505368490931955],[123.064922232647419,11.505368450110565],[123.064922191198534,11.505187576234777],[123.064922149750444,11.505006702356857],[123.064738753928893,11.505006743176915],[123.064738712598484,11.504825869296065],[123.064555316893376,11.504825910000038],[123.064555275680732,11.504645036116257],[123.064371880092068,11.504645076704056],[123.064188484502679,11.504645117176482],[123.0641885254811,11.504825991061596],[123.064005129773946,11.50482603141918],[123.064005170636023,11.505006905302695],[123.063821774811004,11.505006945545437],[123.063638378985374,11.505006985672717],[123.063638419613937,11.505187859555255],[123.063455023670613,11.505187899567693],[123.063455064182747,11.505368773448632],[123.063271668121558,11.505368813346317],[123.063271708517334,11.505549687225658],[123.06327174891382,11.505730561102778],[123.063088352617712,11.505730600886244],[123.063088392897768,11.505911474761765],[123.063088433178521,11.506092348634978],[123.062905036647578,11.506092388304223],[123.062721640116024,11.506092427857917],[123.062538243583745,11.506092467296236],[123.062538203654356,11.50591159342107],[123.062538163725577,11.505730719543594],[123.062354767426896,11.505730758865118],[123.062171371127604,11.50573079807109],[123.061987974827503,11.505730837161599],[123.061804578526775,11.505730876136644],[123.061621182225423,11.505730914996226],[123.061621142882771,11.505550041113421],[123.061437746697862,11.50555007985683],[123.061437785923374,11.505730953740345],[123.061437825149511,11.505911827621551],[123.061621221568714,11.50591178887681],[123.061621260912617,11.506092662755174],[123.061621300257229,11.506273536631317],[123.061621339602468,11.506454410505151],[123.061804736372238,11.506454371643082],[123.061804775835256,11.506635245514074],[123.06180481529897,11.506816119382846],[123.061804854763324,11.506996993249397],[123.061804894228288,11.507177867113638],[123.061621496990085,11.507177905978194],[123.061621536338706,11.507358779840837],[123.061438138982737,11.507358818590552],[123.061254741626144,11.507358857224803],[123.061254780741166,11.507539731086469],[123.061071383266807,11.50753976960579],[123.060887985791723,11.507539808009648],[123.060887946911009,11.507358934146739],[123.060704549552369,11.507358972434423],[123.060704510789336,11.507178098568671],[123.060521113547239,11.50717813674027],[123.06052107490197,11.506997262871677],[123.060521036257327,11.506816389000862],[123.060520997613395,11.506635515127739],[123.060337600722036,11.50663555318201],[123.060337562195784,11.506454679306044],[123.060154165420769,11.506454717244141],[123.059970768645144,11.506454755066864],[123.059970806937173,11.506635628944073],[123.059787410043768,11.506635666651865],[123.059604013149738,11.506635704244106],[123.059604051208183,11.506816578120338],[123.059420654196472,11.506816615597737],[123.059237257184051,11.506816652959673],[123.059053860171019,11.506816690206056],[123.059053822463937,11.506635816328137],[123.058870425567335,11.506635853458436],[123.058870387977933,11.506454979577674],[123.05868699119786,11.506455016591888],[123.058686953726138,11.506274142708284],[123.058686916255141,11.50609326882237],[123.05868687878467,11.505912394934237],[123.058686841314909,11.505731521043883],[123.058503445002543,11.505731557940235],[123.058503482355249,11.505912431831211],[123.058503519708566,11.506093305719967],[123.058503557062508,11.506274179606413],[123.058503594417076,11.506455053490638],[123.058320197635751,11.506455090273926],[123.058320234873875,11.506635964156553],[123.058503631772354,11.506635927372644],[123.058503669128157,11.506816801252429],[123.058687066143065,11.506816764352523],[123.058870463157348,11.506816727337066],[123.058870500747986,11.506997601213387],[123.059053897878812,11.506997564081844],[123.059053935587215,11.507178437955323],[123.059237332834471,11.507178400707607],[123.059237370660668,11.507359274578333],[123.059420768024353,11.507359237214532],[123.05942080596823,11.507540111082326],[123.059604203448458,11.507540073602529],[123.059787600927962,11.50754003600718],[123.059787639106759,11.507720909871511],[123.059787677286081,11.507901783733621],[123.059971074999282,11.507901746021565],[123.059971113296385,11.508082619880833],[123.060154511126015,11.508082582052692],[123.060154549540968,11.508263455909029],[123.060154587956561,11.508444329763146],[123.060154626372665,11.50862520361513],[123.059971228191756,11.508625241445136],[123.059971266491431,11.508806115295345],[123.059787868192757,11.508806153010509],[123.059787906375988,11.508987026859119],[123.059604507959449,11.508987064459264],[123.059604469893358,11.508806190610033],[123.059421071593349,11.508806228094093],[123.059421033644952,11.508625354242019],[123.059237635461471,11.508625391609995],[123.059054237277266,11.508625428862418],[123.059054199563789,11.50844455500688],[123.058870801496127,11.508444592143219],[123.05887076390043,11.508263718284839],[123.058687365949197,11.508263755305004],[123.058503967997353,11.508263792209794],[123.058503930636576,11.50808291834795],[123.058320532801247,11.508082955136567],[123.058137134965307,11.50808299180972],[123.058137097839278,11.507902117944413],[123.057953700119867,11.507902154501481],[123.057953663111604,11.507721280633421],[123.057770265508637,11.507721317074315],[123.057586867905044,11.507721353399747],[123.057586904679084,11.507902227268962],[123.057586941453678,11.508083101135957],[123.05777033929148,11.508083064809371],[123.057770376183925,11.508263938673524],[123.05795377413817,11.508263902230853],[123.057953811148295,11.508444776092253],[123.058137209219154,11.508444739533408],[123.058320607289318,11.508444702859189],[123.058320644534277,11.508625576717124],[123.058504042720955,11.508625539926642],[123.058687440907022,11.508625503020786],[123.058687478386901,11.508806376875258],[123.058870876689497,11.508806339853228],[123.058870914287056,11.508987213704946],[123.059054312706095,11.508987176566743],[123.059054350421519,11.509168050415619],[123.059054388137483,11.509348924262186],[123.059054425854157,11.509529798106533],[123.059054463571456,11.50971067194857],[123.059054501289282,11.509891545788387],[123.058871102284584,11.509891582929521],[123.05887113988598,11.510072456767739],[123.058687740763517,11.510072493793944],[123.05868777824837,11.510253367630474],[123.058504379008127,11.510253404541748],[123.058320979767274,11.51025344133747],[123.058137580525795,11.510253478017729],[123.057954181283691,11.510253514582436],[123.057954144267342,11.510072640743507],[123.057770745141681,11.51007267719204],[123.057587346015481,11.51007271352511],[123.057403946888655,11.510072749742628],[123.057403983553556,11.510253623583244],[123.057587382797522,11.510253587365193],[123.057587419580187,11.510434461203056],[123.057770818940682,11.510434424868832],[123.057770855841127,11.510615298703852],[123.057954255318151,11.510615262253543],[123.057954292336362,11.510796136085721],[123.058137691929915,11.510796099519238],[123.058137729065905,11.510976973348663],[123.058321128775987,11.510976936666095],[123.058321166029657,11.511157810492589],[123.058321203284038,11.511338684316863],[123.058137803339648,11.511338721000586],[123.058137840477499,11.511519594823261],[123.05795444041533,11.511519631392053],[123.057954477436652,11.511700505213041],[123.057771077256717,11.511700541666903],[123.057771114161426,11.511881415486203],[123.057587713863725,11.511881451825134],[123.057587750651976,11.512062325642836],[123.057404350236411,11.512062361866748],[123.057404386908146,11.512243235682762],[123.057220986374901,11.512243271791744],[123.057221022930008,11.512424145606071],[123.057037622278997,11.512424181600034],[123.056854221627262,11.512424217478534],[123.056670820975,11.512424253241393],[123.056487420322199,11.51242428888879],[123.05648738423568,11.512243415072154],[123.056303983699422,11.512243450603377],[123.056303947730683,11.512062576783899],[123.056303911762555,11.511881702962201],[123.056303875795066,11.511700829138194],[123.056120475609632,11.511700864552177],[123.056120439759908,11.511519990725416],[123.055937039690988,11.511520026023314],[123.055937003959045,11.511339152193711],[123.055753604006753,11.511339187375436],[123.05575356839249,11.51115831354308],[123.055936968227627,11.511158278361888],[123.05593693249692,11.510977404527756],[123.055936896766653,11.510796530691492],[123.05575349716581,11.510796565871528],[123.055570097564356,11.510796600936013],[123.055386697962277,11.510796635885034],[123.055203298359572,11.510796670718504],[123.055203263098619,11.510615796877621],[123.055019863612529,11.510615831595006],[123.054836464125827,11.510615866196838],[123.054836429099623,11.510434992352669],[123.054653029729522,11.510435026838417],[123.054469630358724,11.510435061208613],[123.054286230987486,11.510435095463256],[123.054102831615523,11.510435129602437],[123.054102797058633,11.510254255753738],[123.053919397803298,11.510254289776833],[123.053735998547339,11.510254323684377],[123.053552599290839,11.510254357476368],[123.053552565085937,11.510073483623851],[123.053369165945981,11.510073517299846],[123.053369131858759,11.509892643444486],[123.053185732835402,11.509892677004396],[123.053185698865875,11.509711803146283],[123.053185664896858,11.509530929285949],[123.053369063685906,11.509530895727194],[123.053369029600375,11.509350021865172],[123.053368995515456,11.509169148000842],[123.053368961431076,11.50898827413438],[123.053185562993406,11.508988307691537],[123.053185596960631,11.509169181558532],[123.053185630928482,11.509350055423395],[123.053002232255963,11.509350088866066],[123.0530022661072,11.509530962729242],[123.052818867317001,11.509530996056982],[123.052818901051708,11.509711869918382],[123.05263550214373,11.509711903131192],[123.052452103235311,11.509711936228362],[123.052268704326195,11.509711969210068],[123.052268670942937,11.50953109534707],[123.052085272150435,11.50953112821278],[123.051901873357394,11.509531160962938],[123.05190190650643,11.509712034827002],[123.051718507595709,11.509712067462141],[123.051535108684448,11.509712099981728],[123.051351709772561,11.509712132385852],[123.051351742570773,11.509893006249294],[123.051168343541306,11.509893038538399],[123.0509849445112,11.509893070711952],[123.050801545480581,11.509893102770041],[123.050801577927956,11.510073976632684],[123.050618178779644,11.510074008575755],[123.050434779630791,11.510074040403273],[123.050251380481413,11.510074072115239],[123.050251412577879,11.510254945977261],[123.05006801331082,11.510254977574208],[123.049884614043222,11.510255009055692],[123.049701214775098,11.510255040421624],[123.049701246520627,11.510435914282935],[123.04970127826671,11.510616788141936],[123.049701310013305,11.510797661998806],[123.049884709632892,11.510797630631364],[123.050068109251939,11.51079759914837],[123.050068077271035,11.510616725292566],[123.050251476772303,11.510616693694553],[123.05025150887036,11.510797567549824],[123.050434908488342,11.510797535835815],[123.050434940704079,11.510978409688333],[123.050618340438689,11.510978377858239],[123.050801740172659,11.510978345912593],[123.050801772623231,11.511159219761913],[123.050985172473915,11.511159187700182],[123.051168572323988,11.511159155522988],[123.051168539639107,11.510978281674822],[123.051351939371486,11.51097824938252],[123.051535339103239,11.510978216974754],[123.05153530618459,11.510797343125345],[123.051718705798763,11.510797310602561],[123.051902105412296,11.510797277964313],[123.052085505025389,11.510797245210425],[123.052268904637785,11.510797212341073],[123.052268938025023,11.51097808618835],[123.052268971412815,11.511158960033407],[123.052452371259051,11.511158927047438],[123.052452404764523,11.511339800889742],[123.052635804727288,11.511339767787687],[123.052819204689527,11.511339734570081],[123.053002604651141,11.511339701237011],[123.053186004612229,11.511339667788301],[123.053369404572777,11.511339634224127],[123.053552804532714,11.511339600544401],[123.053552838741709,11.511520474381198],[123.053736238818246,11.511520440585388],[123.053919638894172,11.511520406674025],[123.054103038969572,11.51152037264711],[123.054286439044347,11.511520338504644],[123.054469839118497,11.511520304246714],[123.05446987391386,11.511701178078537],[123.054653274104624,11.511701143704434],[123.054653309017766,11.511882017533503],[123.054836709325059,11.511881983043315],[123.055020109631826,11.511881948437575],[123.055020144779803,11.512062822263269],[123.055203545203184,11.512062787541355],[123.055386945625941,11.512062752703978],[123.055386981008837,11.512243626526297],[123.055203580468927,11.512243661364208],[123.055020179928391,11.512243696086655],[123.05483677938733,11.512243730693461],[123.054653378845643,11.512243765184804],[123.054653343931349,11.512062891360264],[123.054469943506277,11.512062925735433],[123.054286543080593,11.51206295999514],[123.05410314265437,11.512062994139205],[123.053919742227521,11.512063028167718],[123.053919707782541,11.511882154338737],[123.053736307472221,11.511882188251255],[123.053736341800146,11.512063062080768],[123.053552941372047,11.512063095878178],[123.053552975583358,11.512243969706093],[123.053553009795181,11.51242484353161],[123.053369609132261,11.512424877214622],[123.053186208468901,11.512424910782082],[123.053002807804816,11.51242494423399],[123.05300284166573,11.512605818058974],[123.052819440883965,11.512605851395863],[123.052636040101675,11.5126058846172],[123.052452639318759,11.512605917722984],[123.052269238535217,11.512605950713217],[123.052269271928068,11.512786824538113],[123.052085871026932,11.512786857413326],[123.052085904303155,11.512967731236445],[123.051902503284168,11.51296776399664],[123.051902536443777,11.513148637818071],[123.051719135307181,11.513148670463247],[123.051719168350175,11.513329544282991],[123.051719201393695,11.513510418100514],[123.051719234437755,11.513691291915729],[123.051535832949,11.513691324446862],[123.051352431459804,11.513691356862532],[123.051169029969898,11.513691389162561],[123.050985628479552,11.513691421347039],[123.050985595904194,11.513510547529693],[123.050802194530462,11.513510579598085],[123.05080216207277,11.513329705777986],[123.050618760815667,11.513329737730293],[123.050618728475669,11.513148863907441],[123.050618696136283,11.512967990082368],[123.050802097159107,11.512967958131037],[123.050802064703021,11.512787084304277],[123.050985465608065,11.512787052237927],[123.05098543303545,11.51260617840939],[123.05080203224756,11.512606210475207],[123.05061863145913,11.512606242425472],[123.050618599121364,11.51242536859356],[123.050435198449549,11.512425400427828],[123.050251797777122,11.512425432146456],[123.050251829880608,11.512606305979256],[123.050068429090587,11.512606337582865],[123.04988502829994,11.512606369070921],[123.049701627508853,11.512606400443426],[123.04951822671714,11.512606431700378],[123.049518195082356,11.512425557865535],[123.049334794407358,11.512425589006403],[123.049151393731819,11.512425620031719],[123.048967993055754,11.512425650941482],[123.04878459237915,11.512425681735783],[123.048601191702019,11.512425712414442],[123.048417791024349,11.51242574297755],[123.048417821956136,11.512606616815413],[123.048234421160785,11.512606647263501],[123.048051020364909,11.512606677596038],[123.047867619568578,11.512606707813022],[123.047867650149357,11.512787581650086],[123.047684249235346,11.512787611752051],[123.04768427969951,11.512968485587338],[123.047500878667734,11.512968515574196],[123.047317477635502,11.512968545445501],[123.047317507865813,11.513149419279545],[123.047134106715902,11.513149449035742],[123.047134136829499,11.51333032286801],[123.046950735561992,11.513330352509099],[123.046767334293861,11.513330382034725],[123.046767364173604,11.51351125586566],[123.046583962787892,11.513511285276179],[123.046400561401626,11.513511314571057],[123.046217160014848,11.513511343750471],[123.046217189543583,11.513692217580607],[123.046033788039196,11.513692246644913],[123.045850386534184,11.513692275593579],[123.04585041582915,11.513873149422471],[123.045667014206558,11.513873178256029],[123.045483612583425,11.513873206974035],[123.045300210959851,11.513873235576577],[123.04530023990371,11.514054109404581],[123.045116838162457,11.514054137891927],[123.044933436420663,11.514054166263721],[123.044750034678515,11.514054194519963],[123.04475006327128,11.514235068347078],[123.044566661411366,11.514235096488212],[123.044383259550997,11.514235124513705],[123.044383287909909,11.514415998339489],[123.04419988593186,11.514416026249963],[123.044016483953456,11.514416054044796],[123.044016512078429,11.514596927869247],[123.043833109982259,11.514596955548972],[123.043649707885635,11.514596983113146],[123.04346630578857,11.514597010561767],[123.043282903690965,11.514597037894747],[123.043099501592934,11.514597065112175],[123.043099529132505,11.514777938936627],[123.042916126916865,11.514777966038947],[123.042732724700699,11.514777993025627],[123.042549322484078,11.514778019896754],[123.042365920267017,11.514778046652419],[123.042182518049515,11.514778073292353],[123.041999115831572,11.514778099816825],[123.04181571361319,11.514778126225655],[123.041632311394352,11.514778152518934],[123.041632337996802,11.51495902634454],[123.041448935660284,11.514959052522711],[123.041265533323411,11.514959078585241],[123.041082130986013,11.514959104532219],[123.040898728648159,11.514959130363644],[123.04071532630995,11.51495915607943],[123.040715300293428,11.514778282251692],[123.040531898071933,11.51477830785157],[123.040348495849983,11.514778333335807],[123.040348470068295,11.514597459505049],[123.040165067963159,11.51459748487329],[123.040165042299066,11.514416611039868],[123.040165016635413,11.514235737204137],[123.039981614764216,11.514235762456027],[123.039798212892563,11.514235787592364],[123.039798187463745,11.514054913753702],[123.039614785708807,11.514054938774043],[123.039614760397598,11.513874064932628],[123.039431358759444,11.513874089836973],[123.03943133356583,11.513693215992982],[123.039431308372556,11.513512342146681],[123.039247906968356,11.513512366934675],[123.039247881892777,11.513331493085799],[123.039064480605376,11.513331517757885],[123.039064455647292,11.513150643906345],[123.03888105447669,11.513150668462435],[123.038697653305547,11.513150692902974],[123.038697628582298,11.512969819048324],[123.03851422752787,11.512969843372955],[123.038330826473086,11.512969867581946],[123.038330801984671,11.512788993724365],[123.038147401046587,11.512789017817449],[123.038147376675681,11.512608143957204],[123.037963975854396,11.512608167934291],[123.037780575032755,11.512608191795914],[123.037780550896599,11.51242731793265],[123.037597150191658,11.512427341678277],[123.037597126173097,11.512246467812437],[123.037413725584955,11.512246491442157],[123.037230324996372,11.512246514956326],[123.037230301212475,11.512065641087466],[123.037046900740776,11.512065664485727],[123.036903345531456,11.512065682710082],[123.036863500268538,11.512065687768436],[123.036863476719375,11.511884813896556],[123.036680076364036,11.511884837063269],[123.036680052932368,11.511703963188813],[123.036680029501156,11.511523089312048],[123.03649662937967,11.511523112362587],[123.036496606065967,11.511342238483158],[123.036496582752704,11.511161364601596],[123.036313182865158,11.511161387535784],[123.036313159669405,11.510980513651559],[123.036313136474092,11.510799639765112],[123.036313113279135,11.510618765876446],[123.036313090084533,11.51043789198547],[123.036313066890372,11.510257018092274],[123.036313043696566,11.510076144196857],[123.036313020503215,11.50989527029922],[123.036312997310205,11.509714396399273],[123.036129598359338,11.509714419214978],[123.036129575283837,11.509533545312456],[123.036129552208791,11.509352671407713],[123.036129529134087,11.509171797500661],[123.036129506059751,11.508990923591478],[123.036129482985856,11.508810049679985],[123.036129459912217,11.508629175766183],[123.036129436839119,11.508448301850249],[123.036312834970019,11.508448279037031],[123.036312811780135,11.508267405119232],[123.036496209793526,11.508267382190907],[123.036496186486929,11.508086508271154],[123.036679584382824,11.50808648522772],[123.036679560959513,11.507905611306191],[123.036862958737899,11.50790558814756],[123.036903345531456,11.507905583022326],[123.037046356515845,11.507905564873555],[123.037229754293421,11.507905541483998],[123.037413152070656,11.507905517978889],[123.037413128179281,11.507724644056561],[123.037596525838921,11.507724620436344],[123.037596501830834,11.50754374651215],[123.037779899372964,11.507543722776825],[123.037779875248177,11.507362848850766],[123.037963272672798,11.507362825000333],[123.037963248431211,11.507181951072409],[123.038146645738422,11.507181927106869],[123.038330043045093,11.507181903025776],[123.038330018569823,11.507001029096431],[123.038513415758999,11.507001004900319],[123.038696812947805,11.507000980588655],[123.03888021013617,11.507000956161528],[123.038880185309992,11.506820082231028],[123.039063582380763,11.506820057688794],[123.039063557437871,11.506639183756517],[123.039246954391231,11.506639159099175],[123.039430351344137,11.506639134326369],[123.039430326167391,11.506458260392671],[123.03924692933154,11.506458285165033],[123.039246904272389,11.506277411228671],[123.039246879213593,11.506096537290089],[123.039246854155238,11.505915663349198],[123.039246829097323,11.505734789406086],[123.039246804039763,11.505553915460753],[123.039430200290127,11.505553890690345],[123.03961359654005,11.505553865804385],[123.039796992789618,11.505553840803051],[123.039980389038647,11.505553815686165],[123.039980414564539,11.505734689629898],[123.040163810930281,11.505734664397194],[123.040347207295568,11.505734639048937],[123.040530603660414,11.505734613585217],[123.04071400002492,11.505734588006034],[123.040714026019586,11.505915461945859],[123.040714052014707,11.506096335883464],[123.040897448612881,11.50609631018793],[123.041080845210615,11.506096284376932],[123.041264241807895,11.506096258450471],[123.041447638404833,11.506096232408547],[123.04144761194128,11.505915358472629],[123.041447585478281,11.505734484534402],[123.041630981840456,11.505734458377814],[123.041630955260828,11.505553584437811],[123.041630928681556,11.505372710495587],[123.041447532553505,11.505372736651287],[123.041447506091728,11.505191862706399],[123.041447479630506,11.50501098875929],[123.041264083736124,11.505011014798727],[123.041264057392397,11.504830140848865],[123.04126403104911,11.504649266896783],[123.041447426709283,11.504649240858233],[123.041447400249282,11.504468366904286],[123.041630795791946,11.504468340750629],[123.041630769215345,11.504287466794993],[123.041814164640499,11.504287440526229],[123.041997560065127,11.504287414142089],[123.0421809554894,11.504287387642487],[123.042180928562047,11.504106513685786],[123.042364323868725,11.504106487071164],[123.042364296824758,11.503925613112687],[123.042364269781231,11.503744739151989],[123.042364242738145,11.503563865188982],[123.042364215695514,11.503382991223754],[123.042180820857084,11.503383017836777],[123.042180793931962,11.503202143868885],[123.041997399210246,11.503202170365912],[123.041997372402619,11.503021296395355],[123.041997345595533,11.502840422422578],[123.041997318788788,11.50265954844758],[123.042180713159411,11.502659521951797],[123.042180686236151,11.502478647974934],[123.042180659313331,11.502297773995851],[123.042180632390952,11.502116900014547],[123.042180605469028,11.501936026031023],[123.042180578547544,11.50175515204519],[123.042180551626501,11.501574278057136],[123.04199715795815,11.501574304550344],[123.041997131154616,11.501393430559625],[123.041813737602979,11.501393456937015],[123.041630344050816,11.501393483198852],[123.041630317481847,11.501212609205114],[123.041630290913233,11.501031735209066],[123.041630264345159,11.50085086121071],[123.041630237777511,11.500669987210221],[123.041630211210318,11.500489113207424],[123.04163018464358,11.500308239202406],[123.041630158077268,11.500127365195167],[123.04144676534392,11.500127391338699],[123.041446738895118,11.499946517328796],[123.041263346278384,11.499946543356421],[123.041263372610118,11.500127417366768],[123.04107997987596,11.500127443279462],[123.040896587141276,11.500127469076693],[123.040713194406237,11.50012749475855],[123.040713220387318,11.50030836876792],[123.040529827534769,11.500308394334668],[123.04052985339932,11.500489268342173],[123.040713246368938,11.500489242774981],[123.040713272350999,11.500670116779821],[123.040529879264326,11.500670142347458],[123.040346486177299,11.50067016779972],[123.040163093089731,11.50067019313652],[123.040163118721139,11.500851067140383],[123.039979725516162,11.500851092362074],[123.039796332310743,11.500851117468391],[123.03961293910497,11.500851142459334],[123.039612964385626,11.501032016462132],[123.039429571062342,11.501032041337966],[123.039246177738619,11.501032066098427],[123.039062784414455,11.501032090743424],[123.039062759484963,11.500851216739383],[123.038879366277413,11.500851241268562],[123.038695973069508,11.500851265682366],[123.03869594837451,11.500670391675305],[123.03851255528312,11.500670415973202],[123.038329162191474,11.500670440155636],[123.038145769099302,11.500670464222695],[123.038145793443292,11.500851338231],[123.037962400233695,11.500851362182951],[123.037779007023744,11.500851386019528],[123.037779031133965,11.501032260026323],[123.037779055244641,11.501213134030808],[123.037779079355758,11.501394008033072],[123.037962472916803,11.501393984195341],[123.03796249714533,11.501574858195029],[123.037962521374212,11.501755732192409],[123.038145915169039,11.501755708238504],[123.038145939515431,11.501936582233308],[123.038329333426859,11.501936558163495],[123.03832935789076,11.502117432155634],[123.038329382354917,11.502298306145553],[123.03814598820945,11.502298330216076],[123.038146012556993,11.50247920420413],[123.038329406819614,11.502479180133252],[123.038329431284765,11.502660054118641],[123.038146036905076,11.502660078189963],[123.037962642525045,11.502660102145912],[123.03777924814456,11.502660125986308],[123.037595853763634,11.502660149711241],[123.037412459382352,11.5026601733208],[123.037412435502603,11.502479299333457],[123.037412411623222,11.502298425343893],[123.037229017475624,11.502298448837189],[123.037045623327657,11.502298472215022],[123.037045646973013,11.502479346205385],[123.037045670618639,11.502660220193528],[123.037045694264691,11.502841094179361],[123.036903345531456,11.502841112236295],[123.036862299765204,11.502841117442975],[123.036678905265262,11.502841140591036],[123.036678928677645,11.503022014575448],[123.036495534060194,11.50302203760849],[123.036312139442472,11.503022060526069],[123.036128744824325,11.503022083328185],[123.03612872176312,11.502841209342618],[123.035945327261672,11.502841232028915],[123.035761932759769,11.502841254599838],[123.03576195558685,11.503022128586027],[123.035578560967537,11.503022151041753],[123.035395166347783,11.503022173382105],[123.035211771727759,11.503022195606905],[123.035211749251872,11.50284132161965],[123.035028354748462,11.502841343728631],[123.034844960244698,11.502841365722238],[123.034844938003374,11.502660491731964],[123.034844915762321,11.502479617739469],[123.034661521492424,11.502479639616903],[123.034661499368781,11.502298765621832],[123.034661477245677,11.502117891624541],[123.034661455122844,11.501937017624941],[123.034661433000366,11.501756143623121],[123.034661410878329,11.50157526961908],[123.034844804563093,11.501575247743423],[123.034844782324356,11.501394373737517],[123.03484476008596,11.501213499729301],[123.034844737848019,11.501032625718866],[123.034661344514348,11.501032647593457],[123.034661322393731,11.500851773580445],[123.034477929176845,11.500851795339306],[123.034477907173653,11.500670921323719],[123.034294514073295,11.500670942966762],[123.034111120972682,11.500670964494342],[123.033927727871628,11.500670985906547],[123.03392770621997,11.500490111887585],[123.033744313235616,11.50049013318406],[123.033744291701282,11.500309259162522],[123.033560898833628,11.500309280343179],[123.033377505965547,11.500309301408373],[123.033377484665692,11.500128427383993],[123.033194091914311,11.500128448333458],[123.033010699162659,11.500128469167459],[123.033010720228475,11.50030934319255],[123.033010741294547,11.500490217215331],[123.033010762361073,11.500671091235981],[123.033010783427954,11.500851965254322],[123.0328273902078,11.500851985974281],[123.03264399698719,11.500852006578777],[123.03246060376631,11.500852027067809],[123.032460583050522,11.500671153048492],[123.032277189946271,11.500671173421795],[123.032277169347893,11.500490299399901],[123.032093776360341,11.500490319657475],[123.031910383372434,11.500490339799585],[123.031910363008549,11.500309465774761],[123.031910342644935,11.500128591747716],[123.032093735398718,11.500128571606227],[123.032277128152231,11.500128551349276],[123.032277107554833,11.499947677320721],[123.032460500190936,11.499947656948661],[123.032643892826769,11.499947636461227],[123.032827285462162,11.499947615858419],[123.032827264514026,11.499766741828532],[123.032827243566345,11.499585867796425],[123.03282722261892,11.499404993762008],[123.032827201671935,11.499224119725371],[123.03264380950462,11.499224140326936],[123.03264378867506,11.499043266287723],[123.032643767845769,11.49886239224629],[123.032643747016834,11.498681518202636],[123.032827138833056,11.498681497602137],[123.032827117887408,11.498500623556529],[123.032827096942199,11.498319749508701],[123.032827075997275,11.498138875458652],[123.033010467462134,11.498138854743756],[123.033010446400581,11.497957980691753],[123.033193837748016,11.497957959861838],[123.033377229095194,11.497957938916459],[123.033377207799958,11.497777064862857],[123.033193816569849,11.49777708580797],[123.033193795392037,11.497596211751793],[123.033010404278542,11.497596232581175],[123.032827013164692,11.497596253295095],[123.032643622050486,11.497596273893551],[123.032460230935925,11.497596294376722],[123.032276839821094,11.497596314744429],[123.032276860413958,11.497777188802205],[123.032093469181618,11.497777209054894],[123.032093489657868,11.497958083110715],[123.031910098308288,11.497958103248296],[123.031726706958366,11.497958123270502],[123.031543315608076,11.497958143177245],[123.031543335733573,11.498139017231823],[123.031359944265972,11.498139037023547],[123.031359964274756,11.498319911076171],[123.03135998428391,11.498500785126575],[123.031360004293418,11.498681659174759],[123.031360024303282,11.498862533220722],[123.031176632367234,11.498862552898315],[123.030993240430931,11.498862572460444],[123.030809848494187,11.4988625919072],[123.03080982883543,11.49868171786026],[123.030809809177015,11.498500843811188],[123.030626417474039,11.498500863141858],[123.030443025770793,11.498500882357154],[123.030443006346687,11.498320008305152],[123.030442986922935,11.498139134250929],[123.030442967499454,11.497958260194485],[123.030626358851777,11.497958240980077],[123.030809750203659,11.497958221650295],[123.030809730546494,11.497777347592253],[123.030809710889685,11.497596473531901],[123.030626319771841,11.497596492861062],[123.030442928653542,11.497596512074759],[123.030442909231127,11.497415638011566],[123.030259518229542,11.497415657109622],[123.030259537534988,11.497596531173171],[123.03025955684079,11.497777405234411],[123.030259576146861,11.49795827929343],[123.030076184793913,11.497958298277],[123.030076203983356,11.498139172334065],[123.029892812513083,11.498139191202528],[123.029892831585826,11.498320065257728],[123.029892850658925,11.498500939310619],[123.029892869732294,11.498681813361289],[123.030076261553575,11.498681794491938],[123.030076280744268,11.498862668540033],[123.030076299935317,11.499043542585907],[123.030076319126636,11.499224416629561],[123.030076338318295,11.499405290670994],[123.029892946028951,11.499405309541588],[123.029892965103912,11.499586183581068],[123.029892984179227,11.499767057618238],[123.029893003254813,11.499947931653276],[123.029709610614091,11.499947950409384],[123.029526217973029,11.499947969050028],[123.029342825331597,11.499947987575299],[123.029159432689895,11.499948005985106],[123.028976040047937,11.499948024279449],[123.028976021557398,11.49976715024299],[123.028792629032139,11.499767168421693],[123.028609236506526,11.499767186484933],[123.028609218250381,11.499586312445631],[123.028425825841481,11.49958633039323],[123.028425807702746,11.499405456351353],[123.028242415410546,11.499405474183222],[123.028242397389135,11.499224600138858],[123.02824237936791,11.499043726092184],[123.028058987309478,11.499043743808057],[123.028058969405663,11.498862869758986],[123.027875577463945,11.498862887359129],[123.027875559677469,11.498682013307482],[123.02769216785245,11.498682030791896],[123.027692150183299,11.498501156737762],[123.02750875847498,11.498501174106535],[123.027508740923068,11.498320300049825],[123.027508723371511,11.498139425990894],[123.02750870582021,11.497958551929743],[123.027508688269194,11.497777677866283],[123.027508670718518,11.497596803800603],[123.027508653168027,11.497415929732702],[123.027508635617977,11.49723505566258],[123.027508618068097,11.497054181590149],[123.027508600518587,11.496873307515498],[123.027691991173782,11.496873290149301],[123.027691973507558,11.496692416072696],[123.027875364045514,11.496692398591302],[123.028058754583199,11.496692380994533],[123.028242145120529,11.49669236328239],[123.028425535657604,11.496692345454873],[123.028608926194309,11.496692327511981],[123.028792316730758,11.496692309453627],[123.028792298362873,11.496511435376577],[123.028608907943394,11.496511453434577],[123.028608889692848,11.496330579354952],[123.028425499390082,11.496330597297222],[123.028425481256761,11.49614972321511],[123.028242091070695,11.496149741041739],[123.028242073054713,11.495968866957051],[123.028058682985275,11.49596888466804],[123.028058665086604,11.495788010580865],[123.028058647188132,11.495607136491381],[123.027875257352449,11.495607154086462],[123.027875239571301,11.495426279994403],[123.027691849852246,11.495426297473843],[123.027508460132921,11.49542631483782],[123.02732507041334,11.495426332086511],[123.02714168069339,11.495426349219739],[123.02714166338049,11.495245475124394],[123.026958273777254,11.495245492141981],[123.02695825658158,11.495064618044148],[123.026774867095057,11.495064634946095],[123.026774850016622,11.494883760845775],[123.026774832938557,11.494702886743147],[123.026591443685703,11.494702903529186],[123.026591426724778,11.49452202942407],[123.026591409764308,11.494341155316734],[123.026591392804008,11.494160281207089],[123.026408003901722,11.494160297876954],[123.026407987058661,11.493979423764822],[123.02622459827316,11.493979440319135],[123.026224581547339,11.493798566204516],[123.026224564821874,11.493617692087676],[123.026224548096593,11.493436817968528],[123.026224531371653,11.493255943847158],[123.026041143053703,11.493255960285031],[123.026041126446017,11.493075086161175],[123.026041109838587,11.492894212035099],[123.025857721754136,11.492894228357065],[123.025857705263945,11.492713354228412],[123.025674317296293,11.492713370434737],[123.025674300923342,11.492532496303687],[123.025490913072304,11.492532512394371],[123.025490929328285,11.492713386525777],[123.025307541360007,11.492713402501442],[123.02530755749936,11.492894276630805],[123.025124169413843,11.492894292491362],[123.025124185436496,11.493075166618683],[123.024940797233825,11.493075182364132],[123.024940813139764,11.493256056489587],[123.024757424819853,11.493256072119928],[123.024757440609093,11.493436946243341],[123.024574052171943,11.493436961758574],[123.024574067844569,11.493617835880032],[123.024574083517365,11.493798709999181],[123.024574099190517,11.49397958411611],[123.024390710402272,11.493979599516768],[123.024390725958625,11.494160473631743],[123.024390741515248,11.494341347744408],[123.024390757072226,11.494522221854941],[123.024207367932803,11.494522237140936],[123.024207352492795,11.494341363030225],[123.024023963470071,11.494341378200579],[123.024023948147303,11.494160504087381],[123.024207337053056,11.494160488917204],[123.024207321613673,11.493979614802052],[123.024207306174461,11.493798740684591],[123.024207290735532,11.493617866564909],[123.024207275296945,11.493436992443007],[123.024023886858913,11.493437007612206],[123.023840498420782,11.493437022666031],[123.02365710998231,11.493437037604481],[123.023473721543652,11.493437052427646],[123.023473736514433,11.493617926550526],[123.023290347958536,11.493617941258494],[123.023106959402369,11.493617955851176],[123.022923570845933,11.493617970328485],[123.02274018228924,11.493617984690419],[123.022556793732363,11.493617998936978],[123.02237340517523,11.493618013068163],[123.022373390906196,11.493437138943863],[123.022373376637347,11.493256264817342],[123.022373362368754,11.493075390688601],[123.022373348100444,11.492894516557639],[123.022373333832292,11.492713642424368],[123.022556721804662,11.492713628294249],[123.022556707419895,11.492532754159024],[123.022556693035312,11.49235188002149],[123.022740080773559,11.492351865776529],[123.022740066272263,11.492170991637041],[123.02292345389327,11.492170977276972],[123.023106841514092,11.492170962801529],[123.023106826779127,11.491990088660264],[123.023290214282795,11.491990074069713],[123.023290199431116,11.491809199926495],[123.023473586817545,11.491809185220836],[123.023656974203718,11.491809170399891],[123.023656959118455,11.491628296254808],[123.023840346387374,11.491628281318755],[123.024023733656122,11.491628266267417],[123.024207120924515,11.491628251100616],[123.024390508192738,11.491628235818618],[123.024390492640023,11.491447361672291],[123.024573879790992,11.491447346275097],[123.024573864121578,11.491266472126815],[123.02457384845242,11.491085597976225],[123.024573832783531,11.490904723823503],[123.024573817114913,11.490723849668472],[123.024390430431652,11.490723865064689],[123.02420704374812,11.490723880345444],[123.024023657064319,11.490723895511001],[123.023840270380262,11.490723910561185],[123.023840285581173,11.490904784717193],[123.023656898779961,11.490904799652268],[123.02347351197848,11.490904814472058],[123.023473526945793,11.49108568862629],[123.023290140027171,11.491085703330972],[123.023290154877785,11.491266577483161],[123.023106767841909,11.491266592072824],[123.022923380805864,11.491266606547024],[123.022923395422879,11.491447480697525],[123.022740008269594,11.491447495056617],[123.022556621116053,11.491447509300512],[123.022556635499384,11.491628383449148],[123.022373248228689,11.491628397577847],[123.022373262495407,11.491809271724529],[123.022189875107557,11.491809285738119],[123.022006487719437,11.491809299636424],[123.021823100331048,11.491809313419354],[123.021823086415239,11.491628439271961],[123.022006473686659,11.491628425489298],[123.022006459654065,11.491447551339951],[123.022006445621727,11.491266677188294],[123.022189832659024,11.4912666632907],[123.022189818510071,11.49108578913709],[123.022373205430114,11.491085775124388],[123.022373191164462,11.490904900968735],[123.022373176898981,11.490724026810861],[123.022556563584999,11.490724012683318],[123.022556549202818,11.490543138523401],[123.022556534820893,11.490362264361265],[123.022556520439252,11.490181390196907],[123.022556506057768,11.49000051603033],[123.022373119839472,11.490000530156985],[123.022373105575241,11.489819655987921],[123.022189719473559,11.489819669999024],[123.022189705326468,11.489638795827473],[123.0220063193415,11.489638809723024],[123.022006333371692,11.489819683894842],[123.02182294726957,11.489819697675285],[123.021822961183062,11.49000057184506],[123.021639574963785,11.490000585510396],[123.021456188744338,11.490000599060446],[123.021272802524607,11.49000061249521],[123.021089416304619,11.4900006258146],[123.021089402858848,11.489819751644026],[123.020906016755561,11.489819764847864],[123.020906003426845,11.489638890674803],[123.020905990098399,11.489458016499521],[123.020905976770123,11.48927714232193],[123.020722591017417,11.48927715540986],[123.020539205264427,11.489277168382506],[123.020539218358849,11.489458042560452],[123.020539231453526,11.489638916736178],[123.020355845466511,11.489638929593893],[123.020355832488804,11.489458055417989],[123.020172446618488,11.489458068160241],[123.019989060747903,11.489458080787118],[123.019805674877148,11.489458093298621],[123.019622289006222,11.489458105694927],[123.019438903135025,11.489458117975859],[123.019255517263645,11.489458130141506],[123.019255504987683,11.489277255962138],[123.019072119233016,11.489277268012232],[123.019072107074123,11.489096393830378],[123.019072094915401,11.488915519646392],[123.018888709394318,11.488915531580757],[123.01888869735275,11.488734657394284],[123.018705311948466,11.488734669213185],[123.018705323873064,11.488915543399925],[123.018705335797918,11.489096417584355],[123.018521950159609,11.489096429288326],[123.018521961967764,11.489277303470713],[123.018521973776089,11.48945817765088],[123.018338587903742,11.489458189239921],[123.01815520203111,11.489458200713676],[123.017971816158408,11.489458212072146],[123.017788430285435,11.489458223315241],[123.017605044412193,11.489458234443051],[123.01760503318846,11.489277360261996],[123.017421647432002,11.489277371274254],[123.017421636325338,11.4890964970908],[123.017421625218844,11.488915622905038],[123.017421614112521,11.488734748717144],[123.017421603006383,11.488553874526941],[123.01742159190043,11.488373000334517],[123.017604977072367,11.488372989323059],[123.017604965849699,11.488192115128504],[123.017788350904482,11.488192104002026],[123.0177883395652,11.488011229805428],[123.017971724502928,11.488011218563754],[123.018155109440471,11.488011207206794],[123.018338494377744,11.488011195734549],[123.018338482687895,11.487830321536263],[123.018338470998231,11.487649447335846],[123.018338459308737,11.487468573133119],[123.018338447619414,11.487287698928084],[123.018521832088979,11.487287687341263],[123.018521820283055,11.487106813134274],[123.018338435930374,11.487106824720916],[123.018338424241492,11.48692595051144],[123.018338412552808,11.486745076299743],[123.01833840086428,11.486564202085825],[123.018338389176037,11.486383327869687],[123.018338377487964,11.486202453651329],[123.018338365800062,11.486021579430661],[123.018338354112345,11.485840705207773],[123.018338342424812,11.485659830982664],[123.018521725842419,11.485659819397531],[123.018521714038172,11.48547894517038],[123.01870509733871,11.485478933470139],[123.018888480639077,11.485478921654702],[123.019071863939189,11.48547890972389],[123.019255247239101,11.485478897677881],[123.019438630538858,11.485478885516587],[123.019438618150545,11.485298011288103],[123.019255234967673,11.48529802344922],[123.01925522269643,11.485117149218338],[123.019071839630186,11.485117161263991],[123.018888456563857,11.485117173194359],[123.018705073497259,11.48511718500953],[123.018705061576838,11.484936310775806],[123.018521678626854,11.484936322475425],[123.018521666823489,11.484755448239392],[123.018521655020308,11.484574574000961],[123.018521643217312,11.484393699760398],[123.01833826061781,11.484393711344199],[123.018154878018038,11.484393722812802],[123.017971495418081,11.484393734166121],[123.017971483965908,11.484212859922716],[123.017788101482665,11.484212871160571],[123.017604718999252,11.48421288228314],[123.017421336515554,11.484212893290424],[123.017237954031785,11.484212904182511],[123.017061745093358,11.484212914537746],[123.016996270784531,11.484574666836549],[123.017054593283774,11.484574663445679],[123.017054604152065,11.484755537685443],[123.016963533631127,11.484755542980412],[123.016848087667697,11.485393393817031],[123.016601534758664,11.487152277150253],[123.016425181074894,11.488919351267333],[123.016319299841513,11.490691891591208],[123.016284055636859,11.492467165066653],[123.016319504130493,11.494242434373907],[123.016425591989261,11.496014962149269],[123.016602156951322,11.497782015206035],[123.016848928068228,11.4995408687493],[123.017165526114681,11.501288810578149],[123.017231111251576,11.501583538133358],[123.01739736200021,11.501630168000565]],[[123.026774918331938,11.49560725723382],[123.026774901252622,11.495426383140162],[123.026958290973184,11.495426366237682],[123.026958308169384,11.495607240330985],[123.026774918331938,11.49560725723382]],[[123.024207553232486,11.496692726294855],[123.024207537789366,11.496511852210967],[123.02402414736288,11.49651186738434],[123.024024132037098,11.496330993298054],[123.023840741727227,11.496331008355698],[123.02365735141727,11.496331023298056],[123.023657336325698,11.496150149209017],[123.023473946132356,11.496150164035734],[123.023473931158023,11.495969289944208],[123.023290541081465,11.495969304655285],[123.023290526224372,11.495788430561271],[123.023107136264542,11.495788445156796],[123.023107121524689,11.495607571060296],[123.022923731681544,11.49560758554018],[123.02292371705893,11.495426711441192],[123.022923702436501,11.495245837339985],[123.022740312827139,11.49524585170405],[123.022740298321935,11.495064977600356],[123.022556908829273,11.49506499184878],[123.02237351933644,11.49506500598183],[123.02237350506546,11.494884131875471],[123.022190115689327,11.494884145892881],[123.0221901015355,11.494703271784124],[123.022006712276067,11.494703285685892],[123.02200669823948,11.494522411574648],[123.022006684203234,11.494341537461095],[123.022006670167087,11.494160663345321],[123.022006656131296,11.493979789227327],[123.02200664209559,11.493798915107023],[123.022190030770233,11.49379890120632],[123.022373419444619,11.493798887190243],[123.022373433714094,11.493979761310014],[123.02255682250518,11.493979747178384],[123.022556836891894,11.494160621295668],[123.02274022579968,11.494160607048398],[123.022740240303634,11.494341481163284],[123.022923629328218,11.494341466800462],[123.022923643949326,11.494522340912861],[123.023107033090625,11.494522326434398],[123.023107047828972,11.494703200544309],[123.02329043708697,11.494703185950206],[123.023290451942557,11.49488406005772],[123.023473841317255,11.494884045348064],[123.023657230691697,11.494884030522945],[123.023657245781493,11.495064904627705],[123.023840635272649,11.495064889687034],[123.023840650479684,11.495245763789308],[123.024024040087539,11.495245748732996],[123.024024055411815,11.495426622832783],[123.024207445136469,11.495426607660919],[123.024207460577983,11.495607481758219],[123.024390850419252,11.495607466470714],[123.024390865978006,11.495788340565527],[123.024390881537016,11.495969214658031],[123.024574271612053,11.495969199254619],[123.024574287288317,11.496150073344724],[123.024574302964851,11.49633094743252],[123.024757693273557,11.49633093191329],[123.02475770906733,11.496511805998599],[123.024941099492835,11.496511790363728],[123.024941115403934,11.496692664446551],[123.025124505946067,11.496692648696039],[123.025124521974405,11.496873522776374],[123.025124538002999,11.497054396854489],[123.025307928778901,11.49705438098807],[123.025307944924734,11.497235255063609],[123.02549133581735,11.497235239081549],[123.025491352080508,11.49741611315469],[123.025307961070851,11.497416129137017],[123.02512457006091,11.497416145003969],[123.025124554031777,11.497235270930295],[123.024941163138635,11.497235286681606],[123.024941147226741,11.497054412605534],[123.024757756450313,11.497054428241205],[123.024757740655744,11.496873554162557],[123.02457434999603,11.496873569682586],[123.0245743343187,11.496692695601451],[123.024390943775771,11.49669271100584],[123.024207553232486,11.496692726294855]],[[123.025674743089823,11.497416097056901],[123.025674759470235,11.497596971127555],[123.025491368343864,11.497596987225522],[123.025491352080508,11.49741611315469],[123.025674743089823,11.497416097056901]],[[123.030626671538272,11.500852225609881],[123.030626651992932,11.500671351587277],[123.030443258885299,11.500671370806304],[123.030443239457284,11.500490496781213],[123.030443220029625,11.500309622753901],[123.030626612903134,11.500309603535497],[123.030810005776289,11.500309584201629],[123.030810025438072,11.500490458228407],[123.030810045100125,11.500671332252876],[123.030993438207133,11.500671312803012],[123.030993457986511,11.500852186824906],[123.031176851210233,11.500852167259312],[123.031176871107021,11.50103304127863],[123.031176891004179,11.501213915295727],[123.031176910901678,11.501394789310693],[123.030993517326863,11.501394808877263],[123.030993497546419,11.501213934862031],[123.030810104088403,11.501213954312872],[123.030810084425283,11.501033080295064],[123.030626691083967,11.501033099630176],[123.030626671538272,11.500852225609881]],[[123.039980286939425,11.504830319888759],[123.039980261415664,11.504649445933834],[123.039796865752038,11.504649471048678],[123.039796840345772,11.504468597091089],[123.039796814939962,11.50428772313119],[123.039980210369478,11.504287698017235],[123.04016360579854,11.504287672787727],[123.040347001227161,11.504287647442757],[123.04034702698425,11.504468521401412],[123.040530422529486,11.504468495940534],[123.040713818074281,11.504468470364193],[123.040713844065934,11.50464934431974],[123.040713870058028,11.504830218273066],[123.040897265836591,11.504830192580462],[123.040897291946195,11.505011066531123],[123.040897318056153,11.505191940479564],[123.040713922043466,11.505191966172967],[123.040530526030253,11.505191991750907],[123.04034713001667,11.505192017213384],[123.040347104257904,11.505011143263788],[123.04016370836095,11.505011168610357],[123.039980312463541,11.505011193841463],[123.039980286939425,11.504830319888759]],[[123.064005374956579,11.505911274686609],[123.06418877136629,11.505911234325117],[123.064188812349499,11.50609210819451],[123.064005415822734,11.506092148556624],[123.064005374956579,11.505911274686609]],[[123.034662296050712,11.508810228032607],[123.034662273914108,11.508629354115962],[123.034662251777945,11.508448480197098],[123.034845649911873,11.508448458308029],[123.03502904804553,11.508448436303498],[123.035029070415902,11.508629310221652],[123.035029092786715,11.508810184137497],[123.034845694418934,11.508810206142828],[123.034662296050712,11.508810228032607]],[[123.053186378365083,11.513329279881868],[123.053186344384613,11.513148406066387],[123.053369745516761,11.513148372496795],[123.053553146648383,11.513148338811652],[123.053553180863062,11.513329212625978],[123.053736582111284,11.513329178824749],[123.05391998335881,11.51332914490788],[123.053920017808494,11.51351001871892],[123.053920052258718,11.513690892527739],[123.054103453740098,11.513690858494252],[123.054103488308087,11.513871732300318],[123.054286889905995,11.513871698150657],[123.054286924591764,11.514052571953881],[123.054103522876616,11.514052606104075],[123.053920121160942,11.514052640138628],[123.053736719444629,11.514052674057629],[123.053736685110408,11.513871800252806],[123.053553283510723,11.513871834055722],[123.053553249294268,11.513690960248057],[123.053369847811112,11.513690993934889],[123.053369813712436,11.513510120124382],[123.053186412345994,11.513510153695128],[123.053186378365083,11.513329279881868]],[[123.054286855220852,11.513690824345213],[123.054286820536333,11.513509950537459],[123.054470221899322,11.513509916273401],[123.05447025670108,11.513690790080622],[123.054470291503463,11.513871663885533],[123.054286889905995,11.513871698150657],[123.054286855220852,11.513690824345213]],[[123.054654182035065,11.516403862530167],[123.054837585272026,11.516403828026034],[123.0548376203175,11.516584701796218],[123.0546542169633,11.516584736300883],[123.054470813608575,11.516584770689908],[123.054287410253323,11.516584804963381],[123.054287444947789,11.516765678732943],[123.054104041474673,11.516765712891308],[123.053920638001017,11.51676574693421],[123.053920672461629,11.516946620702617],[123.053737268870123,11.516946654630322],[123.05373723452675,11.516765780861382],[123.053737200183903,11.516584907090222],[123.053737165841596,11.516404033316752],[123.053737131499915,11.516223159541061],[123.053920534622563,11.516223125615488],[123.053920500164253,11.51604225183811],[123.054103903169121,11.516042217797429],[123.054287306173379,11.516042183641195],[123.054287271481215,11.515861309862663],[123.054470674367693,11.51586127559141],[123.054470709177096,11.51604214936941],[123.054654112180188,11.516042114982072],[123.054654147107271,11.51622298875723],[123.054654182035065,11.516403862530167]],[[123.056672016035762,11.518393087913426],[123.056672052260026,11.518573961653233],[123.056488647622416,11.51857399732017],[123.056488611515391,11.518393123579829],[123.056672016035762,11.518393087913426]]],[[[123.017237932062784,11.483851155687619],[123.01742131431287,11.483851144795887],[123.017421303211805,11.483670270545288],[123.017421292110896,11.483489396292379],[123.017421281010186,11.48330852203725],[123.017421269909633,11.4831276477799],[123.017279599344235,11.483127656193698],[123.017164458359261,11.483645413166206],[123.017127219410384,11.483851162193641],[123.017237932062784,11.483851155687619]]],[[[123.020355547034299,11.485478822980921],[123.020172163735609,11.485478835718643],[123.019988780436762,11.485478848340991],[123.019805397137631,11.485478860848142],[123.019805409759982,11.485659735073961],[123.019988793175898,11.485659722566632],[123.019988805915304,11.485840596789965],[123.020172189447933,11.485840584167173],[123.020172176591643,11.485659709944018],[123.020355560007204,11.485659697206119],[123.020538943422508,11.485659684353022],[123.020538956512482,11.485840558575733],[123.020722340044486,11.485840545607084],[123.020722353251514,11.486021419827397],[123.020905736900133,11.486021406743285],[123.02090572357622,11.485840532523151],[123.020905710252478,11.485659658300884],[123.020905696928907,11.485478784076308],[123.020722313630941,11.485478797159798],[123.020722300424438,11.485297922932736],[123.020722287218291,11.485117048703541],[123.020538904153739,11.485117061671302],[123.020538917243087,11.485297935900762],[123.020355534061565,11.485297948753503],[123.020355547034299,11.485478822980921]]],[[[123.021089133989648,11.486202267761447],[123.021089120548581,11.486021393543799],[123.020905736900133,11.486021406743285],[123.020905750224415,11.486202280961111],[123.021089133989648,11.486202267761447]]],[[[123.034477885170801,11.500490047305822],[123.034661278153735,11.500490025547672],[123.034661256034283,11.500309151527999],[123.034477863168405,11.500309173285705],[123.034477841166364,11.500128299263368],[123.034294448417114,11.500128320905434],[123.034294470302186,11.500309194928038],[123.034111077435597,11.500309216454996],[123.034111099203969,11.500490090475823],[123.034294492187612,11.50049006894851],[123.034477885170801,11.500490047305822]]],[[[123.064188279620708,11.503740747717339],[123.06437167462478,11.5037407072482],[123.064555069628057,11.503740666663687],[123.064555028419591,11.503559792766405],[123.064554987211849,11.503378918866902],[123.064371592442697,11.503378959450172],[123.064371633533383,11.503559833350296],[123.064188238646366,11.503559873818814],[123.064188197672749,11.503378999917979],[123.064004802902176,11.503379040270412],[123.064004843758738,11.503559914171779],[123.064004884616011,11.503740788071015],[123.064188279620708,11.503740747717339]]],[[[123.067856136252374,11.503559042512146],[123.067672741378857,11.503559085174375],[123.067672784577454,11.5037399590602],[123.067856179568125,11.50373991639726],[123.067856222884487,11.503920790280153],[123.068039617991417,11.503920747501128],[123.068039574557986,11.503739873618946],[123.068222969547136,11.503739830725168],[123.068222925997262,11.503558956841387],[123.068222882448097,11.503378082955384],[123.068039487693156,11.50337812584783],[123.067856092937419,11.503378168624812],[123.067856136252374,11.503559042512146]]],[[[123.067856266201659,11.504101664160826],[123.067856222884487,11.503920790280153],[123.06767282777686,11.503920832943804],[123.067672784577454,11.5037399590602],[123.067489389586171,11.503740001607587],[123.067489432668509,11.503920875491902],[123.067489475751472,11.504101749373907],[123.067489518835231,11.504282623253692],[123.067672914177791,11.504282580704173],[123.067672870976963,11.504101706825098],[123.067856266201659,11.504101664160826]]],[[[123.066755937457899,11.50428279229696],[123.066755894842387,11.504101918414422],[123.066939290070721,11.504101876327466],[123.066939247338951,11.503921002443418],[123.067122642449519,11.503920960241709],[123.06712259960139,11.503740086356062],[123.067122556753972,11.503559212468195],[123.066939161877542,11.503559254668572],[123.066755767000387,11.503559296753396],[123.066572372122607,11.503559338722846],[123.066388977244046,11.503559380576833],[123.066205582364759,11.503559422315357],[123.066205624626775,11.503740296206599],[123.066205666889587,11.50392117009571],[123.066022271775466,11.503921211720103],[123.065838876660649,11.503921253229032],[123.065838918690048,11.504102127117077],[123.065655523457451,11.504102168511254],[123.06547212822413,11.504102209789968],[123.065288732990112,11.50410225095313],[123.065288691311991,11.503921377063042],[123.065105296194318,11.503921418110119],[123.065105337755384,11.504102292000917],[123.06510537931716,11.504283165889495],[123.065288774668957,11.504283124841086],[123.065288816348499,11.504463998726733],[123.065288858028765,11.50464487261007],[123.065288899709643,11.504825746491276],[123.065288941391316,11.505006620370173],[123.065288983073629,11.505187494246849],[123.065472379010103,11.505187453079602],[123.065472337210736,11.505006579203636],[123.065655733029359,11.505006537921636],[123.065839128847358,11.505006496524084],[123.066022524664731,11.505006455011157],[123.066022482514725,11.504825581134925],[123.066205878214234,11.504825539507157],[123.066389273913046,11.504825497763926],[123.066389316297176,11.505006371638826],[123.066572712112333,11.505006329779421],[123.066572669611134,11.504825455905232],[123.066572627110645,11.504644582028734],[123.066756022690882,11.504644540055198],[123.066755980074035,11.504463666177189],[123.066572584610867,11.504463708150015],[123.066572542111786,11.504282834269075],[123.066755937457899,11.50428279229696]]],[[[123.061254233190894,11.505007496819131],[123.061070837355842,11.505007535329748],[123.060887441520165,11.50500757372499],[123.060887480392452,11.505188447616943],[123.061070876345184,11.505188409221168],[123.061070915335236,11.505369283110367],[123.061254311404412,11.505369244598507],[123.061254272297305,11.505188370709929],[123.061254233190894,11.505007496819131]]],[[[123.061437707472976,11.505369205971183],[123.061254311404412,11.505369244598507],[123.061254350512243,11.505550118484864],[123.061437746697862,11.50555007985683],[123.061437707472976,11.505369205971183]]],[[[123.061545258075967,11.521832798618048],[123.061559643000066,11.521838434000609],[123.06158266300028,11.521849707000653],[123.061617191000295,11.521860978000609],[123.061624694199423,11.521864652511704],[123.061624686363473,11.521828681585289],[123.061536191775289,11.521828700320524],[123.061545258075967,11.521832798618048]]],[[[123.063424282000071,11.523129306000568],[123.063447303000203,11.523146217000635],[123.063459051364262,11.52315542307103],[123.06345903767432,11.523094402902201],[123.063388664199891,11.523094418248769],[123.06340701600007,11.523112393000678],[123.063424282000071,11.523129306000568]]],[[[123.064137936000236,11.523704302000537],[123.064155202000236,11.523721215000515],[123.064201231970216,11.523746574349181],[123.064206998000088,11.523749398000538],[123.064216606834975,11.523755044756223],[123.064247274156628,11.523771940169825],[123.064258793000192,11.523777581000649],[123.064277981155797,11.523788857442741],[123.06429332668074,11.523797311685735],[123.064310588000041,11.523805765000672],[123.064339364000205,11.52382267500065],[123.064362384000333,11.523833948000606],[123.064396913000166,11.523845219000561],[123.064414177000174,11.523850855000495],[123.064435750859943,11.523859306105555],[123.064460226476939,11.523867765757201],[123.064477481000083,11.523873398000495],[123.064512010000101,11.523884669000628],[123.064533596785168,11.523893125168749],[123.064558049000269,11.523901577000606],[123.064559667440932,11.52390252781692],[123.064559648068169,11.52381765531536],[123.064376240057967,11.523817695972705],[123.064376198890002,11.523636822323846],[123.06419279099633,11.52363686286475],[123.06406335806156,11.523636891405387],[123.064068871000117,11.523642291000646],[123.064091893000239,11.523664841000558],[123.064109159000253,11.523681753000536],[123.064137936000236,11.523704302000537]]],[[[123.064753737000117,11.524081975000611],[123.064771005000125,11.524104526000523],[123.06478251900019,11.524127078000523],[123.06479978500019,11.524143990000502],[123.064811299000439,11.524166543000502],[123.064834321000205,11.524189093000592],[123.064851589000128,11.524211644000593],[123.0648631010001,11.524222919000549],[123.064891879000271,11.52425110600066],[123.064903390000154,11.524262382000527],[123.064932167000137,11.524284931000528],[123.064960946000113,11.524318757000662],[123.065052417000132,11.524361482000556],[123.065078744000274,11.524361477000644],[123.065105068000321,11.524342125000642],[123.065109992582038,11.524340917846976],[123.065109955371184,11.524179279935209],[123.064926547128366,11.524179320940897],[123.064926505607175,11.523998447298434],[123.064743097480985,11.52399848818777],[123.06468981763733,11.52399850004433],[123.064701933000094,11.524014322000609],[123.064713446000241,11.524031235000676],[123.064736468000191,11.524053785000588],[123.064745781983646,11.524068989192715],[123.064753737000117,11.524081975000611]]],[[[123.065401265000133,11.52444525700056],[123.0654341770001,11.524464598000561],[123.065460508000157,11.524483940000474],[123.065486837000194,11.524496833000653],[123.065519748000085,11.524509725000653],[123.065539493000287,11.524509722000564],[123.065578985000187,11.524516164000564],[123.065592150000114,11.524522610000565],[123.06563164100028,11.524529052000565],[123.065660263278602,11.524537459890061],[123.065660222086308,11.52436002986188],[123.065476813728381,11.524360071215201],[123.065293405369758,11.524360112452792],[123.065267360726779,11.524360118299315],[123.065269615000076,11.524361443000641],[123.065295945000216,11.524380785000554],[123.065322274000167,11.524393679000555],[123.065348605000125,11.524413021000646],[123.065374936000083,11.524432363000647],[123.065401265000133,11.52444525700056]]],[[[123.075931428889518,11.525623644580696],[123.075931380324278,11.525442770999161],[123.075931331759932,11.525261897415406],[123.075931283196283,11.525081023829431],[123.07574787441169,11.525081071663523],[123.075747825966175,11.524900198074528],[123.075564417298011,11.52490024579218],[123.075381008628952,11.524900293394102],[123.075197599959097,11.524900340880384],[123.075014191288545,11.524900388250936],[123.075014143313055,11.524719514656612],[123.074830734758933,11.524719561910812],[123.074830686901478,11.524538688313468],[123.074830639045004,11.524357814713904],[123.074647230724651,11.524357861850865],[123.074463822403501,11.524357908872096],[123.074463774782302,11.524177035268801],[123.074280366577682,11.524177082173681],[123.074280319074518,11.523996208567278],[123.074280271572249,11.523815334958742],[123.074096863601397,11.523815381746383],[123.073913455629736,11.523815428418382],[123.07391350289744,11.523996302028516],[123.073730094807743,11.523996348585586],[123.073730141959004,11.52417722219421],[123.073546733751101,11.524177268636349],[123.073546780785833,11.524358142243374],[123.073363372459966,11.524358188570671],[123.073363419378168,11.524539062176276],[123.07318001093418,11.524539108388554],[123.073180057735854,11.524719981992648],[123.072996649173831,11.524720028089996],[123.072813240611012,11.524720074071704],[123.072629832047383,11.52472011993777],[123.072446423482958,11.524720165688107],[123.072263014917738,11.524720211322803],[123.072079606351792,11.524720256841769],[123.071896197785065,11.524720302245095],[123.071712789217528,11.52472034753278],[123.071529380649281,11.524720392704735],[123.071529426396069,11.524901266313181],[123.071346017709786,11.524901311370206],[123.071162609022707,11.524901356311501],[123.070979200334818,11.524901401137155],[123.070979245730427,11.525082274745602],[123.070795836924503,11.525082319456237],[123.070612428117869,11.52508236405132],[123.070429019310438,11.525082408530585],[123.07042906435494,11.525263282138942],[123.070245655429389,11.525263326503277],[123.070062246503113,11.52526337075197],[123.069878837576141,11.525263414885023],[123.069695428648359,11.525263458902346],[123.069695473224428,11.525444332511148],[123.06951206417861,11.525444376413541],[123.069328655132082,11.525444420200204],[123.069145246084759,11.525444463871137],[123.068961837036724,11.52544450742643],[123.068778427987979,11.525444550866082],[123.06859501893851,11.525444594190004],[123.068411609888258,11.525444637398286],[123.068228200837282,11.525444680490837],[123.06804479178561,11.525444723467659],[123.067861382733128,11.525444766328841],[123.067861339330165,11.525263892713022],[123.067677930394296,11.525263935457764],[123.067677887109284,11.525083061839014],[123.06749447829003,11.525083104467404],[123.067311069469994,11.525083146980153],[123.067127660649334,11.525083189377261],[123.066944251827863,11.525083231658639],[123.066944209012775,11.524902358034828],[123.066760800307932,11.524902400199943],[123.066760757610979,11.524721526573201],[123.066577349022666,11.524721568621876],[123.066393940433727,11.524721610554911],[123.066393897971949,11.524540736924527],[123.066210489499539,11.52454077874121],[123.066027081026419,11.524540820442164],[123.065843672552589,11.524540862027477],[123.065671976792856,11.524540900851887],[123.065697462000301,11.524548387000655],[123.065730372000189,11.524554830000566],[123.065756700000236,11.524561275000655],[123.065796204691935,11.524568793764756],[123.065829101000276,11.524574160000478],[123.06584554866653,11.524578185705492],[123.065914676049005,11.524591343143387],[123.065927831000266,11.524593489000656],[123.065960741000069,11.524599932000568],[123.065993650000294,11.524606375000657],[123.066019977000167,11.524606370000567],[123.066052886000136,11.524606364000567],[123.06609237500021,11.524599908000566],[123.066131865000273,11.524599900000565],[123.066164775000161,11.524606343000565],[123.066191103000378,11.524612788000566],[123.066217432000073,11.524625681000655],[123.066243760000205,11.524632125000656],[123.066276674000179,11.524657915000658],[123.066296422000121,11.52467081000057],[123.066322752000261,11.524690152000572],[123.066342501000037,11.524709495000485],[123.06635566900006,11.524735289000487],[123.066368839000347,11.524767532000491],[123.066382007000186,11.524793325000671],[123.066388594000117,11.524819120000496],[123.066395182000122,11.524851364000588],[123.066401767000229,11.524870710000501],[123.066408355000149,11.524902954000593],[123.066408361000242,11.524935199000508],[123.066414949000347,11.524967443000511],[123.066414954000081,11.524993239000514],[123.066421541000267,11.525019034000517],[123.066441291000118,11.525044826000608],[123.066467622000175,11.525064168000521],[123.066487368000111,11.52507061400061],[123.066513698000165,11.525083507000522],[123.0665400270003,11.525096400000612],[123.066566355000163,11.525102844000612],[123.066651924000141,11.525135074000525],[123.06667825400028,11.525154416000616],[123.06671775000008,11.525180205000529],[123.066763833000167,11.525238238000535],[123.06679675100014,11.52528337500045],[123.066823083000088,11.52530916600063],[123.066941568000388,11.525380084000547],[123.066987644000122,11.525399422000637],[123.066994217192772,11.525402641187243],[123.067046885000138,11.52542520700055],[123.067086379000116,11.525444547000552],[123.067119290000093,11.525457439000553],[123.067165365000164,11.525470329000465],[123.067198275000138,11.525476772000642],[123.067231185000281,11.525483215000554],[123.067270675000088,11.525483207000553],[123.067303584000328,11.525483201000553],[123.067329911000286,11.525483196000641],[123.067369403000086,11.525489638000552],[123.067395731000218,11.525496082000641],[123.067441805000129,11.525502523000553],[123.067461550000246,11.525502519000552],[123.067494459000216,11.525502513000552],[123.067533950000197,11.525502506000551],[123.067566857000173,11.525496050000639],[123.067599765000409,11.525489595000549],[123.067619510000171,11.525489592000637],[123.067652418000407,11.525483136000636],[123.067685327000291,11.525483130000547],[123.067718236000346,11.525483124000635],[123.067751146000148,11.525489567000458],[123.067784057000381,11.525502459000547],[123.067823549000266,11.525508901000459],[123.067849879000136,11.525521794000637],[123.067889372000295,11.525534685000549],[123.067928866000187,11.52554757500055],[123.067961776000246,11.525554018000639],[123.067994687000223,11.525566910000551],[123.068037458380431,11.52557657302995],[123.068053926000232,11.525579797000551],[123.068080255000368,11.525586242000641],[123.06811316500017,11.525592684000552],[123.068146075000129,11.525599127000552],[123.068172407000276,11.525618470000643],[123.068205320000146,11.525637811000555],[123.068238233000301,11.525657152000646],[123.068264562000252,11.525670045000558],[123.068297473000229,11.525676488000647],[123.06833038500028,11.525689380000648],[123.06836987700018,11.525695822000648],[123.068409370000069,11.525708712000649],[123.068422534000177,11.525708710000648],[123.068462025000073,11.525708703000559],[123.068488354000124,11.525715147000559],[123.068521263000264,11.52571514100047],[123.068541010000217,11.525721586000648],[123.068567337000175,11.525721581000559],[123.068600249000227,11.52573447300056],[123.068626579000096,11.525747366000649],[123.068659492000251,11.525766707000562],[123.068679241000368,11.525779602000652],[123.068718737000268,11.525805391000565],[123.068745070000134,11.525831182000656],[123.068777983000189,11.525850524000569],[123.068804316000154,11.525876315000572],[123.068830647000112,11.525895657000573],[123.068856980000248,11.525921449000576],[123.068870145000176,11.525927896000665],[123.068889895000211,11.525947239000489],[123.068962300000251,11.525966573000579],[123.069037021000312,11.525954178000442],[123.069063347000181,11.525947724000529],[123.069089676000232,11.52595416800053],[123.069173042577958,11.525936954600935],[123.069181819000391,11.525934803000615],[123.069214727000087,11.525928348000525],[123.069247637000331,11.525928341000613],[123.069293709000235,11.525921884000523],[123.069306873000258,11.525921881000611],[123.069352946000421,11.525921872000522],[123.06936611000009,11.525921870000522],[123.069412183000267,11.525921861000521],[123.069425347000291,11.525921858000432],[123.069464838000187,11.525921851000609],[123.069484584000122,11.525921847000609],[123.069537239000127,11.525921837000608],[123.069563567000088,11.525928280000697],[123.06958989500022,11.525928275000608],[123.069635969000132,11.52593471600043],[123.069682042000125,11.525934707000518],[123.069714953000087,11.525941149000607],[123.069741279000141,11.525934695000606],[123.069761025000091,11.525934691000606],[123.06979393400006,11.525934685000605],[123.069813679000177,11.525934681000516],[123.069853170000158,11.525934673000604],[123.069866334000096,11.525934671000604],[123.06991240700026,11.525934662000425],[123.069932153000209,11.525934658000514],[123.069978225000199,11.525934649000602],[123.069991389000222,11.525934646000513],[123.070037459000304,11.5259217390006],[123.070050623000157,11.5259217370006],[123.070096694000142,11.525915279000598],[123.070123022000104,11.525915273000598],[123.070149349000147,11.525915268000686],[123.070195422000239,11.525915259000596],[123.070248075000237,11.525908800000506],[123.070267820000097,11.525908796000683],[123.070313893000176,11.525908787000594],[123.070346801000056,11.525902332000415],[123.070366546000272,11.525902328000504],[123.07039287300023,11.525902322000414],[123.070412619000265,11.525902319000503],[123.070452111000066,11.525908760000503],[123.070485020000305,11.525908753000502],[123.070491602000132,11.525908752000502],[123.070531092000209,11.525908744000501],[123.070564003000172,11.525915187000502],[123.070590332000137,11.525928080000503],[123.070623244000188,11.525940971000503],[123.07066273900017,11.525960311000594],[123.070695650000147,11.525973202000417],[123.070735147000121,11.525998990000685],[123.070754896000253,11.526018334000687],[123.070768065000095,11.526044127000601],[123.070787817000223,11.526076368000693],[123.070794405000228,11.526108612000519],[123.070814157000271,11.52614085300061],[123.070833908000395,11.526166646000524],[123.070853660000068,11.526198887000616],[123.070873412000282,11.526231128000441],[123.070893164000054,11.526263369000533],[123.070912913000086,11.526282712000446],[123.070939243000311,11.526295605000625],[123.070965574000269,11.526314947000627],[123.071011650000088,11.526327836000538],[123.071057726000262,11.526347174000451],[123.071097219000421,11.526360064000452],[123.071123548000116,11.526366508000541],[123.071163040000272,11.526372949000629],[123.071189367000144,11.52637294400054],[123.071235441000312,11.526379383000629],[123.071294677000324,11.526379371000628],[123.071321005000286,11.526385815000628],[123.071360496000082,11.526385807000628],[123.071386823000225,11.526385802000538],[123.071419732000194,11.526385795000627],[123.071459222000257,11.526385787000626],[123.071492131000227,11.526385781000537],[123.071525040000196,11.526385774000536],[123.071564529000099,11.526379317000623],[123.071590856000142,11.526379312000534],[123.071617183000271,11.526379306000534],[123.071650091000066,11.526372851000621],[123.071696162000151,11.526366392000531],[123.071761975000172,11.526347032000528],[123.071814628000183,11.526340572000526],[123.0718343730003,11.526340568000526],[123.071880444000115,11.526334110000525],[123.071893608000323,11.526334107000613],[123.071939680000227,11.526334098000524],[123.071979170000205,11.526334090000523],[123.072018661000101,11.526334082000433],[123.072077899000121,11.526346968000523],[123.072117393000269,11.526359858000523],[123.072150304000246,11.526372749000613],[123.072176634000115,11.526385642000525],[123.072202967000251,11.526411433000616],[123.072222716000113,11.526430776000529],[123.072242465000144,11.52645011900062],[123.072262217000173,11.526482360000534],[123.072281968000297,11.526508152000536],[123.072301719000251,11.526533944000539],[123.072328050000209,11.52655328600054],[123.072341216000225,11.52656618100063],[123.07237412900011,11.526585521000632],[123.072407041000076,11.526598413000633],[123.07243995100032,11.526604855000633],[123.072479442000116,11.526604847000632],[123.072499187000247,11.526604843000632],[123.072584747000306,11.526591927000629],[123.072637399000314,11.526579019000538],[123.072676889000206,11.526579011000626],[123.072703215000246,11.526572556000447],[123.072729542000388,11.526572551000625],[123.072755869000076,11.526572545000624],[123.072801940000161,11.526566087000623],[123.072834849000131,11.526566080000533],[123.072880920000301,11.526559622000532],[123.072913829000271,11.52655961500062],[123.072946736000233,11.526553159000619],[123.072999389000245,11.526546699000617],[123.073032298000214,11.526546692000439],[123.073071789000196,11.526546684000527],[123.073104696000158,11.526540228000526],[123.073157350000258,11.526540218000525],[123.073190259000228,11.526540211000613],[123.073223168000197,11.526540204000524],[123.073269241000105,11.526540194000523],[123.073302151000064,11.526546637000612],[123.073328478000207,11.526546631000523],[123.073374552000104,11.526553071000611],[123.073400881000154,11.526559514000523],[123.073427209000286,11.526565958000523],[123.073460118000256,11.526565951000611],[123.073486447000221,11.526572395000612],[123.073512774000093,11.526572389000611],[123.073565430000087,11.526578827000611],[123.073585175000304,11.526578823000611],[123.0736312490003,11.52658526300061],[123.073644413000054,11.526585260000521],[123.07368390400012,11.526585252000698],[123.07371681300009,11.526585245000609],[123.073743140000232,11.52658524000052],[123.07377605100011,11.52659168200052],[123.073802378000153,11.526591676000519],[123.073835288000311,11.526598119000608],[123.073868198000099,11.526598112000519],[123.073894525000142,11.52659810600043],[123.073920852000185,11.526598101000607],[123.073947179000058,11.526598095000606],[123.073980087000209,11.526591639000605],[123.074019575000278,11.526578733000603],[123.074045900000144,11.526565829000601],[123.074078805000198,11.52654647500051],[123.074109394061708,11.526528482638154],[123.074097574459884,11.526528485650589],[123.074097527063742,11.526347612072696],[123.073914117449846,11.526347658755265],[123.073730707835153,11.526347705322104],[123.07373066067457,11.526166831740392],[123.073547251176407,11.526166878190791],[123.07354720413376,11.525986004606237],[123.073730613514599,11.525985958156548],[123.073730566355437,11.525805084570395],[123.07391397561824,11.525805038005865],[123.074097384880147,11.525804991325517],[123.074097337487217,11.525624117738653],[123.074280746631089,11.525624070943463],[123.074464155774066,11.525624024032544],[123.074647564916347,11.525623977005983],[123.074830974057733,11.525623929863693],[123.074831021919977,11.525804803447537],[123.075014431177891,11.525804756188807],[123.075197840435095,11.525804708814436],[123.075381249691418,11.525804661324335],[123.075381297906361,11.525985534903649],[123.075564707279199,11.525985487297108],[123.075748116651241,11.525985439574837],[123.075931526022401,11.525985391736926],[123.076114935392852,11.525985343783374],[123.076298344762407,11.525985295714003],[123.076481754131251,11.525985247528991],[123.076665163499214,11.525985199228339],[123.076848572866282,11.525985150811957],[123.077031982232654,11.525985102279934],[123.07703193296193,11.525804228707548],[123.077215342210067,11.525804180060595],[123.077215292822913,11.525623306486787],[123.077031883692001,11.525623355132941],[123.076848474560308,11.525623403663454],[123.076848523712897,11.52580427723886],[123.076665114463069,11.525804325654443],[123.07648170521243,11.525804373954296],[123.076298295960996,11.525804422138597],[123.07611488670868,11.525804470207079],[123.076114838025319,11.525623596628565],[123.075931428889518,11.525623644580696]]],[[[123.07739855344434,11.52508063699238],[123.077215144666226,11.525080685751865],[123.077215194050993,11.525261559332423],[123.077215243436555,11.525442432910671],[123.077215292822913,11.525623306486787],[123.07739870195293,11.525623257724904],[123.077398652449233,11.525442384149587],[123.077582061461129,11.525442335272862],[123.077765470472215,11.525442286280407],[123.077765420734764,11.525261412704468],[123.077582011841002,11.525261461696124],[123.077581962221672,11.525080588117165],[123.077581912603222,11.524899714535897],[123.077398503943229,11.524899763410312],[123.07739855344434,11.52508063699238]]],[[[123.074647803648759,11.52652834490655],[123.074464393919925,11.52652839193693],[123.074350033660977,11.526528421202942],[123.074361823000174,11.526539967000504],[123.074388157000215,11.526572207000507],[123.074407910000161,11.52660444800051],[123.074421081000281,11.526636691000602],[123.074440833000139,11.526668932000517],[123.074454004000074,11.52670117400052],[123.074467172000098,11.526720519000522],[123.074493504000145,11.526739861000612],[123.074526418000204,11.526759201000614],[123.074552747000155,11.526765644000525],[123.074572494000279,11.526772089000614],[123.074611988000356,11.526784979000615],[123.074631734000207,11.526784975000615],[123.074671225000188,11.526784967000614],[123.074690972000226,11.526791412000525],[123.074737046000223,11.526791402000525],[123.074756791000084,11.526791398000436],[123.074802865000251,11.526791388000523],[123.074822610000112,11.526791384000523],[123.074875269000202,11.526804271000612],[123.074895014000148,11.526804267000612],[123.074941089000134,11.526810707000612],[123.074980582000208,11.526817147000523],[123.07500691000017,11.526817142000523],[123.075033242000217,11.526836484000436],[123.075052993000156,11.526862276000527],[123.075066163000187,11.526888069000618],[123.075079334000122,11.526920312000444],[123.075099101000333,11.527010595000631],[123.075099110000338,11.527049290000546],[123.07510569600008,11.527068636000548],[123.075118869000278,11.527107327000641],[123.075138622000225,11.527139569000644],[123.075158374000083,11.527165361000558],[123.07518470600013,11.527184703000648],[123.075224202000115,11.527204042000561],[123.075257116000358,11.527223382000562],[123.075349269000156,11.527242711000651],[123.075382179000215,11.527242704000562],[123.07540192500025,11.527242700000562],[123.07543483400022,11.52724269300065],[123.075474328000112,11.527249134000472],[123.075540152000229,11.527268467000651],[123.075566482000283,11.527274911000651],[123.075619141000288,11.527287798000563],[123.075671802000286,11.527307135000653],[123.075711298000186,11.527326474000565],[123.075748482395298,11.527350750847942],[123.075748455820744,11.527251554556406],[123.075748407365538,11.527070680994411],[123.075564997289618,11.527070728721212],[123.075564948952461,11.526889855156197],[123.075381538993057,11.526889902766557],[123.075198129032771,11.526889950261188],[123.075198080931159,11.526709076692354],[123.075014671087402,11.526709124070633],[123.074831261242934,11.526709171333094],[123.074831213376697,11.52652829776053],[123.074647803648759,11.52652834490655]]],[[[123.076849359432828,11.528879127676506],[123.076849408600253,11.5290600012115],[123.076665997238521,11.529060049641116],[123.076482585875979,11.529060097955002],[123.076482634809537,11.529240971489285],[123.076299223328789,11.529241019688241],[123.076115811847316,11.529241067771467],[123.076115763148493,11.529060194235674],[123.075932351783464,11.52906024220246],[123.07574894041764,11.529060290053428],[123.075565529051005,11.529060337788755],[123.075565480705052,11.528879464248432],[123.075565432359824,11.528698590705799],[123.075748843491795,11.528698542972071],[123.075748795030023,11.528517669427929],[123.075748746569147,11.528336795881566],[123.075932157465573,11.528336748033619],[123.075932108888153,11.528155874485835],[123.076115519666459,11.528155826522957],[123.076115470972525,11.527974952973663],[123.076115422279386,11.527794079422149],[123.075932011735745,11.527794127383517],[123.075931963160727,11.527613253828983],[123.075931914586519,11.52743238027214],[123.075811468187169,11.527432411704597],[123.075816638000191,11.527442537000665],[123.07582981000013,11.527474779000668],[123.07584298100015,11.527507023000672],[123.075856153000359,11.527539266000586],[123.075862746000283,11.527584408000591],[123.075869338000288,11.527629551000684],[123.075869349000115,11.527674695000512],[123.075875939000127,11.527706939000515],[123.075875950000125,11.527752083000431],[123.075875962000126,11.527803677000437],[123.075882550000145,11.527829472000617],[123.075889144000072,11.527881064000622],[123.075895731000259,11.527900410000624],[123.075908908000187,11.527952001000452],[123.07592208100013,11.527990693000545],[123.075935267000148,11.528080979000466],[123.075935275000063,11.528113225000558],[123.07591553600021,11.528145475000562],[123.075895796000083,11.528171276000476],[123.075876054000318,11.528190627000567],[123.075856311000109,11.528203529000569],[123.075816823000295,11.528222885000572],[123.075790498000075,11.528235789000574],[123.075757591000112,11.528248694000665],[123.075737846000251,11.528255147000577],[123.075698357000263,11.528268053000579],[123.07566545100012,11.528287407000581],[123.075639126000254,11.528300311000494],[123.075606222000289,11.528326114000498],[123.075586482000162,11.52835191500059],[123.075560160000109,11.528377717000504],[123.075540418000259,11.528397069000595],[123.075514096000205,11.528422871000599],[123.075494354000085,11.528442222000512],[123.075474611000232,11.528455124000514],[123.075448289000178,11.528480927000606],[123.075428548000147,11.52850027800052],[123.075408808000205,11.528526079000612],[123.075382486000152,11.528551881000615],[123.075369325000139,11.528564782000528],[123.075336419000166,11.528584136000442],[123.075303514000197,11.528603490000533],[123.075277190000151,11.528622843000624],[123.075244283000174,11.528635748000537],[123.075217960000217,11.528655101000629],[123.075185052000165,11.528668006000542],[123.075165311000134,11.528687357000633],[123.075145571000178,11.528713158000548],[123.07514857200016,11.528818598000479],[123.075155160000179,11.528844393000659],[123.075168329000107,11.528870186000573],[123.075188079000242,11.528889529000486],[123.075214411000104,11.528908871000665],[123.075234158000143,11.528915315000665],[123.075267071000283,11.528934655000667],[123.075299983000079,11.528947546000579],[123.075352643000258,11.528973331000492],[123.075372390000211,11.528979776000581],[123.075418467000119,11.528999113000671],[123.075457963000275,11.529018452000495],[123.075484296000226,11.529044242000586],[123.075510630000196,11.529076482000589],[123.075536963000147,11.529102272000591],[123.075556714000101,11.529128064000593],[123.075576466000214,11.529153856000596],[123.075609381000106,11.529179645000509],[123.075615965000196,11.529192541000421],[123.075648880000259,11.529218330000601],[123.075668630000209,11.529237673000603],[123.075694963000075,11.529263464000605],[123.075727875000226,11.529276355000517],[123.075754205000266,11.529289247000518],[123.075787119000154,11.529308587000431],[123.075820030000116,11.52931502900052],[123.075846360000256,11.529327921000521],[123.075892435000071,11.529340809000699],[123.075905601000102,11.52934725600061],[123.075945094000161,11.529360145000433],[123.075971423000126,11.529366588000611],[123.075997752000262,11.529373032000612],[123.076037246000155,11.529385921000523],[123.076063573000113,11.529385916000612],[123.076089902000248,11.529392359000523],[123.076103067000176,11.529398805000524],[123.076149141000258,11.529405244000523],[123.076168888000126,11.529411689000524],[123.076221545000124,11.529418127000524],[123.076241292000162,11.529424571000524],[123.076274202000221,11.529431013000524],[123.076320277000207,11.529437452000613],[123.076342208010203,11.529441744907443],[123.076427282746693,11.529455170853398],[123.076438754000066,11.529456774000524],[123.076478247000139,11.529463214000524],[123.076511157000198,11.529469656000613],[123.076550651000176,11.529482545000524],[123.076590145000154,11.529495435000436],[123.076623058000308,11.529508326000526],[123.076662552000201,11.529521215000527],[123.076695464000252,11.529534106000616],[123.076734960000152,11.529553445000529],[123.076767873000293,11.52957278500053],[123.076794205000169,11.529592126000621],[123.076827119000143,11.529611466000622],[123.07685345100009,11.529630808000624],[123.076866618000295,11.529643703000536],[123.07689953100018,11.529663043000538],[123.076932445000153,11.529682383000539],[123.076958777000286,11.529701724000629],[123.076991692000433,11.529727513000543],[123.077018026000033,11.529753304000545],[123.077044358000165,11.529772645000547],[123.077064108000116,11.529791988000548],[123.077083858000236,11.52981133100055],[123.077103608000101,11.529830674000641],[123.07712335900014,11.529850017000554],[123.077149691000272,11.529869358000644],[123.077169442000212,11.529895150000646],[123.07719577300017,11.529908042000647],[123.07722210600005,11.529933833000561],[123.077248438000183,11.529953174000562],[123.077274771000049,11.529972516000653],[123.077307686000111,11.529998305000566],[123.07734060000017,11.530017645000568],[123.07737351700014,11.53004988300057],[123.077386683000157,11.53005633000066],[123.077399918348974,11.530066699936592],[123.077399890290096,11.529964222857503],[123.077399840766503,11.529783349336187],[123.077216428937845,11.5297833981161],[123.077216379532473,11.529602524591676],[123.077032967820344,11.529602573255149],[123.077032918533106,11.529421699727704],[123.07703286924675,11.529240826198039],[123.077032819961119,11.529059952666154],[123.077032770676354,11.52887907913196],[123.076849359432828,11.528879127676506]]],[[[123.077484268119704,11.530145073909237],[123.077485433000163,11.530146595000579],[123.077511766000114,11.53017238600067],[123.077524935000227,11.530191730000672],[123.0775512700001,11.530223970000675],[123.077571022000228,11.5302497620005],[123.077583387263346,11.530273978369232],[123.077583351877081,11.530145047479357],[123.077484268119704,11.530145073909237]]],[[[123.077742219000086,11.530527036000526],[123.077748805000283,11.530546382000528],[123.077761978000211,11.530585074000532],[123.077766890300467,11.530604307258807],[123.077766863459544,11.530506745494717],[123.07776681369873,11.530325871981661],[123.077629022886185,11.530325908814776],[123.077630278000072,11.530327138000684],[123.077643448000174,11.530352932000509],[123.077669782000228,11.530378723000601],[123.077682950000252,11.530398067000514],[123.077709287000118,11.530436756000517],[123.077722460000061,11.530475448000432],[123.077735630000262,11.530501241000612],[123.077742219000086,11.530527036000526]]],[[[123.077808091000122,11.530746292000549],[123.077821262000057,11.530778535000641],[123.077841016000178,11.530810776000555],[123.077867350000233,11.530836567000646],[123.077893683000099,11.530855909000648],[123.077926601000243,11.530888148000562],[123.077939768000178,11.530901043000652],[123.07801218400013,11.530959070000479],[123.078038518000184,11.530984861000659],[123.078071434000151,11.531010651000395],[123.078084600000082,11.531017097000662],[123.078176765000165,11.531088018000579],[123.078209680000313,11.531107359000403],[123.078236013000094,11.531126701000671],[123.078262346000145,11.531146043000406],[123.078288679000366,11.531165385000675],[123.078315013000235,11.531191176000588],[123.07831729063885,11.531193406331264],[123.078317250687419,11.531049218275191],[123.078133838041381,11.53104926763926],[123.078133788043417,11.530868394134552],[123.077950375513893,11.530868443382181],[123.077950325634063,11.530687569874454],[123.077786883307184,11.530687613661739],[123.077788332000267,11.530694703000632],[123.077794919000183,11.530714049000634],[123.077808091000122,11.530746292000549]]],[[[123.078867690498754,11.531772563471909],[123.078867640027923,11.53159168997937],[123.078684227032298,11.531591739693114],[123.078684176679687,11.531410866197556],[123.078500763800662,11.531410915794771],[123.078500713566186,11.531230042296103],[123.078349746681681,11.531230083032051],[123.078354517000307,11.531236312000592],[123.078374268000246,11.531255655000505],[123.078387437000103,11.531275000000596],[123.078413776000147,11.531320139000423],[123.078477473000348,11.531396341000599],[123.078484061000097,11.531422136000513],[123.078490649000116,11.531447931000605],[123.078497237000121,11.531473725000607],[123.078510407000238,11.53149951900061],[123.078516994000154,11.531525313000524],[123.078530164000185,11.531551106000526],[123.078549914000391,11.531570449000617],[123.078569663000167,11.531583343000618],[123.078595997000122,11.53160913300062],[123.078622329000254,11.531628474000533],[123.078648662000134,11.531654264000535],[123.078668416000255,11.531686505000627],[123.078688167000195,11.531712297000629],[123.07870792100023,11.531744538000543],[123.078734254000196,11.531770328000546],[123.078767170000162,11.531796116000548],[123.078793503000213,11.531821907000639],[123.078813254000067,11.531841249000641],[123.078833005000277,11.531867041000643],[123.078852754000138,11.531879935000555],[123.078872506000266,11.531905726000558],[123.07890542000014,11.531925066000559],[123.07892517000009,11.531944408000561],[123.078958084000419,11.531963748000562],[123.078984416000111,11.531983089000652],[123.079017332000078,11.532008878000566],[123.079037081000109,11.532021771000656],[123.079063414000245,11.532047561000658],[123.0790897480003,11.532073352000571],[123.079109500000158,11.532099143000663],[123.079135837000294,11.532137831000666],[123.07915559100006,11.53217652100067],[123.07917534600027,11.532215211000674],[123.079201682000146,11.532247450000588],[123.079228015000098,11.53227324000059],[123.079254347000145,11.532292581000503],[123.079287262000292,11.532311921000504],[123.079326758000192,11.532331259000506],[123.07936625200017,11.532344148000595],[123.079385999000209,11.532350592000595],[123.079425496000184,11.532369930000508],[123.079458408000249,11.532382821000509],[123.079484741000201,11.532402162000599],[123.079511074000081,11.532427952000601],[123.079530825000106,11.532447294000603],[123.079550578000237,11.532479535000428],[123.079557166000342,11.532505330000609],[123.079563754000432,11.532531124000611],[123.079570344000274,11.532563368000615],[123.079576930000101,11.532582714000617],[123.079583518000121,11.532608508000619],[123.079596688000137,11.532634301000533],[123.079603270888512,11.532650414383783],[123.079623030000192,11.532692336000627],[123.079642784000228,11.532724577000542],[123.079662536000171,11.532750369000544],[123.079695451000234,11.532776157000546],[123.079715203000262,11.532801949000548],[123.079741536000228,11.532821290000639],[123.079761286000078,11.532840633000463],[123.079774452000109,11.532847079000552],[123.079785062391522,11.532857469978319],[123.079785011352428,11.532676680571585],[123.07978496029034,11.532495807094323],[123.079601546712155,11.53249585739089],[123.079601495768372,11.532314983910519],[123.079418082306617,11.532315034090557],[123.07941803148114,11.532134160607166],[123.079234618135914,11.532134210670586],[123.079234567428657,11.531953337184175],[123.079051154199959,11.531953387131066],[123.079051103610922,11.531772513641547],[123.078867690498754,11.531772563471909]]],[[[123.079643008000247,11.533659687000641],[123.07961010100027,11.533672593000555],[123.079590355000235,11.533672598000555],[123.079557449000092,11.533685503000646],[123.079524544000208,11.53370485800056],[123.079498223000257,11.533737109000652],[123.079471903000211,11.533769360000568],[123.079465329000115,11.53380160700066],[123.079465335000194,11.533827403000485],[123.079458758000271,11.533846752000576],[123.079458766000101,11.533878997000668],[123.079471939000129,11.533917688000583],[123.079478527000134,11.533943483000497],[123.079485117000146,11.533975727000412],[123.079491707000159,11.534007971000504],[123.079498293000086,11.534027316000595],[123.079504881000275,11.534053111000508],[123.079511471000103,11.534085355000512],[123.079504894000365,11.534104704000603],[123.079491738000343,11.534136952000607],[123.079478580000313,11.534162751000432],[123.079465421000208,11.534182102000612],[123.079445679000088,11.534201453000525],[123.079419356000216,11.534220806000617],[123.079393033000258,11.534240160000619],[123.079366708000123,11.534253064000621],[123.079333803000154,11.534272418000624],[123.079314062000208,11.534291770000626],[123.079294320000088,11.534311122000629],[123.079274582000139,11.534343371000544],[123.079254844000104,11.534375621000548],[123.079235103000158,11.53439497300055],[123.079215361000124,11.534414325000553],[123.079211884851802,11.534416880708449],[123.07968761503777,11.534233114628385],[123.079785438858408,11.534190886113663],[123.079785419879428,11.53412366830886],[123.079785368810491,11.533942794849628],[123.079968783326962,11.533942744430759],[123.079968732141595,11.533761870970016],[123.079968680957023,11.533580997507054],[123.07980682621249,11.533581042003904],[123.079800958000163,11.533588712000542],[123.079774635000206,11.533608065000633],[123.079748312000163,11.533627418000547],[123.079728569000125,11.533640321000638],[123.079702242000081,11.53364677600055],[123.079675916000127,11.53365323100064],[123.079643008000247,11.533659687000641]]]]}},
{"type":"Feature","properties":{"fid":94,"HAZ":1.0,"layer":"Iloilo_StormSurge_SSA4","path":"/Users/jhannaroseverzo/Downloads/Iloilo/Iloilo_StormSurge_SSA4.shp","Risk Level":"Low","fid_2":251,"SYSTRA ID":"251","DAR ID":"204","Target Year":"2028","Bridge Category":"Original List","Bridge Name":"SAN PEDRO-SITIO MAMA BRIDGE","Coordinates Y":"11.492461","Coordinates X":"123.062131","Region":"VI","Province":"CAPIZ","ARC 2026":"5S","LINEAR METER IVF 2026":"20","EIRR 2026":"0.22","NEW/REPLACEMENT BRIDGE 2026":"new","Visited by SYSTRA":"No","Selected for 2nd Visit of SYSTRA":"No","Final Funder":"Trésor","2023 IVF URL":"","2026 IVF URL":"https://docs.google.com/spreadsheets/u/1/d/1gny0ZHsl1gMFE5kSFZCp-elRoHLKhlrT/edit"},"geometry":{"type":"MultiPolygon","coordinates":[[[[123.090509154134381,11.486595955882985],[123.090509211823161,11.486776829878766],[123.090325827903911,11.486776886720675],[123.090325885476702,11.486957760715123],[123.090325943050289,11.487138634707351],[123.090509327203307,11.487138577863577],[123.090509269512665,11.486957703872326],[123.090692653547904,11.486957646914155],[123.090692595741345,11.486776772921571],[123.090692537935851,11.486595898926678],[123.090509154134381,11.486595955882985]]],[[[123.09069271135526,11.487138520904518],[123.090509327203307,11.487138577863577],[123.090509384894858,11.487319451852697],[123.090692769163866,11.48731939489266],[123.09069271135526,11.487138520904518]]],[[[123.089043275714658,11.490394760977386],[123.089043332488174,11.490575634933466],[123.089226718869099,11.49057557887946],[123.089226661978699,11.490394704924357],[123.089043275714658,11.490394760977386]]],[[[123.088309730648902,11.490394984036291],[123.088126344380072,11.490395039512714],[123.088126400568981,11.490575913473323],[123.088309786954795,11.490575857995923],[123.088493173339629,11.490575802403326],[123.08849311691668,11.490394928444582],[123.088309730648902,11.490394984036291]]],[[[123.087759571839726,11.490395150119616],[123.087576185567954,11.490395205250094],[123.087576241406225,11.490576079213279],[123.087759627794796,11.490576024081912],[123.087759571839726,11.490395150119616]]],[[[123.087392966462204,11.490937882150844],[123.087576353085424,11.490937827132987],[123.087576297245377,11.490756953174243],[123.087576241406225,11.490576079213279],[123.087392855016773,11.490576134229359],[123.087392910738956,11.490757008191123],[123.087392966462204,11.490937882150844]]],[[[123.086475867918608,11.490395533610988],[123.086659254195879,11.49039547917249],[123.08684264047227,11.490395424618617],[123.086842695842734,11.490576298585443],[123.086842751214093,11.49075717254996],[123.086842806586503,11.490938046512257],[123.087026193212651,11.490937991840434],[123.087026137723441,11.490757117879026],[123.087026082235028,11.490576243915397],[123.087026026747509,11.490395369949459],[123.087209413022023,11.490395315165015],[123.087209357418502,11.490214441197745],[123.087209301816046,11.490033567228254],[123.087209246214485,11.489852693256543],[123.087209190613976,11.489671819282611],[123.087025804807169,11.489671874063502],[123.08702574932444,11.489491000086462],[123.087025693842506,11.489310126107201],[123.086842308268672,11.48931018077103],[123.086658922693857,11.489310235319573],[123.086475537118162,11.489310289752831],[123.086475592249343,11.489491163734757],[123.086475647381249,11.489672037714461],[123.086659033190799,11.489671983279516],[123.08665908844074,11.489852857256112],[123.086842474366208,11.489852802704904],[123.086842529733914,11.490033676678392],[123.086659143691477,11.490033731230488],[123.086659198943281,11.490214605202555],[123.086475812782979,11.490214659640253],[123.086292426621696,11.490214713962578],[123.086109040459533,11.490214768169528],[123.086108985558567,11.490033894194797],[123.085925599512478,11.490033948285573],[123.085925544729278,11.489853074307733],[123.085742158799192,11.489853128282336],[123.085742213465338,11.490034002261064],[123.085742268132535,11.490214876237571],[123.085742322800627,11.490395750211858],[123.08574237746943,11.490576624183925],[123.085742432139298,11.490757498153682],[123.085742486810233,11.490938372121219],[123.085742541481878,11.491119246086535],[123.085925928230509,11.491119192105804],[123.085925983020104,11.491300066068012],[123.085926037810495,11.491480940028],[123.08574265082801,11.491480994010418],[123.085742705502497,11.491661867968984],[123.085559318402147,11.491661921837006],[123.085559372960546,11.49184279579424],[123.085375985742346,11.491842849547774],[123.085192598523236,11.491842903185935],[123.085009211303159,11.49184295670881],[123.0850092655118,11.492023830666311],[123.085192652848761,11.492023777142636],[123.085192707175082,11.492204651097117],[123.085376094628216,11.49220459745718],[123.085559482080285,11.492204543701957],[123.085559427519925,11.492023669749164],[123.085742814854143,11.492023615879456],[123.085926202187551,11.492023561894372],[123.086109589519893,11.492023507794004],[123.08629297685134,11.492023453578172],[123.086476364181905,11.492023399247143],[123.086476309037835,11.491842525296482],[123.086292921824253,11.491842579626711],[123.086109534609676,11.491842633841655],[123.085926147394218,11.491842687941135],[123.085926092601966,11.491661813985678],[123.08610947970044,11.491661759886997],[123.086109424792099,11.491480885930207],[123.086109369884639,11.491300011971108],[123.08610931497816,11.491119138009788],[123.086109260072661,11.490938264046159],[123.086109205167958,11.490757390080399],[123.086109150264321,11.490576516112329],[123.086109095361394,11.490395642142039],[123.086292481640541,11.4903955879342],[123.086475867918608,11.490395533610988]]],[[[123.08922677576075,11.490756452832342],[123.089226832653196,11.490937326783003],[123.089410219267009,11.490937270611935],[123.089410162257579,11.490756396662162],[123.08922677576075,11.490756452832342]]],[[[123.090510538930118,11.490936931163555],[123.090510596641906,11.491117805105512],[123.090693983365938,11.491117748126291],[123.090693925537082,11.490936874185133],[123.090510538930118,11.490936931163555]]],[[[123.089410219267009,11.490937270611935],[123.089410276277306,11.491118144559488],[123.089593663007108,11.491118088272158],[123.089593605879827,11.490937214325493],[123.089410219267009,11.490937270611935]]],[[[123.087026248702841,11.491118865799622],[123.087209635444992,11.491118811011537],[123.087209579837918,11.490937937053326],[123.087026193212651,11.490937991840434],[123.087026248702841,11.491118865799622]]],[[[123.089593663007108,11.491118088272158],[123.089593720135369,11.491298962216513],[123.089593777264611,11.491479836158648],[123.089777164227371,11.491479779754167],[123.089777106981174,11.49129890581292],[123.089777049736114,11.491118031869453],[123.089593663007108,11.491118088272158]]],[[[123.087576408926623,11.49111870108951],[123.087393022186163,11.491118756108255],[123.087209635444992,11.491118811011537],[123.087209691053133,11.491299684967617],[123.087393077911273,11.491299630063358],[123.087393133637278,11.491480504016328],[123.087576520611336,11.491480448995807],[123.087576464768532,11.491299575043813],[123.087576408926623,11.49111870108951]]],[[[123.090510769783677,11.49166042691815],[123.090694156858447,11.491660369936087],[123.090694099026663,11.491479496001768],[123.090510712068777,11.491479552982943],[123.090510769783677,11.49166042691815]]],[[[123.089960608553156,11.491660597172361],[123.08996055118908,11.491479723234312],[123.089777164227371,11.491479779754167],[123.089777221474478,11.491660653693105],[123.089960608553156,11.491660597172361]]],[[[123.087026637160733,11.492384983451055],[123.087026581663878,11.492204109507499],[123.086843194219185,11.492204164185539],[123.08684313884028,11.492023290238874],[123.08665975151159,11.492023344800652],[123.086476364181905,11.492023399247143],[123.086476419326956,11.492204273195496],[123.086659806773511,11.492204218748205],[123.086659862036328,11.492385092693448],[123.086843249598971,11.492385038129894],[123.087026637160733,11.492384983451055]]],[[[123.087393635213033,11.493108369491724],[123.08739369094846,11.493289243422224],[123.087393746684668,11.493470117350503],[123.087577134945334,11.4934700623203],[123.087760523204935,11.493470007174635],[123.087943911463555,11.493469951913683],[123.087943855376423,11.493289077988157],[123.087760467234773,11.49328913324822],[123.087577079092057,11.493289188392909],[123.087577023239845,11.493108314463209],[123.087393635213033,11.493108369491724]]],[[[123.08959480575443,11.494735566733917],[123.089594862901791,11.494916440633419],[123.089778252086688,11.494916384211619],[123.089778194822273,11.494735510313005],[123.089778137558923,11.494554636412081],[123.089778080296369,11.494373762508937],[123.089594691462295,11.494373818928073],[123.089594748607965,11.494554692832105],[123.08959480575443,11.494735566733917]]],[[[123.08977830935217,11.495097258108101],[123.08996169865307,11.495097201570038],[123.089961641270705,11.494916327674444],[123.089778252086688,11.494916384211619],[123.08977830935217,11.495097258108101]]],[[[123.09014508795299,11.495097144916601],[123.08996169865307,11.495097201570038],[123.089961756036331,11.495278075463235],[123.090145145453221,11.495278018808909],[123.090328534869229,11.495277962039209],[123.090511924284172,11.495277905154046],[123.090511866549917,11.495097031263603],[123.090328477252029,11.495097088147789],[123.09014508795299,11.495097144916601]]],[[[123.090695313698234,11.495277848153597],[123.090695371550439,11.495458722040931],[123.090878761080489,11.495458664924131],[123.090878703111301,11.495277791037774],[123.090695313698234,11.495277848153597]]],[[[123.090695429403539,11.495639595926045],[123.090695487257705,11.495820469808939],[123.090695545112936,11.496001343689523],[123.090878934993825,11.496001286570058],[123.090878877021709,11.495820412690273],[123.090878819050559,11.495639538808357],[123.090695429403539,11.495639595926045]]],[[[123.0901466408,11.499980739223505],[123.090330033257928,11.499980682429912],[123.090329975615504,11.499799808596757],[123.090146583274461,11.499799865389372],[123.0901466408,11.499980739223505]]],[[[123.090696933927063,11.500342316152436],[123.090696991806453,11.500523189977065],[123.090880384612731,11.500523132834507],[123.090880326616286,11.500342259010766],[123.090880268620893,11.500161385184805],[123.090880210626395,11.499980511356712],[123.090696818171125,11.499980568496516],[123.090696876048654,11.500161442325586],[123.090696933927063,11.500342316152436]]],[[[123.088313054317084,11.501066543822803],[123.088496447486889,11.50106648817807],[123.088496391009045,11.500885614349267],[123.088496334532181,11.500704740518243],[123.088496278056198,11.50052386668491],[123.088496221581195,11.500342992849445],[123.088496165107173,11.500162119011582],[123.088496108634132,11.499981245171588],[123.088679501100756,11.499981189416809],[123.088862893566514,11.499981133546656],[123.089046286031277,11.49998107756104],[123.089229678495158,11.499981021459961],[123.089413070957974,11.499980965243507],[123.089413013900682,11.499800091405822],[123.089229621554836,11.499800147621388],[123.089046229208108,11.49980020372149],[123.0888628368604,11.499800259706218],[123.088679444511627,11.499800315575483],[123.088496052161972,11.499800371329373],[123.088312659811322,11.4998004269678],[123.088312716166513,11.499981300810903],[123.088312772522585,11.500162174651875],[123.088312828879552,11.500343048490537],[123.08831288523767,11.500523922326979],[123.088312941596499,11.5007047961612],[123.088312997956393,11.500885669993112],[123.088313054317084,11.501066543822803]]],[[[123.088863063690866,11.50052375505456],[123.088863120400887,11.500704628886028],[123.088863177111961,11.500885502715276],[123.08904657016177,11.50088544672513],[123.089046513333898,11.50070457289686],[123.089046456506821,11.50052369906628],[123.088863063690866,11.50052375505456]]],[[[123.087762930812559,11.501247583894626],[123.087762986824117,11.501428457722453],[123.087946380230889,11.501428402422244],[123.088129773636766,11.501428347006572],[123.088129717390999,11.501247473180522],[123.087946324102276,11.501247528595217],[123.087762930812559,11.501247583894626]]],[[[123.086662571054589,11.501247913266445],[123.086479177758306,11.501247967757701],[123.086479232950595,11.501428841591833],[123.086662626363847,11.5014287870996],[123.086662681674184,11.501609660930624],[123.086846075203525,11.501609606322129],[123.086846019776218,11.501428732492082],[123.087029413187693,11.501428677769011],[123.087029357644312,11.501247803937543],[123.086845964349976,11.501247858659726],[123.086662571054589,11.501247913266445]]],[[[123.086846186060811,11.50197135397565],[123.087029579823465,11.501971299249915],[123.087029635370598,11.502152173072412],[123.087029690918598,11.502333046892689],[123.087213084914325,11.502332992049803],[123.087213029249341,11.502152118230415],[123.087212973585068,11.501971244408805],[123.08721291792186,11.501790370584976],[123.087029524277241,11.501790425425197],[123.087029468731984,11.501609551598259],[123.086846075203525,11.501609606322129],[123.086846130631727,11.501790480149955],[123.086846186060811,11.50197135397565]]],[[[123.089963937316725,11.502151281746821],[123.0899638798967,11.501970407938712],[123.089780486149223,11.501970464511503],[123.089597092400865,11.501970520968831],[123.089597149586666,11.502151394778805],[123.089780543452093,11.5021513383205],[123.089963937316725,11.502151281746821]]],[[[123.090147331180106,11.502151225057768],[123.09014738871808,11.502332098862679],[123.090330782697649,11.502332042057185],[123.090330725042691,11.502151168253162],[123.090147331180106,11.502151225057768]]],[[[123.089230418805727,11.502332381158377],[123.089413812789999,11.502332324930199],[123.089597206773547,11.50233226858647],[123.089597149586666,11.502151394778805],[123.089413755720273,11.502151451121557],[123.089230361852884,11.502151507348936],[123.089230418805727,11.502332381158377]]],[[[123.08886357411528,11.502151619457303],[123.088863630833998,11.502332493268609],[123.089047024820218,11.50233243727118],[123.089046967984615,11.502151563460851],[123.08886357411528,11.502151619457303]]],[[[123.088129998628702,11.502151842288656],[123.088130054879173,11.502332716103604],[123.0883134488693,11.502332660568028],[123.088313392501945,11.502151786753968],[123.088129998628702,11.502151842288656]]],[[[123.090330782697649,11.502332042057185],[123.090330840353744,11.502512915858988],[123.090514234449387,11.502512858937143],[123.090514176676308,11.502331985136228],[123.090330782697649,11.502332042057185]]],[[[123.088496842858362,11.502332604916989],[123.088496899343852,11.502513478727851],[123.088680293449087,11.50251342296046],[123.088863687553427,11.502513367077695],[123.088863630833998,11.502332493268609],[123.088680236846713,11.502332549150486],[123.088496842858362,11.502332604916989]]],[[[123.090697628544049,11.502512801899835],[123.090514234449387,11.502512858937143],[123.090514292223347,11.502693732735748],[123.090514349998287,11.502874606532133],[123.090514407774293,11.503055480326298],[123.090697802220149,11.503055423286236],[123.090697744327258,11.50287454949296],[123.090697686435163,11.502693675697552],[123.090697628544049,11.502512801899835]]],[[[123.089230646625978,11.503055876374026],[123.089414041078669,11.503055820142118],[123.089413984005034,11.502874946342446],[123.089230589669413,11.502875002573466],[123.089230646625978,11.503055876374026]]],[[[123.09014761887957,11.503055594060031],[123.090147676422433,11.50323646785384],[123.090331070987389,11.503236411043728],[123.09051446555128,11.503236354118242],[123.090514407774293,11.503055480326298],[123.090331013327557,11.503055537250896],[123.09014761887957,11.503055594060031]]],[[[123.088130392401183,11.503417958945951],[123.088130448658134,11.503598832745178],[123.088313843467787,11.503598777203385],[123.088313787093682,11.503417903405046],[123.088130392401183,11.503417958945951]]],[[[123.088130504916066,11.503779706542185],[123.088130448658134,11.503598832745178],[123.087947053847685,11.503598888171597],[123.087947109988647,11.503779761969492],[123.088130504916066,11.503779706542185]]],[[[123.087763771084767,11.503960691077809],[123.087580376038247,11.503960746275078],[123.087580431946847,11.50414162007022],[123.087763827110436,11.504141564872063],[123.087763771084767,11.503960691077809]]],[[[123.087580487856357,11.504322493863141],[123.087580431946847,11.50414162007022],[123.087397036782292,11.504141675152914],[123.087397092574719,11.504322548946723],[123.087580487856357,11.504322493863141]]],[[[123.089047877469369,11.505045544158422],[123.089231273210814,11.50504548803203],[123.089231216243761,11.504864614256162],[123.089047820619555,11.504864670381577],[123.089047877469369,11.505045544158422]]],[[[123.087397092574719,11.504322548946723],[123.087213697292214,11.504322603914842],[123.087213752968566,11.504503477707319],[123.087030357568011,11.504503532560863],[123.08703041312819,11.504684406351918],[123.086847017609585,11.504684461090887],[123.08684707305359,11.504865334880611],[123.08666367741705,11.504865389505005],[123.086480281779529,11.504865444013847],[123.086480336990306,11.505046317803126],[123.086296941234835,11.505046372197393],[123.086296996329423,11.505227245985251],[123.086480392202134,11.505227191590096],[123.086663788073778,11.505227137079478],[123.086847183944442,11.505227082453397],[123.087030579814311,11.505227027711763],[123.08703052425129,11.505046153927458],[123.087213920003123,11.505046099071249],[123.087213975683213,11.505226972854755],[123.08739737155112,11.505226917882196],[123.087580767418146,11.505226862794173],[123.087580823333326,11.505407736573682],[123.087580879249401,11.505588610350882],[123.087580935166457,11.505769484125862],[123.087764331383781,11.505769428919711],[123.087947727600209,11.505769373598097],[123.087947671448944,11.505588499824894],[123.08794761529866,11.50540762604947],[123.088131011279998,11.50540757061408],[123.08813095501354,11.505226696837235],[123.088314350876843,11.50522664128736],[123.088314294494211,11.505045767509182],[123.088314238112645,11.504864893728874],[123.088497633740744,11.504864838065222],[123.088681029367962,11.504864782286196],[123.088864424994114,11.504864726391618],[123.089047820619555,11.504864670381577],[123.089047763770452,11.504683796602601],[123.08886436826225,11.504683852611754],[123.088680972753068,11.504683908505354],[123.088497577243004,11.504683964283492],[123.08831418173196,11.504684019946255],[123.088130786219935,11.504684075493467],[123.088130842483551,11.504864949276973],[123.087947446853491,11.504865004709609],[123.087764051222635,11.504865060026782],[123.087763995193143,11.5046841862415],[123.087580599678276,11.504684241442321],[123.087397204162528,11.50468429652768],[123.087397148368225,11.504503422738312],[123.087397092574719,11.504322548946723]]],[[[123.090698670732166,11.50576852991564],[123.090698728640689,11.505949403672945],[123.09088212495891,11.505949346502677],[123.090882066933148,11.50576847274626],[123.091065463133248,11.505768415461416],[123.091065404991483,11.505587541703667],[123.091248801073533,11.505587484304337],[123.091432197154703,11.505587426789456],[123.091432138779709,11.505406553031351],[123.091615534742658,11.505406495401894],[123.091798930704627,11.505406437656974],[123.09179887209649,11.505225563898515],[123.091798813489234,11.505044690137746],[123.091798754883058,11.504863816374757],[123.091798696277849,11.504682942609458],[123.091798637673605,11.504502068842028],[123.091615242297124,11.50450212658224],[123.091615300784113,11.504683000350648],[123.091615359272353,11.504863874116834],[123.091615417761389,11.505044747880712],[123.091615476251491,11.505225621642458],[123.09143208040561,11.505225679270938],[123.091248684558735,11.505225736783954],[123.091065288710809,11.505225794181507],[123.091065346850698,11.505406667943697],[123.090881950884821,11.505406725226676],[123.090698554917793,11.505406782394191],[123.090515158950041,11.505406839446243],[123.090331762981137,11.505406896382743],[123.090148367011352,11.505406953203869],[123.089964971040587,11.505407009909442],[123.089781575068756,11.505407066499552],[123.089598179096043,11.5054071229742],[123.089414783122336,11.505407179333384],[123.089414726036367,11.505226305562845],[123.089414668951264,11.505045431790085],[123.089231273210814,11.50504548803203],[123.089231330178833,11.505226361805589],[123.089231387147763,11.505407235577016],[123.089231444117658,11.505588109346222],[123.089414840209386,11.505588053101613],[123.089414897297317,11.505768926867622],[123.089598293505318,11.505768870506573],[123.089598236300233,11.505587996741541],[123.089781632390014,11.505587940266006],[123.08996502847873,11.505587883674918],[123.090148424566735,11.505587826968457],[123.090331820653674,11.505587770146443],[123.090515216739547,11.505587713208966],[123.090515274530119,11.505768586969468],[123.090698670732166,11.50576852991564]]],[[[123.097655958781658,11.471581102805851],[123.097839332849063,11.471581041435831],[123.09783927057309,11.471400167290481],[123.097655896622314,11.471400228659435],[123.097472522670557,11.471400289913193],[123.09728914871782,11.471400351051932],[123.097289210643666,11.471581225200302],[123.097472584713202,11.471581164060675],[123.097655958781658,11.471581102805851]]],[[[123.096005714348649,11.471943398258423],[123.096189088658875,11.471943337922687],[123.096189027431222,11.471762463772896],[123.096005653237881,11.471762524107655],[123.096005714348649,11.471943398258423]]],[[[123.096189149887579,11.472124212070346],[123.096372524313352,11.472124151618436],[123.096372462968034,11.471943277471842],[123.096189088658875,11.471943337922687],[123.096189149887579,11.472124212070346]]],[[[123.096005836573539,11.472305146553387],[123.096005775460554,11.47212427240706],[123.096005714348649,11.471943398258423],[123.095822340037529,11.471943458479052],[123.095822401032649,11.472124332628576],[123.095639026603493,11.472124392735074],[123.095639087483065,11.472305266883355],[123.095822462028835,11.47230520677588],[123.096005836573539,11.472305146553387]]],[[[123.097474632703594,11.477550009671068],[123.097474694781582,11.477730883742433],[123.097658072819669,11.477730822453948],[123.097658010624798,11.47754994838356],[123.097474632703594,11.477550009671068]]],[[[123.097108000547848,11.47791188004509],[123.097291378704782,11.477911818985932],[123.097291316742428,11.477730944915811],[123.097107938702209,11.477731005973903],[123.097108000547848,11.47791188004509]]],[[[123.095824292391896,11.477731430155481],[123.095640914343505,11.477731490292088],[123.095640853433295,11.477550616210864],[123.095457475500453,11.477550676231298],[123.095457414708108,11.477369802146876],[123.095274036891183,11.477369862051225],[123.095273976216689,11.477188987963606],[123.095090598515398,11.477189047751692],[123.094907220813226,11.477189107424669],[123.094907281254294,11.477369981514153],[123.094907341696256,11.477550855601505],[123.094907402139285,11.477731729686548],[123.09472402408575,11.477731789247171],[123.094723963759421,11.477550915161151],[123.094540585821704,11.477550974605601],[123.094540525613326,11.477370100516383],[123.094357147791243,11.477370159844748],[123.094357087700644,11.477189285752333],[123.094173709994379,11.477189344964524],[123.094173769968179,11.477370219057827],[123.093990392144065,11.477370278155798],[123.093990452002217,11.477551152247857],[123.093990511861449,11.477732026337785],[123.093990571721477,11.477912900425403],[123.093807193546084,11.47791295941102],[123.093807253290464,11.478093833497306],[123.093623874997292,11.478093892368703],[123.093623934625768,11.478274766453746],[123.093440556214915,11.478274825210923],[123.093440615727573,11.478455699294633],[123.093623994255324,11.478455640536568],[123.093807372782081,11.478455581663306],[123.09380731303574,11.478274707581461],[123.093990691444731,11.47827464859389],[123.094174069852741,11.478274589491212],[123.0943574482597,11.478274530273248],[123.094357388164028,11.478093656192025],[123.094540766453207,11.478093596859841],[123.094724144741406,11.478093537412549],[123.094724205070747,11.478274411491819],[123.094907583474594,11.478274351928265],[123.095090961877446,11.478274292249603],[123.095090901314606,11.478093418172199],[123.094907523028539,11.478093477849972],[123.094907462583379,11.47791260376937],[123.095090840752746,11.477912544092574],[123.095090780191939,11.477731670010728],[123.095274158243527,11.477731610219712],[123.095274218921034,11.47791248430058],[123.095457597088441,11.47791242439339],[123.095640975254611,11.477912364371003],[123.095641036166853,11.478093238447785],[123.095641097080176,11.478274112522259],[123.095824475478949,11.478274052382721],[123.095824414448927,11.478093178309225],[123.095824353419886,11.477912304233508],[123.095824292391896,11.477731430155481]]],[[[123.096557866070583,11.477912062531294],[123.096557927566906,11.478092936603103],[123.096741305843736,11.478092875888558],[123.096741244230628,11.477912001817726],[123.096557866070583,11.477912062531294]]],[[[123.096191293538254,11.478454805827466],[123.096191232273583,11.478273931758144],[123.096007853876841,11.478273992127987],[123.095824475478949,11.478274052382721],[123.095824536510051,11.478454926453997],[123.096007915024728,11.478454866198286],[123.096191293538254,11.478454805827466]]],[[[123.095091022441537,11.478455166324698],[123.095274400960136,11.478455106529863],[123.095274340279431,11.478274232455655],[123.095090961877446,11.478274292249603],[123.095091022441537,11.478455166324698]]],[[[123.095274522324559,11.478816854671527],[123.095457901075861,11.478816794759451],[123.09545784027631,11.478635920690751],[123.09545777947784,11.478455046619741],[123.095274400960136,11.478455106529863],[123.095274461641807,11.47863598060176],[123.095274522324559,11.478816854671527]]],[[[123.096924931049088,11.478816311315944],[123.097108309791054,11.478816250367098],[123.097108247940355,11.47863537630719],[123.096924869315089,11.478635437255059],[123.096741490688942,11.478635498087732],[123.096558112061643,11.478635558805207],[123.096558173561959,11.478816432868046],[123.096741552305971,11.478816372149593],[123.096924931049088,11.478816311315944]]],[[[123.097475129357335,11.478997002179549],[123.097658508212902,11.478996940884047],[123.097658446010755,11.478816066829291],[123.097475067271887,11.478816128123816],[123.097475129357335,11.478997002179549]]],[[[123.096191416070738,11.47881655395936],[123.096191477338522,11.478997428021932],[123.09637485620155,11.478997367532985],[123.096374794816882,11.478816493471301],[123.096191416070738,11.47881655395936]]],[[[123.095641340743484,11.478997608797771],[123.095641401661865,11.479178482861053],[123.095824780644719,11.47917842271672],[123.095824719609624,11.478997548654414],[123.095641340743484,11.478997608797771]]],[[[123.095091264707307,11.479178662602964],[123.095091325276272,11.479359536666868],[123.095274704379108,11.479359476867147],[123.095274643693159,11.47917860280422],[123.095091264707307,11.479178662602964]]],[[[123.09564152350174,11.479540230980957],[123.095641462581312,11.479359356922116],[123.095458083480708,11.47935941695223],[123.095274704379108,11.479359476867147],[123.095274765065852,11.479540350927943],[123.095458144284336,11.479540291012048],[123.09564152350174,11.479540230980957]]],[[[123.093442877954516,11.485328912819716],[123.093626260921994,11.485328854025502],[123.093626201254352,11.485147980027767],[123.093442818403759,11.485148038821004],[123.093442877954516,11.485328912819716]]],[[[123.093442818403759,11.485148038821004],[123.093442758854053,11.484967164820072],[123.093442699305243,11.48478629081683],[123.093259316687352,11.484786349492916],[123.093259376119278,11.484967223497046],[123.093075993383522,11.484967282058824],[123.093076052699629,11.48514815606171],[123.093076112016718,11.485329030062287],[123.093076171334786,11.485509904060732],[123.093076230653907,11.48569077805678],[123.093259613857015,11.485690719491272],[123.093259554421095,11.485509845496113],[123.093259494986157,11.485328971498644],[123.09325943555227,11.485148097498955],[123.093442818403759,11.485148038821004]]],[[[123.093809643888406,11.485328795116091],[123.093626260921994,11.485328854025502],[123.093626320590616,11.485509728021105],[123.093809703673912,11.485509669110717],[123.093809763460499,11.485690543103034],[123.093993146659784,11.485690484076384],[123.093993086756242,11.485509610085044],[123.093993026853838,11.485328736091395],[123.093809643888406,11.485328795116091]]],[[[123.092892906652949,11.485871710501984],[123.092892965857146,11.486052584494567],[123.093076349295004,11.486052526042391],[123.093076289973922,11.485871652050784],[123.092892906652949,11.485871710501984]]],[[[123.097294230098214,11.486232023793187],[123.097294168087984,11.486051149826006],[123.09711078467349,11.486051210929572],[123.097110846566821,11.486232084897731],[123.097294230098214,11.486232023793187]]],[[[123.092893025062239,11.48623345848493],[123.092892965857146,11.486052584494567],[123.092709582418223,11.486052642831458],[123.092709641506431,11.486233516822798],[123.092893025062239,11.48623345848493]]],[[[123.091609340150882,11.486233864428831],[123.091792723712643,11.486233806782677],[123.091792665208686,11.486052932786629],[123.091609281763809,11.486052990431896],[123.091609340150882,11.486233864428831]]],[[[123.09215949083314,11.486233691144511],[123.091976107273425,11.486233749021237],[123.091976165895062,11.486414623014086],[123.092159549571761,11.486414565136473],[123.092342933247465,11.486414507143573],[123.092342874391875,11.486233633152588],[123.09215949083314,11.486233691144511]]],[[[123.090875863814603,11.48641496785895],[123.090875921736085,11.486595841855175],[123.091059305535609,11.486595784668298],[123.091059247497142,11.48641491067305],[123.090875863814603,11.48641496785895]]],[[[123.093626678623778,11.486594971947296],[123.093626738299506,11.486775845927179],[123.093810122200992,11.48677578701013],[123.09381006240838,11.486594913031224],[123.093626678623778,11.486594971947296]]],[[[123.097294540165208,11.487136393595611],[123.097477924280028,11.487136332370808],[123.097477862147684,11.486955458415794],[123.097294478149749,11.486955519639531],[123.097294540165208,11.487136393595611]]],[[[123.092526611798945,11.487318818951854],[123.092709996057124,11.487318760723676],[123.092710055152338,11.487499634699295],[123.092893439526335,11.487499576354944],[123.092893380314237,11.487318702380213],[123.093076764570284,11.487318643921464],[123.093076705242282,11.4871377699454],[123.09289332110302,11.487137828403261],[123.092893261892883,11.486956954424089],[123.092709877869538,11.486957012765599],[123.092526493845298,11.486957070991911],[123.092526434869896,11.486776197008654],[123.092343050961389,11.486776255118704],[123.092343109819907,11.486957129102938],[123.092159725793636,11.48695718709868],[123.092159784536335,11.487138061081671],[123.092343168679406,11.487138003084953],[123.092343227539885,11.487318877064746],[123.092526611798945,11.487318818951854]]],[[[123.093626917332742,11.487318467853415],[123.093626977012377,11.487499341824327],[123.093810361381401,11.48749928290337],[123.093810301584881,11.487318408933435],[123.093626917332742,11.487318467853415]]],[[[123.091976459018724,11.487318992944674],[123.091976517646401,11.487499866924113],[123.092159902024406,11.487499809040814],[123.092159843279831,11.487318935062353],[123.091976459018724,11.487318992944674]]],[[[123.091059537698698,11.487319280626819],[123.090876153431722,11.487319337817427],[123.090876211358008,11.487500211802372],[123.091059595741868,11.487500154610876],[123.091242980124747,11.487500097304094],[123.091242921964692,11.487319223321014],[123.091059537698698,11.487319280626819]]],[[[123.092159960769948,11.487680683017055],[123.092343345263842,11.487680625017584],[123.092343286401416,11.48749975104232],[123.092159902024406,11.487499809040814],[123.092159960769948,11.487680683017055]]],[[[123.094177250180209,11.487860912645077],[123.094360634780074,11.487860853376398],[123.094360574630684,11.487679979413835],[123.094177190147789,11.487680038681537],[123.094177250180209,11.487860912645077]]],[[[123.092526788737061,11.487861440874893],[123.092526729756685,11.487680566902826],[123.092343345263842,11.487680625017584],[123.092343404127334,11.487861498990627],[123.092526788737061,11.487861440874893]]],[[[123.094360634780074,11.487860853376398],[123.094360694930359,11.48804172733683],[123.094544079645956,11.488041667951888],[123.094544019378787,11.487860793992434],[123.094360634780074,11.487860853376398]]],[[[123.096744634484295,11.487860072391522],[123.096744696154346,11.488040946339341],[123.096744757825377,11.488221820284851],[123.096744819497459,11.488402694228141],[123.096928204433581,11.488402633342355],[123.0969281426447,11.488221759400043],[123.097111527462786,11.488221698399949],[123.097111465558001,11.488040824456393],[123.096928080856699,11.48804088545551],[123.096928019069779,11.487860011508756],[123.096744634484295,11.487860072391522]]],[[[123.09472746436056,11.488041608451661],[123.094544079645956,11.488041667951888],[123.094544139914191,11.488222541909122],[123.094727524745778,11.488222482407918],[123.09472746436056,11.488041608451661]]],[[[123.092526906700826,11.488223188812453],[123.092710291543256,11.488223130579479],[123.092710232444034,11.488042256612831],[123.092526847718318,11.488042314844739],[123.092526906700826,11.488223188812453]]],[[[123.095644448888251,11.488222183172349],[123.095644509858857,11.4884030571215],[123.095827894801289,11.488402996927606],[123.095827833713628,11.488222122979431],[123.095644448888251,11.488222183172349]]],[[[123.095277679234314,11.488222303212504],[123.095277739971152,11.48840317716361],[123.095461124915545,11.488403117200198],[123.095461064061823,11.488222243250069],[123.095277679234314,11.488222303212504]]],[[[123.095277800709056,11.488584051112406],[123.095277739971152,11.48840317716361],[123.095094355025708,11.488403237011648],[123.094910970079269,11.4884032967444],[123.094727585131864,11.488403356361866],[123.094727645519029,11.488584230313593],[123.094911030583404,11.48858417069515],[123.095094415646727,11.488584110961421],[123.095277800709056,11.488584051112406]]],[[[123.09729509835141,11.488764259098806],[123.097295160377357,11.488945133032415],[123.097478545661104,11.488945071797753],[123.097478483518373,11.488764197865121],[123.09729509835141,11.488764259098806]]],[[[123.093444069181018,11.488946392324197],[123.093627454486182,11.488946333510976],[123.09362739479846,11.488765459558005],[123.093444009610181,11.488765518370249],[123.093260624420836,11.488765577067118],[123.093077239230595,11.488765635648791],[123.093077298567664,11.488946509604604],[123.093260683874789,11.488946451022043],[123.093444069181018,11.488946392324197]]],[[[123.09381083979045,11.488946274582469],[123.093627454486182,11.488946333510976],[123.093627514174969,11.489127207461726],[123.093810899596122,11.489127148532331],[123.09381083979045,11.488946274582469]]],[[[123.092710527950231,11.48894662642387],[123.092710587054327,11.489127500379416],[123.092893972480553,11.489127442026449],[123.093077357905628,11.489127383558285],[123.093077298567664,11.488946509604604],[123.092893913259303,11.48894656807188],[123.092710527950231,11.48894662642387]]],[[[123.097478607804916,11.489125945728164],[123.097478669949865,11.489306819656266],[123.097662055466415,11.489306758304275],[123.097661993204582,11.489125884377151],[123.097478607804916,11.489125945728164]]],[[[123.096745127873362,11.489307063910926],[123.096745189551669,11.489487937840805],[123.096928575189366,11.489487876949068],[123.096928513394005,11.489307003020256],[123.096745127873362,11.489307063910926]]],[[[123.093627693247186,11.489669829300565],[123.093811079019176,11.48966977036824],[123.093811019210392,11.489488896425216],[123.093627633555556,11.489488955356565],[123.093627693247186,11.489669829300565]]],[[[123.093444426627173,11.490031636000898],[123.093444486204845,11.490212509939125],[123.093627872328469,11.490212451119332],[123.093627812633727,11.490031577181993],[123.093627752939966,11.489850703242434],[123.093444367050296,11.489850762060362],[123.093444426627173,11.490031636000898]]],[[[123.093444545783768,11.490393383875221],[123.093444605363572,11.490574257809007],[123.09362799172105,11.490574198987259],[123.093627932024361,11.490393325054361],[123.093444545783768,11.490393383875221]]],[[[123.093811437892285,11.490755013979838],[123.093628051418818,11.490755072917848],[123.093628111117553,11.490935946846216],[123.093811497707904,11.490935887907229],[123.093994884297373,11.490935828852956],[123.094178270885607,11.490935769683309],[123.094361657472945,11.490935710398377],[123.094361597306488,11.490754836473739],[123.094178210836034,11.490754895757783],[123.0939948243646,11.490754954926453],[123.093811437892285,11.490755013979838]]],[[[123.094361657472945,11.490935710398377],[123.094361717640453,11.491116584320705],[123.094545104343609,11.491116524919422],[123.094545044059217,11.49093565099807],[123.094361657472945,11.490935710398377]]],[[[123.094728491045885,11.491116465402852],[123.094545104343609,11.491116524919422],[123.094545164629082,11.491297398838553],[123.094728551448227,11.491297339321006],[123.094728491045885,11.491116465402852]]],[[[123.090877370089075,11.491117691031606],[123.090693983365938,11.491117748126291],[123.090694041195945,11.491298622065139],[123.090694099026663,11.491479496001768],[123.090877485983569,11.491479438905307],[123.091060872939593,11.491479381693471],[123.091060814874936,11.49129850775862],[123.090877428035881,11.491298564969567],[123.090877370089075,11.491117691031606]]],[[[123.09472861185165,11.49147821323694],[123.094728672256124,11.491659087150564],[123.094912059308157,11.491659027515778],[123.094911998786699,11.491478153603042],[123.09472861185165,11.49147821323694]]],[[[123.095095506998447,11.491839841675157],[123.095095567638822,11.492020715582386],[123.095278954922577,11.492020655714986],[123.095278894165403,11.491839781808645],[123.095095506998447,11.491839841675157]]],[[[123.091061047139448,11.492022003484349],[123.091061105208198,11.492202877410142],[123.091244492630864,11.492202820079291],[123.091244434445329,11.492021946154386],[123.091061047139448,11.492022003484349]]],[[[123.095462463956949,11.492382343536191],[123.095462403080674,11.492201469635267],[123.095462342205451,11.492020595732212],[123.095278954922577,11.492020655714986],[123.095279015681001,11.492201529619019],[123.095279076440221,11.49238240352083],[123.095462463956949,11.492382343536191]]],[[[123.092895038630573,11.492383172825539],[123.093078426160346,11.492383114340322],[123.093078366804363,11.492202240426964],[123.09289497939146,11.492202298911204],[123.092895038630573,11.492383172825539]]],[[[123.091427938356063,11.492383636554861],[123.091427880052649,11.492202762633154],[123.091244492630864,11.492202820079291],[123.091244550817478,11.492383694001974],[123.091427938356063,11.492383636554861]]],[[[123.095279137200507,11.492563277420421],[123.095279076440221,11.49238240352083],[123.095095688922427,11.492382463390184],[123.095095749565829,11.492563337290752],[123.095279137200507,11.492563277420421]]],[[[123.093811976269805,11.492382879245978],[123.093812036094491,11.492563753153208],[123.093995423736445,11.49256369409032],[123.093995363794704,11.492382820184067],[123.093811976269805,11.492382879245978]]],[[[123.091978100966458,11.492383463521451],[123.09179471343063,11.492383521314599],[123.091794771968964,11.49256439523222],[123.09197815962176,11.492564337438095],[123.092161547273491,11.492564279528684],[123.092161488501304,11.492383405612928],[123.091978100966458,11.492383463521451]]],[[[123.093812095920228,11.492744627058217],[123.093812036094491,11.492563753153208],[123.093628648451812,11.49256381210081],[123.093628708160495,11.492744686006708],[123.093812095920228,11.492744627058217]]],[[[123.09307854487534,11.49274486216011],[123.093261932638015,11.492744803557654],[123.093261873163272,11.492563929649803],[123.09307848551731,11.492563988251371],[123.09307854487534,11.49274486216011]]],[[[123.091062382963884,11.496182103211629],[123.091245772959866,11.496182045860438],[123.091429162954967,11.496181988393785],[123.091429104630961,11.496001114519151],[123.091245714752915,11.496001171984828],[123.091062324873818,11.49600122933513],[123.090878934993825,11.496001286570058],[123.090878992966907,11.496182160447445],[123.091062382963884,11.496182103211629]]],[[[123.091612611391142,11.496362804683281],[123.091612552949002,11.496181930811845],[123.091429162954967,11.496181988393785],[123.091429221279952,11.496362862266198],[123.091612611391142,11.496362804683281]]],[[[123.091796118621971,11.496724494719425],[123.091796060061085,11.496543620853318],[123.091612669833992,11.496543678552586],[123.091612728277909,11.496724552419581],[123.091612786722891,11.496905426284444],[123.091796177183937,11.496905368583311],[123.091796118621971,11.496724494719425]]],[[[123.091429396260963,11.496905483870114],[123.09124600579797,11.496905541340498],[123.091246064009894,11.497086415204917],[123.091429454589772,11.497086357733645],[123.091429512919731,11.497267231594867],[123.091429571250586,11.497448105453868],[123.091429629582592,11.497628979310649],[123.091429687915308,11.49780985316521],[123.091613078962368,11.497809795574833],[123.091613020512497,11.497628921721249],[123.091612962063607,11.497448047865356],[123.091612903615697,11.497267174007332],[123.091612845168939,11.497086300146998],[123.091612786722891,11.496905426284444],[123.091429396260963,11.496905483870114]]],[[[123.091246296867268,11.497809910640123],[123.091246355084081,11.497990784493352],[123.091246413302045,11.498171658344271],[123.091429804583939,11.498171600867492],[123.091429746249176,11.497990727017461],[123.091429687915308,11.49780985316521],[123.091246296867268,11.497809910640123]]],[[[123.091613195864952,11.49817154327525],[123.091429804583939,11.498171600867492],[123.091429862919853,11.498352474715302],[123.09161325431775,11.498352417122172],[123.091796645714922,11.498352359413579],[123.091796587145069,11.498171485567633],[123.091613195864952,11.49817154327525]]],[[[123.091980095798846,11.498533175432447],[123.091980037110943,11.498352301589611],[123.091796645714922,11.498352359413579],[123.09179670428567,11.498533233257303],[123.091980095798846,11.498533175432447]]],[[[123.091980154487544,11.498714049272886],[123.091796762857484,11.498714107098719],[123.091796821430194,11.498894980938003],[123.091980213177308,11.498894923111193],[123.091980154487544,11.498714049272886]]],[[[123.091796880003955,11.499075854774889],[123.091796821430194,11.498894980938003],[123.091613429682084,11.49889503864935],[123.09161348813879,11.499075912487212],[123.091796880003955,11.499075854774889]]],[[[123.091246704405549,11.499076027565559],[123.091430096272745,11.499075970084073],[123.091430037933009,11.498895096245233],[123.091246646182867,11.498895153725831],[123.09106325443193,11.498895211090877],[123.091063312537457,11.499076084931582],[123.091063370644122,11.499256958770067],[123.091246762629368,11.499256901403067],[123.091246704405549,11.499076027565559]]],[[[123.091246820853911,11.499437775238354],[123.091063428751866,11.499437832606242],[123.091063486860406,11.499618706440197],[123.091063544970012,11.499799580271931],[123.091246937306082,11.499799522902178],[123.09143032964127,11.49979946541705],[123.091613721975477,11.499799407816459],[123.091613663514863,11.499618533987478],[123.091430271297725,11.499618591587181],[123.091246879079506,11.499618649071421],[123.091246820853911,11.499437775238354]]],[[[123.091613838899733,11.500161155467582],[123.091797231467169,11.500161097749752],[123.091797172887368,11.499980223926189],[123.091797114308704,11.499799350100405],[123.091613721975477,11.499799407816459],[123.091613780437157,11.499980281643131],[123.091613838899733,11.500161155467582]]],[[[123.096198714171877,11.500340551692036],[123.096198775562144,11.500521425488154],[123.096382168338408,11.500521364882678],[123.096382106830887,11.500340491087625],[123.096198714171877,11.500340551692036]]],[[[123.091430563025611,11.500522960714145],[123.091613955827881,11.500522903109824],[123.091613897363359,11.500342029289813],[123.091430504678144,11.500342086893246],[123.091430563025611,11.500522960714145]]],[[[123.09656562273905,11.500702177953771],[123.096749015630152,11.500702117116569],[123.096748953887712,11.500521243325602],[123.096565561113508,11.500521304161827],[123.09656562273905,11.500702177953771]]],[[[123.091063835532438,11.500703949396941],[123.091247228453724,11.500703892022569],[123.09124717022226,11.500523018203003],[123.091063777418029,11.500523075576487],[123.090880384612731,11.500523132834507],[123.090880442610072,11.500704006655939],[123.091063835532438,11.500703949396941]]],[[[123.095281933279608,11.50088347437911],[123.095465326294871,11.500883414348907],[123.095465265370535,11.500702540553322],[123.095281872472157,11.500702600582636],[123.095281933279608,11.50088347437911]]],[[[123.097299318487828,11.501063681481417],[123.097482711608961,11.501063620180497],[123.097482649396156,11.500882746397968],[123.097299256392077,11.500882807697911],[123.097299318487828,11.501063681481417]]],[[[123.096565684365572,11.500883051743495],[123.096565745993175,11.501063925530909],[123.096749139118387,11.501063864691664],[123.096749077373829,11.500882990905227],[123.096565684365572,11.500883051743495]]],[[[123.095098722339941,11.501426155672879],[123.095282115707548,11.501426095755209],[123.095282054897169,11.501245221965396],[123.095098661646716,11.50124528188209],[123.095098722339941,11.501426155672879]]],[[[123.09454854223128,11.50142633473329],[123.094731935601814,11.50142627516192],[123.094915328971453,11.501426215475087],[123.094915268395198,11.50124534168341],[123.094731875142614,11.501245401369266],[123.094548481889049,11.501245460939748],[123.094365088634603,11.501245520394678],[123.094181695379007,11.501245579734233],[123.093998302122415,11.501245638958325],[123.093998362113453,11.501426512754888],[123.094181755487185,11.501426453529819],[123.09436514885968,11.501426394189286],[123.09454854223128,11.50142633473329]]],[[[123.096749200864195,11.50124473847597],[123.0967492626108,11.501425612257878],[123.096749324358655,11.501606486037653],[123.096932717833994,11.501606425080015],[123.096932655969169,11.501425551301304],[123.096932594105411,11.501244677520285],[123.096749200864195,11.50124473847597]]],[[[123.097116049326289,11.501425490229179],[123.097116111308267,11.501606364007001],[123.097299504781475,11.501606302818525],[123.097299442682527,11.50142542904168],[123.097116049326289,11.501425490229179]]],[[[123.09381502861396,11.501607445659724],[123.093998422105642,11.501607386549141],[123.093998362113453,11.501426512754888],[123.09381496873884,11.501426571864494],[123.09381502861396,11.501607445659724]]],[[[123.096566054146848,11.501968294434496],[123.096749447857107,11.501968233590366],[123.096749386107305,11.50178735981512],[123.096565992514016,11.501787420658273],[123.096566054146848,11.501968294434496]]],[[[123.096015934291842,11.502149350051218],[123.096015873009222,11.501968476274284],[123.095832479294614,11.50196853665665],[123.095649085579012,11.501968596923552],[123.095649146627522,11.50214947070244],[123.095465752793885,11.502149530854856],[123.095465813726477,11.502330404632501],[123.09564920767717,11.502330344479107],[123.095649268727712,11.502511218253465],[123.095832662794578,11.502511157983632],[123.095832601626796,11.502330284210162],[123.095832540460165,11.50214941043456],[123.096015934291842,11.502149350051218]]],[[[123.093631814401093,11.502150126029965],[123.093631874163066,11.502330999817202],[123.093815268124061,11.502330940818174],[123.093815208244934,11.502150067032003],[123.093631814401093,11.502150126029965]]],[[[123.097116297259873,11.502148985326878],[123.097116359245945,11.50232985909564],[123.097116421232982,11.502510732862183],[123.097299815291493,11.502510671668821],[123.097299753187301,11.502329797903256],[123.097299691084359,11.502148924135382],[123.097116297259873,11.502148985326878]]],[[[123.096749571360007,11.502329981134197],[123.096566177415355,11.502330041980281],[123.096566239051214,11.502510915749754],[123.096749633112921,11.502510854902694],[123.096933027173392,11.50251079394017],[123.096932965303424,11.502329920172651],[123.096749571360007,11.502329981134197]]],[[[123.093448778441015,11.503235427607907],[123.093632172988038,11.503235368719634],[123.093632113221091,11.503054494943589],[123.093448718790953,11.503054553830973],[123.093448778441015,11.503235427607907]]],[[[123.093448838091874,11.50341630138262],[123.093448897743812,11.503597175155113],[123.093632292525029,11.503597116264887],[123.09363223275605,11.503416242493371],[123.093448838091874,11.50341630138262]]],[[[123.093265562497351,11.503778107700947],[123.093448957396717,11.503778048925296],[123.093448897743812,11.503597175155113],[123.0932655029616,11.503597233929787],[123.093265562497351,11.503778107700947]]],[[[123.092715436978878,11.503959157106904],[123.092715496165582,11.504140030876465],[123.09289889130217,11.50413997244525],[123.093082286437522,11.50413991389866],[123.093265681572149,11.504139855236607],[123.093265622034352,11.503958981469887],[123.093265562497351,11.503778107700947],[123.093082167596933,11.503778166361135],[123.093082227016779,11.503959040131052],[123.092898831998326,11.503959098676754],[123.092715436978878,11.503959157106904]]],[[[123.092348705889563,11.504140147392329],[123.092165310750133,11.504140205477155],[123.092165369586453,11.50432107924725],[123.092348764843024,11.504321021161536],[123.092532160098543,11.504320962960358],[123.092532101028013,11.504140089192129],[123.092348705889563,11.504140147392329]]],[[[123.094000582490665,11.508118841649852],[123.094000642520072,11.508299715361149],[123.094184040342697,11.508299656099753],[123.094367438164426,11.508299596722894],[123.09436737790098,11.508118723013462],[123.09418398019622,11.508118782389433],[123.094000582490665,11.508118841649852]]],[[[123.094917752856546,11.508661165305435],[123.09510115090832,11.508661105464592],[123.095101090174225,11.508480231763508],[123.09491769223952,11.508480291603375],[123.094917752856546,11.508661165305435]]],[[[123.09418410049031,11.508480529807853],[123.094184160638648,11.508661403513821],[123.094367558694671,11.50866134413492],[123.094367498429008,11.508480470430017],[123.09418410049031,11.508480529807853]]],[[[123.094367679228839,11.509023091538063],[123.094551077518105,11.509023032041833],[123.094551017133341,11.50884215834226],[123.094367618961215,11.508842217837602],[123.094367679228839,11.509023091538063]]],[[[123.093817544272397,11.509204143034792],[123.09381760419069,11.509385016733566],[123.094001002717278,11.509384957581949],[123.094184401242629,11.50938489831478],[123.094367799767085,11.509384838932148],[123.094367739497599,11.509203965236216],[123.094184341090113,11.509204024617871],[123.094000942681745,11.509204083884063],[123.093817544272397,11.509204143034792]]],[[[123.097118777511881,11.509383934330154],[123.097118839539419,11.5095648080093],[123.097302238164602,11.509564746777302],[123.097302176019824,11.509383873099134],[123.097118777511881,11.509383934330154]]],[[[123.095835049134067,11.509565233398268],[123.096018447766525,11.509565172974957],[123.096018386441614,11.50938429928995],[123.09583498792631,11.509384359712284],[123.095835049134067,11.509565233398268]]],[[[123.093817664109878,11.509565890430119],[123.09381760419069,11.509385016733566],[123.093634205663122,11.509385075769631],[123.093450807134673,11.509385134690232],[123.093450866819637,11.50956600838874],[123.093450926505682,11.509746882084938],[123.093634325268425,11.509746823162471],[123.093634265465241,11.50956594946725],[123.093817664109878,11.509565890430119]]],[[[123.09748563678879,11.509564685429842],[123.097485699051788,11.509745559104724],[123.097669097791893,11.509745497640823],[123.097669035411926,11.509564623966918],[123.09748563678879,11.509564685429842]]],[[[123.094368101130456,11.510289207378234],[123.094551500239689,11.510289147875254],[123.09455143984782,11.51010827419149],[123.094734838838747,11.510108214573934],[123.094734778330789,11.509927340888927],[123.094734717823812,11.509746467201611],[123.094551319067278,11.509746526817301],[123.094551379457016,11.509927400505505],[123.094367980582092,11.509927460006532],[123.094184581706273,11.509927519392095],[123.094184641862768,11.510108393080033],[123.094368040855827,11.510108333693493],[123.094368101130456,11.510289207378234]]],[[[123.093451045880585,11.510108629470674],[123.093450986192593,11.509927755778916],[123.093267587311715,11.509927814586808],[123.093267646882552,11.510108688279542],[123.093267706454455,11.510289561969968],[123.093451105569727,11.510289503160211],[123.093451045880585,11.510108629470674]]],[[[123.094368161406152,11.510470081060754],[123.094368101130456,11.510289207378234],[123.094184702020343,11.510289266765662],[123.094184641862768,11.510108393080033],[123.094001242868728,11.510108452350932],[123.094001302909149,11.510289326037627],[123.09400136295055,11.510470199722013],[123.094184762178969,11.51047014044916],[123.094368161406152,11.510470081060754]]],[[[123.093267766027424,11.510470435658172],[123.093267706454455,11.510289561969968],[123.093084307338302,11.510289620664262],[123.093084366793931,11.510470494353443],[123.093267766027424,11.510470435658172]]],[[[123.095102062042059,11.511374210711368],[123.095102122792397,11.511555084376569],[123.095285522717418,11.51155502440472],[123.095285461849841,11.511374150740496],[123.095102062042059,11.511374210711368]]],[[[123.094735322938973,11.511555203973613],[123.09455192301084,11.511555263598895],[123.094551983410881,11.511736137264718],[123.094735383456083,11.511736077638458],[123.094735322938973,11.511555203973613]]],[[[123.094001723220401,11.511555441781342],[123.09381832328809,11.511555500944416],[123.093818383219443,11.511736374613969],[123.094001783268723,11.511736315450007],[123.094185183317123,11.511736256170403],[123.094185123151462,11.511555382502715],[123.094001723220401,11.511555441781342]]],[[[123.093268123485487,11.511555677740327],[123.093268063906564,11.511374804065534],[123.093084664087499,11.511374862765512],[123.092901264267468,11.511374921349939],[123.092901323611997,11.511555795026597],[123.092901382957493,11.511736668700946],[123.093084783012017,11.511736610114655],[123.093084842475562,11.511917483785895],[123.093268242646175,11.511917425083075],[123.093451642815708,11.511917366264703],[123.093451583117684,11.511736492595416],[123.093268183065291,11.511736551412811],[123.093268123485487,11.511555677740327]]],[[[123.091617406975871,11.511194454520281],[123.091617465499198,11.511375328205732],[123.091800865326249,11.511375270430081],[123.091984265152249,11.511375212538967],[123.092167664977254,11.511375154532212],[123.092351064801292,11.511375096409994],[123.092351005809192,11.511194222728184],[123.092350946818073,11.511013349044243],[123.092167547228343,11.511013407164684],[123.092167488355429,11.510832533477545],[123.091984088881773,11.510832591481458],[123.091984030126994,11.510651717791211],[123.092167429483411,11.510651659788186],[123.092350828838846,11.510651601669698],[123.092534228193301,11.510651543435658],[123.092717627546875,11.510651485086067],[123.092901026899199,11.510651426620923],[123.092900967559643,11.510470552933073],[123.092717568324289,11.51047061139724],[123.092534169087969,11.510470669745944],[123.092350769850739,11.510470727979007],[123.092167370612458,11.510470786096606],[123.092167311742401,11.510289912402717],[123.091983912620279,11.510289970403788],[123.091800513497105,11.510290028289395],[123.091617114373037,11.510290086059451],[123.09161717289156,11.510470959756093],[123.091617231411149,11.510651833450515],[123.091617289931719,11.510832707142717],[123.091433890455221,11.510832764799973],[123.091433948859617,11.511013638490843],[123.091250549264913,11.511013696033524],[123.091250607553121,11.511194569723061],[123.091067207840382,11.511194627151168],[123.091067266012331,11.511375500839462],[123.090883866181542,11.511375558152904],[123.090700466349688,11.511375615350884],[123.090700524288408,11.511556489038734],[123.090700582227925,11.511737362724274],[123.090700640168691,11.511918236407594],[123.090517239984237,11.511918293492775],[123.090333839799058,11.511918350462404],[123.090150439612728,11.511918407316481],[123.090150497202842,11.512099281000333],[123.090150554793937,11.512280154681966],[123.090150612386083,11.512461028361288],[123.090150669979124,11.512641902038391],[123.090150727573061,11.512822775713273],[123.090334128345134,11.512822718854666],[123.090334186057277,11.513003592526351],[123.090517586945623,11.513003535551215],[123.090700987832818,11.513003478460528],[123.090700929886452,11.512822604790708],[123.090700871940982,11.512641731118579],[123.090884272592888,11.512641673914116],[123.090884214531158,11.512460800240744],[123.09088415647058,11.512279926564974],[123.091067556887211,11.512279869246912],[123.091250957302861,11.512279811813299],[123.091434357717631,11.512279754264044],[123.09161775813142,11.512279696599327],[123.091801158544143,11.512279638818969],[123.091984558955986,11.512279580923147],[123.091984500193206,11.512098707250752],[123.091801099898618,11.512098765145685],[123.091617699602949,11.512098822925067],[123.0914342993064,11.512098880588896],[123.091250899008784,11.512098938137173],[123.091067498710288,11.512098995569898],[123.090884098410712,11.512099052887072],[123.090884040351909,11.511918179206861],[123.091067440534417,11.511918121890664],[123.091067382359441,11.511737248209121],[123.091250782423643,11.511737190778261],[123.091250724132493,11.511556317095474],[123.091250665842409,11.511375443410378],[123.091434065671251,11.511375385865831],[123.091434007264894,11.511194512179491],[123.091617406975871,11.511194454520281]]],[[[123.096569383853222,11.511735475021746],[123.096385983818067,11.511735535803348],[123.096386045390688,11.51191640945718],[123.096569445542897,11.511916348674601],[123.096752845694056,11.51191628777647],[123.096752783887226,11.511735414124592],[123.096569383853222,11.511735475021746]]],[[[123.095652383667485,11.511735777774414],[123.095652444771403,11.511916651432154],[123.09583584492772,11.511916591111783],[123.095835783706647,11.511735717454931],[123.095652383667485,11.511735777774414]]],[[[123.094368643648309,11.511917070439827],[123.094552043811817,11.511917010928231],[123.094551983410881,11.511736137264718],[123.094368583364442,11.511736196775336],[123.094368643648309,11.511917070439827]]],[[[123.096019245083042,11.511916530675771],[123.09601930642242,11.512097404329337],[123.096202706693745,11.512097343776885],[123.096202645237483,11.511916470124296],[123.096019245083042,11.511916530675771]]],[[[123.092351300779555,11.512098591114318],[123.092534701071216,11.512098532872729],[123.092534641957968,11.511917659200956],[123.092351241783547,11.511917717441568],[123.092351300779555,11.512098591114318]]],[[[123.092167841607974,11.511917775566628],[123.091984441431507,11.511917833576225],[123.091984500193206,11.512098707250752],[123.092167900486913,11.512098649240356],[123.092167841607974,11.511917775566628]]],[[[123.096019367762594,11.512278277980771],[123.09601930642242,11.512097404329337],[123.095835906149858,11.512097464766326],[123.095835967372878,11.512278338418648],[123.096019367762594,11.512278277980771]]],[[[123.093084961406035,11.512279231121537],[123.093268361810843,11.512279172416852],[123.093268302228026,11.512098298751029],[123.093084901940259,11.512098357454827],[123.093084961406035,11.512279231121537]]],[[[123.092718101361996,11.512098474515676],[123.092718160593279,11.512279348184252],[123.092901561000232,11.512279289710671],[123.092901501651625,11.512098416042983],[123.092718101361996,11.512098474515676]]],[[[123.095836028597148,11.51245921206875],[123.095835967372878,11.512278338418648],[123.095652566982267,11.512278398741062],[123.095652628089212,11.512459272392052],[123.095836028597148,11.51245921206875]]],[[[123.096753154743908,11.512820656002377],[123.096936555479928,11.512820594983809],[123.096936493550629,11.512639721344099],[123.096753092931849,11.51263978236169],[123.096753154743908,11.512820656002377]]],[[[123.097120018262316,11.513001407486113],[123.097119956214883,11.512820533849601],[123.096936555479928,11.512820594983809],[123.096936617410122,11.513001468621299],[123.097120018262316,11.513001407486113]]],[[[123.09748688224613,11.513182158501424],[123.097670283212366,11.513182097018605],[123.097670220812333,11.513001223387333],[123.097486819963336,11.513001284869175],[123.09748688224613,11.513182158501424]]],[[[123.095652994752712,11.513544514251274],[123.095469593540713,11.513544574464886],[123.095469654537709,11.513725448101221],[123.095653055866848,11.513725387886632],[123.095652994752712,11.513544514251274]]],[[[123.097120266462355,11.513724902009605],[123.097303667782086,11.513724840754959],[123.097303605613334,11.513543967128482],[123.097120204410658,11.513544028382151],[123.0969368032071,11.513544089520268],[123.096936865141558,11.513724963148698],[123.096936927076911,11.513905836774997],[123.097120328514947,11.513905775634926],[123.097120266462355,11.513724902009605]]],[[[123.095469715535842,11.513906321735247],[123.095469654537709,11.513725448101221],[123.095286253207675,11.513725508200169],[123.095286314088568,11.513906381835261],[123.095469715535842,11.513906321735247]]],[[[123.097120390568591,11.514086649257939],[123.097120452623216,11.514267522878731],[123.09730385429458,11.514267461621065],[123.097303792122801,11.514086588001339],[123.097120390568591,11.514086649257939]]],[[[123.09546977653487,11.514087195367141],[123.095469837534793,11.514268068996726],[123.09565323921538,11.514268008779206],[123.095653178098146,11.514087135150598],[123.09546977653487,11.514087195367141]]],[[[123.096203444251145,11.514267827433246],[123.096203505720908,11.514448701056702],[123.096386907514571,11.514448640375997],[123.096386845927739,11.514267766753518],[123.096203444251145,11.514267827433246]]],[[[123.094919693136305,11.514449122586003],[123.095103094937258,11.514449062714251],[123.095103034170478,11.514268189085021],[123.094919632486864,11.514268248955796],[123.094919693136305,11.514449122586003]]],[[[123.094369487727604,11.514449301507858],[123.09455288953157,11.514449241982762],[123.094552829116438,11.514268368350601],[123.094369427429712,11.51426842787472],[123.094369487727604,11.514449301507858]]],[[[123.097487255964964,11.514267400247936],[123.097487318255048,11.514448273864465],[123.097487380546198,11.514629147478773],[123.097670782449725,11.51462908598805],[123.097670720041336,11.514448212374718],[123.097670657634012,11.514267338759167],[123.097487255964964,11.514267400247936]]],[[[123.095469898535853,11.514448942624002],[123.095469959537994,11.514629816249146],[123.095653361452989,11.514629756029672],[123.095653300333694,11.514448882405594],[123.095469898535853,11.514448942624002]]],[[[123.096570371012476,11.514629453198934],[123.09657043271875,11.514810326815907],[123.096753834744675,11.514810265902055],[123.096753772921247,11.514629392286059],[123.096570371012476,11.514629453198934]]],[[[123.094369728929593,11.515172796017938],[123.094186326655958,11.515172855431212],[123.09418638684177,11.515353729054047],[123.094186447028562,11.51553460267475],[123.094369849536676,11.515534543259522],[123.094369789232644,11.515353669639795],[123.094369728929593,11.515172796017938]]],[[[123.094186507216506,11.515715476293144],[123.094186447028562,11.51553460267475],[123.094003044519468,11.515534661974337],[123.094003104590087,11.515715535593708],[123.094186507216506,11.515715476293144]]],[[[123.093086031959004,11.515534956738817],[123.092902629443884,11.515535015344915],[123.092902688811321,11.51571588896997],[123.09308609144378,11.515715830362895],[123.093086150929352,11.515896703984753],[123.093269553677814,11.515896645261149],[123.093452956425281,11.515896586421905],[123.09345289670523,11.515715712802001],[123.09345283698616,11.515534839179788],[123.093269434473072,11.515534898017078],[123.093086031959004,11.515534956738817]]],[[[123.095653850444052,11.516076744941918],[123.095837253295713,11.516076684599165],[123.095837192050922,11.515895810993916],[123.0956537893166,11.515895871335781],[123.095653850444052,11.516076744941918]]],[[[123.095287044737972,11.516076865280768],[123.09528710563211,11.516257738886639],[123.095470508602872,11.516257678774013],[123.09547044759168,11.516076805169119],[123.095287044737972,11.516076865280768]]],[[[123.094553433313479,11.516077104571311],[123.094370030454797,11.516077164105022],[123.094370090762922,11.516258037715689],[123.094553493738744,11.516257978181089],[123.094736896713684,11.516257918530849],[123.09473683617118,11.516077044922048],[123.094553433313479,11.516077104571311]]],[[[123.093453075868496,11.516258333655051],[123.093636478849305,11.516258274698389],[123.093636419010053,11.516077401083903],[123.093453016146313,11.516077460039588],[123.093453075868496,11.516258333655051]]],[[[123.095287166527228,11.5164386124902],[123.09528710563211,11.516257738886639],[123.095103702660367,11.516257798883624],[123.095103763438146,11.516438672488162],[123.095287166527228,11.5164386124902]]],[[[123.096387585039807,11.516438250075035],[123.096387646639144,11.516619123670603],[123.096571049838175,11.516619062862533],[123.096570988121584,11.516438189267943],[123.096387585039807,11.516438250075035]]],[[[123.093269970925732,11.517162760544521],[123.093453374493706,11.517162701698703],[123.093636778060628,11.517162642737246],[123.093636718216402,11.516981769133951],[123.093453314766649,11.51698182809452],[123.093269911315815,11.516981886939361],[123.093086507864101,11.516981945668649],[123.093086567356778,11.517162819274786],[123.093269970925732,11.517162760544521]]],[[[123.092903223163262,11.517343751494304],[123.092903163786758,11.51716287788941],[123.092719760215857,11.517162936388482],[123.092536356643876,11.517162994771914],[123.092536415785901,11.517343868378672],[123.092719819475022,11.517343809994264],[123.092903223163262,11.517343751494304]]],[[[123.096204550865494,11.517523552312005],[123.096387954651604,11.517523491614602],[123.096387893047108,11.517342618030314],[123.096204489378152,11.517342678726651],[123.096204550865494,11.517523552312005]]],[[[123.094187109150297,11.517524212353448],[123.094370512947691,11.51752415292774],[123.09437045263256,11.517343279332705],[123.094187048952406,11.517343338757525],[123.094187109150297,11.517524212353448]]],[[[123.09235307112148,11.517524800252867],[123.092536474928821,11.517524741983122],[123.092536415785901,11.517343868378672],[123.092353012095799,11.51734392664744],[123.09235307112148,11.517524800252867]]],[[[123.092169667313073,11.517524858407059],[123.09198626350377,11.517524916445522],[123.091802859693416,11.517524974368433],[123.09180291836843,11.517705847974392],[123.091986322296037,11.517705790050593],[123.091986381089356,11.517886663653355],[123.092169785133137,11.517886605612938],[123.092169726222565,11.517705732011153],[123.092353130148211,11.517705673856073],[123.09235307112148,11.517524800252867],[123.092169667313073,11.517524858407059]]],[[[123.094920845670373,11.517885721134226],[123.095104249698167,11.517885661244177],[123.095287653724967,11.517885601238488],[123.095287592821776,11.517704727652779],[123.095104188912117,11.517704787657491],[123.094920785001577,11.517704847546652],[123.094737381090042,11.517704907320171],[123.094737441641698,11.517885780908722],[123.094920845670373,11.517885721134226]]],[[[123.093453673143969,11.518067069686223],[123.093637077297075,11.518067010720058],[123.093637017447705,11.517886137127954],[123.093453613411924,11.517886196093231],[123.093453673143969,11.518067069686223]]],[[[123.09272005652177,11.51806730439492],[123.092903460678869,11.518067245891141],[123.092903401298457,11.517886372295306],[123.092719997258598,11.517886430798109],[123.09272005652177,11.51806730439492]]],[[[123.092353248204617,11.518067421055646],[123.092353189175924,11.517886547456969],[123.092169785133137,11.517886605612938],[123.092169844044591,11.518067479212592],[123.09216990295711,11.518248352809936],[123.092353307234376,11.518248294652102],[123.09253671151059,11.518248236378627],[123.092536652363677,11.518067362783059],[123.092353248204617,11.518067421055646]]],[[[123.096571543608263,11.518066051538169],[123.096571605334177,11.518246925112509],[123.096755009587127,11.518246864180005],[123.096754947743975,11.518065990606642],[123.096571543608263,11.518066051538169]]],[[[123.093637077297075,11.518067010720058],[123.093637137147425,11.518247884309853],[123.093820541416619,11.518247825227069],[123.093820481449129,11.518066951638252],[123.093637077297075,11.518067010720058]]],[[[123.094003945684932,11.518247766028734],[123.093820541416619,11.518247825227069],[123.09382060138519,11.518428698813755],[123.094004005770728,11.518428639614443],[123.094003945684932,11.518247766028734]]],[[[123.093453852346229,11.518609690451788],[123.093453912082268,11.518790564035809],[123.093637316704246,11.518790505065825],[123.093637256850968,11.51860963148278],[123.093453852346229,11.518609690451788]]],[[[123.097305408930552,11.518789301386624],[123.097305471129602,11.518970174947997],[123.097488875847233,11.518970113549111],[123.097488813531129,11.518789239988715],[123.097305408930552,11.518789301386624]]],[[[123.093270507459394,11.518790622890242],[123.093270567079259,11.518971496472931],[123.093270626699919,11.519152370053488],[123.093454031557442,11.519152311197191],[123.093453971819372,11.51897143761761],[123.093453912082268,11.518790564035809],[123.093270507459394,11.518790622890242]]],[[[123.097122128493595,11.519151109791549],[123.097122190577451,11.519331983349458],[123.097305595530713,11.51933192206417],[123.097305533329632,11.519151048507238],[123.097122128493595,11.519151109791549]]],[[[123.093454031557442,11.519152311197191],[123.093454091296593,11.519333184774551],[123.09363749627029,11.519333125801635],[123.093637436413815,11.519152252225341],[123.093454031557442,11.519152311197191]]],[[[123.097122252662359,11.519512856905147],[123.097122190577451,11.519331983349458],[123.096938785623109,11.519332044519105],[123.096938847590792,11.519512918075771],[123.097122252662359,11.519512856905147]]],[[[123.096572037444616,11.519513040070185],[123.09675544251823,11.519512979130843],[123.096755380667886,11.5193321055732],[123.096571975711427,11.519332166511566],[123.096572037444616,11.519513040070185]]],[[[123.09363749627029,11.519333125801635],[123.093637556127476,11.519513999375709],[123.093820961217432,11.519513940286354],[123.093820901242921,11.519333066713168],[123.09363749627029,11.519333125801635]]],[[[123.094004546587897,11.520056501784394],[123.094004486493034,11.519875628218935],[123.094004426399238,11.519694754651256],[123.094004366306336,11.519513881081268],[123.093820961217432,11.519513940286354],[123.093821021193023,11.51969481385723],[123.09382108116958,11.519875687425975],[123.09363767584513,11.519875746517284],[123.093637735705514,11.520056620084608],[123.093637795566877,11.520237493649711],[123.093821201125706,11.520237434556536],[123.09382126110529,11.520418308118442],[123.093821321085926,11.520599181678127],[123.093821381067542,11.520780055235592],[123.094004786977294,11.520779996023846],[123.094004726878353,11.520599122467358],[123.094004666780464,11.52041824890865],[123.094004606683654,11.520237375347632],[123.094004546587897,11.520056501784394]]],[[[123.093638035022266,11.520960987887831],[123.093638094888519,11.521141861441743],[123.093821501033716,11.521141802343683],[123.093821441050139,11.520960928790748],[123.093821381067542,11.520780055235592],[123.093637975156909,11.520780114331698],[123.093638035022266,11.520960987887831]]],[[[123.093454808243536,11.521503667527012],[123.093638214624377,11.521503608542817],[123.093638154755908,11.521322734993346],[123.093454748492491,11.521322793976653],[123.093454808243536,11.521503667527012]]],[[[123.09638949510142,11.522045330493048],[123.096389556732831,11.522226204018983],[123.096572963566373,11.522226143180538],[123.096572901817723,11.52204526965558],[123.09638949510142,11.522045330493048]]],[[[123.09620621141346,11.522407138266479],[123.096389618365308,11.522407077542697],[123.096389556732831,11.522226204018983],[123.096206149898308,11.522226264741787],[123.09620621141346,11.522407138266479]]],[[[123.094005267804405,11.522226984394925],[123.094005327912242,11.522407857931162],[123.09418873487634,11.522407798595248],[123.094188795102482,11.522588672128288],[123.094188855329676,11.522769545659107],[123.09418891555795,11.522950419187707],[123.094372322872701,11.522950359733221],[123.094372262527372,11.522769486205599],[123.094372202182754,11.522588612675756],[123.094372141839287,11.522407739143604],[123.0943720814968,11.522226865609232],[123.09437202115538,11.522045992072639],[123.094188614426912,11.522046051522329],[123.094005207697464,11.522046110856378],[123.09382180096695,11.522046170074786],[123.093821740978314,11.521865296533131],[123.093638334363973,11.521865355634921],[123.09363839423537,11.522046229177553],[123.093638454107833,11.522227102717965],[123.093821860956652,11.522227043614221],[123.094005267804405,11.522226984394925]]],[[[123.094188975787105,11.523131292714085],[123.09418891555795,11.522950419187707],[123.09400550824212,11.522950478526552],[123.094005568354035,11.523131352053818],[123.094188975787105,11.523131292714085]]],[[[123.0938225209091,11.524216652400389],[123.093822460908385,11.524035778885557],[123.093822400908564,11.523854905368593],[123.093822340909881,11.523674031849319],[123.093822280912278,11.523493158327826],[123.093822220915555,11.523312284804023],[123.093638813363214,11.523312343913451],[123.093638873242512,11.523493217438142],[123.093455465571864,11.523493276432907],[123.093455525334903,11.523674149956266],[123.093455585099008,11.523855023477404],[123.093638993004404,11.523854964480863],[123.093639052886815,11.524035837998804],[123.09363911277012,11.524216711514525],[123.093639172654562,11.524397585028025],[123.093822580910711,11.524397525912912],[123.0938225209091,11.524216652400389]]],[[[123.093822820927599,11.525121019940533],[123.093828398242934,11.525121018139256],[123.094006173602693,11.524952342556986],[123.094006169528967,11.524940087203385],[123.094006109406934,11.5247592136985],[123.094006049285952,11.524578340191395],[123.093822640913459,11.524578399423214],[123.093822700917286,11.524759272931208],[123.09382276092191,11.52494014643707],[123.093822820927599,11.525121019940533]]],[[[123.10187297850868,11.469951794980661],[123.101884504234562,11.469951790957463],[123.101872971555906,11.469932398116667],[123.10187297850868,11.469951794980661]]],[[[123.102056546359904,11.470494353385265],[123.102056611314879,11.470675227518536],[123.102239984773163,11.470675163390633],[123.10223994630924,11.470568248838457],[123.10212429509815,11.470355012636002],[123.102056455355282,11.470240936333932],[123.102056481405825,11.470313479249773],[123.102056546359904,11.470494353385265]]],[[[123.101873302695125,11.470856165663358],[123.102056676271104,11.470856101649586],[123.102056611314879,11.470675227518536],[123.101873237855614,11.470675291531242],[123.101873302695125,11.470856165663358]]],[[[123.101689929118095,11.470856229562022],[123.101689993841973,11.471037103692895],[123.101690058566902,11.471217977821548],[123.101873432377346,11.471217913920841],[123.101873367535617,11.471037039793165],[123.101873302695125,11.470856165663358],[123.101689929118095,11.470856229562022]]],[[[123.09857270362356,11.471219046519655],[123.098572766365464,11.471399920663318],[123.098756140310826,11.471399858718735],[123.098756077452308,11.471218984576049],[123.09857270362356,11.471219046519655]]],[[[123.098206018471373,11.47140004420716],[123.098389392419037,11.471399982492793],[123.098389329793932,11.471219108348153],[123.098205955962968,11.471219170061454],[123.098206018471373,11.47140004420716]]],[[[123.099306325350753,11.471580546331607],[123.09930638856143,11.471761420466832],[123.099489762736212,11.471761358059686],[123.099489699408565,11.471580483925527],[123.099306325350753,11.471580546331607]]],[[[123.101873691754847,11.471941410408805],[123.10187362690877,11.471760536290189],[123.101690252748284,11.471760600194004],[123.101690317477491,11.471941474313686],[123.101873691754847,11.471941410408805]]],[[[123.09985663820737,11.472122981157641],[123.099856701771543,11.472303855283096],[123.100040076293155,11.472303792527518],[123.100040012612283,11.472122918403128],[123.09985663820737,11.472122981157641]]],[[[123.101507266278219,11.472845908673447],[123.101690641140266,11.472845844878611],[123.101690576405559,11.472664970770031],[123.101690511671833,11.47248409665932],[123.101690446939344,11.4723032225463],[123.101507072427424,11.472303286338116],[123.1015070078127,11.472122412221898],[123.101323633416413,11.472122475897541],[123.101323697914509,11.472303350014824],[123.101140323400358,11.472303413576336],[123.101140387782721,11.472484287692376],[123.1013237624135,11.472484224129799],[123.101323826913728,11.472665098242642],[123.101507201660127,11.472665034563891],[123.101507266278219,11.472845908673447]]],[[[123.100406953165148,11.472665414909068],[123.100590327917075,11.472665351806123],[123.100590263883845,11.472484477689195],[123.100406889248632,11.472484540791163],[123.100406953165148,11.472665414909068]]],[[[123.098939829147412,11.472304167333926],[123.098939766166865,11.472123293203408],[123.098939703187369,11.47194241907067],[123.098939640208954,11.471761544935623],[123.098756266031145,11.471761606997356],[123.098572891852285,11.471761668943982],[123.098389517672274,11.4717617307755],[123.098206143491268,11.47176179249182],[123.09802276930921,11.471761854093034],[123.097839395126172,11.47176191557905],[123.097839457404177,11.471942789720048],[123.097656083103374,11.471942851092022],[123.09747270880149,11.471942912348799],[123.097472646756898,11.471762038205847],[123.097289272570663,11.47176209934654],[123.097105898383361,11.471762160372036],[123.096922524194994,11.471762221282512],[123.096922462501496,11.47158134713432],[123.096739088428862,11.471581407928623],[123.096739150005561,11.471762282077792],[123.096555775815148,11.471762342757964],[123.096372401623853,11.47176240332294],[123.096372462968034,11.471943277471842],[123.096555837276298,11.471943216905801],[123.096739211583326,11.471943156224741],[123.096922585889374,11.471943095428395],[123.09710596019454,11.471943034517031],[123.097289334498456,11.471942973490469],[123.097289396427499,11.472123847632178],[123.097289458357423,11.472304721771666],[123.097289520288598,11.472485595908845],[123.097289582220569,11.472666470043892],[123.09728964415369,11.47284734417663],[123.097473019040436,11.472847283030076],[123.097656393925931,11.472847221768236],[123.097839768810545,11.472847160391376],[123.097839706527211,11.472666286261569],[123.09802308129396,11.47266622477049],[123.098206456059643,11.472666163164304],[123.09838983082426,11.472666101443009],[123.098389893457721,11.472846975569796],[123.098573268338058,11.472846913732328],[123.098573331089383,11.473027787855917],[123.098573393841846,11.473208661977198],[123.098756768954459,11.473208600022579],[123.098756831824602,11.473389474140751],[123.09875689469591,11.473570348256525],[123.098756957568199,11.473751222370167],[123.098757020441639,11.473932096481589],[123.098940396020183,11.473932034407776],[123.098940333030043,11.47375116029742],[123.098940270041041,11.473570286184755],[123.098940207053118,11.473389412069958],[123.098940144066177,11.473208537952852],[123.098940081080286,11.473027663833525],[123.099123456074139,11.473027601649667],[123.099306831067111,11.473027539350612],[123.099490206058746,11.473027476936361],[123.099490269394835,11.473208351052667],[123.099490332731904,11.473389225166754],[123.099673707956157,11.473389162635351],[123.099673771411005,11.473570036746152],[123.099490396070138,11.473570099278531],[123.099490459409509,11.473750973388176],[123.099673834866991,11.473750910854731],[123.099857210323592,11.473750848206267],[123.100040585779212,11.473750785442517],[123.100040649469776,11.473931659546833],[123.100224025040859,11.473931596666999],[123.100223961233596,11.473750722563748],[123.100407336686985,11.473750659569694],[123.100407272763988,11.4735697854652],[123.100223897427384,11.473569848458189],[123.100040522089714,11.47356991133598],[123.100040458401281,11.473389037227223],[123.100040394713915,11.473208163116157],[123.100040331027614,11.473027289002959],[123.100040267342379,11.472846414887451],[123.099856892470555,11.472846477646049],[123.099856828903185,11.472665603527256],[123.099673454147094,11.472665666169769],[123.099673390697404,11.472484792047778],[123.099490016056961,11.472484854574029],[123.099489952725122,11.47230398044884],[123.099306578200313,11.472304042859006],[123.099123203674353,11.472304105153976],[123.098939829147412,11.472304167333926]]],[[[123.10132395591728,11.473026846461577],[123.101507330897292,11.473026782780783],[123.101507266278219,11.472845908673447],[123.101323891414921,11.472845972353175],[123.10132395591728,11.473026846461577]]],[[[123.101324084925295,11.473388594671542],[123.101324020420805,11.473207720567581],[123.10132395591728,11.473026846461577],[123.101140580936303,11.473026910027174],[123.101140516550743,11.472846035917796],[123.100957141685313,11.472846099367308],[123.100957077417533,11.472665225254643],[123.100773702667837,11.472665288587892],[123.100590327917075,11.472665351806123],[123.100590391951357,11.472846225920742],[123.100773766819003,11.472846162701623],[123.100773830971065,11.473027036813045],[123.100957205954174,11.473026973477664],[123.100957270224185,11.473207847585799],[123.101140645323113,11.473207784134244],[123.101140709710805,11.473388658239182],[123.101324084925295,11.473388594671542]]],[[[123.102057390861262,11.472845716943349],[123.102240765720026,11.472845652803011],[123.102240830806096,11.473026526906262],[123.102424205780508,11.47302646264975],[123.102424270984343,11.473207336749626],[123.102607646074475,11.473207272376941],[123.102791021163455,11.473207207889059],[123.102791086601869,11.473388081984671],[123.102974461806667,11.473388017380616],[123.102974527362846,11.473568891472853],[123.102974592920276,11.473749765562959],[123.103157968357252,11.473749700841664],[123.103158034032532,11.473930574928483],[123.103341409585141,11.473930510091014],[123.103524785136685,11.473930445138349],[123.103708160687162,11.473930380070575],[123.103891536236574,11.473930314887694],[123.103891602379932,11.474111188968029],[123.104022930852167,11.474111142202627],[123.103759634455216,11.473517992856236],[123.103517518408395,11.473026077149706],[123.103341080636369,11.473026139640043],[123.103157705667371,11.473026204472271],[123.102974330697322,11.473026269189392],[123.102790955726121,11.473026333791315],[123.102607580753926,11.473026398278042],[123.102607515434357,11.472845524177012],[123.10260745011594,11.472664650073673],[123.102607384798674,11.472483775968113],[123.102790759420742,11.472483711484406],[123.102790693987927,11.472302837377692],[123.102790628556008,11.472121963268757],[123.102974002943498,11.472121898672073],[123.103072473598502,11.472121863922284],[123.102983464598651,11.471941021199846],[123.102973937396015,11.471941024561895],[123.102790563125225,11.471941089157513],[123.102790497695608,11.471760215044048],[123.102607123540551,11.471760279523492],[123.102607058228614,11.47157940540683],[123.102606992917927,11.471398531287859],[123.102606937445998,11.471244902334776],[123.102592163512909,11.471217662348625],[123.102423553802296,11.471217721527895],[123.102423488610441,11.471036847403417],[123.102240114919908,11.47103691164847],[123.102240179995135,11.471217785774014],[123.102240245071258,11.471398659897249],[123.102056871146146,11.471398724029237],[123.102056806186738,11.471217849904937],[123.101873432377346,11.471217913920841],[123.101873497220055,11.471398788046118],[123.101873562063929,11.471579662169264],[123.10187362690877,11.471760536290189],[123.10205700106836,11.471760472271177],[123.102240375226785,11.471760408137056],[123.102240440306375,11.471941282253718],[123.102423814580362,11.471941218003424],[123.102423879777632,11.472122092116711],[123.102423944976053,11.472302966227778],[123.102424010175454,11.472483840336624],[123.102240635551269,11.472483904590026],[123.102240700635107,11.472664778697629],[123.102057325892972,11.472664842836901],[123.102057390861262,11.472845716943349]]],[[[123.104075044305944,11.474291997745935],[123.104103207376099,11.474291987699372],[123.104075021040629,11.474228490034168],[123.104075044305944,11.474291997745935]]],[[[123.104625637955806,11.475557919608738],[123.104645856671183,11.475557912357267],[123.104625619188809,11.475506966339543],[123.104625637955806,11.475557919608738]]],[[[123.101874145707455,11.473207529176767],[123.101874210562244,11.47338840327753],[123.102057585772371,11.473388339249281],[123.102240960981433,11.473388275105835],[123.102240895893232,11.473207401007114],[123.102057520800884,11.473207465149494],[123.101874145707455,11.473207529176767]]],[[[123.102241026070701,11.473569149202246],[123.10242440139541,11.473569084942627],[123.102424336189429,11.473388210847281],[123.102240960981433,11.473388275105835],[123.102241026070701,11.473569149202246]]],[[[123.100590584060882,11.473388848251366],[123.100407208842142,11.473388911358485],[123.100407272763988,11.4735697854652],[123.100590648099526,11.473569722357103],[123.100590584060882,11.473388848251366]]],[[[123.102607842042872,11.473749894660047],[123.10260777671904,11.473569020567899],[123.10242440139541,11.473569084942627],[123.102424466602528,11.473749959035841],[123.102607842042872,11.473749894660047]]],[[[123.101874275418098,11.473569277376074],[123.101874340275018,11.473750151472396],[123.102057715718558,11.473750087442015],[123.102057650744939,11.473569213346758],[123.101874275418098,11.473569277376074]]],[[[123.102057845669194,11.474111835625779],[123.102241221345253,11.474111771478247],[123.102241156252617,11.473930897388497],[123.102057780693428,11.473930961535052],[123.102057845669194,11.474111835625779]]],[[[123.098757083315874,11.474112970590701],[123.098757020441639,11.473932096481589],[123.098573644861858,11.473932158440205],[123.098573707619479,11.474113032550294],[123.098757083315874,11.474112970590701]]],[[[123.103158099708793,11.474111449012993],[123.103158165386304,11.474292323095282],[123.103341541172412,11.474292258255771],[123.103341475378201,11.474111384174458],[123.103158099708793,11.474111449012993]]],[[[123.100590904264934,11.474293218757671],[123.100774280066403,11.474293155530292],[123.100774215906611,11.474112281434502],[123.10059084022194,11.474112344660815],[123.100590904264934,11.474293218757671]]],[[[123.100040776854101,11.474293407748805],[123.100224152658683,11.474293344866927],[123.100224088849373,11.474112470768029],[123.100040713161405,11.474112533648929],[123.100040776854101,11.474293407748805]]],[[[123.098206956223464,11.474113156124067],[123.098207018748738,11.474294030233979],[123.098390394563978,11.474293968503714],[123.098573770378337,11.474293906658252],[123.098573707619479,11.474113032550294],[123.09839033192209,11.474113094394779],[123.098206956223464,11.474113156124067]]],[[[123.100957655866722,11.474293092187805],[123.100774280066403,11.474293155530292],[123.100774344227077,11.474474029623773],[123.100957720144194,11.47447396628022],[123.100957655866722,11.474293092187805]]],[[[123.098207081274907,11.474474904341671],[123.098207018748738,11.474294030233979],[123.098023642932247,11.474294091849137],[123.098023705341802,11.474474965957805],[123.098207081274907,11.474474904341671]]],[[[123.099307526538169,11.475017154517898],[123.099490902814111,11.475017092092633],[123.099674279088987,11.475017029552172],[123.099674215625527,11.474836155459224],[123.09949083946745,11.474836217998709],[123.099490776121854,11.474655343902564],[123.099674152163146,11.474655281364056],[123.099674088701732,11.474474407266667],[123.099490712777154,11.474474469804109],[123.099490649433591,11.474293595703523],[123.099490586091108,11.474112721600628],[123.099307210398962,11.47411278402083],[123.099307273624746,11.474293658124791],[123.09930733685141,11.474474532226354],[123.099307400079326,11.474655406325786],[123.099307463308222,11.474836280422997],[123.099307526538169,11.475017154517898]]],[[[123.10040772024746,11.474835904149851],[123.100407784177918,11.475016778238624],[123.100591160447465,11.475016715122356],[123.100591096400208,11.47483584103456],[123.100591032354018,11.474654966944454],[123.100590968308893,11.474474092852128],[123.100590904264934,11.474293218757671],[123.100407528462384,11.474293281869853],[123.100407592389644,11.474474155965376],[123.100407656317984,11.474655030058679],[123.10040772024746,11.474835904149851]]],[[[123.098023705341802,11.474474965957805],[123.097840329407632,11.474475027458832],[123.097840391701439,11.474655901566257],[123.097840453996326,11.474836775671461],[123.098023830164081,11.474836714168481],[123.098023767752494,11.474655840064253],[123.098023705341802,11.474474965957805]]],[[[123.102058105583595,11.474835331966572],[123.102241481726566,11.474835267814866],[123.102241416629582,11.474654393733998],[123.102058040603296,11.474654457884727],[123.102058105583595,11.474835331966572]]],[[[123.100040967938583,11.474836030034842],[123.10004090424269,11.474655155941717],[123.100040840547862,11.474474281846371],[123.099857464625416,11.474474344614118],[123.099857528203444,11.474655218710529],[123.099857591782722,11.474836092804631],[123.099857655362882,11.475016966896513],[123.100041031635627,11.475016904125747],[123.100040967938583,11.474836030034842]]],[[[123.103708490831252,11.474834750455111],[123.103708424800161,11.47465387638268],[123.103525048782686,11.474653941454717],[123.103525114697064,11.474834815528125],[123.103525180612337,11.475015689599401],[123.103525246528761,11.475196563668456],[123.103525312446436,11.475377437735203],[123.103708688930922,11.475377372658992],[123.103708622896633,11.475196498593311],[123.10370855686341,11.475015624525321],[123.103708490831252,11.474834750455111]]],[[[123.098757460584579,11.475198215198569],[123.098757397703949,11.475017341102868],[123.098574021423744,11.475017403067435],[123.098573958660793,11.474836528968536],[123.098390582496236,11.474836590817018],[123.098207206330599,11.474836652550303],[123.098023830164081,11.474836714168481],[123.098023892576734,11.475017588270399],[123.098207268860136,11.475017526651245],[123.098390645142473,11.475017464916982],[123.098390707789605,11.475198339014726],[123.09857408418776,11.475198277164202],[123.098574146952672,11.475379151258748],[123.09875752346646,11.47537908929205],[123.098757460584579,11.475198215198569]]],[[[123.098940899979098,11.475379027210243],[123.09875752346646,11.47537908929205],[123.098757586349322,11.47555996338331],[123.098940962978759,11.475559901300437],[123.098940899979098,11.475379027210243]]],[[[123.101691547540909,11.475378082162825],[123.101508171044344,11.475378145972138],[123.101324794546713,11.475378209666344],[123.101141418047931,11.475378273245353],[123.101141353648245,11.475197399165106],[123.101141289249625,11.47501652508255],[123.101141224852071,11.474835650997774],[123.100957848702606,11.474835714458566],[123.100957912983361,11.475016588544319],[123.100957977265196,11.475197462627852],[123.100774600881067,11.47519752597549],[123.100591224495787,11.475197589208021],[123.100407848109626,11.475197652325265],[123.10040791204213,11.475378526409687],[123.100407975976054,11.475559400491798],[123.100224599355144,11.475559463495978],[123.10022466317308,11.475740337576935],[123.10040803991069,11.47574027457169],[123.100591416647418,11.475740211451336],[123.100774793382811,11.475740148215786],[123.100774857552281,11.475921022291415],[123.100774921722731,11.476101896364822],[123.10059154475374,11.476101959602415],[123.100408167783598,11.476102022724811],[123.100224790812391,11.4761020857321],[123.100224854633609,11.476282959806307],[123.100408231721701,11.476282896798041],[123.100591608808557,11.476282833674579],[123.100774985894333,11.47628277043601],[123.100958362979057,11.476282707082154],[123.101141740062701,11.476282643613191],[123.101141675657686,11.476101769544135],[123.101325052623395,11.476101705961041],[123.101324988102732,11.475920831890653],[123.101508364950661,11.475920768193427],[123.101691741797524,11.475920704381005],[123.101691677044172,11.475739830310529],[123.101875053773256,11.475739766383887],[123.102058430501103,11.475739702342226],[123.102241807227969,11.47573963818528],[123.102425183953684,11.475739573913136],[123.102608560678249,11.475739509525885],[123.102791937401832,11.475739445023438],[123.10297531412435,11.475739380405882],[123.103158690845532,11.475739315673129],[123.103158625159324,11.475558441608692],[123.103342001762826,11.475558376761809],[123.103525378365092,11.475558311799729],[123.103525312446436,11.475377437735203],[123.103341935960884,11.475377502696217],[123.103158559474096,11.475377567542035],[123.102975182986313,11.475377632272744],[123.102791806497478,11.475377696888257],[123.102608430007393,11.475377761388662],[123.102425053516427,11.475377825773782],[123.102241677024125,11.475377890043793],[123.102058300530842,11.475377954198697],[123.102058235547361,11.475197080123513],[123.10205817056486,11.475016206046108],[123.10187479430401,11.475016270083772],[123.101874859169641,11.475197144162154],[123.101874924036409,11.475378018238315],[123.101691547540909,11.475378082162825]]],[[[123.100224726992153,11.475921211655583],[123.10022466317308,11.475740337576935],[123.10004128643439,11.475740400466984],[123.099857909694464,11.475740463241836],[123.099857973280052,11.475921337322527],[123.099858036866777,11.476102211400997],[123.100041413840117,11.476102148624102],[123.100041350136678,11.475921274546609],[123.100224726992153,11.475921211655583]]],[[[123.099307716234435,11.475559776789369],[123.09912433960713,11.475559839102457],[123.099124402724541,11.475740713189454],[123.099124465843119,11.475921587274231],[123.099124528962676,11.476102461356787],[123.099124592083385,11.476283335437122],[123.099307969177701,11.47628327311986],[123.099307905940279,11.47610239904059],[123.099307842703936,11.4759215249591],[123.099307779468646,11.4757406508753],[123.099307716234435,11.475559776789369]]],[[[123.098941277992807,11.476464271718102],[123.099124655204989,11.476464209515148],[123.099124592083385,11.476283335437122],[123.098941214987832,11.476283397639099],[123.098941277992807,11.476464271718102]]],[[[123.098757963668731,11.476645207883797],[123.098941340998763,11.476645145794974],[123.098941277992807,11.476464271718102],[123.098757900779574,11.476464333805948],[123.098757963668731,11.476645207883797]]],[[[123.098574649111157,11.476826143934028],[123.098758026559139,11.476826081959425],[123.098757963668731,11.476645207883797],[123.098574586337634,11.476645269857512],[123.098574649111157,11.476826143934028]]],[[[123.098574711885831,11.477007018008413],[123.098574649111157,11.476826143934028],[123.098391271662194,11.476826205793524],[123.098391334319984,11.477007079868885],[123.098574711885831,11.477007018008413]]],[[[123.09839139697884,11.477187953942027],[123.098391334319984,11.477007079868885],[123.098207956753257,11.47700714161425],[123.098208019295228,11.477188015688368],[123.09839139697884,11.477187953942027]]],[[[123.098024704036973,11.477368951392299],[123.098208081838351,11.477368889760177],[123.098208019295228,11.477188015688368],[123.098024641610635,11.477188077319424],[123.098024704036973,11.477368951392299]]],[[[123.098024766464363,11.477549825462953],[123.098024704036973,11.477368951392299],[123.097841326234601,11.477369012909223],[123.09784138854512,11.477549886980855],[123.098024766464363,11.477549825462953]]],[[[123.098759032947356,11.479720066864564],[123.098942412263,11.479720004758688],[123.098942349238925,11.47953913071983],[123.098758970040166,11.479539192824818],[123.098759032947356,11.479720066864564]]],[[[123.100226642065152,11.481347432976031],[123.100226705917535,11.481528306985313],[123.100410086392785,11.48152824394756],[123.100410022423418,11.481347369939256],[123.100226642065152,11.481347432976031]]],[[[123.100776911543747,11.481708991530239],[123.100960292132598,11.481708928145741],[123.100960227811782,11.481528054142677],[123.100776847339816,11.481528117526198],[123.100776911543747,11.481708991530239]]],[[[123.101143737158964,11.481889738645647],[123.101327117862397,11.48188967502969],[123.101327053306917,11.481708801030978],[123.101143672720198,11.481708864645958],[123.101143737158964,11.481889738645647]]],[[[123.101510563238165,11.482070485293873],[123.101510498564835,11.481889611298358],[123.101327117862397,11.48188967502969],[123.101327182419013,11.482070549026092],[123.101510563238165,11.482070485293873]]],[[[123.101510627912745,11.482251359287078],[123.101510692588477,11.482432233278063],[123.101510757265103,11.482613107266738],[123.101694138433743,11.482613043416125],[123.101694073640161,11.482432169428426],[123.101694008847716,11.482251295438507],[123.101510627912745,11.482251359287078]]],[[[123.101877649425305,11.482974727416918],[123.101694268024218,11.482974791384772],[123.101694332820927,11.483155665365809],[123.101877714339068,11.48315560139689],[123.102061095855973,11.483155537312596],[123.102061030825411,11.482974663333691],[123.101877649425305,11.482974727416918]]],[[[123.102427924151897,11.483336282773061],[123.102611305782389,11.483336218342023],[123.102611240400293,11.483155344368447],[123.102427858886585,11.483155408798419],[123.102427924151897,11.483336282773061]]],[[[123.102794752911976,11.483517027766078],[123.102978134657135,11.483516963103492],[123.10297806904029,11.483336089134268],[123.10279468741183,11.483336153795788],[123.102794752911976,11.483517027766078]]],[[[123.103161516401144,11.483516898325709],[123.10316158213621,11.483697772291647],[123.103344963995951,11.483697707397512],[123.103344898144272,11.48351683343264],[123.103161516401144,11.483516898325709]]],[[[123.103161713609353,11.484059520216862],[123.103161779347431,11.48424039417605],[123.103345161557826,11.484240329278807],[123.103345095702863,11.484059455320596],[123.103161713609353,11.484059520216862]]],[[[123.10297852838201,11.484602206871854],[123.102978594006672,11.484783080825446],[123.103161976568785,11.484783016040291],[123.103161910827239,11.484602142087764],[123.10297852838201,11.484602206871854]]],[[[123.103345359129833,11.484782951139939],[123.103161976568785,11.484783016040291],[123.103162042311396,11.484963889990597],[123.103345424989328,11.48496382508918],[123.103345359129833,11.484782951139939]]],[[[123.103345556711517,11.48532557298091],[123.103528939622151,11.485325507962076],[123.103528873643469,11.485144634018342],[123.10334549084989,11.485144699036111],[123.103345556711517,11.48532557298091]]],[[[123.098027514308455,11.485508282355918],[123.098027576783096,11.485689156325853],[123.098027639258717,11.485870030293567],[123.098027701735589,11.486050904258972],[123.098211085144754,11.486050842579067],[123.098211147739406,11.486231716541274],[123.098394531264475,11.486231654745017],[123.098577914788493,11.486231592833564],[123.09876129831143,11.486231530806736],[123.098944681833487,11.486231468664711],[123.098944744896642,11.486412342620701],[123.099128128534346,11.486412280362325],[123.099128191715621,11.486593154315118],[123.099128254897792,11.486774028265602],[123.098944871026234,11.486774090525932],[123.098944934092685,11.486954964475173],[123.099128318081029,11.486954902213776],[123.099311702068491,11.486954839837184],[123.099311638768199,11.486773965889897],[123.099495022637612,11.486773903398996],[123.099678406505973,11.48677384079272],[123.099861790373183,11.486773778071248],[123.100045174239312,11.48677371523449],[123.100228558104561,11.486773652282357],[123.100411941968474,11.486773589215028],[123.100411877968028,11.48659271527165],[123.100595261714091,11.486592652090012],[123.100778645459073,11.486592588793089],[123.100778709693287,11.486773462734424],[123.100962093554188,11.486773399321239],[123.101145477413752,11.486773335792678],[123.101145541882801,11.486954209729751],[123.101328925858454,11.486954146084928],[123.101328861272435,11.486773272148922],[123.101512245130039,11.48677320838979],[123.101512180428202,11.486592334452629],[123.101512115727601,11.48641146051307],[123.101512051027967,11.486230586571379],[123.101328667521102,11.486230650327313],[123.101328602939518,11.486049776382336],[123.101145219548386,11.486049840022007],[123.101145155084751,11.485868966073744],[123.101145090622353,11.48568809212326],[123.100961707463739,11.485688155645603],[123.100778324304244,11.48568821905266],[123.10077826007668,11.485507345097913],[123.100594877032819,11.485507408388708],[123.100411493987977,11.485507471564217],[123.100411557982042,11.485688345521007],[123.100411621977074,11.485869219475576],[123.100411685973171,11.486050093427925],[123.100411749970505,11.486230967378054],[123.100228366456975,11.486231030442363],[123.100228430338404,11.486411904391337],[123.100045046707194,11.486411967341338],[123.099861663074648,11.486412030176142],[123.099861599427072,11.486231156225125],[123.09967821591043,11.486231218943667],[123.099494832392736,11.486231281546834],[123.099311448874047,11.486231344034715],[123.09931138557819,11.486050470078547],[123.099128002175235,11.486050532450166],[123.099127938997242,11.485869658490712],[123.098944555710105,11.485869720746068],[123.098761172421916,11.48586978288605],[123.098577789132733,11.485869844910836],[123.098577726306544,11.485688970946141],[123.098577663481151,11.485508096979226],[123.098577600657009,11.485327223010001],[123.098394217717328,11.48532728491657],[123.098210834776594,11.485327346707765],[123.098210772187187,11.485146472734366],[123.098027389362358,11.485146534409298],[123.0980273268909,11.484965660432701],[123.098027264420423,11.484784786453796],[123.097843881828211,11.484784848011488],[123.097660499235005,11.484784909453895],[123.097660436999277,11.484604035470815],[123.097477054521804,11.484604096796959],[123.097293672043449,11.484604158007906],[123.097293610042556,11.484423284020563],[123.097110227679835,11.484423345115248],[123.097110289563759,11.484604219103568],[123.096926907083358,11.484604280083945],[123.096926968851548,11.484785154071021],[123.096743586252927,11.484785214937089],[123.096743647905299,11.484966088923011],[123.096560265188998,11.48496614967477],[123.096560326725552,11.48514702365936],[123.096560388263086,11.485327897641641],[123.096560449801771,11.48550877162179],[123.096743832868725,11.485508710867011],[123.09674389452519,11.485689584843785],[123.096743956182792,11.485870458818516],[123.096927339482448,11.485870397946497],[123.096927401258014,11.486051271917853],[123.09711078467349,11.486051210929572],[123.097110722781139,11.485870336959193],[123.09711066088984,11.485689462986505],[123.096927277708133,11.485689523972832],[123.096927215934613,11.485508649996946],[123.096927154162245,11.48532777601884],[123.097110537110282,11.485327715034467],[123.097110475222181,11.485146841055117],[123.097293858052254,11.485146779956436],[123.097477240881446,11.485146718742557],[123.097660623709388,11.485146657413393],[123.097844006536448,11.485146595969033],[123.097844068891987,11.485327469944385],[123.097844131248777,11.485508343917607],[123.098027514308455,11.485508282355918]]],[[[123.102978987777917,11.485868324499839],[123.102979053410294,11.48604919843771],[123.103162436790512,11.486049133645272],[123.103162371041236,11.485868259708377],[123.102978987777917,11.485868324499839]]],[[[123.097844817241736,11.487497957474714],[123.097844879611046,11.487678831421023],[123.098028264073321,11.487678769847433],[123.098028201587127,11.4874978959021],[123.097844817241736,11.487497957474714]]],[[[123.102796259718389,11.487677128464581],[123.102796325244896,11.487858002381136],[123.102979709795022,11.487857937693503],[123.102979644151617,11.487677063778014],[123.102979578509292,11.487496189860304],[123.102796194193019,11.487496254545805],[123.102796259718389,11.487677128464581]]],[[[123.098211648534544,11.487678708158468],[123.098028264073321,11.487678769847433],[123.098028326560581,11.487859643790456],[123.098211711138688,11.487859582100514],[123.098211648534544,11.487678708158468]]],[[[123.102613006104406,11.488038940868796],[123.102613071516259,11.488219814781976],[123.10279645630122,11.488219750207586],[123.102796390772482,11.488038876295471],[123.102613006104406,11.488038940868796]]],[[[123.100412325993645,11.487858832828403],[123.100412390001551,11.488039706756149],[123.100595774682773,11.48803964356634],[123.100779159363015,11.488039580261246],[123.10096254404192,11.488039516840866],[123.101145928719944,11.488039453305111],[123.101145993196553,11.488220327226552],[123.101329377990297,11.488220263574535],[123.101329442585026,11.488401137492689],[123.101512827494602,11.488401073724321],[123.101512892207182,11.488581947639188],[123.101696277232662,11.488581883754469],[123.101696212403098,11.488401009840667],[123.101879597310443,11.488400945841727],[123.10187953236516,11.488220071926682],[123.1016961475746,11.488220135924555],[123.101696082747253,11.488039262006223],[123.101512698072611,11.488039325887835],[123.101512633363214,11.487858451966305],[123.10132924880439,11.487858515731565],[123.101329184212943,11.48767764180675],[123.101145799769938,11.487677705455658],[123.101145864244316,11.487858579381539],[123.100962479683361,11.487858642916139],[123.100779095121155,11.487858706335542],[123.100595710558068,11.487858769639571],[123.100412325993645,11.487858832828403]]],[[[123.102246367122035,11.488400817497903],[123.102429752026183,11.488400753153018],[123.102429686730062,11.488219879241081],[123.102246301942884,11.4882199435849],[123.102246367122035,11.488400817497903]]],[[[123.098578605970886,11.488221206248296],[123.098578668811996,11.488402080181638],[123.098762053737559,11.488402018142819],[123.098761990779565,11.488221144210454],[123.098578605970886,11.488221206248296]]],[[[123.100229133104705,11.488401517681458],[123.10022919699901,11.488582391603432],[123.100412582032035,11.488582328525888],[123.100412518020747,11.488401454604892],[123.100412454010709,11.488220580681675],[123.100229069211451,11.488220643757176],[123.100229133104705,11.488401517681458]]],[[[123.098762116696619,11.488582892072964],[123.098945501738172,11.488582829917794],[123.098945438662227,11.488401955988715],[123.098762053737559,11.488402018142819],[123.098762116696619,11.488582892072964]]],[[[123.101879727204405,11.488762693664979],[123.101879662256891,11.488581819754463],[123.101696277232662,11.488581883754469],[123.101696342063292,11.48876275766605],[123.101879727204405,11.488762693664979]]],[[[123.099128949972553,11.48876364157322],[123.099128886778558,11.488582767647427],[123.098945501738172,11.488582829917794],[123.098945564815182,11.488763703844652],[123.099128949972553,11.48876364157322]]],[[[123.102063177410102,11.488943503455941],[123.102063242476632,11.489124377361039],[123.102246627849482,11.489124313127265],[123.102246562665968,11.488943439223322],[123.102063177410102,11.488943503455941]]],[[[123.100412774071927,11.489124950275466],[123.100596159454639,11.489124887079528],[123.100596095323354,11.488944013166259],[123.100412710057626,11.488944076361131],[123.100412774071927,11.489124950275466]]],[[[123.09967942317752,11.489667823647677],[123.099862808915134,11.489667760909951],[123.099862745248288,11.489486886999346],[123.099679359627473,11.489486949736095],[123.09967942317752,11.489667823647677]]],[[[123.102797111649352,11.490028489205097],[123.1027970461096,11.489847615315364],[123.102796980570915,11.4896667414235],[123.102796915033295,11.489485867529327],[123.102613529429888,11.489485932111089],[123.102613594850524,11.489666806006239],[123.10261366027224,11.489847679899169],[123.102613725695107,11.490028553789967],[123.102797111649352,11.490028489205097]]],[[[123.099862936252123,11.490029508724588],[123.099679550280655,11.490029571464268],[123.099679613833899,11.490210445369188],[123.099862999922266,11.490210382628442],[123.099862936252123,11.490029508724588]]],[[[123.097845690507185,11.490030192519297],[123.09784575289116,11.490211066434165],[123.098029138990171,11.49021100484663],[123.098029076489411,11.490030130932739],[123.097845690507185,11.490030192519297]]],[[[123.099679677388039,11.490391319271888],[123.099679613833899,11.490210445369188],[123.099496227744382,11.490210507994648],[123.099496291181637,11.490391381898325],[123.099679677388039,11.490391319271888]]],[[[123.102247149357112,11.490571304278697],[123.102430535664226,11.490571239921378],[123.102430470355046,11.490390366036264],[123.102247084164816,11.490390430392607],[123.102247149357112,11.490571304278697]]],[[[123.100779994604054,11.490390941091379],[123.10078005886092,11.49057181498573],[123.100963445176731,11.490571751550961],[123.100963380802895,11.490390877657676],[123.100779994604054,11.490390941091379]]],[[[123.099129518765736,11.490391506805254],[123.098946132556051,11.490391569085746],[123.09894619564372,11.490572442990311],[123.099129581970288,11.490572380708754],[123.099312968295621,11.490572318311999],[123.099312904974184,11.490391444409477],[123.099129518765736,11.490391506805254]]],[[[123.100596736685162,11.490752752198231],[123.100596800827276,11.490933626089118],[123.100780187378021,11.490933562767681],[123.100780123118852,11.490752688877771],[123.100596736685162,11.490752752198231]]],[[[123.101880571621479,11.491114054298469],[123.102063958281647,11.491113990168612],[123.102063893202867,11.490933116288206],[123.101880506659754,11.490933180416997],[123.101880571621479,11.491114054298469]]],[[[123.100596929114701,11.491295373864142],[123.100780315899215,11.491295310540663],[123.100780251638085,11.491114436655282],[123.100596864970456,11.491114499977785],[123.100596929114701,11.491295373864142]]],[[[123.101697249806151,11.491294992193092],[123.101697314653123,11.4914758660711],[123.101880701548126,11.491475802054575],[123.101880636584269,11.491294928177632],[123.101697249806151,11.491294992193092]]],[[[123.10114728295693,11.491837805184181],[123.101330670089169,11.491837741511558],[123.101330605473834,11.491656867636037],[123.101147218458749,11.491656931307594],[123.10114728295693,11.491837805184181]]],[[[123.100047789595422,11.494189545069412],[123.100231178254532,11.494189482075624],[123.100231114326903,11.494008608223018],[123.100047725784862,11.49400867121574],[123.100047789595422,11.494189545069412]]],[[[123.099681075851962,11.49437054456436],[123.099864464629988,11.494370481800255],[123.099864400935431,11.494189607947826],[123.099864337241669,11.494008734093176],[123.099680948697497,11.494008796855239],[123.099497560152258,11.494008859501927],[123.099497623611896,11.494189733358619],[123.099497687072684,11.494370607213002],[123.099681075851962,11.49437054456436]]],[[[123.100414566912562,11.494189418966462],[123.100231178254532,11.494189482075624],[123.100231242183298,11.49437035592601],[123.100414630958127,11.494370292815782],[123.100414566912562,11.494189418966462]]],[[[123.10151684173367,11.499615252209962],[123.101516906513581,11.499796125985918],[123.101700298790945,11.49979606203725],[123.101883691067158,11.499795997973118],[123.101883626053038,11.499615124199204],[123.101700233893879,11.49961518826227],[123.10151684173367,11.499615252209962]]],[[[123.102433867889303,11.499795805088299],[123.102433933255512,11.499976678856795],[123.102617325644331,11.499976614330011],[123.102617260161068,11.499795740562492],[123.102433867889303,11.499795805088299]]],[[[123.101516971294743,11.499976999759655],[123.101517036077055,11.500157873531171],[123.101700428588373,11.50015780958037],[123.101700363689076,11.49997693580992],[123.101516971294743,11.499976999759655]]],[[[123.100966794105247,11.499977190916256],[123.100966858536381,11.500158064690881],[123.101150251051067,11.500158001086382],[123.101150186502878,11.499977127312823],[123.100966794105247,11.499977190916256]]],[[[123.100233288467152,11.500158317954513],[123.1004166809861,11.500158254811778],[123.100416616906159,11.499977381034133],[123.100233224504095,11.499977444175892],[123.100233288467152,11.500158317954513]]],[[[123.099499654885889,11.499977695588738],[123.099499718380699,11.500158569371445],[123.099683110903911,11.500158506690296],[123.099866503426057,11.500158443893861],[123.099866439697124,11.499977570113108],[123.099683047291947,11.499977632908655],[123.099499654885889,11.499977695588738]]],[[[123.102800783633668,11.500157423451997],[123.102800849236132,11.500338297214009],[123.102984241856859,11.500338232454256],[123.10298417613734,11.500157358693309],[123.102800783633668,11.500157423451997]]],[[[123.098216033365176,11.500339878694733],[123.098216096043032,11.500520752480016],[123.098399488807829,11.500520690604889],[123.098399426012904,11.500339816820583],[123.098216033365176,11.500339878694733]]],[[[123.103351093049667,11.500518976345043],[123.103351159005612,11.500699850099329],[123.103534551857095,11.500699784991232],[123.103534485784166,11.500518911237924],[123.103351093049667,11.500518976345043]]],[[[123.098766274333869,11.500520566508333],[123.098766337363983,11.500701440288376],[123.098949730242467,11.500701378065971],[123.099133123119969,11.500701315728103],[123.099133059856001,11.500520441950103],[123.098949667095468,11.500520504286905],[123.098766274333869,11.500520566508333]]],[[[123.10316789783387,11.501061662596181],[123.103351290920543,11.501061597601327],[123.103351224962537,11.500880723851482],[123.103167831992849,11.500880788845182],[123.102984439022165,11.500880853723507],[123.102801046050331,11.500880918486457],[123.102801111657229,11.501061792239499],[123.102984504746132,11.501061727475482],[123.10316789783387,11.501061662596181]]],[[[123.103351620727651,11.501965966317064],[123.103351686692307,11.502146840053497],[123.103535080480015,11.502146774936962],[123.103535014398389,11.501965901201595],[123.103351620727651,11.501965966317064]]],[[[123.102067865001217,11.501966418893174],[123.102067930146617,11.50214729263689],[123.102251323942056,11.50214722832842],[123.102251258679772,11.50196635458577],[123.102067865001217,11.501966418893174]]],[[[123.101151154839215,11.502690233680658],[123.101151090275934,11.502509359938452],[123.100967696239792,11.502509423556274],[123.100784302202413,11.502509487058633],[123.100784237874322,11.502328613312253],[123.100600843953018,11.502328676698083],[123.100417450030662,11.502328739968538],[123.100234056107155,11.502328803123619],[123.100050662182653,11.502328866163149],[123.0998672682571,11.502328929087303],[123.099867204515377,11.502148055333551],[123.099683810705727,11.502148118141177],[123.099683747081954,11.501967244384138],[123.099683683459332,11.50178637062479],[123.09950028988284,11.501786433314999],[123.099500353388478,11.501967307075324],[123.099500416895012,11.502148180833428],[123.099500480402696,11.502329054589223],[123.099317086473945,11.502329117166989],[123.099317149865726,11.50250999092154],[123.099133755818755,11.502510053384908],[123.099133819094362,11.502690927138305],[123.098950424929441,11.502690989487187],[123.098950488089059,11.502871863239251],[123.09913388237122,11.502871800889393],[123.099317276652215,11.502871738423982],[123.099500670932159,11.502871675843197],[123.099500607421362,11.502690802094152],[123.099684001583086,11.502690739398881],[123.099867395743928,11.502690676588147],[123.099867331999974,11.502509802838835],[123.100050726042596,11.502509739913704],[123.100234120084238,11.502509676873109],[123.100417514124644,11.50250961371705],[123.100600908164154,11.502509550445618],[123.100600972376256,11.502690424190844],[123.100784366531755,11.502690360802882],[123.100967760686018,11.502690297299457],[123.100967825133395,11.50287117104042],[123.101151219403746,11.502871107420555],[123.101334613672847,11.502871043685227],[123.101334678355428,11.503051917421837],[123.101518072740788,11.503051853570069],[123.101518137541404,11.503232727303393],[123.101701532042583,11.503232663335096],[123.101701467124741,11.503051789602837],[123.101701402208036,11.502870915868181],[123.101884796474124,11.502870851786463],[123.102068190738876,11.502870787589371],[123.102251585002648,11.502870723276727],[123.102251519735844,11.502689849543048],[123.102068125589213,11.502689913854626],[123.101884731441345,11.502689978050741],[123.101884666409717,11.502509104312709],[123.101701272377937,11.502509168392296],[123.101517878345007,11.502509232356507],[123.101517943142497,11.502690106096582],[123.101334548991431,11.502690169946307],[123.101151154839215,11.502690233680658]]],[[[123.101701596961405,11.503413537065223],[123.101884991578501,11.503413472980396],[123.10188492654261,11.503232599251335],[123.101701532042583,11.503232663335096],[123.101701596961405,11.503413537065223]]],[[[123.101884991578501,11.503413472980396],[123.101885056615629,11.503594346707326],[123.101885121653737,11.503775220431857],[123.102068516503891,11.503775156229525],[123.102068451348728,11.50359428250597],[123.102068386194617,11.503413408780196],[123.101884991578501,11.503413472980396]]],[[[123.102068516503891,11.503775156229525],[123.102068581660305,11.503956029950858],[123.102251976626363,11.503955965631997],[123.102251911353065,11.503775091911729],[123.102068516503891,11.503775156229525]]],[[[123.102435502375627,11.504317648629504],[123.102435436982958,11.504136774914743],[123.10243537159144,11.503955901197761],[123.102251976626363,11.503955965631997],[123.102252041900812,11.504136839350044],[123.102252107176341,11.504317713065872],[123.102435502375627,11.504317648629504]]],[[[123.102252172453007,11.504498586779389],[123.102252107176341,11.504317713065872],[123.102068711976059,11.504317777386687],[123.102068777135671,11.504498651101359],[123.102252172453007,11.504498586779389]]],[[[123.10188544686072,11.504679589021206],[123.102068842296262,11.504679524813634],[123.102068777135671,11.504498651101359],[123.101885381817183,11.504498715307777],[123.10188544686072,11.504679589021206]]],[[[123.103902796591441,11.504678876387876],[123.103902862924073,11.50485975008745],[123.104086258464605,11.504859684608716],[123.1042696540039,11.504859619014519],[123.104453049542201,11.504859553304859],[123.10445298285839,11.504678679608395],[123.10426958743723,11.504678745316989],[123.104086192014833,11.504678810910208],[123.103902796591441,11.504678876387876]]],[[[123.103169280750933,11.504860010847663],[123.103352676295813,11.504859945830782],[123.10335261031446,11.504679072128011],[123.103169214886648,11.504679137143826],[123.103169280750933,11.504860010847663]]],[[[123.10280242402763,11.504679266828978],[123.10280248965779,11.504860140534857],[123.102985885204802,11.504860075748992],[123.102985819457672,11.504679202044089],[123.10280242402763,11.504679266828978]]],[[[123.101702116351717,11.504860526825324],[123.101702051424098,11.504679653113227],[123.101518655986325,11.504679717089784],[123.101335260547501,11.504679780950879],[123.101151865107681,11.50467984469651],[123.100968469666626,11.504679908326588],[123.100785074224504,11.504679971841293],[123.100601678781402,11.504680035240535],[123.100601743006564,11.504860908958848],[123.100785138566721,11.50486084555863],[123.100968534125997,11.50486078204286],[123.101151929683937,11.504860718411715],[123.101335325240996,11.504860654665107],[123.101518720796975,11.504860590802947],[123.101702116351717,11.504860526825324]]],[[[123.099501433146102,11.505042160657476],[123.099684828829979,11.50504209794906],[123.099868224512619,11.505042035125181],[123.100051620194193,11.505041972185838],[123.100235015874787,11.505041909130943],[123.100234951882868,11.504861035412896],[123.100051556319244,11.504861098466636],[123.099868160754738,11.504861161405001],[123.099684765189153,11.504861224227904],[123.099501369622416,11.504861286935254],[123.099317974054628,11.50486134952723],[123.099317910649162,11.504680475801811],[123.099134515197449,11.504680538277258],[123.098951119744669,11.504680600637242],[123.098951182916011,11.504861474364615],[123.099134578485845,11.504861412003654],[123.099134641775393,11.50504228572783],[123.09931803746133,11.505042223250429],[123.099501433146102,11.505042160657476]]],[[[123.103902929257686,11.505040623784803],[123.103902862924073,11.50485975008745],[123.103719467382476,11.50485981545072],[123.103719533599019,11.505040689149139],[123.103902929257686,11.505040623784803]]],[[[123.102435829355315,11.50522201716956],[123.102619225138852,11.505221952612578],[123.102619159623615,11.505041078910073],[123.102435763957146,11.505041143466078],[123.102435829355315,11.50522201716956]]],[[[123.104453116227091,11.505040426999104],[123.104453182913119,11.505221300691039],[123.104453249600397,11.505402174380754],[123.104636645488739,11.505402108552433],[123.104636578684577,11.505221234863784],[123.10463651188131,11.505040361172826],[123.104453116227091,11.505040426999104]]],[[[123.103353006219194,11.505764314311152],[123.103352940232242,11.505583440619572],[123.103536336244488,11.505583375483054],[123.103536270141632,11.505402501790231],[123.103536204039841,11.505221628095276],[123.103719599816714,11.505221562845337],[123.103719533599019,11.505040689149139],[123.103536137939201,11.505040754398012],[123.103352742278233,11.505040819531333],[123.103352808261818,11.505221693229663],[123.103352874246539,11.505402566925772],[123.10316947835021,11.505402631945762],[123.103169544218943,11.505583505640539],[123.10298614820465,11.505583570546131],[123.102986213957209,11.505764444239842],[123.102802817824625,11.505764509030948],[123.102802883461266,11.505945382723416],[123.102986279711018,11.505945317931245],[123.103169675959606,11.50594525302361],[123.103353072207028,11.505945188000423],[123.103353006219194,11.505764314311152]]],[[[123.099318164277747,11.505403970690077],[123.099134768357615,11.50540403316961],[123.099134831650446,11.505584906887036],[123.099318227687476,11.505584844406526],[123.099318164277747,11.505403970690077]]],[[[123.101702311141054,11.50540314794838],[123.101518915234948,11.505403211929112],[123.10151898004986,11.505584085633304],[123.101335584025534,11.505584149499549],[123.101152188000327,11.505584213250332],[123.101152252581997,11.505765086954346],[123.101335648724458,11.505765023202587],[123.101519044865753,11.505764959335275],[123.101702441006154,11.50576489535259],[123.101885837145318,11.505764831254352],[123.10188577209513,11.505583957554423],[123.101702376073035,11.505584021651595],[123.101702311141054,11.50540314794838]]],[[[123.099134894944171,11.505765780602241],[123.099134831650446,11.505584906887036],[123.098951435612179,11.505584969252082],[123.09895149878885,11.505765842968264],[123.099134894944171,11.505765780602241]]],[[[123.102436090958676,11.505945511961281],[123.102436025556145,11.50576463826677],[123.102435960154864,11.50558376456995],[123.102252564135966,11.505583829013601],[123.102252629420278,11.505764702711398],[123.102252694705655,11.505945576406974],[123.102069298451553,11.505945640737204],[123.102069363621112,11.506126514431626],[123.102252759992268,11.50612645010033],[123.102436156362359,11.506126385653571],[123.102436090958676,11.505945511961281]]],[[[123.101885837145318,11.505764831254352],[123.1018859021964,11.505945704951971],[123.102069298451553,11.505945640737204],[123.102069233283245,11.505764767040651],[123.101885837145318,11.505764831254352]]],[[[123.100968920904251,11.505946024293502],[123.101152317164917,11.50594596065614],[123.101152252581997,11.505765086954346],[123.100968856438485,11.505765150590642],[123.100968920904251,11.505946024293502]]],[[[123.09968514704974,11.505946466521268],[123.099868543317868,11.505946403692326],[123.099868479554829,11.505765529983426],[123.099685083403671,11.505765592811391],[123.09968514704974,11.505946466521268]]],[[[123.098584769418594,11.505946841069838],[123.098768165693116,11.505946778933852],[123.098768102632448,11.505765905218825],[123.098584706474995,11.505765967353833],[123.098584769418594,11.505946841069838]]],[[[123.100785588992295,11.506126961516928],[123.100785653343124,11.506307835216324],[123.10096904983898,11.506307771692471],[123.100968985371082,11.506126897994053],[123.100968920904251,11.505946024293502],[123.100785524642518,11.505946087815312],[123.100785588992295,11.506126961516928]]],[[[123.099135084831829,11.506308401734534],[123.099318481337377,11.506308339250028],[123.099318417923385,11.50612746554255],[123.099135021534821,11.50612752802599],[123.099135084831829,11.506308401734534]]],[[[123.098584895308832,11.506308588495186],[123.098768291817649,11.506308526357158],[123.098768228754849,11.506127652646571],[123.098584832363173,11.506127714783622],[123.098584895308832,11.506308588495186]]],[[[123.100235463848989,11.506308025095104],[123.100235527849605,11.506488898795299],[123.100418924465814,11.506488835616858],[123.100418860348213,11.506307961917729],[123.100235463848989,11.506308025095104]]],[[[123.098768354881514,11.506489400065435],[123.098951751506164,11.506489337810878],[123.098951688325229,11.506308464103578],[123.098768291817649,11.506308526357158],[123.098768354881514,11.506489400065435]]],[[[123.100602385316947,11.506669646018798],[123.100785782047993,11.506669582608366],[123.100785717695032,11.5064887089135],[123.100602321081041,11.506488772322955],[123.100602385316947,11.506669646018798]]],[[[123.098951877871215,11.50685108521864],[123.099135274729093,11.506851022846577],[123.099135211428973,11.506670149144872],[123.099135148129818,11.506489275440858],[123.098951751506164,11.506489337810878],[123.098951814688149,11.506670211515869],[123.098951877871215,11.50685108521864]]],[[[123.104453716441895,11.506668290146139],[123.104453783138055,11.506849163817913],[123.104637179963248,11.506849097981066],[123.104637113149934,11.506668224310358],[123.104453716441895,11.506668290146139]]],[[[123.098035770041619,11.509383627020155],[123.098219168544574,11.509383565211641],[123.098402567046293,11.509383503287575],[123.098402504199854,11.509202629613137],[123.098219105815105,11.509202691536226],[123.098219043086885,11.50902181785859],[123.098035644818225,11.50902187966515],[123.098035707429474,11.509202753343763],[123.098035770041619,11.509383627020155]]],[[[123.098769427128516,11.509564252763051],[123.098952825744277,11.509564190491441],[123.098952762545238,11.509383316822243],[123.098769364046618,11.509383379092876],[123.098769427128516,11.509564252763051]]],[[[123.098585965546945,11.509383441247957],[123.098402567046293,11.509383503287575],[123.098402629893798,11.509564376959792],[123.09858602851169,11.509564314919198],[123.098585965546945,11.509383441247957]]],[[[123.099136224358972,11.509564128104278],[123.099136287675975,11.50974500177019],[123.099319686406744,11.509744939266499],[123.09931962297243,11.509564065601653],[123.099136224358972,11.509564128104278]]],[[[123.103904654324253,11.509743339129942],[123.103721255620741,11.509743404521634],[123.103721321867397,11.509924278159568],[123.103904720688149,11.50992421276681],[123.104088119507665,11.5099241472585],[123.1040880530267,11.509743273622698],[123.103904654324253,11.509743339129942]]],[[[123.104088119507665,11.5099241472585],[123.104088185989596,11.510105020891993],[123.104271584925272,11.510104955267154],[123.104271518326101,11.509924081634638],[123.104088119507665,11.5099241472585]]],[[[123.099136350994215,11.509925875433881],[123.09913641431352,11.510106749095263],[123.099319813278512,11.510106686589529],[123.099319749842138,11.509925812929124],[123.099136350994215,11.509925875433881]]],[[[123.099136477633792,11.510287622754424],[123.09913641431352,11.510106749095263],[123.098953015347362,11.510106811485445],[123.098953078550593,11.510287685145583],[123.099136477633792,11.510287622754424]]],[[[123.104271584925272,11.510104955267154],[123.104271640538727,11.510255990897583],[123.104338571841765,11.510104931255281],[123.104271584925272,11.510104955267154]]],[[[123.099686929574801,11.511010929489908],[123.099686865898803,11.510830055842737],[123.099686802223871,11.510649182193346],[123.099686738550005,11.510468308541645],[123.099503339352751,11.510468371280437],[123.099503402909477,11.510649244933115],[123.09950346646734,11.510830118583483],[123.099503530026183,11.511010992231631],[123.099686929574801,11.511010929489908]]],[[[123.100054048236501,11.511915171851696],[123.100054112153273,11.512096045483412],[123.100237512401605,11.512095982388905],[123.100237448367665,11.511915108758254],[123.100054048236501,11.511915171851696]]],[[[123.098036897241812,11.512639352811695],[123.098220297853217,11.51263929098524],[123.098220235104833,11.512458417350237],[123.098036834610497,11.512458479175715],[123.098036897241812,11.512639352811695]]],[[[123.098403698463741,11.512639229043232],[123.098220297853217,11.51263929098524],[123.098220360602582,11.512820164618022],[123.098220423353098,11.513001038248584],[123.098220486104509,11.513181911876837],[123.098403887066482,11.51318184993181],[123.098403824197831,11.513000976304534],[123.098403761330161,11.512820102674949],[123.098403698463741,11.512639229043232]]],[[[123.097853559144127,11.512820288157423],[123.097670158413436,11.51282034975384],[123.097670220812333,11.513001223387333],[123.097853621660263,11.513001161789939],[123.097853559144127,11.512820288157423]]],[[[123.098220611610685,11.513543659126681],[123.098404012806867,11.5135435971797],[123.098403949936184,11.513362723556865],[123.098220548856972,11.513362785502869],[123.098220611610685,11.513543659126681]]],[[[123.100238024711615,11.513542971353376],[123.100238088755319,11.513723844963865],[123.100421490057016,11.513723781744657],[123.100421425896343,11.513542908135234],[123.100238024711615,11.513542971353376]]],[[[123.100604955636726,11.513904592016035],[123.100788357053531,11.513904528564657],[123.100788292657313,11.513723654959497],[123.100604891357833,11.513723718409898],[123.100604955636726,11.513904592016035]]],[[[123.099321145689132,11.513905032939865],[123.099137744263714,11.513905095466738],[123.099137807606368,11.514085969078826],[123.099321209148854,11.514085906550976],[123.099321145689132,11.513905032939865]]],[[[123.098770941409839,11.513905220173738],[123.098954342837217,11.513905157878058],[123.099137744263714,11.513905095466738],[123.099137680922198,11.51372422185243],[123.099137617581576,11.513543348235901],[123.098954216389473,11.513543410645179],[123.098770815196318,11.513543472938904],[123.098587414002168,11.513543535117078],[123.098587476991156,11.513724408736627],[123.098587539981224,11.513905282353955],[123.09858760297243,11.514086155969062],[123.09858766596453,11.514267029581861],[123.098587728957696,11.514447903192439],[123.098771130737859,11.514447841009291],[123.098771067627453,11.51426696739969],[123.098771004518113,11.514086093787869],[123.098770941409839,11.513905220173738]]],[[[123.100788421450829,11.514085402167597],[123.10060501991687,11.514085465619951],[123.100605084198065,11.514266339221647],[123.100788485849264,11.514266275768227],[123.100788421450829,11.514085402167597]]],[[[123.100421746710836,11.514447276159968],[123.100605148480241,11.514447212821123],[123.100605084198065,11.514266339221647],[123.1004216825458,11.514266402559516],[123.100238280892469,11.514266465781832],[123.100054879238073,11.514266528888596],[123.1000549431688,11.514447402491092],[123.100238344940436,11.51444733938335],[123.100421746710836,11.514447276159968]]],[[[123.099504674268488,11.51426671751531],[123.099504737847582,11.514447591120826],[123.09968813962233,11.514447528359829],[123.099871541396098,11.514447465483192],[123.09987147758261,11.51426659187972],[123.099688075926082,11.514266654755291],[123.099504674268488,11.51426671751531]]],[[[123.097854246878796,11.514809897991819],[123.098037648897616,11.514809836269015],[123.098037586253767,11.514628962659858],[123.097854184352371,11.514629024381774],[123.097854246878796,11.514809897991819]]],[[[123.098771320075471,11.514990461824505],[123.09877138318997,11.515171335425135],[123.09895478543784,11.51517127312235],[123.098954722205931,11.514990399522786],[123.098771320075471,11.514990461824505]]],[[[123.104820108298483,11.505582916294012],[123.104820175222017,11.505763789977154],[123.105003571342436,11.505763723915686],[123.105003504301763,11.505582850233699],[123.104820108298483,11.505582916294012]]],[[[123.105003705427094,11.506125471273089],[123.105187101780572,11.506125405094027],[123.105187034620528,11.505944531417546],[123.10518696746162,11.505763657738845],[123.105003571342436,11.505763723915686],[123.10500363838419,11.505944597595542],[123.105003705427094,11.506125471273089]]],[[[123.104820710651225,11.507210779361378],[123.105004107708325,11.507210713291473],[123.10500404065867,11.507029839627338],[123.104820643718725,11.507029905696177],[123.104820710651225,11.507210779361378]]],[[[123.10555416407216,11.506848767064527],[123.105554201242555,11.506948517068697],[123.105589236984727,11.506848754341346],[123.10555416407216,11.506848767064527]]],[[[123.105370834535364,11.507029707143092],[123.105370901819228,11.507210580805095],[123.105187504764444,11.507210647106016],[123.105004107708325,11.507210713291473],[123.105004174759131,11.507391586953299],[123.105187571932404,11.507391520766776],[123.10518763910143,11.507572394425404],[123.105187706271522,11.507753268081723],[123.105004308864125,11.507753334270378],[123.104820911455676,11.50775340034348],[123.10482097839288,11.507934273999622],[123.105004375918313,11.507934207925453],[123.105004442973652,11.508115081578397],[123.105143831234287,11.508115031271215],[123.105149974835811,11.508099533896127],[123.105187794871753,11.50799184301534],[123.105187773442765,11.507934141735733],[123.105208061600564,11.507934134400791],[123.105525707740213,11.507029651057275],[123.105370834535364,11.507029707143092]]]]}},
{"type":"Feature","properties":{"fid":95,"HAZ":2.0,"layer":"Iloilo_StormSurge_SSA4","path":"/Users/jhannaroseverzo/Downloads/Iloilo/Iloilo_StormSurge_SSA4.shp","Risk Level":"Medium","fid_2":251,"SYSTRA ID":"251","DAR ID":"204","Target Year":"2028","Bridge Category":"Original List","Bridge Name":"SAN PEDRO-SITIO MAMA BRIDGE","Coordinates Y":"11.492461","Coordinates X":"123.062131","Region":"VI","Province":"CAPIZ","ARC 2026":"5S","LINEAR METER IVF 2026":"20","EIRR 2026":"0.22","NEW/REPLACEMENT BRIDGE 2026":"new","Visited by SYSTRA":"No","Selected for 2nd Visit of SYSTRA":"No","Final Funder":"Trésor","2023 IVF URL":"","2026 IVF URL":"https://docs.google.com/spreadsheets/u/1/d/1gny0ZHsl1gMFE5kSFZCp-elRoHLKhlrT/edit"},"geometry":{"type":"MultiPolygon","coordinates":[[[[123.096005775460554,11.47212427240706],[123.096189149887579,11.472124212070346],[123.096189088658875,11.471943337922687],[123.096005714348649,11.471943398258423],[123.096005775460554,11.47212427240706]]],[[[123.095090780191939,11.477731670010728],[123.095090840752746,11.477912544092574],[123.094907462583379,11.47791260376937],[123.094907523028539,11.478093477849972],[123.095090901314606,11.478093418172199],[123.095090961877446,11.478274292249603],[123.095274340279431,11.478274232455655],[123.095274400960136,11.478455106529863],[123.09545777947784,11.478455046619741],[123.09545784027631,11.478635920690751],[123.095457901075861,11.478816794759451],[123.095274522324559,11.478816854671527],[123.095274583008461,11.478997728738983],[123.095274643693159,11.47917860280422],[123.095274704379108,11.479359476867147],[123.095458083480708,11.47935941695223],[123.095641462581312,11.479359356922116],[123.095641401661865,11.479178482861053],[123.095641340743484,11.478997608797771],[123.095824719609624,11.478997548654414],[123.096008098474513,11.478997488395771],[123.096191477338522,11.478997428021932],[123.096191416070738,11.47881655395936],[123.096374794816882,11.478816493471301],[123.096558173561959,11.478816432868046],[123.096558112061643,11.478635558805207],[123.096741490688942,11.478635498087732],[123.096924869315089,11.478635437255059],[123.09692480758217,11.478454563191866],[123.096741429072807,11.478454624023561],[123.096558050562294,11.478454684740059],[123.096557989064024,11.478273810672691],[123.096741367457739,11.47827374995717],[123.096741305843736,11.478092875888558],[123.096557927566906,11.478092936603103],[123.096374549288839,11.478092997202451],[123.096374610669329,11.478273871273016],[123.096191232273583,11.478273931758144],[123.096191293538254,11.478454805827466],[123.096007915024728,11.478454866198286],[123.095824536510051,11.478454926453997],[123.095824475478949,11.478274052382721],[123.095641097080176,11.478274112522259],[123.095641036166853,11.478093238447785],[123.095640975254611,11.477912364371003],[123.095457597088441,11.47791242439339],[123.095274218921034,11.47791248430058],[123.095274158243527,11.477731610219712],[123.095090780191939,11.477731670010728]]],[[[123.094177250180209,11.487860912645077],[123.094177190147789,11.487680038681537],[123.093993805664013,11.487680097833953],[123.093993745749358,11.487499223867216],[123.093810361381401,11.48749928290337],[123.093626977012377,11.487499341824327],[123.093626917332742,11.487318467853415],[123.093626857653902,11.487137593880194],[123.093626797976214,11.486956719904841],[123.093626738299506,11.486775845927179],[123.093626678623778,11.486594971947296],[123.09381006240838,11.486594913031224],[123.09381000261692,11.486414039050098],[123.093809942826255,11.486233165066663],[123.09380988303667,11.486052291081007],[123.093809823248051,11.485871417093131],[123.093809763460499,11.485690543103034],[123.093809703673912,11.485509669110717],[123.093626320590616,11.485509728021105],[123.093626260921994,11.485328854025502],[123.093442877954516,11.485328912819716],[123.093442818403759,11.485148038821004],[123.09325943555227,11.485148097498955],[123.093259494986157,11.485328971498644],[123.093259554421095,11.485509845496113],[123.093259613857015,11.485690719491272],[123.093076230653907,11.48569077805678],[123.093076289973922,11.485871652050784],[123.093076349295004,11.486052526042391],[123.092892965857146,11.486052584494567],[123.092893025062239,11.48623345848493],[123.092709641506431,11.486233516822798],[123.092526257949729,11.486233575045292],[123.092342874391875,11.486233633152588],[123.092342933247465,11.486414507143573],[123.092159549571761,11.486414565136473],[123.091976165895062,11.486414623014086],[123.091976107273425,11.486233749021237],[123.091792723712643,11.486233806782677],[123.091609340150882,11.486233864428831],[123.091609281763809,11.486052990431896],[123.09142589831805,11.486053047961787],[123.091425956588239,11.486233921959611],[123.091242573024445,11.486233979375195],[123.091242631178716,11.486414853371775],[123.091059247497142,11.48641491067305],[123.091059305535609,11.486595784668298],[123.090875921736085,11.486595841855175],[123.090692537935851,11.486595898926678],[123.090692595741345,11.486776772921571],[123.090692653547904,11.486957646914155],[123.090509269512665,11.486957703872326],[123.090509327203307,11.487138577863577],[123.09069271135526,11.487138520904518],[123.090692769163866,11.48731939489266],[123.090876153431722,11.487319337817427],[123.091059537698698,11.487319280626819],[123.091242921964692,11.487319223321014],[123.091426306229621,11.487319165899835],[123.091609690493669,11.487319108363371],[123.091793074756723,11.48731905071171],[123.091976459018724,11.487318992944674],[123.092159843279831,11.487318935062353],[123.092159902024406,11.487499809040814],[123.092343286401416,11.48749975104232],[123.092343345263842,11.487680625017584],[123.092526729756685,11.487680566902826],[123.092526788737061,11.487861440874893],[123.092526847718318,11.488042314844739],[123.092710232444034,11.488042256612831],[123.092710291543256,11.488223130579479],[123.092710350643529,11.488404004543996],[123.092710409744697,11.488584878506204],[123.092710468846931,11.488765752466103],[123.092710527950231,11.48894662642387],[123.092893913259303,11.48894656807188],[123.093077298567664,11.488946509604604],[123.093077239230595,11.488765635648791],[123.093260624420836,11.488765577067118],[123.093444009610181,11.488765518370249],[123.09362739479846,11.488765459558005],[123.093627335111705,11.488584585602725],[123.09344395004041,11.488584644414081],[123.093443890471519,11.488403770455603],[123.093260505516028,11.488403829150696],[123.093260446065187,11.488222955189022],[123.093260386615142,11.488042081225126],[123.093077001892453,11.48804213980298],[123.093076942560529,11.487861265835976],[123.0930768832295,11.487680391866663],[123.09326026771825,11.487680333290763],[123.09344365220629,11.487680274599489],[123.093627036693093,11.487680215792929],[123.093627096374945,11.4878610897594],[123.093810480977737,11.487861030836578],[123.093993865579463,11.487860971798471],[123.094177250180209,11.487860912645077]],[[123.093259970493605,11.486775963415509],[123.093076586589277,11.486776021986701],[123.092893202683712,11.486776080442608],[123.092893143475607,11.486595206458995],[123.092709759686031,11.486595264798728],[123.092709700595691,11.486414390811829],[123.092893084268383,11.486414332473073],[123.093076467940094,11.486414274019031],[123.093259851610753,11.486414215449704],[123.093259911051732,11.486595089433761],[123.093443294838295,11.486595030748171],[123.093443354397223,11.486775904729031],[123.093443413956876,11.486956778707581],[123.093260029936545,11.486956837395036],[123.093259970493605,11.486775963415509]],[[123.0917928992302,11.48677642875723],[123.091609515317785,11.486776486406137],[123.09160945692787,11.486595612415952],[123.0917928407234,11.486595554767932],[123.09197622451795,11.486595497004716],[123.091976283141634,11.486776370993036],[123.0917928992302,11.48677642875723]],[[123.093076705242282,11.4871377699454],[123.093076764570284,11.487318643921464],[123.092893380314237,11.487318702380213],[123.092893439526335,11.487499576354944],[123.092710055152338,11.487499634699295],[123.092709996057124,11.487318760723676],[123.092526611798945,11.487318818951854],[123.092343227539885,11.487318877064746],[123.092343168679406,11.487138003084953],[123.092159784536335,11.487138061081671],[123.092159725793636,11.48695718709868],[123.092343109819907,11.486957129102938],[123.092343050961389,11.486776255118704],[123.092526434869896,11.486776197008654],[123.092526493845298,11.486957070991911],[123.092709877869538,11.486957012765599],[123.092893261892883,11.486956954424089],[123.09289332110302,11.487137828403261],[123.093076705242282,11.4871377699454]]],[[[123.094177250180209,11.487860912645077],[123.09417731021361,11.488041786606486],[123.094360694930359,11.48804172733683],[123.094360634780074,11.487860853376398],[123.094177250180209,11.487860912645077]]],[[[123.094360694930359,11.48804172733683],[123.094360755081709,11.488222601294952],[123.094544139914191,11.488222541909122],[123.094544079645956,11.488041667951888],[123.094360694930359,11.48804172733683]]],[[[123.095461064061823,11.488222243250069],[123.095461124915545,11.488403117200198],[123.095644509858857,11.4884030571215],[123.095644448888251,11.488222183172349],[123.095461064061823,11.488222243250069]]],[[[123.094544139914191,11.488222541909122],[123.094544200183392,11.488403415864047],[123.094544260453674,11.488584289816751],[123.094727645519029,11.488584230313593],[123.094727585131864,11.488403356361866],[123.094727524745778,11.488222482407918],[123.094544139914191,11.488222541909122]]],[[[123.095461185770333,11.488583991148106],[123.095461124915545,11.488403117200198],[123.095277739971152,11.48840317716361],[123.095277800709056,11.488584051112406],[123.095461185770333,11.488583991148106]]],[[[123.095094476268713,11.488764984908974],[123.095277861448025,11.488764925058982],[123.095277800709056,11.488584051112406],[123.095094415646727,11.488584110961421],[123.094911030583404,11.48858417069515],[123.094727645519029,11.488584230313593],[123.094727705907175,11.4887651042631],[123.09491109108852,11.48876504464368],[123.095094476268713,11.488764984908974]]],[[[123.095644509858857,11.4884030571215],[123.09564457083053,11.488583931068431],[123.095644631803268,11.488764805013053],[123.095644692777071,11.488945678955544],[123.09564475375177,11.489126552895724],[123.095828139161739,11.489126492697833],[123.095828078070156,11.488945618758629],[123.095828016979468,11.488764744817116],[123.095827955889845,11.488583870873471],[123.095827894801289,11.488402996927606],[123.095644509858857,11.4884030571215]]],[[[123.093627454486182,11.488946333510976],[123.09381083979045,11.488946274582469],[123.093810779985844,11.488765400630387],[123.09362739479846,11.488765459558005],[123.093627454486182,11.488946333510976]]],[[[123.095828139161739,11.489126492697833],[123.095828200254374,11.489307366634817],[123.096011585780246,11.489307306320663],[123.096011524570642,11.489126432384657],[123.095828139161739,11.489126492697833]]],[[[123.093811019210392,11.489488896425216],[123.093811079019176,11.48966977036824],[123.0939944647901,11.489669711320628],[123.093994404864347,11.489488837378493],[123.094177790517321,11.489488778216574],[123.094177730475835,11.489307904273106],[123.093994344939844,11.489307963434138],[123.093994285016223,11.489127089487562],[123.093994225093667,11.488946215538677],[123.09381083979045,11.488946274582469],[123.093810899596122,11.489127148532331],[123.093810959402859,11.489308022479884],[123.093811019210392,11.489488896425216]]],[[[123.096011646990931,11.489488180254449],[123.096195032632622,11.489488119824033],[123.096194971305067,11.489307245891224],[123.096011585780246,11.489307306320663],[123.096011646990931,11.489488180254449]]],[[[123.093811198639401,11.490031518247802],[123.093811138828755,11.489850644309131],[123.093811079019176,11.48966977036824],[123.093627693247186,11.489669829300565],[123.093627752939966,11.489850703242434],[123.093627812633727,11.490031577181993],[123.093627872328469,11.490212451119332],[123.093444486204845,11.490212509939125],[123.093444545783768,11.490393383875221],[123.093627932024361,11.490393325054361],[123.09362799172105,11.490574198987259],[123.093628051418818,11.490755072917848],[123.093811437892285,11.490755013979838],[123.0939948243646,11.490754954926453],[123.094178210836034,11.490754895757783],[123.094361597306488,11.490754836473739],[123.094361657472945,11.490935710398377],[123.094545044059217,11.49093565099807],[123.094545104343609,11.491116524919422],[123.094728491045885,11.491116465402852],[123.094728551448227,11.491297339321006],[123.09472861185165,11.49147821323694],[123.094911998786699,11.491478153603042],[123.094911938266492,11.491297279688085],[123.09491187774708,11.491116405770908],[123.094911817228734,11.490935531851511],[123.094728430644594,11.490935591482478],[123.094728370244198,11.490754717559794],[123.094544983775876,11.490754777074409],[123.09454492349343,11.490573903148617],[123.094361537140927,11.490573962547058],[123.094361476976431,11.49039308861798],[123.094361416813001,11.490212214686681],[123.094178030693385,11.490212273967794],[123.093994644572774,11.490212333133622],[123.093994584644179,11.490031459198237],[123.093811198639401,11.490031518247802]]],[[[123.094912119830411,11.491839901426205],[123.095095506998447,11.491839841675157],[123.095095446359124,11.491658967765618],[123.095095385720782,11.491478093853859],[123.094911998786699,11.491478153603042],[123.094912059308157,11.491659027515778],[123.094912119830411,11.491839901426205]]],[[[123.095278894165403,11.491839781808645],[123.095278954922577,11.492020655714986],[123.095462342205451,11.492020595732212],[123.095462281331208,11.491839721826937],[123.095278894165403,11.491839781808645]]],[[[123.089777278722451,11.491841527629822],[123.089960665918284,11.49184147110819],[123.090144053112866,11.491841414471272],[123.090327440306652,11.491841357718892],[123.090510827499372,11.491841300851315],[123.090694214691297,11.491841243868274],[123.090877601881971,11.491841186769948],[123.090877659832685,11.492022060698938],[123.091061047139448,11.492022003484349],[123.091060989071849,11.491841129556336],[123.091060931005231,11.491660255625925],[123.091060872939593,11.491479381693471],[123.090877485983569,11.491479438905307],[123.090694099026663,11.491479496001768],[123.090694156858447,11.491660369936087],[123.090510769783677,11.49166042691815],[123.090327382707841,11.491660483784928],[123.090143995630939,11.491660540536332],[123.089960608553156,11.491660597172361],[123.089777221474478,11.491660653693105],[123.089777164227371,11.491479779754167],[123.089593777264611,11.491479836158648],[123.089593720135369,11.491298962216513],[123.089593663007108,11.491118088272158],[123.089410276277306,11.491118144559488],[123.089410219267009,11.490937270611935],[123.089226832653196,11.490937326783003],[123.08922677576075,11.490756452832342],[123.089226718869099,11.49057557887946],[123.089043332488174,11.490575634933466],[123.088859946106282,11.490575690872008],[123.088676559723396,11.490575746695354],[123.088493173339629,11.490575802403326],[123.088309786954795,11.490575857995923],[123.088126400568981,11.490575913473323],[123.088126344380072,11.490395039512714],[123.087942958110347,11.490395094873852],[123.087759571839726,11.490395150119616],[123.087759627794796,11.490576024081912],[123.087576241406225,11.490576079213279],[123.087576297245377,11.490756953174243],[123.087576353085424,11.490937827132987],[123.087392966462204,11.490937882150844],[123.087393022186163,11.491118756108255],[123.087576408926623,11.49111870108951],[123.087576464768532,11.491299575043813],[123.087576520611336,11.491480448995807],[123.087393133637278,11.491480504016328],[123.087393077911273,11.491299630063358],[123.087209691053133,11.491299684967617],[123.087209635444992,11.491118811011537],[123.087026248702841,11.491118865799622],[123.087026193212651,11.490937991840434],[123.086842806586503,11.490938046512257],[123.086842751214093,11.49075717254996],[123.086842695842734,11.490576298585443],[123.08684264047227,11.490395424618617],[123.086659254195879,11.49039547917249],[123.086475867918608,11.490395533610988],[123.086292481640541,11.4903955879342],[123.086109095361394,11.490395642142039],[123.086109150264321,11.490576516112329],[123.086109205167958,11.490757390080399],[123.086109260072661,11.490938264046159],[123.08610931497816,11.491119138009788],[123.086109369884639,11.491300011971108],[123.086109424792099,11.491480885930207],[123.08610947970044,11.491661759886997],[123.085926092601966,11.491661813985678],[123.085926147394218,11.491842687941135],[123.086109534609676,11.491842633841655],[123.086292921824253,11.491842579626711],[123.086476309037835,11.491842525296482],[123.086476364181905,11.492023399247143],[123.08665975151159,11.492023344800652],[123.08684313884028,11.492023290238874],[123.086843194219185,11.492204164185539],[123.087026581663878,11.492204109507499],[123.087026637160733,11.492384983451055],[123.087210024721344,11.492384928656842],[123.08739341228123,11.492384873747254],[123.08739346801265,11.492565747686724],[123.08739352374522,11.492746621623974],[123.087393579478686,11.492927495558915],[123.087393635213033,11.493108369491724],[123.087577023239845,11.493108314463209],[123.087577079092057,11.493289188392909],[123.087760467234773,11.49328913324822],[123.087943855376423,11.493289077988157],[123.087943911463555,11.493469951913683],[123.088127299721378,11.493469896537446],[123.088310687978137,11.493469841045746],[123.088494076234099,11.49346978543876],[123.088494132672949,11.493650659359401],[123.088677521044815,11.493650603636153],[123.088860909415715,11.493650547797531],[123.088860852742997,11.493469673878666],[123.089044240995847,11.493469617925557],[123.089227629247986,11.493469561857163],[123.08922757234204,11.493288687937854],[123.089410960476229,11.493288631754973],[123.089594348609353,11.493288575456718],[123.089777736741596,11.493288519043089],[123.089777679485877,11.493107645124313],[123.089594291470704,11.493107701536966],[123.089594234332765,11.492926827614992],[123.089594177195892,11.492745953690799],[123.089594120059914,11.492565079764384],[123.089594062924988,11.492384205835661],[123.089594005790957,11.492203331904717],[123.089777393221539,11.492203275496594],[123.089777335971505,11.492022401564318],[123.089777278722451,11.491841527629822]],[[123.08867746448891,11.4934697297164],[123.088677407933972,11.493288855794338],[123.088494019796045,11.49328891151581],[123.088310631657066,11.493288967121908],[123.088127243517363,11.49328902261272],[123.088127187314143,11.493108148685772],[123.087943799290272,11.493108204060233],[123.087760411265506,11.493108259319408],[123.087760355297291,11.492927385388464],[123.087760299329801,11.492746511455211],[123.087943687120699,11.492746456197812],[123.088127074910631,11.492746400825128],[123.088310462699596,11.49274634533707],[123.088493850487652,11.492746289733637],[123.088677238274656,11.492746234014829],[123.088860626060864,11.492746178180736],[123.088860682730015,11.492927052108572],[123.088860739400062,11.493107926034186],[123.088860796070904,11.493288799957492],[123.088860852742997,11.493469673878666],[123.08867746448891,11.4934697297164]],[[123.087943294556851,11.491480338608907],[123.087943238480023,11.491299464658601],[123.087943182404345,11.491118590706163],[123.087759795665846,11.491118645955479],[123.087759739707934,11.490937771999933],[123.087759683750917,11.490756898041989],[123.087943070255477,11.490756842794449],[123.088126456758971,11.490756787431534],[123.088126512949842,11.490937661387614],[123.088309899569424,11.490937605908526],[123.088309955878159,11.491118479861496],[123.088310012187961,11.491299353812158],[123.088126625334525,11.491299409293022],[123.088126681528152,11.49148028324244],[123.087943294556851,11.491480338608907]],[[123.089227060232574,11.491660822563267],[123.089227117129724,11.491841696502737],[123.089227174027954,11.492022570439987],[123.0890437867115,11.492022626501099],[123.088860399394079,11.492022682447013],[123.088860342729717,11.491841808507987],[123.088676955528385,11.49184186433755],[123.088493568326072,11.491841920051828],[123.088493511896544,11.491661046108716],[123.088493455468083,11.491480172163472],[123.088676842436456,11.491480116450971],[123.088676785891991,11.491299242504306],[123.088676729348421,11.491118368555421],[123.088860116082131,11.491118312729411],[123.088860172742585,11.491299186677407],[123.088860229404105,11.491480060623184],[123.089043616370517,11.491480004680023],[123.089227003336219,11.491479948621576],[123.089227060232574,11.491660822563267]],[[123.087576632299943,11.491842196893133],[123.087760019507058,11.49184214175555],[123.08776007546976,11.492023015699994],[123.087576688145759,11.492023070838465],[123.087393300820878,11.492023125861563],[123.087393245091945,11.491842251915342],[123.087576632299943,11.491842196893133]]],[[[123.095645851472611,11.492382283436177],[123.095645790479352,11.49220140953623],[123.095645729487345,11.492020535634152],[123.095462342205451,11.492020595732212],[123.095462403080674,11.492201469635267],[123.095462463956949,11.492382343536191],[123.095645851472611,11.492382283436177]]],[[[123.092711591977675,11.492202357280158],[123.092711651099805,11.492383231195381],[123.092895038630573,11.492383172825539],[123.09289497939146,11.492202298911204],[123.092711591977675,11.492202357280158]]],[[[123.09234481714681,11.492202473672032],[123.092344876035085,11.49238334758912],[123.0925282635678,11.492383289449938],[123.09252820456274,11.492202415533738],[123.09234481714681,11.492202473672032]]],[[[123.095462524834204,11.492563217434805],[123.095462463956949,11.492382343536191],[123.095279076440221,11.49238240352083],[123.095279137200507,11.492563277420421],[123.095462524834204,11.492563217434805]]],[[[123.093995423736445,11.49256369409032],[123.094178811377162,11.492563634912146],[123.094362199016899,11.49256357561851],[123.094545586655755,11.492563516209588],[123.094728974293361,11.492563456685291],[123.094912361930085,11.492563397045709],[123.095095749565829,11.492563337290752],[123.095095688922427,11.492382463390184],[123.094912301403653,11.492382523144164],[123.094728913883998,11.492382582782858],[123.094545526363092,11.492382642306177],[123.094362138841305,11.492382701714122],[123.094178751318537,11.492382761006782],[123.093995363794704,11.492382820184067],[123.093995423736445,11.49256369409032]]],[[[123.093078426160346,11.492383114340322],[123.092895038630573,11.492383172825539],[123.092895097870553,11.492564046737476],[123.09307848551731,11.492563988251371],[123.093078426160346,11.492383114340322]]],[[[123.092344934924242,11.492564221503899],[123.092344876035085,11.49238334758912],[123.092161488501304,11.492383405612928],[123.092161547273491,11.492564279528684],[123.092344934924242,11.492564221503899]]],[[[123.091611325893922,11.492383578992373],[123.091427938356063,11.492383636554861],[123.091427996660528,11.492564510474347],[123.091611384315186,11.492564452910971],[123.091794771968964,11.49256439523222],[123.09179471343063,11.492383521314599],[123.091611325893922,11.492383578992373]]],[[[123.093812095920228,11.492744627058217],[123.093995483678981,11.492744567994441],[123.093995423736445,11.49256369409032],[123.093812036094491,11.492563753153208],[123.093812095920228,11.492744627058217]]],[[[123.09307854487534,11.49274486216011],[123.09307860423435,11.492925736066718],[123.093261992113995,11.492925677463285],[123.093445379992644,11.492925618744566],[123.093628767870328,11.492925559910473],[123.093812155747045,11.492925500961006],[123.093812095920228,11.492744627058217],[123.093628708160495,11.492744686006708],[123.09344532039978,11.492744744839912],[123.093261932638015,11.492744803557654],[123.09307854487534,11.49274486216011]]],[[[123.08886096608957,11.493831421714086],[123.089044354576544,11.493831365759201],[123.089044297785705,11.493650491843534],[123.088860909415715,11.493650547797531],[123.08886096608957,11.493831421714086]]],[[[123.089044354576544,11.493831365759201],[123.089044411368363,11.494012239672736],[123.089227799971155,11.494012183601589],[123.089411188573237,11.494012127415067],[123.089411131547564,11.493831253503396],[123.089227743062452,11.49383130968903],[123.089044354576544,11.493831365759201]]],[[[123.089411188573237,11.494012127415067],[123.089411245599806,11.494193001324517],[123.089594634317876,11.494192945021732],[123.089594577174253,11.49401207111317],[123.089411188573237,11.494012127415067]]],[[[123.089778080296369,11.494373762508937],[123.089778023034796,11.494192888603573],[123.089594634317876,11.494192945021732],[123.089594691462295,11.494373818928073],[123.089778080296369,11.494373762508937]]],[[[123.089961526508816,11.494554579876771],[123.089778137558923,11.494554636412081],[123.089778194822273,11.494735510313005],[123.089778252086688,11.494916384211619],[123.089961641270705,11.494916327674444],[123.089961583889234,11.494735453776718],[123.089961526508816,11.494554579876771]]],[[[123.090328477252029,11.495097088147789],[123.090328419635625,11.49491621425406],[123.090145030453655,11.494916271021983],[123.089961641270705,11.494916327674444],[123.08996169865307,11.495097201570038],[123.09014508795299,11.495097144916601],[123.090328477252029,11.495097088147789]]],[[[123.090511866549917,11.495097031263603],[123.090511924284172,11.495277905154046],[123.090695313698234,11.495277848153597],[123.090878703111301,11.495277791037774],[123.090878645143093,11.495096917149107],[123.090695255847081,11.495096974264042],[123.090511866549917,11.495097031263603]]],[[[123.091429104630961,11.496001114519151],[123.091429046308008,11.49582024064212],[123.09124565654686,11.495820298106908],[123.091245598341857,11.495639424226857],[123.091062208696698,11.495639481575294],[123.091062150609474,11.495458607692045],[123.091062092523401,11.495277733806487],[123.090878703111301,11.495277791037774],[123.090878761080489,11.495458664924131],[123.090878819050559,11.495639538808357],[123.090878877021709,11.495820412690273],[123.090878934993825,11.496001286570058],[123.091062324873818,11.49600122933513],[123.091245714752915,11.496001171984828],[123.091429104630961,11.496001114519151]]],[[[123.091429104630961,11.496001114519151],[123.091429162954967,11.496181988393785],[123.091612552949002,11.496181930811845],[123.091612494508013,11.496001056938011],[123.091429104630961,11.496001114519151]]],[[[123.091795942942056,11.496181873114443],[123.091612552949002,11.496181930811845],[123.091612611391142,11.496362804683281],[123.091612669833992,11.496543678552586],[123.091796060061085,11.496543620853318],[123.091796001501081,11.496362746984991],[123.091795942942056,11.496181873114443]]],[[[123.091980037110943,11.498352301589611],[123.091980095798846,11.498533175432447],[123.091980154487544,11.498714049272886],[123.091980213177308,11.498894923111193],[123.092163604923542,11.498894865169008],[123.092163546116723,11.498713991331678],[123.092163487310955,11.498533117492128],[123.092163428506083,11.498352243650269],[123.092163369702277,11.498171369806188],[123.092163310899537,11.497990495959888],[123.092163252097592,11.497809622111367],[123.092346643140658,11.497809564059404],[123.092530034182744,11.497809505891977],[123.092713425223849,11.497809447609265],[123.092896816264073,11.49780938921109],[123.092896756995216,11.497628515364079],[123.092896697727255,11.497447641514759],[123.093080088532375,11.497447583003074],[123.093080029148581,11.497266709152511],[123.093079969765682,11.497085835299726],[123.092896579194417,11.497085893809546],[123.092896519929567,11.496905019953475],[123.09271312947439,11.496905078346943],[123.092529739018318,11.496905136625037],[123.092529798049227,11.497086010482883],[123.092346407475134,11.497086068646491],[123.092163016900045,11.497086126694724],[123.091979626324076,11.497086184627493],[123.091979567643989,11.496905310766804],[123.091979508965153,11.496724436903895],[123.091979450287113,11.496543563038765],[123.091796060061085,11.496543620853318],[123.091796118621971,11.496724494719425],[123.091796177183937,11.496905368583311],[123.091612786722891,11.496905426284444],[123.091612845168939,11.497086300146998],[123.091612903615697,11.497267174007332],[123.091612962063607,11.497448047865356],[123.091613020512497,11.497628921721249],[123.091613078962368,11.497809795574833],[123.091429687915308,11.49780985316521],[123.091429746249176,11.497990727017461],[123.091429804583939,11.498171600867492],[123.091613195864952,11.49817154327525],[123.091796587145069,11.498171485567633],[123.091796645714922,11.498352359413579],[123.091980037110943,11.498352301589611]]],[[[123.091980271868138,11.49907579694719],[123.091980213177308,11.498894923111193],[123.091796821430194,11.498894980938003],[123.091796880003955,11.499075854774889],[123.091980271868138,11.49907579694719]]],[[[123.091797231467169,11.500161097749752],[123.091613838899733,11.500161155467582],[123.091613897363359,11.500342029289813],[123.091613955827881,11.500522903109824],[123.091797348629271,11.500522845390039],[123.091797290047694,11.500341971571006],[123.091980682730949,11.500341913736824],[123.091980624033368,11.500161039916458],[123.092164016598687,11.500160981967701],[123.092163957784933,11.499980108146003],[123.092163898972245,11.499799234322174],[123.09198050664105,11.499799292268976],[123.091980447946312,11.499618418441949],[123.091797055731121,11.499618476272401],[123.091796997154333,11.499437602442176],[123.091796938578696,11.499256728609643],[123.091796880003955,11.499075854774889],[123.09161348813879,11.499075912487212],[123.091430096272745,11.499075970084073],[123.091246704405549,11.499076027565559],[123.091246762629368,11.499256901403067],[123.091063370644122,11.499256958770067],[123.091063428751866,11.499437832606242],[123.091246820853911,11.499437775238354],[123.091246879079506,11.499618649071421],[123.091430271297725,11.499618591587181],[123.091613663514863,11.499618533987478],[123.091613721975477,11.499799407816459],[123.091797114308704,11.499799350100405],[123.091797172887368,11.499980223926189],[123.091797231467169,11.500161097749752]]],[[[123.095648475149886,11.500159859011484],[123.095648536188179,11.500340732812843],[123.095831928850473,11.500340672554644],[123.096015321511615,11.500340612181072],[123.096198714171877,11.500340551692036],[123.096198652782405,11.500159677893608],[123.096015260239298,11.500159738381667],[123.095831867695125,11.500159798754263],[123.095648475149886,11.500159859011484]]],[[[123.095648597227523,11.500521606611803],[123.095648536188179,11.500340732812843],[123.095465143524891,11.500340792955578],[123.095281750860636,11.50034085298285],[123.095281811665956,11.500521726783854],[123.095281872472157,11.500702600582636],[123.095465265370535,11.500702540553322],[123.09546520444718,11.500521666755516],[123.095648597227523,11.500521606611803]]],[[[123.09124717022226,11.500523018203003],[123.091247228453724,11.500703892022569],[123.09143062137413,11.500703834532734],[123.091614014293469,11.500703776927525],[123.091613955827881,11.500522903109824],[123.091430563025611,11.500522960714145],[123.09124717022226,11.500523018203003]]],[[[123.095098600954373,11.50106440808908],[123.095098661646716,11.50124528188209],[123.095282054897169,11.501245221965396],[123.095281994087856,11.501064348173363],[123.095098600954373,11.50106440808908]]],[[[123.095098722339941,11.501426155672879],[123.095098661646716,11.50124528188209],[123.094915268395198,11.50124534168341],[123.094915328971453,11.501426215475087],[123.095098722339941,11.501426155672879]]],[[[123.093448181986574,11.501426689737494],[123.093448241627485,11.50160756353459],[123.093448301269476,11.501788437329465],[123.093264907657712,11.501788496094724],[123.0932649671836,11.501969369888267],[123.093081573453887,11.50196942853904],[123.093081632863615,11.502150302331339],[123.092898239015852,11.502150360867537],[123.092714845167038,11.502150419288361],[123.092714904343708,11.502331293080305],[123.092531510376844,11.502331351386553],[123.092531569437512,11.502512225177254],[123.092348175352612,11.502512283369017],[123.092348234297205,11.502693157158385],[123.092164840094171,11.502693215235661],[123.092164781266661,11.502512341445316],[123.0919813871798,11.502512399406241],[123.091797993091888,11.502512457251614],[123.091798051685373,11.502693331043824],[123.091614657479425,11.502693388774711],[123.091614715956737,11.5028742625655],[123.091431321632825,11.502874320181901],[123.091247927307862,11.502874377682838],[123.091247869064674,11.502693503890184],[123.09106447485587,11.50269356127477],[123.091064416730632,11.502512687478918],[123.091064358606459,11.502331813680756],[123.09124775258114,11.502331756298036],[123.091247694340964,11.502150882498631],[123.091064300483183,11.502150939880464],[123.091064242360957,11.501970066077861],[123.09088084861925,11.501970123343254],[123.090697454876661,11.501970180493272],[123.09069739698954,11.501789306686584],[123.090514003362955,11.501789363720162],[123.090513945593869,11.501608489910366],[123.090330552083444,11.501608546827592],[123.090147158571966,11.501608603629444],[123.0901471010379,11.501427729815473],[123.089963707642667,11.501427786500974],[123.089780314246283,11.501427843071012],[123.089780256947321,11.501246969253044],[123.089596863667026,11.50124702570673],[123.08941347038602,11.501247082044953],[123.089413413321978,11.5010662082229],[123.089413356258831,11.500885334398626],[123.089413299196735,11.500704460572043],[123.08941324213562,11.500523586743329],[123.089596634948649,11.500523530408659],[123.089596577771459,11.500342656578612],[123.089779970466438,11.500342600129455],[123.089779913173246,11.500161726297987],[123.089963305750189,11.500161669734345],[123.090146698326251,11.500161613055328],[123.090330090901332,11.500161556260847],[123.090513483475434,11.500161499350904],[123.090513541236874,11.50034237317873],[123.090513598999294,11.500523247004248],[123.090513656762596,11.500704120827544],[123.090697049686824,11.500704063799473],[123.090697107568175,11.500884937619572],[123.090880500608478,11.50088488047515],[123.091063893647899,11.500884823215264],[123.091247286686254,11.500884765839915],[123.091247228453724,11.500703892022569],[123.091063835532438,11.500703949396941],[123.090880442610072,11.500704006655939],[123.090880384612731,11.500523132834507],[123.090696991806453,11.500523189977065],[123.090696933927063,11.500342316152436],[123.090696876048654,11.500161442325586],[123.090696818171125,11.499980568496516],[123.090513425714974,11.499980625520946],[123.090330033257928,11.499980682429912],[123.0901466408,11.499980739223505],[123.090146583274461,11.499799865389372],[123.089963190932437,11.499799922066613],[123.089779798589532,11.499799978628479],[123.089596406245548,11.499800035074793],[123.089413013900682,11.499800091405822],[123.089413070957974,11.499980965243507],[123.089229678495158,11.499981021459961],[123.089046286031277,11.49998107756104],[123.088862893566514,11.499981133546656],[123.088679501100756,11.499981189416809],[123.088496108634132,11.499981245171588],[123.088496165107173,11.500162119011582],[123.088496221581195,11.500342992849445],[123.088496278056198,11.50052386668491],[123.088496334532181,11.500704740518243],[123.088496391009045,11.500885614349267],[123.088496447486889,11.50106648817807],[123.088313054317084,11.501066543822803],[123.088313110678854,11.501247417650275],[123.088129717390999,11.501247473180522],[123.088129773636766,11.501428347006572],[123.087946380230889,11.501428402422244],[123.087762986824117,11.501428457722453],[123.08757959341645,11.501428512907287],[123.087396200007731,11.501428567976658],[123.087212806598288,11.501428622930566],[123.087029413187693,11.501428677769011],[123.086846019776218,11.501428732492082],[123.086846075203525,11.501609606322129],[123.087029468731984,11.501609551598259],[123.087029524277241,11.501790425425197],[123.08721291792186,11.501790370584976],[123.087212973585068,11.501971244408805],[123.087213029249341,11.502152118230415],[123.087396423127032,11.502152063272954],[123.087579817003828,11.50215200820003],[123.087763210879729,11.502151953011731],[123.087946604754748,11.502151897707881],[123.088129998628702,11.502151842288656],[123.088313392501945,11.502151786753968],[123.0883134488693,11.502332660568028],[123.088496842858362,11.502332604916989],[123.088680236846713,11.502332549150486],[123.088863630833998,11.502332493268609],[123.08886357411528,11.502151619457303],[123.089046967984615,11.502151563460851],[123.089230361852884,11.502151507348936],[123.089413755720273,11.502151451121557],[123.089597149586666,11.502151394778805],[123.089597092400865,11.501970520968831],[123.089780486149223,11.501970464511503],[123.0899638798967,11.501970407938712],[123.089963937316725,11.502151281746821],[123.090147331180106,11.502151225057768],[123.090330725042691,11.502151168253162],[123.090330782697649,11.502332042057185],[123.090514176676308,11.502331985136228],[123.090514234449387,11.502512858937143],[123.090697628544049,11.502512801899835],[123.090697686435163,11.502693675697552],[123.090697744327258,11.50287454949296],[123.090697802220149,11.503055423286236],[123.090514407774293,11.503055480326298],[123.09051446555128,11.503236354118242],[123.090331070987389,11.503236411043728],[123.090147676422433,11.50323646785384],[123.089964281856496,11.503236524548401],[123.089780887289677,11.503236581127586],[123.089597492721879,11.503236637591309],[123.0894140981531,11.503236693939568],[123.089414041078669,11.503055820142118],[123.089230646625978,11.503055876374026],[123.089230589669413,11.502875002573466],[123.089047195332896,11.502875058689023],[123.088863800995483,11.502875114689028],[123.088863857717755,11.503055988491452],[123.088680463262222,11.50305604437697],[123.088680519868674,11.503236918177974],[123.088497125295021,11.503236973948917],[123.0884971817852,11.503417847748588],[123.088313787093682,11.503417903405046],[123.088313843467787,11.503598777203385],[123.088130448658134,11.503598832745178],[123.088130504916066,11.503779706542185],[123.087947109988647,11.503779761969492],[123.087763715059978,11.503779817281247],[123.087763771084767,11.503960691077809],[123.087763827110436,11.504141564872063],[123.087580431946847,11.50414162007022],[123.087580487856357,11.504322493863141],[123.087397092574719,11.504322548946723],[123.087397148368225,11.504503422738312],[123.087397204162528,11.50468429652768],[123.087580599678276,11.504684241442321],[123.087763995193143,11.5046841862415],[123.087764051222635,11.504865060026782],[123.087947446853491,11.504865004709609],[123.088130842483551,11.504864949276973],[123.088130786219935,11.504684075493467],[123.08831418173196,11.504684019946255],[123.088497577243004,11.504683964283492],[123.088680972753068,11.504683908505354],[123.08886436826225,11.504683852611754],[123.089047763770452,11.504683796602601],[123.089047820619555,11.504864670381577],[123.089231216243761,11.504864614256162],[123.089231273210814,11.50504548803203],[123.089414668951264,11.505045431790085],[123.089414726036367,11.505226305562845],[123.089414783122336,11.505407179333384],[123.089598179096043,11.5054071229742],[123.089781575068756,11.505407066499552],[123.089964971040587,11.505407009909442],[123.090148367011352,11.505406953203869],[123.090331762981137,11.505406896382743],[123.090515158950041,11.505406839446243],[123.090698554917793,11.505406782394191],[123.090881950884821,11.505406725226676],[123.091065346850698,11.505406667943697],[123.091065288710809,11.505225794181507],[123.091248684558735,11.505225736783954],[123.09143208040561,11.505225679270938],[123.091615476251491,11.505225621642458],[123.091615417761389,11.505044747880712],[123.091615359272353,11.504863874116834],[123.091615300784113,11.504683000350648],[123.091615242297124,11.50450212658224],[123.091798637673605,11.504502068842028],[123.091798579070442,11.504321195072288],[123.091981974328888,11.5043211372175],[123.092165369586453,11.50432107924725],[123.092165310750133,11.504140205477155],[123.092348705889563,11.504140147392329],[123.092532101028013,11.504140089192129],[123.092715496165582,11.504140030876465],[123.092715436978878,11.503959157106904],[123.092898831998326,11.503959098676754],[123.093082227016779,11.503959040131052],[123.093082167596933,11.503778166361135],[123.093265562497351,11.503778107700947],[123.0932655029616,11.503597233929787],[123.093448897743812,11.503597175155113],[123.093448838091874,11.50341630138262],[123.09363223275605,11.503416242493371],[123.093632172988038,11.503235368719634],[123.093448778441015,11.503235427607907],[123.093448718790953,11.503054553830973],[123.093448659142041,11.50287368005173],[123.09344859949411,11.502692806270355],[123.093448539847159,11.502511932486582],[123.093631933926105,11.502511873602129],[123.093631874163066,11.502330999817202],[123.093631814401093,11.502150126029965],[123.093815208244934,11.502150067032003],[123.093815148366886,11.501969193243434],[123.093815088489976,11.501788319452734],[123.09381502861396,11.501607445659724],[123.09381496873884,11.501426571864494],[123.093998362113453,11.501426512754888],[123.093998302122415,11.501245638958325],[123.094181695379007,11.501245579734233],[123.094365088634603,11.501245520394678],[123.094548481889049,11.501245460939748],[123.094731875142614,11.501245401369266],[123.094915268395198,11.50124534168341],[123.094915207820009,11.501064467889423],[123.094731814684394,11.501064527574302],[123.094548421547898,11.501064587143807],[123.094365028410422,11.501064646597849],[123.094364968187307,11.50088377279871],[123.094181575165834,11.500883832136401],[123.093998182143281,11.500883891358539],[123.093998122155355,11.500703017555315],[123.093814729248805,11.500703076661191],[123.093814789119847,11.500883950465392],[123.093814848991784,11.501064824267283],[123.0936314558503,11.501064883259561],[123.093631515606234,11.501245757060298],[123.093631575363233,11.501426630858726],[123.093448181986574,11.501426689737494]],[[123.08904657016177,11.50088544672513],[123.088863177111961,11.500885502715276],[123.088863120400887,11.500704628886028],[123.088863063690866,11.50052375505456],[123.089046456506821,11.50052369906628],[123.089046513333898,11.50070457289686],[123.08904657016177,11.50088544672513]]],[[[123.096018509092403,11.509746046657744],[123.096018570419247,11.509926920338222],[123.096201969285033,11.509926859797494],[123.096201907840936,11.509745986117904],[123.096018509092403,11.509746046657744]]],[[[123.094551500239689,11.510289147875254],[123.094734899347856,11.51028908825681],[123.094734838838747,11.510108214573934],[123.09455143984782,11.51010827419149],[123.094551500239689,11.510289147875254]]],[[[123.095101576075592,11.509927221309203],[123.095101515334221,11.509746347623841],[123.095101454594101,11.509565473936258],[123.095284853230552,11.509565413975066],[123.095284792374258,11.509384540286151],[123.095284731519115,11.509203666595015],[123.095468129920292,11.509203606520225],[123.095468190892674,11.509384480210384],[123.095651589410025,11.509384420019066],[123.09583498792631,11.509384359712284],[123.095834926719633,11.509203486024079],[123.095651528320488,11.509203546329884],[123.095651467231932,11.509022672638482],[123.095468068948975,11.509022732827846],[123.095468007978454,11.508841859133158],[123.095467947009183,11.508660985436249],[123.09528454895937,11.508661045508196],[123.09510115090832,11.508661105464592],[123.094917752856546,11.508661165305435],[123.09491769223952,11.508480291603375],[123.094917631623574,11.508299417899094],[123.094734233804857,11.50829947762252],[123.09455083598526,11.508299537230483],[123.094367438164426,11.508299596722894],[123.094184040342697,11.508299656099753],[123.09418410049031,11.508480529807853],[123.094367498429008,11.508480470430017],[123.094367558694671,11.50866134413492],[123.094367618961215,11.508842217837602],[123.094551017133341,11.50884215834226],[123.094551077518105,11.509023032041833],[123.094367679228839,11.509023091538063],[123.094367739497599,11.509203965236216],[123.094367799767085,11.509384838932148],[123.094184401242629,11.50938489831478],[123.094001002717278,11.509384957581949],[123.09381760419069,11.509385016733566],[123.093817664109878,11.509565890430119],[123.093634265465241,11.50956594946725],[123.093634325268425,11.509746823162471],[123.093450926505682,11.509746882084938],[123.093450986192593,11.509927755778916],[123.093451045880585,11.510108629470674],[123.093451105569727,11.510289503160211],[123.093267706454455,11.510289561969968],[123.093267766027424,11.510470435658172],[123.093084366793931,11.510470494353443],[123.092900967559643,11.510470552933073],[123.092901026899199,11.510651426620923],[123.092717627546875,11.510651485086067],[123.092534228193301,11.510651543435658],[123.092350828838846,11.510651601669698],[123.092167429483411,11.510651659788186],[123.091984030126994,11.510651717791211],[123.091984088881773,11.510832591481458],[123.092167488355429,11.510832533477545],[123.092167547228343,11.511013407164684],[123.092350946818073,11.511013349044243],[123.092351005809192,11.511194222728184],[123.092351064801292,11.511375096409994],[123.092167664977254,11.511375154532212],[123.091984265152249,11.511375212538967],[123.091800865326249,11.511375270430081],[123.091617465499198,11.511375328205732],[123.091617406975871,11.511194454520281],[123.091434007264894,11.511194512179491],[123.091434065671251,11.511375385865831],[123.091250665842409,11.511375443410378],[123.091250724132493,11.511556317095474],[123.091250782423643,11.511737190778261],[123.091067382359441,11.511737248209121],[123.091067440534417,11.511918121890664],[123.090884040351909,11.511918179206861],[123.090884098410712,11.512099052887072],[123.091067498710288,11.512098995569898],[123.091250899008784,11.512098938137173],[123.0914342993064,11.512098880588896],[123.091617699602949,11.512098822925067],[123.091801099898618,11.512098765145685],[123.091984500193206,11.512098707250752],[123.091984441431507,11.511917833576225],[123.092167841607974,11.511917775566628],[123.092351241783547,11.511917717441568],[123.092534641957968,11.511917659200956],[123.092534701071216,11.512098532872729],[123.092718101361996,11.512098474515676],[123.092901501651625,11.512098416042983],[123.092901561000232,11.512279289710671],[123.093084961406035,11.512279231121537],[123.093084901940259,11.512098357454827],[123.093268302228026,11.512098298751029],[123.093268242646175,11.511917425083075],[123.093084842475562,11.511917483785895],[123.093084783012017,11.511736610114655],[123.092901382957493,11.511736668700946],[123.092901323611997,11.511555795026597],[123.092901264267468,11.511374921349939],[123.093084664087499,11.511374862765512],[123.093268063906564,11.511374804065534],[123.093268123485487,11.511555677740327],[123.093268183065291,11.511736551412811],[123.093451583117684,11.511736492595416],[123.093634983169096,11.511736433662469],[123.093818383219443,11.511736374613969],[123.09381832328809,11.511555500944416],[123.093634923354898,11.511555559991939],[123.093451523420725,11.511555618923909],[123.093451463724662,11.511374745250093],[123.093634863541766,11.511374686319011],[123.093634803729529,11.511193812643951],[123.093818203428413,11.511193753598294],[123.093818143500172,11.511012879921902],[123.09400154308095,11.511012820761758],[123.094001483036436,11.510831947084034],[123.094184882499079,11.510831887809315],[123.094184822338491,11.510651014130348],[123.094368221682913,11.510650954740965],[123.094368161406152,11.510470081060754],[123.094184762178969,11.51047014044916],[123.09400136295055,11.510470199722013],[123.094001302909149,11.510289326037627],[123.094001242868728,11.510108452350932],[123.094184641862768,11.510108393080033],[123.094184581706273,11.509927519392095],[123.094367980582092,11.509927460006532],[123.094551379457016,11.509927400505505],[123.094551319067278,11.509746526817301],[123.094734717823812,11.509746467201611],[123.094734778330789,11.509927340888927],[123.094734838838747,11.510108214573934],[123.094918237828793,11.510108154840916],[123.094918177203681,11.509927281156797],[123.095101576075592,11.509927221309203]]],[[[123.094551560632453,11.510470021556797],[123.094551500239689,11.510289147875254],[123.094368101130456,11.510289207378234],[123.094368161406152,11.510470081060754],[123.094551560632453,11.510470021556797]]],[[[123.095285461849841,11.511374150740496],[123.095285522717418,11.51155502440472],[123.095468922641558,11.511554964317318],[123.095468861656826,11.511374090654071],[123.095285461849841,11.511374150740496]]],[[[123.09455192301084,11.511555263598895],[123.094735322938973,11.511555203973613],[123.094918722866126,11.511555144232867],[123.094918662232942,11.511374270566689],[123.094735262422944,11.511374330306547],[123.094551862611951,11.511374389930763],[123.094368462799906,11.511374449439517],[123.094185062986881,11.511374508832718],[123.09400166317279,11.511374568110368],[123.094001723220401,11.511555441781342],[123.094185123151462,11.511555382502715],[123.094185183317123,11.511736256170403],[123.094368583364442,11.511736196775336],[123.094551983410881,11.511736137264718],[123.09455192301084,11.511555263598895]]],[[[123.095468922641558,11.511554964317318],[123.095468983627271,11.511735837978256],[123.095652383667485,11.511735777774414],[123.095835783706647,11.511735717454931],[123.09583572248664,11.511554843795858],[123.095652322564717,11.511554904114364],[123.095468922641558,11.511554964317318]]],[[[123.094736351867823,11.514630055971166],[123.094919753786897,11.514629996213989],[123.094919814438384,11.514810869839755],[123.095103216473632,11.514810809966137],[123.095286618507899,11.514810749976879],[123.095470020541114,11.514810689871981],[123.095653422573335,11.514810629651619],[123.095836824604405,11.514810569315616],[123.095836763366904,11.514629695694646],[123.095836702130555,11.514448822071545],[123.096020103926179,11.514448761621944],[123.096203505720908,11.514448701056702],[123.096203444251145,11.514267827433246],[123.096203382782349,11.514086953807569],[123.096019981222014,11.514087014370856],[123.096019919871452,11.513906140741893],[123.095836518427191,11.513906201188563],[123.095836457194835,11.513725327556491],[123.095653055866848,11.513725387886632],[123.095469654537709,11.513725448101221],[123.095469715535842,11.513906321735247],[123.09546977653487,11.514087195367141],[123.095653178098146,11.514087135150598],[123.09565323921538,11.514268008779206],[123.095653300333694,11.514448882405594],[123.095653361452989,11.514629756029672],[123.095469959537994,11.514629816249146],[123.095286557621947,11.514629876352979],[123.095103155704905,11.51462993634126],[123.095103094937258,11.514449062714251],[123.094919693136305,11.514449122586003],[123.094919632486864,11.514268248955796],[123.094736230802098,11.514268308711019],[123.094552829116438,11.514268368350601],[123.09455288953157,11.514449241982762],[123.094369487727604,11.514449301507858],[123.094186085922757,11.514449360917313],[123.094186146104477,11.514630234549118],[123.094186206287276,11.514811108178792],[123.094186266471127,11.514991981806157],[123.094186326655958,11.515172855431212],[123.094369728929593,11.515172796017938],[123.094369789232644,11.515353669639795],[123.094369849536676,11.515534543259522],[123.094186447028562,11.51553460267475],[123.094186507216506,11.515715476293144],[123.094003104590087,11.515715535593708],[123.093819701962957,11.515715594778721],[123.093636299334591,11.515715653848181],[123.09345289670523,11.515715712802001],[123.093452956425281,11.515896586421905],[123.093453016146313,11.516077460039588],[123.093636419010053,11.516077401083903],[123.093636478849305,11.516258274698389],[123.093819881829219,11.516258215626086],[123.094003284808238,11.516258156438232],[123.094186687786021,11.516258097134736],[123.094370090762922,11.516258037715689],[123.094370030454797,11.516077164105022],[123.094553433313479,11.516077104571311],[123.09473683617118,11.516077044922048],[123.094736896713684,11.516257918530849],[123.094920299687558,11.516257858765057],[123.094920360348198,11.516438732370572],[123.095103763438146,11.516438672488162],[123.095103702660367,11.516257798883624],[123.09528710563211,11.516257738886639],[123.095287044737972,11.516076865280768],[123.09547044759168,11.516076805169119],[123.095653850444052,11.516076744941918],[123.0956537893166,11.515895871335781],[123.095470386581283,11.515895931562005],[123.095286983844915,11.515895991672677],[123.095103581107551,11.515896051667708],[123.094920178369136,11.515896111547187],[123.094920117711524,11.515715237934922],[123.094736715089198,11.515715297697872],[123.094736654549791,11.51553442408232],[123.094736594011465,11.515353550464548],[123.094736533473935,11.515172676844555],[123.094553131202261,11.515172736489022],[123.094553070783206,11.514991862865832],[123.094553010364876,11.514810989240422],[123.094736412402156,11.514810929597909],[123.094736351867823,11.514630055971166]]],[[[123.095837192050922,11.515895810993916],[123.096020594784278,11.515895750536499],[123.096020533423498,11.515714876930096],[123.096020472063515,11.515534003321294],[123.095837069564638,11.515534063776757],[123.095837130807382,11.515714937386536],[123.0956537281902,11.515714997727335],[123.0956537893166,11.515895871335781],[123.095837192050922,11.515895810993916]]],[[[123.094187109150297,11.517524212353448],[123.09418716934934,11.517705085947151],[123.094370573263888,11.517705026520465],[123.09437063358115,11.517885900110882],[123.094554037611957,11.517885840567667],[123.094737441641698,11.517885780908722],[123.094737381090042,11.517704907320171],[123.094553977177455,11.517704966978139],[123.094553916744104,11.51752409338639],[123.094370512947691,11.51752415292774],[123.094187109150297,11.517524212353448]]],[[[123.095287592821776,11.517704727652779],[123.095287653724967,11.517885601238488],[123.095471057750714,11.517885541117158],[123.095654461775311,11.517885480880276],[123.095837865799012,11.517885420527753],[123.096021269821648,11.517885360059589],[123.096021208449486,11.517704486477788],[123.095837804544004,11.517704546944975],[123.095654400637628,11.517704607296521],[123.0954709967301,11.517704667532426],[123.095287592821776,11.517704727652779]]],[[[123.09492090634042,11.518066594719579],[123.094920845670373,11.517885721134226],[123.094737441641698,11.517885780908722],[123.094737502194334,11.518066654495053],[123.09492090634042,11.518066594719579]]],[[[123.09492278761067,11.52367367475239],[123.094739379829804,11.523673734557706],[123.094739319245633,11.52349286104092],[123.094739258662543,11.523311987521913],[123.094922666208944,11.523311927718551],[123.094922605509581,11.5231310541983],[123.094922544811197,11.52295018067583],[123.094922484113894,11.52276930715105],[123.094922423417557,11.522588433624049],[123.094922362722187,11.522407560094829],[123.09510576968124,11.522407500180622],[123.09510570886961,11.522226626650069],[123.095105648059231,11.522045753117295],[123.09528905478264,11.522045693089401],[123.095288993855732,11.521864819555384],[123.095288932929975,11.521683946019058],[123.095288872005199,11.521503072480511],[123.095105465633779,11.521503132505563],[123.094922059261023,11.521503192414974],[123.094921998571792,11.521322318872253],[123.094738592315565,11.521322378665046],[123.094555186058003,11.521322438342198],[123.094371779799644,11.521322497903709],[123.094371719463297,11.521141624355925],[123.094371659127816,11.520960750805832],[123.094555065151795,11.520960691246186],[123.09455500470014,11.52077981769485],[123.094738410605714,11.520779758020629],[123.094921816510322,11.520779698230678],[123.095105222413935,11.520779638325175],[123.095288628316496,11.520779578303943],[123.095472034218062,11.520779518167158],[123.09547197318129,11.520598644618309],[123.095471912145314,11.520417771067327],[123.095288506478212,11.520417831202158],[123.09510510081023,11.520417891221436],[123.094921695141096,11.520417951125074],[123.094921634458075,11.520237077568853],[123.094921573775949,11.520056204010411],[123.094921513094889,11.519875330449837],[123.095104918412218,11.519875270549042],[123.095288323728667,11.519875210532783],[123.095288262814023,11.519694336971765],[123.095471668012067,11.519694276840754],[123.09547160698142,11.519513403278493],[123.095471545951568,11.519332529714012],[123.095471484922967,11.519151656147221],[123.095288080076543,11.519151716275301],[123.095288019166247,11.518970842705313],[123.095104614435996,11.518970902716864],[123.094921209704864,11.518970962612775],[123.094737804972752,11.518971022393044],[123.094554400239574,11.518971082057673],[123.094554460681181,11.519151955631481],[123.094371055829697,11.519152015181534],[123.094187650977233,11.519152074615858],[123.094187590770204,11.518971201040097],[123.094187530564142,11.518790327462204],[123.094187470359145,11.518609453881913],[123.094370874859877,11.518609394450431],[123.094370814538706,11.518428520868897],[123.094370754218517,11.518247647285142],[123.094187349952165,11.518247706714758],[123.094187289750195,11.518066833127806],[123.094003885600188,11.518066892440805],[123.094003825516424,11.517886018850655],[123.09382042148269,11.517886078047125],[123.093820361517146,11.517705204453778],[123.0936369575995,11.51770526353363],[123.093636897752162,11.517524389937085],[123.093636837905905,11.51734351633832],[123.093820241589086,11.517343457260333],[123.093820301552668,11.51752433085821],[123.094003705351923,11.517524271663605],[123.094187109150297,11.517524212353448],[123.094187048952406,11.517343338757525],[123.094003645271272,11.517343398066705],[123.094003585191601,11.517162524467585],[123.093820181626555,11.517162583660236],[123.093636778060628,11.517162642737246],[123.093453374493706,11.517162701698703],[123.093269970925732,11.517162760544521],[123.093086567356778,11.517162819274786],[123.092903163786758,11.51716287788941],[123.092903223163262,11.517343751494304],[123.092719819475022,11.517343809994264],[123.092536415785901,11.517343868378672],[123.092536474928821,11.517524741983122],[123.09235307112148,11.517524800252867],[123.092353130148211,11.517705673856073],[123.092169726222565,11.517705732011153],[123.092169785133137,11.517886605612938],[123.092353189175924,11.517886547456969],[123.092353248204617,11.518067421055646],[123.092536652363677,11.518067362783059],[123.09272005652177,11.51806730439492],[123.092719997258598,11.517886430798109],[123.092903401298457,11.517886372295306],[123.093086805337265,11.517886313676863],[123.093270209375078,11.517886254942868],[123.093453613411924,11.517886196093231],[123.093637017447705,11.517886137127954],[123.093637077297075,11.518067010720058],[123.093820481449129,11.518066951638252],[123.093820541416619,11.518247825227069],[123.094003945684932,11.518247766028734],[123.094004005770728,11.518428639614443],[123.09382060138519,11.518428698813755],[123.093820661354812,11.518609572398132],[123.093637256850968,11.51860963148278],[123.093637316704246,11.518790505065825],[123.093453912082268,11.518790564035809],[123.093453971819372,11.51897143761761],[123.093454031557442,11.519152311197191],[123.093637436413815,11.519152252225341],[123.09363749627029,11.519333125801635],[123.093820901242921,11.519333066713168],[123.093820961217432,11.519513940286354],[123.094004366306336,11.519513881081268],[123.094004426399238,11.519694754651256],[123.094004486493034,11.519875628218935],[123.094004546587897,11.520056501784394],[123.094004606683654,11.520237375347632],[123.094004666780464,11.52041824890865],[123.094004726878353,11.520599122467358],[123.094004786977294,11.520779996023846],[123.093821381067542,11.520780055235592],[123.093821441050139,11.520960928790748],[123.093821501033716,11.521141802343683],[123.093638094888519,11.521141861441743],[123.093638154755908,11.521322734993346],[123.093638214624377,11.521503608542817],[123.093638274493642,11.521684482089979],[123.093638334363973,11.521865355634921],[123.093821740978314,11.521865296533131],[123.09382180096695,11.522046170074786],[123.094005207697464,11.522046110856378],[123.094188614426912,11.522046051522329],[123.09437202115538,11.522045992072639],[123.0943720814968,11.522226865609232],[123.094372141839287,11.522407739143604],[123.094372202182754,11.522588612675756],[123.094372262527372,11.522769486205599],[123.094372322872701,11.522950359733221],[123.09418891555795,11.522950419187707],[123.094188975787105,11.523131292714085],[123.094005568354035,11.523131352053818],[123.093822160919814,11.523131411277999],[123.093822220915555,11.523312284804023],[123.093822280912278,11.523493158327826],[123.093822340909881,11.523674031849319],[123.093822400908564,11.523854905368593],[123.093822460908385,11.524035778885557],[123.0938225209091,11.524216652400389],[123.093822580910711,11.524397525912912],[123.093822640913459,11.524578399423214],[123.094006049285952,11.524578340191395],[123.094006109406934,11.5247592136985],[123.094006169528967,11.524940087203385],[123.094006173602693,11.524952342556986],[123.094560336544276,11.52442654552318],[123.094941416641987,11.524035415730285],[123.094922909016574,11.52403542177708],[123.094922848313132,11.52385454826589],[123.09492278761067,11.52367367475239]]],[[[123.096189027431222,11.471762463772896],[123.096189088658875,11.471943337922687],[123.096372462968034,11.471943277471842],[123.096372401623853,11.47176240332294],[123.096189027431222,11.471762463772896]]],[[[123.10187459971371,11.474473647835127],[123.101874664575959,11.474654521920259],[123.101874729439459,11.47483539600317],[123.10187479430401,11.475016270083772],[123.10205817056486,11.475016206046108],[123.102058105583595,11.474835331966572],[123.102058040603296,11.474654457884727],[123.102241416629582,11.474654393733998],[123.102241351533735,11.474473519650997],[123.102241286438968,11.474292645565777],[123.102241221345253,11.474111771478247],[123.102057845669194,11.474111835625779],[123.102057780693428,11.473930961535052],[123.102057715718558,11.473750087442015],[123.101874340275018,11.473750151472396],[123.101874275418098,11.473569277376074],[123.101874210562244,11.47338840327753],[123.101874145707455,11.473207529176767],[123.102057520800884,11.473207465149494],[123.102240895893232,11.473207401007114],[123.102240960981433,11.473388275105835],[123.102424336189429,11.473388210847281],[123.10242440139541,11.473569084942627],[123.10260777671904,11.473569020567899],[123.102607842042872,11.473749894660047],[123.102607907367954,11.473930768749975],[123.102791282923846,11.473930704257919],[123.102791348366708,11.47411157834456],[123.102974724038333,11.474111513736331],[123.103158099708793,11.474111449012993],[123.103341475378201,11.474111384174458],[123.103341541172412,11.474292258255771],[123.103524916957468,11.474292193300974],[123.103524982869544,11.474473067378911],[123.103525048782686,11.474653941454717],[123.103708424800161,11.47465387638268],[123.103708490831252,11.474834750455111],[123.10370855686341,11.475015624525321],[123.103708622896633,11.475196498593311],[123.103708688930922,11.475377372658992],[123.103892065414342,11.475377307467673],[123.103891999263169,11.475196433402969],[123.103891933113147,11.475015559336045],[123.103891866964204,11.474834685266901],[123.103891800816484,11.474653811195536],[123.103891734669844,11.47447293712195],[123.104075110568317,11.474472871820675],[123.104075176831657,11.474653745893283],[123.104075243096261,11.474834619963582],[123.104075309362003,11.475015494031661],[123.104258685609523,11.47501542861208],[123.104258751993044,11.475196302676872],[123.10425881837763,11.475377176739444],[123.104258884763368,11.475558050799707],[123.104442261360219,11.475557985261821],[123.104442327863822,11.475738859318797],[123.104442394368661,11.475919733373553],[123.10462577119776,11.475919667718339],[123.104789534811403,11.475919608982533],[123.104645856671183,11.475557912357267],[123.104625637955806,11.475557919608738],[123.104625619188809,11.475506966339543],[123.104481647547004,11.475144530850809],[123.104103207376099,11.474291987699372],[123.104075044305944,11.474291997745935],[123.104075021040629,11.474228490034168],[123.104022930852167,11.474111142202627],[123.103891602379932,11.474111188968029],[123.103891536236574,11.473930314887694],[123.103708160687162,11.473930380070575],[123.103524785136685,11.473930445138349],[123.103341409585141,11.473930510091014],[123.103158034032532,11.473930574928483],[123.103157968357252,11.473749700841664],[123.102974592920276,11.473749765562959],[123.102974527362846,11.473568891472853],[123.102974461806667,11.473388017380616],[123.102791086601869,11.473388081984671],[123.102791021163455,11.473207207889059],[123.102607646074475,11.473207272376941],[123.102424270984343,11.473207336749626],[123.102424205780508,11.47302646264975],[123.102240830806096,11.473026526906262],[123.102240765720026,11.472845652803011],[123.102057390861262,11.472845716943349],[123.102057325892972,11.472664842836901],[123.102240700635107,11.472664778697629],[123.102240635551269,11.472483904590026],[123.102424010175454,11.472483840336624],[123.102423944976053,11.472302966227778],[123.102423879777632,11.472122092116711],[123.102423814580362,11.471941218003424],[123.102240440306375,11.471941282253718],[123.102240375226785,11.471760408137056],[123.10205700106836,11.471760472271177],[123.10187362690877,11.471760536290189],[123.101873691754847,11.471941410408805],[123.101690317477491,11.471941474313686],[123.101506943199055,11.47194153810346],[123.1015070078127,11.472122412221898],[123.101507072427424,11.472303286338116],[123.101690446939344,11.4723032225463],[123.101690511671833,11.47248409665932],[123.101690576405559,11.472664970770031],[123.101690641140266,11.472845844878611],[123.101507266278219,11.472845908673447],[123.101507330897292,11.473026782780783],[123.10132395591728,11.473026846461577],[123.101324020420805,11.473207720567581],[123.101324084925295,11.473388594671542],[123.101140709710805,11.473388658239182],[123.101140645323113,11.473207784134244],[123.100957270224185,11.473207847585799],[123.100957205954174,11.473026973477664],[123.100773830971065,11.473027036813045],[123.100773766819003,11.472846162701623],[123.100590391951357,11.472846225920742],[123.100590327917075,11.472665351806123],[123.100406953165148,11.472665414909068],[123.100406889248632,11.472484540791163],[123.100223514612537,11.472484603778023],[123.100223450813701,11.472303729656831],[123.100040076293155,11.472303792527518],[123.099856701771543,11.472303855283096],[123.09985663820737,11.472122981157641],[123.099673263801407,11.472123043797135],[123.099673200355085,11.471942169668393],[123.099489826064755,11.471942232191624],[123.099489762736212,11.471761358059686],[123.09930638856143,11.471761420466832],[123.099306325350753,11.471580546331607],[123.099122951291704,11.471580608622579],[123.099122888198707,11.471399734484157],[123.098939514255306,11.471399796659044],[123.098756140310826,11.471399858718735],[123.098572766365464,11.471399920663318],[123.09857270362356,11.471219046519655],[123.098389329793932,11.471219108348153],[123.098389392419037,11.471399982492793],[123.098206018471373,11.47140004420716],[123.098022644522715,11.47140010580633],[123.09783927057309,11.471400167290481],[123.097839332849063,11.471581041435831],[123.097655958781658,11.471581102805851],[123.097472584713202,11.471581164060675],[123.097289210643666,11.471581225200302],[123.097105836573078,11.471581286224909],[123.096922462501496,11.47158134713432],[123.096922524194994,11.471762221282512],[123.097105898383361,11.471762160372036],[123.097289272570663,11.47176209934654],[123.097472646756898,11.471762038205847],[123.09747270880149,11.471942912348799],[123.097656083103374,11.471942851092022],[123.097839457404177,11.471942789720048],[123.097839395126172,11.47176191557905],[123.09802276930921,11.471761854093034],[123.098206143491268,11.47176179249182],[123.098389517672274,11.4717617307755],[123.098572891852285,11.471761668943982],[123.098756266031145,11.471761606997356],[123.098939640208954,11.471761544935623],[123.098939703187369,11.47194241907067],[123.098939766166865,11.472123293203408],[123.098939829147412,11.472304167333926],[123.099123203674353,11.472304105153976],[123.099306578200313,11.472304042859006],[123.099489952725122,11.47230398044884],[123.099490016056961,11.472484854574029],[123.099673390697404,11.472484792047778],[123.099673454147094,11.472665666169769],[123.099856828903185,11.472665603527256],[123.099856892470555,11.472846477646049],[123.100040267342379,11.472846414887451],[123.100040331027614,11.473027289002959],[123.100223706015072,11.473027226128186],[123.100407081001478,11.473027163138307],[123.100407144921363,11.473208037249462],[123.100590520023317,11.473207974143408],[123.100590584060882,11.473388848251366],[123.100590648099526,11.473569722357103],[123.100407272763988,11.4735697854652],[123.100407336686985,11.473750659569694],[123.100590712139322,11.47375059646062],[123.100774087590409,11.473750533236261],[123.100957463040615,11.473750469896883],[123.100957398767406,11.473569595795409],[123.101140774099747,11.473569532341811],[123.101324149431022,11.473569468773105],[123.101324213937644,11.473750342872536],[123.101324278445418,11.473931216969659],[123.10150765400904,11.473931153283713],[123.101507718634593,11.474112027377638],[123.101691094314035,11.474111963575519],[123.101691159057353,11.474292837666157],[123.101691223801922,11.474473711754486],[123.10187459971371,11.474473647835127]],[[123.10370835877022,11.474473002308029],[123.10370829274153,11.474292128231157],[123.103891668524355,11.474292063046144],[123.103891734669844,11.47447293712195],[123.10370835877022,11.474473002308029]]],[[[123.100407528462384,11.474293281869853],[123.100590904264934,11.474293218757671],[123.10059084022194,11.474112344660815],[123.100407464536275,11.47411240777202],[123.100407400610962,11.473931533671967],[123.100407336686985,11.473750659569694],[123.100223961233596,11.473750722563748],[123.100224025040859,11.473931596666999],[123.100224088849373,11.474112470768029],[123.100224152658683,11.474293344866927],[123.100407528462384,11.474293281869853]]],[[[123.100774280066403,11.474293155530292],[123.100957655866722,11.474293092187805],[123.10095759159023,11.474112218092992],[123.100774215906611,11.474112281434502],[123.100774280066403,11.474293155530292]]],[[[123.101141096060246,11.474473902821559],[123.101141031665989,11.474293028730122],[123.100957655866722,11.474293092187805],[123.100957720144194,11.47447396628022],[123.100957784422832,11.474654840370503],[123.100957848702606,11.474835714458566],[123.101141224852071,11.474835650997774],[123.101141160455668,11.474654776910777],[123.101141096060246,11.474473902821559]]],[[[123.099673771411005,11.473570036746152],[123.099673707956157,11.473389162635351],[123.099490332731904,11.473389225166754],[123.099490269394835,11.473208351052667],[123.099490206058746,11.473027476936361],[123.099306831067111,11.473027539350612],[123.099123456074139,11.473027601649667],[123.098940081080286,11.473027663833525],[123.098940144066177,11.473208537952852],[123.098940207053118,11.473389412069958],[123.098940270041041,11.473570286184755],[123.098940333030043,11.47375116029742],[123.098940396020183,11.473932034407776],[123.098757020441639,11.473932096481589],[123.098757083315874,11.474112970590701],[123.098573707619479,11.474113032550294],[123.098573770378337,11.474293906658252],[123.098390394563978,11.474293968503714],[123.098207018748738,11.474294030233979],[123.098207081274907,11.474474904341671],[123.098023705341802,11.474474965957805],[123.098023767752494,11.474655840064253],[123.098023830164081,11.474836714168481],[123.098207206330599,11.474836652550303],[123.098390582496236,11.474836590817018],[123.098573958660793,11.474836528968536],[123.098574021423744,11.475017403067435],[123.098757397703949,11.475017341102868],[123.098757460584579,11.475198215198569],[123.09875752346646,11.47537908929205],[123.098940899979098,11.475379027210243],[123.098940962978759,11.475559901300437],[123.09912433960713,11.475559839102457],[123.099307716234435,11.475559776789369],[123.099307779468646,11.4757406508753],[123.099307842703936,11.4759215249591],[123.099307905940279,11.47610239904059],[123.099307969177701,11.47628327311986],[123.099491346271023,11.476283210687489],[123.099491282916816,11.476102336609285],[123.09949121956376,11.475921462528683],[123.099491156211769,11.47574058844595],[123.099491092860674,11.475559714360996],[123.099491029510716,11.475378840273821],[123.099674406019275,11.475378777731317],[123.099674342553598,11.475197903642899],[123.099857718944122,11.475197840986175],[123.100041095333651,11.475197778214431],[123.100041031635627,11.475016904125747],[123.099857655362882,11.475016966896513],[123.099674279088987,11.475017029552172],[123.099490902814111,11.475017092092633],[123.099307526538169,11.475017154517898],[123.099307463308222,11.474836280422997],[123.099307400079326,11.474655406325786],[123.09930733685141,11.474474532226354],[123.099307273624746,11.474293658124791],[123.099307210398962,11.47411278402083],[123.099490586091108,11.474112721600628],[123.099490522749775,11.473931847495512],[123.099490459409509,11.473750973388176],[123.099490396070138,11.473570099278531],[123.099673771411005,11.473570036746152]]],[[[123.101691418042108,11.475016334006151],[123.101691482790926,11.475197208085598],[123.10150810641116,11.475197271893935],[123.101324730030242,11.475197335587074],[123.101324665514909,11.475016461505584],[123.101141289249625,11.47501652508255],[123.101141353648245,11.475197399165106],[123.101141418047931,11.475378273245353],[123.101324794546713,11.475378209666344],[123.101508171044344,11.475378145972138],[123.101691547540909,11.475378082162825],[123.101874924036409,11.475378018238315],[123.101874859169641,11.475197144162154],[123.10187479430401,11.475016270083772],[123.101691418042108,11.475016334006151]]],[[[123.100407592389644,11.474474155965376],[123.100224216469243,11.474474218963428],[123.100224152658683,11.474293344866927],[123.100040776854101,11.474293407748805],[123.100040840547862,11.474474281846371],[123.10004090424269,11.474655155941717],[123.100040967938583,11.474836030034842],[123.100041031635627,11.475016904125747],[123.100224407907305,11.475016841239784],[123.100224471722129,11.475197715327402],[123.100041095333651,11.475197778214431],[123.100041159032841,11.475378652300806],[123.100041222732997,11.475559526384961],[123.099857846109956,11.475559589158836],[123.099674469485848,11.475559651817514],[123.099674532953657,11.475740525901491],[123.099674596422432,11.475921399983159],[123.099674659892287,11.476102274062695],[123.099858036866777,11.476102211400997],[123.099857973280052,11.475921337322527],[123.099857909694464,11.475740463241836],[123.10004128643439,11.475740400466984],[123.10022466317308,11.475740337576935],[123.100224599355144,11.475559463495978],[123.100407975976054,11.475559400491798],[123.10040791204213,11.475378526409687],[123.100407848109626,11.475197652325265],[123.100591224495787,11.475197589208021],[123.100591160447465,11.475016715122356],[123.100407784177918,11.475016778238624],[123.10040772024746,11.474835904149851],[123.100407656317984,11.474655030058679],[123.100407592389644,11.474474155965376]]],[[[123.100041413840117,11.476102148624102],[123.099858036866777,11.476102211400997],[123.099858100454583,11.476283085477247],[123.100041477544636,11.476283022699375],[123.100224854633609,11.476282959806307],[123.100224790812391,11.4761020857321],[123.100041413840117,11.476102148624102]]],[[[123.101508364950661,11.475920768193427],[123.101324988102732,11.475920831890653],[123.101325052623395,11.476101705961041],[123.101141675657686,11.476101769544135],[123.101141740062701,11.476282643613191],[123.100958362979057,11.476282707082154],[123.100774985894333,11.47628277043601],[123.100591608808557,11.476282833674579],[123.100408231721701,11.476282896798041],[123.100224854633609,11.476282959806307],[123.100224918455979,11.476463833878205],[123.100408295660685,11.476463770868962],[123.10059167286451,11.476463707744523],[123.100591736921359,11.476644581812247],[123.100775114240733,11.476644518571545],[123.100958491559041,11.476644455215736],[123.100958555850724,11.476825329279107],[123.10114193328458,11.476825265807035],[123.101325310717556,11.476825202219855],[123.101325375243718,11.477006076278963],[123.101508752792327,11.47700601257552],[123.101692130339885,11.47700594875697],[123.101692195100696,11.477186822811726],[123.101875572763973,11.477186758876913],[123.102058950426013,11.477186694826903],[123.102059015421659,11.477367568877396],[123.102242393199333,11.477367504711124],[123.102242458312759,11.47754837875833],[123.102425836206251,11.477548314475884],[123.102425901437627,11.477729188519804],[123.102609279446767,11.477729124121096],[123.102609344795908,11.477909998161818],[123.102792722920768,11.477909933646847],[123.102976101044476,11.477909869016679],[123.103159479167218,11.477909804271404],[123.103342857288695,11.477909739410842],[123.10352623540912,11.477909674435084],[123.103526169476083,11.477728800399602],[123.103709547478644,11.477728735309801],[123.103709481429789,11.477547861273164],[123.103526103544112,11.477547926361988],[123.103526037613207,11.477367052322064],[123.103525971683368,11.477186178279831],[123.10352590575468,11.477005304235467],[123.103525839827071,11.476824430188794],[123.103709217245736,11.476824365104234],[123.103709151202565,11.476643491056405],[123.103892528503195,11.476643425857626],[123.103892462344305,11.476462551808643],[123.104075839527155,11.476462486495732],[123.104259216708954,11.476462421067714],[123.104259150317617,11.476281547018642],[123.104075773252617,11.476281612445595],[123.104075706979231,11.476100738393148],[123.103892330029879,11.476100803703927],[123.103708953079447,11.476100868899509],[123.103708887040625,11.475919994842711],[123.103525510205841,11.47592005992203],[123.103525444284983,11.475739185862034],[123.103708821003053,11.475739120783691],[123.103708754966362,11.475558246722452],[123.103708688930922,11.475377372658992],[123.103525312446436,11.475377437735203],[123.103525378365092,11.475558311799729],[123.103342001762826,11.475558376761809],[123.103158625159324,11.475558441608692],[123.103158690845532,11.475739315673129],[123.10297531412435,11.475739380405882],[123.102791937401832,11.475739445023438],[123.102608560678249,11.475739509525885],[123.102425183953684,11.475739573913136],[123.102241807227969,11.47573963818528],[123.102058430501103,11.475739702342226],[123.101875053773256,11.475739766383887],[123.101691677044172,11.475739830310529],[123.101691741797524,11.475920704381005],[123.101508364950661,11.475920768193427]],[[123.102608952717361,11.476824753884086],[123.10279233014154,11.476824689375421],[123.102792395601895,11.477005563426269],[123.102609018061003,11.477005627936],[123.102608952717361,11.476824753884086]],[[123.10279226468208,11.476643815322353],[123.102975641988394,11.476643750699557],[123.102975707564653,11.47682462475156],[123.10279233014154,11.476824689375421],[123.10279226468208,11.476643815322353]]],[[[123.098941404005885,11.476826019869536],[123.099124781451636,11.47682595766454],[123.099124718327829,11.476645083590954],[123.099308095655729,11.476645021271738],[123.099308032416175,11.476464147196909],[123.099307969177701,11.47628327311986],[123.099124592083385,11.476283335437122],[123.099124655204989,11.476464209515148],[123.098941277992807,11.476464271718102],[123.098941340998763,11.476645145794974],[123.098757963668731,11.476645207883797],[123.098758026559139,11.476826081959425],[123.098574649111157,11.476826143934028],[123.098574711885831,11.477007018008413],[123.098391334319984,11.477007079868885],[123.09839139697884,11.477187953942027],[123.098574774661301,11.477187892080577],[123.098758152342796,11.477187830103842],[123.098758089450342,11.477006956032744],[123.098941467013972,11.477006893941878],[123.098941404005885,11.476826019869536]]],[[[123.098391459638677,11.477368828012859],[123.09839139697884,11.477187953942027],[123.098208019295228,11.477188015688368],[123.098208081838351,11.477368889760177],[123.098391459638677,11.477368828012859]]],[[[123.098024766464363,11.477549825462953],[123.098208144382554,11.477549763829854],[123.098208081838351,11.477368889760177],[123.098024704036973,11.477368951392299],[123.098024766464363,11.477549825462953]]],[[[123.097658072819669,11.477730822453948],[123.097841450856777,11.477730761050266],[123.098024828892733,11.477730699531298],[123.098024766464363,11.477549825462953],[123.09784138854512,11.477549886980855],[123.097658010624798,11.47754994838356],[123.097658072819669,11.477730822453948]]],[[[123.097291378704782,11.477911818985932],[123.097474756860635,11.477911757811667],[123.097474694781582,11.477730883742433],[123.097291316742428,11.477730944915811],[123.097291378704782,11.477911818985932]]],[[[123.097108062394284,11.478092754113968],[123.097108000547848,11.47791188004509],[123.096924622389764,11.477911940988962],[123.096741244230628,11.477912001817726],[123.096741305843736,11.478092875888558],[123.0969246841195,11.478092815058906],[123.097108062394284,11.478092754113968]]],[[[123.097108247940355,11.47863537630719],[123.097108309791054,11.478816250367098],[123.097291688531968,11.478816189303055],[123.097475067271887,11.478816128123816],[123.09747500518759,11.478635254065773],[123.09729162656447,11.478635315244125],[123.097108247940355,11.47863537630719]]],[[[123.097658508212902,11.478996940884047],[123.097841887067588,11.478996879473437],[123.097841824748542,11.478816005419658],[123.097658446010755,11.478816066829291],[123.097658508212902,11.478996940884047]]],[[[123.097841887067588,11.478996879473437],[123.097841949387686,11.479177753524906],[123.098025328358005,11.479177691998034],[123.098025265921194,11.478996817947541],[123.097841887067588,11.478996879473437]]],[[[123.09820870732726,11.479177630355965],[123.098025328358005,11.479177691998034],[123.098025390795883,11.479358566046306],[123.098208769882021,11.47935850440326],[123.098392148967093,11.479358442644928],[123.0985755280511,11.479358380771489],[123.098758907134041,11.479358318782763],[123.098758844228982,11.479177444738488],[123.098575465262755,11.479177506726147],[123.098392086295533,11.479177568598699],[123.09820870732726,11.479177630355965]]],[[[123.098758907134041,11.479358318782763],[123.098758970040166,11.479539192824818],[123.098942349238925,11.47953913071983],[123.098942286215916,11.479358256678841],[123.098758907134041,11.479358318782763]]],[[[123.098942349238925,11.47953913071983],[123.098942412263,11.479720004758688],[123.09894247528797,11.479900878795236],[123.099125854719247,11.479900816573098],[123.099125791577407,11.479719942537526],[123.099125728436618,11.479539068499735],[123.098942349238925,11.47953913071983]]],[[[123.099309360670034,11.480262502298112],[123.099309297409263,11.480081628268048],[123.099309234149473,11.479900754235763],[123.099125854719247,11.479900816573098],[123.099125917862338,11.48008169060636],[123.099125981006225,11.48026256463749],[123.099309360670034,11.480262502298112]]],[[[123.099309423932056,11.480443376325956],[123.099309487194873,11.480624250351491],[123.099492867091385,11.480624187894962],[123.099492803711513,11.480443313870405],[123.099309423932056,11.480443376325956]]],[[[123.099492867091385,11.480624187894962],[123.099492930472152,11.4808050619173],[123.099492993853985,11.480985935937328],[123.09967637398303,11.48098587336356],[123.099676310484313,11.48080499934442],[123.099676246986562,11.480624125323148],[123.099492867091385,11.480624187894962]]],[[[123.099676437482813,11.48116674738039],[123.099859817727491,11.481166684690271],[123.099859754110994,11.480985810674417],[123.09967637398303,11.48098587336356],[123.099676437482813,11.48116674738039]]],[[[123.100043261705721,11.481347495897611],[123.100226642065152,11.481347432976031],[123.100226578213821,11.481166558964441],[123.100043197971274,11.481166621884954],[123.099859817727491,11.481166684690271],[123.099859881345225,11.481347558703904],[123.100043261705721,11.481347495897611]]],[[[123.100410022423418,11.481347369939256],[123.100410086392785,11.48152824394756],[123.100593466866798,11.481528180794522],[123.100776847339816,11.481528117526198],[123.100776783136951,11.481347243519936],[123.100593402780717,11.481347306787194],[123.100410022423418,11.481347369939256]]],[[[123.100960292132598,11.481708928145741],[123.101143672720198,11.481708864645958],[123.101143608282598,11.48152799064396],[123.100960227811782,11.481528054142677],[123.100960292132598,11.481708928145741]]],[[[123.101327053306917,11.481708801030978],[123.101327117862397,11.48188967502969],[123.101510498564835,11.481889611298358],[123.101510433892386,11.481708737300712],[123.101327053306917,11.481708801030978]]],[[[123.101510627912745,11.482251359287078],[123.101694008847716,11.482251295438507],[123.10169394405635,11.482070421446279],[123.101693879266037,11.481889547451919],[123.101510498564835,11.481889611298358],[123.101510563238165,11.482070485293873],[123.101510627912745,11.482251359287078]]],[[[123.101694268024218,11.482974791384772],[123.101877649425305,11.482974727416918],[123.102061030825411,11.482974663333691],[123.102060965796099,11.482793789352565],[123.101877584512692,11.482793853434726],[123.101877519601331,11.482612979450314],[123.101694138433743,11.482613043416125],[123.101694203228405,11.482793917401603],[123.101694268024218,11.482974791384772]]],[[[123.102427858886585,11.483155408798419],[123.102427793622354,11.482974534821556],[123.102244412224465,11.482974599135266],[123.102061030825411,11.482974663333691],[123.102061095855973,11.483155537312596],[123.102244477371812,11.483155473113195],[123.102427858886585,11.483155408798419]]],[[[123.102611305782389,11.483336218342023],[123.10279468741183,11.483336153795788],[123.102794621912935,11.483155279823277],[123.102611240400293,11.483155344368447],[123.102611305782389,11.483336218342023]]],[[[123.103161450667329,11.48333602435755],[123.10297806904029,11.483336089134268],[123.102978134657135,11.483516963103492],[123.103161516401144,11.483516898325709],[123.103344898144272,11.48351683343264],[123.103344832293487,11.483335959465547],[123.103161450667329,11.48333602435755]]],[[[123.103528609740252,11.484421138221203],[123.103528543767069,11.484240264266278],[123.103528477795138,11.484059390309222],[123.103528411824342,11.483878516349767],[123.103528345854627,11.483697642388181],[123.103528279886064,11.483516768424375],[123.103344898144272,11.48351683343264],[123.103344963995951,11.483697707397512],[123.103345029848782,11.483878581360164],[123.103345095702863,11.484059455320596],[123.103345161557826,11.484240329278807],[123.103161779347431,11.48424039417605],[123.10316184508676,11.484421268133017],[123.102978462758415,11.48442133291613],[123.10297852838201,11.484602206871854],[123.103161910827239,11.484602142087764],[123.103161976568785,11.484783016040291],[123.103345359129833,11.484782951139939],[123.103345293271403,11.484602077188478],[123.103345227414039,11.484421203234708],[123.103528609740252,11.484421138221203]]],[[[123.103345424989328,11.48496382508918],[123.10334549084989,11.485144699036111],[123.103528873643469,11.485144634018342],[123.103528807665924,11.484963760072477],[123.103345424989328,11.48496382508918]]],[[[123.103345688438324,11.48568732086367],[123.103345754303504,11.48586819480172],[123.103529137564436,11.485868129779776],[123.103529071582557,11.485687255842704],[123.103345688438324,11.48568732086367]]],[[[123.103345820169579,11.486049068737548],[123.103345754303504,11.48586819480172],[123.103162371041236,11.485868259708377],[123.103162436790512,11.486049133645272],[123.103345820169579,11.486049068737548]]],[[[123.102979119043837,11.486230072373361],[123.10316250254094,11.486230007579858],[123.103162436790512,11.486049133645272],[123.102979053410294,11.48604919843771],[123.102979119043837,11.486230072373361]]],[[[123.101328990445367,11.487135020018714],[123.101328925858454,11.486954146084928],[123.101145541882801,11.486954209729751],[123.101145477413752,11.486773335792678],[123.100962093554188,11.486773399321239],[123.100778709693287,11.486773462734424],[123.100778645459073,11.486592588793089],[123.100595261714091,11.486592652090012],[123.100411877968028,11.48659271527165],[123.100411941968474,11.486773589215028],[123.100228558104561,11.486773652282357],[123.100045174239312,11.48677371523449],[123.099861790373183,11.486773778071248],[123.099678406505973,11.48677384079272],[123.099495022637612,11.486773903398996],[123.099311638768199,11.486773965889897],[123.099311702068491,11.486954839837184],[123.099128318081029,11.486954902213776],[123.098944934092685,11.486954964475173],[123.098944871026234,11.486774090525932],[123.099128254897792,11.486774028265602],[123.099128191715621,11.486593154315118],[123.099128128534346,11.486412280362325],[123.098944744896642,11.486412342620701],[123.098944681833487,11.486231468664711],[123.09876129831143,11.486231530806736],[123.098577914788493,11.486231592833564],[123.098394531264475,11.486231654745017],[123.098211147739406,11.486231716541274],[123.098211085144754,11.486050842579067],[123.098027701735589,11.486050904258972],[123.098027639258717,11.485870030293567],[123.098027576783096,11.485689156325853],[123.098027514308455,11.485508282355918],[123.097844131248777,11.485508343917607],[123.097844068891987,11.485327469944385],[123.097844006536448,11.485146595969033],[123.097660623709388,11.485146657413393],[123.097477240881446,11.485146718742557],[123.097293858052254,11.485146779956436],[123.097110475222181,11.485146841055117],[123.097110537110282,11.485327715034467],[123.096927154162245,11.48532777601884],[123.096927215934613,11.485508649996946],[123.096927277708133,11.485689523972832],[123.09711066088984,11.485689462986505],[123.097110722781139,11.485870336959193],[123.09711078467349,11.486051210929572],[123.097294168087984,11.486051149826006],[123.097294230098214,11.486232023793187],[123.097294292109581,11.486412897758148],[123.097294354121928,11.486593771720889],[123.097294416135256,11.48677464568132],[123.097294478149749,11.486955519639531],[123.097477862147684,11.486955458415794],[123.097477924280028,11.487136332370808],[123.097661308393612,11.487136271030719],[123.097661370643905,11.487317144982535],[123.097844754873492,11.487317083526184],[123.097844817241736,11.487497957474714],[123.098028201587127,11.4874978959021],[123.098028264073321,11.487678769847433],[123.098211648534544,11.487678708158468],[123.098211585931466,11.487497834214201],[123.098211523329454,11.487316960267625],[123.098028139101999,11.487317021954548],[123.098028076617936,11.487136148004774],[123.09802801413494,11.486955274052692],[123.097844630140202,11.486955335622374],[123.097844567775056,11.486774461667094],[123.098027951653009,11.486774400098477],[123.098211335529712,11.486774338414486],[123.098211398128527,11.486955212367812],[123.098394782121233,11.486955150567558],[123.098394844837998,11.487136024517598],[123.098394907555829,11.487316898465417],[123.098578291781322,11.487316836547924],[123.098761676005481,11.487316774515145],[123.098945060228758,11.487316712366992],[123.099128444450884,11.487316650103642],[123.099128507637488,11.487497524045155],[123.099311891975333,11.487497461665454],[123.099495276312297,11.487497399170556],[123.09967866064828,11.487497336560283],[123.099862044982928,11.487497273834725],[123.099862108638064,11.487678147769932],[123.1000454930887,11.487678084928023],[123.100045556861787,11.487858958860032],[123.10004562063601,11.488039832789822],[123.100045684411214,11.48822070671739],[123.100045748187497,11.48840158064265],[123.100045811964918,11.488582454565689],[123.10022919699901,11.488582391603432],[123.100229133104705,11.488401517681458],[123.100229069211451,11.488220643757176],[123.100412454010709,11.488220580681675],[123.100412390001551,11.488039706756149],[123.100412325993645,11.487858832828403],[123.100595710558068,11.487858769639571],[123.100779095121155,11.487858706335542],[123.100962479683361,11.487858642916139],[123.101145864244316,11.487858579381539],[123.101145799769938,11.487677705455658],[123.101329184212943,11.48767764180675],[123.101329119622747,11.487496767879625],[123.101329055033432,11.48731589395028],[123.101328990445367,11.487135020018714]]],[[[123.103163028583793,11.487676998976161],[123.103162962824484,11.487496125059428],[123.103162897066426,11.487315251140474],[123.103162831309419,11.4871343772193],[123.103162765553492,11.486953503295906],[123.103162699798617,11.486772629370291],[123.103162634044992,11.486591755442367],[123.103162568292433,11.486410881512223],[123.102979184678446,11.486410946306792],[123.102979250314121,11.486591820238003],[123.102979315950961,11.486772694166904],[123.102979381588938,11.486953568093584],[123.102979447227895,11.487134442018045],[123.102979512868103,11.487315315940284],[123.102979578509292,11.487496189860304],[123.102979644151617,11.487677063778014],[123.102979709795022,11.487857937693503],[123.102796325244896,11.487858002381136],[123.102796390772482,11.488038876295471],[123.10279645630122,11.488219750207586],[123.102613071516259,11.488219814781976],[123.102429686730062,11.488219879241081],[123.102429752026183,11.488400753153018],[123.102246367122035,11.488400817497903],[123.102062982216907,11.488400881727413],[123.101879597310443,11.488400945841727],[123.101696212403098,11.488401009840667],[123.101696277232662,11.488581883754469],[123.101879662256891,11.488581819754463],[123.101879727204405,11.488762693664979],[123.101879792152985,11.488943567573363],[123.102063177410102,11.488943503455941],[123.102246562665968,11.488943439223322],[123.10224649748362,11.488762565317069],[123.102063112344638,11.488762629548711],[123.10206304728024,11.488581755639172],[123.102246432302252,11.488581691408596],[123.102429817323284,11.488581627062645],[123.102613202343264,11.488581562601498],[123.102796587362079,11.488581498024976],[123.10279652183111,11.488400624117391],[123.102979906731974,11.488400559426649],[123.102979841085201,11.488219685517821],[123.102979775439579,11.488038811606772],[123.103163160105609,11.488038746802788],[123.103163094344168,11.487857872890585],[123.103163028583793,11.487676998976161]]],[[[123.098211648534544,11.487678708158468],[123.098211711138688,11.487859582100514],[123.098211773743898,11.488040456040428],[123.098395158437896,11.488040394234135],[123.098395095715802,11.487859520295375],[123.098395032994773,11.487678646354306],[123.098211648534544,11.487678708158468]]],[[[123.098395158437896,11.488040394234135],[123.09839522116097,11.488221268170763],[123.098578605970886,11.488221206248296],[123.098761990779565,11.488221144210454],[123.098761927822636,11.488040270275869],[123.098578543130841,11.488040332312645],[123.098395158437896,11.488040394234135]]],[[[123.098761990779565,11.488221144210454],[123.098762053737559,11.488402018142819],[123.098945438662227,11.488401955988715],[123.098945375587348,11.488221082057327],[123.098761990779565,11.488221144210454]]],[[[123.098945501738172,11.488582829917794],[123.099128886778558,11.488582767647427],[123.09912882358573,11.488401893719326],[123.098945438662227,11.488401955988715],[123.098945501738172,11.488582829917794]]],[[[123.100412710057626,11.488944076361131],[123.100412646044205,11.488763202444664],[123.100412582032035,11.488582328525888],[123.10022919699901,11.488582391603432],[123.100229260894295,11.488763265523184],[123.100229324790831,11.488944139440806],[123.100412710057626,11.488944076361131]]],[[[123.099312271817979,11.488582705261686],[123.099128886778558,11.488582767647427],[123.099128949972553,11.48876364157322],[123.099129013167513,11.488944515496881],[123.099312398440702,11.488944453109097],[123.099312335128857,11.488763579186502],[123.099312271817979,11.488582705261686]]],[[[123.0969281426447,11.488221759400043],[123.096928204433581,11.488402633342355],[123.096928266223713,11.488583507282447],[123.096928328014641,11.48876438122023],[123.09692838980672,11.488945255155793],[123.096928451599879,11.489126129089135],[123.096928513394005,11.489307003020256],[123.096928575189366,11.489487876949068],[123.096745189551669,11.489487937840805],[123.096561803912991,11.489487998617166],[123.096378418273432,11.489488059278242],[123.096195032632622,11.489488119824033],[123.096195093961256,11.489668993754533],[123.096378479718865,11.489668933207765],[123.096561865475394,11.489668872545712],[123.096745251231042,11.489668811768373],[123.096928636985453,11.489668750875749],[123.097112022738969,11.48966868986775],[123.097111960825828,11.489487815942136],[123.097111898913653,11.489306942014212],[123.097111837002643,11.489126068084156],[123.097295222404355,11.489126006963803],[123.097295284432249,11.489306880892881],[123.097478669949865,11.489306819656266],[123.097478607804916,11.489125945728164],[123.097478545661104,11.488945071797753],[123.097295160377357,11.488945133032415],[123.09729509835141,11.488764259098806],[123.097295036326713,11.488583385162977],[123.097294974302727,11.488402511224839],[123.097111589368822,11.488402572341284],[123.097111527462786,11.488221698399949],[123.0969281426447,11.488221759400043]]],[[[123.099312461753783,11.48912532702956],[123.099495847142791,11.489125264525425],[123.099495783712996,11.488944390606028],[123.099312398440702,11.488944453109097],[123.099312461753783,11.48912532702956]]],[[[123.102430013221252,11.489124248778294],[123.102430078522801,11.48930512267904],[123.102613464010389,11.489305058213629],[123.102613529429888,11.489485932111089],[123.102796915033295,11.489485867529327],[123.102796849496826,11.489304993632933],[123.102796783961608,11.489124119734319],[123.10261339859197,11.489124184313949],[123.102613333174602,11.488943310412049],[123.102429947920953,11.488943374875328],[123.102246562665968,11.488943439223322],[123.102246627849482,11.489124313127265],[123.102430013221252,11.489124248778294]]],[[[123.100412774071927,11.489124950275466],[123.100412838087479,11.48930582418758],[123.100596223587061,11.489305760990577],[123.100596159454639,11.489124887079528],[123.100412774071927,11.489124950275466]]],[[[123.099495847142791,11.489125264525425],[123.099495910573651,11.489306138442602],[123.099679296078563,11.489306075822205],[123.099679232530733,11.489125201906093],[123.099495847142791,11.489125264525425]]],[[[123.099862681582422,11.489306013086521],[123.099679296078563,11.489306075822205],[123.099679359627473,11.489486949736095],[123.099862745248288,11.489486886999346],[123.099862681582422,11.489306013086521]]],[[[123.100596351855046,11.489667508805924],[123.100779737587416,11.489667445491593],[123.100779673335879,11.48948657158614],[123.100596287720563,11.489486634899405],[123.100596351855046,11.489667508805924]]],[[[123.102796980570915,11.4896667414235],[123.1027970461096,11.489847615315364],[123.102980431945625,11.489847550616274],[123.102980366290055,11.489666676725387],[123.102796980570915,11.4896667414235]]],[[[123.097845503361597,11.489487570760927],[123.097662117729229,11.48948763222918],[123.097662055466415,11.489306758304275],[123.097478669949865,11.489306819656266],[123.097478732095794,11.489487693582147],[123.097478794242804,11.489668567505808],[123.097295408491419,11.489668628744377],[123.097112022738969,11.48966868986775],[123.097112084653176,11.489849563791145],[123.097295470522511,11.489849502666795],[123.097478856390779,11.489849441427248],[123.097478918539991,11.490030315346379],[123.097662304524079,11.490030253990481],[123.097662366791155,11.490211127906415],[123.09784575289116,11.490211066434165],[123.097845690507185,11.490030192519297],[123.09784562812429,11.489849318602031],[123.097845565742546,11.489668444682634],[123.097845503361597,11.489487570760927]]],[[[123.09986287258306,11.489848634818335],[123.099862936252123,11.490029508724588],[123.100046322222539,11.490029445869444],[123.100046258436578,11.489848571964346],[123.100046194651696,11.489667698056939],[123.099862808915134,11.489667760909951],[123.09986287258306,11.489848634818335]]],[[[123.102797111649352,11.490028489205097],[123.102613725695107,11.490028553789967],[123.10261379111904,11.490209427678456],[123.102797177190169,11.49020936309252],[123.102797111649352,11.490028489205097]]],[[[123.10096331643021,11.490210003762082],[123.100963252058591,11.490029129864356],[123.100963187688038,11.48984825596432],[123.100779801840019,11.489848319394914],[123.100779866093518,11.490029193296015],[123.100779930348253,11.490210067194807],[123.100779994604054,11.490390941091379],[123.100963380802895,11.490390877657676],[123.10096331643021,11.490210003762082]]],[[[123.102613856544124,11.490390301564636],[123.10261379111904,11.490209427678456],[123.102430405046931,11.490209492149019],[123.102430470355046,11.490390366036264],[123.102613856544124,11.490390301564636]]],[[[123.099679613833899,11.490210445369188],[123.099679677388039,11.490391319271888],[123.09986306359346,11.490391256530076],[123.099862999922266,11.490210382628442],[123.099679613833899,11.490210445369188]]],[[[123.09821258770701,11.490391817054503],[123.098395973920958,11.490391755235331],[123.09857936013367,11.490391693300785],[123.098579297281006,11.490210819392045],[123.098395911185094,11.490210881325615],[123.09821252508813,11.49021094314381],[123.098029138990171,11.49021100484663],[123.098029201492182,11.490391878758389],[123.09821258770701,11.490391817054503]]],[[[123.099496291181637,11.490391381898325],[123.099312904974184,11.490391444409477],[123.099312968295621,11.490572318311999],[123.099496354620058,11.49057225579987],[123.099496291181637,11.490391381898325]]],[[[123.098762809316085,11.490572505156495],[123.09894619564372,11.490572442990311],[123.098946132556051,11.490391569085746],[123.098762746345386,11.490391631250953],[123.098762809316085,11.490572505156495]]],[[[123.102247149357112,11.490571304278697],[123.102247214550474,11.490752178162479],[123.102430600974571,11.490752113804094],[123.102430535664226,11.490571239921378],[123.102247149357112,11.490571304278697]]],[[[123.100596672544114,11.490571878305124],[123.100596736685162,11.490752752198231],[123.100780123118852,11.490752688877771],[123.10078005886092,11.49057181498573],[123.100596672544114,11.490571878305124]]],[[[123.099313031618294,11.490753192212123],[123.099312968295621,11.490572318311999],[123.099129581970288,11.490572380708754],[123.099129645175907,11.490753254610032],[123.099313031618294,11.490753192212123]]],[[[123.102247279744986,11.490933052044129],[123.102247214550474,11.490752178162479],[123.102063828125324,11.490752242405579],[123.102063893202867,11.490933116288206],[123.102247279744986,11.490933052044129]]],[[[123.101880571621479,11.491114054298469],[123.101880636584269,11.491294928177632],[123.102064023361322,11.491294864046798],[123.102063958281647,11.491113990168612],[123.101880571621479,11.491114054298469]]],[[[123.100596993260012,11.491476247748368],[123.100780380161495,11.491476184423822],[123.100780315899215,11.491295310540663],[123.100596929114701,11.491295373864142],[123.100596993260012,11.491476247748368]]],[[[123.101697314653123,11.4914758660711],[123.101697379501161,11.491656739946889],[123.101880766513048,11.491656675929297],[123.101880701548126,11.491475802054575],[123.101697314653123,11.4914758660711]]],[[[123.100780380161495,11.491476184423822],[123.100780444424856,11.491657058304673],[123.100963831442243,11.491656994863776],[123.100963767062098,11.491476120983991],[123.100780380161495,11.491476184423822]]],[[[123.101330605473834,11.491656867636037],[123.101330670089169,11.491837741511558],[123.101514057220257,11.49183767772365],[123.101697444350265,11.491837613820367],[123.101697379501161,11.491656739946889],[123.101513992488037,11.491656803849105],[123.101330605473834,11.491656867636037]]],[[[123.10114728295693,11.491837805184181],[123.101147218458749,11.491656931307594],[123.100963831442243,11.491656994863776],[123.100963895823639,11.491837868741429],[123.10114728295693,11.491837805184181]]],[[[123.103165133462554,11.493464963128032],[123.103165199258285,11.49364583697078],[123.103348587547899,11.493645772019002],[123.103348521635297,11.49346489817732],[123.103348455723747,11.493284024333329],[123.103348389813277,11.493103150487029],[123.103165001874487,11.493103215435697],[123.103165067668073,11.493284089282975],[123.103165133462554,11.493464963128032]]],[[[123.103165265055068,11.493826710811396],[123.103165199258285,11.49364583697078],[123.102981810967592,11.493645901807271],[123.102981876647405,11.493826775648865],[123.103165265055068,11.493826710811396]]],[[[123.1027985538026,11.494007714211397],[123.102981942328469,11.494007649488237],[123.102981876647405,11.493826775648865],[123.102798488238591,11.493826840370959],[123.1027985538026,11.494007714211397]]],[[[123.099497750534553,11.494551481065164],[123.0996811394307,11.494551418415456],[123.099864528325796,11.494551355650374],[123.100047917219911,11.494551292769918],[123.10023130611296,11.494551229774087],[123.100414695004943,11.494551166662882],[123.10059808389569,11.494551103436391],[123.100598019732075,11.494370229590269],[123.100597955569356,11.494189355741925],[123.100597891407887,11.494008481891361],[123.100597827247469,11.493827608038577],[123.100414438824529,11.493827671261071],[123.100231050400438,11.493827734368191],[123.100047661975282,11.493827797359936],[123.099864273549059,11.493827860236307],[123.099680885121771,11.493827922997303],[123.099497496693516,11.493827985643014],[123.099314108264096,11.49382804817335],[123.099314171605783,11.49400892203324],[123.099314234948537,11.494189795890998],[123.099314298292356,11.494370669746358],[123.099314361637241,11.494551543599586],[123.099497750534553,11.494551481065164]],[[123.100231178254532,11.494189482075624],[123.100414566912562,11.494189418966462],[123.100414630958127,11.494370292815782],[123.100231242183298,11.49437035592601],[123.100047853407133,11.494370418920775],[123.099864464629988,11.494370481800255],[123.099681075851962,11.49437054456436],[123.099497687072684,11.494370607213002],[123.099497623611896,11.494189733358619],[123.099497560152258,11.494008859501927],[123.099680948697497,11.494008796855239],[123.099864337241669,11.494008734093176],[123.100047725784862,11.49400867121574],[123.100231114326903,11.494008608223018],[123.100231178254532,11.494189482075624]]],[[[123.102615296172985,11.494369526495353],[123.102615230723828,11.494188652658467],[123.102798619367746,11.494188588049527],[123.1027985538026,11.494007714211397],[123.102615165275651,11.494007778819183],[123.102431776747821,11.494007843311683],[123.102431842078857,11.494188717151944],[123.102248453432892,11.494188781530047],[123.102065064785691,11.494188845792864],[123.102065129884025,11.494369719632948],[123.101881741118774,11.494369783781368],[123.101698352352557,11.494369847814413],[123.101698417218003,11.494550721654319],[123.101881806101375,11.494550657620207],[123.10206519498341,11.494550593470722],[123.102248583864466,11.494550529205862],[123.102431972744469,11.494550464825716],[123.10243190741113,11.494369590989896],[123.102615296172985,11.494369526495353]]],[[[123.10206708334222,11.499795933793612],[123.102250475616287,11.499795869498643],[123.102250410368129,11.49961499572686],[123.102067018211201,11.499615060020764],[123.101883626053038,11.499615124199204],[123.101883691067158,11.499795997973118],[123.10206708334222,11.499795933793612]]],[[[123.100600009306888,11.499977317776912],[123.100783401706565,11.499977254404316],[123.100966794105247,11.499977190916256],[123.101150186502878,11.499977127312823],[123.101150251051067,11.500158001086382],[123.101333643564587,11.500157937366419],[123.101517036077055,11.500157873531171],[123.101516971294743,11.499976999759655],[123.101516906513581,11.499796125985918],[123.10151684173367,11.499615252209962],[123.101700233893879,11.49961518826227],[123.101883626053038,11.499615124199204],[123.101883561039969,11.499434250423159],[123.10170016899788,11.499434314485159],[123.101516776954639,11.499434378431785],[123.101333384910248,11.499434442262947],[123.101333449572209,11.49961531604219],[123.101150057409868,11.499615379759044],[123.101150121955754,11.499796253537044],[123.100966729675193,11.4997963171395],[123.100783337393565,11.499796380626494],[123.100599945110872,11.499796443998024],[123.100416552827014,11.499796507254269],[123.100233160542189,11.499796570394961],[123.100233224504095,11.499977444175892],[123.100416616906159,11.499977381034133],[123.100600009306888,11.499977317776912]]],[[[123.102617325644331,11.499976614330011],[123.1028007180321,11.499976549687764],[123.102800652431782,11.499795675921311],[123.102617260161068,11.499795740562492],[123.102617325644331,11.499976614330011]]],[[[123.1028007180321,11.499976549687764],[123.102800783633668,11.500157423451997],[123.10298417613734,11.500157358693309],[123.102984110418888,11.499976484930054],[123.1028007180321,11.499976549687764]]],[[[123.099866439697124,11.499977570113108],[123.099866503426057,11.500158443893861],[123.100049895947137,11.500158380981874],[123.100233288467152,11.500158317954513],[123.100233224504095,11.499977444175892],[123.100049832101149,11.499977507202187],[123.099866439697124,11.499977570113108]]],[[[123.099499718380699,11.500158569371445],[123.099499654885889,11.499977695588738],[123.099316262478581,11.499977758153358],[123.099316325856421,11.500158631937131],[123.099316389235412,11.500339505718594],[123.099499781876659,11.500339443151931],[123.099499718380699,11.500158569371445]]],[[[123.10298417613734,11.500157358693309],[123.102984241856859,11.500338232454256],[123.103167634476435,11.50033816757904],[123.103351027094959,11.500338102588449],[123.103350961141317,11.500157228829545],[123.103167568639947,11.500157293819159],[123.10298417613734,11.500157358693309]]],[[[123.103534419712318,11.500338037482395],[123.103351027094959,11.500338102588449],[123.103351093049667,11.500518976345043],[123.103534485784166,11.500518911237924],[123.103534419712318,11.500338037482395]]],[[[123.099133059856001,11.500520441950103],[123.099316452615469,11.500520379497837],[123.099316389235412,11.500339505718594],[123.099132996593013,11.500339568169883],[123.099133059856001,11.500520441950103]]],[[[123.098399426012904,11.500339816820583],[123.098399488807829,11.500520690604889],[123.098582881571289,11.500520628614298],[123.098766274333869,11.500520566508333],[123.098766211305005,11.500339692726071],[123.09858281865948,11.500339754831058],[123.098399426012904,11.500339816820583]]],[[[123.098216033365176,11.500339878694733],[123.098032640716454,11.50033994045342],[123.09784924806668,11.500340002096733],[123.097849310510426,11.50052087588397],[123.09803270327717,11.50052081423968],[123.098216096043032,11.500520752480016],[123.098216033365176,11.500339878694733]]],[[[123.096382106830887,11.500340491087625],[123.096382168338408,11.500521364882678],[123.096565561113508,11.500521304161827],[123.096565499489017,11.500340430367752],[123.096382106830887,11.500340491087625]]],[[[123.097482587184402,11.500701872613218],[123.097665980070346,11.500701811198789],[123.097849372955224,11.500701749668986],[123.097849310510426,11.50052087588397],[123.097665917742603,11.500520937412796],[123.097482524973628,11.500520998826248],[123.097482587184402,11.500701872613218]]],[[[123.097482649396156,11.500882746397968],[123.097482587184402,11.500701872613218],[123.097299194297392,11.500701933912184],[123.097299256392077,11.500882807697911],[123.097482649396156,11.500882746397968]]],[[[123.103351290920543,11.501061597601327],[123.103534684006149,11.501061532491098],[123.103718077090591,11.501061467265407],[123.103718010898476,11.500880593517694],[123.103534617931004,11.500880658742231],[123.103534551857095,11.500699784991232],[123.103351159005612,11.500699850099329],[123.103351224962537,11.500880723851482],[123.103351290920543,11.501061597601327]]],[[[123.103901536484315,11.501242275668767],[123.10390147017398,11.501061401924341],[123.103718077090591,11.501061467265407],[123.103718143283956,11.501242341010988],[123.103901536484315,11.501242275668767]]],[[[123.096749447857107,11.501968233590366],[123.096566054146848,11.501968294434496],[123.096382660435253,11.501968355163163],[123.096199266722678,11.501968415776455],[123.096015873009222,11.501968476274284],[123.096015934291842,11.502149350051218],[123.095832540460165,11.50214941043456],[123.095832601626796,11.502330284210162],[123.096015995575442,11.502330223825931],[123.096199389523207,11.502330163326148],[123.096382783469721,11.502330102710902],[123.096566177415355,11.502330041980281],[123.096749571360007,11.502329981134197],[123.096932965303424,11.502329920172651],[123.096933027173392,11.50251079394017],[123.097116421232982,11.502510732862183],[123.097116359245945,11.50232985909564],[123.097116297259873,11.502148985326878],[123.097116235274967,11.501968111555806],[123.097116173291042,11.501787237782514],[123.097116111308267,11.501606364007001],[123.097116049326289,11.501425490229179],[123.097299442682527,11.50142542904168],[123.097299380584644,11.501244555262703],[123.097299318487828,11.501063681481417],[123.097299256392077,11.500882807697911],[123.097115863387117,11.50088286888248],[123.097115801409316,11.500701995095687],[123.09693240852026,11.500702056163815],[123.09693234666068,11.500521182373914],[123.096748953887712,11.500521243325602],[123.096749015630152,11.500702117116569],[123.096749077373829,11.500882990905227],[123.096749139118387,11.501063864691664],[123.096749200864195,11.50124473847597],[123.096932594105411,11.501244677520285],[123.096932655969169,11.501425551301304],[123.096932717833994,11.501606425080015],[123.096749324358655,11.501606486037653],[123.096749386107305,11.50178735981512],[123.096749447857107,11.501968233590366]],[[123.097115925365713,11.501063742666963],[123.096932532242718,11.501063803737045],[123.096932470380921,11.500882929951585],[123.097115863387117,11.50088286888248],[123.097115925365713,11.501063742666963]]],[[[123.103901868052333,11.502146644357504],[123.104085261836843,11.502146578894669],[123.10408519540394,11.50196570516241],[123.103901801736498,11.501965770624269],[123.103718408068062,11.501965835970664],[123.103535014398389,11.501965901201595],[123.103535080480015,11.502146774936962],[123.103718474266842,11.502146709704965],[123.103901868052333,11.502146644357504]]],[[[123.101517683959159,11.501966611122695],[123.10151774875338,11.50214748486952],[123.101701142552187,11.502147420907439],[123.101884536349843,11.502147356829896],[123.102067930146617,11.50214729263689],[123.102067865001217,11.501966418893174],[123.101884471321597,11.501966483085114],[123.101701077640911,11.501966547161592],[123.101517683959159,11.501966611122695]]],[[[123.102984899113238,11.502146969940265],[123.102801505322063,11.502147034710498],[123.102618111529821,11.502147099365269],[123.102434717736514,11.502147163904576],[123.102251323942056,11.50214722832842],[123.102251389205591,11.50232810206885],[123.102434783117104,11.50232803764394],[123.102618177027566,11.502327973103567],[123.102801570936776,11.502327908447819],[123.102984964844936,11.50232784367652],[123.1031683587521,11.502327778789846],[123.103168292903263,11.502146905054568],[123.102984899113238,11.502146969940265]]],[[[123.103168556305008,11.502870399982003],[123.103168490452973,11.502689526253564],[123.102985096311684,11.502689591142369],[123.102801702169401,11.502689655915711],[123.102801636552471,11.502508782182831],[123.102618242526191,11.502508846839733],[123.102434848498675,11.502508911381172],[123.102251454470178,11.502508975807059],[123.102068060440615,11.502509040117571],[123.102067995293083,11.502328166378385],[123.101884601379339,11.502328230572369],[123.101701207464529,11.502328294650978],[123.101517813548654,11.502328358614124],[123.10151774875338,11.50214748486952],[123.101334354953494,11.502147548716225],[123.101150961152456,11.502147612447468],[123.100967567350366,11.502147676063158],[123.100967502907338,11.501966802313225],[123.101150896592458,11.501966738698512],[123.101334290276341,11.501966674968335],[123.101334225600255,11.501785801218224],[123.101150832033341,11.501785864947424],[123.100967438465375,11.501785928561072],[123.100784044896415,11.501785992059345],[123.100600651326218,11.501786055442244],[123.100417257754955,11.501786118709591],[123.100233864182712,11.501786181861563],[123.100050470609318,11.501786244898073],[123.099867077034858,11.501786307819208],[123.099683683459332,11.50178637062479],[123.099683747081954,11.501967244384138],[123.099683810705727,11.502148118141177],[123.099867204515377,11.502148055333551],[123.0998672682571,11.502328929087303],[123.100050662182653,11.502328866163149],[123.100234056107155,11.502328803123619],[123.100417450030662,11.502328739968538],[123.100600843953018,11.502328676698083],[123.100784237874322,11.502328613312253],[123.100784302202413,11.502509487058633],[123.100967696239792,11.502509423556274],[123.101151090275934,11.502509359938452],[123.101151154839215,11.502690233680658],[123.101334548991431,11.502690169946307],[123.101517943142497,11.502690106096582],[123.101517878345007,11.502509232356507],[123.101701272377937,11.502509168392296],[123.101884666409717,11.502509104312709],[123.101884731441345,11.502689978050741],[123.102068125589213,11.502689913854626],[123.102251519735844,11.502689849543048],[123.102251585002648,11.502870723276727],[123.102068190738876,11.502870787589371],[123.101884796474124,11.502870851786463],[123.101701402208036,11.502870915868181],[123.101701467124741,11.503051789602837],[123.101701532042583,11.503232663335096],[123.10188492654261,11.503232599251335],[123.101884991578501,11.503413472980396],[123.102068386194617,11.503413408780196],[123.102068451348728,11.50359428250597],[123.102068516503891,11.503775156229525],[123.102251911353065,11.503775091911729],[123.102251976626363,11.503955965631997],[123.10243537159144,11.503955901197761],[123.102435436982958,11.504136774914743],[123.102435502375627,11.504317648629504],[123.102252107176341,11.504317713065872],[123.102252172453007,11.504498586779389],[123.102435567769362,11.504498522342045],[123.102618963084652,11.504498457789149],[123.102619028596422,11.504679331498403],[123.102619094109443,11.504860205205349],[123.10280248965779,11.504860140534857],[123.10280242402763,11.504679266828978],[123.102985819457672,11.504679202044089],[123.103169214886648,11.504679137143826],[123.10335261031446,11.504679072128011],[123.103352544334271,11.50449819842302],[123.1031691490235,11.504498263437769],[123.102985753711678,11.504498328336966],[123.102802358398606,11.504498393120789],[123.102802292770747,11.50431751941038],[123.102802227143954,11.504136645697661],[123.102802161518227,11.503955771982811],[123.102802095893836,11.503774898265652],[123.10280203027024,11.503594024546272],[123.102801964647796,11.503413150824672],[123.102985359258497,11.503413086047066],[123.102985293520149,11.503232212324312],[123.10316868801246,11.503232147432309],[123.103168622158194,11.50305127370831],[123.103168556305008,11.502870399982003]]],[[[123.102252237730752,11.504679460490687],[123.102252172453007,11.504498586779389],[123.102068777135671,11.504498651101359],[123.102068842296262,11.504679524813634],[123.102252237730752,11.504679460490687]]],[[[123.101702051424098,11.504679653113227],[123.101702116351717,11.504860526825324],[123.101885511905394,11.504860462732326],[123.10206890745809,11.504860398523777],[123.102068842296262,11.504679524813634],[123.10188544686072,11.504679589021206],[123.101702051424098,11.504679653113227]]],[[[123.103352742278233,11.505040819531333],[123.103536137939201,11.505040754398012],[123.103719533599019,11.505040689149139],[123.103719467382476,11.50485981545072],[123.103902862924073,11.50485975008745],[123.103902796591441,11.504678876387876],[123.103719401166998,11.504678941750081],[123.103536005741304,11.504679006996733],[123.10335261031446,11.504679072128011],[123.103352676295813,11.504859945830782],[123.103352742278233,11.505040819531333]]],[[[123.102619159623615,11.505041078910073],[123.102619094109443,11.504860205205349],[123.102435698560029,11.504860269760288],[123.102435763957146,11.505041143466078],[123.102619159623615,11.505041078910073]]],[[[123.101151929683937,11.504860718411715],[123.100968534125997,11.50486078204286],[123.100968598586263,11.50504165575691],[123.101151994261343,11.5050415921247],[123.101335389935457,11.505041528377026],[123.101335325240996,11.504860654665107],[123.101151929683937,11.504860718411715]]],[[[123.100418347445157,11.504860972243604],[123.100234951882868,11.504861035412896],[123.100235015874787,11.505041909130943],[123.10041841155423,11.505041845960674],[123.100601807232607,11.505041782674853],[123.100785202910018,11.505041719273658],[123.100785138566721,11.50486084555863],[123.100601743006564,11.504860908958848],[123.100418347445157,11.504860972243604]]],[[[123.101702311141054,11.50540314794838],[123.101702376073035,11.505584021651595],[123.10188577209513,11.505583957554423],[123.101885837145318,11.505764831254352],[123.102069233283245,11.505764767040651],[123.102069298451553,11.505945640737204],[123.102252694705655,11.505945576406974],[123.102252629420278,11.505764702711398],[123.102252564135966,11.505583829013601],[123.102435960154864,11.50558376456995],[123.102435894754379,11.50540289087091],[123.102435829355315,11.50522201716956],[123.102435763957146,11.505041143466078],[123.102252368289598,11.505041207906531],[123.102252433570712,11.505222081611167],[123.102069037784872,11.505222145937223],[123.101885641998038,11.505222210147815],[123.101702246210152,11.505222274242945],[123.101518850421286,11.505222338222611],[123.101335454631084,11.505222402086813],[123.101335519327776,11.505403275794292],[123.101152123419538,11.505403339544008],[123.101152188000327,11.505584213250332],[123.101335584025534,11.505584149499549],[123.10151898004986,11.505584085633304],[123.101518915234948,11.505403211929112],[123.101702311141054,11.50540314794838]]],[[[123.09986828827148,11.50522290884305],[123.100051684070209,11.505222845902731],[123.100235079867957,11.505222782846859],[123.100235015874787,11.505041909130943],[123.100051620194193,11.505041972185838],[123.099868224512619,11.505042035125181],[123.099684828829979,11.50504209794906],[123.099501433146102,11.505042160657476],[123.09931803746133,11.505042223250429],[123.099318100868913,11.505223096971319],[123.099318164277747,11.505403970690077],[123.099318227687476,11.505584844406526],[123.099134831650446,11.505584906887036],[123.099134894944171,11.505765780602241],[123.09895149878885,11.505765842968264],[123.098768102632448,11.505765905218825],[123.098768165693116,11.505946778933852],[123.098584769418594,11.505946841069838],[123.098584832363173,11.506127714783622],[123.098768228754849,11.506127652646571],[123.098768291817649,11.506308526357158],[123.098951688325229,11.506308464103578],[123.098951751506164,11.506489337810878],[123.099135148129818,11.506489275440858],[123.099135084831829,11.506308401734534],[123.099135021534821,11.50612752802599],[123.099318417923385,11.50612746554255],[123.099318354510288,11.505946591832762],[123.099501750780547,11.505946529234746],[123.09968514704974,11.505946466521268],[123.099685083403671,11.505765592811391],[123.099868479554829,11.505765529983426],[123.100051875704651,11.505765467039998],[123.100235271853592,11.505765403981107],[123.100418668001453,11.505765340806752],[123.100418732115941,11.505946214512631],[123.100418796231509,11.50612708821629],[123.100418860348213,11.506307961917729],[123.100418924465814,11.506488835616858],[123.100235527849605,11.506488898795299],[123.100235591851302,11.506669772493273],[123.100235655854149,11.506850646188939],[123.100419052704567,11.506850583008456],[123.100602449553918,11.506850519712509],[123.100602385316947,11.506669646018798],[123.100602321081041,11.506488772322955],[123.100785717695032,11.5064887089135],[123.100785653343124,11.506307835216324],[123.100785588992295,11.506126961516928],[123.100785524642518,11.505946087815312],[123.100968920904251,11.505946024293502],[123.100968856438485,11.505765150590642],[123.101152252581997,11.505765086954346],[123.101152188000327,11.505584213250332],[123.100968791973784,11.505584276885562],[123.100785395946261,11.505584340405418],[123.100785460293991,11.505765214111475],[123.100602064148262,11.505765277516845],[123.100601999917686,11.505584403809722],[123.100418603888116,11.505584467098563],[123.10023520785731,11.505584530271941],[123.100051811825438,11.505584593329855],[123.099868415792585,11.505584656272218],[123.099685019758581,11.505584719099117],[123.099501623723611,11.505584781810553],[123.099501560196728,11.50540390809517],[123.099684956114658,11.505403845384711],[123.0996848924717,11.505222971667996],[123.09986828827148,11.50522290884305]]],[[[123.097119025628515,11.510107429033146],[123.097118963597779,11.509926555360751],[123.097302362457256,11.5099264941268],[123.097485761315667,11.509926432777386],[123.097485699051788,11.509745559104724],[123.09748563678879,11.509564685429842],[123.097302238164602,11.509564746777302],[123.097118839539419,11.5095648080093],[123.097118777511881,11.509383934330154],[123.096935379002701,11.509383995445534],[123.096935440913185,11.509564869125656],[123.096935502824721,11.509745742803558],[123.096935564737336,11.50992661647915],[123.096935626651003,11.510107490152523],[123.097119025628515,11.510107429033146]]],[[[123.096201969285033,11.509926859797494],[123.096202030730012,11.510107733474774],[123.096385429711802,11.510107672817428],[123.096385368149569,11.509926799141125],[123.096201969285033,11.509926859797494]]],[[[123.098952825744277,11.509564190491441],[123.098769427128516,11.509564252763051],[123.098769364046618,11.509383379092876],[123.098585965546945,11.509383441247957],[123.09858602851169,11.509564314919198],[123.098402629893798,11.509564376959792],[123.098402567046293,11.509383503287575],[123.098219168544574,11.509383565211641],[123.098035770041619,11.509383627020155],[123.098035832654901,11.509564500694326],[123.097852434033911,11.509564562388354],[123.097669035411926,11.509564623966918],[123.097669097791893,11.509745497640823],[123.097852496531118,11.509745436061282],[123.098035895269263,11.509745374366277],[123.098035957884775,11.509926248035919],[123.098219356738923,11.509926186224385],[123.09840275559209,11.5099261242973],[123.098402818442793,11.510106997962767],[123.098586217412048,11.510106935919152],[123.098586280380971,11.510287809581333],[123.0987696794664,11.51028774742119],[123.098769742553358,11.510468621080173],[123.098953141754961,11.510468558803501],[123.098953204960225,11.510649432459198],[123.099136604277646,11.510649370066085],[123.099136667601215,11.510830243718496],[123.09932006703481,11.510830181208766],[123.099320130476514,11.511011054857979],[123.099503530026183,11.511010992231631],[123.09950346646734,11.510830118583483],[123.099503402909477,11.510649244933115],[123.099503339352751,11.510468371280437],[123.099319940154615,11.510468433903677],[123.099136540955229,11.510468496411365],[123.099136477633792,11.510287622754424],[123.098953078550593,11.510287685145583],[123.098953015347362,11.510106811485445],[123.09913641431352,11.510106749095263],[123.099136350994215,11.509925875433881],[123.099319749842138,11.509925812929124],[123.099319686406744,11.509744939266499],[123.099136287675975,11.50974500177019],[123.099136224358972,11.509564128104278],[123.098952825744277,11.509564190491441]]],[[[123.096935688565566,11.510288363823586],[123.096935626651003,11.510107490152523],[123.096752227672241,11.510107551156347],[123.096568828692597,11.510107612044708],[123.096385429711802,11.510107672817428],[123.096385491275001,11.510288546491511],[123.096568890373035,11.510288485717725],[123.096752289469833,11.510288424828476],[123.096935688565566,11.510288363823586]]],[[[123.099503530026183,11.511010992231631],[123.099503593586277,11.511191865877647],[123.099686993251865,11.51119180313477],[123.099686929574801,11.511010929489908],[123.099503530026183,11.511010992231631]]],[[[123.099686993251865,11.51119180313477],[123.09968705693008,11.5113726767775],[123.099687120609275,11.51155355041792],[123.099687184289635,11.511734424056121],[123.099687247970962,11.5119152976921],[123.099870648104257,11.511915234829674],[123.099870584305776,11.51173436119476],[123.099870520508276,11.511553487557537],[123.09987045671194,11.511372613918182],[123.099870392916571,11.511191740276429],[123.099686993251865,11.51119180313477]]],[[[123.096752845694056,11.51191628777647],[123.096936245844233,11.511916226762787],[123.096936183920263,11.511735353111886],[123.096752783887226,11.511735414124592],[123.096752845694056,11.51191628777647]]],[[[123.096019245083042,11.511916530675771],[123.096202645237483,11.511916470124296],[123.096386045390688,11.51191640945718],[123.096385983818067,11.511735535803348],[123.096202583782016,11.511735596469398],[123.096019183744815,11.511735657019985],[123.095835783706647,11.511735717454931],[123.09583584492772,11.511916591111783],[123.095835906149858,11.512097464766326],[123.09601930642242,11.512097404329337],[123.096019245083042,11.511916530675771]]],[[[123.100054112153273,11.512096045483412],[123.100054048236501,11.511915171851696],[123.099870648104257,11.511915234829674],[123.09987071190389,11.512096108462368],[123.100054112153273,11.512096045483412]]],[[[123.096936369695385,11.512277974057929],[123.097119770078805,11.51227791292674],[123.097119708035535,11.512097039281256],[123.097119645993345,11.511916165633552],[123.096936245844233,11.511916226762787],[123.096936307769283,11.512097100411468],[123.096936369695385,11.512277974057929]]],[[[123.101337978606878,11.512276475017659],[123.10152137896479,11.512276411113222],[123.101521314109746,11.512095537491986],[123.101337913868974,11.512095601395357],[123.101337978606878,11.512276475017659]]],[[[123.101521443820999,11.512457284732237],[123.101704844295099,11.512457220711271],[123.101704779321651,11.512276347093321],[123.10152137896479,11.512276411113222],[123.101521443820999,11.512457284732237]]],[[[123.098036771980418,11.512277605537514],[123.098036834610497,11.512458479175715],[123.098220235104833,11.512458417350237],[123.098220172357614,11.512277543713013],[123.098036771980418,11.512277605537514]]],[[[123.096936369695385,11.512277974057929],[123.096752969310913,11.512278035073566],[123.096753031120841,11.512458908718783],[123.096753092931849,11.51263978236169],[123.096936493550629,11.512639721344099],[123.096936431622467,11.512458847702169],[123.096936369695385,11.512277974057929]]],[[[123.101888309859618,11.512638030189505],[123.101888244767949,11.512457156574841],[123.101704844295099,11.512457220711271],[123.101704909269614,11.512638094327],[123.101888309859618,11.512638030189505]]],[[[123.098403635598117,11.512458355409207],[123.098220235104833,11.512458417350237],[123.098220297853217,11.51263929098524],[123.098403698463741,11.512639229043232],[123.098403635598117,11.512458355409207]]],[[[123.098036897241812,11.512639352811695],[123.098036834610497,11.512458479175715],[123.097853434115166,11.512458540885641],[123.097853496629071,11.512639414522686],[123.098036897241812,11.512639352811695]]],[[[123.097670158413436,11.51282034975384],[123.097853559144127,11.512820288157423],[123.097853496629071,11.512639414522686],[123.097670096015619,11.512639476118038],[123.097670158413436,11.51282034975384]]],[[[123.096936493550629,11.512639721344099],[123.096936555479928,11.512820594983809],[123.097119956214883,11.512820533849601],[123.097119894168515,11.512639660210867],[123.096936493550629,11.512639721344099]]],[[[123.102988779172804,11.5128185165439],[123.102805378472041,11.512818581375774],[123.10280544415177,11.512999454980756],[123.102976861109767,11.51299939438416],[123.10298835311707,11.512978172437695],[123.103066815126439,11.51281848890914],[123.102988779172804,11.5128185165439]]],[[[123.102255176363556,11.51281877517817],[123.102255241691736,11.512999648786261],[123.102438642512851,11.512999584299978],[123.102622043332886,11.512999519698143],[123.102621977770397,11.512818646092095],[123.102438577067502,11.512818710692953],[123.102255176363556,11.51281877517817]]],[[[123.097670220812333,11.513001223387333],[123.097670158413436,11.51282034975384],[123.097486757681594,11.512820411234616],[123.097486819963336,11.513001284869175],[123.097670220812333,11.513001223387333]]],[[[123.097119956214883,11.512820533849601],[123.097120018262316,11.513001407486113],[123.097303419113445,11.513001346235376],[123.097303356948771,11.512820472599929],[123.097119956214883,11.512820533849601]]],[[[123.09748688224613,11.513182158501424],[123.097486819963336,11.513001284869175],[123.097303419113445,11.513001346235376],[123.097303481278914,11.513182219868691],[123.09748688224613,11.513182158501424]]],[[[123.099687757460472,11.513362286698937],[123.099871158531158,11.513362223828429],[123.100054559600608,11.513362160842368],[123.100054495676446,11.513181287226372],[123.099871094724065,11.513181350211456],[123.099687693770619,11.513181413080899],[123.099504292816107,11.513181475834878],[123.099504356388721,11.513362349453894],[123.099687757460472,11.513362286698937]]],[[[123.098220548856972,11.513362785502869],[123.098403949936184,11.513362723556865],[123.098403887066482,11.51318184993181],[123.098220486104509,11.513181911876837],[123.098220548856972,11.513362785502869]]],[[[123.100237960669162,11.513362097740755],[123.100054559600608,11.513362160842368],[123.100054623526006,11.513543034456054],[123.100238024711615,11.513542971353376],[123.100237960669162,11.513362097740755]]],[[[123.099504356388721,11.513362349453894],[123.099320955315903,11.513362412093299],[123.099137554242105,11.513362474617152],[123.098954153167156,11.513362537025364],[123.098770752091241,11.513362599318112],[123.098587351014331,11.513362661495309],[123.098403949936184,11.513362723556865],[123.098404012806867,11.5135435971797],[123.098587414002168,11.513543535117078],[123.098770815196318,11.513543472938904],[123.098954216389473,11.513543410645179],[123.099137617581576,11.513543348235901],[123.099321018772699,11.513543285711071],[123.099504419962585,11.513543223070689],[123.099504356388721,11.513362349453894]]],[[[123.100421425896343,11.513542908135234],[123.100421490057016,11.513723781744657],[123.100604891357833,11.513723718409898],[123.100604827079735,11.513542844801451],[123.100421425896343,11.513542908135234]]],[[[123.100788357053531,11.513904528564657],[123.100788421450829,11.514085402167597],[123.100788485849264,11.514266275768227],[123.100971887499227,11.514266212199255],[123.100971822983723,11.514085338599601],[123.100971758469285,11.513904464997728],[123.100971693955913,11.513723591393545],[123.100788292657313,11.513723654959497],[123.100788357053531,11.513904528564657]]],[[[123.09730397864142,11.514629208853945],[123.097487380546198,11.514629147478773],[123.097487318255048,11.514448273864465],[123.097487255964964,11.514267400247936],[123.097670657634012,11.514267338759167],[123.097670595227854,11.514086465141395],[123.097670532822661,11.513905591521313],[123.097487131387723,11.51390565300804],[123.097487069100751,11.513724779384761],[123.097303667782086,11.513724840754959],[123.097120266462355,11.513724902009605],[123.097120328514947,11.513905775634926],[123.097120390568591,11.514086649257939],[123.097303792122801,11.514086588001339],[123.09730385429458,11.514267461621065],[123.09730391646751,11.51444833523866],[123.09730397864142,11.514629208853945]]],[[[123.100788550248595,11.514447149366637],[123.100788485849264,11.514266275768227],[123.100605084198065,11.514266339221647],[123.100605148480241,11.514447212821123],[123.100788550248595,11.514447149366637]]],[[[123.100605148480241,11.514447212821123],[123.100421746710836,11.514447276159968],[123.100238344940436,11.51444733938335],[123.1000549431688,11.514447402491092],[123.100054879238073,11.514266528888596],[123.09987147758261,11.51426659187972],[123.099871541396098,11.514447465483192],[123.099871605210652,11.514628339084533],[123.100055007100593,11.514628276091367],[123.100238408989298,11.51462821298256],[123.100238473039298,11.514809086579637],[123.100421875044262,11.514809023354212],[123.100421810877009,11.514628149758201],[123.100605212763668,11.514628086418378],[123.100605148480241,11.514447212821123]]],[[[123.098954595745496,11.514628652316818],[123.098954658975174,11.514809525920912],[123.098954722205931,11.514990399522786],[123.09895478543784,11.51517127312235],[123.099138187684559,11.515171210704013],[123.099138124335511,11.514990337105425],[123.099138060987599,11.514809463504617],[123.099321462998873,11.514809400972682],[123.099321399534787,11.514628527370631],[123.099504801427926,11.514628464724121],[123.099504737847582,11.514447591120826],[123.099504674268488,11.51426671751531],[123.099321272609828,11.514266780159778],[123.099321209148854,11.514085906550976],[123.099137807606368,11.514085969078826],[123.099137744263714,11.513905095466738],[123.098954342837217,11.513905157878058],[123.098770941409839,11.513905220173738],[123.098771004518113,11.514086093787869],[123.098771067627453,11.51426696739969],[123.098771130737859,11.514447841009291],[123.098771193849331,11.514628714616583],[123.098954595745496,11.514628652316818]]],[[[123.096203567191736,11.514629574677938],[123.096386969102639,11.514629513996168],[123.096386907514571,11.514448640375997],[123.096203505720908,11.514448701056702],[123.096203567191736,11.514629574677938]]],[[[123.097670844859095,11.514809959599161],[123.097854246878796,11.514809897991819],[123.097854184352371,11.514629024381774],[123.097670782449725,11.51462908598805],[123.097487380546198,11.514629147478773],[123.097487442838414,11.514810021090861],[123.097670844859095,11.514809959599161]]],[[[123.097304040816496,11.51481008246701],[123.09730397864142,11.514629208853945],[123.097120576735762,11.514629270113565],[123.097120638793584,11.514810143727606],[123.097304040816496,11.51481008246701]]],[[[123.096570371012476,11.514629453198934],[123.096386969102639,11.514629513996168],[123.096387030691673,11.514810387614206],[123.09657043271875,11.514810326815907],[123.096570371012476,11.514629453198934]]],[[[123.096753834744675,11.514810265902055],[123.096753896569183,11.51499113951583],[123.096937298711367,11.514991078485361],[123.097120700852486,11.514991017339428],[123.097120638793584,11.514810143727606],[123.096937236769705,11.514810204872651],[123.096753834744675,11.514810265902055]]],[[[123.098221050915186,11.51480977443048],[123.098037648897616,11.514809836269015],[123.098037711542347,11.514990709875773],[123.098037774188327,11.5151715834804],[123.09822117644029,11.515171521640001],[123.09822111367717,11.514990648036351],[123.098221050915186,11.51480977443048]]],[[[123.098587980941105,11.515171397612368],[123.098404578691188,11.515171459683961],[123.09822117644029,11.515171521640001],[123.098221239204392,11.515352395241342],[123.098404641572529,11.515352333284325],[123.098588043939699,11.515352271211666],[123.098771446305705,11.515352209023456],[123.09877138318997,11.515171335425135],[123.098587980941105,11.515171397612368]]],[[[123.096020594784278,11.515895750536499],[123.096020656146138,11.516076624140771],[123.096204058995667,11.516076563566825],[123.096387461844031,11.516076502877238],[123.096387400247792,11.515895629274921],[123.096203997516483,11.51589568996353],[123.096020594784278,11.515895750536499]]],[[[123.096387523441436,11.516257376477247],[123.096570926405974,11.516257315671131],[123.096570864691429,11.5160764420721],[123.096387461844031,11.516076502877238],[123.096387523441436,11.516257376477247]]],[[[123.09675439120231,11.516438128345209],[123.096754329369546,11.516257254749375],[123.096570926405974,11.516257315671131],[123.096570988121584,11.516438189267943],[123.09675439120231,11.516438128345209]]],[[[123.096387708239561,11.516799997263861],[123.09638776984113,11.5169808708549],[123.096387831443593,11.517161744443717],[123.096387893047108,11.517342618030314],[123.096387954651604,11.517523491614602],[123.096571358436833,11.517523430801647],[123.096571296714913,11.517342557218248],[123.096571234994244,11.517161683632716],[123.096571173274455,11.516980810044876],[123.096571111555917,11.516799936454815],[123.096571049838175,11.516619062862533],[123.096387646639144,11.516619123670603],[123.096387708239561,11.516799997263861]]],[[[123.096021147078403,11.517523612893767],[123.096021208449486,11.517704486477788],[123.096204612353816,11.517704425895049],[123.096204550865494,11.517523552312005],[123.096021147078403,11.517523612893767]]],[[[123.09712163186029,11.517704121247187],[123.09712169393579,11.517884994823126],[123.097305097951221,11.517884933545742],[123.097305035758481,11.517704059970781],[123.09712163186029,11.517704121247187]]],[[[123.097488564276645,11.518065745724394],[123.097671968407113,11.518065684214841],[123.097671905978828,11.517884810644142],[123.0974885019656,11.517884872152719],[123.097488564276645,11.518065745724394]]],[[[123.096754947743975,11.518065990606642],[123.096938351878691,11.518065929559475],[123.096938289919365,11.517885055984868],[123.096754885901888,11.517885117031058],[123.096754947743975,11.518065990606642]]],[[[123.096571543608263,11.518066051538169],[123.0963881394715,11.518066112354054],[123.096388201080174,11.51824698592946],[123.096571605334177,11.518246925112509],[123.096571543608263,11.518066051538169]]],[[[123.09785543508309,11.518246496157149],[123.097855372536586,11.518065622589647],[123.097671968407113,11.518065684214841],[123.097672030836364,11.51824655778332],[123.097672093266695,11.518427431349489],[123.097672155698177,11.518608304913437],[123.097855560179198,11.518608243285223],[123.097855497630746,11.518427369722341],[123.09785543508309,11.518246496157149]]],[[[123.096204858317691,11.518427920204845],[123.096388262689914,11.518427859502557],[123.096388201080174,11.51824698592946],[123.096204796825191,11.518247046630771],[123.096204858317691,11.518427920204845]]],[[[123.097672218130455,11.518789178475165],[123.097672155698177,11.518608304913437],[123.09748875121582,11.51860836642601],[123.097488813531129,11.518789239988715],[123.097672218130455,11.518789178475165]]],[[[123.096021576698121,11.518789727934843],[123.096204981305718,11.518789667346242],[123.096204919811257,11.518608793776609],[123.096021515320729,11.518608854364322],[123.096021576698121,11.518789727934843]]],[[[123.097305471129602,11.518970174947997],[123.097305533329632,11.519151048507238],[123.097488938164588,11.519150987107375],[123.097488875847233,11.518970113549111],[123.097305471129602,11.518970174947997]]],[[[123.096205042801316,11.518970540913566],[123.096205104297994,11.519151414478669],[123.096205165795652,11.519332288041552],[123.096388570754073,11.519332227334379],[123.096388509139175,11.519151353772473],[123.096388447525356,11.518970480208347],[123.096205042801316,11.518970540913566]]],[[[123.097122252662359,11.519512856905147],[123.097305657732775,11.519512795618882],[123.097305595530713,11.51933192206417],[123.097122190577451,11.519331983349458],[123.097122252662359,11.519512856905147]]],[[[123.096572037444616,11.519513040070185],[123.096571975711427,11.519332166511566],[123.096388570754073,11.519332227334379],[123.096388632370022,11.519513100893976],[123.096572037444616,11.519513040070185]]],[[[123.096755504369654,11.519693852686265],[123.096938909559526,11.519693791630216],[123.096938847590792,11.519512918075771],[123.09675544251823,11.519512979130843],[123.096755504369654,11.519693852686265]]],[[[123.097306279811434,11.52132153104254],[123.097416631879426,11.52132149409219],[123.097489655801411,11.521233681986168],[123.097489623723575,11.521140596099512],[123.097306217598884,11.521140657510299],[123.097122811473142,11.521140718805446],[123.096939405346404,11.521140779984952],[123.09693946732439,11.521321653519147],[123.097122873568438,11.521321592338664],[123.097306279811434,11.52132153104254]]],[[[123.096756122941059,11.52150258811694],[123.096939529303427,11.521502527051121],[123.09693946732439,11.521321653519147],[123.096756061079347,11.521321714583989],[123.096756122941059,11.52150258811694]]],[[[123.096572840069967,11.521864396128402],[123.096756246667866,11.521864335176181],[123.096756184804022,11.521683461647759],[123.096572778323349,11.521683522598915],[123.096572840069967,11.521864396128402]]],[[[123.096022804460631,11.522407198874619],[123.096022865859609,11.522588072398067],[123.096206272929763,11.522588011788949],[123.09620621141346,11.522407138266479],[123.096206149898308,11.522226264741787],[123.096022743062733,11.522226325348951],[123.096022804460631,11.522407198874619]]],[[[123.096022927259568,11.522768945919205],[123.096022974200721,11.52290722396398],[123.096147525018296,11.522768904743709],[123.096022927259568,11.522768945919205]]],[[[123.102239984773163,11.470675163390633],[123.102056611314879,11.470675227518536],[123.102056676271104,11.470856101649586],[123.101873302695125,11.470856165663358],[123.101873367535617,11.471037039793165],[123.101873432377346,11.471217913920841],[123.102056806186738,11.471217849904937],[123.102056871146146,11.471398724029237],[123.102240245071258,11.471398659897249],[123.102240179995135,11.471217785774014],[123.102240114919908,11.47103691164847],[123.102423488610441,11.471036847403417],[123.102423553802296,11.471217721527895],[123.102592163512909,11.471217662348625],[123.10223994630924,11.470568248838457],[123.102239984773163,11.470675163390633]]],[[[123.102606992917927,11.471398531287859],[123.102607058228614,11.47157940540683],[123.102607123540551,11.471760279523492],[123.102790497695608,11.471760215044048],[123.102790563125225,11.471941089157513],[123.102973937396015,11.471941024561895],[123.102983464598651,11.471941021199846],[123.102973445954305,11.471920665967001],[123.102606937445998,11.471244902334776],[123.102606992917927,11.471398531287859]]],[[[123.104442859933314,11.477185851694406],[123.104626237579893,11.477185786031731],[123.104626170950525,11.477004911993673],[123.10444279342056,11.477004977655282],[123.104442859933314,11.477185851694406]]],[[[123.106099411758535,11.493644783899283],[123.106099344091518,11.493463910073499],[123.106099276425638,11.493283036245495],[123.105915888386662,11.49328310292549],[123.105915955935657,11.49346397675456],[123.105916023485705,11.49364485058141],[123.105916091037003,11.493825724406038],[123.106099479426717,11.493825657722846],[123.106099411758535,11.493644783899283]]],[[[123.104634708620651,11.50015677067079],[123.104451316126926,11.500156836468291],[123.104451382782671,11.5003377102208],[123.104451449439665,11.500518583971088],[123.104634842167343,11.500518518171456],[123.104634908942543,11.500699391918369],[123.10481830178621,11.500699326002207],[123.104818234894026,11.50051845225636],[123.104818168003092,11.500337578508203],[123.104634775393379,11.500337644422233],[123.104634708620651,11.50015677067079]]],[[[123.104084996111894,11.501423083952401],[123.104268389427091,11.501423018378278],[123.104268322881566,11.501242144638203],[123.104084929683438,11.501242210211172],[123.104084996111894,11.501423083952401]]],[[[123.104268455973681,11.501603892116131],[123.104451849404882,11.501603826425567],[123.104451782741137,11.501422952688779],[123.104268389427091,11.501423018378278],[123.104268455973681,11.501603892116131]]],[[[123.104635309616611,11.501784634353042],[123.104635242834831,11.50160376061954],[123.104451849404882,11.501603826425567],[123.104451916069607,11.501784700160135],[123.104635309616611,11.501784634353042]]],[[[123.10426858907033,11.501965639585178],[123.104451982735469,11.501965573892482],[123.104451916069607,11.501784700160135],[123.104268522521437,11.501784765851765],[123.10426858907033,11.501965639585178]]],[[[123.104086192014833,11.504678810910208],[123.10426958743723,11.504678745316989],[123.10445298285839,11.504678679608395],[123.104453049542201,11.504859553304859],[123.104453116227091,11.505040426999104],[123.10463651188131,11.505040361172826],[123.104636578684577,11.505221234863784],[123.104636645488739,11.505402108552433],[123.104636712294152,11.505582982238861],[123.104820108298483,11.505582916294012],[123.105003504301763,11.505582850233699],[123.105003437262226,11.505401976549402],[123.104820041376016,11.505402042608649],[123.104819974454614,11.505221168921066],[123.104819907534463,11.505040295231174],[123.104819840615363,11.50485942153915],[123.104819773697344,11.504678547844817],[123.104636378278485,11.504678613784337],[123.104636311478671,11.504497740086718],[123.104452916175731,11.504497805909709],[123.10426952087154,11.504497871617238],[123.104086125566468,11.504497937209303],[123.10390273026006,11.504498002685994],[123.103902796591441,11.504678876387876],[123.104086192014833,11.504678810910208]]],[[[123.105003571342436,11.505763723915686],[123.10518696746162,11.505763657738845],[123.105186900303963,11.505582784057834],[123.105003504301763,11.505582850233699],[123.105003571342436,11.505763723915686]]],[[[123.105370498132814,11.506125338799501],[123.105370430855785,11.505944465124086],[123.105370363579823,11.505763591446451],[123.10518696746162,11.505763657738845],[123.105187034620528,11.505944531417546],[123.105187101780572,11.506125405094027],[123.105370498132814,11.506125338799501]]],[[[123.10500377247115,11.506306344948415],[123.105187168941697,11.506306278768376],[123.105187101780572,11.506125405094027],[123.105003705427094,11.506125471273089],[123.10500377247115,11.506306344948415]]],[[[123.104820442927704,11.506487284687251],[123.105003839516456,11.506487218621521],[123.10500377247115,11.506306344948415],[123.104820375999552,11.50630641101308],[123.104820442927704,11.506487284687251]]],[[[123.105554029275808,11.50648701973155],[123.105554096673458,11.506667893399149],[123.105370699971004,11.506667959812424],[123.105370767252651,11.506848833478868],[123.105187370431906,11.506848899777657],[123.105003973610081,11.506848965960982],[123.104820576787205,11.506849032028756],[123.104820509856822,11.506668158359114],[123.104820442927704,11.506487284687251],[123.104637046337871,11.50648735063743],[123.104637113149934,11.506668224310358],[123.104637179963248,11.506849097981066],[123.104637246777543,11.507029971649553],[123.104820643718725,11.507029905696177],[123.10500404065867,11.507029839627338],[123.105004107708325,11.507210713291473],[123.105187504764444,11.507210647106016],[123.105370901819228,11.507210580805095],[123.105370834535364,11.507029707143092],[123.105525707740213,11.507029651057275],[123.105554201242555,11.506948517068697],[123.10555416407216,11.506848767064527],[123.105589236984727,11.506848754341346],[123.105716295487952,11.506486960869063],[123.105554029275808,11.50648701973155]]],[[[123.105187773442765,11.507934141735733],[123.105187794871753,11.50799184301534],[123.105208061600564,11.507934134400791],[123.105187773442765,11.507934141735733]]]]}},
{"type":"Feature","properties":{"fid":96,"HAZ":3.0,"layer":"Iloilo_StormSurge_SSA4","path":"/Users/jhannaroseverzo/Downloads/Iloilo/Iloilo_StormSurge_SSA4.shp","Risk Level":"High","fid_2":251,"SYSTRA ID":"251","DAR ID":"204","Target Year":"2028","Bridge Category":"Original List","Bridge Name":"SAN PEDRO-SITIO MAMA BRIDGE","Coordinates Y":"11.492461","Coordinates X":"123.062131","Region":"VI","Province":"CAPIZ","ARC 2026":"5S","LINEAR METER IVF 2026":"20","EIRR 2026":"0.22","NEW/REPLACEMENT BRIDGE 2026":"new","Visited by SYSTRA":"No","Selected for 2nd Visit of SYSTRA":"No","Final Funder":"Trésor","2023 IVF URL":"","2026 IVF URL":"https://docs.google.com/spreadsheets/u/1/d/1gny0ZHsl1gMFE5kSFZCp-elRoHLKhlrT/edit"},"geometry":{"type":"MultiPolygon","coordinates":[[[[123.103891668524355,11.474292063046144],[123.10370829274153,11.474292128231157],[123.10370835877022,11.474473002308029],[123.103891734669844,11.47447293712195],[123.103891668524355,11.474292063046144]]],[[[123.101324213937644,11.473750342872536],[123.101324149431022,11.473569468773105],[123.101140774099747,11.473569532341811],[123.100957398767406,11.473569595795409],[123.100957463040615,11.473750469896883],[123.100774087590409,11.473750533236261],[123.100590712139322,11.47375059646062],[123.100407336686985,11.473750659569694],[123.100407400610962,11.473931533671967],[123.100407464536275,11.47411240777202],[123.10059084022194,11.474112344660815],[123.100774215906611,11.474112281434502],[123.10095759159023,11.474112218092992],[123.100957655866722,11.474293092187805],[123.101141031665989,11.474293028730122],[123.101141096060246,11.474473902821559],[123.101141160455668,11.474654776910777],[123.101141224852071,11.474835650997774],[123.101141289249625,11.47501652508255],[123.101324665514909,11.475016461505584],[123.101324730030242,11.475197335587074],[123.10150810641116,11.475197271893935],[123.101691482790926,11.475197208085598],[123.101691418042108,11.475016334006151],[123.10187479430401,11.475016270083772],[123.101874729439459,11.47483539600317],[123.101874664575959,11.474654521920259],[123.10187459971371,11.474473647835127],[123.101691223801922,11.474473711754486],[123.101691159057353,11.474292837666157],[123.101691094314035,11.474111963575519],[123.101507718634593,11.474112027377638],[123.10150765400904,11.473931153283713],[123.101324278445418,11.473931216969659],[123.101324213937644,11.473750342872536]]],[[[123.100407528462384,11.474293281869853],[123.100224152658683,11.474293344866927],[123.100224216469243,11.474474218963428],[123.100407592389644,11.474474155965376],[123.100407528462384,11.474293281869853]]],[[[123.100224471722129,11.475197715327402],[123.100224407907305,11.475016841239784],[123.100041031635627,11.475016904125747],[123.100041095333651,11.475197778214431],[123.100224471722129,11.475197715327402]]],[[[123.10279233014154,11.476824689375421],[123.102975707564653,11.47682462475156],[123.102975641988394,11.476643750699557],[123.10279226468208,11.476643815322353],[123.10279233014154,11.476824689375421]]],[[[123.10279233014154,11.476824689375421],[123.102608952717361,11.476824753884086],[123.102609018061003,11.477005627936],[123.102792395601895,11.477005563426269],[123.10279233014154,11.476824689375421]]],[[[123.093259970493605,11.486775963415509],[123.093260029936545,11.486956837395036],[123.093443413956876,11.486956778707581],[123.093443354397223,11.486775904729031],[123.093443294838295,11.486595030748171],[123.093259911051732,11.486595089433761],[123.093259851610753,11.486414215449704],[123.093076467940094,11.486414274019031],[123.092893084268383,11.486414332473073],[123.092709700595691,11.486414390811829],[123.092709759686031,11.486595264798728],[123.092893143475607,11.486595206458995],[123.092893202683712,11.486776080442608],[123.093076586589277,11.486776021986701],[123.093259970493605,11.486775963415509]]],[[[123.09197622451795,11.486595497004716],[123.0917928407234,11.486595554767932],[123.09160945692787,11.486595612415952],[123.091609515317785,11.486776486406137],[123.0917928992302,11.48677642875723],[123.091976283141634,11.486776370993036],[123.09197622451795,11.486595497004716]]],[[[123.097478732095794,11.489487693582147],[123.097478669949865,11.489306819656266],[123.097295284432249,11.489306880892881],[123.097295222404355,11.489126006963803],[123.097111837002643,11.489126068084156],[123.097111898913653,11.489306942014212],[123.097111960825828,11.489487815942136],[123.097112022738969,11.48966868986775],[123.097295408491419,11.489668628744377],[123.097478794242804,11.489668567505808],[123.097478732095794,11.489487693582147]]],[[[123.088126681528152,11.49148028324244],[123.088126625334525,11.491299409293022],[123.088310012187961,11.491299353812158],[123.088309955878159,11.491118479861496],[123.088309899569424,11.490937605908526],[123.088126512949842,11.490937661387614],[123.088126456758971,11.490756787431534],[123.087943070255477,11.490756842794449],[123.087759683750917,11.490756898041989],[123.087759739707934,11.490937771999933],[123.087759795665846,11.491118645955479],[123.087943182404345,11.491118590706163],[123.087943238480023,11.491299464658601],[123.087943294556851,11.491480338608907],[123.088126681528152,11.49148028324244]]],[[[123.088493511896544,11.491661046108716],[123.088493568326072,11.491841920051828],[123.088676955528385,11.49184186433755],[123.088860342729717,11.491841808507987],[123.088860399394079,11.492022682447013],[123.0890437867115,11.492022626501099],[123.089227174027954,11.492022570439987],[123.089227117129724,11.491841696502737],[123.089227060232574,11.491660822563267],[123.089227003336219,11.491479948621576],[123.089043616370517,11.491480004680023],[123.088860229404105,11.491480060623184],[123.088860172742585,11.491299186677407],[123.088860116082131,11.491118312729411],[123.088676729348421,11.491118368555421],[123.088676785891991,11.491299242504306],[123.088676842436456,11.491480116450971],[123.088493455468083,11.491480172163472],[123.088493511896544,11.491661046108716]]],[[[123.08776007546976,11.492023015699994],[123.087760019507058,11.49184214175555],[123.087576632299943,11.491842196893133],[123.087393245091945,11.491842251915342],[123.087393300820878,11.492023125861563],[123.087576688145759,11.492023070838465],[123.08776007546976,11.492023015699994]]],[[[123.087943799290272,11.493108204060233],[123.088127187314143,11.493108148685772],[123.088127243517363,11.49328902261272],[123.088310631657066,11.493288967121908],[123.088494019796045,11.49328891151581],[123.088677407933972,11.493288855794338],[123.08867746448891,11.4934697297164],[123.088860852742997,11.493469673878666],[123.088860796070904,11.493288799957492],[123.088860739400062,11.493107926034186],[123.088860682730015,11.492927052108572],[123.088860626060864,11.492746178180736],[123.088677238274656,11.492746234014829],[123.088493850487652,11.492746289733637],[123.088310462699596,11.49274634533707],[123.088127074910631,11.492746400825128],[123.087943687120699,11.492746456197812],[123.087760299329801,11.492746511455211],[123.087760355297291,11.492927385388464],[123.087760411265506,11.493108259319408],[123.087943799290272,11.493108204060233]]],[[[123.096932470380921,11.500882929951585],[123.096932532242718,11.501063803737045],[123.097115925365713,11.501063742666963],[123.097115863387117,11.50088286888248],[123.096932470380921,11.500882929951585]]],[[[123.100967502907338,11.501966802313225],[123.100967567350366,11.502147676063158],[123.101150961152456,11.502147612447468],[123.101334354953494,11.502147548716225],[123.10151774875338,11.50214748486952],[123.101517683959159,11.501966611122695],[123.101334290276341,11.501966674968335],[123.101150896592458,11.501966738698512],[123.100967502907338,11.501966802313225]]],[[[123.102252368289598,11.505041207906531],[123.102435763957146,11.505041143466078],[123.102435698560029,11.504860269760288],[123.102619094109443,11.504860205205349],[123.102619028596422,11.504679331498403],[123.102618963084652,11.504498457789149],[123.102435567769362,11.504498522342045],[123.102252172453007,11.504498586779389],[123.102252237730752,11.504679460490687],[123.102068842296262,11.504679524813634],[123.10206890745809,11.504860398523777],[123.101885511905394,11.504860462732326],[123.101702116351717,11.504860526825324],[123.101518720796975,11.504860590802947],[123.101335325240996,11.504860654665107],[123.101335389935457,11.505041528377026],[123.101151994261343,11.5050415921247],[123.100968598586263,11.50504165575691],[123.100968534125997,11.50486078204286],[123.100785138566721,11.50486084555863],[123.100785202910018,11.505041719273658],[123.100601807232607,11.505041782674853],[123.10041841155423,11.505041845960674],[123.100235015874787,11.505041909130943],[123.100235079867957,11.505222782846859],[123.100051684070209,11.505222845902731],[123.09986828827148,11.50522290884305],[123.0996848924717,11.505222971667996],[123.099684956114658,11.505403845384711],[123.099501560196728,11.50540390809517],[123.099501623723611,11.505584781810553],[123.099685019758581,11.505584719099117],[123.099868415792585,11.505584656272218],[123.100051811825438,11.505584593329855],[123.10023520785731,11.505584530271941],[123.100418603888116,11.505584467098563],[123.100601999917686,11.505584403809722],[123.100602064148262,11.505765277516845],[123.100785460293991,11.505765214111475],[123.100785395946261,11.505584340405418],[123.100968791973784,11.505584276885562],[123.101152188000327,11.505584213250332],[123.101152123419538,11.505403339544008],[123.101335519327776,11.505403275794292],[123.101335454631084,11.505222402086813],[123.101518850421286,11.505222338222611],[123.101702246210152,11.505222274242945],[123.101885641998038,11.505222210147815],[123.102069037784872,11.505222145937223],[123.102252433570712,11.505222081611167],[123.102252368289598,11.505041207906531]]],[[[123.10462577119776,11.475919667718339],[123.104442394368661,11.475919733373553],[123.104442327863822,11.475738859318797],[123.104442261360219,11.475557985261821],[123.104258884763368,11.475558050799707],[123.10425881837763,11.475377176739444],[123.104258751993044,11.475196302676872],[123.104258685609523,11.47501542861208],[123.104075309362003,11.475015494031661],[123.104075243096261,11.474834619963582],[123.104075176831657,11.474653745893283],[123.104075110568317,11.474472871820675],[123.103891734669844,11.47447293712195],[123.103891800816484,11.474653811195536],[123.103891866964204,11.474834685266901],[123.103891933113147,11.475015559336045],[123.103891999263169,11.475196433402969],[123.103892065414342,11.475377307467673],[123.103708688930922,11.475377372658992],[123.103708754966362,11.475558246722452],[123.103708821003053,11.475739120783691],[123.103525444284983,11.475739185862034],[123.103525510205841,11.47592005992203],[123.103708887040625,11.475919994842711],[123.103708953079447,11.476100868899509],[123.103892330029879,11.476100803703927],[123.104075706979231,11.476100738393148],[123.104075773252617,11.476281612445595],[123.104259150317617,11.476281547018642],[123.104259216708954,11.476462421067714],[123.104075839527155,11.476462486495732],[123.103892462344305,11.476462551808643],[123.103892528503195,11.476643425857626],[123.103709151202565,11.476643491056405],[123.103709217245736,11.476824365104234],[123.103525839827071,11.476824430188794],[123.10352590575468,11.477005304235467],[123.103525971683368,11.477186178279831],[123.103526037613207,11.477367052322064],[123.103526103544112,11.477547926361988],[123.103709481429789,11.477547861273164],[123.103709547478644,11.477728735309801],[123.103526169476083,11.477728800399602],[123.10352623540912,11.477909674435084],[123.103342857288695,11.477909739410842],[123.103159479167218,11.477909804271404],[123.102976101044476,11.477909869016679],[123.102792722920768,11.477909933646847],[123.102609344795908,11.477909998161818],[123.102609279446767,11.477729124121096],[123.102425901437627,11.477729188519804],[123.102425836206251,11.477548314475884],[123.102242458312759,11.47754837875833],[123.102242393199333,11.477367504711124],[123.102059015421659,11.477367568877396],[123.102058950426013,11.477186694826903],[123.101875572763973,11.477186758876913],[123.101692195100696,11.477186822811726],[123.101692130339885,11.47700594875697],[123.101508752792327,11.47700601257552],[123.101325375243718,11.477006076278963],[123.101325310717556,11.476825202219855],[123.10114193328458,11.476825265807035],[123.100958555850724,11.476825329279107],[123.100958491559041,11.476644455215736],[123.100775114240733,11.476644518571545],[123.100591736921359,11.476644581812247],[123.10059167286451,11.476463707744523],[123.100408295660685,11.476463770868962],[123.100224918455979,11.476463833878205],[123.100224854633609,11.476282959806307],[123.100041477544636,11.476283022699375],[123.099858100454583,11.476283085477247],[123.099858036866777,11.476102211400997],[123.099674659892287,11.476102274062695],[123.099674596422432,11.475921399983159],[123.099674532953657,11.475740525901491],[123.099674469485848,11.475559651817514],[123.099857846109956,11.475559589158836],[123.100041222732997,11.475559526384961],[123.100041159032841,11.475378652300806],[123.100041095333651,11.475197778214431],[123.099857718944122,11.475197840986175],[123.099674342553598,11.475197903642899],[123.099674406019275,11.475378777731317],[123.099491029510716,11.475378840273821],[123.099491092860674,11.475559714360996],[123.099491156211769,11.47574058844595],[123.09949121956376,11.475921462528683],[123.099491282916816,11.476102336609285],[123.099491346271023,11.476283210687489],[123.099307969177701,11.47628327311986],[123.099308032416175,11.476464147196909],[123.099308095655729,11.476645021271738],[123.099124718327829,11.476645083590954],[123.099124781451636,11.47682595766454],[123.098941404005885,11.476826019869536],[123.098941467013972,11.477006893941878],[123.098758089450342,11.477006956032744],[123.098758152342796,11.477187830103842],[123.098574774661301,11.477187892080577],[123.09839139697884,11.477187953942027],[123.098391459638677,11.477368828012859],[123.098208081838351,11.477368889760177],[123.098208144382554,11.477549763829854],[123.098024766464363,11.477549825462953],[123.098024828892733,11.477730699531298],[123.097841450856777,11.477730761050266],[123.097658072819669,11.477730822453948],[123.097474694781582,11.477730883742433],[123.097474756860635,11.477911757811667],[123.097291378704782,11.477911818985932],[123.097108000547848,11.47791188004509],[123.097108062394284,11.478092754113968],[123.0969246841195,11.478092815058906],[123.096741305843736,11.478092875888558],[123.096741367457739,11.47827374995717],[123.096557989064024,11.478273810672691],[123.096558050562294,11.478454684740059],[123.096741429072807,11.478454624023561],[123.09692480758217,11.478454563191866],[123.096924869315089,11.478635437255059],[123.097108247940355,11.47863537630719],[123.09729162656447,11.478635315244125],[123.09747500518759,11.478635254065773],[123.097475067271887,11.478816128123816],[123.097658446010755,11.478816066829291],[123.097841824748542,11.478816005419658],[123.097841887067588,11.478996879473437],[123.098025265921194,11.478996817947541],[123.098025328358005,11.479177691998034],[123.09820870732726,11.479177630355965],[123.098392086295533,11.479177568598699],[123.098575465262755,11.479177506726147],[123.098758844228982,11.479177444738488],[123.098758907134041,11.479358318782763],[123.098942286215916,11.479358256678841],[123.098942349238925,11.47953913071983],[123.099125728436618,11.479539068499735],[123.099125791577407,11.479719942537526],[123.099125854719247,11.479900816573098],[123.099309234149473,11.479900754235763],[123.099309297409263,11.480081628268048],[123.099309360670034,11.480262502298112],[123.099309423932056,11.480443376325956],[123.099492803711513,11.480443313870405],[123.099492867091385,11.480624187894962],[123.099676246986562,11.480624125323148],[123.099676310484313,11.48080499934442],[123.09967637398303,11.48098587336356],[123.099859754110994,11.480985810674417],[123.099859817727491,11.481166684690271],[123.100043197971274,11.481166621884954],[123.100226578213821,11.481166558964441],[123.100226642065152,11.481347432976031],[123.100410022423418,11.481347369939256],[123.100593402780717,11.481347306787194],[123.100776783136951,11.481347243519936],[123.100776847339816,11.481528117526198],[123.100960227811782,11.481528054142677],[123.101143608282598,11.48152799064396],[123.101143672720198,11.481708864645958],[123.101327053306917,11.481708801030978],[123.101510433892386,11.481708737300712],[123.101510498564835,11.481889611298358],[123.101693879266037,11.481889547451919],[123.10169394405635,11.482070421446279],[123.101694008847716,11.482251295438507],[123.101694073640161,11.482432169428426],[123.101694138433743,11.482613043416125],[123.101877519601331,11.482612979450314],[123.101877584512692,11.482793853434726],[123.102060965796099,11.482793789352565],[123.102061030825411,11.482974663333691],[123.102244412224465,11.482974599135266],[123.102427793622354,11.482974534821556],[123.102427858886585,11.483155408798419],[123.102611240400293,11.483155344368447],[123.102794621912935,11.483155279823277],[123.10279468741183,11.483336153795788],[123.10297806904029,11.483336089134268],[123.103161450667329,11.48333602435755],[123.103344832293487,11.483335959465547],[123.103344898144272,11.48351683343264],[123.103528279886064,11.483516768424375],[123.103528345854627,11.483697642388181],[123.103528411824342,11.483878516349767],[123.103528477795138,11.484059390309222],[123.103528543767069,11.484240264266278],[123.103528609740252,11.484421138221203],[123.103345227414039,11.484421203234708],[123.103345293271403,11.484602077188478],[123.103345359129833,11.484782951139939],[123.103345424989328,11.48496382508918],[123.103528807665924,11.484963760072477],[123.103528873643469,11.485144634018342],[123.103528939622151,11.485325507962076],[123.103529005601729,11.485506381903589],[123.103529071582557,11.485687255842704],[123.103529137564436,11.485868129779776],[123.103345754303504,11.48586819480172],[123.103345820169579,11.486049068737548],[123.103162436790512,11.486049133645272],[123.10316250254094,11.486230007579858],[123.102979119043837,11.486230072373361],[123.102979184678446,11.486410946306792],[123.103162568292433,11.486410881512223],[123.103162634044992,11.486591755442367],[123.103162699798617,11.486772629370291],[123.103162765553492,11.486953503295906],[123.103162831309419,11.4871343772193],[123.103162897066426,11.487315251140474],[123.103162962824484,11.487496125059428],[123.103163028583793,11.487676998976161],[123.103163094344168,11.487857872890585],[123.103163160105609,11.488038746802788],[123.102979775439579,11.488038811606772],[123.102979841085201,11.488219685517821],[123.102979906731974,11.488400559426649],[123.10279652183111,11.488400624117391],[123.102796587362079,11.488581498024976],[123.102613202343264,11.488581562601498],[123.102429817323284,11.488581627062645],[123.102246432302252,11.488581691408596],[123.10206304728024,11.488581755639172],[123.102063112344638,11.488762629548711],[123.10224649748362,11.488762565317069],[123.102246562665968,11.488943439223322],[123.102429947920953,11.488943374875328],[123.102613333174602,11.488943310412049],[123.10261339859197,11.489124184313949],[123.102796783961608,11.489124119734319],[123.102796849496826,11.489304993632933],[123.102796915033295,11.489485867529327],[123.102796980570915,11.4896667414235],[123.102980366290055,11.489666676725387],[123.102980431945625,11.489847550616274],[123.1027970461096,11.489847615315364],[123.102797111649352,11.490028489205097],[123.102797177190169,11.49020936309252],[123.10261379111904,11.490209427678456],[123.102613856544124,11.490390301564636],[123.102430470355046,11.490390366036264],[123.102430535664226,11.490571239921378],[123.102430600974571,11.490752113804094],[123.102247214550474,11.490752178162479],[123.102247279744986,11.490933052044129],[123.102063893202867,11.490933116288206],[123.102063958281647,11.491113990168612],[123.102064023361322,11.491294864046798],[123.101880636584269,11.491294928177632],[123.101880701548126,11.491475802054575],[123.101880766513048,11.491656675929297],[123.101697379501161,11.491656739946889],[123.101697444350265,11.491837613820367],[123.101514057220257,11.49183767772365],[123.101330670089169,11.491837741511558],[123.10114728295693,11.491837805184181],[123.100963895823639,11.491837868741429],[123.100963831442243,11.491656994863776],[123.100780444424856,11.491657058304673],[123.100780380161495,11.491476184423822],[123.100596993260012,11.491476247748368],[123.100596929114701,11.491295373864142],[123.100596864970456,11.491114499977785],[123.100596800827276,11.490933626089118],[123.100596736685162,11.490752752198231],[123.100596672544114,11.490571878305124],[123.10078005886092,11.49057181498573],[123.100779994604054,11.490390941091379],[123.100779930348253,11.490210067194807],[123.100779866093518,11.490029193296015],[123.100779801840019,11.489848319394914],[123.100779737587416,11.489667445491593],[123.100596351855046,11.489667508805924],[123.100596287720563,11.489486634899405],[123.100596223587061,11.489305760990577],[123.100412838087479,11.48930582418758],[123.100412774071927,11.489124950275466],[123.100412710057626,11.488944076361131],[123.100229324790831,11.488944139440806],[123.100229260894295,11.488763265523184],[123.10022919699901,11.488582391603432],[123.100045811964918,11.488582454565689],[123.100045748187497,11.48840158064265],[123.100045684411214,11.48822070671739],[123.10004562063601,11.488039832789822],[123.100045556861787,11.487858958860032],[123.1000454930887,11.487678084928023],[123.099862108638064,11.487678147769932],[123.099862044982928,11.487497273834725],[123.09967866064828,11.487497336560283],[123.099495276312297,11.487497399170556],[123.099311891975333,11.487497461665454],[123.099128507637488,11.487497524045155],[123.099128444450884,11.487316650103642],[123.098945060228758,11.487316712366992],[123.098761676005481,11.487316774515145],[123.098578291781322,11.487316836547924],[123.098394907555829,11.487316898465417],[123.098394844837998,11.487136024517598],[123.098394782121233,11.486955150567558],[123.098211398128527,11.486955212367812],[123.098211335529712,11.486774338414486],[123.098027951653009,11.486774400098477],[123.097844567775056,11.486774461667094],[123.097844630140202,11.486955335622374],[123.09802801413494,11.486955274052692],[123.098028076617936,11.487136148004774],[123.098028139101999,11.487317021954548],[123.098211523329454,11.487316960267625],[123.098211585931466,11.487497834214201],[123.098211648534544,11.487678708158468],[123.098395032994773,11.487678646354306],[123.098395095715802,11.487859520295375],[123.098395158437896,11.488040394234135],[123.098578543130841,11.488040332312645],[123.098761927822636,11.488040270275869],[123.098761990779565,11.488221144210454],[123.098945375587348,11.488221082057327],[123.098945438662227,11.488401955988715],[123.09912882358573,11.488401893719326],[123.099128886778558,11.488582767647427],[123.099312271817979,11.488582705261686],[123.099312335128857,11.488763579186502],[123.099312398440702,11.488944453109097],[123.099495783712996,11.488944390606028],[123.099495847142791,11.489125264525425],[123.099679232530733,11.489125201906093],[123.099679296078563,11.489306075822205],[123.099862681582422,11.489306013086521],[123.099862745248288,11.489486886999346],[123.099862808915134,11.489667760909951],[123.100046194651696,11.489667698056939],[123.100046258436578,11.489848571964346],[123.100046322222539,11.490029445869444],[123.099862936252123,11.490029508724588],[123.099862999922266,11.490210382628442],[123.09986306359346,11.490391256530076],[123.099679677388039,11.490391319271888],[123.099496291181637,11.490391381898325],[123.099496354620058,11.49057225579987],[123.099312968295621,11.490572318311999],[123.099313031618294,11.490753192212123],[123.099129645175907,11.490753254610032],[123.099129581970288,11.490572380708754],[123.09894619564372,11.490572442990311],[123.098762809316085,11.490572505156495],[123.098762746345386,11.490391631250953],[123.09857936013367,11.490391693300785],[123.098395973920958,11.490391755235331],[123.09821258770701,11.490391817054503],[123.098029201492182,11.490391878758389],[123.098029138990171,11.49021100484663],[123.09784575289116,11.490211066434165],[123.097662366791155,11.490211127906415],[123.097662304524079,11.490030253990481],[123.097478918539991,11.490030315346379],[123.097478856390779,11.489849441427248],[123.097295470522511,11.489849502666795],[123.097112084653176,11.489849563791145],[123.097112022738969,11.48966868986775],[123.096928636985453,11.489668750875749],[123.096745251231042,11.489668811768373],[123.096561865475394,11.489668872545712],[123.096378479718865,11.489668933207765],[123.096195093961256,11.489668993754533],[123.096195032632622,11.489488119824033],[123.096011646990931,11.489488180254449],[123.096011585780246,11.489307306320663],[123.095828200254374,11.489307366634817],[123.095828139161739,11.489126492697833],[123.09564475375177,11.489126552895724],[123.095644692777071,11.488945678955544],[123.095644631803268,11.488764805013053],[123.09564457083053,11.488583931068431],[123.095644509858857,11.4884030571215],[123.095461124915545,11.488403117200198],[123.095461185770333,11.488583991148106],[123.095277800709056,11.488584051112406],[123.095277861448025,11.488764925058982],[123.095094476268713,11.488764984908974],[123.09491109108852,11.48876504464368],[123.094727705907175,11.4887651042631],[123.094727645519029,11.488584230313593],[123.094544260453674,11.488584289816751],[123.094544200183392,11.488403415864047],[123.094544139914191,11.488222541909122],[123.094360755081709,11.488222601294952],[123.094360694930359,11.48804172733683],[123.09417731021361,11.488041786606486],[123.094177250180209,11.487860912645077],[123.093993865579463,11.487860971798471],[123.093810480977737,11.487861030836578],[123.093627096374945,11.4878610897594],[123.093627036693093,11.487680215792929],[123.09344365220629,11.487680274599489],[123.09326026771825,11.487680333290763],[123.0930768832295,11.487680391866663],[123.093076942560529,11.487861265835976],[123.093077001892453,11.48804213980298],[123.093260386615142,11.488042081225126],[123.093260446065187,11.488222955189022],[123.093260505516028,11.488403829150696],[123.093443890471519,11.488403770455603],[123.09344395004041,11.488584644414081],[123.093627335111705,11.488584585602725],[123.09362739479846,11.488765459558005],[123.093810779985844,11.488765400630387],[123.09381083979045,11.488946274582469],[123.093994225093667,11.488946215538677],[123.093994285016223,11.489127089487562],[123.093994344939844,11.489307963434138],[123.094177730475835,11.489307904273106],[123.094177790517321,11.489488778216574],[123.093994404864347,11.489488837378493],[123.0939944647901,11.489669711320628],[123.093811079019176,11.48966977036824],[123.093811138828755,11.489850644309131],[123.093811198639401,11.490031518247802],[123.093994584644179,11.490031459198237],[123.093994644572774,11.490212333133622],[123.094178030693385,11.490212273967794],[123.094361416813001,11.490212214686681],[123.094361476976431,11.49039308861798],[123.094361537140927,11.490573962547058],[123.09454492349343,11.490573903148617],[123.094544983775876,11.490754777074409],[123.094728370244198,11.490754717559794],[123.094728430644594,11.490935591482478],[123.094911817228734,11.490935531851511],[123.09491187774708,11.491116405770908],[123.094911938266492,11.491297279688085],[123.094911998786699,11.491478153603042],[123.095095385720782,11.491478093853859],[123.095095446359124,11.491658967765618],[123.095095506998447,11.491839841675157],[123.095278894165403,11.491839781808645],[123.095462281331208,11.491839721826937],[123.095462342205451,11.492020595732212],[123.095645729487345,11.492020535634152],[123.095645790479352,11.49220140953623],[123.095645851472611,11.492382283436177],[123.095462463956949,11.492382343536191],[123.095462524834204,11.492563217434805],[123.095279137200507,11.492563277420421],[123.095095749565829,11.492563337290752],[123.094912361930085,11.492563397045709],[123.094728974293361,11.492563456685291],[123.094545586655755,11.492563516209588],[123.094362199016899,11.49256357561851],[123.094178811377162,11.492563634912146],[123.093995423736445,11.49256369409032],[123.093995483678981,11.492744567994441],[123.093812095920228,11.492744627058217],[123.093812155747045,11.492925500961006],[123.093628767870328,11.492925559910473],[123.093445379992644,11.492925618744566],[123.093261992113995,11.492925677463285],[123.09307860423435,11.492925736066718],[123.09307854487534,11.49274486216011],[123.09307848551731,11.492563988251371],[123.092895097870553,11.492564046737476],[123.092895038630573,11.492383172825539],[123.092711651099805,11.492383231195381],[123.092711591977675,11.492202357280158],[123.09252820456274,11.492202415533738],[123.0925282635678,11.492383289449938],[123.092344876035085,11.49238334758912],[123.092344934924242,11.492564221503899],[123.092161547273491,11.492564279528684],[123.09197815962176,11.492564337438095],[123.091794771968964,11.49256439523222],[123.091611384315186,11.492564452910971],[123.091427996660528,11.492564510474347],[123.091427938356063,11.492383636554861],[123.091244550817478,11.492383694001974],[123.091244492630864,11.492202820079291],[123.091061105208198,11.492202877410142],[123.091061047139448,11.492022003484349],[123.090877659832685,11.492022060698938],[123.090877601881971,11.491841186769948],[123.090694214691297,11.491841243868274],[123.090510827499372,11.491841300851315],[123.090327440306652,11.491841357718892],[123.090144053112866,11.491841414471272],[123.089960665918284,11.49184147110819],[123.089777278722451,11.491841527629822],[123.089777335971505,11.492022401564318],[123.089777393221539,11.492203275496594],[123.089594005790957,11.492203331904717],[123.089594062924988,11.492384205835661],[123.089594120059914,11.492565079764384],[123.089594177195892,11.492745953690799],[123.089594234332765,11.492926827614992],[123.089594291470704,11.493107701536966],[123.089777679485877,11.493107645124313],[123.089777736741596,11.493288519043089],[123.089594348609353,11.493288575456718],[123.089410960476229,11.493288631754973],[123.08922757234204,11.493288687937854],[123.089227629247986,11.493469561857163],[123.089044240995847,11.493469617925557],[123.088860852742997,11.493469673878666],[123.088860909415715,11.493650547797531],[123.089044297785705,11.493650491843534],[123.089044354576544,11.493831365759201],[123.089227743062452,11.49383130968903],[123.089411131547564,11.493831253503396],[123.089411188573237,11.494012127415067],[123.089594577174253,11.49401207111317],[123.089594634317876,11.494192945021732],[123.089778023034796,11.494192888603573],[123.089778080296369,11.494373762508937],[123.089778137558923,11.494554636412081],[123.089961526508816,11.494554579876771],[123.089961583889234,11.494735453776718],[123.089961641270705,11.494916327674444],[123.090145030453655,11.494916271021983],[123.090328419635625,11.49491621425406],[123.090328477252029,11.495097088147789],[123.090511866549917,11.495097031263603],[123.090695255847081,11.495096974264042],[123.090878645143093,11.495096917149107],[123.090878703111301,11.495277791037774],[123.091062092523401,11.495277733806487],[123.091062150609474,11.495458607692045],[123.091062208696698,11.495639481575294],[123.091245598341857,11.495639424226857],[123.09124565654686,11.495820298106908],[123.091429046308008,11.49582024064212],[123.091429104630961,11.496001114519151],[123.091612494508013,11.496001056938011],[123.091612552949002,11.496181930811845],[123.091795942942056,11.496181873114443],[123.091796001501081,11.496362746984991],[123.091796060061085,11.496543620853318],[123.091979450287113,11.496543563038765],[123.091979508965153,11.496724436903895],[123.091979567643989,11.496905310766804],[123.091979626324076,11.497086184627493],[123.092163016900045,11.497086126694724],[123.092346407475134,11.497086068646491],[123.092529798049227,11.497086010482883],[123.092529739018318,11.496905136625037],[123.09271312947439,11.496905078346943],[123.092896519929567,11.496905019953475],[123.092896579194417,11.497085893809546],[123.093079969765682,11.497085835299726],[123.093080029148581,11.497266709152511],[123.093080088532375,11.497447583003074],[123.092896697727255,11.497447641514759],[123.092896756995216,11.497628515364079],[123.092896816264073,11.49780938921109],[123.092713425223849,11.497809447609265],[123.092530034182744,11.497809505891977],[123.092346643140658,11.497809564059404],[123.092163252097592,11.497809622111367],[123.092163310899537,11.497990495959888],[123.092163369702277,11.498171369806188],[123.092163428506083,11.498352243650269],[123.092163487310955,11.498533117492128],[123.092163546116723,11.498713991331678],[123.092163604923542,11.498894865169008],[123.091980213177308,11.498894923111193],[123.091980271868138,11.49907579694719],[123.091796880003955,11.499075854774889],[123.091796938578696,11.499256728609643],[123.091796997154333,11.499437602442176],[123.091797055731121,11.499618476272401],[123.091980447946312,11.499618418441949],[123.09198050664105,11.499799292268976],[123.092163898972245,11.499799234322174],[123.092163957784933,11.499980108146003],[123.092164016598687,11.500160981967701],[123.091980624033368,11.500161039916458],[123.091980682730949,11.500341913736824],[123.091797290047694,11.500341971571006],[123.091797348629271,11.500522845390039],[123.091613955827881,11.500522903109824],[123.091614014293469,11.500703776927525],[123.09143062137413,11.500703834532734],[123.091247228453724,11.500703892022569],[123.091247286686254,11.500884765839915],[123.091063893647899,11.500884823215264],[123.090880500608478,11.50088488047515],[123.090697107568175,11.500884937619572],[123.090697049686824,11.500704063799473],[123.090513656762596,11.500704120827544],[123.090513598999294,11.500523247004248],[123.090513541236874,11.50034237317873],[123.090513483475434,11.500161499350904],[123.090330090901332,11.500161556260847],[123.090146698326251,11.500161613055328],[123.089963305750189,11.500161669734345],[123.089779913173246,11.500161726297987],[123.089779970466438,11.500342600129455],[123.089596577771459,11.500342656578612],[123.089596634948649,11.500523530408659],[123.08941324213562,11.500523586743329],[123.089413299196735,11.500704460572043],[123.089413356258831,11.500885334398626],[123.089413413321978,11.5010662082229],[123.08941347038602,11.501247082044953],[123.089596863667026,11.50124702570673],[123.089780256947321,11.501246969253044],[123.089780314246283,11.501427843071012],[123.089963707642667,11.501427786500974],[123.0901471010379,11.501427729815473],[123.090147158571966,11.501608603629444],[123.090330552083444,11.501608546827592],[123.090513945593869,11.501608489910366],[123.090514003362955,11.501789363720162],[123.09069739698954,11.501789306686584],[123.090697454876661,11.501970180493272],[123.09088084861925,11.501970123343254],[123.091064242360957,11.501970066077861],[123.091064300483183,11.502150939880464],[123.091247694340964,11.502150882498631],[123.09124775258114,11.502331756298036],[123.091064358606459,11.502331813680756],[123.091064416730632,11.502512687478918],[123.09106447485587,11.50269356127477],[123.091247869064674,11.502693503890184],[123.091247927307862,11.502874377682838],[123.091431321632825,11.502874320181901],[123.091614715956737,11.5028742625655],[123.091614657479425,11.502693388774711],[123.091798051685373,11.502693331043824],[123.091797993091888,11.502512457251614],[123.0919813871798,11.502512399406241],[123.092164781266661,11.502512341445316],[123.092164840094171,11.502693215235661],[123.092348234297205,11.502693157158385],[123.092348175352612,11.502512283369017],[123.092531569437512,11.502512225177254],[123.092531510376844,11.502331351386553],[123.092714904343708,11.502331293080305],[123.092714845167038,11.502150419288361],[123.092898239015852,11.502150360867537],[123.093081632863615,11.502150302331339],[123.093081573453887,11.50196942853904],[123.0932649671836,11.501969369888267],[123.093264907657712,11.501788496094724],[123.093448301269476,11.501788437329465],[123.093448241627485,11.50160756353459],[123.093448181986574,11.501426689737494],[123.093631575363233,11.501426630858726],[123.093631515606234,11.501245757060298],[123.0936314558503,11.501064883259561],[123.093814848991784,11.501064824267283],[123.093814789119847,11.500883950465392],[123.093814729248805,11.500703076661191],[123.093998122155355,11.500703017555315],[123.093998182143281,11.500883891358539],[123.094181575165834,11.500883832136401],[123.094364968187307,11.50088377279871],[123.094365028410422,11.501064646597849],[123.094548421547898,11.501064587143807],[123.094731814684394,11.501064527574302],[123.094915207820009,11.501064467889423],[123.094915268395198,11.50124534168341],[123.095098661646716,11.50124528188209],[123.095098600954373,11.50106440808908],[123.095281994087856,11.501064348173363],[123.095281933279608,11.50088347437911],[123.095281872472157,11.500702600582636],[123.095281811665956,11.500521726783854],[123.095281750860636,11.50034085298285],[123.095465143524891,11.500340792955578],[123.095648536188179,11.500340732812843],[123.095648475149886,11.500159859011484],[123.095831867695125,11.500159798754263],[123.096015260239298,11.500159738381667],[123.096198652782405,11.500159677893608],[123.096198714171877,11.500340551692036],[123.096382106830887,11.500340491087625],[123.096565499489017,11.500340430367752],[123.096565561113508,11.500521304161827],[123.096748953887712,11.500521243325602],[123.09693234666068,11.500521182373914],[123.09693240852026,11.500702056163815],[123.097115801409316,11.500701995095687],[123.097115863387117,11.50088286888248],[123.097299256392077,11.500882807697911],[123.097299194297392,11.500701933912184],[123.097482587184402,11.500701872613218],[123.097482524973628,11.500520998826248],[123.097665917742603,11.500520937412796],[123.097849310510426,11.50052087588397],[123.09784924806668,11.500340002096733],[123.098032640716454,11.50033994045342],[123.098216033365176,11.500339878694733],[123.098399426012904,11.500339816820583],[123.09858281865948,11.500339754831058],[123.098766211305005,11.500339692726071],[123.098766274333869,11.500520566508333],[123.098949667095468,11.500520504286905],[123.099133059856001,11.500520441950103],[123.099132996593013,11.500339568169883],[123.099316389235412,11.500339505718594],[123.099316325856421,11.500158631937131],[123.099316262478581,11.499977758153358],[123.099499654885889,11.499977695588738],[123.099683047291947,11.499977632908655],[123.099866439697124,11.499977570113108],[123.100049832101149,11.499977507202187],[123.100233224504095,11.499977444175892],[123.100233160542189,11.499796570394961],[123.100416552827014,11.499796507254269],[123.100599945110872,11.499796443998024],[123.100783337393565,11.499796380626494],[123.100966729675193,11.4997963171395],[123.101150121955754,11.499796253537044],[123.101150057409868,11.499615379759044],[123.101333449572209,11.49961531604219],[123.101333384910248,11.499434442262947],[123.101516776954639,11.499434378431785],[123.10170016899788,11.499434314485159],[123.101883561039969,11.499434250423159],[123.101883626053038,11.499615124199204],[123.102067018211201,11.499615060020764],[123.102250410368129,11.49961499572686],[123.102250475616287,11.499795869498643],[123.102433867889303,11.499795805088299],[123.102617260161068,11.499795740562492],[123.102800652431782,11.499795675921311],[123.1028007180321,11.499976549687764],[123.102984110418888,11.499976484930054],[123.10298417613734,11.500157358693309],[123.103167568639947,11.500157293819159],[123.103350961141317,11.500157228829545],[123.103351027094959,11.500338102588449],[123.103534419712318,11.500338037482395],[123.103534485784166,11.500518911237924],[123.103534551857095,11.500699784991232],[123.103534617931004,11.500880658742231],[123.103718010898476,11.500880593517694],[123.103718077090591,11.501061467265407],[123.10390147017398,11.501061401924341],[123.103901536484315,11.501242275668767],[123.104084929683438,11.501242210211172],[123.104268322881566,11.501242144638203],[123.104268389427091,11.501423018378278],[123.104451782741137,11.501422952688779],[123.104451849404882,11.501603826425567],[123.104635242834831,11.50160376061954],[123.104635309616611,11.501784634353042],[123.104451916069607,11.501784700160135],[123.104451982735469,11.501965573892482],[123.10426858907033,11.501965639585178],[123.10408519540394,11.50196570516241],[123.104085261836843,11.502146578894669],[123.103901868052333,11.502146644357504],[123.103718474266842,11.502146709704965],[123.103535080480015,11.502146774936962],[123.103351686692307,11.502146840053497],[123.103168292903263,11.502146905054568],[123.1031683587521,11.502327778789846],[123.102984964844936,11.50232784367652],[123.102801570936776,11.502327908447819],[123.102618177027566,11.502327973103567],[123.102434783117104,11.50232803764394],[123.102251389205591,11.50232810206885],[123.102251323942056,11.50214722832842],[123.102067930146617,11.50214729263689],[123.101884536349843,11.502147356829896],[123.101701142552187,11.502147420907439],[123.10151774875338,11.50214748486952],[123.101517813548654,11.502328358614124],[123.101701207464529,11.502328294650978],[123.101884601379339,11.502328230572369],[123.102067995293083,11.502328166378385],[123.102068060440615,11.502509040117571],[123.102251454470178,11.502508975807059],[123.102434848498675,11.502508911381172],[123.102618242526191,11.502508846839733],[123.102801636552471,11.502508782182831],[123.102801702169401,11.502689655915711],[123.102985096311684,11.502689591142369],[123.103168490452973,11.502689526253564],[123.103168556305008,11.502870399982003],[123.103168622158194,11.50305127370831],[123.10316868801246,11.503232147432309],[123.102985293520149,11.503232212324312],[123.102985359258497,11.503413086047066],[123.102801964647796,11.503413150824672],[123.10280203027024,11.503594024546272],[123.102802095893836,11.503774898265652],[123.102802161518227,11.503955771982811],[123.102802227143954,11.504136645697661],[123.102802292770747,11.50431751941038],[123.102802358398606,11.504498393120789],[123.102985753711678,11.504498328336966],[123.1031691490235,11.504498263437769],[123.103352544334271,11.50449819842302],[123.10335261031446,11.504679072128011],[123.103536005741304,11.504679006996733],[123.103719401166998,11.504678941750081],[123.103902796591441,11.504678876387876],[123.10390273026006,11.504498002685994],[123.104086125566468,11.504497937209303],[123.10426952087154,11.504497871617238],[123.104452916175731,11.504497805909709],[123.104636311478671,11.504497740086718],[123.104636378278485,11.504678613784337],[123.104819773697344,11.504678547844817],[123.104819840615363,11.50485942153915],[123.104819907534463,11.505040295231174],[123.104819974454614,11.505221168921066],[123.104820041376016,11.505402042608649],[123.105003437262226,11.505401976549402],[123.105003504301763,11.505582850233699],[123.105186900303963,11.505582784057834],[123.10518696746162,11.505763657738845],[123.105370363579823,11.505763591446451],[123.105370430855785,11.505944465124086],[123.105370498132814,11.506125338799501],[123.105187101780572,11.506125405094027],[123.105187168941697,11.506306278768376],[123.10500377247115,11.506306344948415],[123.105003839516456,11.506487218621521],[123.104820442927704,11.506487284687251],[123.104820509856822,11.506668158359114],[123.104820576787205,11.506849032028756],[123.105003973610081,11.506848965960982],[123.105187370431906,11.506848899777657],[123.105370767252651,11.506848833478868],[123.105370699971004,11.506667959812424],[123.105554096673458,11.506667893399149],[123.105554029275808,11.50648701973155],[123.105716295487952,11.506486960869063],[123.105739209480916,11.506421714286855],[123.106261193611076,11.504722372135072],[123.10671512347767,11.503004128050353],[123.107100300320099,11.501269631743989],[123.107416131436082,11.499521557941467],[123.107662131088048,11.497762602256698],[123.107837921244297,11.495995477034302],[123.107943232153957,11.494222907166414],[123.107977902754996,11.492447625890412],[123.107941880914268,11.490672370574146],[123.107835223499805,11.48889987849506],[123.107658096284936,11.487132882619779],[123.107410773684592,11.485374107390669],[123.107093638324159,11.483626264525805],[123.106707180441731,11.481892048838896],[123.106251997124588,11.480174134085564],[123.105728791381097,11.478475168842321],[123.105138371049776,11.476797772424717],[123.104789534811403,11.475919608982533],[123.10462577119776,11.475919667718339]],[[123.10444279342056,11.477004977655282],[123.104626170950525,11.477004911993673],[123.104626237579893,11.477185786031731],[123.104442859933314,11.477185851694406],[123.10444279342056,11.477004977655282]],[[123.103348521635297,11.49346489817732],[123.103348587547899,11.493645772019002],[123.103165199258285,11.49364583697078],[123.103165133462554,11.493464963128032],[123.103165067668073,11.493284089282975],[123.103165001874487,11.493103215435697],[123.103348389813277,11.493103150487029],[123.103348455723747,11.493284024333329],[123.103348521635297,11.49346489817732]],[[123.103165265055068,11.493826710811396],[123.102981876647405,11.493826775648865],[123.102981810967592,11.493645901807271],[123.103165199258285,11.49364583697078],[123.103165265055068,11.493826710811396]],[[123.102981942328469,11.494007649488237],[123.1027985538026,11.494007714211397],[123.102798488238591,11.493826840370959],[123.102981876647405,11.493826775648865],[123.102981942328469,11.494007649488237]],[[123.102798619367746,11.494188588049527],[123.102615230723828,11.494188652658467],[123.102615296172985,11.494369526495353],[123.10243190741113,11.494369590989896],[123.102431972744469,11.494550464825716],[123.102248583864466,11.494550529205862],[123.10206519498341,11.494550593470722],[123.101881806101375,11.494550657620207],[123.101698417218003,11.494550721654319],[123.101698352352557,11.494369847814413],[123.101881741118774,11.494369783781368],[123.102065129884025,11.494369719632948],[123.102065064785691,11.494188845792864],[123.102248453432892,11.494188781530047],[123.102431842078857,11.494188717151944],[123.102431776747821,11.494007843311683],[123.102615165275651,11.494007778819183],[123.1027985538026,11.494007714211397],[123.102798619367746,11.494188588049527]],[[123.106099479426717,11.493825657722846],[123.105916091037003,11.493825724406038],[123.105916023485705,11.49364485058141],[123.105915955935657,11.49346397675456],[123.105915888386662,11.49328310292549],[123.106099276425638,11.493283036245495],[123.106099344091518,11.493463910073499],[123.106099411758535,11.493644783899283],[123.106099479426717,11.493825657722846]],[[123.099864273549059,11.493827860236307],[123.100047661975282,11.493827797359936],[123.100231050400438,11.493827734368191],[123.100414438824529,11.493827671261071],[123.100597827247469,11.493827608038577],[123.100597891407887,11.494008481891361],[123.100597955569356,11.494189355741925],[123.100598019732075,11.494370229590269],[123.10059808389569,11.494551103436391],[123.100414695004943,11.494551166662882],[123.10023130611296,11.494551229774087],[123.100047917219911,11.494551292769918],[123.099864528325796,11.494551355650374],[123.0996811394307,11.494551418415456],[123.099497750534553,11.494551481065164],[123.099314361637241,11.494551543599586],[123.099314298292356,11.494370669746358],[123.099314234948537,11.494189795890998],[123.099314171605783,11.49400892203324],[123.099314108264096,11.49382804817335],[123.099497496693516,11.493827985643014],[123.099680885121771,11.493827922997303],[123.099864273549059,11.493827860236307]],[[123.104451316126926,11.500156836468291],[123.104634708620651,11.50015677067079],[123.104634775393379,11.500337644422233],[123.104818168003092,11.500337578508203],[123.104818234894026,11.50051845225636],[123.10481830178621,11.500699326002207],[123.104634908942543,11.500699391918369],[123.104634842167343,11.500518518171456],[123.104451449439665,11.500518583971088],[123.104451382782671,11.5003377102208],[123.104451316126926,11.500156836468291]]],[[[123.10280544415177,11.512999454980756],[123.102805378472041,11.512818581375774],[123.102621977770397,11.512818646092095],[123.102622043332886,11.512999519698143],[123.102438642512851,11.512999584299978],[123.102255241691736,11.512999648786261],[123.102255176363556,11.51281877517817],[123.102071775658445,11.512818839547835],[123.102071710448556,11.512637965936369],[123.101888309859618,11.512638030189505],[123.101704909269614,11.512638094327],[123.101704844295099,11.512457220711271],[123.101521443820999,11.512457284732237],[123.10152137896479,11.512276411113222],[123.101337978606878,11.512276475017659],[123.101337913868974,11.512095601395357],[123.101154513627137,11.512095665183088],[123.100971113384134,11.512095728855355],[123.100787713140164,11.512095792412071],[123.100604312895044,11.512095855853234],[123.100420912648943,11.512095919178845],[123.100237512401605,11.512095982388905],[123.100054112153273,11.512096045483412],[123.09987071190389,11.512096108462368],[123.099870648104257,11.511915234829674],[123.099687247970962,11.5119152976921],[123.099687184289635,11.511734424056121],[123.099687120609275,11.51155355041792],[123.09968705693008,11.5113726767775],[123.099686993251865,11.51119180313477],[123.099503593586277,11.511191865877647],[123.099503530026183,11.511010992231631],[123.099320130476514,11.511011054857979],[123.09932006703481,11.510830181208766],[123.099136667601215,11.510830243718496],[123.099136604277646,11.510649370066085],[123.098953204960225,11.510649432459198],[123.098953141754961,11.510468558803501],[123.098769742553358,11.510468621080173],[123.0987696794664,11.51028774742119],[123.098586280380971,11.510287809581333],[123.098586217412048,11.510106935919152],[123.098402818442793,11.510106997962767],[123.09840275559209,11.5099261242973],[123.098219356738923,11.509926186224385],[123.098035957884775,11.509926248035919],[123.098035895269263,11.509745374366277],[123.097852496531118,11.509745436061282],[123.097669097791893,11.509745497640823],[123.097485699051788,11.509745559104724],[123.097485761315667,11.509926432777386],[123.097302362457256,11.5099264941268],[123.097118963597779,11.509926555360751],[123.097119025628515,11.510107429033146],[123.096935626651003,11.510107490152523],[123.096935688565566,11.510288363823586],[123.096752289469833,11.510288424828476],[123.096568890373035,11.510288485717725],[123.096385491275001,11.510288546491511],[123.096385429711802,11.510107672817428],[123.096202030730012,11.510107733474774],[123.096201969285033,11.509926859797494],[123.096018570419247,11.509926920338222],[123.096018509092403,11.509746046657744],[123.096018447766525,11.509565172974957],[123.095835049134067,11.509565233398268],[123.09583498792631,11.509384359712284],[123.095651589410025,11.509384420019066],[123.095468190892674,11.509384480210384],[123.095468129920292,11.509203606520225],[123.095284731519115,11.509203666595015],[123.095284792374258,11.509384540286151],[123.095284853230552,11.509565413975066],[123.095101454594101,11.509565473936258],[123.095101515334221,11.509746347623841],[123.095101576075592,11.509927221309203],[123.094918177203681,11.509927281156797],[123.094918237828793,11.510108154840916],[123.094734838838747,11.510108214573934],[123.094734899347856,11.51028908825681],[123.094551500239689,11.510289147875254],[123.094551560632453,11.510470021556797],[123.094368161406152,11.510470081060754],[123.094368221682913,11.510650954740965],[123.094184822338491,11.510651014130348],[123.094184882499079,11.510831887809315],[123.094001483036436,11.510831947084034],[123.09400154308095,11.511012820761758],[123.093818143500172,11.511012879921902],[123.093818203428413,11.511193753598294],[123.093634803729529,11.511193812643951],[123.093634863541766,11.511374686319011],[123.093451463724662,11.511374745250093],[123.093451523420725,11.511555618923909],[123.093634923354898,11.511555559991939],[123.09381832328809,11.511555500944416],[123.094001723220401,11.511555441781342],[123.09400166317279,11.511374568110368],[123.094185062986881,11.511374508832718],[123.094368462799906,11.511374449439517],[123.094551862611951,11.511374389930763],[123.094735262422944,11.511374330306547],[123.094918662232942,11.511374270566689],[123.095102062042059,11.511374210711368],[123.095285461849841,11.511374150740496],[123.095468861656826,11.511374090654071],[123.095468922641558,11.511554964317318],[123.095652322564717,11.511554904114364],[123.09583572248664,11.511554843795858],[123.095835783706647,11.511735717454931],[123.096019183744815,11.511735657019985],[123.096202583782016,11.511735596469398],[123.096385983818067,11.511735535803348],[123.096569383853222,11.511735475021746],[123.096752783887226,11.511735414124592],[123.096936183920263,11.511735353111886],[123.096936245844233,11.511916226762787],[123.097119645993345,11.511916165633552],[123.097119708035535,11.512097039281256],[123.097119770078805,11.51227791292674],[123.096936369695385,11.512277974057929],[123.096936431622467,11.512458847702169],[123.096936493550629,11.512639721344099],[123.097119894168515,11.512639660210867],[123.097119956214883,11.512820533849601],[123.097303356948771,11.512820472599929],[123.097303419113445,11.513001346235376],[123.097486819963336,11.513001284869175],[123.097486757681594,11.512820411234616],[123.097670158413436,11.51282034975384],[123.097670096015619,11.512639476118038],[123.097853496629071,11.512639414522686],[123.097853434115166,11.512458540885641],[123.098036834610497,11.512458479175715],[123.098036771980418,11.512277605537514],[123.098220172357614,11.512277543713013],[123.098220235104833,11.512458417350237],[123.098403635598117,11.512458355409207],[123.098403698463741,11.512639229043232],[123.098403761330161,11.512820102674949],[123.098403824197831,11.513000976304534],[123.098403887066482,11.51318184993181],[123.098403949936184,11.513362723556865],[123.098587351014331,11.513362661495309],[123.098770752091241,11.513362599318112],[123.098954153167156,11.513362537025364],[123.099137554242105,11.513362474617152],[123.099320955315903,11.513362412093299],[123.099504356388721,11.513362349453894],[123.099504292816107,11.513181475834878],[123.099687693770619,11.513181413080899],[123.099871094724065,11.513181350211456],[123.100054495676446,11.513181287226372],[123.100054559600608,11.513362160842368],[123.100237960669162,11.513362097740755],[123.100238024711615,11.513542971353376],[123.100421425896343,11.513542908135234],[123.100604827079735,11.513542844801451],[123.100604891357833,11.513723718409898],[123.100788292657313,11.513723654959497],[123.100971693955913,11.513723591393545],[123.100971758469285,11.513904464997728],[123.100971822983723,11.514085338599601],[123.100971887499227,11.514266212199255],[123.100788485849264,11.514266275768227],[123.100788550248595,11.514447149366637],[123.100605148480241,11.514447212821123],[123.100605212763668,11.514628086418378],[123.100421810877009,11.514628149758201],[123.100421875044262,11.514809023354212],[123.100238473039298,11.514809086579637],[123.100238408989298,11.51462821298256],[123.100055007100593,11.514628276091367],[123.099871605210652,11.514628339084533],[123.099871541396098,11.514447465483192],[123.09968813962233,11.514447528359829],[123.099504737847582,11.514447591120826],[123.099504801427926,11.514628464724121],[123.099321399534787,11.514628527370631],[123.099321462998873,11.514809400972682],[123.099138060987599,11.514809463504617],[123.099138124335511,11.514990337105425],[123.099138187684559,11.515171210704013],[123.09895478543784,11.51517127312235],[123.09877138318997,11.515171335425135],[123.098771446305705,11.515352209023456],[123.098588043939699,11.515352271211666],[123.098404641572529,11.515352333284325],[123.098221239204392,11.515352395241342],[123.09822117644029,11.515171521640001],[123.098037774188327,11.5151715834804],[123.098037711542347,11.514990709875773],[123.098037648897616,11.514809836269015],[123.097854246878796,11.514809897991819],[123.097670844859095,11.514809959599161],[123.097487442838414,11.514810021090861],[123.097487380546198,11.514629147478773],[123.09730397864142,11.514629208853945],[123.097304040816496,11.51481008246701],[123.097120638793584,11.514810143727606],[123.097120700852486,11.514991017339428],[123.096937298711367,11.514991078485361],[123.096753896569183,11.51499113951583],[123.096753834744675,11.514810265902055],[123.09657043271875,11.514810326815907],[123.096387030691673,11.514810387614206],[123.096386969102639,11.514629513996168],[123.096203567191736,11.514629574677938],[123.096203505720908,11.514448701056702],[123.096020103926179,11.514448761621944],[123.095836702130555,11.514448822071545],[123.095836763366904,11.514629695694646],[123.095836824604405,11.514810569315616],[123.095653422573335,11.514810629651619],[123.095470020541114,11.514810689871981],[123.095286618507899,11.514810749976879],[123.095103216473632,11.514810809966137],[123.094919814438384,11.514810869839755],[123.094919753786897,11.514629996213989],[123.094736351867823,11.514630055971166],[123.094736412402156,11.514810929597909],[123.094553010364876,11.514810989240422],[123.094553070783206,11.514991862865832],[123.094553131202261,11.515172736489022],[123.094736533473935,11.515172676844555],[123.094736594011465,11.515353550464548],[123.094736654549791,11.51553442408232],[123.094736715089198,11.515715297697872],[123.094920117711524,11.515715237934922],[123.094920178369136,11.515896111547187],[123.095103581107551,11.515896051667708],[123.095286983844915,11.515895991672677],[123.095470386581283,11.515895931562005],[123.0956537893166,11.515895871335781],[123.0956537281902,11.515714997727335],[123.095837130807382,11.515714937386536],[123.095837069564638,11.515534063776757],[123.096020472063515,11.515534003321294],[123.096020533423498,11.515714876930096],[123.096020594784278,11.515895750536499],[123.096203997516483,11.51589568996353],[123.096387400247792,11.515895629274921],[123.096387461844031,11.516076502877238],[123.096570864691429,11.5160764420721],[123.096570926405974,11.516257315671131],[123.096754329369546,11.516257254749375],[123.09675439120231,11.516438128345209],[123.096570988121584,11.516438189267943],[123.096571049838175,11.516619062862533],[123.096571111555917,11.516799936454815],[123.096571173274455,11.516980810044876],[123.096571234994244,11.517161683632716],[123.096571296714913,11.517342557218248],[123.096571358436833,11.517523430801647],[123.096387954651604,11.517523491614602],[123.096204550865494,11.517523552312005],[123.096204612353816,11.517704425895049],[123.096021208449486,11.517704486477788],[123.096021269821648,11.517885360059589],[123.095837865799012,11.517885420527753],[123.095654461775311,11.517885480880276],[123.095471057750714,11.517885541117158],[123.095287653724967,11.517885601238488],[123.095104249698167,11.517885661244177],[123.094920845670373,11.517885721134226],[123.09492090634042,11.518066594719579],[123.094737502194334,11.518066654495053],[123.094737441641698,11.517885780908722],[123.094554037611957,11.517885840567667],[123.09437063358115,11.517885900110882],[123.094370573263888,11.517705026520465],[123.09418716934934,11.517705085947151],[123.094187109150297,11.517524212353448],[123.094003705351923,11.517524271663605],[123.093820301552668,11.51752433085821],[123.093820241589086,11.517343457260333],[123.093636837905905,11.51734351633832],[123.093636897752162,11.517524389937085],[123.0936369575995,11.51770526353363],[123.093820361517146,11.517705204453778],[123.09382042148269,11.517886078047125],[123.094003825516424,11.517886018850655],[123.094003885600188,11.518066892440805],[123.094187289750195,11.518066833127806],[123.094187349952165,11.518247706714758],[123.094370754218517,11.518247647285142],[123.094370814538706,11.518428520868897],[123.094370874859877,11.518609394450431],[123.094187470359145,11.518609453881913],[123.094187530564142,11.518790327462204],[123.094187590770204,11.518971201040097],[123.094187650977233,11.519152074615858],[123.094371055829697,11.519152015181534],[123.094554460681181,11.519151955631481],[123.094554400239574,11.518971082057673],[123.094737804972752,11.518971022393044],[123.094921209704864,11.518970962612775],[123.095104614435996,11.518970902716864],[123.095288019166247,11.518970842705313],[123.095288080076543,11.519151716275301],[123.095471484922967,11.519151656147221],[123.095471545951568,11.519332529714012],[123.09547160698142,11.519513403278493],[123.095471668012067,11.519694276840754],[123.095288262814023,11.519694336971765],[123.095288323728667,11.519875210532783],[123.095104918412218,11.519875270549042],[123.094921513094889,11.519875330449837],[123.094921573775949,11.520056204010411],[123.094921634458075,11.520237077568853],[123.094921695141096,11.520417951125074],[123.09510510081023,11.520417891221436],[123.095288506478212,11.520417831202158],[123.095471912145314,11.520417771067327],[123.09547197318129,11.520598644618309],[123.095472034218062,11.520779518167158],[123.095288628316496,11.520779578303943],[123.095105222413935,11.520779638325175],[123.094921816510322,11.520779698230678],[123.094738410605714,11.520779758020629],[123.09455500470014,11.52077981769485],[123.094555065151795,11.520960691246186],[123.094371659127816,11.520960750805832],[123.094371719463297,11.521141624355925],[123.094371779799644,11.521322497903709],[123.094555186058003,11.521322438342198],[123.094738592315565,11.521322378665046],[123.094921998571792,11.521322318872253],[123.094922059261023,11.521503192414974],[123.095105465633779,11.521503132505563],[123.095288872005199,11.521503072480511],[123.095288932929975,11.521683946019058],[123.095288993855732,11.521864819555384],[123.09528905478264,11.522045693089401],[123.095105648059231,11.522045753117295],[123.09510570886961,11.522226626650069],[123.09510576968124,11.522407500180622],[123.094922362722187,11.522407560094829],[123.094922423417557,11.522588433624049],[123.094922484113894,11.52276930715105],[123.094922544811197,11.52295018067583],[123.094922605509581,11.5231310541983],[123.094922666208944,11.523311927718551],[123.094739258662543,11.523311987521913],[123.094739319245633,11.52349286104092],[123.094739379829804,11.523673734557706],[123.09492278761067,11.52367367475239],[123.094922848313132,11.52385454826589],[123.094922909016574,11.52403542177708],[123.094941416641987,11.524035415730285],[123.095807800365407,11.523146184074429],[123.096022974200721,11.52290722396398],[123.096022927259568,11.522768945919205],[123.096147525018296,11.522768904743709],[123.096206312249095,11.522703618910304],[123.096206272929763,11.522588011788949],[123.096022865859609,11.522588072398067],[123.096022804460631,11.522407198874619],[123.096022743062733,11.522226325348951],[123.096206149898308,11.522226264741787],[123.096389556732831,11.522226204018983],[123.09638949510142,11.522045330493048],[123.096572901817723,11.52204526965558],[123.096572840069967,11.521864396128402],[123.096572778323349,11.521683522598915],[123.096756184804022,11.521683461647759],[123.096756122941059,11.52150258811694],[123.096756061079347,11.521321714583989],[123.09693946732439,11.521321653519147],[123.096939405346404,11.521140779984952],[123.097122811473142,11.521140718805446],[123.097306217598884,11.521140657510299],[123.097489623723575,11.521140596099512],[123.097489655801411,11.521233681986168],[123.098145052588379,11.520445559812307],[123.099231237559025,11.519029462435389],[123.100260200592984,11.517572398236251],[123.101230355577314,11.51607661450303],[123.10214020717298,11.514544418206178],[123.102976861109767,11.51299939438416],[123.10280544415177,11.512999454980756]],[[123.097855560179198,11.518608243285223],[123.097672155698177,11.518608304913437],[123.097672218130455,11.518789178475165],[123.097488813531129,11.518789239988715],[123.097488875847233,11.518970113549111],[123.097488938164588,11.519150987107375],[123.097305533329632,11.519151048507238],[123.097305595530713,11.51933192206417],[123.097305657732775,11.519512795618882],[123.097122252662359,11.519512856905147],[123.096938847590792,11.519512918075771],[123.096938909559526,11.519693791630216],[123.096755504369654,11.519693852686265],[123.09675544251823,11.519512979130843],[123.096572037444616,11.519513040070185],[123.096388632370022,11.519513100893976],[123.096388570754073,11.519332227334379],[123.096205165795652,11.519332288041552],[123.096205104297994,11.519151414478669],[123.096205042801316,11.518970540913566],[123.096204981305718,11.518789667346242],[123.096021576698121,11.518789727934843],[123.096021515320729,11.518608854364322],[123.096204919811257,11.518608793776609],[123.096204858317691,11.518427920204845],[123.096204796825191,11.518247046630771],[123.096388201080174,11.51824698592946],[123.0963881394715,11.518066112354054],[123.096571543608263,11.518066051538169],[123.096754947743975,11.518065990606642],[123.096754885901888,11.517885117031058],[123.096938289919365,11.517885055984868],[123.09712169393579,11.517884994823126],[123.09712163186029,11.517704121247187],[123.097305035758481,11.517704059970781],[123.097305097951221,11.517884933545742],[123.0974885019656,11.517884872152719],[123.097671905978828,11.517884810644142],[123.097671968407113,11.518065684214841],[123.097855372536586,11.518065622589647],[123.09785543508309,11.518246496157149],[123.097855497630746,11.518427369722341],[123.097855560179198,11.518608243285223]]]]}}
]
}
