{
"type": "FeatureCollection",
"name": "SYSTRA ID_250",
"crs": { "type": "name", "properties": { "name": "urn:ogc:def:crs:OGC:1.3:CRS84" } },
"xy_coordinate_resolution": 1e-15,
"features": [
{"type":"Feature","properties":{"fid":49,"HAZ":1.0,"layer":"Capiz_StormSurge_SSA4","path":"/Users/jhannaroseverzo/Downloads/Capiz/Capiz_StormSurge_SSA4.shp","Risk Level":"Low","fid_2":250,"SYSTRA ID":"250","DAR ID":"177","Target Year":"2028","Bridge Category":"Original List","Bridge Name":"AGTAN BRIDGE","Coordinates Y":"11.550917","Coordinates X":"122.775139","Region":"VI","Province":"CAPIZ","ARC 2026":"AGCALCALAN ARC","LINEAR METER IVF 2026":"33","EIRR 2026":"0.13","NEW/REPLACEMENT BRIDGE 2026":"new","Visited by SYSTRA":"No","Selected for 2nd Visit of SYSTRA":"Yes","Final Funder":"AFD","2023 IVF URL":"","2026 IVF URL":"https://docs.google.com/spreadsheets/u/1/d/1IvLZ4eITQ5KWoN3EBoUR0PaBp7g3GhOI/edit"},"geometry":{"type":"MultiPolygon","coordinates":[[[[122.735315256216012,11.553367345994703],[122.73513183087185,11.553367178589591],[122.735131661042729,11.553548050039142],[122.735315086504471,11.553548217446918],[122.735315256216012,11.553367345994703]]],[[[122.734948065634242,11.553728753959946],[122.73476464006049,11.553728586317513],[122.734764469990495,11.553909457757117],[122.734947895681842,11.553909625402303],[122.735131321376031,11.553909792931494],[122.735131491210751,11.553728921486384],[122.734948065634242,11.553728753959946]]],[[[122.734580703918269,11.554271032863239],[122.734764129841963,11.554271200629751],[122.734764299917643,11.554090329194588],[122.734580874111543,11.554090161430741],[122.734580703918269,11.554271032863239]]],[[[122.734030426164239,11.554270528867816],[122.734030255615238,11.554451400289922],[122.734030085063395,11.554632271709808],[122.734213511213852,11.554632439829637],[122.734396937367052,11.55463260783347],[122.734580363523179,11.554632775721396],[122.734580533722138,11.554451904293428],[122.734580703918269,11.554271032863239],[122.734397277997417,11.554270864980731],[122.734213852079407,11.554270696982227],[122.734030426164239,11.554270528867816]]],[[[122.734947385807558,11.554452239715873],[122.734763959763427,11.554452072062604],[122.734763789682063,11.554632943493237],[122.734947215843874,11.554633111149171],[122.734947385807558,11.554452239715873]]],[[[122.732562332968953,11.554992665365349],[122.732562504467509,11.554811793971664],[122.732379078225222,11.554811624805295],[122.732195651985876,11.55481145552284],[122.732195480252045,11.554992326911107],[122.732378906609085,11.554992496196226],[122.732562332968953,11.554992665365349]]],[[[122.734580193321278,11.554813647147055],[122.734396767047556,11.554813479256465],[122.734396596725304,11.554994350677239],[122.734580023116635,11.554994518570494],[122.734580193321278,11.554813647147055]]],[[[122.732012053897932,11.55499215751008],[122.731828627546676,11.554991987992969],[122.731828455574728,11.555172859373508],[122.732011882043679,11.555173028893284],[122.732012053897932,11.55499215751008]]],[[[122.73311244091731,11.555174043576288],[122.733112612065824,11.554993172176742],[122.73292918569733,11.554993003355607],[122.732745759331763,11.554992834418476],[122.732562332968953,11.554992665365349],[122.73256216146757,11.555173536756724],[122.732745587947974,11.555173705812605],[122.732929014431221,11.5551738747524],[122.73311244091731,11.555174043576288]]],[[[122.734763279420889,11.555175557771724],[122.734763109328156,11.555356429193386],[122.734946535960347,11.555356596860067],[122.734946705935499,11.55517572543574],[122.735130132453023,11.55517589298376],[122.735313558973303,11.555176060415784],[122.735496985496525,11.555176227731812],[122.735497155115866,11.554995356297182],[122.735313728710338,11.554995188983819],[122.735130302307638,11.554995021554459],[122.734946875907795,11.554994854009104],[122.734947045877263,11.554813982580248],[122.734763619597842,11.554813814921649],[122.734763449510794,11.554994686347841],[122.734763279420889,11.555175557771724]]],[[[122.736230184153783,11.555719510158768],[122.736413611043986,11.555719676902898],[122.736413780083794,11.555538805461607],[122.73641394912066,11.555357934018096],[122.736414118154784,11.555177062572275],[122.73641428718615,11.554996191124145],[122.736230860766412,11.554996024390762],[122.73623069161745,11.555176895836139],[122.736047265082959,11.555176728984007],[122.735863838551296,11.555176562015967],[122.735680412022489,11.555176394931843],[122.735680242517816,11.555357266366917],[122.735863669164303,11.555357433453706],[122.735863499774467,11.555538304889224],[122.736046926541405,11.555538471862681],[122.736230353311171,11.555538638720142],[122.736230184153783,11.555719510158768]]],[[[122.734396256072117,11.555356093511948],[122.734212829448353,11.555355925497368],[122.734212658999908,11.555536796908639],[122.734396085741253,11.555536964925972],[122.734396256072117,11.555356093511948]]],[[[122.734762769134065,11.555718172029872],[122.734762939232482,11.555537300612739],[122.734579512485453,11.555537132827309],[122.734579342269342,11.555718004241777],[122.734762769134065,11.555718172029872]]],[[[122.733295525335961,11.555535955081941],[122.733112098611656,11.555535786368631],[122.733111927454615,11.555716657761428],[122.733111756294633,11.555897529152004],[122.733295183254128,11.555897697870732],[122.733295354296416,11.555716826477491],[122.733295525335961,11.555535955081941]]],[[[122.729993498422814,11.55589464318667],[122.729810071515189,11.555894472380102],[122.729809898234961,11.556075343719252],[122.729993325260267,11.556075514528574],[122.729993498422814,11.55589464318667]]],[[[122.734579342269342,11.555718004241777],[122.734395915407546,11.555717836337687],[122.734395745071012,11.555898707747181],[122.734212318094379,11.55589853972443],[122.734212147637393,11.55607941112895],[122.73421197717748,11.55626028253125],[122.734211806714725,11.556441153931241],[122.734395234044314,11.556441321962163],[122.734395404389389,11.556260450559419],[122.734578831604054,11.556260618471592],[122.734579001828692,11.556079747063874],[122.734579172050474,11.555898875653936],[122.734579342269342,11.555718004241777]]],[[[122.736229845830451,11.556081253029271],[122.736229676664621,11.556262124461147],[122.736413103907694,11.556262291213359],[122.736413272955943,11.556081419778819],[122.736229845830451,11.556081253029271]]],[[[122.734028549968414,11.556260114387085],[122.733845122762276,11.556259946126923],[122.733844952064246,11.556440817521585],[122.734028379388064,11.556440985784411],[122.734028549968414,11.556260114387085]]],[[[122.731276969831342,11.556438449661632],[122.731276797483517,11.556619321015882],[122.73146022488487,11.556619490905495],[122.73164365228908,11.556619660679024],[122.731643824401615,11.556438789319268],[122.731643996511238,11.556257917957291],[122.731460569342318,11.556257748189092],[122.731460397115015,11.556438619548404],[122.731276969831342,11.556438449661632]]],[[[122.730359833456234,11.55643759848739],[122.730176406189884,11.556437427904553],[122.73017623313622,11.556618299242372],[122.730359660520165,11.556618469827962],[122.730359833456234,11.55643759848739]]],[[[122.733477926489073,11.55662135203479],[122.733661353924802,11.556621520532362],[122.733661524743269,11.556440649142674],[122.733478097425134,11.556440480647856],[122.733477926489073,11.55662135203479]]],[[[122.730909942689507,11.556618980888755],[122.730909770103565,11.556799852235367],[122.731093197616744,11.556800022359637],[122.731093370085091,11.556619151010272],[122.730909942689507,11.556618980888755]]],[[[122.732377361934653,11.556620338613355],[122.73237719028981,11.556801209981726],[122.732193762756481,11.556801040669429],[122.732193590991116,11.556981912032915],[122.732193419222824,11.557162783394093],[122.732376846991542,11.557162952711808],[122.732377018642055,11.556982081347966],[122.732560446295921,11.556982250546932],[122.732560617825996,11.556801379178028],[122.732744045365024,11.556801548258333],[122.732743873952629,11.556982419629902],[122.732927301612264,11.556982588596965],[122.732927472906979,11.556801717222642],[122.732927644198938,11.556620845846099],[122.732927815487969,11.556439974467247],[122.732927986774243,11.556259103086175],[122.732744559585157,11.556258934130037],[122.732744388181288,11.556439805508445],[122.732560960877535,11.556439636433558],[122.732560789353229,11.556620507806903],[122.732377361934653,11.556620338613355]]],[[[122.733477926489073,11.55662135203479],[122.733294499056186,11.556621183421223],[122.733294327999502,11.556802054803184],[122.733477755549984,11.556802223419504],[122.733477926489073,11.55662135203479]]],[[[122.736412596745922,11.556804905503482],[122.736229169149965,11.556804738743276],[122.736228999972667,11.556985610166093],[122.736412427686403,11.556985776928963],[122.736412596745922,11.556804905503482]]],[[[122.732743873952629,11.556982419629902],[122.732560446295921,11.556982250546932],[122.732560274763003,11.557163121913527],[122.732743702537391,11.557163290999251],[122.732743873952629,11.556982419629902]]],[[[122.73512656484894,11.558974192477978],[122.73494313586086,11.558974024873381],[122.734942965826122,11.559154896250368],[122.735126394931797,11.559155063857629],[122.73512656484894,11.558974192477978]]],[[[122.735676851830078,11.558974694595436],[122.735676682265904,11.559155565983259],[122.735860111382948,11.559155733126358],[122.735860280829456,11.55897486173596],[122.735676851830078,11.558974694595436]]],[[[122.737511141951217,11.558976360778894],[122.737510973563687,11.559157232193362],[122.737694402708982,11.559157398176234],[122.737694570978817,11.558976526759102],[122.737511141951217,11.558976360778894]]],[[[122.738244522242113,11.559338766851601],[122.738061092970696,11.559338601214231],[122.738060924930622,11.559519472632163],[122.738244354319718,11.559519638272286],[122.738244522242113,11.559338766851601]]],[[[122.73402530845371,11.559696670550723],[122.734208737898143,11.559696838746225],[122.734208908412242,11.559515967386824],[122.734025479085403,11.559515799193987],[122.73402530845371,11.559696670550723]]],[[[122.73402530845371,11.559696670550723],[122.733841879012033,11.559696502239225],[122.733841708259817,11.559877373590988],[122.734025137819103,11.559877541905239],[122.73402530845371,11.559696670550723]]],[[[122.738794474931453,11.559701005922784],[122.73861104541632,11.559700840628162],[122.738610877723616,11.559881712049647],[122.738794307356514,11.559881877346934],[122.738794474931453,11.559701005922784]]],[[[122.739711622549208,11.559701830655689],[122.739528193020135,11.559701665941136],[122.73952802591576,11.559882537375854],[122.739711455562613,11.559882702093072],[122.739711622549208,11.559701830655689]]],[[[122.733658278703302,11.55987720516074],[122.733658107830564,11.560058076507618],[122.733841537504674,11.56005824494053],[122.733841708259817,11.559877373590988],[122.733658278703302,11.55987720516074]]],[[[122.738977736992084,11.559882042528224],[122.738977569531997,11.560062913952818],[122.739160999288089,11.560063079020688],[122.739344429047037,11.560063243972563],[122.739344596271749,11.559882372542729],[122.739161166630595,11.559882207593519],[122.738977736992084,11.559882042528224]]],[[[122.733658107830564,11.560058076507618],[122.733474678159283,11.560057907958621],[122.733474507166022,11.560238779300436],[122.733657936954984,11.560238947852186],[122.733658107830564,11.560058076507618]]],[[[122.737326701853263,11.560061423119938],[122.737143272125238,11.560061256891663],[122.737143103485465,11.56024212828739],[122.737326533331171,11.56024229451833],[122.737326701853263,11.560061423119938]]],[[[122.740261577883373,11.560064066991371],[122.740078148110584,11.560063902619655],[122.740077981353664,11.560244774057837],[122.740261411244234,11.560244938432129],[122.740261577883373,11.560064066991371]]],[[[122.747782039132233,11.560251577870018],[122.747781877315177,11.560432449415226],[122.747965307438719,11.560432608918481],[122.74796546913808,11.560251737370697],[122.748148899146599,11.56025189675538],[122.748332329157861,11.560252056023979],[122.748332167693874,11.560432927576914],[122.748515597825488,11.560433086732003],[122.748515759171795,11.560252215176581],[122.748515920515445,11.560071343618938],[122.748332490619205,11.560071184468912],[122.748149060725609,11.5600710252028],[122.747965630834699,11.560070865820693],[122.747782200946531,11.560070706322589],[122.747782039132233,11.560251577870018]]],[[[122.748515275124774,11.560794829836096],[122.748698705494419,11.560794988880252],[122.748698866728475,11.560614117326784],[122.748515436476509,11.560613958285204],[122.748515275124774,11.560794829836096]]],[[[122.746864564329968,11.560612521688407],[122.74704799455769,11.560612681774485],[122.747047832264485,11.56079355330486],[122.747231262612544,11.560793713277429],[122.747231100434277,11.560974584808159],[122.747414530902788,11.560974744667218],[122.747414692963275,11.560793873133912],[122.747598123316763,11.5607940328744],[122.747781553673008,11.560794192498802],[122.747781391847781,11.56097506403726],[122.747964822324363,11.560975223548242],[122.747964660614173,11.561156095086966],[122.748148091211192,11.56115625448435],[122.74814792961601,11.56133712602343],[122.748147768018072,11.5615179975602],[122.748147606417476,11.56169886909475],[122.748331037370207,11.561699028383776],[122.748331198853123,11.56151815684674],[122.748514629690845,11.561518316017194],[122.748698060531325,11.561518475071653],[122.748881491374462,11.561518634010026],[122.748881652501566,11.561337762462953],[122.748698221776209,11.561337603527155],[122.748698383018251,11.561156731980438],[122.748698544257707,11.560975860431499],[122.748515113770296,11.560975701384768],[122.748515275124774,11.560794829836096],[122.748331844757701,11.560794670675856],[122.748332006227116,11.56061379912745],[122.748332167693874,11.560432927576914],[122.748148737564918,11.56043276830574],[122.747965307438719,11.560432608918481],[122.7479651457366,11.560613480463955],[122.747781715495378,11.560613320958124],[122.747598285256913,11.560613161336297],[122.74741485502112,11.560613001598385],[122.747415017076193,11.560432130060638],[122.747598447194406,11.560432289795974],[122.747598609129128,11.560251418253342],[122.747598771061107,11.560070546708401],[122.747415341178367,11.560070386978216],[122.747415503225355,11.55988951543363],[122.747232073462953,11.559889355589936],[122.747048643703309,11.559889195630246],[122.746865213946421,11.55988903555456],[122.746865051546365,11.560069907091419],[122.746681621674455,11.560069746897073],[122.746681459154061,11.560250618429047],[122.746498029167213,11.560250458116128],[122.746497866526383,11.560431329643306],[122.746497703882795,11.560612201168263],[122.746681134105089,11.560612361486333],[122.746864564329968,11.560612521688407]],[[122.747415179128609,11.560251258520582],[122.747231749130933,11.560251098671737],[122.747231911298272,11.560070227131947],[122.747415341178367,11.560070386978216],[122.747415179128609,11.560251258520582]]],[[[122.733290392907335,11.56096209596682],[122.733106962653423,11.560961927172153],[122.733106791410407,11.561142798497359],[122.733290221782099,11.561142967294691],[122.733290392907335,11.56096209596682]]],[[[122.747780906356041,11.561517678639044],[122.747781068189354,11.561336807107336],[122.747781230019896,11.561155935573408],[122.747597799428377,11.561155775943854],[122.747414368839529,11.561155616198304],[122.747414206773527,11.561336487727081],[122.747414044704854,11.561517359253637],[122.747597475529162,11.561517519004338],[122.747780906356041,11.561517678639044]]],[[[122.745946598208633,11.561516077069856],[122.745946435195648,11.561696948573585],[122.746129866115879,11.561697109255276],[122.746130029011169,11.561516237749059],[122.745946598208633,11.561516077069856]]],[[[122.740627106128912,11.561511366892097],[122.740443675409054,11.561511202731323],[122.740443508865212,11.561692074156715],[122.740443342318699,11.561872945579887],[122.740626773274016,11.561873109745902],[122.740626939702835,11.561692238320065],[122.740627106128912,11.561511366892097]]],[[[122.732922675570322,11.561866114851282],[122.732739244733665,11.561865945810945],[122.732739073240978,11.562046817119453],[122.732922504195315,11.562046986162455],[122.732922675570322,11.561866114851282]]],[[[122.740810037918095,11.562054145221934],[122.740626606842341,11.562053981169429],[122.740626440407922,11.562234852590647],[122.740809871601357,11.562235016645905],[122.740810037918095,11.562054145221934]]],[[[122.745945783116724,11.562420434565768],[122.74612921450769,11.56242059525785],[122.746129377413823,11.562239723760603],[122.745945946140537,11.562239563071097],[122.745945783116724,11.562420434565768]]],[[[122.745945783116724,11.562420434565768],[122.745762351728416,11.56242027375769],[122.745762188584166,11.562601145247475],[122.745945620090154,11.562601306058129],[122.745945783116724,11.562420434565768]]],[[[122.741176401825754,11.562597087259663],[122.740992970391261,11.562596923431334],[122.740992804183861,11.562777794851042],[122.741176235736035,11.562777958682036],[122.741176401825754,11.562597087259663]]],[[[122.745211894082559,11.562600662119005],[122.745028462587499,11.5626005008441],[122.745028298969672,11.562781372321274],[122.745211730582497,11.562781533598843],[122.745211894082559,11.562600662119005]]],[[[122.736590278734781,11.562954699442374],[122.736406847134916,11.562954532707126],[122.736406677979289,11.563135404055958],[122.736590109696749,11.563135570793959],[122.736590278734781,11.562954699442374]]],[[[122.736956973140366,11.563135903921617],[122.736773541417136,11.563135737415786],[122.736773372494042,11.563316608767815],[122.736956804334952,11.563316775276222],[122.736956973140366,11.563135903921617]]],[[[122.744844376136612,11.56332382533809],[122.745027808099834,11.563323986739471],[122.745027971725833,11.563143115268959],[122.74484453988039,11.563142953870242],[122.744844376136612,11.56332382533809]]],[[[122.73273787271188,11.563312916215596],[122.732554440936426,11.563312747037502],[122.732554269303137,11.563493618325227],[122.732737701196271,11.563493787506074],[122.73273787271188,11.563312916215596]]],[[[122.744844376136612,11.56332382533809],[122.744660944176232,11.563323663820624],[122.744660780312032,11.563504535283675],[122.744844212390177,11.563504696803717],[122.744844376136612,11.56332382533809]]],[[[122.743009891732143,11.563503076380011],[122.742826459681439,11.563502913699297],[122.742826294637368,11.563683785134016],[122.743009726805752,11.563683947817394],[122.743009891732143,11.563503076380011]]],[[[122.744660780312032,11.563504535283675],[122.744477348236629,11.563504373647548],[122.744477184251977,11.563685245105715],[122.744660616445145,11.563685406744417],[122.744660780312032,11.563504535283675]]],[[[122.734021553834253,11.563675839828802],[122.734021383136934,11.563856711133669],[122.734204815288535,11.563856879391343],[122.734204985868089,11.563676008083723],[122.734021553834253,11.563675839828802]]],[[[122.735855874300171,11.563677517154725],[122.73585570478005,11.563858388486592],[122.736039136959974,11.563858555583417],[122.736039306362343,11.563677684248974],[122.735855874300171,11.563677517154725]]],[[[122.744293752061566,11.563685083350927],[122.744110319873911,11.563684921480055],[122.744110155651143,11.563865792930761],[122.744293587956477,11.563865954804209],[122.744293752061566,11.563685083350927]]],[[[122.735305238381187,11.564038757820994],[122.735121806094838,11.564038590257164],[122.735121636098114,11.564219461573755],[122.735305068502143,11.564219629140249],[122.735305238381187,11.564038757820994]]],[[[122.737139055286178,11.564583041106813],[122.736955622618453,11.56458287469575],[122.736955453790486,11.564763746032325],[122.737138886575977,11.564763912446141],[122.737139055286178,11.564583041106813]]],[[[122.748877623515625,11.565859550461743],[122.748694189847285,11.565859391462086],[122.74869402853507,11.566040262950184],[122.74887746232119,11.566040421952328],[122.748877623515625,11.565859550461743]]],[[[122.740613449951042,11.576342816500729],[122.740430009573657,11.576342652123772],[122.740429842801547,11.576523523364246],[122.740613283296796,11.576523687743778],[122.740796723794872,11.576523852007137],[122.740796890331254,11.576342980761423],[122.740613449951042,11.576342816500729]]],[[[122.747397012418162,11.580508856987182],[122.747213569227839,11.580508696850833],[122.747213406754071,11.580689568135627],[122.747396850062259,11.580689728274551],[122.747397012418162,11.580508856987182]]],[[[122.78924066522876,11.555762872067765],[122.78942409285402,11.55576300528991],[122.789424227898536,11.555582133152376],[122.789240800390857,11.555581999932363],[122.789057372885495,11.555581866596354],[122.788873945382448,11.555581733144349],[122.788873809985063,11.555762605275399],[122.789057237605803,11.555762738729536],[122.78924066522876,11.555762872067765]]],[[[122.788506954750332,11.555762338019138],[122.788323527136441,11.555762204217013],[122.788323391383869,11.555943076339359],[122.788506819115455,11.555943210143704],[122.788690246849342,11.555943343831965],[122.788690382366539,11.555762471705266],[122.788506954750332,11.555762338019138]]],[[[122.787589816703317,11.555761667848552],[122.787406389100795,11.555761533466447],[122.787406252760078,11.555942405578046],[122.787222825042164,11.555942271077813],[122.787222688581551,11.556123143184971],[122.787222552118621,11.556304015289909],[122.787222415653474,11.556484887392626],[122.787222279185926,11.556665759493034],[122.787405707374475,11.556665894001972],[122.78740557102229,11.556846766102291],[122.787588999330751,11.556846900497364],[122.787589135565241,11.556666028394913],[122.787589271797415,11.556485156290153],[122.787589408027287,11.556304284183083],[122.787589544254942,11.556123412073793],[122.787772972095055,11.556123546344255],[122.7879563999374,11.55612368049872],[122.788139827782132,11.5561238145371],[122.788139963654515,11.555942942419106],[122.787956535927549,11.555942808382857],[122.78795667191531,11.555761936264775],[122.787773244308156,11.555761802114661],[122.787589816703317,11.555761667848552]]],[[[122.787588999330751,11.556846900497364],[122.787588863094044,11.557027772597683],[122.78758872685502,11.557208644695693],[122.787772155400972,11.557208778979033],[122.787772291522302,11.557027906878892],[122.787772427641428,11.556847034776441],[122.787588999330751,11.556846900497364]]],[[[122.787404889227588,11.557751126570315],[122.787588318124278,11.557751260976135],[122.787588454370137,11.557570388884875],[122.787588590613694,11.557389516791394],[122.787405161952364,11.557389382389838],[122.787405025591127,11.557570254481186],[122.787404889227588,11.557751126570315]]],[[[122.787404889227588,11.557751126570315],[122.7872214603332,11.55775099204841],[122.787221323849749,11.557931864133097],[122.787221187364082,11.558112736215476],[122.787404616493745,11.558112870741732],[122.787404752861818,11.557931998657134],[122.787404889227588,11.557751126570315]]],[[[122.78703775823665,11.558112601573312],[122.787037621630986,11.558293473651338],[122.787221050876113,11.558293608295722],[122.787221187364082,11.558112736215476],[122.78703775823665,11.558112601573312]]],[[[122.780801028670609,11.558288826710639],[122.78061759950667,11.558288688005591],[122.780617740230369,11.558107816004393],[122.780434311186411,11.55810767718557],[122.780250882144855,11.558107538250662],[122.780251023101528,11.557926666251772],[122.780067594179954,11.557926527203088],[122.779884165260711,11.557926388038409],[122.779700736343855,11.557926248757733],[122.779517307429387,11.557926109360972],[122.779333878517249,11.557925969848215],[122.779334020059849,11.557745097858296],[122.779334161600133,11.557564225866068],[122.779334303138029,11.557383353871531],[122.779334444673523,11.557202481874862],[122.779151016234422,11.55720234225508],[122.779151157885195,11.557021470258322],[122.778967729565991,11.557021330524764],[122.778784301249289,11.55702119067521],[122.778784443132949,11.556840318680672],[122.778601014936228,11.556840178717431],[122.778417586741895,11.556840038638105],[122.778234158549893,11.556839898442783],[122.778234016313178,11.557020770430571],[122.778050588005968,11.557020630116943],[122.778050730360277,11.556839758131465],[122.778050872712186,11.556658886143678],[122.777867444642553,11.556658745718673],[122.777684016575336,11.556658605177583],[122.777683873988153,11.556839477160841],[122.777500445805643,11.556839336501445],[122.77731701762562,11.556839195726143],[122.777133589447899,11.556839054834844],[122.77695016127258,11.556838913827461],[122.776950304330327,11.556658041853263],[122.777133732388052,11.556658182858337],[122.777317160448078,11.556658323747415],[122.777317303268148,11.556477451766467],[122.777317446085902,11.55629657978321],[122.777134018261151,11.556296438898661],[122.776950590438716,11.556296297898117],[122.776950733489343,11.556115425917168],[122.77676730578699,11.556115284802937],[122.776767448952825,11.555934412821989],[122.776584021370454,11.555934271593982],[122.776583878086939,11.556115143572621],[122.776583734801108,11.556296015549039],[122.776400306985948,11.556295874200506],[122.77640045038946,11.556115002226308],[122.776400593790569,11.555934130249979],[122.776217166213002,11.555933988789979],[122.776217022694297,11.556114860764088],[122.776033595001437,11.556114719185784],[122.77603345136265,11.556295591155363],[122.775850023554682,11.556295449458842],[122.775850167311063,11.556114577491572],[122.775666739623091,11.556114435681275],[122.775483311937521,11.556114293754982],[122.775299884254437,11.556114151712782],[122.775299740145087,11.556295023673213],[122.775299596033349,11.556475895631424],[122.775116168117378,11.556475753468609],[122.775116023885545,11.55665662542229],[122.774932595854295,11.55665648314117],[122.774749167825448,11.556656340744054],[122.774749023355938,11.556837212690896],[122.774565595211882,11.556837070175563],[122.774382167070229,11.556836927544145],[122.774382022363056,11.557017799484148],[122.77419859410621,11.557017656734425],[122.774198449278856,11.557198528669899],[122.774015020906802,11.55719838580187],[122.773831592537164,11.557198242817845],[122.773831447472134,11.55737911474648],[122.773648018987203,11.55737897164415],[122.773647873802176,11.557559843568255],[122.773464445202052,11.557559700347619],[122.773464299896858,11.557740572267106],[122.773464154589263,11.557921444184371],[122.773280725756351,11.557921300843121],[122.773280580328674,11.558102172755857],[122.773097151380469,11.558102029296302],[122.77309700583271,11.55828290120442],[122.773096860282479,11.558463773110406],[122.773096714729931,11.558644645013993],[122.773096569174811,11.55882551691545],[122.77327999859375,11.558825660384242],[122.773279853153824,11.559006532285698],[122.773463282692845,11.559006675640715],[122.773463137368296,11.55918754754226],[122.77346299204126,11.559368419441496],[122.773646421817958,11.559368562685135],[122.773646567027313,11.55918769078359],[122.773646712234182,11.559006818879736],[122.773646857438735,11.55882594697375],[122.773647002640814,11.558645075065455],[122.773830431949264,11.558645218183861],[122.773830577031262,11.558464346270947],[122.773830722110759,11.558283474355902],[122.774014151186421,11.558283617353693],[122.77401429614585,11.558102745434029],[122.77419772510622,11.558102888313515],[122.774197869945567,11.557922016389321],[122.774381298790743,11.557922159150502],[122.774381443509995,11.55774128722169],[122.774564872239893,11.557741429864565],[122.774748300972192,11.557741572391445],[122.774748445453767,11.557560700455793],[122.774931874070859,11.557560842864367],[122.775115302690352,11.557560985156945],[122.77511544693418,11.557380113214544],[122.775298875438466,11.557380255388727],[122.775482303945083,11.557380397447004],[122.775665732454172,11.557380539389195],[122.775849160965663,11.557380681215479],[122.776032589479456,11.557380822925678],[122.776032445823887,11.557561694879448],[122.776215874457861,11.55756183647596],[122.776399303094138,11.557561977956388],[122.776582731732901,11.557562119320819],[122.776766160373981,11.557562260569254],[122.776766303559,11.557381388606336],[122.776949732084873,11.557381529736555],[122.777133160613161,11.557381670750688],[122.777133017663417,11.557562542718136],[122.77713287471137,11.557743414683275],[122.777316303477321,11.557743555585942],[122.777499732245587,11.557743696372613],[122.777683161016327,11.5577438370432],[122.777683018414848,11.557924709012957],[122.777866447305584,11.557924849569856],[122.777866589789483,11.557743977597879],[122.77805001856494,11.557744118036473],[122.778050160928743,11.557563246059965],[122.778233589588922,11.557563386380254],[122.778233447342799,11.557744258359071],[122.778233305094275,11.557925130335578],[122.77823316284335,11.558106002309776],[122.77804973383013,11.558105861982648],[122.778049591459208,11.558286733952405],[122.778049449085813,11.558467605919942],[122.778049306710102,11.558648477885081],[122.777865877346315,11.558648337435207],[122.777682447984915,11.558648196869337],[122.777682305371442,11.558829068827814],[122.777498875894764,11.55882892814355],[122.777498733161295,11.559009800097497],[122.777315303569338,11.559009659295016],[122.777131873979783,11.55900951837654],[122.776948444392616,11.559009377341978],[122.77676501480785,11.55900923619142],[122.776764871601245,11.559190108134088],[122.77694830130369,11.559190249286955],[122.776948158212463,11.559371121229534],[122.777131588035004,11.559371262268625],[122.777315017859934,11.559371403191632],[122.777498447687165,11.559371543998642],[122.777681877516898,11.559371684689657],[122.777682020137476,11.559190812737929],[122.777865449851916,11.559190953310639],[122.777865592352413,11.559010081354382],[122.778049021951574,11.559010221808785],[122.778049164331989,11.558829349848088],[122.778232593815858,11.558829490184186],[122.778416023302029,11.558829630404288],[122.778599452790615,11.558829770508394],[122.77878288228159,11.558829910496415],[122.778783024189053,11.558649038524438],[122.778966453564649,11.558649178394154],[122.779149882942733,11.558649318147962],[122.779333312323132,11.558649457785686],[122.779516741705919,11.558649597307324],[122.779516600269105,11.558830469288273],[122.779700029771888,11.558830608696224],[122.779699888450452,11.559011480677173],[122.779883318073232,11.55901161997126],[122.779883176867074,11.559192491952208],[122.779883035658514,11.559373363930847],[122.779882894447653,11.559554235907266],[122.779882753234389,11.559735107881464],[122.779699323140875,11.559734968578406],[122.77969918180753,11.559915840548074],[122.779699040471868,11.560096712515433],[122.779515610145395,11.560096573091849],[122.779515468689738,11.560277445054767],[122.779698899133905,11.56027758448066],[122.779698757793554,11.560458456443579],[122.779882188357703,11.560458595755607],[122.780065618924354,11.560458734951551],[122.780249049493307,11.560458874031498],[122.780248908503609,11.560639745998857],[122.780432339192643,11.560639884964941],[122.780615769883994,11.560640023815028],[122.780799200577647,11.560640162549118],[122.780799341214305,11.560459290575098],[122.780982771792679,11.560459429190884],[122.781166202373356,11.560459567690584],[122.781166342772337,11.560278695709814],[122.780982912309256,11.560278557212333],[122.780799481848561,11.560278418598768],[122.780616051390268,11.560278279869207],[122.780616192139817,11.560097407892878],[122.780799622480515,11.560097546620218],[122.780799763110153,11.559916674639359],[122.780799903737304,11.559735802656279],[122.780983333844944,11.559735941263183],[122.780983474352198,11.559555069275662],[122.78098361485705,11.559374197285832],[122.780983755359586,11.559193325293782],[122.780983895859734,11.559012453299422],[122.780984036357566,11.558831581302842],[122.780984176853011,11.558650709304041],[122.780984317346139,11.55846983730302],[122.780800888062203,11.558469698711749],[122.780801028670609,11.558288826710639]],[[122.780615910638247,11.560459151843228],[122.780432480064661,11.560459012995361],[122.780432620934292,11.560278141023561],[122.780616051390268,11.560278279869207],[122.780615910638247,11.560459151843228]],[[122.778967304253584,11.557563946501537],[122.779150732925658,11.557564086241756],[122.779150591267779,11.557744958231764],[122.778967162478025,11.557744818489235],[122.778967304253584,11.557563946501537]],[[122.778416449723238,11.558287014495106],[122.778416591858885,11.558106142520819],[122.778600020876809,11.558106282615954],[122.778599878858856,11.558287154592373],[122.778416449723238,11.558287014495106]],[[122.779150024612434,11.558468446169234],[122.77915016627982,11.558287574188197],[122.779333595424944,11.55828771382148],[122.779333453875239,11.558468585804649],[122.779150024612434,11.558468446169234]]],[[[122.787037621630986,11.558293473651338],[122.786854192388162,11.558293338890868],[122.786854055662602,11.558474210964542],[122.787037485023021,11.558474345727054],[122.787037621630986,11.558293473651338]]],[[[122.786854055662602,11.558474210964542],[122.786670626304499,11.558474076085945],[122.786670489458857,11.558654948155089],[122.786853918934725,11.558655083035818],[122.786854055662602,11.558474210964542]]],[[[122.786670489458857,11.558654948155089],[122.786487059985376,11.558654813158276],[122.786486923019822,11.558835685223068],[122.786670352611083,11.558835820222013],[122.786670489458857,11.558654948155089]]],[[[122.786486923019822,11.558835685223068],[122.786303493430978,11.558835550108038],[122.786303356345428,11.559016422168389],[122.786486786052052,11.559016557285551],[122.786486923019822,11.558835685223068]]],[[[122.785936222290715,11.559377895691236],[122.78611965222801,11.559378031044742],[122.786119789435759,11.559197158991141],[122.785936359616073,11.559197023639767],[122.785936222290715,11.559377895691236]]],[[[122.785018658883416,11.559919833291188],[122.785018520960506,11.560100705322762],[122.784835090566247,11.560100569264309],[122.784834952523255,11.560281441291442],[122.785018383035194,11.560281577352116],[122.785201813549435,11.560281713296705],[122.785201951357067,11.56010084126522],[122.785385381755844,11.560100977091592],[122.78538551944348,11.559920105055665],[122.785568949726979,11.559920240763821],[122.785569087294533,11.559739368723543],[122.785752517462655,11.559739504313482],[122.785752654910311,11.559558632268674],[122.785936084963055,11.559558767740485],[122.785936222290715,11.559377895691236],[122.785752792355652,11.559377760221645],[122.78575292979869,11.559196888172396],[122.785753067239511,11.559016016120838],[122.785569637542125,11.559015880539603],[122.78538620784704,11.559015744842283],[122.785386070170944,11.559196616889489],[122.78538593249246,11.559377488934386],[122.785385794811745,11.559558360977062],[122.785385657128813,11.559739233017519],[122.785202226965311,11.559739097195498],[122.785202089162297,11.559919969231514],[122.785018658883416,11.559919833291188]]],[[[122.77346226536973,11.560272778903924],[122.773645695734857,11.560272922159021],[122.773645840956377,11.560092050268755],[122.77364598617541,11.55991117837627],[122.773646131392056,11.559730306481475],[122.773462701379898,11.559730163233217],[122.773462556045658,11.559911035125703],[122.773462410708945,11.560091907015968],[122.77346226536973,11.560272778903924]]],[[[122.749799929864693,11.56007245441999],[122.74961649994961,11.560072296082202],[122.749433070037199,11.560072137628419],[122.749432909281964,11.560253009198851],[122.74961633931207,11.56025316765521],[122.749799769344833,11.560253325995484],[122.749799929864693,11.56007245441999]]],[[[122.74924947925453,11.560252850626496],[122.749066049229768,11.560252691938055],[122.749065888236501,11.560433563501116],[122.749249318378958,11.560433722192132],[122.74924947925453,11.560252850626496]]],[[[122.784834952523255,11.560281441291442],[122.784651522013718,11.560281305114772],[122.784468091506398,11.560281168822018],[122.784467953225814,11.56046204084249],[122.784651383850814,11.560462177137376],[122.784834814478032,11.560462313316267],[122.784834952523255,11.560281441291442]]],[[[122.773278689547809,11.560453507416169],[122.773095259069805,11.560453363926593],[122.773095113490427,11.5606342358054],[122.773278544086125,11.560634379297285],[122.773278689547809,11.560453507416169]]],[[[122.783734091995356,11.56064236651182],[122.783917522728714,11.560642503273089],[122.784100953464474,11.560642639918361],[122.784101091982734,11.560461767904551],[122.783917661364754,11.560461631261498],[122.783734230748991,11.560461494502361],[122.783734091995356,11.56064236651182]]],[[[122.780248908503609,11.560639745998857],[122.780065477816962,11.560639606916689],[122.779882047132716,11.560639467718437],[122.779698616450787,11.560639328404188],[122.77951518577126,11.560639188973854],[122.779331755094034,11.560639049427524],[122.779331613513506,11.560819921381471],[122.779515044308411,11.560820060930022],[122.779698475105633,11.560820200362576],[122.779881905905242,11.560820339679134],[122.780065336707267,11.560820478879519],[122.78024876751158,11.560820617963996],[122.780248908503609,11.560639745998857]]],[[[122.783734091995356,11.56064236651182],[122.783550661264314,11.560642229634466],[122.783550522390513,11.560823101639484],[122.78355038351458,11.561003973642192],[122.783733814480996,11.561004110523987],[122.783733953239334,11.560823238518969],[122.783734091995356,11.56064236651182]]],[[[122.779331613513506,11.560819921381471],[122.779148182720988,11.560819781716836],[122.779148041020477,11.561000653666254],[122.779331471930675,11.561000793333109],[122.779331613513506,11.560819921381471]]],[[[122.784100676420849,11.561004383939322],[122.784284107394271,11.561004520472862],[122.784284245799569,11.56082364846136],[122.784467676657627,11.560823784876684],[122.784467814942829,11.560642912860741],[122.784467953225814,11.56046204084249],[122.784284522603116,11.560461904431518],[122.784284384202451,11.560642776447549],[122.784100953464474,11.560642639918361],[122.784100814943812,11.560823511929952],[122.783917384090373,11.560823375282459],[122.783917245449814,11.561004247289608],[122.783733814480996,11.561004110523987],[122.783733675720342,11.561184982526695],[122.783733536957385,11.561365854527095],[122.783916968161577,11.561365991297157],[122.78391710680684,11.561185119294537],[122.784100537895654,11.561185255946382],[122.784100676420849,11.561004383939322]]],[[[122.778964610112681,11.561000513883313],[122.778964468292074,11.56118138582829],[122.77896432646908,11.561362257770957],[122.779147757612336,11.561362397558339],[122.779147899317564,11.561181525613451],[122.779148041020477,11.561000653666254],[122.778964610112681,11.561000513883313]]],[[[122.75108298112869,11.561158789061077],[122.750899550488768,11.56115863152043],[122.75089939065893,11.561339503097612],[122.751082821416617,11.561339660640835],[122.75108298112869,11.561158789061077]]],[[[122.772177668205885,11.560995260333451],[122.772177814378651,11.56081438847063],[122.77217796054893,11.56063351660559],[122.772361391132279,11.560633660677633],[122.772361537182377,11.560452788807973],[122.772178106716723,11.560452644738239],[122.771994676253371,11.560452500552509],[122.771811245792506,11.560452356250606],[122.771811099389339,11.560633228113337],[122.771810952983699,11.56081409997376],[122.771810806575658,11.560994971831873],[122.77181066016513,11.561175843687854],[122.771810513752115,11.561356715541526],[122.771627082705237,11.561356571111991],[122.771626936172225,11.561537442961134],[122.771443505010055,11.561537298413294],[122.771443358356791,11.561718170257729],[122.771259927079512,11.561718025591494],[122.771259780306067,11.561898897431488],[122.77107634891351,11.56189875264686],[122.771076202019898,11.562079624482235],[122.771076055123885,11.562260496315302],[122.771259486751916,11.562260641104549],[122.771259633530235,11.562079769269173],[122.771443065042973,11.562079913940027],[122.771443211701126,11.561899042100032],[122.771626643098571,11.561899186652491],[122.771626789636642,11.561718314807878],[122.771810220918894,11.561718459242032],[122.771810367336698,11.561537587392889],[122.771993798503757,11.561537731708649],[122.771993944801494,11.561356859854888],[122.77199409109673,11.561175987998906],[122.772177522030816,11.561176132193962],[122.772177668205885,11.560995260333451]]],[[[122.783733536957385,11.561365854527095],[122.783550105755523,11.561365717640948],[122.78354996687257,11.561546589636995],[122.783733398192126,11.561546726525274],[122.783733536957385,11.561365854527095]]],[[[122.782816241617709,11.561546040923121],[122.782632810309778,11.561545903454507],[122.782632670836023,11.561726775437231],[122.782816102261535,11.561726912907977],[122.782815962903143,11.561907784890701],[122.782999394448822,11.561907922247672],[122.782999533689534,11.561727050262727],[122.783182965119849,11.56172718750148],[122.783183104240479,11.561546315512183],[122.783183243358877,11.561365443520577],[122.783366674556049,11.561365580638805],[122.783366813554366,11.561184708642758],[122.783183382474888,11.56118457152675],[122.782999951397713,11.561184434294658],[122.782999812163936,11.561365306286264],[122.782816380971383,11.561365168935955],[122.782816241617709,11.561546040923121]]],[[[122.778964184643769,11.561543129711316],[122.778780753385234,11.561542989805629],[122.778780611439757,11.561723861741546],[122.778964042816071,11.561724001649543],[122.778964184643769,11.561543129711316]]],[[[122.750716279796364,11.560977602286693],[122.750899710315934,11.560977759940938],[122.751083140838176,11.560977917479098],[122.75108298112869,11.561158789061077],[122.751266411771354,11.561158946485728],[122.75126625217689,11.561339818067973],[122.751449682939906,11.561339975379115],[122.751449523460465,11.561520846961626],[122.751632954343833,11.561521004159259],[122.7516327949794,11.561701875742036],[122.751632635612395,11.561882747322594],[122.751632476242719,11.562063618900931],[122.751815907481713,11.562063775990028],[122.75181574822706,11.562244647568631],[122.751815588969748,11.562425519144925],[122.751815429709765,11.562606390718999],[122.751998861304557,11.562606547699561],[122.751998702159597,11.562787419273901],[122.751998543012064,11.562968290846021],[122.751998383861761,11.563149162415831],[122.75181495191373,11.563149005427631],[122.751631519968456,11.563148848323435],[122.751631360580134,11.563329719885962],[122.751447928519653,11.563329562663105],[122.751264496462028,11.563329405324252],[122.75126433683549,11.563510276879407],[122.75126417720638,11.563691148432431],[122.751447609499564,11.563691305776347],[122.751447449985463,11.563872177329548],[122.751630882398999,11.563872334559955],[122.751631041795406,11.563691463004266],[122.75181447409382,11.563691620116012],[122.75181463336979,11.563510748555528],[122.751998065553181,11.563510905548702],[122.751998224708814,11.563330033983421],[122.752181656777182,11.563330190858023],[122.752181497739343,11.56351106242588],[122.752364929928063,11.563511219186884],[122.752364771005233,11.563692090755007],[122.752548203314305,11.563692247402502],[122.752548044506582,11.563873118970891],[122.752731476936106,11.563873275504788],[122.752731318243391,11.564054147073444],[122.752731159548034,11.56423501863979],[122.75291459221566,11.564235175062665],[122.752914750793252,11.564054303493831],[122.753098183345784,11.564054459798134],[122.753098024885873,11.564235331369543],[122.753281457558742,11.564235487560248],[122.753281615900889,11.564054615986352],[122.753281774240449,11.563873744410236],[122.753281932577352,11.56369287283181],[122.753282090911583,11.563512001251164],[122.753282249243156,11.563331129668208],[122.753282407572058,11.563150258083033],[122.753282565898388,11.562969386495636],[122.753099134049478,11.562969230322517],[122.752915702203325,11.562969074033225],[122.752732270359743,11.562968917627936],[122.752732111680359,11.563149789207783],[122.75254867972167,11.563149632683922],[122.752548520921849,11.563330504259062],[122.752365088848236,11.563330347616541],[122.752365247765738,11.563149476043977],[122.752365406680568,11.562968604469104],[122.75254883851882,11.562968761106562],[122.752548997313312,11.562787889526893],[122.752732429036541,11.56278804604578],[122.752732587710682,11.562607174461403],[122.752549156105133,11.562607017945004],[122.752549314894296,11.562426146360893],[122.752365883409183,11.562425989730984],[122.752182451926728,11.56242583298499],[122.75199902044686,11.562425676123],[122.751999179586491,11.562244804544131],[122.752182610948594,11.562244961403634],[122.752182769967973,11.562064089820057],[122.752366201214969,11.562064246560988],[122.752549632464707,11.562064403185834],[122.752549791245968,11.561883531594974],[122.752549950024559,11.561702660001805],[122.752550108800392,11.561521788406415],[122.752550267573653,11.561340916808716],[122.752550426344243,11.561160045208796],[122.752366995683005,11.561159888596473],[122.752367154568631,11.56097901699682],[122.752183724027731,11.560978860270987],[122.752183883028465,11.560797988671601],[122.752000452607831,11.560797831832259],[122.752000293489516,11.560978703429159],[122.751816862953945,11.560978546471246],[122.751633432420959,11.560978389397247],[122.751450001890731,11.560978232207253],[122.751450161362101,11.560797360617903],[122.751450320830898,11.560616489026332],[122.751633751125766,11.560616646211352],[122.751633910474212,11.560435774614986],[122.751450480296938,11.560435617432541],[122.751267050122422,11.5604354601341],[122.75126720970357,11.560254588540486],[122.751083779649306,11.560254431128536],[122.751083939345477,11.560073559535278],[122.750900509411565,11.56007340200973],[122.750900669222759,11.559892530416738],[122.750717239409283,11.559892372777769],[122.7507173993354,11.559711501185044],[122.750533969642191,11.559711343432566],[122.750534129683331,11.559530471840107],[122.750350700110545,11.55953031397412],[122.750350539951725,11.559711185564003],[122.750167110263931,11.559711027579445],[122.749983680578808,11.559710869478801],[122.749983520181956,11.559891741061401],[122.749800090381896,11.559891582842186],[122.749799929864693,11.56007245441999],[122.749983359782533,11.560072612641692],[122.750166789702931,11.560072770747398],[122.750166949984774,11.559891899164532],[122.750350379790248,11.559892057151666],[122.750533809598394,11.559892215022716],[122.750533649551926,11.560073086610645],[122.7505334895028,11.560253958196354],[122.750533329450917,11.560434829779753],[122.750533169396448,11.560615701360932],[122.750716599678,11.560615859126111],[122.750716439738468,11.560796730707557],[122.750716279796364,11.560977602286693]]],[[[122.749064600193407,11.561880535924685],[122.748881169112153,11.561880377097244],[122.748881007976962,11.562061248637479],[122.749064439175896,11.562061407467406],[122.749064600193407,11.561880535924685]]],[[[122.782632531359852,11.561907647417646],[122.782632391881378,11.562088519395841],[122.782815823542435,11.562088656871117],[122.782815962903143,11.561907784890701],[122.782632531359852,11.561907647417646]]],[[[122.778596895932594,11.562085465578109],[122.778596753862331,11.562266337505056],[122.778596611789752,11.562447209429694],[122.778780043634484,11.562447349462657],[122.778780185589383,11.562266477535799],[122.778780327541881,11.562085605606631],[122.778596895932594,11.562085465578109]]],[[[122.750715000162714,11.562424574839136],[122.750898431623853,11.562424732513543],[122.750898591469763,11.562243860949861],[122.750715160126319,11.562243703277941],[122.750715000162714,11.562424574839136]]],[[[122.750164705795314,11.562424101119406],[122.749981274344833,11.56242394298066],[122.749981113907751,11.56260481452942],[122.750164545475911,11.562604972670654],[122.750164705795314,11.562424101119406]]],[[[122.750715000162714,11.562424574839136],[122.750531568704247,11.562424417048645],[122.750348137248452,11.562424259142068],[122.750347977046815,11.562605130695891],[122.750531408620304,11.562605288604955],[122.750714840196551,11.562605446398022],[122.750715000162714,11.562424574839136]]],[[[122.782631833944308,11.56281200728615],[122.782815266076184,11.562812144770218],[122.782998698210292,11.562812282138202],[122.782998837462728,11.562631410164625],[122.783182269481458,11.562631547414304],[122.783182408613811,11.562450675436287],[122.782998976712676,11.56245053818874],[122.782815544813928,11.562450400825197],[122.782632112917597,11.562450263345569],[122.782632252400688,11.562269391371816],[122.782448820624253,11.562269253778323],[122.782448681023482,11.562450125749857],[122.782448541420393,11.562630997719081],[122.782631973432103,11.562631135316925],[122.782631833944308,11.56281200728615]]],[[[122.786300751286149,11.56245299088634],[122.786117319345763,11.562452855611882],[122.786117182096788,11.562633727624894],[122.786300614154783,11.562633862901572],[122.786300751286149,11.56245299088634]]],[[[122.750898431623853,11.562424732513543],[122.750898271775355,11.562605604075005],[122.750714840196551,11.562605446398022],[122.750714680227617,11.562786317954687],[122.750898111924201,11.562786475634157],[122.751081543623457,11.56278663319763],[122.75126497532537,11.562786790645019],[122.751448407029955,11.562786947976322],[122.751448566527969,11.562606076409532],[122.751265134941164,11.562605919080804],[122.751081703356931,11.562605761635902],[122.751081863087734,11.562424890071954],[122.750898431623853,11.562424732513543]]],[[[122.784466293677937,11.562632504912473],[122.784282861642865,11.562632368475212],[122.784282723214488,11.562813240464243],[122.784282584783796,11.562994112450964],[122.784466017054228,11.562994248892577],[122.784466155367241,11.562813376903636],[122.784466293677937,11.562632504912473]]],[[[122.749980953468096,11.56278568607596],[122.749980793025671,11.562966557620191],[122.750164224829206,11.562966715766487],[122.750164385153937,11.562785844219681],[122.749980953468096,11.56278568607596]]],[[[122.786483909199262,11.56281487007722],[122.786483772181128,11.562995742090143],[122.786667204479102,11.562995877139004],[122.786667341379541,11.56281500512395],[122.786483909199262,11.56281487007722]]],[[[122.751448407029955,11.562786947976322],[122.751448247529183,11.562967819540892],[122.751448088025754,11.563148691103153],[122.751631519968456,11.563148848323435],[122.751631679354119,11.562967976758598],[122.751631838737197,11.56278710519163],[122.751448407029955,11.562786947976322]]],[[[122.78318199120983,11.562993291363677],[122.78299855895564,11.562993154109558],[122.782998419698686,11.563174026078604],[122.783181852070555,11.563174163334944],[122.78318199120983,11.562993291363677]]],[[[122.784649311129357,11.563175257207048],[122.784465878738914,11.563175120879299],[122.784465740421297,11.563355992863711],[122.784649172929505,11.56335612919368],[122.784649311129357,11.563175257207048]]],[[[122.772175767738545,11.56334659434477],[122.771992335392085,11.563346450121914],[122.771992189067447,11.563527321950806],[122.772175621531588,11.563527466175971],[122.772175767738545,11.56334659434477]]],[[[122.783365145420916,11.563355172446466],[122.783181712928965,11.56335503530399],[122.783181573784972,11.563535907270817],[122.783365006394703,11.563536044415512],[122.783365145420916,11.563355172446466]]],[[[122.784098736856507,11.563536591833357],[122.784282169477777,11.563536728397716],[122.78428230791549,11.563355856417656],[122.7840988754119,11.563355719855606],[122.783915442910626,11.563355583177382],[122.78373201041174,11.563355446383161],[122.783731871620901,11.56353631835656],[122.783915304237553,11.563536455153001],[122.784098736856507,11.563536591833357]]],[[[122.750163743839025,11.563509330393318],[122.749980311682265,11.563509172239383],[122.749980151229195,11.563690043774644],[122.750163583503635,11.563690201931065],[122.750163743839025,11.563509330393318]]],[[[122.752181497739343,11.56351106242588],[122.751998065553181,11.563510905548702],[122.75199790639499,11.563691777111762],[122.752181338698733,11.563691933991427],[122.752181497739343,11.56351106242588]]],[[[122.75126417720638,11.563691148432431],[122.751080744915868,11.563690990972342],[122.750897312628112,11.563690833396256],[122.750897152760885,11.563871704941908],[122.751080585166406,11.563871862520569],[122.751264017574613,11.563872019983146],[122.75126417720638,11.563691148432431]]],[[[122.750163423165489,11.563871073466592],[122.749979990773369,11.563870915307595],[122.749979830314871,11.564051786838325],[122.750163262824771,11.564051944999898],[122.750163423165489,11.563871073466592]]],[[[122.752181020609711,11.56405367711586],[122.752181179655551,11.563872805554753],[122.751997747234043,11.563872648672602],[122.751997588070509,11.564053520231132],[122.752181020609711,11.56405367711586]]],[[[122.779695789099634,11.564256767144032],[122.77987922213569,11.564256906503045],[122.779879363408014,11.564076034585247],[122.779879504677851,11.563895162665139],[122.779879645945471,11.56371429074281],[122.779696213262568,11.563714151390547],[122.779696071877353,11.563895023310655],[122.779695930489652,11.564075895228454],[122.779695789099634,11.564256767144032]]],[[[122.780062514017175,11.564437917663772],[122.779879080861051,11.564437778418624],[122.779878939584009,11.564618650331893],[122.780062372857913,11.564618789579351],[122.780062514017175,11.564437917663772]]],[[[122.749979188454006,11.564775272938599],[122.749979348923233,11.564594401416928],[122.749979509389817,11.564413529893036],[122.749796076647215,11.564413371610316],[122.749795916062965,11.564594243131721],[122.749795755475944,11.564775114650816],[122.749979188454006,11.564775272938599]]],[[[122.75236397635129,11.564596448561693],[122.752547409249047,11.5645966052218],[122.752547250428009,11.56477747677882],[122.752547091604299,11.564958348333709],[122.752546932778017,11.565139219886289],[122.752730366031571,11.565139376437772],[122.752913799287811,11.565139532873259],[122.753097232546608,11.565139689192572],[122.753097074070894,11.565320560750481],[122.753280507450128,11.565320716956284],[122.753280665808163,11.565139845395889],[122.753464099072303,11.565140001483032],[122.753464257309986,11.564959129917929],[122.753280824163539,11.564958973833273],[122.753280982516344,11.564778102268347],[122.753097549490235,11.564777946070093],[122.753097707958148,11.564597074505523],[122.753097866423289,11.564416202938643],[122.753098024885873,11.564235331369543],[122.75291459221566,11.564235175062665],[122.752914433635311,11.564416046629278],[122.75273100085009,11.564415890203916],[122.752731159548034,11.56423501863979],[122.752547726883151,11.564234862100831],[122.752547885696202,11.564053990536971],[122.752364453151671,11.564053833884413],[122.752181020609711,11.56405367711586],[122.7521808615612,11.564234548674657],[122.752180702510032,11.564415420231233],[122.752364135287351,11.56441557700485],[122.75236397635129,11.564596448561693]]],[[[122.749979027982093,11.56495614445805],[122.749978867507537,11.56513701597528],[122.750162300723787,11.56513717415204],[122.750162461080677,11.564956302632323],[122.750345894181834,11.564956460690512],[122.750345733942723,11.565137332212805],[122.750529167164302,11.565137490157396],[122.750529327285648,11.564956618632616],[122.750712760392219,11.564956776458546],[122.750896193501447,11.56495693416848],[122.750896353384675,11.564776062636328],[122.751079786378796,11.564776220227602],[122.751263219375673,11.564776377702879],[122.751446652375137,11.564776535061982],[122.751630085377258,11.564776692305001],[122.751813518382136,11.564776849431935],[122.751813677674093,11.564595977884951],[122.75163024478698,11.564595820760504],[122.751446811902554,11.564595663519972],[122.75126337902077,11.564595506163444],[122.751079946141672,11.564595348690743],[122.750896513265218,11.564595191101956],[122.750713080391535,11.564595033397174],[122.750529647520423,11.564594875576217],[122.750346214652055,11.564594717639265],[122.750346054418273,11.564775589165999],[122.750162621434811,11.564775431110386],[122.749979188454006,11.564775272938599],[122.749979027982093,11.56495614445805]]],[[[122.769973398717354,11.5647918303734],[122.769973251078113,11.564972702158682],[122.770156684457177,11.564972847679345],[122.770156831978639,11.564791975891664],[122.769973398717354,11.5647918303734]]],[[[122.752180066278783,11.565138906434891],[122.752179907214384,11.565319777980188],[122.752363340580303,11.565319934766416],[122.752546773948978,11.565320091436559],[122.752546932778017,11.565139219886289],[122.752363499527107,11.565139063218632],[122.752363658471083,11.56495819166854],[122.752180225340624,11.564958034887374],[122.751996792212736,11.564957877990034],[122.751996951389586,11.564777006442784],[122.751813518382136,11.564776849431935],[122.751813359087507,11.564957720976698],[122.75181319979022,11.565138592519153],[122.751813040490362,11.565319464059476],[122.751996473850951,11.565319621077874],[122.751996633033215,11.565138749535064],[122.752180066278783,11.565138906434891]]],[[[122.78758286642217,11.564986142778144],[122.787399432817779,11.564986008285905],[122.787399296360789,11.565166880282574],[122.787582730082875,11.565167014776945],[122.78758286642217,11.564986142778144]]],[[[122.770706837438127,11.565154155337209],[122.770523403934007,11.565154010162404],[122.770523256643116,11.565334881950262],[122.77070669026493,11.565335027127288],[122.770706837438127,11.565154155337209]]],[[[122.772908039678882,11.565155888378831],[122.77272460614536,11.565155744597222],[122.772724460267298,11.56533661641288],[122.7729078939185,11.565336760196798],[122.772908039678882,11.565155888378831]]],[[[122.788133031262959,11.565167417563549],[122.787949597534052,11.565167283417432],[122.7879494614279,11.565348155418365],[122.788132895274671,11.565348289566613],[122.788133031262959,11.565167417563549]]],[[[122.76923907324155,11.565514734229376],[122.769422506963807,11.565514880221484],[122.769422654963734,11.565334008449968],[122.769422802961074,11.565153136676143],[122.769422950955942,11.564972264900186],[122.769606384327545,11.564972410769103],[122.769789817701636,11.564972556521935],[122.769789965458543,11.564791684738962],[122.769606532202232,11.564791538988439],[122.769423098948394,11.56479139312192],[122.769239665697057,11.564791247139228],[122.769239813804717,11.564610375361051],[122.769056380673547,11.564610229264582],[122.768872947544764,11.564610083052118],[122.768689514418568,11.564609936723569],[122.76850608129476,11.564609790278846],[122.768505932716195,11.564790662047608],[122.768322499477193,11.56479051548458],[122.768322350778362,11.564971387248724],[122.76832220207713,11.565152259010647],[122.768505635551591,11.565152405578472],[122.768505486965552,11.565333277340484],[122.768505338377039,11.565514149100276],[122.768505189786026,11.565695020857758],[122.768505041192455,11.56587589261302],[122.768504892596468,11.566056764366062],[122.768688326662186,11.566056910829525],[122.768688475140394,11.565876039074174],[122.768871909090734,11.565876185419155],[122.768872057448775,11.565695313659274],[122.769055491283908,11.565695459885772],[122.769055639521696,11.565514588121273],[122.76923907324155,11.565514734229376]],[[122.768505784135129,11.56497153381415],[122.768689217494298,11.56497168026358],[122.768689365957684,11.56479080849464],[122.768872799201645,11.564790954825588],[122.769056232448108,11.56479110104045],[122.769056084220196,11.564971972814009],[122.769055935989869,11.565152844585347],[122.769055787756983,11.565333716354464],[122.768872354157381,11.565333570132585],[122.76868892056018,11.565333423794621],[122.768689069028525,11.565152552030211],[122.768505635551591,11.565152405578472],[122.768505784135129,11.56497153381415]]],[[[122.780978695789315,11.565704715587843],[122.780978836374018,11.565523843674752],[122.780978976956405,11.565342971759351],[122.780979117536489,11.565162099841642],[122.780979258114172,11.564981227921711],[122.780979398689453,11.564800355999472],[122.780795965286146,11.564800217330307],[122.78061253188514,11.564800078545057],[122.780612391074314,11.564980950462767],[122.780795824593085,11.564981089250237],[122.780795683897637,11.565161961167947],[122.780795543199872,11.565342833083436],[122.780795402499791,11.565523704996616],[122.780795261797323,11.565704576907576],[122.780795121092453,11.565885448816227],[122.780794980385366,11.566066320722657],[122.780978414612818,11.566066459407454],[122.78097855520231,11.565885587498803],[122.780978695789315,11.565704715587843]]],[[[122.749794952500935,11.565679472212809],[122.749795113101257,11.565498600704904],[122.749611679654961,11.565498442290911],[122.74961151893686,11.565679313796151],[122.749794952500935,11.565679472212809]]],[[[122.749428085375456,11.565679155263497],[122.749427924536903,11.56586002676403],[122.749427763695707,11.566040898262342],[122.74961119749257,11.566041056800147],[122.749611358216001,11.565860185299259],[122.74961151893686,11.565679313796151],[122.749428085375456,11.565679155263497]]],[[[122.768504892596468,11.566056764366062],[122.768321458533336,11.566056617786513],[122.768321309817182,11.566237489534847],[122.768504743998093,11.566237636116794],[122.768504892596468,11.566056764366062]]],[[[122.773090744977239,11.56606039112309],[122.772907310852545,11.566060247446019],[122.772907165079999,11.566241119252707],[122.773090599322373,11.566241262932087],[122.773090744977239,11.56606039112309]]],[[[122.768321309817182,11.566237489534847],[122.768137875638757,11.566237342836816],[122.768137726802351,11.56641821458062],[122.768321161098456,11.56641836128105],[122.768321309817182,11.566237489534847]]],[[[122.788682382970109,11.566433923324615],[122.788498948410123,11.566433789511743],[122.788498812641393,11.566614661503261],[122.788682247319159,11.566614795318353],[122.788682382970109,11.566433923324615]]],[[[122.768137577963358,11.566599086322205],[122.767954143551961,11.566598939503292],[122.767953994592816,11.566779811240258],[122.768137429121978,11.566779958061391],[122.768137577963358,11.566599086322205]]],[[[122.773640611453672,11.566603436898726],[122.773457176968478,11.566603293562983],[122.773457031541867,11.566784165369848],[122.773640466144755,11.566784308707811],[122.773640611453672,11.566603436898726]]],[[[122.780243972379566,11.566970263436582],[122.780060537572751,11.566970124276166],[122.780060396380449,11.567150996160214],[122.780243831305029,11.567151135322762],[122.78042726623201,11.567151274369225],[122.780610701161308,11.567151413299603],[122.780610842000286,11.566970541408983],[122.780794276814206,11.566970680220967],[122.780977711630513,11.566970818916955],[122.780977852231644,11.566789947019496],[122.781161286932502,11.56679008559709],[122.781161427413551,11.566609213695278],[122.781161567892283,11.566428341791157],[122.780978133426984,11.566428203218004],[122.780794698963902,11.566428064528766],[122.780794558249696,11.566608936428446],[122.780611123671335,11.566608797620903],[122.780610982836961,11.566789669516053],[122.780427548143223,11.566789530590116],[122.780244113451786,11.566789391548093],[122.780243972379566,11.566970263436582]]],[[[122.750160697007786,11.566945889225311],[122.750160536621507,11.567126760720248],[122.750343971135578,11.567126918808901],[122.750344131404177,11.566946047311388],[122.750160697007786,11.566945889225311]]],[[[122.780977571026995,11.567151690812016],[122.781161005963298,11.567151829394051],[122.781161146449051,11.566970957496769],[122.780977711630513,11.566970818916955],[122.780977571026995,11.567151690812016]]],[[[122.785013278179008,11.566973840851658],[122.784829843311527,11.566973704710071],[122.784829705180869,11.567154576651584],[122.785013140166114,11.567154712795302],[122.785013278179008,11.566973840851658]]],[[[122.765935914420155,11.567139931958925],[122.76575247968546,11.567139783739622],[122.765752329305755,11.567320655441415],[122.765935764158215,11.567320803663028],[122.766119199013161,11.567320951768556],[122.766119349157421,11.567140080062055],[122.765935914420155,11.567139931958925]]],[[[122.766486068730615,11.567321247631179],[122.766669503593107,11.567321395388364],[122.766852938458101,11.567321543029463],[122.767036373325567,11.567321690554389],[122.767219808195534,11.567321837963229],[122.767219957633145,11.567140966242517],[122.767036522880957,11.567140818836075],[122.766853088131256,11.567140671313458],[122.766669653384042,11.567140523674757],[122.766486218639315,11.567140375919971],[122.766486068730615,11.567321247631179]]],[[[122.772906290393365,11.567326350045404],[122.772906436180563,11.567145478252217],[122.772723001351906,11.567145334445206],[122.772722855446929,11.567326206236084],[122.772906290393365,11.567326350045404]]],[[[122.773640030203609,11.567326924121657],[122.77345659524741,11.567326780776765],[122.773273160293598,11.5673266373157],[122.773089725342288,11.567326493738639],[122.772906290393365,11.567326350045404],[122.772906144603766,11.567507221836282],[122.773089579670454,11.567507365531826],[122.773273014739544,11.567507509111286],[122.773456449811036,11.567507652574571],[122.773639884885,11.567507795921772],[122.77382331996138,11.567507939152799],[122.773823465162209,11.567327067350464],[122.773823610360552,11.56714619554573],[122.773823755556577,11.566965323738865],[122.773640320833437,11.566965180514677],[122.773640175519716,11.567146052319321],[122.773640030203609,11.567326924121657]]],[[[122.765202024763553,11.567320210079801],[122.765018589921127,11.56732006139376],[122.76501843906793,11.567500933083652],[122.765201874028037,11.56750108177218],[122.765202024763553,11.567320210079801]]],[[[122.765568593453352,11.567682250495581],[122.765568743955896,11.567501378800715],[122.765385308990716,11.567501230344535],[122.765385158370407,11.567682102036914],[122.765568593453352,11.567682250495581]]],[[[122.781343879406535,11.567875455435805],[122.781527314818632,11.567875593794463],[122.781527455078262,11.567694721901711],[122.78134401978393,11.567694583545185],[122.781344160159023,11.567513711652433],[122.781160724984773,11.567513573182042],[122.781160584492,11.567694445072574],[122.781160443996825,11.567875316960974],[122.781343879406535,11.567875455435805]]],[[[122.765568593453352,11.567682250495581],[122.765568442948322,11.567863122188138],[122.765751878151519,11.56786327053303],[122.765752028538785,11.567682398838075],[122.765568593453352,11.567682250495581]]],[[[122.765751878151519,11.56786327053303],[122.765751727761781,11.568044142225764],[122.765935163085331,11.56804429045688],[122.765935313357303,11.567863418761748],[122.765751878151519,11.56786327053303]]],[[[122.781894185649861,11.567875870163524],[122.781710750233046,11.567875732037036],[122.781710610088879,11.568056603929788],[122.781894045623474,11.568056742058497],[122.781894185649861,11.567875870163524]]],[[[122.784278846280245,11.567877655240766],[122.784095410833146,11.567877518623826],[122.784095272219929,11.568058390545266],[122.784278707784722,11.568058527164338],[122.784278846280245,11.567877655240766]]],[[[122.765935163085331,11.56804429045688],[122.765935012810786,11.568225162149703],[122.766118448254602,11.568225310267133],[122.766118598411282,11.568044438571912],[122.765935163085331,11.56804429045688]]],[[[122.766485169225874,11.568406477851267],[122.766301733659319,11.568406329963699],[122.766301583615345,11.568587201656788],[122.766485019299665,11.568587349546666],[122.766485169225874,11.568406477851267]]],[[[122.784094856366266,11.568601006295998],[122.78391142045048,11.56860086955418],[122.783911281710175,11.56878174146434],[122.784094717743741,11.568781878208378],[122.784094856366266,11.568601006295998]]],[[[122.766484869370984,11.568768221239845],[122.766484719439717,11.568949092930803],[122.766484569506048,11.569129964619451],[122.76666800554618,11.56913011240035],[122.766668155362169,11.568949240709303],[122.766668305175571,11.568768369016036],[122.766484869370984,11.568768221239845]]],[[[122.763182873267141,11.568946413059278],[122.763182721213482,11.569127284704939],[122.763366157208239,11.569127434576254],[122.763549593205568,11.569127584331307],[122.763549745023681,11.56894671268085],[122.763366309144217,11.568946562928106],[122.763182873267141,11.568946413059278]]],[[[122.78244365384036,11.568961515221998],[122.78226021770999,11.56896137743062],[122.782260077905022,11.569142249316444],[122.782443514153258,11.569142387110043],[122.78244365384036,11.568961515221998]]],[[[122.783727567955836,11.569143348413524],[122.783911004222631,11.569143485278],[122.783911142967554,11.56896261337228],[122.783727706818524,11.568962476510025],[122.783727567955836,11.569143348413524]]],[[[122.786662548501809,11.569145524310231],[122.786662685480053,11.568964652371827],[122.786479249296391,11.568964517251468],[122.786479112200368,11.569145389187652],[122.786662548501809,11.569145524310231]]],[[[122.783727567955836,11.569143348413524],[122.783544131691343,11.569143211432786],[122.783543992708559,11.569324083331844],[122.783727429090817,11.569324220314714],[122.783727567955836,11.569143348413524]]],[[[122.786662548501809,11.569145524310231],[122.786662411521249,11.569326396246415],[122.786845847942587,11.569326531255042],[122.786845984805382,11.569145659316638],[122.786662548501809,11.569145524310231]]],[[[122.766667855727718,11.569310984089176],[122.766484419569807,11.569310836305879],[122.766484269631079,11.569491707990087],[122.766667705906755,11.569491855775693],[122.766667855727718,11.569310984089176]]],[[[122.752542643463684,11.570022750953202],[122.752542802361731,11.569841879461551],[122.752542961257035,11.569661007967591],[122.752726397454552,11.569661164582046],[122.752726556229504,11.56948029308329],[122.7527267150017,11.569299421582313],[122.752726873771323,11.569118550079116],[122.752543437927116,11.5691183934723],[122.752543596811847,11.568937521969369],[122.752360161088077,11.568937365248866],[122.752176725366979,11.568937208412278],[122.752176884484584,11.5687563369121],[122.751993448883923,11.568756179961914],[122.751810013285919,11.568756022895643],[122.751810172636496,11.568575151398219],[122.751626737158844,11.568574994218261],[122.751443301683949,11.568574836922219],[122.751443461267314,11.568393965427637],[122.751443620848107,11.568213093930746],[122.751627056087457,11.568213251221815],[122.751627215547728,11.568032379720128],[122.75181065067197,11.568032536892536],[122.751810810011889,11.567851665386053],[122.751627375005327,11.56785150821622],[122.751443940001522,11.567851350930303],[122.751443780426058,11.568032222431635],[122.751260345307145,11.568032065027056],[122.751260185611329,11.568212936523681],[122.751260025912856,11.568393808017996],[122.751076590561055,11.56839365049227],[122.751076430742145,11.568574521981789],[122.751076270920564,11.568755393469088],[122.751259706507909,11.568755550999876],[122.751259546801435,11.568936422487441],[122.751442982509218,11.568936579904721],[122.751626418219658,11.568936737205737],[122.751626258746072,11.569117608696144],[122.751809694576949,11.569117765883652],[122.751993130410497,11.569117922954986],[122.752176566246703,11.569118079910234],[122.752360002085581,11.56911823674931],[122.752359843080413,11.569299108247533],[122.752359684072673,11.569479979743447],[122.752359525062175,11.56966085123714],[122.752359366049021,11.569841722728524],[122.752175929739053,11.569841565879324],[122.752175770605461,11.570022437366001],[122.751992334180301,11.57002228039814],[122.751992174926357,11.570203151880021],[122.751992015669657,11.570384023359681],[122.751808579011623,11.570383866270673],[122.751808419634486,11.570564737745537],[122.751808260254691,11.570745609218092],[122.751808100872225,11.570926480688426],[122.751991537883669,11.570926637784984],[122.75199137861631,11.571107509255585],[122.752174815748205,11.571107666238456],[122.75217465659604,11.571288537709323],[122.752174497441217,11.57146940917797],[122.752174338283737,11.571650280644308],[122.752174179123585,11.571831152108336],[122.752174019960762,11.572012023570233],[122.752357457684354,11.572012180449542],[122.752357616729313,11.571831308985248],[122.752357775771685,11.571650437518644],[122.7523579348114,11.57146956604973],[122.752541372184155,11.571469722805405],[122.752541531103432,11.571288851331785],[122.752541690019967,11.571107979855944],[122.752541848933916,11.570927108377793],[122.752358411914472,11.570926951629668],[122.752358570943528,11.570746080151784],[122.752358729970013,11.570565208671679],[122.75235888899374,11.570384337189266],[122.752359048014796,11.570203465704632],[122.752542484563065,11.570203622442632],[122.752542643463684,11.570022750953202]]],[[[122.761897446204316,11.57057320530348],[122.761897599102895,11.570392333692814],[122.761714162303988,11.5703921828755],[122.76171400928763,11.570573054483857],[122.761897446204316,11.57057320530348]]],[[[122.787762212392948,11.570412436203403],[122.787762076103135,11.570593308136834],[122.787945513362828,11.570593442463695],[122.788128950624738,11.570593576674382],[122.788129086678921,11.570412704736777],[122.787945649534876,11.570412570528132],[122.787762212392948,11.570412436203403]]],[[[122.76171400928763,11.570573054483857],[122.76153057237353,11.57057290354806],[122.761530419236735,11.570753775151621],[122.761713856268699,11.570753926089905],[122.76171400928763,11.570573054483857]]],[[[122.762631041466534,11.570754679038808],[122.762447604421865,11.570754528681304],[122.762447451871537,11.570935400294813],[122.762630889034071,11.570935550654715],[122.762631041466534,11.570754679038808]]],[[[122.763731663787993,11.570755578744718],[122.763548226728048,11.570755429084079],[122.76354807488454,11.570936300711976],[122.763547923038445,11.571117172337653],[122.76373136033402,11.571117322003088],[122.76373151206225,11.570936450375013],[122.763731663787993,11.570755578744718]]],[[[122.760979954663796,11.570934193234139],[122.761163391805795,11.570934344523254],[122.76134682895038,11.570934495696195],[122.761530266097552,11.570934646753051],[122.761530419236735,11.570753775151621],[122.761346982207442,11.570753624097252],[122.761163545180622,11.570753472926709],[122.760980108156389,11.570753321640082],[122.760796671134727,11.570753170237191],[122.760613234115638,11.570753018718216],[122.760613080387415,11.570933890307478],[122.760612926656606,11.571114761894519],[122.760796363911325,11.57111491341829],[122.760796210295709,11.571295785005509],[122.760979647670695,11.571295936415593],[122.760979801168531,11.571115064825976],[122.760979954663796,11.570934193234139]]],[[[122.787211354394714,11.571135520226372],[122.787027916790763,11.571135385428422],[122.787027780020608,11.571316257344089],[122.787211217742339,11.571316392144171],[122.787211354394714,11.571135520226372]]],[[[122.760796210295709,11.571295785005509],[122.760612772923224,11.571295633479162],[122.760612619187171,11.571476505061673],[122.76061246544873,11.571657376641875],[122.760795903056774,11.571657528173018],[122.760796056677535,11.571476656590329],[122.760796210295709,11.571295785005509]]],[[[122.789228897472569,11.571498739218589],[122.789045459608019,11.571498605694108],[122.789045324129191,11.57167947762896],[122.789228762111506,11.571679611155661],[122.789228897472569,11.571498739218589]]],[[[122.760429027843188,11.571657224994558],[122.760428873984296,11.571838096570142],[122.760612311707618,11.571838248219857],[122.76061246544873,11.571657376641875],[122.760429027843188,11.571657224994558]]],[[[122.763914342785441,11.57166008643018],[122.763914191164858,11.571840958051682],[122.764097628936668,11.571841107494363],[122.764097780439485,11.571660235870551],[122.763914342785441,11.57166008643018]]],[[[122.766115444592927,11.571842743697536],[122.766298882394935,11.571842891746398],[122.766299032484028,11.571662020093898],[122.766115594799885,11.571661872047523],[122.766115444592927,11.571842743697536]]],[[[122.787577820352382,11.571678405233543],[122.787394382390502,11.571678270661456],[122.787394245849143,11.571859142574636],[122.787577683928802,11.571859277148944],[122.787577820352382,11.571678405233543]]],[[[122.760428873984296,11.571838096570142],[122.76024543626346,11.571837944804253],[122.760245282284231,11.57201881637504],[122.760428720122846,11.572018968143416],[122.760428873984296,11.571838096570142]]],[[[122.766115444592927,11.571842743697536],[122.765932006793392,11.571842595532589],[122.765931856466182,11.572023467178072],[122.766115294383482,11.572023615345417],[122.766115444592927,11.571842743697536]]],[[[122.760245282284231,11.57201881637504],[122.760061844448202,11.57201866449058],[122.760061690348536,11.572199536056749],[122.760245128302344,11.572199687943607],[122.760245282284231,11.57201881637504]]],[[[122.764280915323454,11.572022128444859],[122.764097477431378,11.572021979115954],[122.764097325923501,11.572202850735236],[122.764280763933442,11.572203000066628],[122.764280915323454,11.572022128444859]]],[[[122.765198104822019,11.572022873347132],[122.765014666917239,11.572022724599007],[122.765014515998502,11.572203596230279],[122.765197954021048,11.572203744980802],[122.765381392046081,11.572203893615152],[122.765381542729287,11.572023021979083],[122.765198104822019,11.572022873347132]]],[[[122.765748418551368,11.572023318894553],[122.765564980639127,11.572023170494949],[122.7655648300737,11.572204042133416],[122.765748268103792,11.572204190535418],[122.765748418551368,11.572023318894553]]],[[[122.760061690348536,11.572199536056749],[122.759878252397314,11.572199384053627],[122.759878098177296,11.572380255615089],[122.760061536246297,11.572380407620608],[122.760061690348536,11.572199536056749]]],[[[122.759878098177296,11.572380255615089],[122.759694660110782,11.572380103493396],[122.759694505770412,11.57256097505015],[122.759877943954706,11.572561127174241],[122.759878098177296,11.572380255615089]]],[[[122.759694505770412,11.57256097505015],[122.759511067588619,11.572560822809885],[122.759510913127812,11.572741694361932],[122.759694351427385,11.572741846604595],[122.759694505770412,11.57256097505015]]],[[[122.759510913127812,11.572741694361932],[122.759327474830911,11.572741542003007],[122.759327320249668,11.572922413550346],[122.759510758664447,11.57292256591167],[122.759510913127812,11.572741694361932]]],[[[122.759327320249668,11.572922413550346],[122.759143881837474,11.572922261072849],[122.759143727135807,11.573103132615481],[122.759327165665866,11.573103285095465],[122.759327320249668,11.572922413550346]]],[[[122.759143727135807,11.573103132615481],[122.758960288608506,11.573102980019323],[122.758960133786388,11.573283851557248],[122.75914357243164,11.573284004155893],[122.759143727135807,11.573103132615481]]],[[[122.758593101443481,11.573464417542345],[122.758776540201353,11.573464570375736],[122.758776695143808,11.573283698842518],[122.758593256503701,11.573283546011615],[122.758593101443481,11.573464417542345]]],[[[122.75822606863693,11.573644983050757],[122.758409507507423,11.573645136118893],[122.758592946380574,11.573645289070944],[122.758593101443481,11.573464417542345],[122.758409662688095,11.57346426459287],[122.758226223935452,11.573464111527132],[122.75804278518531,11.57346395834522],[122.758042629768923,11.573644829866359],[122.75822606863693,11.573644983050757]]],[[[122.751622430580284,11.573458523787972],[122.751622271040077,11.57363939522198],[122.751622111497213,11.573820266653589],[122.751805550390969,11.573820423906733],[122.751805709815983,11.573639552472548],[122.75180586923841,11.573458681036053],[122.751622430580284,11.573458523787972]]],[[[122.758042629768923,11.573644829866359],[122.757859190903673,11.573644676565786],[122.757675752040896,11.573644523149129],[122.757675596386306,11.573825394663073],[122.757859035366934,11.573825548082217],[122.758042474350049,11.573825701385276],[122.758042629768923,11.573644829866359]]],[[[122.757675596386306,11.573825394663073],[122.757492157408336,11.573825241127667],[122.757492001633295,11.574006112636992],[122.75767544072913,11.574006266174797],[122.757675596386306,11.573825394663073]]],[[[122.751254594576849,11.574543437482943],[122.751438033936637,11.57454359497847],[122.751438193608024,11.574362723558318],[122.751254754366101,11.574362566065277],[122.751254594576849,11.574543437482943]]],[[[122.751254594576849,11.574543437482943],[122.751071155219805,11.574543279871241],[122.75107099531003,11.574724151284022],[122.751254434785025,11.574724308898299],[122.751254594576849,11.574543437482943]]],[[[122.75107099531003,11.574724151284022],[122.750887555837807,11.574723993553571],[122.750704116368226,11.574723835706946],[122.750703956220164,11.574904707112443],[122.750703796069516,11.57508557851572],[122.750703635916111,11.575266449916688],[122.750703475760048,11.575447321315435],[122.750886915700974,11.575447479172274],[122.750887075739172,11.575266607770951],[122.750887235774712,11.575085736367408],[122.750887395807595,11.574904864961644],[122.751070835397684,11.574905022694582],[122.75107099531003,11.574724151284022]]],[[[122.756940279087786,11.575633494741533],[122.757123719236276,11.575633648650152],[122.757123875270395,11.57545277716614],[122.757124031301942,11.575271905679818],[122.757124187330817,11.575091034191276],[122.756940747535822,11.575090880290118],[122.756940591389082,11.575271751776173],[122.75694043523977,11.575452623260007],[122.756940279087786,11.575633494741533]]],[[[122.750886915700974,11.575447479172274],[122.750886755660005,11.575628350571288],[122.751070195721553,11.575628508314351],[122.751070355644558,11.57544763691285],[122.750886915700974,11.575447479172274]]],[[[122.750703315601228,11.575628192711962],[122.750703155439822,11.575809064106179],[122.750702995275773,11.575989935498177],[122.750886435570195,11.575990093362476],[122.750886595616478,11.575809221967992],[122.750886755660005,11.575628350571288],[122.750703315601228,11.575628192711962]]],[[[122.756756682669362,11.575814212193558],[122.756756526394369,11.575995083668156],[122.756939966776002,11.575995237697834],[122.75694012293323,11.575814366220838],[122.756756682669362,11.575814212193558]]],[[[122.75638948912561,11.576175646727416],[122.756572929619878,11.576175800992017],[122.756573086015393,11.575994929522215],[122.756389645638905,11.575994775260101],[122.75638948912561,11.576175646727416]]],[[[122.751069556002605,11.576351993897971],[122.751069715936367,11.576171122505441],[122.750886275521324,11.57617096475474],[122.750886115469712,11.576351836144783],[122.751069556002605,11.576351993897971]]],[[[122.75638948912561,11.576175646727416],[122.756206048633928,11.576175492346641],[122.756022608144818,11.576175337849604],[122.756022451393221,11.576356209309724],[122.756205892000111,11.576356363809248],[122.756389332609658,11.57635651819251],[122.75638948912561,11.576175646727416]]],[[[122.751069556002605,11.576351993897971],[122.751069396066185,11.57653286528828],[122.751252836719615,11.576533022927782],[122.75125299653817,11.576352151534985],[122.751069556002605,11.576351993897971]]],[[[122.755655570187272,11.576355899962154],[122.755472129588213,11.57635574511402],[122.755471972480379,11.576536616564459],[122.755655413197303,11.57653677141508],[122.755838853916799,11.576536926149439],[122.755839010788918,11.576356054694026],[122.755655570187272,11.576355899962154]]],[[[122.751252836719615,11.576533022927782],[122.751252676898389,11.576713894318358],[122.751436117672341,11.576714051844261],[122.751436277375703,11.576533180451198],[122.751252836719615,11.576533022927782]]],[[[122.755288531766112,11.576536461597664],[122.755105091054418,11.576536306514695],[122.755104933708282,11.57671717795794],[122.755288374537741,11.576717333043396],[122.755288531766112,11.576536461597664]]],[[[122.751619558448951,11.576714209253902],[122.751619398860697,11.576895080647231],[122.751802839757829,11.576895237943186],[122.751802999228232,11.576714366547369],[122.751619558448951,11.576714209253902]]],[[[122.754737894472569,11.576897738874292],[122.754738052057093,11.57671686743833],[122.754554611235449,11.576716712004176],[122.754371170416476,11.576716556453848],[122.754187729600162,11.576716400787346],[122.754187571662044,11.576897272215758],[122.754371012596224,11.576897427884836],[122.754554453533061,11.576897583437651],[122.754737894472569,11.576897738874292]]],[[[122.752169721560108,11.576895552186572],[122.751986280657633,11.576895395122966],[122.751986121302537,11.577076266519137],[122.752169562322862,11.577076423585142],[122.75235300334586,11.577076580535062],[122.75253644437143,11.577076737368719],[122.752719885399742,11.577076894086114],[122.752903326430641,11.577077050687334],[122.752903485196441,11.57689617927864],[122.752720044283407,11.576896022679994],[122.752536603372945,11.576895865964998],[122.752353162465241,11.576895709133916],[122.752169721560108,11.576895552186572]]],[[[122.753453649539324,11.577077519793777],[122.753637090580881,11.577077675930125],[122.753637248875151,11.576896804511394],[122.753453807951544,11.576896648377533],[122.75327036703051,11.576896492127497],[122.753086926112147,11.5768963357612],[122.753086767464211,11.577077207172382],[122.753270208500439,11.577077363541166],[122.753453649539324,11.577077519793777]]],[[[122.815853148483967,11.532086671286956],[122.815669735946898,11.532086555013299],[122.815486323411875,11.532086438623823],[122.815302910878799,11.532086322118618],[122.815119498347684,11.532086205497682],[122.815119380029444,11.53226707820898],[122.815302792677883,11.532267194831869],[122.815486205328384,11.53226731133894],[122.815669617980816,11.532267427730281],[122.815853030635225,11.532267544005803],[122.815852912784507,11.532448416722429],[122.816036325558372,11.532448532884088],[122.816219738334098,11.532448648930016],[122.816219620716183,11.532629521648152],[122.816403033611266,11.532629637580127],[122.816586446508325,11.532629753396462],[122.816769859407316,11.532629869096978],[122.816769742139613,11.5328107418184],[122.816953155157989,11.532810857405051],[122.817136568178313,11.532810972875973],[122.817147551169228,11.532810979783575],[122.816827113142764,11.532087286776608],[122.816770211198715,11.532087250919298],[122.816586798651883,11.532087135224289],[122.816403386106899,11.532087019413639],[122.816219973563975,11.532086903487171],[122.816036561022997,11.532086787444973],[122.815853148483967,11.532086671286956]]],[[[122.815119380029444,11.53226707820898],[122.814935967382951,11.53226696147045],[122.814935848945339,11.532447834177573],[122.815119261709242,11.532447950918057],[122.815119380029444,11.53226707820898]]],[[[122.814935848945339,11.532447834177573],[122.814752436183468,11.532447717321359],[122.814752317626485,11.532628590024485],[122.814752199067541,11.532809462725302],[122.814935612064147,11.532809579585335],[122.814935730505766,11.532628706882564],[122.814935848945339,11.532447834177573]]],[[[122.814200770868965,11.534617838278871],[122.814017356706358,11.534617720937002],[122.814017237655989,11.534798593605577],[122.813833823377905,11.534798476145935],[122.813650409101882,11.534798358570653],[122.813466994827792,11.534798240879462],[122.813283580555762,11.534798123072543],[122.813283461033677,11.534978995731349],[122.813100046646269,11.534978877806745],[122.812916632260723,11.534978759766412],[122.812916512501943,11.53515963241909],[122.812733098001019,11.535159514260984],[122.812549683502141,11.535159395987149],[122.812549563506479,11.535340268633787],[122.812366148892238,11.535340150242268],[122.812182734280029,11.535340031734931],[122.812182614047487,11.535520904375529],[122.811999199319814,11.535520785750508],[122.811815784594188,11.535520667009758],[122.811632369870594,11.535520548153189],[122.811448955148961,11.53552042918089],[122.811448834444803,11.535701301811541],[122.811265419607892,11.535701182721469],[122.811265298784278,11.535882055347946],[122.811265177958617,11.536062927972202],[122.811081762888819,11.536062808762582],[122.810898347820967,11.536062689437054],[122.810898226758525,11.536243562055271],[122.810898105693937,11.536424434671178],[122.810714690393397,11.536424315226013],[122.810714569209352,11.536605187837834],[122.810531153793434,11.536605068274985],[122.810347738379463,11.536604948596318],[122.810164322967537,11.536604828801922],[122.810164201429288,11.536785701405661],[122.810164079888906,11.53696657400709],[122.810347495535666,11.536966693805395],[122.810347374110762,11.537147566406558],[122.810347252683798,11.537328439005501],[122.810163836802204,11.537328319203377],[122.810163715255783,11.537509191798057],[122.809980299258726,11.53750907187816],[122.809980420922571,11.537328199285435],[122.809980542584441,11.537147326690311],[122.809797126824265,11.537147206658505],[122.80961371106622,11.537147086510879],[122.809430295310122,11.537146966247525],[122.809430173295993,11.537327838836786],[122.809246757424617,11.53732771845557],[122.809246635291018,11.537508591040657],[122.809246513155387,11.537689463623435],[122.809246391017624,11.537870336203992],[122.809246268877899,11.538051208782329],[122.809062852538801,11.538051088277568],[122.809062730279535,11.53823196085173],[122.808879313824974,11.538231840229285],[122.808879436201664,11.538050967657076],[122.808696019866659,11.538050846920767],[122.8085126035336,11.538050726068549],[122.808512480922076,11.53823159863685],[122.808512358308519,11.53841247120293],[122.808512235692817,11.538593343766701],[122.808512113075082,11.538774216328251],[122.808328696274401,11.538774095352489],[122.808328573537196,11.538954967909865],[122.808145156621052,11.538954846816329],[122.808145033764404,11.539135719369531],[122.808328450797873,11.539135840464931],[122.808511867833559,11.539135961444602],[122.808695284871206,11.539136082308454],[122.808695407375623,11.53895520974948],[122.808695529877895,11.538774337188196],[122.80869565237812,11.538593464624691],[122.808695774876398,11.538412592058966],[122.808879191446337,11.538412712799184],[122.808879069065569,11.538593585366863],[122.808878946682754,11.538774457932321],[122.809062363489559,11.538774578560629],[122.809062241222207,11.538955451125732],[122.809062118952724,11.539136323688615],[122.809245535996496,11.539136444205012],[122.809245658148569,11.538955571640175],[122.809429075076963,11.53895569203871],[122.80942919710948,11.538774819469788],[122.809612613922511,11.538774939750551],[122.809796030737488,11.538775059915585],[122.809796152533124,11.538594187340445],[122.809796274326644,11.538413314763085],[122.809796396118102,11.538232442183505],[122.809796517907614,11.538051569601615],[122.809796639694994,11.537870697017505],[122.809796761480428,11.537689824431085],[122.809980177592848,11.537689944468754],[122.809980055924839,11.537870817057039],[122.809979934254883,11.538051689643103],[122.810163350604284,11.538051809568772],[122.810163229049692,11.538232682154481],[122.810346645518464,11.538232801966286],[122.810346766955632,11.538051929378623],[122.810530183309027,11.538052049072656],[122.810530304626738,11.537871176480818],[122.810713720864669,11.537871296057078],[122.810897137104732,11.537871415517609],[122.810897258185477,11.537690542919643],[122.811080674310077,11.537690662262401],[122.811080795271451,11.53750978966035],[122.811264211280587,11.537509908885335],[122.811264332122406,11.537329036279109],[122.811264452962277,11.537148163670574],[122.811447868738625,11.537148282775922],[122.811447989458955,11.536967410163301],[122.811631405119925,11.536967529150965],[122.811631525720784,11.536786656534082],[122.811814941266377,11.536786775404062],[122.811815061747865,11.536605902783004],[122.811815182227321,11.536425030159814],[122.81181530270473,11.536244157534314],[122.811998717900025,11.536244276282703],[122.812182133097366,11.536244394915363],[122.812365548296654,11.536244513432203],[122.812365668419773,11.53606364079871],[122.812182253337895,11.536063522283735],[122.811998838257963,11.53606340365303],[122.811815423180093,11.536063284906506],[122.811815543653495,11.535882412276566],[122.811632128695081,11.535882293416178],[122.811632249283861,11.535701420785793],[122.811815664124865,11.535701539644316],[122.811999078967915,11.535701658386932],[122.812182493812998,11.535701777013907],[122.812365908660041,11.535701895524975],[122.81236578854093,11.535882768162997],[122.81254920350743,11.5358828865602],[122.812549323509131,11.535702013920313],[122.812732738360253,11.535702132199832],[122.812916153213337,11.535702250363622],[122.812916272978157,11.535521377717695],[122.813099687715876,11.535521495763712],[122.813283102455628,11.535521613694],[122.813283221983653,11.535340741042033],[122.813466636607856,11.535340858854637],[122.81346675601651,11.535159986198495],[122.813650170525435,11.535160103893416],[122.813833585036292,11.535160221472607],[122.81401699954921,11.53516033893589],[122.814017118603573,11.534979466271844],[122.814200533001028,11.534979583617533],[122.81438394740043,11.534979700847403],[122.814384066217997,11.534798828177317],[122.81456748050212,11.534798945289593],[122.814750894788105,11.53479906228605],[122.814751013368891,11.534618189609924],[122.814934427539498,11.534618306488786],[122.814934546000913,11.534437433808487],[122.814934664460296,11.534256561126055],[122.814934782917717,11.534075688441314],[122.814934901373178,11.533894815754353],[122.814751487672154,11.53389469888304],[122.814751606242993,11.533713826195724],[122.814751724811885,11.533532953506098],[122.814751843378815,11.533352080814252],[122.814751961943713,11.533171208120185],[122.814752080506651,11.532990335423898],[122.814752199067541,11.532809462725302],[122.814568786072883,11.53280934574954],[122.814568667394568,11.532990218446271],[122.81456854871422,11.533171091140693],[122.814568430031912,11.533351963832894],[122.814568311347642,11.533532836522875],[122.814568192661426,11.533713709210547],[122.814568073973163,11.533894581895998],[122.814567955282868,11.534075454579229],[122.814567836590697,11.534256327260239],[122.814384422658833,11.534256210153648],[122.814384303847291,11.534437082830395],[122.814200889800063,11.53443696560621],[122.814200770868965,11.534617838278871]],[[122.81108103718789,11.537148044449408],[122.810897621415549,11.537147925112334],[122.810897500340928,11.53732879771705],[122.81071408445321,11.537328678262293],[122.810713963259033,11.537509550862834],[122.810530547255937,11.537509431290394],[122.810530668567438,11.537328558691806],[122.810530789876978,11.537147686090998],[122.81071420564524,11.53714780565962],[122.810714326835324,11.536966933054549],[122.810897742488208,11.536967052505487],[122.811081158143139,11.536967171840518],[122.81108103718789,11.537148044449408]]],[[[122.814199581449301,11.536426564882118],[122.814016166112594,11.536426447521331],[122.814016047042244,11.536607320167436],[122.813832631590003,11.536607202688964],[122.813832512400182,11.536788075330895],[122.814015927969848,11.536788192811231],[122.814199343541475,11.536788310175838],[122.814382759115134,11.536788427424538],[122.81438287795261,11.536607554777012],[122.814382996788126,11.536426682127088],[122.814199581449301,11.536426564882118]]],[[[122.807778076609694,11.539316349378081],[122.807777953513934,11.539497221922845],[122.80796137077833,11.539497343253879],[122.807961493756579,11.539316470707162],[122.807778076609694,11.539316349378081]]],[[[122.8019033992977,11.546909047969534],[122.801903272354181,11.547089920356379],[122.80208669448642,11.547090045478337],[122.802086821312429,11.546909173089537],[122.8019033992977,11.546909047969534]]],[[[122.799699125792472,11.551429345876718],[122.799699254198018,11.55124847356821],[122.799882679008647,11.551248600127861],[122.800066103821408,11.551248726571517],[122.800249528636385,11.551248852899265],[122.800432953453409,11.551248979111017],[122.800433081386458,11.551068106792206],[122.800249656687029,11.551067980582408],[122.800066231989646,11.551067854256702],[122.79988280729448,11.55106772781509],[122.799699382601446,11.551067601257481],[122.799699511002643,11.550886728944532],[122.799516086429335,11.550886602272969],[122.799332661858159,11.550886475485589],[122.799332790492414,11.550705603174416],[122.799332919124453,11.550524730861023],[122.799149494790683,11.550524603961643],[122.799149623538185,11.550343731648072],[122.799149752283554,11.550162859332191],[122.79933317638222,11.550162986227397],[122.799333305007863,11.549982113907253],[122.799333433631375,11.549801241584889],[122.79933356225267,11.549620369260216],[122.799333690871833,11.549439496933323],[122.799517114502422,11.549439623704449],[122.799517243001944,11.549258751373204],[122.799517371499249,11.549077879039826],[122.799700794896879,11.54907800569096],[122.799700923274457,11.548897133353231],[122.79970105164989,11.548716261013192],[122.799884474814547,11.548716387544333],[122.800067897981336,11.548716513959567],[122.800068026119547,11.548535641613222],[122.800251449170872,11.548535767910506],[122.800251577189456,11.548354895559987],[122.800435000125404,11.54835502173932],[122.800618423063483,11.548355147802658],[122.800801846003694,11.548355273750177],[122.800801973667447,11.548174401391309],[122.80098539649228,11.548174527220789],[122.801168819319258,11.548174652934451],[122.801352242148269,11.548174778532205],[122.801535664979511,11.548174904013964],[122.80171908781287,11.548175029379903],[122.80171896073692,11.548355901748897],[122.80190238369002,11.548356027000883],[122.802085806645152,11.548356152136963],[122.802085679802175,11.548537024507732],[122.802269102877034,11.548537149529858],[122.802268976149421,11.54871802190045],[122.80245239934392,11.548718146808712],[122.802452525953939,11.548537274436077],[122.802452652561811,11.548356402061311],[122.802636075523353,11.548356526849579],[122.802636202011499,11.548175654470549],[122.802636328497613,11.54799478208921],[122.802636454981496,11.547813909705651],[122.802636581463346,11.547633037319782],[122.802820003956811,11.547633161984239],[122.80282013031902,11.547452289594107],[122.802820256679013,11.547271417201754],[122.802820383037044,11.547090544807181],[122.803003805179941,11.547090669349691],[122.803003931418246,11.546909796950855],[122.80300405765442,11.54672892454971],[122.803187479564357,11.546729048972315],[122.80318760568089,11.546548176566906],[122.80337102747545,11.546548300871562],[122.803371153472341,11.546367428462068],[122.803371279467115,11.546186556050175],[122.803554701028702,11.546186680234927],[122.803554826903834,11.54600580781886],[122.803554952776921,11.545824935400484],[122.803738374105535,11.54582505946542],[122.803738499858994,11.545644187042781],[122.803738625610308,11.545463314617921],[122.803922046705949,11.545463438562953],[122.803922172337636,11.545282566133919],[122.803922297967276,11.545101693702575],[122.804105718830044,11.545101817527703],[122.804105844339958,11.544920945092096],[122.804289265087263,11.544921068799363],[122.804289390477621,11.544740196359582],[122.804289515865946,11.544559323917492],[122.804472936380279,11.544559447504854],[122.804473061648963,11.544378575058589],[122.804656482048003,11.544378698528091],[122.80465660719706,11.544197826077562],[122.804840027480552,11.544197949429202],[122.80502344776626,11.544198072665024],[122.805023572678166,11.544017200208279],[122.805206992848426,11.544017323326239],[122.805390413020802,11.544017446328292],[122.805573833195226,11.544017569214438],[122.805757253371794,11.544017691984765],[122.805940673550396,11.544017814639185],[122.805940549226023,11.544198687105789],[122.806123969524165,11.544198809646344],[122.806307389824454,11.544198932070993],[122.806490810126775,11.544199054379822],[122.806490934098719,11.544018181907267],[122.806674354285576,11.544018304098236],[122.806857774474565,11.544018426173297],[122.8070411946657,11.544018548132451],[122.807041318282984,11.543837675651814],[122.807224738358556,11.543837797493195],[122.807224861856312,11.543656925008294],[122.807224985351922,11.543476052521084],[122.80704156551127,11.5434759306837],[122.807041689122443,11.543295058196223],[122.807041812731384,11.543114185706616],[122.806858393127882,11.543114063757143],[122.806674973526327,11.54311394169194],[122.806675097368327,11.542933069203931],[122.806491677886328,11.542932947024775],[122.806491801843706,11.5427520745365],[122.80667522120811,11.542752196713701],[122.806675345045946,11.542571324221162],[122.806675468881636,11.542390451726403],[122.806858888013167,11.54239057378379],[122.806859011729316,11.542209701284856],[122.807042430745469,11.542209823224381],[122.807225849763569,11.542209945048176],[122.807225973242666,11.542029072543025],[122.807409392145487,11.542029194248959],[122.807409515505029,11.541848321739545],[122.807592934292387,11.541848443327707],[122.807593057532387,11.541667570814118],[122.807776476204282,11.541667692284419],[122.807776599324725,11.541486819766655],[122.807960017881257,11.541486941119183],[122.807960140882244,11.541306068597246],[122.808143559323298,11.541306189831912],[122.808143682204729,11.541125317305712],[122.808143805084043,11.54094444477729],[122.808327223292224,11.540944565892319],[122.808327346052067,11.540763693359635],[122.808327468809779,11.540582820824818],[122.808510886785072,11.540582941820032],[122.808511009423327,11.540402069280953],[122.80851113205955,11.540221196739653],[122.808511254693627,11.540040324196132],[122.808327837070763,11.540040203206781],[122.808327959820303,11.539859330662905],[122.808328082567797,11.539678458116809],[122.808144665181899,11.539678337015458],[122.808144542316896,11.5398592095596],[122.808144419449931,11.540040082101521],[122.808144296580835,11.540220954641223],[122.807960878844554,11.540220833418191],[122.807960755856001,11.540401705953629],[122.807960632865402,11.540582578486847],[122.807777214896234,11.540582457144088],[122.807777091786093,11.540763329673132],[122.807593673701547,11.540763208212601],[122.807410255619047,11.540763086636252],[122.807410132271855,11.540943959159078],[122.807226714073977,11.540943837464868],[122.807226590607314,11.541124709983519],[122.807043172293973,11.541124588171625],[122.807043048707683,11.541305460686013],[122.806859630279064,11.541305338756258],[122.806859506573218,11.541486211266472],[122.806676088029121,11.541486089218855],[122.806492669487085,11.54148596705542],[122.806492545544273,11.541666839559506],[122.806309126886859,11.541666717278209],[122.806309002824406,11.541847589778031],[122.806125584051614,11.541847467378963],[122.805942165280868,11.541847344864076],[122.805942040981449,11.542028217357769],[122.805941916679899,11.542209089849154],[122.805941792376316,11.542389962338229],[122.805941668070673,11.542570834825083],[122.805758248832035,11.542570712186473],[122.805758124406765,11.542751584669153],[122.805757999979448,11.542932457149524],[122.8057578755501,11.543113329627674],[122.805574455960979,11.543113206867295],[122.80539103637409,11.543113083991008],[122.805207616789232,11.543112960998814],[122.805024197206507,11.543112837890801],[122.804840777625827,11.543112714666881],[122.80465735804728,11.543112591327143],[122.804657232910756,11.543293463791171],[122.804473813216831,11.543293340333571],[122.804473687960765,11.543474212793337],[122.804290268151377,11.543474089217876],[122.80429014277567,11.543654961673466],[122.804106722850904,11.543654837980144],[122.804106597355656,11.543835710431471],[122.803923177315426,11.543835586620288],[122.803923051700622,11.544016459067352],[122.803739631545028,11.544016335138307],[122.803739505810583,11.544197207581108],[122.803739380073907,11.544378080021689],[122.80355595968544,11.544377955972829],[122.803555833829222,11.544558828409146],[122.803555707970958,11.544739700843243],[122.803372287349518,11.544739576674479],[122.803372161371627,11.544920449104312],[122.803188740634795,11.544920324817598],[122.803188614537262,11.545101197243257],[122.803188488437598,11.545282069666607],[122.803005067467907,11.545281945260077],[122.803004941248602,11.545462817679075],[122.803004815027165,11.545643690095941],[122.802821393824502,11.545643565569508],[122.802821267483424,11.545824437982111],[122.802637846165382,11.545824313337816],[122.802637719704677,11.546005185746155],[122.802637593241926,11.546186058152186],[122.802637466776943,11.546366930555996],[122.802454045108433,11.546366805789754],[122.802454171690911,11.546185933387987],[122.802270750141929,11.546185808507881],[122.802270623442041,11.546366680907694],[122.802270496739922,11.546547553305198],[122.802087074958067,11.546547428305187],[122.802086948136321,11.546728300698428],[122.802086821312429,11.546909173089537],[122.802270243329389,11.546909298093633],[122.802270116620875,11.547090170484386],[122.802269989910329,11.547271042873009],[122.802086567658364,11.547270917864916],[122.802086440828077,11.547451790249186],[122.801903018460735,11.547451665123232],[122.801902891510821,11.547632537503238],[122.801719469028015,11.547632412259246],[122.801536046547255,11.547632286899434],[122.801536173732273,11.547451414523424],[122.80135275137124,11.547451289049748],[122.801169329012254,11.547451163460076],[122.801169456430245,11.547270291085843],[122.80098603419107,11.547270165382306],[122.800802611953941,11.547270039562862],[122.80061918971893,11.547269913627511],[122.80043576748615,11.547269787576253],[122.800252345255416,11.547269661409176],[122.800068923026899,11.547269535126103],[122.799885500800514,11.547269408727123],[122.79970207857626,11.547269282212236],[122.799701950217965,11.547450154570216],[122.799518527878334,11.547450027937378],[122.799335105540834,11.547449901188722],[122.799334976945303,11.547630773540307],[122.799151554492425,11.547630646673701],[122.799151425777254,11.547811519021023],[122.799151297059865,11.547992391366213],[122.799151168340344,11.548173263709094],[122.798967745536999,11.548173136720363],[122.798967616697752,11.548354009058981],[122.798967487856359,11.548534881395289],[122.798784064820055,11.548534754286566],[122.798783935858935,11.548715626618611],[122.798783806895699,11.548896498948436],[122.798783677930331,11.549077371275951],[122.798600254543445,11.549077244045192],[122.79860012545835,11.549258116368444],[122.798599996371038,11.549438988689387],[122.798599867281581,11.549619861008109],[122.798599738190006,11.549800733324611],[122.798416314335057,11.549800605969773],[122.798416185123742,11.549981478281923],[122.7985996090962,11.549981605638893],[122.798599480000348,11.550162477950865],[122.798782904092533,11.550162605193881],[122.798782775112059,11.550343477505676],[122.798782646129368,11.55052434981525],[122.798782517144545,11.550705222122515],[122.798965941591732,11.550705349255752],[122.798965812722287,11.550886221562839],[122.79896568385071,11.551067093867617],[122.798965554977002,11.551247966170175],[122.799148979779005,11.551248093193633],[122.79933240458324,11.551248220101096],[122.799332275942504,11.551429092405519],[122.799332147299623,11.551609964707632],[122.799332018654709,11.551790837007525],[122.799148593497691,11.551790710093934],[122.798965168342988,11.551790583064347],[122.798965297223177,11.55160971076854],[122.798781872188101,11.551609583625089],[122.798598447155257,11.55160945636573],[122.798598576268418,11.551428584071788],[122.7984151513553,11.551428456698387],[122.7982317264443,11.551428329209168],[122.79804830153553,11.551428201603953],[122.797864876628893,11.55142807388283],[122.797681451724372,11.551427946045711],[122.797681322023237,11.551608818329351],[122.797497897003353,11.551608690374282],[122.797314471985601,11.551608562303217],[122.797314342047144,11.551789434580551],[122.797130916914014,11.551789306391447],[122.797130786855746,11.551970178664517],[122.796947361607238,11.551970050357374],[122.796947231429144,11.552150922626092],[122.796763806065186,11.552150794200999],[122.796763675767451,11.552331666465454],[122.796763545467513,11.5525125387276],[122.796763415165344,11.552693410987436],[122.79657998945072,11.552693282440218],[122.796579859028824,11.552874154695791],[122.796396433198836,11.552874026030446],[122.79621300737098,11.552873897249194],[122.796029581545341,11.552873768351946],[122.79602945076843,11.553054640599081],[122.796212876711664,11.553054769498461],[122.796212746050145,11.55323564174533],[122.796029319989316,11.553235512843996],[122.795845893930704,11.553235383826665],[122.795662467874223,11.553235254693339],[122.795662336857788,11.55341612693177],[122.795845763031863,11.553416256067228],[122.796029189208056,11.553416385086601],[122.796029058424594,11.553597257326986],[122.796212484720698,11.553597386232495],[122.796212354052599,11.553778258472702],[122.796028927638901,11.553778129565062],[122.796028796851076,11.553959001800918],[122.795845370321999,11.553958872775327],[122.795845501227504,11.553778000541515],[122.795662074818154,11.553777871401971],[122.795662205839037,11.553596999167981],[122.795478779549583,11.553596869914573],[122.795478910685844,11.553415997680494],[122.795479041819974,11.553235125444017],[122.795479172951872,11.553054253205408],[122.795479304081653,11.55287338096449],[122.795479435209117,11.552692508721352],[122.795296009509869,11.552692379362339],[122.795112583812838,11.552692249887331],[122.794929158117938,11.552692120296415],[122.794745732425255,11.552691990589503],[122.794745600827326,11.552872862824382],[122.79492902663759,11.552872992533336],[122.794928895155039,11.553053864768037],[122.795112321085128,11.553053994363127],[122.795112189718026,11.553234866597561],[122.795112058348721,11.553415738829864],[122.794928632183343,11.5534156092306],[122.794928500694311,11.553596481458461],[122.794745074413569,11.553596351741158],[122.794561648135044,11.553596221907858],[122.794378221858736,11.553596091958562],[122.794194795584659,11.553595961893359],[122.794194927544254,11.553415089673758],[122.794011501389988,11.55341495949469],[122.793828075237954,11.553414829199538],[122.793827943043155,11.553595701414965],[122.793644516775657,11.553595571001773],[122.793644384461047,11.55377644321276],[122.793460958078256,11.55377631268153],[122.793460825643749,11.553957184888253],[122.79327739914558,11.553957054238984],[122.793277266591261,11.554137926441266],[122.79309383997763,11.554137795673869],[122.793093707303484,11.554318667871888],[122.793093574627221,11.554499540067598],[122.792910147780532,11.55449940918003],[122.792910014984443,11.554680281371299],[122.792726588022376,11.554680150365693],[122.79254316106254,11.55468001924409],[122.792543028028859,11.554860891428964],[122.792359600953645,11.554860760189234],[122.792359467800154,11.555041632369756],[122.792176040609476,11.555041501011987],[122.791992613421101,11.555041369538133],[122.791992480030117,11.555222241712171],[122.791809052726364,11.555222110120278],[122.791625625424757,11.555221978412389],[122.791442198125452,11.555221846588504],[122.791258770828364,11.555221714648622],[122.791258636964599,11.555402586812002],[122.791442064379368,11.555402718754015],[122.791625491796353,11.555402850579943],[122.791808919215569,11.555402982289964],[122.791992346637002,11.555403113883989],[122.792175774060652,11.555403245362017],[122.792175907336173,11.555222373188156],[122.792359334644445,11.555222504548057],[122.792542761955033,11.555222635791962],[122.792726189267754,11.555222766919959],[122.792726322188088,11.555041894737395],[122.79290974938543,11.555042025747264],[122.793093176584989,11.555042156641138],[122.793276603786779,11.555042287419015],[122.793276736352112,11.554861415228013],[122.793460163438439,11.554861545887762],[122.79346029588396,11.554680673692408],[122.793643722854895,11.554680804234119],[122.79364385518052,11.554499932034323],[122.793827282036091,11.554500062457995],[122.793827414241889,11.554319190253848],[122.793827546445556,11.55413831804748],[122.79382767864692,11.553957445838892],[122.794011105151839,11.553957576140261],[122.794194531658974,11.553957706325635],[122.794194399692714,11.554138578538486],[122.794377826319675,11.554138708609996],[122.794561252948853,11.554138838565509],[122.794561121215651,11.554319710780225],[122.79474454796464,11.554319840621874],[122.794927974715762,11.554319970347526],[122.794927843215703,11.554500842564197],[122.795111270086636,11.554500972175985],[122.7952946969598,11.554501101671688],[122.795294828224655,11.554320229450932],[122.795478254982442,11.554320358828685],[122.795661681742359,11.554320488090353],[122.795845108504494,11.554320617236113],[122.796028535268761,11.554320746265967],[122.796211962035329,11.554320875179735],[122.796395388804044,11.554321003977597],[122.796578815574875,11.554321132659373],[122.796578685133355,11.554502004894696],[122.796762112024012,11.554502133462696],[122.796945538916887,11.554502261914612],[122.797128965811893,11.554502390250621],[122.797312392709117,11.554502518470544],[122.797312522680173,11.55432164622705],[122.797312652649097,11.554140773981159],[122.797496079313262,11.554140902081089],[122.797496209162375,11.553960029830934],[122.797496339009356,11.553779157578559],[122.797679765440378,11.553779285558319],[122.797679895167633,11.55359841330168],[122.797863321483192,11.553598541163401],[122.79786345109062,11.55341766890241],[122.797680024892571,11.553417541042732],[122.797680154615378,11.553236668781564],[122.797680284336053,11.553055796518086],[122.797863710298927,11.553055924373679],[122.79786383989979,11.552875052105938],[122.798047265747186,11.552875179843491],[122.798047395228323,11.552694307571398],[122.798230820960256,11.552694435191002],[122.798414246694421,11.55269456269461],[122.798597672430617,11.552694690082221],[122.79859754330235,11.552875562360443],[122.798780969158457,11.55287568963419],[122.798780840145568,11.553056561912234],[122.798780711130462,11.553237434187968],[122.798780582113309,11.553418306461483],[122.798964008324319,11.553418433625362],[122.798963879422544,11.55359930589861],[122.798963750518723,11.553780178169637],[122.798963621612685,11.553961050438444],[122.799147048178625,11.553961177492544],[122.799330474746782,11.55396130443056],[122.79951390131707,11.553961431252668],[122.799697327889575,11.553961557958781],[122.799880754464212,11.553961684548986],[122.800064181040895,11.553961811023106],[122.800064309241279,11.553780938742131],[122.800064437439531,11.553600066458847],[122.800064565635651,11.553419194173342],[122.800064693829555,11.553238321885617],[122.800064822021412,11.553057449595583],[122.799881396032703,11.553057323131588],[122.799881524339938,11.552876450841287],[122.799698098470955,11.552876324263339],[122.799514672604104,11.552876197569484],[122.799514801144483,11.552695325281048],[122.799698226893639,11.55269545197295],[122.799881652645027,11.552695578548855],[122.799881780947999,11.552514706254113],[122.800065206583838,11.55251483271198],[122.800065334767083,11.552333960412975],[122.800065462948183,11.552153088111661],[122.800248888351049,11.552153214449623],[122.800432313756048,11.5521533406715],[122.800615739163177,11.552153466777471],[122.800615611334948,11.552334339084824],[122.800799036861804,11.55233446507693],[122.800982462390792,11.552334590952951],[122.801165887921911,11.552334716713153],[122.801349313455248,11.55233484235727],[122.801349440813198,11.552153970041834],[122.801349568168916,11.551973097724089],[122.801349695522603,11.551792225404123],[122.801166270342051,11.551792099766045],[122.800982845163716,11.551791974011971],[122.800982717574925,11.55197284632794],[122.800982589983931,11.5521537186416],[122.800799164572538,11.552153592767533],[122.800799292281042,11.551972720455828],[122.800615866989375,11.551972594467896],[122.80043244169984,11.55197246836388],[122.800432569641416,11.55179159605404],[122.800249144471607,11.551791469836159],[122.80006571930393,11.551791343502371],[122.80006584747855,11.551610471194307],[122.799882422430599,11.551610344746566],[122.799882550720696,11.551429472438324],[122.799699125792472,11.551429345876718]],[[122.802269229602416,11.548356277157046],[122.802269356325667,11.548175404782013],[122.802452779167567,11.548175529684235],[122.802452652561811,11.548356402061311],[122.802269229602416,11.548356277157046]],[[122.797129876387146,11.553236284512769],[122.797313302461035,11.553236412718304],[122.7973134324169,11.553055540458912],[122.797496858375411,11.553055668546497],[122.797496728537141,11.553236540807932],[122.797496598696739,11.553417413067057],[122.797313172503038,11.553417284975387],[122.797129746311469,11.55341715676772],[122.797129876387146,11.553236284512769]]],[[[122.800432953453409,11.551248979111017],[122.800432825518243,11.551429851427608],[122.800616250454993,11.551429977525496],[122.800616378272565,11.551249105206862],[122.800432953453409,11.551248979111017]]],[[[122.800616250454993,11.551429977525496],[122.800616122635276,11.551610849841909],[122.800799547691753,11.551610975825843],[122.800799675393961,11.551430103507476],[122.800616250454993,11.551429977525496]]],[[[122.800799547691753,11.551610975825843],[122.800799419987513,11.55179184814199],[122.800982845163716,11.551791974011971],[122.800982972750461,11.551611101693782],[122.800799547691753,11.551610975825843]]],[[[122.795662729900627,11.552873510209638],[122.795846155721918,11.55287363933879],[122.796029581545341,11.552873768351946],[122.796029712320106,11.55269289610259],[122.796029843092654,11.552512023851014],[122.795846417504421,11.552511894841944],[122.79566299191832,11.552511765716877],[122.79547956633445,11.552511636475904],[122.795479435209117,11.552692508721352],[122.795662860910582,11.552692637964368],[122.795662729900627,11.552873510209638]]],[[[122.800430906233601,11.554142935906375],[122.800247479534875,11.554142809662116],[122.800247351447922,11.554323681940692],[122.800430778264143,11.554323808186906],[122.800430650292554,11.554504680465216],[122.800614077228587,11.554504806597565],[122.800797504166766,11.554504932613918],[122.800980931107162,11.554505058514275],[122.800981058725867,11.554324186229925],[122.800981186342369,11.554143313943266],[122.800797759637348,11.554143188046906],[122.800614332934359,11.554143062034639],[122.800430906233601,11.554142935906375]]],[[[122.789607655408417,11.555582266256392],[122.78979108292053,11.555582399244413],[122.789974510434959,11.555582532116526],[122.790157937951605,11.555582664872555],[122.790341365470553,11.555582797512587],[122.790341499924594,11.555401925362174],[122.790158072523326,11.555401792724274],[122.789974645124289,11.555401659970288],[122.78979121772754,11.555401527100395],[122.789607790333022,11.555401394114506],[122.789607655408417,11.555582266256392]]],[[[122.789414904531469,11.568062305354632],[122.789414769331174,11.568243177336557],[122.789598205080082,11.56824331059032],[122.789598340162598,11.568062438606175],[122.789414904531469,11.568062305354632]]],[[[122.789965076584551,11.568243576749504],[122.789964941735263,11.568424448735692],[122.790148377608688,11.568424581643155],[122.790148512340195,11.568243709654835],[122.789965076584551,11.568243576749504]]],[[[122.790698550862032,11.56860585166144],[122.790698685242461,11.568424979668945],[122.790515249362286,11.568424847109826],[122.790515114864093,11.5686057191001],[122.790698550862032,11.56860585166144]]],[[[122.790698550862032,11.56860585166144],[122.790698416479316,11.568786723651536],[122.790881852597252,11.568786856098834],[122.790881986862118,11.568605984106517],[122.790698550862032,11.56860585166144]]],[[[122.790881852597252,11.568786856098834],[122.79088171833007,11.568967728088841],[122.791065154568102,11.568967860422186],[122.791065288717505,11.568786988429958],[122.790881852597252,11.568786856098834]]],[[[122.791248456774483,11.569148864631318],[122.791065020416468,11.569148732412105],[122.791064886262632,11.569329604399714],[122.791248322738412,11.569329736621148],[122.791248456774483,11.569148864631318]]],[[[122.791247786571745,11.570053224557642],[122.791064349624875,11.57005309232777],[122.791064215459755,11.570233964304188],[122.79124765252449,11.570234096536192],[122.791247786571745,11.570053224557642]]],[[[122.790513635235584,11.570595310844611],[122.790330197944272,11.570595178143739],[122.790330063301397,11.570776050104881],[122.790513500710475,11.570776182807796],[122.790513635235584,11.570595310844611]]],[[[122.790146625894536,11.570775917285792],[122.789963188489892,11.570775784350529],[122.789963053609071,11.570956656305098],[122.79014649113148,11.570956789242492],[122.790146625894536,11.570775917285792]]],[[[122.791060055231497,11.575840994453168],[122.791059920994783,11.576021866357378],[122.791243361829757,11.576021998657238],[122.791243495948692,11.575841126750985],[122.791060055231497,11.575840994453168]]],[[[122.795829252252275,11.576206140345446],[122.795829121075329,11.57638701229966],[122.796012562203572,11.576387141582467],[122.796012693262654,11.576206269626121],[122.795829252252275,11.576206140345446]]],[[[122.791609707951281,11.576745750528117],[122.791426266640343,11.576745618452167],[122.791426132628075,11.576926490349271],[122.791609574056878,11.576926622427441],[122.791609707951281,11.576745750528117]]],[[[122.793443723028773,11.577289680650571],[122.793260281342043,11.577289549730407],[122.79326014850173,11.5774704216419],[122.79344359030641,11.577470552564195],[122.793443723028773,11.577289680650571]]],[[[122.793443324854934,11.577832296384605],[122.79325988281461,11.577832165458135],[122.793259749967632,11.578013037362789],[122.793443192125906,11.57801316829139],[122.793443324854934,11.577832296384605]]],[[[122.796745281958408,11.57783463318709],[122.796561839878478,11.577834504352635],[122.796561709153266,11.578015376294859],[122.796745151351061,11.578015505131356],[122.796745281958408,11.57783463318709]]],[[[122.796561316964585,11.578557992108029],[122.796377874415256,11.578557863149053],[122.796377743563482,11.578738735080174],[122.796561186230676,11.578738864041194],[122.796561316964585,11.578557992108029]]],[[[122.789589419873735,11.579999984721168],[122.789405976465716,11.579999851328404],[122.789405841116391,11.580180723161471],[122.789589284642275,11.580180856556366],[122.789589419873735,11.579999984721168]]],[[[122.78995617170078,11.580181122997546],[122.789772728170377,11.580180989835087],[122.789772593054536,11.580361861670196],[122.789956036702819,11.580361994834787],[122.78995617170078,11.580181122997546]]],[[[122.791240142303863,11.580362923731835],[122.791056698639878,11.580362791380994],[122.791056564347031,11.580543663228804],[122.791240008128966,11.580543795581777],[122.791423451913133,11.580543927818487],[122.791423585970165,11.580363055966414],[122.791240142303863,11.580362923731835]]],[[[122.791973783279118,11.580544323831132],[122.791790339488216,11.580544191943121],[122.791790205664768,11.580725063797148],[122.791973649573549,11.580725195687203],[122.791973783279118,11.580544323831132]]],[[[122.790322519706223,11.580904876326192],[122.790322654475133,11.580724004491438],[122.790139210586517,11.58072387155511],[122.790139075699656,11.580904743387732],[122.790322519706223,11.580904876326192]]],[[[122.790322519706223,11.580904876326192],[122.79032238493501,11.581085748158726],[122.790505829061743,11.581085880983055],[122.790505963714921,11.58090500914839],[122.790322519706223,11.580904876326192]]]]}},
{"type":"Feature","properties":{"fid":50,"HAZ":2.0,"layer":"Capiz_StormSurge_SSA4","path":"/Users/jhannaroseverzo/Downloads/Capiz/Capiz_StormSurge_SSA4.shp","Risk Level":"Medium","fid_2":250,"SYSTRA ID":"250","DAR ID":"177","Target Year":"2028","Bridge Category":"Original List","Bridge Name":"AGTAN BRIDGE","Coordinates Y":"11.550917","Coordinates X":"122.775139","Region":"VI","Province":"CAPIZ","ARC 2026":"AGCALCALAN ARC","LINEAR METER IVF 2026":"33","EIRR 2026":"0.13","NEW/REPLACEMENT BRIDGE 2026":"new","Visited by SYSTRA":"No","Selected for 2nd Visit of SYSTRA":"Yes","Final Funder":"AFD","2023 IVF URL":"","2026 IVF URL":"https://docs.google.com/spreadsheets/u/1/d/1IvLZ4eITQ5KWoN3EBoUR0PaBp7g3GhOI/edit"},"geometry":{"type":"MultiPolygon","coordinates":[[[[122.734948235583815,11.55354788251528],[122.734948065634242,11.553728753959946],[122.735131491210751,11.553728921486384],[122.735131661042729,11.553548050039142],[122.734948235583815,11.55354788251528]]],[[[122.732927301612264,11.556982588596965],[122.732743873952629,11.556982419629902],[122.732743702537391,11.557163290999251],[122.732560274763003,11.557163121913527],[122.732376846991542,11.557162952711808],[122.732193419222824,11.557162783394093],[122.732193590991116,11.556981912032915],[122.732193762756481,11.556801040669429],[122.73237719028981,11.556801209981726],[122.732377361934653,11.556620338613355],[122.732560789353229,11.556620507806903],[122.732560960877535,11.556439636433558],[122.732744388181288,11.556439805508445],[122.732744559585157,11.556258934130037],[122.732927986774243,11.556259103086175],[122.73292815805749,11.556078231702882],[122.733111585131823,11.556078400540271],[122.733111756294633,11.555897529152004],[122.733111927454615,11.555716657761428],[122.733112098611656,11.555535786368631],[122.733295525335961,11.555535955081941],[122.733295696372565,11.555355083684171],[122.733295867406326,11.555174212284181],[122.73311244091731,11.555174043576288],[122.732929014431221,11.5551738747524],[122.732745587947974,11.555173705812605],[122.73256216146757,11.555173536756724],[122.732562332968953,11.554992665365349],[122.732378906609085,11.554992496196226],[122.732195480252045,11.554992326911107],[122.732012053897932,11.55499215751008],[122.732011882043679,11.555173028893284],[122.731828455574728,11.555172859373508],[122.731828283600024,11.555353730751827],[122.73164485701632,11.555353561113302],[122.731644684921093,11.555534432486558],[122.731644512822939,11.555715303857594],[122.731644340721942,11.55589617522641],[122.731460913788212,11.555896005463806],[122.731460741566778,11.556076876827559],[122.731460569342318,11.556257748189092],[122.731643996511238,11.556257917957291],[122.731643824401615,11.556438789319268],[122.73164365228908,11.556619660679024],[122.73146022488487,11.556619490905495],[122.731276797483517,11.556619321015882],[122.731093370085091,11.556619151010272],[122.731093197616744,11.556800022359637],[122.730909770103565,11.556799852235367],[122.730726342593229,11.556799681995011],[122.730726169886751,11.556980553336649],[122.730909597514682,11.556980723579668],[122.73090942492297,11.55716159492175],[122.730725997177359,11.557161424675977],[122.730725824465111,11.557342296013084],[122.730542396604747,11.557342125648562],[122.730358968747211,11.557341955168043],[122.730358795796761,11.557522826497424],[122.730175367824572,11.557522655898067],[122.729991939855225,11.557522485182803],[122.729808511888805,11.557522314351454],[122.729780936547556,11.557522288652379],[122.729840792742195,11.557951996774271],[122.729861142256951,11.558064977803962],[122.729991420280527,11.558065099140924],[122.730174848602843,11.558065269864448],[122.730358276927987,11.558065440471976],[122.730541705256073,11.558065610963508],[122.73054187809764,11.557884739638125],[122.730725306310873,11.557884910010907],[122.730725133587086,11.558065781338955],[122.730908561920941,11.558065951598406],[122.731091990257639,11.558066121741861],[122.731275418597363,11.55806629176932],[122.73145884693983,11.558066461680694],[122.731459019193068,11.557885590341721],[122.731642447420782,11.557885760134345],[122.731825875651339,11.557885929811063],[122.73182604766636,11.557705058464274],[122.732009475782263,11.557705228022241],[122.732192903900909,11.557705397464124],[122.732376332022497,11.557705566790011],[122.732376503681706,11.557524695432919],[122.732559931688456,11.557524864640056],[122.732743359698119,11.557525033731197],[122.732926787710724,11.557525202706342],[122.732926959014051,11.55734433133877],[122.733110386911804,11.557344500195255],[122.733110558094694,11.557163628822709],[122.733293985877708,11.557163797560444],[122.733294156939976,11.556982926182924],[122.733477584608153,11.556983094801909],[122.733477413663465,11.557163966182094],[122.73347724271585,11.557344837560057],[122.733660670622228,11.557345006068465],[122.733660841452163,11.557164134687747],[122.73384426924369,11.557164303077494],[122.734027697038073,11.557164471351156],[122.734211124835284,11.557164639508821],[122.734211295309493,11.556983768117801],[122.734394722991965,11.556983936156717],[122.73457815067718,11.556984104079726],[122.734761578365337,11.55698427188665],[122.734761748483649,11.556803400485327],[122.734945176057053,11.55680356817359],[122.734945006056321,11.556984439577578],[122.735128433750162,11.55698460715251],[122.7351286036332,11.556803735745769],[122.735312031212274,11.55680390320204],[122.735495458794119,11.556804070542315],[122.73549562843904,11.556623199127936],[122.735679055906118,11.556623366349461],[122.735678886378793,11.556804237766505],[122.73567871684871,11.556985109181328],[122.73586214455382,11.556985276292275],[122.735861975138505,11.557166147707543],[122.736045402964223,11.55716631470507],[122.73604523366366,11.557347186120781],[122.736228661609815,11.557347353005065],[122.73622849242409,11.557528224421132],[122.736411920490781,11.557528391192085],[122.736411751419894,11.557709262608595],[122.73641158234615,11.557890134022886],[122.736595010650873,11.557890300683171],[122.736595179606923,11.557709429266216],[122.73659534856013,11.557528557847041],[122.736595517510594,11.557347686425556],[122.736412089558826,11.557347519773353],[122.736412258624028,11.557166648352313],[122.736412427686403,11.556985776928963],[122.736228999972667,11.556985610166093],[122.736229169149965,11.556804738743276],[122.736229338324321,11.55662386731815],[122.73622950749585,11.556442995890803],[122.736229676664621,11.556262124461147],[122.736229845830451,11.556081253029271],[122.736413272955943,11.556081419778819],[122.736413442001336,11.555900548341969],[122.736413611043986,11.555719676902898],[122.736230184153783,11.555719510158768],[122.736230353311171,11.555538638720142],[122.736046926541405,11.555538471862681],[122.735863499774467,11.555538304889224],[122.735863669164303,11.555357433453706],[122.735680242517816,11.555357266366917],[122.735680412022489,11.555176394931843],[122.735496985496525,11.555176227731812],[122.735313558973303,11.555176060415784],[122.735130132453023,11.55517589298376],[122.734946705935499,11.55517572543574],[122.734946535960347,11.555356596860067],[122.734763109328156,11.555356429193386],[122.734763279420889,11.555175557771724],[122.734763449510794,11.554994686347841],[122.734763619597842,11.554813814921649],[122.734763789682063,11.554632943493237],[122.734763959763427,11.554452072062604],[122.734947385807558,11.554452239715873],[122.7349475557685,11.554271368280267],[122.734947725726585,11.55409049684244],[122.734947895681842,11.553909625402303],[122.734764469990495,11.553909457757117],[122.734764299917643,11.554090329194588],[122.734764129841963,11.554271200629751],[122.734580703918269,11.554271032863239],[122.734580533722138,11.554451904293428],[122.734580363523179,11.554632775721396],[122.734580193321278,11.554813647147055],[122.734580023116635,11.554994518570494],[122.734396596725304,11.554994350677239],[122.734396426400139,11.555175222095704],[122.734396256072117,11.555356093511948],[122.734396085741253,11.555536964925972],[122.734212658999908,11.555536796908639],[122.734212488548607,11.5557176683176],[122.734212318094379,11.55589853972443],[122.734028891120587,11.555898371585682],[122.734028720546007,11.556079242987538],[122.734028549968414,11.556260114387085],[122.734028379388064,11.556440985784411],[122.733844952064246,11.556440817521585],[122.733661524743269,11.556440649142674],[122.733661353924802,11.556621520532362],[122.733477926489073,11.55662135203479],[122.733477755549984,11.556802223419504],[122.733294327999502,11.556802054803184],[122.733110900451862,11.556801886070867],[122.732927472906979,11.556801717222642],[122.732927301612264,11.556982588596965]],[[122.734395745071012,11.555898707747181],[122.734395915407546,11.555717836337687],[122.734579342269342,11.555718004241777],[122.734579172050474,11.555898875653936],[122.734579001828692,11.556079747063874],[122.734578831604054,11.556260618471592],[122.734395404389389,11.556260450559419],[122.734395234044314,11.556441321962163],[122.734211806714725,11.556441153931241],[122.73421197717748,11.55626028253125],[122.734212147637393,11.55607941112895],[122.734212318094379,11.55589853972443],[122.734395745071012,11.555898707747181]],[[122.734579512485453,11.555537132827309],[122.734762939232482,11.555537300612739],[122.734762769134065,11.555718172029872],[122.734579342269342,11.555718004241777],[122.734579512485453,11.555537132827309]]],[[[122.730176406189884,11.556437427904553],[122.730176579240606,11.556256556564337],[122.7301767522885,11.556075685221989],[122.729993325260267,11.556075514528574],[122.729809898234961,11.556075343719252],[122.729809724951792,11.556256215056182],[122.729626297811734,11.55625604412811],[122.7296045521867,11.55625602385051],[122.72962974995481,11.556436918838525],[122.729809551665781,11.556437086390803],[122.729992978926362,11.556437257205721],[122.729992805755117,11.556618128540785],[122.73017623313622,11.556618299242372],[122.730176406189884,11.556437427904553]]],[[[122.730359660520165,11.556618469827962],[122.730359487581254,11.556799341166402],[122.73054291508582,11.55679951163866],[122.730543087907137,11.556618640297556],[122.730359660520165,11.556618469827962]]],[[[122.736594503765858,11.558432914920447],[122.73659433479844,11.558613786328431],[122.73677776357674,11.558613952883379],[122.736777932426378,11.558433081472819],[122.736594503765858,11.558432914920447]]],[[[122.734576107623184,11.559154560687857],[122.734759536723189,11.55915472852711],[122.734942965826122,11.559154896250368],[122.73494313586086,11.558974024873381],[122.734759706875707,11.558973857152788],[122.734576277893382,11.558973689316199],[122.734576107623184,11.559154560687857]]],[[[122.736593827879489,11.559156400538617],[122.736593996855348,11.558975529137472],[122.736410567844601,11.55897536246111],[122.736410398751161,11.559156233859591],[122.736593827879489,11.559156400538617]]],[[[122.734576107623184,11.559154560687857],[122.734392678526035,11.559154392732518],[122.7343925081354,11.559335264099113],[122.734575937350144,11.559335432057205],[122.734576107623184,11.559154560687857]]],[[[122.736043540502848,11.559155900153462],[122.735860111382948,11.559155733126358],[122.735859941933697,11.559336604514536],[122.736043371171277,11.559336771544393],[122.736043540502848,11.559155900153462]]],[[[122.736226969625577,11.559156067064569],[122.7362268004116,11.559336938458165],[122.736410229654865,11.559337105255851],[122.736410398751161,11.559156233859591],[122.736226969625577,11.559156067064569]]],[[[122.73769423443639,11.559338269591235],[122.737877663702122,11.559338435460687],[122.738061092970696,11.559338601214231],[122.738061261008014,11.559157729793901],[122.737877831857119,11.55915756404311],[122.737694402708982,11.559157398176234],[122.737510973563687,11.559157232193362],[122.737327544421234,11.559157066094494],[122.737327375913267,11.559337937504077],[122.7375108051734,11.559338103605699],[122.73769423443639,11.559338269591235]]],[[[122.734209078923399,11.559335096025114],[122.734208908412242,11.559515967386824],[122.734392337741838,11.559516135463577],[122.7343925081354,11.559335264099113],[122.734209078923399,11.559335096025114]]],[[[122.7362268004116,11.559336938458165],[122.736043371171277,11.559336771544393],[122.736043201836765,11.559517642933015],[122.736226631194782,11.559517809849451],[122.7362268004116,11.559336938458165]]],[[[122.737143778027487,11.559518642691247],[122.737143609396156,11.559699514093635],[122.737143440762154,11.559880385493804],[122.737143272125238,11.560061256891663],[122.737326701853263,11.560061423119938],[122.737326870372414,11.559880551719415],[122.737327038888907,11.559699680316582],[122.737327207402458,11.55951880891144],[122.737327375913267,11.559337937504077],[122.737143946655976,11.559337771286549],[122.737143778027487,11.559518642691247]]],[[[122.73861104541632,11.559700840628162],[122.73842761590403,11.559700675217455],[122.738427448093645,11.559881546636275],[122.738610877723616,11.559881712049647],[122.73861104541632,11.559700840628162]]],[[[122.738610877723616,11.559881712049647],[122.738610710028155,11.560062583468822],[122.738794139778662,11.560062748768862],[122.738977569531997,11.560062913952818],[122.738977736992084,11.559882042528224],[122.738794307356514,11.559881877346934],[122.738610877723616,11.559881712049647]]],[[[122.739895052081224,11.559701995254157],[122.739711622549208,11.559701830655689],[122.739711455562613,11.559882702093072],[122.73952802591576,11.559882537375854],[122.739344596271749,11.559882372542729],[122.739344429047037,11.560063243972563],[122.739160999288089,11.560063079020688],[122.738977569531997,11.560062913952818],[122.738977402069068,11.560243785375013],[122.73916083194284,11.560243950445637],[122.739344261819383,11.560244115400087],[122.739344094589057,11.560424986825479],[122.739527524586123,11.560425151666598],[122.739527691698754,11.56024428023863],[122.739527858808728,11.560063408808352],[122.739711288573162,11.560063573528145],[122.739894718340452,11.560063738131943],[122.740078148110584,11.560063902619655],[122.740078314864661,11.559883031179252],[122.740078481615896,11.55970215973654],[122.739895052081224,11.559701995254157]]],[[[122.737143103485465,11.56024212828739],[122.737142934842936,11.560422999680808],[122.737326364806336,11.560423165914413],[122.737326533331171,11.56024229451833],[122.737143103485465,11.56024212828739]]],[[[122.740261411244234,11.560244938432129],[122.740077981353664,11.560244774057837],[122.740077814593988,11.56042564549371],[122.740261244602237,11.560425809870667],[122.740261411244234,11.560244938432129]]],[[[122.74796546913808,11.560251737370697],[122.747965307438719,11.560432608918481],[122.748148737564918,11.56043276830574],[122.748332167693874,11.560432927576914],[122.748332329157861,11.560252056023979],[122.748148899146599,11.56025189675538],[122.74796546913808,11.560251737370697]]],[[[122.733473823164189,11.560962264645402],[122.733473994168918,11.560781393312558],[122.73347416517079,11.560600521977404],[122.733474336169834,11.56041965064003],[122.73329090626612,11.560419481969619],[122.733290735149311,11.56060035330424],[122.733290564029744,11.56078122463664],[122.733290392907335,11.56096209596682],[122.733473823164189,11.560962264645402]]],[[[122.736959167353447,11.560784576105787],[122.737142597549365,11.560784742460806],[122.737142766197579,11.560603871071917],[122.736959336119256,11.560603704719563],[122.736959167353447,11.560784576105787]]],[[[122.740444341556284,11.560787717007193],[122.740444508086185,11.56060684557052],[122.740261077957499,11.560606681306984],[122.740260911309917,11.560787552740992],[122.740260744659579,11.560968424172779],[122.740444175023626,11.560968588441645],[122.740444341556284,11.560787717007193]]],[[[122.736775737160286,11.560784409634772],[122.736775568273956,11.560965281016111],[122.736958998584711,11.56096544748979],[122.736959167353447,11.560784576105787],[122.736775737160286,11.560784409634772]]],[[[122.746497541236536,11.560793072690911],[122.746314110899391,11.560792912254181],[122.746313948132709,11.560973783772033],[122.74649737858762,11.560973944211339],[122.746497541236536,11.560793072690911]]],[[[122.736592137965943,11.560965114426347],[122.73659196895909,11.561145985802712],[122.736775399384697,11.561146152395141],[122.736775568273956,11.560965281016111],[122.736592137965943,11.560965114426347]]],[[[122.740627272552231,11.56133049546173],[122.740627438972709,11.561149624029232],[122.740627605390529,11.560968752594425],[122.740444175023626,11.560968588441645],[122.740444008488225,11.561149459873787],[122.740443841950054,11.56133033130371],[122.740443675409054,11.561511202731323],[122.740627106128912,11.561511366892097],[122.740627272552231,11.56133049546173]]],[[[122.746313785363355,11.561154655287664],[122.746130354793507,11.561154494729697],[122.746130191903632,11.561335366240533],[122.746313622591245,11.561335526801075],[122.746313785363355,11.561154655287664]]],[[[122.736591799949309,11.561326857176768],[122.736591630936772,11.561507728548692],[122.736775061597825,11.56150789514645],[122.736775230492682,11.56132702377195],[122.736591799949309,11.561326857176768]]],[[[122.732739587710427,11.561504203187267],[122.732739416223424,11.561685074500216],[122.732739244733665,11.561865945810945],[122.732922675570322,11.561866114851282],[122.732922846942472,11.5616852435378],[122.732923018311709,11.561504372222098],[122.732739587710427,11.561504203187267]]],[[[122.740626773274016,11.561873109745902],[122.740443342318699,11.561872945579887],[122.740443175769343,11.56205381700075],[122.740626606842341,11.562053981169429],[122.740626773274016,11.561873109745902]]],[[[122.751998543012064,11.562968290846021],[122.751998702159597,11.562787419273901],[122.751998861304557,11.562606547699561],[122.751815429709765,11.562606390718999],[122.751815588969748,11.562425519144925],[122.75181574822706,11.562244647568631],[122.751815907481713,11.562063775990028],[122.751632476242719,11.562063618900931],[122.751632635612395,11.561882747322594],[122.7516327949794,11.561701875742036],[122.751632954343833,11.561521004159259],[122.751449523460465,11.561520846961626],[122.751449682939906,11.561339975379115],[122.75126625217689,11.561339818067973],[122.751266411771354,11.561158946485728],[122.75108298112869,11.561158789061077],[122.751083140838176,11.560977917479098],[122.750899710315934,11.560977759940938],[122.750716279796364,11.560977602286693],[122.750716439738468,11.560796730707557],[122.750716599678,11.560615859126111],[122.750533169396448,11.560615701360932],[122.750533329450917,11.560434829779753],[122.7505334895028,11.560253958196354],[122.750533649551926,11.560073086610645],[122.750533809598394,11.559892215022716],[122.750350379790248,11.559892057151666],[122.750166949984774,11.559891899164532],[122.750166789702931,11.560072770747398],[122.749983359782533,11.560072612641692],[122.749799929864693,11.56007245441999],[122.749799769344833,11.560253325995484],[122.74961633931207,11.56025316765521],[122.749432909281964,11.560253009198851],[122.74924947925453,11.560252850626496],[122.749249318378958,11.560433722192132],[122.749065888236501,11.560433563501116],[122.748882458096801,11.560433404694193],[122.748882296983197,11.560614276252368],[122.748698866728475,11.560614117326784],[122.748698705494419,11.560794988880252],[122.748515275124774,11.560794829836096],[122.748515113770296,11.560975701384768],[122.748698544257707,11.560975860431499],[122.748698383018251,11.561156731980438],[122.748698221776209,11.561337603527155],[122.748881652501566,11.561337762462953],[122.748881491374462,11.561518634010026],[122.748698060531325,11.561518475071653],[122.748514629690845,11.561518316017194],[122.748331198853123,11.56151815684674],[122.748331037370207,11.561699028383776],[122.748147606417476,11.56169886909475],[122.748147768018072,11.5615179975602],[122.74814792961601,11.56133712602343],[122.748148091211192,11.56115625448435],[122.747964660614173,11.561156095086966],[122.747964822324363,11.560975223548242],[122.747781391847781,11.56097506403726],[122.747781553673008,11.560794192498802],[122.747598123316763,11.5607940328744],[122.747414692963275,11.560793873133912],[122.747414530902788,11.560974744667218],[122.747231100434277,11.560974584808159],[122.747231262612544,11.560793713277429],[122.747047832264485,11.56079355330486],[122.74704799455769,11.560612681774485],[122.746864564329968,11.560612521688407],[122.746681134105089,11.560612361486333],[122.746497703882795,11.560612201168263],[122.746497541236536,11.560793072690911],[122.746680971576524,11.560793233011646],[122.746680809045202,11.560974104534649],[122.746864239505527,11.560974264741875],[122.746864077089228,11.561155136265233],[122.746863914670172,11.561336007786283],[122.746863752248359,11.561516879305112],[122.746680321435065,11.561516719090159],[122.746680158892914,11.561697590604192],[122.746496727964512,11.561697430270579],[122.746313297038867,11.56169726982097],[122.746313134258585,11.561878141327542],[122.746129703217917,11.561877980759272],[122.746129540317284,11.562058852261048],[122.746129377413823,11.562239723760603],[122.74612921450769,11.56242059525785],[122.745945783116724,11.562420434565768],[122.745945620090154,11.562601306058129],[122.745762188584166,11.562601145247475],[122.745578757080935,11.562600984320737],[122.745395325580375,11.562600823277913],[122.745211894082559,11.562600662119005],[122.745211730582497,11.562781533598843],[122.745028298969672,11.562781372321274],[122.745028135349173,11.562962243796315],[122.745027971725833,11.563143115268959],[122.745027808099834,11.563323986739471],[122.744844376136612,11.56332382533809],[122.744844212390177,11.563504696803717],[122.744660780312032,11.563504535283675],[122.744660616445145,11.563685406744417],[122.744477184251977,11.563685245105715],[122.744293752061566,11.563685083350927],[122.744293587956477,11.563865954804209],[122.744110155651143,11.563865792930761],[122.743926723348551,11.563865630941228],[122.743743291048617,11.56386546883561],[122.743559858751539,11.563865306613996],[122.743376426457118,11.563865144276209],[122.743376261760673,11.564046015714302],[122.743559694172788,11.564046178054666],[122.74355952959128,11.564227049493025],[122.743742962123903,11.564227211719968],[122.743743126587646,11.564046340278944],[122.743926559005246,11.564046502387137],[122.744109991425532,11.564046664379246],[122.744293423848646,11.564046826255359],[122.744476856274517,11.564046988015297],[122.744477020264583,11.563866116561661],[122.744660452575431,11.563866278202939],[122.744843884889036,11.563866439728132],[122.745027317205398,11.563866601137329],[122.745210749524418,11.563866762430353],[122.745210913040907,11.563685890964104],[122.745394345245003,11.563686052138555],[122.745577777451842,11.563686213196833],[122.745577940730129,11.563505341723124],[122.74576137282196,11.56350550266283],[122.745944804916448,11.563505663486451],[122.746128237013778,11.563505824193987],[122.74631166911378,11.563505984785438],[122.746311831918476,11.563325113299117],[122.746311994720514,11.563144241810575],[122.746128562855972,11.563144081224275],[122.746128399936254,11.563324952710241],[122.745944967956689,11.563324792005281],[122.745761535979796,11.563324631184235],[122.745578104005745,11.563324470247194],[122.745578267278603,11.563143598768955],[122.745761699134974,11.56314375970342],[122.745761862287495,11.562962888220385],[122.745945294028843,11.562963049036279],[122.746128725773033,11.562963209735999],[122.746312157519895,11.562963370319723],[122.74631232031642,11.562782498826651],[122.746495751948359,11.562782659291804],[122.746495914624447,11.562601787793847],[122.746679346141363,11.562601948140339],[122.746679508697099,11.562421076637586],[122.746679671250092,11.562240205132612],[122.746863102534306,11.562240365357868],[122.747046533821177,11.562240525467038],[122.747046696136053,11.562059653954604],[122.747230127307986,11.562059813945202],[122.747413558482677,11.562059973819716],[122.74741339640309,11.562240845337213],[122.747596827698132,11.562241005098217],[122.747596665733639,11.56242187661598],[122.747780097149118,11.562422036263476],[122.747963528567269,11.562422195794975],[122.747963366835393,11.562603067315669],[122.747963205100945,11.562783938834054],[122.748146636757212,11.56278409825453],[122.748146475137688,11.562964969773359],[122.748146313515505,11.56314584128979],[122.74832974540989,11.563146000599334],[122.748513177306947,11.563146159792881],[122.748696609206746,11.563146318870254],[122.748880041109217,11.563146477831632],[122.748879879955098,11.563327349356056],[122.74887971879842,11.56350822087826],[122.748879557638972,11.563689092398244],[122.74906298989724,11.563689251251086],[122.749062828852914,11.563870122771336],[122.749062667805731,11.564050994289365],[122.74906250675599,11.564231865805086],[122.749245939370155,11.56423202454957],[122.749429371986977,11.564232183178058],[122.749429532801358,11.564051311657186],[122.749612965303172,11.564051470167014],[122.749796397807742,11.564051628560668],[122.749979830314871,11.564051786838325],[122.749979990773369,11.563870915307595],[122.749980151229195,11.563690043774644],[122.749980311682265,11.563509172239383],[122.750163743839025,11.563509330393318],[122.750163904171743,11.56332845885335],[122.750164064501803,11.563147587311073],[122.750164224829206,11.562966715766487],[122.749980793025671,11.562966557620191],[122.749980953468096,11.56278568607596],[122.749981113907751,11.56260481452942],[122.749981274344833,11.56242394298066],[122.750164705795314,11.562424101119406],[122.750348137248452,11.562424259142068],[122.750531568704247,11.562424417048645],[122.750715000162714,11.562424574839136],[122.750715160126319,11.562243703277941],[122.750898591469763,11.562243860949861],[122.750898431623853,11.562424732513543],[122.751081863087734,11.562424890071954],[122.751081703356931,11.562605761635902],[122.751265134941164,11.562605919080804],[122.751448566527969,11.562606076409532],[122.751448407029955,11.562786947976322],[122.751631838737197,11.56278710519163],[122.751631679354119,11.562967976758598],[122.751631519968456,11.563148848323435],[122.75181495191373,11.563149005427631],[122.751998383861761,11.563149162415831],[122.751998543012064,11.562968290846021]],[[122.751082821416617,11.561339660640835],[122.75089939065893,11.561339503097612],[122.750899550488768,11.56115863152043],[122.75108298112869,11.561158789061077],[122.751082821416617,11.561339660640835]],[[122.747414206773527,11.561336487727081],[122.747414368839529,11.561155616198304],[122.747597799428377,11.561155775943854],[122.747781230019896,11.561155935573408],[122.747781068189354,11.561336807107336],[122.747780906356041,11.561517678639044],[122.747597475529162,11.561517519004338],[122.747414044704854,11.561517359253637],[122.747230613883303,11.56151719938685],[122.747230776069742,11.56133632786287],[122.747414206773527,11.561336487727081]],[[122.748881007976962,11.562061248637479],[122.748881169112153,11.561880377097244],[122.749064600193407,11.561880535924685],[122.749064439175896,11.562061407467406],[122.748881007976962,11.562061248637479]],[[122.749247387662038,11.562604180803815],[122.749063956107292,11.562604022082335],[122.748880524555204,11.56260386324468],[122.748880685698481,11.562422991711196],[122.749064117132789,11.562423150546275],[122.749247548569855,11.562423309265268],[122.749247709475014,11.562242437724413],[122.749431140797057,11.562242596324834],[122.749430980009578,11.562423467868266],[122.749430819219441,11.562604339409299],[122.749247387662038,11.562604180803815]],[[122.749797040096453,11.563328142434459],[122.749796879528262,11.563509013969364],[122.74961344737693,11.563508855583349],[122.749613608062802,11.563327984050931],[122.749797040096453,11.563328142434459]]],[[[122.736591123882192,11.562050342650698],[122.736590954858372,11.562231214013563],[122.736590785831723,11.562412085374119],[122.73677421708129,11.562412251985288],[122.736774385990174,11.562231380622068],[122.7367745548964,11.562050509256538],[122.736591123882192,11.562050342650698]]],[[[122.732738901745364,11.562227688425653],[122.732555470676175,11.562227519263901],[122.732555299060039,11.562408390565126],[122.732738730246993,11.562408559729631],[122.732738901745364,11.562227688425653]]],[[[122.740809871601357,11.562235016645905],[122.740626440407922,11.562234852590647],[122.740626273970662,11.562415724009734],[122.740809705281862,11.562415888067568],[122.740809871601357,11.562235016645905]]],[[[122.740809538959624,11.562596759486921],[122.740992970391261,11.562596923431334],[122.740993136595833,11.562416052009317],[122.740809705281862,11.562415888067568],[122.740809538959624,11.562596759486921]]],[[[122.750898431623853,11.562424732513543],[122.750715000162714,11.562424574839136],[122.750714840196551,11.562605446398022],[122.750898271775355,11.562605604075005],[122.750898431623853,11.562424732513543]]],[[[122.732371524399753,11.562769963874819],[122.732554955819225,11.562770133160827],[122.732555127441046,11.562589261864131],[122.732371696139253,11.562589092580788],[122.732371524399753,11.562769963874819]]],[[[122.736590278734781,11.562954699442374],[122.736590447769871,11.562773828088568],[122.736590616802218,11.562592956732454],[122.736407185437812,11.562592790002535],[122.736407016287785,11.562773661355985],[122.736406847134916,11.562954532707126],[122.736590278734781,11.562954699442374]]],[[[122.732188092983108,11.562769794472727],[122.732187921122986,11.562950665761784],[122.73237135265731,11.56295083516663],[122.732371524399753,11.562769963874819],[122.732188092983108,11.562769794472727]]],[[[122.741176235736035,11.562777958682036],[122.740992804183861,11.562777794851042],[122.74099263797379,11.562958666268619],[122.741176069643643,11.562958830102188],[122.741176235736035,11.562777958682036]]],[[[122.732187921122986,11.562950665761784],[122.732004489591603,11.562950496240942],[122.732004317610858,11.563131367525026],[122.732187749260021,11.563131537048621],[122.732187921122986,11.562950665761784]]],[[[122.736590109696749,11.563135570793959],[122.736773541417136,11.563135737415786],[122.736773710337388,11.562954866061537],[122.736590278734781,11.562954699442374],[122.736590109696749,11.563135570793959]]],[[[122.741175903548424,11.56313970152012],[122.741359335338799,11.563139865240268],[122.741359501316253,11.562958993819761],[122.741176069643643,11.562958830102188],[122.741175903548424,11.56313970152012]]],[[[122.741359335338799,11.563139865240268],[122.741359169358503,11.563320736658556],[122.741542601269416,11.563320900265284],[122.741542767131932,11.563140028844332],[122.741359335338799,11.563139865240268]]],[[[122.733288168055566,11.563313423053456],[122.733287996893111,11.563494294352017],[122.733471428797714,11.563494463068524],[122.733471599842488,11.563313591767299],[122.733288168055566,11.563313423053456]]],[[[122.737140236178718,11.563316941668633],[122.737140067488227,11.563497813023771],[122.737323499452515,11.563497979302761],[122.737323668025226,11.563317107944959],[122.737140236178718,11.563316941668633]]],[[[122.741909465099397,11.563321227130485],[122.741726033182985,11.563321063755927],[122.741725867435392,11.563501935177145],[122.741909299469484,11.563502098554368],[122.741909465099397,11.563321227130485]]],[[[122.732003973640758,11.563493110086442],[122.732003801651402,11.563673981363687],[122.732187233653704,11.563674150895453],[122.732370665658848,11.563674320311135],[122.732370837412745,11.563493449028384],[122.73218740552538,11.563493279615455],[122.732003973640758,11.563493110086442]]],[[[122.733654860705244,11.563494631669036],[122.733654689775307,11.563675502970705],[122.733838121803359,11.563675671457796],[122.733838292615516,11.563494800153373],[122.733654860705244,11.563494631669036]]],[[[122.742643027633576,11.56350275090241],[122.742459595588372,11.563502587989527],[122.742459430308855,11.563683459419005],[122.74264286247174,11.563683622334553],[122.742826294637368,11.563683785134016],[122.742826459681439,11.563502913699297],[122.742643027633576,11.56350275090241]]],[[[122.743376591150792,11.563684272835895],[122.743193158976894,11.563684110384687],[122.74319299416554,11.563864981822336],[122.743376426457118,11.563865144276209],[122.743376591150792,11.563684272835895]]],[[[122.734204815288535,11.563856879391343],[122.734204644706054,11.564037750696654],[122.734388076978092,11.564037918840908],[122.734388247442794,11.563857047532844],[122.734204815288535,11.563856879391343]]],[[[122.73585570478005,11.563858388486592],[122.735672272602955,11.563858221273593],[122.735672102962212,11.564039092600487],[122.735855535257073,11.56403925981615],[122.73585570478005,11.563858388486592]]],[[[122.734938373811431,11.56403842257725],[122.734938203696942,11.564219293891087],[122.735121636098114,11.564219461573755],[122.735121806094838,11.564038590257164],[122.734938373811431,11.56403842257725]]],[[[122.735305238381187,11.564038757820994],[122.735305068502143,11.564219629140249],[122.735488500909,11.564219796590747],[122.735488670670279,11.564038925268827],[122.735305238381187,11.564038757820994]]],[[[122.73640566298586,11.564220632101962],[122.736405832158454,11.564039760766631],[122.736222399855151,11.564039593899222],[122.736222230564792,11.564220465231889],[122.73640566298586,11.564220632101962]]],[[[122.736405493810352,11.564401503435073],[122.736588926351857,11.564401670191726],[122.736589095409698,11.564220798855951],[122.73640566298586,11.564220632101962],[122.736405493810352,11.564401503435073]]],[[[122.737506426037513,11.564040759533389],[122.737506257571198,11.564221630884797],[122.737506089102141,11.564402502233895],[122.737505920630142,11.564583373580772],[122.737689353306394,11.564583539643669],[122.737689521660613,11.564402668294127],[122.73768969001199,11.564221796942276],[122.737689858360611,11.564040925588204],[122.737506426037513,11.564040759533389]]],[[[122.736588926351857,11.564401670191726],[122.736588757291358,11.564582541525281],[122.736772189953484,11.564582708168514],[122.736772358896303,11.564401836832383],[122.736588926351857,11.564401670191726]]],[[[122.736772021007823,11.564763579502513],[122.736955453790486,11.564763746032325],[122.736955622618453,11.56458287469575],[122.736772189953484,11.564582708168514],[122.736772021007823,11.564763579502513]]],[[[122.737322487956746,11.56458320740188],[122.737139055286178,11.564583041106813],[122.737138886575977,11.564763912446141],[122.73732231936431,11.564764078743783],[122.7375057521554,11.56476424492543],[122.737505920630142,11.564583373580772],[122.737322487956746,11.56458320740188]]],[[[122.748511240455201,11.565316617876276],[122.748511401874339,11.565135746381694],[122.748511563290819,11.564954874884892],[122.748328130216493,11.564954715665854],[122.748327968682332,11.56513558716008],[122.748144535492983,11.565135427822382],[122.748144373838386,11.565316299311901],[122.748144212181032,11.565497170799022],[122.748327645605826,11.565497330141872],[122.748327807145415,11.565316458652086],[122.748511240455201,11.565316617876276]]],[[[122.74484241099843,11.565494282776667],[122.744842247219125,11.565675154215205],[122.745025680712672,11.565675315650248],[122.745025844374297,11.565494444209135],[122.74484241099843,11.565494282776667]]],[[[122.749795273699021,11.56531772919478],[122.749978707030294,11.565317887490201],[122.749978867507537,11.56513701597528],[122.749979027982093,11.56495614445805],[122.749979188454006,11.564775272938599],[122.749795755475944,11.564775114650816],[122.749795916062965,11.564594243131721],[122.749796076647215,11.564413371610316],[122.749612643907199,11.564413213211511],[122.749612483205254,11.56459408473034],[122.749429050350216,11.564593926212963],[122.749245617497934,11.564593767579412],[122.749245456557787,11.564774639090958],[122.749062023590383,11.564774480338746],[122.749061862529885,11.564955351845496],[122.749061701466644,11.565136223349937],[122.748878268266452,11.565136064476667],[122.748878107082859,11.565316935976311],[122.74887794589641,11.565497807473735],[122.74869451246353,11.565497648479139],[122.748694351156729,11.565678519971767],[122.748694189847285,11.565859391462086],[122.748877623515625,11.565859550461743],[122.74887746232119,11.566040421952328],[122.74869402853507,11.566040262950184],[122.748693867220197,11.566221134435972],[122.748693705902568,11.566402005919629],[122.748693544582281,11.566582877400888],[122.748693383259322,11.566763748879927],[122.748693221933621,11.566944620356745],[122.748693060605248,11.567125491831343],[122.748692899274204,11.567306363303631],[122.748509464666526,11.56730620416746],[122.748509303215059,11.567487075634952],[122.74850914176082,11.567667947100135],[122.748692576604057,11.567668106241458],[122.748692737940416,11.567487234773699],[122.748876172668531,11.567487393796272],[122.749059607399403,11.56748755270276],[122.749243042132946,11.567487711493163],[122.749426476869147,11.567487870167392],[122.749426637731844,11.567306998687199],[122.749610072352937,11.567307157242768],[122.749610233095197,11.56712628575769],[122.749793667601281,11.567126444194686],[122.74979382822319,11.566945572704812],[122.749793988842356,11.566764701212717],[122.749977423115553,11.566764859528478],[122.749977583614267,11.566583988031587],[122.749794149458765,11.566583829718402],[122.749794310072602,11.566402958221778],[122.749610876037522,11.566402799794995],[122.749611036766382,11.566221928298726],[122.74961119749257,11.566041056800147],[122.749427763695707,11.566040898262342],[122.749427924536903,11.56586002676403],[122.749428085375456,11.565679155263497],[122.74961151893686,11.565679313796151],[122.749611679654961,11.565498442290911],[122.749795113101257,11.565498600704904],[122.749795273699021,11.56531772919478]]],[[[122.736403801900181,11.566210216642014],[122.73640397110394,11.566029345331463],[122.736220537505588,11.566029178434656],[122.736037103910078,11.566029011421675],[122.73603693447086,11.566209882726808],[122.7360367650288,11.566390754029809],[122.736220198859769,11.56639092104812],[122.736220029532632,11.566571792351477],[122.736403463484223,11.566571959256366],[122.736586897438642,11.566572126045171],[122.736770331395917,11.566572292717892],[122.73677050036973,11.566391421406541],[122.736587066530234,11.566391254736486],[122.73640363269358,11.566391087950345],[122.736403801900181,11.566210216642014]]],[[[122.749977262614152,11.566945731023148],[122.750160697007786,11.566945889225311],[122.750160857391407,11.566765017728153],[122.749977423115553,11.566764859528478],[122.749977262614152,11.566945731023148]]],[[[122.750343971135578,11.567126918808901],[122.750343810864308,11.567307790304104],[122.750527245498816,11.567307948279071],[122.750527405652392,11.567127076781381],[122.750343971135578,11.567126918808901]]],[[[122.739336231607766,11.568925941272168],[122.73915279608029,11.568925776190442],[122.739152963559832,11.568744904873762],[122.738969528152879,11.568744739678616],[122.738786092748768,11.568744574367296],[122.738602657347414,11.568744408939891],[122.738602489514648,11.568925280248576],[122.738419053998356,11.568925114702422],[122.738418886044883,11.569105986006223],[122.738235450413669,11.56910582034123],[122.738235282339573,11.569286691640057],[122.738235114262736,11.569467562936753],[122.738234946183141,11.569648434231139],[122.738234778100704,11.569829305523216],[122.738234610015425,11.570010176813073],[122.738234441927304,11.570191048100709],[122.738417878265238,11.570191213781689],[122.738601314606029,11.570191379346495],[122.738784750949563,11.570191544795128],[122.738968187295939,11.570191710127675],[122.739151623645071,11.570191875344049],[122.739151791144252,11.570011004043179],[122.739335227378362,11.570011169140804],[122.739518663615399,11.570011334122254],[122.739702099855108,11.570011498987531],[122.739702266998037,11.569830627676447],[122.739702434138295,11.569649756363143],[122.73951899813413,11.569649591503106],[122.739519165389225,11.569468720190157],[122.739519332641663,11.569287848874898],[122.739519499891259,11.56910697755742],[122.739336064243162,11.569106812589203],[122.739336231607766,11.568925941272168]]],[[[122.747773783013685,11.569476023799785],[122.747773621058698,11.569656895229974],[122.747957057186596,11.56965705486388],[122.747957219023803,11.569476183431116],[122.747773783013685,11.569476023799785]]],[[[122.743554755532088,11.569472320225627],[122.743554590868158,11.569653191596307],[122.743554426201385,11.569834062964857],[122.74373786238435,11.569834225272446],[122.743738026933343,11.56965335390141],[122.743921463001186,11.569653516090339],[122.743921627429572,11.569472644714329],[122.743738191479494,11.569472482528065],[122.743554755532088,11.569472320225627]]],[[[122.746489405457197,11.569836645950682],[122.746489242672297,11.570017517358311],[122.746672679016726,11.570017677810407],[122.746856115363911,11.57001783814624],[122.74703955171384,11.570017998365989],[122.747039714145416,11.569837126950633],[122.747223150380236,11.569837287051632],[122.747406586617728,11.569837447036546],[122.747590022857977,11.569837606905287],[122.747590184933571,11.569656735479894],[122.747406748811102,11.569656575613729],[122.74722331269129,11.569656415631391],[122.747039876574249,11.569656255532967],[122.74685644045995,11.56965609531837],[122.746856277913253,11.56983696673346],[122.746672841683846,11.569836806400113],[122.746489405457197,11.569836645950682]]],[[[122.75015909302391,11.568754604072984],[122.749975657452552,11.568754445845419],[122.749792221883951,11.568754287501681],[122.749792382529932,11.568573416032235],[122.749608947081768,11.568573257574899],[122.749608786318021,11.568754129041858],[122.749425350754748,11.56875397046595],[122.749425511636275,11.568573099001478],[122.749425672515144,11.568392227534785],[122.74924223719016,11.568392068847766],[122.749058801867861,11.568391910044662],[122.749058640753447,11.568572781506292],[122.748875205316025,11.568572622584439],[122.748875044081089,11.568753494041273],[122.74887488284358,11.568934365495798],[122.748874721603315,11.569115236948102],[122.749058157394046,11.569115395877505],[122.749241593187534,11.569115554690823],[122.749241432180156,11.56929642614597],[122.749241271170106,11.569477297598896],[122.7492411101573,11.569658169049513],[122.749240949141836,11.569839040497909],[122.749424385409071,11.569839199205267],[122.749424224508715,11.57002007065393],[122.749607660896487,11.570020229247691],[122.749791097286831,11.570020387725366],[122.749974533679918,11.570020546086868],[122.749974373130215,11.57020141754086],[122.750157809643753,11.570201575788763],[122.750157970075691,11.570020704332196],[122.750341406474107,11.570020862461439],[122.750341566785522,11.569839991000075],[122.750341727094266,11.569659119536402],[122.750525163259809,11.569659277544408],[122.750525323448116,11.569478406076028],[122.750708759498551,11.569478563965374],[122.750892195551657,11.569478721738635],[122.750892035598895,11.569659593212078],[122.750891875643561,11.569840464683301],[122.751075311934869,11.569840622345451],[122.751075152094643,11.57002149381694],[122.75107499225166,11.570202365286208],[122.751074832406005,11.570383236753168],[122.751074672557792,11.570564108217907],[122.751258109322947,11.570564265774008],[122.751257949589743,11.570745137239014],[122.751257789853952,11.570926008701798],[122.751074352853166,11.570925851140634],[122.751074192996867,11.571106722598534],[122.751074033137897,11.571287594054303],[122.751073873276255,11.571468465507762],[122.75125731063045,11.571468623076475],[122.75125715088393,11.571649494530201],[122.751440588358562,11.571649651985316],[122.751624025835852,11.571649809324347],[122.751623866322291,11.571830680780826],[122.751807303920032,11.57183083800617],[122.75199074152043,11.57183099511534],[122.751990582239841,11.572011866574661],[122.752174019960762,11.572012023570233],[122.752174179123585,11.571831152108336],[122.752174338283737,11.571650280644308],[122.752174497441217,11.57146940917797],[122.75217465659604,11.571288537709323],[122.752174815748205,11.571107666238456],[122.75199137861631,11.571107509255585],[122.751991537883669,11.570926637784984],[122.751808100872225,11.570926480688426],[122.751808260254691,11.570745609218092],[122.751808419634486,11.570564737745537],[122.751808579011623,11.570383866270673],[122.751992015669657,11.570384023359681],[122.751992174926357,11.570203151880021],[122.751992334180301,11.57002228039814],[122.752175770605461,11.570022437366001],[122.752175929739053,11.569841565879324],[122.752359366049021,11.569841722728524],[122.752359525062175,11.56966085123714],[122.752359684072673,11.569479979743447],[122.752359843080413,11.569299108247533],[122.752360002085581,11.56911823674931],[122.752176566246703,11.569118079910234],[122.751993130410497,11.569117922954986],[122.751809694576949,11.569117765883652],[122.751626258746072,11.569117608696144],[122.751626418219658,11.568936737205737],[122.751442982509218,11.568936579904721],[122.751259546801435,11.568936422487441],[122.751259706507909,11.568755550999876],[122.751076270920564,11.568755393469088],[122.751076430742145,11.568574521981789],[122.751076590561055,11.56839365049227],[122.751260025912856,11.568393808017996],[122.751260185611329,11.568212936523681],[122.751260345307145,11.568032065027056],[122.751443780426058,11.568032222431635],[122.751443940001522,11.567851350930303],[122.751444099574229,11.567670479426662],[122.751260664690776,11.567670322027146],[122.751077229810065,11.567670164511457],[122.751077070001813,11.567851036010035],[122.750893635005909,11.567850878375774],[122.750893475077305,11.568031749869556],[122.750710039966378,11.568031592116546],[122.750709879917252,11.56821246360562],[122.750526444691218,11.568212305733949],[122.750526284521655,11.568393177218139],[122.75052612434942,11.568574048700109],[122.750525964174528,11.568754920179858],[122.750342528597841,11.568754762184463],[122.750342368302512,11.568935633659416],[122.750158932610717,11.568935475545361],[122.75015909302391,11.568754604072984]]],[[[122.74814000814257,11.570199828674044],[122.747956571658619,11.570199669148584],[122.747773135177411,11.570199509506951],[122.747589698698874,11.570199349749233],[122.74740626222308,11.570199189875341],[122.747406100021635,11.570380061291408],[122.747222663430733,11.570379901298766],[122.747039226842602,11.57037974119004],[122.74685579025703,11.57037958096514],[122.746855627699603,11.570560452371259],[122.746855465139404,11.57074132377498],[122.746855302576463,11.57092219517657],[122.746671865640252,11.570922034827769],[122.746671702956874,11.571102906224562],[122.74648826590564,11.5711027457571],[122.746488103101726,11.57128361714892],[122.746304665935384,11.571283456562798],[122.746121228771798,11.571283295860413],[122.746121065729497,11.57146416724486],[122.745937628450804,11.571464006423815],[122.74593746528808,11.571644877803466],[122.745754027894264,11.571644716863583],[122.745753864611018,11.571825588238438],[122.745937302122499,11.571825749180809],[122.745937138954275,11.57200662055593],[122.746120576586378,11.572006781384792],[122.746120739636751,11.571825910007094],[122.746304177153746,11.571826070717117],[122.746487614673498,11.571826231311055],[122.74648745185867,11.572007102693904],[122.746487289041085,11.572187974074533],[122.746670726799138,11.572188134557448],[122.746670564096661,11.572369005938432],[122.746854001975237,11.57236916630775],[122.746853839387882,11.572550037689],[122.74703727738698,11.57255019794472],[122.747037114914718,11.572731069326236],[122.747220553034353,11.572731229468447],[122.747220390677199,11.572912100850319],[122.747403828917356,11.572912260878843],[122.747403666675311,11.573093132260981],[122.747403504430508,11.573274003640899],[122.747586942909052,11.573274163558489],[122.747586780779457,11.573455034938673],[122.747770219378438,11.573455194742577],[122.747770057363937,11.573636066123116],[122.747953496083539,11.573636225813422],[122.748136934805785,11.573636385387553],[122.748320373530717,11.573636544845423],[122.748503812258392,11.573636704187207],[122.748687250988809,11.573636863412817],[122.748870689721812,11.573637022522165],[122.748870528411558,11.573817893915761],[122.749053967265183,11.5738180529116],[122.749237406121466,11.573818211791176],[122.749420844980406,11.573818370554578],[122.749421005937265,11.573637499153344],[122.749421166891352,11.573456627749801],[122.749421327842782,11.573275756343948],[122.749421488791455,11.573094884935964],[122.749421649737556,11.57291401352567],[122.749238211467656,11.572913854774969],[122.749238372528865,11.572732983364942],[122.749054934379487,11.572732824500642],[122.749055095555804,11.57255195309097],[122.748871657526948,11.572551794112984],[122.748871818818373,11.572370922703579],[122.748688380910039,11.572370763612083],[122.748688542316572,11.572189892202944],[122.748688703720433,11.572009020791496],[122.748505266050401,11.572008861588978],[122.748505427569384,11.571827990177885],[122.74850558908561,11.571647118764483],[122.748505750599165,11.571466247348949],[122.748505912110062,11.571285375931017],[122.748322474913962,11.57128521662254],[122.748322636539868,11.571104345204963],[122.748139199464291,11.571104185782888],[122.747955762391385,11.571104026244639],[122.747955924250263,11.570923154829904],[122.747956086106399,11.570742283412949],[122.747956247959863,11.570561411993774],[122.74795640981057,11.570380540572289],[122.7481398464123,11.570380700100324],[122.74814000814257,11.570199828674044]]],[[[122.736029815466708,11.573806475507675],[122.735846376809207,11.573806308263146],[122.735662938154633,11.573806140902532],[122.735600467323025,11.573806083867582],[122.735707812677205,11.573987053202268],[122.73584620713045,11.573987179468714],[122.735846037448752,11.574168050671885],[122.735815158008336,11.574168022498107],[122.73592250331113,11.574348991746184],[122.736029306775308,11.574349089125358],[122.736029139786481,11.574527207651839],[122.736030924335878,11.574529961955168],[122.736212576337422,11.574530127465765],[122.736396015471882,11.574530294488605],[122.736395846135238,11.574711165693108],[122.73657928539032,11.574711332602439],[122.736579116168699,11.574892203807297],[122.736762555544487,11.574892370603118],[122.73676272464823,11.574711499395507],[122.736946163908996,11.57471166607249],[122.737129603172505,11.574711832633211],[122.737129434304393,11.574892703846151],[122.737312873688694,11.574892870293363],[122.737313042438956,11.574711999077758],[122.737313211186361,11.574531127859933],[122.73712977203779,11.57453096141805],[122.736946332892046,11.574530794859905],[122.736946501872339,11.574349923645189],[122.736763062847302,11.574349756973534],[122.736763231942618,11.574168885759173],[122.736579793038203,11.574168718974098],[122.736396354136616,11.57416855207285],[122.73639652346472,11.573987680861508],[122.736213084683854,11.573987513846751],[122.73621325412698,11.573806642635942],[122.736029815466708,11.573806475507675]]],[[[122.743550143900748,11.57453671775337],[122.743366704657475,11.574536555261838],[122.7433665397986,11.574717426566794],[122.743366374937054,11.57489829786944],[122.743366210072665,11.575079169169866],[122.743549649669418,11.575079331669302],[122.743549814415942,11.574898460366212],[122.743733253897602,11.57489862274681],[122.743916693382005,11.574898785011234],[122.743916857890142,11.574717913700683],[122.744100297259436,11.574718075846357],[122.744100461646966,11.57453720453101],[122.743917022395436,11.574537042388],[122.743917186898074,11.574356171072919],[122.743917351397869,11.574175299755618],[122.743733912384812,11.574175137501674],[122.743733747767166,11.574356008816311],[122.743550308639016,11.574355846443618],[122.743550143900748,11.57453671775337]]],[[[122.740246402309069,11.576523358868451],[122.740429842801547,11.576523523364246],[122.740430009573657,11.576342652123772],[122.740246569198945,11.576342487630731],[122.74006312882716,11.576342323021338],[122.740062961819334,11.576523194256483],[122.740246402309069,11.576523358868451]]],[[[122.740980330714223,11.576343144905943],[122.740796890331254,11.576342980761423],[122.740796723794872,11.576523852007137],[122.740980164295706,11.576524016154233],[122.741163604799297,11.576524180185155],[122.741163771099949,11.5763433089342],[122.740980330714223,11.576343144905943]]],[[[122.739879521332441,11.576523029528341],[122.739696080848304,11.576522864683936],[122.739695913602006,11.576703735911531],[122.739879354204007,11.5767039007586],[122.74006279480875,11.576704065489407],[122.740062961819334,11.576523194256483],[122.739879521332441,11.576523029528341]]],[[[122.73877837495445,11.577064652355284],[122.738778207110499,11.577245523562807],[122.73896164805204,11.577245688998827],[122.73896181577814,11.57706481778864],[122.73877837495445,11.577064652355284]]],[[[122.741896869337268,11.577067448917644],[122.741896703496948,11.577248320170019],[122.74208014448584,11.577248483630376],[122.742080310208294,11.577067612375336],[122.741896869337268,11.577067448917644]]],[[[122.747213406754071,11.580689568135627],[122.747213244277631,11.580870439418112],[122.747213081798449,11.581051310698465],[122.747396525342452,11.58105147084254],[122.747396362978463,11.58123234212316],[122.747579806642989,11.581232502153549],[122.747579968889113,11.581051630870354],[122.747763412438445,11.581051790781993],[122.747763574563962,11.580870919494002],[122.747763736686721,11.58069004820379],[122.747763898806724,11.580509176911269],[122.747580455611072,11.580509017007357],[122.747580617846353,11.580328145715102],[122.747397174771322,11.580327985697592],[122.747213731698935,11.58032782556373],[122.747213569227839,11.580508696850833],[122.747397012418162,11.580508856987182],[122.747396850062259,11.580689728274551],[122.747213406754071,11.580689568135627]]],[[[122.786117319345763,11.562452855611882],[122.786300751286149,11.56245299088634],[122.786300614154783,11.562633862901572],[122.786484046215165,11.562633998062077],[122.786484183228765,11.562453126044714],[122.786484320240064,11.562272254025041],[122.786667752067302,11.562272389065198],[122.786667615173684,11.562453261087002],[122.786851047120834,11.562453396013295],[122.787034479070371,11.562453530823413],[122.78703461572853,11.562272658797257],[122.787218047562604,11.562272793489248],[122.787218184100851,11.56209192145865],[122.787218320636782,11.561911049425833],[122.787218457170411,11.561730177390706],[122.787401888653662,11.561730311960128],[122.787585320139129,11.561730446413465],[122.787585456435167,11.561549574371854],[122.787402025067294,11.561549439920649],[122.78740216147871,11.56136856787886],[122.787585592728817,11.561368702327934],[122.787585729020236,11.561187830281705],[122.787769160154966,11.561187964612563],[122.787952591291997,11.561188098827335],[122.787952455235938,11.561368970877828],[122.788135886492881,11.561369104978736],[122.788135750552286,11.56154997702914],[122.788319181929225,11.561550111016095],[122.788319317752126,11.561369238963559],[122.788502749013603,11.561369372832297],[122.788502884716607,11.56118850077541],[122.788503020417295,11.561007628716213],[122.788503156115681,11.560826756654707],[122.78850329181185,11.560645884590981],[122.788686722604808,11.560646018335108],[122.788686858181066,11.560465146267029],[122.788870288858647,11.560465279893029],[122.789053719538543,11.560465413402943],[122.789237150220643,11.560465546796772],[122.789237285441459,11.560284674719989],[122.789053854877039,11.560284541328292],[122.788870424314823,11.560284407820509],[122.788870559768881,11.560103535745769],[122.788870695220524,11.55992266366872],[122.789054125547366,11.559922797172151],[122.789237555876426,11.559922930559585],[122.789237691090577,11.559742058476052],[122.789421121304258,11.559742191745359],[122.789421256398413,11.559561319657385],[122.789604686496645,11.559561452808476],[122.789604551520171,11.559742324898581],[122.78960441654138,11.559923196986377],[122.789787846877275,11.559923330025734],[122.789787981738286,11.559742457935718],[122.78978811659708,11.559561585843481],[122.789971546699917,11.559561718762579],[122.790154976804899,11.559561851565503],[122.79033840691217,11.55956198425252],[122.790338541415693,11.559381112151579],[122.790521971407514,11.559381244720379],[122.790522105791126,11.559200372615086],[122.79070553566757,11.559200505065759],[122.790705669931285,11.559019632956113],[122.790889099692265,11.55901976528857],[122.791072529455462,11.55901989750503],[122.791072663481586,11.558839025388901],[122.791256093129419,11.558839157487144],[122.791256227035632,11.558658285366663],[122.791439656568002,11.558658417346779],[122.791439790354318,11.558477545221946],[122.791439924138402,11.558296673094803],[122.791623353437629,11.55829680495466],[122.791623487101816,11.558115932823165],[122.791440057920198,11.558115800965352],[122.791440191699849,11.55793492883368],[122.791623620763787,11.557935060689362],[122.791623754423441,11.557754188553337],[122.7918071833721,11.557754320290803],[122.791990612322792,11.557754451912361],[122.7921740412758,11.557754583417834],[122.792174174580367,11.557573711273195],[122.792357603417912,11.557573842660629],[122.792541032257759,11.557573973931978],[122.792724461099823,11.557574105087243],[122.792907889944033,11.5575742361266],[122.7929077571102,11.557755108279677],[122.792907624274051,11.557935980430445],[122.793091053355852,11.55793611135798],[122.79309092063508,11.558116983508659],[122.793274349836864,11.558117114322242],[122.793274217231556,11.558297986472743],[122.793274084624116,11.558478858621024],[122.793273952014459,11.558659730766996],[122.793273819402501,11.558840602910747],[122.793273686788396,11.559021475052189],[122.79345711658064,11.559021605760345],[122.793456984082013,11.559202477901698],[122.79345685158107,11.559383350040742],[122.793456719077994,11.559564222177565],[122.793456586572702,11.559745094312168],[122.793640016837813,11.559745224912588],[122.79363988444797,11.559926097047013],[122.793456454065179,11.559925966444462],[122.793456321555439,11.560106838574535],[122.793272891057185,11.560106707853857],[122.793272758427548,11.560287579979578],[122.79327262579578,11.56046845210299],[122.793272493161695,11.560649324224181],[122.793272360525393,11.560830196343153],[122.793455791494381,11.560830327072269],[122.793455658973542,11.561011199191062],[122.793455526450487,11.561192071307635],[122.793638957657151,11.561192201924841],[122.793638825249559,11.561373074041237],[122.793638692839835,11.561553946155412],[122.793822124283992,11.561554076660796],[122.793821991989731,11.561734948774705],[122.794005423553799,11.561735079166136],[122.794005291375001,11.561915951279955],[122.79418872305898,11.561916081557433],[122.794188590995731,11.562096953671075],[122.794372022799607,11.562097083834599],[122.794555454605714,11.56209721388195],[122.794555322775608,11.562278085997546],[122.794738754701697,11.562278215931032],[122.794738622987055,11.562459088046451],[122.79492205503297,11.562459217865895],[122.794921923433876,11.562640089981135],[122.795105355599688,11.562640219686626],[122.795105224116156,11.562821091801778],[122.79528865640188,11.562821221393227],[122.795472088689806,11.562821350868679],[122.795655520979963,11.562821480228047],[122.795838953272252,11.562821609471419],[122.796022385566772,11.562821738598617],[122.79602251646179,11.562640866473162],[122.796205948640846,11.562640995482232],[122.796206079415967,11.562460123352514],[122.796389511479376,11.562460252243456],[122.796389642134685,11.562279380109386],[122.796389772787762,11.562098507973007],[122.796389903438637,11.561917635834318],[122.796206471728283,11.561917506949593],[122.796206602494706,11.561736634810815],[122.796206733258899,11.561555762669729],[122.796023301786136,11.561555633673093],[122.796023432665791,11.561374761531829],[122.795840001312939,11.561374632421151],[122.795840132308143,11.561193760279709],[122.79584026330123,11.561012888136046],[122.796023694418722,11.56101301724255],[122.796207125538444,11.561013146233057],[122.796390556660285,11.561013275107479],[122.7963906872981,11.56083240295529],[122.796574118304491,11.560832531711585],[122.796574248822395,11.560651659555132],[122.796574379338082,11.56047078739646],[122.796390948567065,11.560470658644251],[122.796391079198301,11.560289786485312],[122.796391209827405,11.560108914324152],[122.796391340454207,11.559928042160772],[122.796574770872169,11.559928170906764],[122.796574901379245,11.559747298739032],[122.796575031884004,11.55956642656899],[122.796758462068823,11.559566555194811],[122.79675859245377,11.559385683020507],[122.796942022523041,11.5593858115282],[122.796942152788176,11.559204939349543],[122.79694228305118,11.559024067168666],[122.797125712887208,11.559024195556189],[122.797125843030386,11.558843323371049],[122.797125973171262,11.558662451183599],[122.797126103310006,11.558481578993929],[122.797126233446534,11.558300706801949],[122.797309662814229,11.558300835065216],[122.797309792830944,11.558119962868973],[122.797309922845514,11.557939090670422],[122.797493351980066,11.557939218813518],[122.797493481874739,11.557758346610703],[122.797676910893728,11.55775847463576],[122.797677040668674,11.557577602428593],[122.797860469572214,11.557577730335611],[122.798043898477871,11.557577858126544],[122.798044028015326,11.557396985913071],[122.79822745680552,11.557397113585965],[122.798227586223163,11.55721624136814],[122.798411014897894,11.557216368922996],[122.798411144195711,11.557035496700907],[122.798411273491311,11.556854624476509],[122.79822784505194,11.556854496925828],[122.798044416614616,11.556854369259062],[122.798044546143359,11.556673497036529],[122.797861117825931,11.55667336925581],[122.797861247470138,11.556492497033188],[122.797861377112213,11.556311624808169],[122.797861506752156,11.556130752580929],[122.797861636389882,11.555949880351468],[122.798045064236746,11.555950008124016],[122.798045193754746,11.555769135890204],[122.798045323270514,11.555588263654171],[122.797861895658841,11.555588135885797],[122.797862025290073,11.555407263649586],[122.798045452784066,11.555407391415917],[122.798045582295586,11.555226519175354],[122.798229009674117,11.555226646823646],[122.798412437054779,11.555226774355942],[122.798412307778634,11.555407646600591],[122.798412178500271,11.55558851884293],[122.798412049219763,11.555769391083048],[122.798595476955526,11.555769518505565],[122.798595347790496,11.555950390745506],[122.798778775646056,11.555950518053981],[122.798962203503763,11.55595064524646],[122.799145631363686,11.555950772323031],[122.799145760175762,11.555769900076962],[122.799145888985791,11.555589027828583],[122.799329316612571,11.555589154785073],[122.799329445302689,11.555408282532431],[122.799512872814006,11.555408409370882],[122.799513001384398,11.555227537113977],[122.799696428780251,11.555227663834389],[122.799696557230831,11.55504679157322],[122.799879984511222,11.555046918175504],[122.800063411793658,11.555047044661881],[122.800246839078298,11.555047171032262],[122.800430266365083,11.555047297286647],[122.800430394343067,11.554866425015087],[122.800613821514304,11.554866551151521],[122.800613949372561,11.554685678875698],[122.800797376428321,11.554685804894005],[122.800980803486311,11.554685930796404],[122.801164230546334,11.554686056582808],[122.801347657608503,11.554686182253215],[122.801531084672789,11.554686307807627],[122.801714511739306,11.554686433246131],[122.801897938807869,11.55468655856855],[122.801897811773031,11.554867430858584],[122.802081238961321,11.55486755606705],[122.802081112041961,11.555048428356818],[122.802264539350048,11.55504855345133],[122.802447966660196,11.555048678429847],[122.802447839973979,11.555229550721391],[122.802631267403939,11.555229675585865],[122.802814694835931,11.555229800334432],[122.802998122270154,11.555229924967003],[122.802997995934675,11.555410797262278],[122.803181423488539,11.555410921780895],[122.803364851044606,11.555411046183517],[122.803548278602733,11.555411170470054],[122.803548404585328,11.555230298168828],[122.803731832027907,11.555230422337415],[122.803915259472603,11.555230546390094],[122.804098686919431,11.555230670326688],[122.804282114368391,11.555230794147375],[122.804465541819397,11.555230917852066],[122.804465667211716,11.555050045538584],[122.804649094547173,11.555050169125236],[122.804649219819851,11.554869296807579],[122.804465792602002,11.554869173222881],[122.804465917990143,11.55468830090487],[122.804466043376152,11.554507428584637],[122.80428261639571,11.55450730488794],[122.804282741897268,11.554326432567441],[122.804282867396708,11.554145560244722],[122.804282992894088,11.553964687919782],[122.804099566268562,11.55396456411304],[122.804099691881419,11.553783691787745],[122.804099817492229,11.553602819460229],[122.804099943100908,11.553421947130493],[122.803916516830284,11.553421823213794],[122.803916642554512,11.553240950883792],[122.803916768276622,11.55306007855148],[122.803916893996586,11.552879206216948],[122.803733468080878,11.552879082190204],[122.80373359391632,11.552698209855494],[122.803733719749701,11.552517337518386],[122.80373384558105,11.552336465179147],[122.803733971410168,11.552155592837599],[122.803734097237253,11.551974720493829],[122.803917522564987,11.551974844510537],[122.803917648272432,11.551793972162505],[122.803917773977645,11.551613099812252],[122.803917899680826,11.55143222745969],[122.804101324657907,11.55143235135454],[122.804101450241362,11.551251478997715],[122.80410157582277,11.551070606638758],[122.804285000566793,11.551070730413615],[122.804285126028475,11.550889858050306],[122.804285251488025,11.550708985684777],[122.804468675999075,11.55070910933973],[122.804468801338899,11.550528236970026],[122.804652225734401,11.550528360507029],[122.804835650131935,11.550528483928124],[122.804835775234622,11.550347611552203],[122.805019199516693,11.550347734855348],[122.805202623800895,11.550347858042587],[122.805386048087144,11.550347981113918],[122.805569472375439,11.550348104069252],[122.805569597005785,11.550167231683117],[122.805753021178617,11.550167354520591],[122.805936445353581,11.550167477242068],[122.806119869530576,11.550167599847638],[122.806303293709618,11.550167722337301],[122.806486717890891,11.550167844710968],[122.806670142074111,11.550167966968727],[122.806670265996843,11.54998709456847],[122.8068536900646,11.549987216708368],[122.807037114134403,11.54998733873227],[122.807220538206337,11.549987460640265],[122.807403962280304,11.549987582432353],[122.807587386356332,11.549987704108444],[122.807770810434391,11.549987825668628],[122.807770687217044,11.55016869808061],[122.80795411141473,11.55016881952684],[122.808137535614563,11.550168940857164],[122.808137412630273,11.550349813270744],[122.808137289643938,11.550530685682103],[122.80813716665557,11.550711558091242],[122.808137043665155,11.550892430498161],[122.807953618995029,11.550892309160021],[122.807953495884973,11.551073181562765],[122.808136920672595,11.55107330290277],[122.808136797678102,11.551254175305159],[122.808136674681464,11.551435047705239],[122.808320099706322,11.551435168933244],[122.808319976825231,11.551616041333057],[122.808503401969816,11.55161616244702],[122.808686827116361,11.551616283444988],[122.808870252265024,11.551616404327048],[122.808870129734686,11.551797276730502],[122.80905355500299,11.55179739749852],[122.809236980273255,11.55179751815063],[122.809237102568503,11.551616645743357],[122.809237224861604,11.551435773333862],[122.809053799826444,11.55143565268566],[122.809053922235108,11.55125478027581],[122.809237347152674,11.551254900922059],[122.809420772072286,11.5512550214524],[122.809420649898811,11.551435893866158],[122.809604074938051,11.551436014282457],[122.809604196993931,11.551255141866745],[122.809787621917621,11.551255262165183],[122.80978774385396,11.551074389745386],[122.809787865788238,11.55089351732328],[122.809787987720398,11.550712644898953],[122.809788109650597,11.550531772472317],[122.809604685197272,11.550531652181606],[122.809604807242934,11.550350779754703],[122.809421382909179,11.550350659350039],[122.809421505070475,11.550169786922782],[122.809238080856346,11.550169666404075],[122.809054656644264,11.550169545769373],[122.808871232434129,11.550169425018852],[122.808871354946092,11.549988552595147],[122.808871477455995,11.549807680169222],[122.808688053483095,11.549807559306613],[122.808688176108475,11.549626686880421],[122.808504752255303,11.54962656590377],[122.808504874996146,11.549445693477223],[122.808504997735028,11.549264821048455],[122.808505120471878,11.549083948617378],[122.808505243206582,11.548903076184169],[122.808505365939254,11.548722203748563],[122.808688789204723,11.548722324715444],[122.808688911817754,11.548541452275751],[122.80887233496766,11.548541573124771],[122.808872457461149,11.548360700680904],[122.809055880495592,11.548360821412063],[122.809239303531996,11.548360942027314],[122.809239425788334,11.54818006957723],[122.809422848709275,11.548180190074619],[122.809606271632262,11.548180310456102],[122.809789694557381,11.548180430721677],[122.809789572653727,11.548361303177535],[122.809972995698303,11.548361423329156],[122.810156418745009,11.548361543364782],[122.810156540413558,11.548180670905106],[122.810339963344717,11.548180790822871],[122.810523386277907,11.548180910624817],[122.810523264844463,11.548361783088401],[122.810706687897209,11.548361902776305],[122.810890110952002,11.548362022348302],[122.810890232150342,11.54818114988081],[122.811073655089672,11.548181269334945],[122.811073534008841,11.548362141804303],[122.811256957067712,11.548362261144485],[122.81125683610243,11.548543133613487],[122.811440259280857,11.548543252839627],[122.811440138431124,11.548724125308363],[122.811623561729093,11.548724244420461],[122.811623440994921,11.548905116888841],[122.811806864412532,11.548905235886986],[122.811806743793809,11.549086108354922],[122.81180662317314,11.549266980820727],[122.811806502550425,11.549447853284223],[122.811989926322781,11.549447972172144],[122.811989805815614,11.549628844635285],[122.812173229707511,11.549628963409253],[122.81235665360137,11.549629082067225],[122.81235653332736,11.549809954531964],[122.812539957340846,11.549810073075983],[122.812723381356292,11.549810191504006],[122.812723261315426,11.549991063970255],[122.812906685450415,11.549991182284236],[122.813090109587534,11.54999130048231],[122.81327353372653,11.549991418564476],[122.813273653414782,11.549810546092454],[122.813457077438215,11.549810664056759],[122.813640501463794,11.549810781905157],[122.813823925491306,11.549810899637558],[122.814007349520793,11.549811017254052],[122.814190773552212,11.549811134754639],[122.814190892650643,11.549630262270982],[122.814374316566514,11.549630379653708],[122.814557740484432,11.549630496920527],[122.81474116440431,11.549630614071438],[122.814924588326235,11.549630731106353],[122.815108012250107,11.549630848025361],[122.815108130758588,11.54944997552998],[122.815291554566912,11.549450092331215],[122.815291672955851,11.549269219831748],[122.815475096648541,11.549269336515122],[122.815475214918024,11.549088464011481],[122.815475333185461,11.548907591505619],[122.815475451450951,11.548726718997449],[122.815475569714479,11.548545846487057],[122.815475687975962,11.548364973974445],[122.815475806235597,11.548184101459613],[122.81529238324822,11.54818398478743],[122.815292501623304,11.548003112272154],[122.815109078755469,11.548002995486017],[122.815109197246201,11.547822122970386],[122.814925774497837,11.547822006070119],[122.814925893104117,11.547641133554132],[122.814926011708437,11.547460261035924],[122.814926130310724,11.547279388515408],[122.814742707917006,11.547279271504918],[122.814742826634841,11.547098398984046],[122.814559404360679,11.547098281859514],[122.814559523194063,11.546917409338286],[122.81474294535073,11.546917526460865],[122.814743064064558,11.546736653935463],[122.814926486105676,11.546736770940358],[122.814926604699963,11.546555898410871],[122.815110026625518,11.546556015297904],[122.815293448553035,11.546556132069119],[122.815293330193754,11.546737004602337],[122.815476752240727,11.546737121259509],[122.815660174289746,11.546737237800686],[122.815843596340713,11.546737354226044],[122.815843714347395,11.546556481687142],[122.816027136282813,11.546556597994728],[122.816027254169924,11.546375725451741],[122.816210675989794,11.546375841641554],[122.816210793757463,11.546194969094392],[122.816210911523171,11.54601409654501],[122.816027489938307,11.546013980359016],[122.815844068355503,11.546013864057025],[122.815660646774731,11.546013747639217],[122.815660764891007,11.545832875093121],[122.815477343429691,11.54583275856127],[122.815293921970337,11.545832641913512],[122.815293803618971,11.546013514455788],[122.815110382044068,11.546013397690258],[122.815110263573231,11.54619427022836],[122.814926841882766,11.546194153345057],[122.814743420194262,11.546194036345847],[122.814559998507804,11.546193919230818],[122.814376576823292,11.546193801999793],[122.814376457880314,11.546374674528126],[122.81419303608034,11.546374557179329],[122.814009614282227,11.546374439714713],[122.81382619248626,11.546374322134101],[122.813826073188622,11.546555194654529],[122.813642651277092,11.546555076956144],[122.813642531859998,11.546735949472486],[122.81345910983292,11.54673583165633],[122.813275687807788,11.546735713724265],[122.813275568153642,11.546916586234479],[122.813092146012963,11.546916468184643],[122.81290872387433,11.546916350018899],[122.81290884376358,11.546735477512415],[122.812725421744418,11.546735359232629],[122.812541999727372,11.546735240836936],[122.812358577712288,11.546735122325424],[122.812358457470424,11.546915994826135],[122.812175035339877,11.546915876196762],[122.811991613211276,11.546915757451481],[122.811808191084637,11.546915638590294],[122.81162476896003,11.546915519613199],[122.811441346837569,11.546915400520197],[122.811257924717054,11.546915281311287],[122.811074502598487,11.54691516198656],[122.810891080482065,11.546915042545836],[122.810891201664234,11.546734170060402],[122.810707779667268,11.546734050505725],[122.810524357672435,11.54673393083514],[122.810524479087576,11.546553058351217],[122.810341057212284,11.546552938566679],[122.810341178742888,11.546372066082577],[122.810341300271631,11.546191193596167],[122.810157878633404,11.546191073699541],[122.810158000277525,11.546010201212775],[122.810158121919599,11.545829328723789],[122.810341543322721,11.545829448616507],[122.810524964727904,11.545829568393406],[122.810708386135204,11.545829688054399],[122.810708507422632,11.54564881555733],[122.810891928714383,11.545648935100461],[122.810892049882355,11.545468062599307],[122.811075471058558,11.545468182024665],[122.811075592106974,11.545287309519336],[122.811075713153343,11.545106437011698],[122.811259134096574,11.545106556317331],[122.811442555041765,11.545106675507055],[122.811442675851083,11.544925802993378],[122.811626096680811,11.544925922065241],[122.811626217370573,11.544745049547389],[122.811442796658355,11.544744930477391],[122.811442917463594,11.544564057959184],[122.811259496870917,11.544563938775232],[122.811259617791706,11.544383066256669],[122.811443038266873,11.544383185438756],[122.811626458744072,11.544383304504935],[122.811626579427809,11.544202431980333],[122.811809999789546,11.544202550928739],[122.811993420153243,11.544202669761239],[122.811993540599929,11.544021797230508],[122.811810120353726,11.544021678399963],[122.8116267001095,11.544021559453421],[122.811626820789144,11.543840686924378],[122.811443400664444,11.543840567863883],[122.811259980541806,11.54384044868757],[122.811076560421114,11.543840329395438],[122.811076439388955,11.544021201918797],[122.81107631835475,11.544202074439847],[122.810892898001086,11.544201955027988],[122.810709477649468,11.544201835500223],[122.810526057299981,11.54420171585655],[122.810342636952356,11.544201596097059],[122.810159216606863,11.54420147622166],[122.809975796263416,11.544201356230355],[122.809792375922015,11.54420123612323],[122.809608955582561,11.544201115900199],[122.809425535245254,11.54420099556126],[122.809425657337002,11.54402012305753],[122.809609077556814,11.544020243394515],[122.809792497778759,11.544020363615592],[122.809975918002664,11.544020483720852],[122.810159338228601,11.544020603710115],[122.810342758456585,11.544020723583648],[122.8105261786867,11.544020843341185],[122.810709598918777,11.544020962982904],[122.810893019152886,11.544021082508804],[122.810893140302554,11.543840209987311],[122.810893261450175,11.543659337463685],[122.81089338259585,11.543478464937662],[122.810709962714256,11.543478345417624],[122.810710083975295,11.543297472891334],[122.810526664213256,11.543297353257342],[122.810526785589857,11.543116480730786],[122.810526906964412,11.542935608201921],[122.810343487439326,11.542935488455841],[122.810343608929344,11.542754615926709],[122.810343730417316,11.542573743395268],[122.810343851903255,11.542392870861606],[122.810527271075813,11.542392990601824],[122.810527149707383,11.54257386313744],[122.810527028336921,11.542754735670835],[122.810710447746445,11.542754855299053],[122.810710326491446,11.542935727832093],[122.810893746020511,11.542935847346358],[122.810893624880975,11.543116719879043],[122.811077044529597,11.543116839279444],[122.811260464180265,11.543116958563937],[122.811260343273688,11.54329783109822],[122.811443763043826,11.543297950268849],[122.811627182815997,11.543298069323482],[122.811810602590199,11.543298188262296],[122.811810482034105,11.543479060800133],[122.811993901927863,11.543479179624994],[122.812177321823583,11.543479298333947],[122.812177201500461,11.543660170873293],[122.812360621515722,11.543660289468383],[122.81254404153303,11.543660407947565],[122.812727461552285,11.543660526310839],[122.812727581522907,11.543479653765809],[122.812911001426698,11.543479772011311],[122.812911121277764,11.543298899462107],[122.813094541066093,11.543299017589925],[122.813094660797702,11.543118145036546],[122.813278080470482,11.543118263046503],[122.813278200082621,11.542937390489039],[122.813461619639952,11.542937508381224],[122.813461739132535,11.542756635819584],[122.813645158574303,11.542756753594086],[122.813645277947444,11.542575881028272],[122.813461858623185,11.542575763255636],[122.813461978111775,11.542394890689556],[122.813278558906973,11.542394772802966],[122.81327867851104,11.542213900236442],[122.813095259425694,11.542213782235899],[122.813095379145309,11.542032909669109],[122.813278798113146,11.542033027667697],[122.813462217083014,11.542033145550468],[122.813645636054858,11.542033263317331],[122.813645755419998,11.541852390742546],[122.813645874783091,11.541671518165453],[122.813829293522048,11.541671635812767],[122.814012712262951,11.541671753344174],[122.814012831389078,11.541490880761041],[122.814196250014518,11.541490998174764],[122.814379668641919,11.54149111547258],[122.814379549750711,11.541671988059443],[122.814562968497484,11.541672105243306],[122.814746387246387,11.54167222231135],[122.814929805997238,11.541672339263487],[122.81511322475005,11.541672456099805],[122.81511310632682,11.541853328691998],[122.815296525199088,11.541853445414274],[122.815296406891321,11.542034318006111],[122.815479825883045,11.542034434614434],[122.815479707690756,11.542215307205828],[122.815663126801937,11.542215423700286],[122.815846545915164,11.542215540078837],[122.815846663872463,11.542034667483625],[122.816030082870142,11.542034783744493],[122.816030200708056,11.541853911145195],[122.816030318543838,11.541673038543676],[122.816030436377758,11.541492165939937],[122.815847017732594,11.541492049684665],[122.815847135681977,11.541311177080571],[122.815663717156198,11.541311060711434],[122.81566383522113,11.541130188106896],[122.815480416814708,11.541130071623718],[122.815480534995203,11.540949199018824],[122.815480653173552,11.54076832641171],[122.815297235004195,11.540768209816443],[122.815113816836785,11.540768093105358],[122.814930398671322,11.540767976278454],[122.81474698050782,11.540767859335643],[122.814563562346365,11.540767742277103],[122.814563443580568,11.540948614874802],[122.814380025303649,11.540948497698489],[122.814379906418381,11.541129370292103],[122.814196488025914,11.541129252998017],[122.814196607028677,11.540948380406357],[122.814196726029394,11.540767507812388],[122.814196845028164,11.54058663521611],[122.814013426990073,11.54058651781189],[122.814013546104306,11.540405645215257],[122.814013665216578,11.540224772616492],[122.814013784326804,11.540043900015418],[122.81419720201238,11.540044017413953],[122.814197321003149,11.539863144808704],[122.814380738573348,11.539863262089556],[122.814380857444661,11.539682389480221],[122.814197439991972,11.539682272201235],[122.81401402254123,11.53968215480643],[122.813830605092534,11.539682037295806],[122.813830485868792,11.539862909899545],[122.813647068304633,11.539862792271238],[122.813647187645799,11.539681919669365],[122.813647306984919,11.539501047065359],[122.813830724314244,11.539501164689936],[122.813830843533893,11.539320292081756],[122.814014260747754,11.53932040958856],[122.814014379848047,11.539139536976206],[122.814197796946345,11.539139654365327],[122.814197677963577,11.539320526979546],[122.814381095181346,11.539320644254802],[122.814564512401148,11.539320761414151],[122.814564393651253,11.539501634029881],[122.814564274899311,11.539682506643389],[122.814564156145508,11.539863379254589],[122.814564037389658,11.540044251863568],[122.814563918631762,11.540225124470327],[122.814563799872005,11.540405997074865],[122.814747217798541,11.540406114129675],[122.814930635727038,11.540406231068667],[122.815114053657567,11.540406347891841],[122.815297471590057,11.540406464599196],[122.815480889524494,11.540406581190643],[122.815664307460978,11.540406697666272],[122.815664189403947,11.540587570279781],[122.815847607459887,11.540587686641546],[122.816031025517788,11.540587802887314],[122.81621444357755,11.540587919017353],[122.816397861639444,11.540588035031574],[122.8165812797032,11.540588150929887],[122.816581162231572,11.540769023550501],[122.816764580414784,11.540769139334861],[122.816947998599957,11.540769255003402],[122.817131416787092,11.540769370556037],[122.817131299665931,11.540950243180026],[122.817131182542738,11.541131115801706],[122.817314600966824,11.541131231242252],[122.817498019392787,11.54113134656698],[122.817498136280975,11.540950473941569],[122.817314717972522,11.540950358618707],[122.817314834976173,11.540769485992852],[122.817498253167301,11.540769601313849],[122.81768167136029,11.540769716519028],[122.817865089555227,11.540769831608388],[122.818048507752124,11.540769946581841],[122.81804862428406,11.540589073946395],[122.818048740813964,11.540408201308638],[122.818048857341992,11.540227328668751],[122.818232275188421,11.54022744352079],[122.818232158777889,11.540408316162631],[122.818232042365494,11.540589188802164],[122.818415460448804,11.540589303542115],[122.818415576743774,11.540408430900717],[122.818598994711607,11.540408545522984],[122.818782412681401,11.540408660029433],[122.81878252873959,11.540227787382085],[122.818599110887206,11.540227672877501],[122.818599227060858,11.540046800229709],[122.818782644795732,11.540046914732516],[122.818966062532553,11.540047029119416],[122.818965946593821,11.54022790177085],[122.819149364450013,11.540228016043796],[122.819149480271236,11.540047143390497],[122.819149596090583,11.539866270734978],[122.819333013713816,11.539866384888375],[122.819516431338897,11.539866498925955],[122.819516315754555,11.540047371585116],[122.819643894716279,11.540047450826401],[122.819281342215547,11.538673809564795],[122.818759753052831,11.536974341339141],[122.818170913591359,11.535296375637538],[122.817515732837137,11.533642499379745],[122.817147551169228,11.532810979783575],[122.817136568178313,11.532810972875973],[122.816953155157989,11.532810857405051],[122.816769742139613,11.5328107418184],[122.816769859407316,11.532629869096978],[122.816586446508325,11.532629753396462],[122.816403033611266,11.532629637580127],[122.816219620716183,11.532629521648152],[122.816219738334098,11.532448648930016],[122.816036325558372,11.532448532884088],[122.815852912784507,11.532448416722429],[122.815853030635225,11.532267544005803],[122.815669617980816,11.532267427730281],[122.815486205328384,11.53226731133894],[122.815302792677883,11.532267194831869],[122.815119380029444,11.53226707820898],[122.815119261709242,11.532447950918057],[122.814935848945339,11.532447834177573],[122.814935730505766,11.532628706882564],[122.814935612064147,11.532809579585335],[122.814752199067541,11.532809462725302],[122.814752080506651,11.532990335423898],[122.814751961943713,11.533171208120185],[122.814751843378815,11.533352080814252],[122.814751724811885,11.533532953506098],[122.814751606242993,11.533713826195724],[122.814751487672154,11.53389469888304],[122.814934901373178,11.533894815754353],[122.814934782917717,11.534075688441314],[122.814934664460296,11.534256561126055],[122.814934546000913,11.534437433808487],[122.814934427539498,11.534618306488786],[122.814751013368891,11.534618189609924],[122.814750894788105,11.53479906228605],[122.81456748050212,11.534798945289593],[122.814384066217997,11.534798828177317],[122.81438394740043,11.534979700847403],[122.814200533001028,11.534979583617533],[122.814017118603573,11.534979466271844],[122.81401699954921,11.53516033893589],[122.813833585036292,11.535160221472607],[122.813650170525435,11.535160103893416],[122.81346675601651,11.535159986198495],[122.813466636607856,11.535340858854637],[122.813283221983653,11.535340741042033],[122.813283102455628,11.535521613694],[122.813099687715876,11.535521495763712],[122.812916272978157,11.535521377717695],[122.812916153213337,11.535702250363622],[122.812732738360253,11.535702132199832],[122.812549323509131,11.535702013920313],[122.81254920350743,11.5358828865602],[122.81236578854093,11.535882768162997],[122.812365908660041,11.535701895524975],[122.812182493812998,11.535701777013907],[122.811999078967915,11.535701658386932],[122.811815664124865,11.535701539644316],[122.811632249283861,11.535701420785793],[122.811632128695081,11.535882293416178],[122.811815543653495,11.535882412276566],[122.811815423180093,11.536063284906506],[122.811998838257963,11.53606340365303],[122.812182253337895,11.536063522283735],[122.812365668419773,11.53606364079871],[122.812365548296654,11.536244513432203],[122.812182133097366,11.536244394915363],[122.811998717900025,11.536244276282703],[122.81181530270473,11.536244157534314],[122.811815182227321,11.536425030159814],[122.811815061747865,11.536605902783004],[122.811814941266377,11.536786775404062],[122.811631525720784,11.536786656534082],[122.811631405119925,11.536967529150965],[122.811447989458955,11.536967410163301],[122.811447868738625,11.537148282775922],[122.811264452962277,11.537148163670574],[122.811264332122406,11.537329036279109],[122.811264211280587,11.537509908885335],[122.811080795271451,11.53750978966035],[122.811080674310077,11.537690662262401],[122.810897258185477,11.537690542919643],[122.810897137104732,11.537871415517609],[122.810713720864669,11.537871296057078],[122.810530304626738,11.537871176480818],[122.810530183309027,11.538052049072656],[122.810346766955632,11.538051929378623],[122.810346645518464,11.538232801966286],[122.810163229049692,11.538232682154481],[122.810163350604284,11.538051809568772],[122.809979934254883,11.538051689643103],[122.809980055924839,11.537870817057039],[122.809980177592848,11.537689944468754],[122.809796761480428,11.537689824431085],[122.809796639694994,11.537870697017505],[122.809796517907614,11.538051569601615],[122.809796396118102,11.538232442183505],[122.809796274326644,11.538413314763085],[122.809796152533124,11.538594187340445],[122.809796030737488,11.538775059915585],[122.809612613922511,11.538774939750551],[122.80942919710948,11.538774819469788],[122.809429075076963,11.53895569203871],[122.809245658148569,11.538955571640175],[122.809245535996496,11.539136444205012],[122.809062118952724,11.539136323688615],[122.809062241222207,11.538955451125732],[122.809062363489559,11.538774578560629],[122.808878946682754,11.538774457932321],[122.808879069065569,11.538593585366863],[122.808879191446337,11.538412712799184],[122.808695774876398,11.538412592058966],[122.80869565237812,11.538593464624691],[122.808695529877895,11.538774337188196],[122.808695407375623,11.53895520974948],[122.808695284871206,11.539136082308454],[122.808511867833559,11.539135961444602],[122.808328450797873,11.539135840464931],[122.808145033764404,11.539135719369531],[122.807961616732882,11.539135598158223],[122.807961493756579,11.539316470707162],[122.80796137077833,11.539497343253879],[122.807961247797948,11.539678215798288],[122.808144665181899,11.539678337015458],[122.808328082567797,11.539678458116809],[122.808327959820303,11.539859330662905],[122.808327837070763,11.540040203206781],[122.808511254693627,11.540040324196132],[122.80851113205955,11.540221196739653],[122.808511009423327,11.540402069280953],[122.808510886785072,11.540582941820032],[122.808327468809779,11.540582820824818],[122.808327346052067,11.540763693359635],[122.808327223292224,11.540944565892319],[122.808143805084043,11.54094444477729],[122.808143682204729,11.541125317305712],[122.808143559323298,11.541306189831912],[122.807960140882244,11.541306068597246],[122.807960017881257,11.541486941119183],[122.807776599324725,11.541486819766655],[122.807776476204282,11.541667692284419],[122.807593057532387,11.541667570814118],[122.807592934292387,11.541848443327707],[122.807409515505029,11.541848321739545],[122.807409392145487,11.542029194248959],[122.807225973242666,11.542029072543025],[122.807225849763569,11.542209945048176],[122.807042430745469,11.542209823224381],[122.806859011729316,11.542209701284856],[122.806858888013167,11.54239057378379],[122.806675468881636,11.542390451726403],[122.806675345045946,11.542571324221162],[122.80667522120811,11.542752196713701],[122.806491801843706,11.5427520745365],[122.806491677886328,11.542932947024775],[122.806675097368327,11.542933069203931],[122.806674973526327,11.54311394169194],[122.806858393127882,11.543114063757143],[122.807041812731384,11.543114185706616],[122.807041689122443,11.543295058196223],[122.80704156551127,11.5434759306837],[122.807224985351922,11.543476052521084],[122.807224861856312,11.543656925008294],[122.807224738358556,11.543837797493195],[122.807041318282984,11.543837675651814],[122.8070411946657,11.544018548132451],[122.806857774474565,11.544018426173297],[122.806674354285576,11.544018304098236],[122.806490934098719,11.544018181907267],[122.806490810126775,11.544199054379822],[122.806307389824454,11.544198932070993],[122.806123969524165,11.544198809646344],[122.805940549226023,11.544198687105789],[122.805940673550396,11.544017814639185],[122.805757253371794,11.544017691984765],[122.805573833195226,11.544017569214438],[122.805390413020802,11.544017446328292],[122.805206992848426,11.544017323326239],[122.805023572678166,11.544017200208279],[122.80502344776626,11.544198072665024],[122.804840027480552,11.544197949429202],[122.80465660719706,11.544197826077562],[122.804656482048003,11.544378698528091],[122.804473061648963,11.544378575058589],[122.804472936380279,11.544559447504854],[122.804289515865946,11.544559323917492],[122.804289390477621,11.544740196359582],[122.804289265087263,11.544921068799363],[122.804105844339958,11.544920945092096],[122.804105718830044,11.545101817527703],[122.803922297967276,11.545101693702575],[122.803922172337636,11.545282566133919],[122.803922046705949,11.545463438562953],[122.803738625610308,11.545463314617921],[122.803738499858994,11.545644187042781],[122.803738374105535,11.54582505946542],[122.803554952776921,11.545824935400484],[122.803554826903834,11.54600580781886],[122.803554701028702,11.546186680234927],[122.803371279467115,11.546186556050175],[122.803371153472341,11.546367428462068],[122.80337102747545,11.546548300871562],[122.80318760568089,11.546548176566906],[122.803187479564357,11.546729048972315],[122.80300405765442,11.54672892454971],[122.803003931418246,11.546909796950855],[122.803003805179941,11.547090669349691],[122.802820383037044,11.547090544807181],[122.802820256679013,11.547271417201754],[122.80282013031902,11.547452289594107],[122.802820003956811,11.547633161984239],[122.802636581463346,11.547633037319782],[122.802636454981496,11.547813909705651],[122.802636328497613,11.54799478208921],[122.802636202011499,11.548175654470549],[122.802636075523353,11.548356526849579],[122.802452652561811,11.548356402061311],[122.802452525953939,11.548537274436077],[122.80245239934392,11.548718146808712],[122.802268976149421,11.54871802190045],[122.802269102877034,11.548537149529858],[122.802085679802175,11.548537024507732],[122.802085806645152,11.548356152136963],[122.80190238369002,11.548356027000883],[122.80171896073692,11.548355901748897],[122.80171908781287,11.548175029379903],[122.801535664979511,11.548174904013964],[122.801352242148269,11.548174778532205],[122.801168819319258,11.548174652934451],[122.80098539649228,11.548174527220789],[122.800801973667447,11.548174401391309],[122.800801846003694,11.548355273750177],[122.800618423063483,11.548355147802658],[122.800435000125404,11.54835502173932],[122.800251577189456,11.548354895559987],[122.800251449170872,11.548535767910506],[122.800068026119547,11.548535641613222],[122.800067897981336,11.548716513959567],[122.799884474814547,11.548716387544333],[122.79970105164989,11.548716261013192],[122.799700923274457,11.548897133353231],[122.799700794896879,11.54907800569096],[122.799517371499249,11.549077879039826],[122.799517243001944,11.549258751373204],[122.799517114502422,11.549439623704449],[122.799333690871833,11.549439496933323],[122.79933356225267,11.549620369260216],[122.799333433631375,11.549801241584889],[122.799333305007863,11.549982113907253],[122.79933317638222,11.550162986227397],[122.799149752283554,11.550162859332191],[122.799149623538185,11.550343731648072],[122.799149494790683,11.550524603961643],[122.799332919124453,11.550524730861023],[122.799332790492414,11.550705603174416],[122.799332661858159,11.550886475485589],[122.799516086429335,11.550886602272969],[122.799699511002643,11.550886728944532],[122.799699382601446,11.551067601257481],[122.79988280729448,11.55106772781509],[122.800066231989646,11.551067854256702],[122.800249656687029,11.551067980582408],[122.800433081386458,11.551068106792206],[122.800432953453409,11.551248979111017],[122.800616378272565,11.551249105206862],[122.800616250454993,11.551429977525496],[122.800799675393961,11.551430103507476],[122.800799547691753,11.551610975825843],[122.800982972750461,11.551611101693782],[122.800982845163716,11.551791974011971],[122.801166270342051,11.551792099766045],[122.801349695522603,11.551792225404123],[122.801349568168916,11.551973097724089],[122.801349440813198,11.552153970041834],[122.801349313455248,11.55233484235727],[122.801165887921911,11.552334716713153],[122.800982462390792,11.552334590952951],[122.800799036861804,11.55233446507693],[122.800615611334948,11.552334339084824],[122.800615739163177,11.552153466777471],[122.800432313756048,11.5521533406715],[122.800248888351049,11.552153214449623],[122.800065462948183,11.552153088111661],[122.800065334767083,11.552333960412975],[122.800065206583838,11.55251483271198],[122.799881780947999,11.552514706254113],[122.799881652645027,11.552695578548855],[122.799698226893639,11.55269545197295],[122.799514801144483,11.552695325281048],[122.799514672604104,11.552876197569484],[122.799698098470955,11.552876324263339],[122.799881524339938,11.552876450841287],[122.799881396032703,11.553057323131588],[122.800064822021412,11.553057449595583],[122.800064693829555,11.553238321885617],[122.800064565635651,11.553419194173342],[122.800064437439531,11.553600066458847],[122.800064309241279,11.553780938742131],[122.800064181040895,11.553961811023106],[122.799880754464212,11.553961684548986],[122.799697327889575,11.553961557958781],[122.79951390131707,11.553961431252668],[122.799330474746782,11.55396130443056],[122.799147048178625,11.553961177492544],[122.798963621612685,11.553961050438444],[122.798963750518723,11.553780178169637],[122.798963879422544,11.55359930589861],[122.798964008324319,11.553418433625362],[122.798780582113309,11.553418306461483],[122.798780711130462,11.553237434187968],[122.798780840145568,11.553056561912234],[122.798780969158457,11.55287568963419],[122.79859754330235,11.552875562360443],[122.798597672430617,11.552694690082221],[122.798414246694421,11.55269456269461],[122.798230820960256,11.552694435191002],[122.798047395228323,11.552694307571398],[122.798047265747186,11.552875179843491],[122.79786383989979,11.552875052105938],[122.797863710298927,11.553055924373679],[122.797680284336053,11.553055796518086],[122.797680154615378,11.553236668781564],[122.797680024892571,11.553417541042732],[122.79786345109062,11.55341766890241],[122.797863321483192,11.553598541163401],[122.797679895167633,11.55359841330168],[122.797679765440378,11.553779285558319],[122.797496339009356,11.553779157578559],[122.797496209162375,11.553960029830934],[122.797496079313262,11.554140902081089],[122.797312652649097,11.554140773981159],[122.797312522680173,11.55432164622705],[122.797312392709117,11.554502518470544],[122.797128965811893,11.554502390250621],[122.796945538916887,11.554502261914612],[122.796762112024012,11.554502133462696],[122.796578685133355,11.554502004894696],[122.796578815574875,11.554321132659373],[122.796395388804044,11.554321003977597],[122.796211962035329,11.554320875179735],[122.796028535268761,11.554320746265967],[122.795845108504494,11.554320617236113],[122.795661681742359,11.554320488090353],[122.795478254982442,11.554320358828685],[122.795294828224655,11.554320229450932],[122.7952946969598,11.554501101671688],[122.795111270086636,11.554500972175985],[122.794927843215703,11.554500842564197],[122.794927974715762,11.554319970347526],[122.79474454796464,11.554319840621874],[122.794561121215651,11.554319710780225],[122.794561252948853,11.554138838565509],[122.794377826319675,11.554138708609996],[122.794194399692714,11.554138578538486],[122.794194531658974,11.553957706325635],[122.794011105151839,11.553957576140261],[122.79382767864692,11.553957445838892],[122.793827546445556,11.55413831804748],[122.793827414241889,11.554319190253848],[122.793827282036091,11.554500062457995],[122.79364385518052,11.554499932034323],[122.793643722854895,11.554680804234119],[122.79346029588396,11.554680673692408],[122.793460163438439,11.554861545887762],[122.793276736352112,11.554861415228013],[122.793276603786779,11.555042287419015],[122.793093176584989,11.555042156641138],[122.79290974938543,11.555042025747264],[122.792726322188088,11.555041894737395],[122.792726189267754,11.555222766919959],[122.792542761955033,11.555222635791962],[122.792359334644445,11.555222504548057],[122.792175907336173,11.555222373188156],[122.792175774060652,11.555403245362017],[122.791992346637002,11.555403113883989],[122.791808919215569,11.555402982289964],[122.791625491796353,11.555402850579943],[122.791442064379368,11.555402718754015],[122.791258636964599,11.555402586812002],[122.791075209552147,11.555402454753994],[122.790891782141898,11.555402322580077],[122.79070835473388,11.555402190290076],[122.790524927328093,11.555402057884168],[122.790341499924594,11.555401925362174],[122.790341365470553,11.555582797512587],[122.790157937951605,11.555582664872555],[122.789974510434959,11.555582532116526],[122.78979108292053,11.555582399244413],[122.789607655408417,11.555582266256392],[122.789424227898536,11.555582133152376],[122.78942409285402,11.55576300528991],[122.78924066522876,11.555762872067765],[122.789057237605803,11.555762738729536],[122.788873809985063,11.555762605275399],[122.788690382366539,11.555762471705266],[122.788690246849342,11.555943343831965],[122.788506819115455,11.555943210143704],[122.788323391383869,11.555943076339359],[122.788139963654515,11.555942942419106],[122.788139827782132,11.5561238145371],[122.7879563999374,11.55612368049872],[122.787772972095055,11.556123546344255],[122.787589544254942,11.556123412073793],[122.787589408027287,11.556304284183083],[122.787589271797415,11.556485156290153],[122.787589135565241,11.556666028394913],[122.787588999330751,11.556846900497364],[122.787772427641428,11.556847034776441],[122.787772291522302,11.557027906878892],[122.787772155400972,11.557208778979033],[122.78758872685502,11.557208644695693],[122.787588590613694,11.557389516791394],[122.787588454370137,11.557570388884875],[122.787588318124278,11.557751260976135],[122.787404889227588,11.557751126570315],[122.787404752861818,11.557931998657134],[122.787404616493745,11.558112870741732],[122.787221187364082,11.558112736215476],[122.787221050876113,11.558293608295722],[122.787037621630986,11.558293473651338],[122.787037485023021,11.558474345727054],[122.786854055662602,11.558474210964542],[122.786853918934725,11.558655083035818],[122.786670489458857,11.558654948155089],[122.786670352611083,11.558835820222013],[122.786486923019822,11.558835685223068],[122.786486786052052,11.559016557285551],[122.786303356345428,11.559016422168389],[122.786119926641206,11.559016286935231],[122.786119789435759,11.559197158991141],[122.78611965222801,11.559378031044742],[122.785936222290715,11.559377895691236],[122.785936084963055,11.559558767740485],[122.785752654910311,11.559558632268674],[122.785752517462655,11.559739504313482],[122.785569087294533,11.559739368723543],[122.785568949726979,11.559920240763821],[122.78538551944348,11.559920105055665],[122.785385381755844,11.560100977091592],[122.785201951357067,11.56010084126522],[122.785201813549435,11.560281713296705],[122.785018383035194,11.560281577352116],[122.784834952523255,11.560281441291442],[122.784834814478032,11.560462313316267],[122.784651383850814,11.560462177137376],[122.784467953225814,11.56046204084249],[122.784467814942829,11.560642912860741],[122.784467676657627,11.560823784876684],[122.784284245799569,11.56082364846136],[122.784284107394271,11.561004520472862],[122.784100676420849,11.561004383939322],[122.784100537895654,11.561185255946382],[122.78391710680684,11.561185119294537],[122.783916968161577,11.561365991297157],[122.783733536957385,11.561365854527095],[122.783733398192126,11.561546726525274],[122.78354996687257,11.561546589636995],[122.783550105755523,11.561365717640948],[122.783366674556049,11.561365580638805],[122.783183243358877,11.561365443520577],[122.783183104240479,11.561546315512183],[122.783182965119849,11.56172718750148],[122.783182825996818,11.561908059488557],[122.782999394448822,11.561907922247672],[122.782815962903143,11.561907784890701],[122.782815823542435,11.562088656871117],[122.782632391881378,11.562088519395841],[122.782632252400688,11.562269391371816],[122.782632112917597,11.562450263345569],[122.782815544813928,11.562450400825197],[122.782998976712676,11.56245053818874],[122.783182408613811,11.562450675436287],[122.783182269481458,11.562631547414304],[122.783182130346887,11.562812419390101],[122.78318199120983,11.562993291363677],[122.783181852070555,11.563174163334944],[122.783365284444812,11.563174300475199],[122.783365145420916,11.563355172446466],[122.78354857791517,11.563355309472856],[122.78373201041174,11.563355446383161],[122.783915442910626,11.563355583177382],[122.7840988754119,11.563355719855606],[122.78428230791549,11.563355856417656],[122.784465740421297,11.563355992863711],[122.784465878738914,11.563175120879299],[122.784466017054228,11.562994248892577],[122.784649449326977,11.562994385218195],[122.784832881602043,11.562994521427727],[122.78501631387941,11.562994657521175],[122.785199746158995,11.562994793498538],[122.785199884001173,11.562813921500803],[122.785383316165479,11.562814057359949],[122.785383453887576,11.562633185357862],[122.785566885936419,11.562633321098703],[122.785750317987564,11.562633456723548],[122.785750180500841,11.562814328729987],[122.785933612671982,11.562814464240878],[122.785933750041025,11.562633592232219],[122.786117182096788,11.562633727624894],[122.786117319345763,11.562452855611882]],[[122.786851183896758,11.56227252398927],[122.786851320670365,11.562091651962936],[122.787034752384457,11.56209178676888],[122.78703461572853,11.562272658797257],[122.786851183896758,11.56227252398927]],[[122.790338675916999,11.559200240048417],[122.790155246045074,11.559200107365752],[122.790155380661758,11.559019235262502],[122.790338810415989,11.559019367943035],[122.790522240172521,11.559019500507572],[122.790522105791126,11.559200372615086],[122.790338675916999,11.559200240048417]],[[122.790155111426103,11.559380979466782],[122.789971681438814,11.559380846665901],[122.789971816175381,11.559199974567091],[122.790155246045074,11.559200107365752],[122.790155111426103,11.559380979466782]],[[122.808870497319589,11.551254659513566],[122.808870619843887,11.551073787103361],[122.809054044641726,11.551073907863652],[122.809053922235108,11.55125478027581],[122.808870497319589,11.551254659513566]],[[122.808687195047909,11.551073666227163],[122.808503770254163,11.551073545234969],[122.808503893011434,11.550892672826452],[122.808687317687671,11.550892793816692],[122.808870742365968,11.550892914690936],[122.808870619843887,11.551073787103361],[122.808687195047909,11.551073666227163]],[[122.808687930855683,11.549988431730585],[122.808504506767321,11.549988310750114],[122.808504629512328,11.549807438328008],[122.808688053483095,11.549807559306613],[122.808687930855683,11.549988431730585]],[[122.809974700518509,11.545829208715164],[122.809974578758926,11.546010081202196],[122.809791157242287,11.546009961075709],[122.809791035363062,11.546190833558656],[122.809607613730961,11.546190713314308],[122.809607491732194,11.546371585792992],[122.809607369731381,11.546552458269455],[122.809607247728536,11.546733330743608],[122.809423825745952,11.546733210377669],[122.809423703623466,11.546914082847648],[122.80960712572363,11.546914203215541],[122.809607003716792,11.547095075685254],[122.809606881707808,11.547275948152746],[122.809423459372525,11.547275827780856],[122.809423337243913,11.547456700244174],[122.809239914793167,11.547456579754511],[122.809240037039302,11.547275707293148],[122.809056614708112,11.547275586689532],[122.809056737069696,11.547094714227901],[122.809056859429234,11.54691384176405],[122.809240281525334,11.546913962363847],[122.80924040376533,11.546733089895733],[122.809056981786739,11.54673296929789],[122.809057104142198,11.546552096829599],[122.809057226495526,11.546371224358909],[122.808873804754086,11.546371103649156],[122.808873927222962,11.546190231178199],[122.808874049689805,11.546009358705023],[122.808874172154603,11.545828486229537],[122.808874294617354,11.54564761375183],[122.80869087334807,11.545647492933897],[122.808690995926284,11.545466620455924],[122.808691118502452,11.545285747975642],[122.808691241076488,11.54510487549314],[122.808874661993258,11.5451049963053],[122.808874784447838,11.544924123818623],[122.809058205249045,11.544924244512922],[122.809058327583998,11.544743372021982],[122.809241748269827,11.544743492598508],[122.809241870485224,11.544562620103394],[122.809425291055604,11.544562740562059],[122.809425413151359,11.54438186806277],[122.809608833606276,11.544381988403662],[122.809792254063225,11.544382108628648],[122.809975674522136,11.544382228737726],[122.810159094983092,11.544382348730897],[122.810158973357275,11.544563221237825],[122.810158851729497,11.54474409374262],[122.809975431033436,11.544743973745542],[122.809975309286031,11.544924846246074],[122.80997518753658,11.545105718744386],[122.810158608467646,11.545105838745373],[122.810158486833743,11.54528671124333],[122.810158365197708,11.545467583739066],[122.810341786365825,11.545467703627965],[122.810341664845254,11.545648576123346],[122.810158243559627,11.545648456232582],[122.810158121919599,11.545829328723789],[122.809974700518509,11.545829208715164]],[[122.81419636902119,11.541310125587545],[122.814012950513259,11.541310008175776],[122.814013069635479,11.541129135588202],[122.814196488025914,11.541129252998017],[122.81419636902119,11.541310125587545]],[[122.813646948961434,11.540043664870714],[122.813830366643103,11.540043782500975],[122.813830247415453,11.540224655100184],[122.813830128185757,11.540405527697084],[122.813830008954113,11.540586400291852],[122.813646590920015,11.540586282655907],[122.813646710269168,11.540405410063093],[122.813463292354541,11.540405292313283],[122.813463411819242,11.540224419720113],[122.813279994024072,11.54022430185635],[122.813280113604151,11.540043429262825],[122.813463531281812,11.540043547124723],[122.813463650742435,11.539862674527024],[122.813647068304633,11.539862792271238],[122.813646948961434,11.540043664870714]],[[122.818415809327945,11.540046685611172],[122.818415925617145,11.539865812963024],[122.818599343232549,11.539865927579784],[122.818599227060858,11.540046800229709],[122.818415809327945,11.540046685611172]],[[122.784282584783796,11.562994112450964],[122.784282723214488,11.562813240464243],[122.784282861642865,11.562632368475212],[122.784466293677937,11.562632504912473],[122.784466155367241,11.562813376903636],[122.784466017054228,11.562994248892577],[122.784282584783796,11.562994112450964]],[[122.814199343541475,11.536788310175838],[122.814015927969848,11.536788192811231],[122.813832512400182,11.536788075330895],[122.813832631590003,11.536607202688964],[122.814016047042244,11.536607320167436],[122.814016166112594,11.536426447521331],[122.814199581449301,11.536426564882118],[122.814382996788126,11.536426682127088],[122.81438287795261,11.536607554777012],[122.814382759115134,11.536788427424538],[122.814199343541475,11.536788310175838]],[[122.807590469058781,11.545465893126261],[122.807590592340077,11.545285020657703],[122.807590715619327,11.545104148186924],[122.807774136523662,11.545104269694351],[122.807957557430115,11.54510439108587],[122.807957434385969,11.545285263560556],[122.807774013361993,11.545285142167083],[122.807773890198206,11.545466014637595],[122.807590469058781,11.545465893126261]],[[122.807223503267778,11.5456465222183],[122.807406924520535,11.545646643963314],[122.807406801117565,11.545827516425478],[122.807223379747299,11.545827394678421],[122.807223503267778,11.5456465222183]],[[122.807590222490049,11.545827638056627],[122.807590099202542,11.546008510518346],[122.807406677712635,11.546008388885332],[122.807406801117565,11.545827516425478],[122.807590222490049,11.545827638056627]],[[122.813825476670942,11.547459557223005],[122.813825595978528,11.547278684713769],[122.814009018362214,11.547278802303884],[122.814008899172222,11.547459674814897],[122.813825476670942,11.547459557223005]],[[122.806671629010637,11.547997498017404],[122.806488206238114,11.54799737578327],[122.806304783467624,11.54799725343314],[122.806121360699279,11.547997130967191],[122.806121484949841,11.547816258545796],[122.806304907600691,11.547816381009879],[122.806488330253572,11.547816503357966],[122.806671752908514,11.547816625590235],[122.806671629010637,11.547997498017404]],[[122.813641695884442,11.548002057023554],[122.813641815315478,11.547821184523022],[122.813825238049901,11.54782130223464],[122.8140086607862,11.547821419830351],[122.814192083524617,11.547821537310066],[122.814375506264895,11.547821654673962],[122.814558929007234,11.547821771921951],[122.814742351751605,11.547821889054033],[122.814742233025768,11.548002761565845],[122.814558810163888,11.548002644431898],[122.814375387304054,11.548002527182044],[122.814191964446181,11.548002409816283],[122.814008541590255,11.548002292334614],[122.813825118736375,11.548002174737038],[122.813641695884442,11.548002057023554]],[[122.81364157645136,11.548182929521866],[122.813458153483879,11.548182811690522],[122.81327473051843,11.54818269374327],[122.813274850186616,11.548001821248777],[122.813458273034556,11.548001939194164],[122.813641695884442,11.548002057023554],[122.81364157645136,11.548182929521866]],[[122.81180722625642,11.54836261846941],[122.811623803191495,11.548362499477038],[122.81162392391964,11.548181627001908],[122.811807346866956,11.548181745992414],[122.81180722625642,11.54836261846941]],[[122.812724461634105,11.54818233920607],[122.812724341611187,11.548363211692658],[122.812724221586393,11.548544084176937],[122.812540798393854,11.548543965762237],[122.812540918536229,11.548363093279823],[122.812357495463232,11.548362974751081],[122.812357615721169,11.548182102268401],[122.812541038676571,11.548182220795189],[122.812724461634105,11.54818233920607]],[[122.812907644780978,11.54854420247573],[122.812907764688262,11.548363329989497],[122.812907884593514,11.548182457501044],[122.813091307554956,11.54818257568011],[122.813091187767213,11.548363448170518],[122.813091067977524,11.548544320658616],[122.813274491176116,11.548544438725505],[122.81327437150189,11.548725311213248],[122.813090948185788,11.548725193144405],[122.812907524871662,11.548725074959654],[122.812724101559567,11.548724956658996],[122.812724221586393,11.548544084176937],[122.812907644780978,11.54854420247573]],[[122.813457794820025,11.548725429166184],[122.813457675261347,11.548906301653572],[122.813274251825703,11.548906183698771],[122.81327437150189,11.548725311213248],[122.813457794820025,11.548725429166184]],[[122.813274132147569,11.549087056181984],[122.813090708596292,11.54908693810941],[122.813090828392021,11.548906065628062],[122.813274251825703,11.548906183698771],[122.813274132147569,11.549087056181984]],[[122.800981058725867,11.554324186229925],[122.800980931107162,11.554505058514275],[122.800797504166766,11.554504932613918],[122.800614077228587,11.554504806597565],[122.800430650292554,11.554504680465216],[122.800430778264143,11.554323808186906],[122.800247351447922,11.554323681940692],[122.800247479534875,11.554142809662116],[122.800430906233601,11.554142935906375],[122.800614332934359,11.554143062034639],[122.800797759637348,11.554143188046906],[122.800981186342369,11.554143313943266],[122.800981058725867,11.554324186229925]],[[122.79400793453101,11.558298508575371],[122.794191363861401,11.558298638811015],[122.794191231842291,11.558479510969777],[122.794191099820878,11.558660383126229],[122.794190967797334,11.558841255280461],[122.794007538113974,11.55884112503851],[122.794007670255212,11.55866025288641],[122.793824240691663,11.558660122530595],[122.793824372948364,11.558479250378317],[122.794007802394219,11.558479380732001],[122.79400793453101,11.558298508575371]],[[122.790522374551614,11.558838628397838],[122.790522508928476,11.558657756285795],[122.79070593845195,11.558657888730073],[122.790705804192683,11.558838760844159],[122.790522374551614,11.558838628397838]]],[[[122.810713963259033,11.537509550862834],[122.81071408445321,11.537328678262293],[122.810897500340928,11.53732879771705],[122.810897621415549,11.537147925112334],[122.81108103718789,11.537148044449408],[122.811081158143139,11.536967171840518],[122.810897742488208,11.536967052505487],[122.810714326835324,11.536966933054549],[122.81071420564524,11.53714780565962],[122.810530789876978,11.537147686090998],[122.810530668567438,11.537328558691806],[122.810530547255937,11.537509431290394],[122.810713963259033,11.537509550862834]]],[[[122.81419708301965,11.540224890016981],[122.814196964024887,11.540405762617612],[122.81438038194743,11.540405879904148],[122.814380500824782,11.540225007301563],[122.81419708301965,11.540224890016981]]],[[[122.817497551820409,11.541854837046062],[122.817497668716499,11.541673964429622],[122.817497785610541,11.541493091810962],[122.817314366949574,11.541492976482592],[122.817314249938022,11.541673849099388],[122.817130831161492,11.541673733653246],[122.817130714030569,11.541854606265955],[122.817130596897599,11.542035478876445],[122.817314015909048,11.542035594326228],[122.817314132924508,11.541854721713962],[122.817497551820409,11.541854837046062]]],[[[122.817130596897599,11.542035478876445],[122.81694717788811,11.542035363310754],[122.816947060635769,11.542216235917069],[122.817130479762682,11.542216351484624],[122.817130596897599,11.542035478876445]]],[[[122.816763641510718,11.542216120233695],[122.816763524138835,11.542396992835924],[122.816946943381296,11.542397108521163],[122.816947060635769,11.542216235917069],[122.816763641510718,11.542216120233695]]],[[[122.817130362625804,11.542397224090584],[122.817313781872258,11.542397339544097],[122.817313898891626,11.542216466936273],[122.817130479762682,11.542216351484624],[122.817130362625804,11.542397224090584]]],[[[122.816580104898321,11.542396877034777],[122.816396685659768,11.542396761117812],[122.816396568050919,11.542577633714002],[122.816579987406982,11.542577749632832],[122.816580104898321,11.542396877034777]]],[[[122.816946943381296,11.542397108521163],[122.816946826125047,11.542577981122948],[122.817130245486965,11.542578096694234],[122.817130362625804,11.542397224090584],[122.816946943381296,11.542397108521163]]],[[[122.809791644738638,11.545286471121718],[122.809791766607646,11.545105598627581],[122.809608345680658,11.545105478394957],[122.809608223694156,11.545286350887141],[122.809791644738638,11.545286471121718]]],[[[122.815844540338844,11.545290373851946],[122.816027961451454,11.545290490146476],[122.816028079324894,11.545109617587679],[122.815844658329709,11.545109501295103],[122.815844540338844,11.545290373851946]]],[[[122.809424802651705,11.545286230536567],[122.809424680545646,11.545467103024576],[122.809608101705592,11.545467223377015],[122.809608223694156,11.545286350887141],[122.809424802651705,11.545286230536567]]],[[[122.815660883005322,11.545652002544893],[122.815844304351074,11.545652118958971],[122.815844422345933,11.545471246406569],[122.815844540338844,11.545290373851946],[122.815661119228011,11.545290257441598],[122.815477698119309,11.545290140915343],[122.815477579891393,11.545471013466235],[122.815477461661516,11.545651886014907],[122.815660883005322,11.545652002544893]]],[[[122.808874294617354,11.54564761375183],[122.80905771588867,11.545647734453945],[122.809241137162047,11.545647855040064],[122.809424558437541,11.545647975510365],[122.809424680545646,11.545467103024576],[122.809241259387747,11.545466982556229],[122.80905783823188,11.545466861972065],[122.808874417078059,11.545466741271904],[122.808874294617354,11.54564761375183]]],[[[122.809791522867584,11.545467343613636],[122.809791400994499,11.545648216103244],[122.809974822276132,11.545648336225822],[122.809974944031623,11.54546746373426],[122.809791522867584,11.545467343613636]]],[[[122.815659819905221,11.547279855398296],[122.815659938035353,11.547098982868009],[122.815660056163523,11.546918110335502],[122.815476633997008,11.546917993792372],[122.81529321183244,11.546917877133334],[122.815293330193754,11.546737004602337],[122.815109908148742,11.546736887829256],[122.814926486105676,11.546736770940358],[122.814926367509344,11.546917643467625],[122.814926248910965,11.547098515992582],[122.815109671189134,11.5470986328853],[122.815109552706403,11.547279505409991],[122.815109434221625,11.547460377932373],[122.815292856736846,11.547460494712913],[122.815292738367617,11.54764136723494],[122.815476161002294,11.547641483901439],[122.815476279253929,11.547460611377547],[122.815476397503602,11.547279738851435],[122.815659819905221,11.547279855398296]]],[[[122.815476161002294,11.547641483901439],[122.815476042748713,11.54782235642311],[122.815659465502947,11.547822472975566],[122.815659583639018,11.54764160045203],[122.815476161002294,11.547641483901439]]],[[[122.802452779167567,11.548175529684235],[122.802269356325667,11.548175404782013],[122.802269229602416,11.548356277157046],[122.802452652561811,11.548356402061311],[122.802452779167567,11.548175529684235]]],[[[122.797129746311469,11.55341715676772],[122.797313172503038,11.553417284975387],[122.797496598696739,11.553417413067057],[122.797496728537141,11.553236540807932],[122.797496858375411,11.553055668546497],[122.7973134324169,11.553055540458912],[122.797313302461035,11.553236412718304],[122.797129876387146,11.553236284512769],[122.797129746311469,11.55341715676772]]],[[[122.795662205839037,11.553596999167981],[122.795662074818154,11.553777871401971],[122.795845501227504,11.553778000541515],[122.795845370321999,11.553958872775327],[122.796028796851076,11.553959001800918],[122.796028927638901,11.553778129565062],[122.796212354052599,11.553778258472702],[122.796212484720698,11.553597386232495],[122.796029058424594,11.553597257326986],[122.796029189208056,11.553416385086601],[122.795845763031863,11.553416256067228],[122.795662336857788,11.55341612693177],[122.795662467874223,11.553235254693339],[122.795479041819974,11.553235125444017],[122.795478910685844,11.553415997680494],[122.795478779549583,11.553596869914573],[122.795662205839037,11.553596999167981]]],[[[122.778967304253584,11.557563946501537],[122.778967162478025,11.557744818489235],[122.779150591267779,11.557744958231764],[122.779150732925658,11.557564086241756],[122.778967304253584,11.557563946501537]]],[[[122.792173907969101,11.557935455560253],[122.792357337042006,11.557935586951773],[122.792540766117142,11.557935718227386],[122.792540899188552,11.557754846080792],[122.79235747023111,11.557754714807311],[122.7921740412758,11.557754583417834],[122.792173907969101,11.557935455560253]]],[[[122.792907624274051,11.557935980430445],[122.792724195194481,11.557935849386913],[122.792724062238435,11.558116721533418],[122.792907491435699,11.558116852578992],[122.792907624274051,11.557935980430445]]],[[[122.792357203850685,11.558116459094014],[122.792357070657133,11.558297331234035],[122.792540499967544,11.558297462513822],[122.792540633043501,11.558116590371759],[122.792357203850685,11.558116459094014]]],[[[122.77915016627982,11.558287574188197],[122.779150024612434,11.558468446169234],[122.779333453875239,11.558468585804649],[122.779333595424944,11.55828771382148],[122.77915016627982,11.558287574188197]]],[[[122.790154842181465,11.559742723662003],[122.789971411958732,11.559742590856859],[122.7899712772154,11.559923462949007],[122.790154707555743,11.559923595756283],[122.790154842181465,11.559742723662003]]],[[[122.789604281560372,11.560104069071953],[122.789420851109099,11.560103935914467],[122.789420716008195,11.560284807995691],[122.789604146577148,11.560284941155308],[122.789787577148331,11.560285074198928],[122.789787712013961,11.560104202113441],[122.789604281560372,11.560104069071953]]],[[[122.783917522728714,11.560642503273089],[122.783734091995356,11.56064236651182],[122.783733953239334,11.560823238518969],[122.783733814480996,11.561004110523987],[122.783917245449814,11.561004247289608],[122.783917384090373,11.560823375282459],[122.784100814943812,11.560823511929952],[122.784100953464474,11.560642639918361],[122.783917522728714,11.560642503273089]]],[[[122.786483909199262,11.56281487007722],[122.786667341379541,11.56281500512395],[122.786667478277778,11.562634133106586],[122.786484046215165,11.562633998062077],[122.786483909199262,11.56281487007722]]],[[[122.772175767738545,11.56334659434477],[122.772175621531588,11.563527466175971],[122.772175475322328,11.563708338004952],[122.772175329110482,11.563889209831713],[122.772175182896248,11.564070081656164],[122.771991750078868,11.564069937424071],[122.771991603744453,11.564250809243992],[122.772175036679599,11.564250953478394],[122.77235846961706,11.5642510975968],[122.772541902557109,11.564251241599033],[122.772725335499544,11.56425138548518],[122.77272548136304,11.564070513656022],[122.772908914190182,11.564070657423864],[122.772909059933511,11.563889785590087],[122.773092492645375,11.563889929239535],[122.773275925359641,11.563890072772898],[122.773459358076309,11.563890216190087],[122.773459503464096,11.563709344347251],[122.773642936065471,11.563709487646046],[122.773826368669333,11.563709630828845],[122.773826513819273,11.563528758979169],[122.774009946307757,11.563528902043574],[122.774010091337516,11.56334803018928],[122.774193523710807,11.563348173135291],[122.774193668620413,11.563167301276467],[122.774377100878411,11.563167444104172],[122.774377245667836,11.56298657224073],[122.774560677810555,11.56298671495013],[122.774744109955677,11.562986857543356],[122.774927542103185,11.562987000020586],[122.774927686537083,11.562806128147995],[122.775111118569313,11.562806270506831],[122.775294550603931,11.562806412749671],[122.775294406405422,11.562987284626702],[122.775477838560221,11.562987426755678],[122.775661270717322,11.562987568768657],[122.775661126751857,11.563168440648086],[122.775844559029139,11.563168582547201],[122.775844702876924,11.562987710665462],[122.775844846722293,11.562806838781592],[122.776028278766518,11.562806980560092],[122.776028422491819,11.562626108671603],[122.776211854420751,11.562626250331798],[122.776395286352084,11.562626391875819],[122.776395142862242,11.562807263768837],[122.776578574913657,11.562807405199171],[122.776762006967559,11.562807546513421],[122.776761863710774,11.562988418408748],[122.776945295884673,11.562988559609222],[122.776945152743167,11.563169431504461],[122.777128585037232,11.563169572591159],[122.777312017333699,11.563169713561683],[122.777495449632568,11.563169854416211],[122.777495592420919,11.562988982514133],[122.77767902460441,11.562989123250267],[122.77767916727268,11.562808251343659],[122.777862599340892,11.562808391961488],[122.777862741889081,11.56262752005035],[122.777862884434882,11.562446648136993],[122.777863026978281,11.562265776221325],[122.778046458695741,11.562265916716319],[122.778046601119058,11.562085044796211],[122.77804674354006,11.561904172873794],[122.778230175024461,11.561904313248261],[122.778230032721225,11.562085185172899],[122.778229890415602,11.562266057095316],[122.778229748107563,11.562446929015424],[122.778046316270022,11.562446788634295],[122.778046173842,11.562627660549873],[122.778046031411492,11.562808532463231],[122.778045888978667,11.562989404374369],[122.778229321169263,11.562989544762337],[122.778229178851817,11.563170416673474],[122.778229036531883,11.563351288582391],[122.778412468960326,11.563351428858804],[122.778595901391171,11.563351569019131],[122.778596043475645,11.563170697105773],[122.778779475791112,11.563170837147796],[122.778962908109079,11.563170977073733],[122.77914634042925,11.563171116883586],[122.779146198698001,11.563351988803694],[122.779329631138353,11.563352128499771],[122.779329489522297,11.563533000419879],[122.779512922082731,11.563533140002091],[122.779512780582053,11.563714011922199],[122.779512639079158,11.563894883839998],[122.779329206283265,11.563894744253345],[122.779145773489773,11.563894604550518],[122.779145915228227,11.56371373263716],[122.778962482554817,11.563713592820557],[122.77896262440855,11.563532720907199],[122.778779191855307,11.563532580976821],[122.778595759304295,11.563532440930269],[122.778595617215103,11.563713312839097],[122.778595475123524,11.563894184745704],[122.778595333029543,11.564075056650092],[122.77859519093316,11.564255928552258],[122.778778623955006,11.564256068607781],[122.778778481974001,11.564436940509859],[122.77877833999068,11.564617812409717],[122.778961773250288,11.564617952353595],[122.778961631382344,11.564798824253453],[122.778961489511929,11.564979696151001],[122.779144923009383,11.564979835983324],[122.779144781254416,11.565160707880962],[122.779144639497062,11.565341579776289],[122.779328073232278,11.565341719496969],[122.779511506969996,11.565341859101652],[122.779511365445771,11.5655227309992],[122.779694799303485,11.56552287048993],[122.779878233163672,11.565523009864664],[122.780061667026175,11.565523149123225],[122.780061808197246,11.565342277218926],[122.780245241944371,11.565342416359181],[122.780428675693898,11.565342555383351],[122.780428534758272,11.56552342729209],[122.780428393820344,11.565704299198609],[122.780611827807633,11.565704438111135],[122.780611686985083,11.565885310017565],[122.780611546160131,11.566066181921775],[122.780611405332863,11.566247053823764],[122.780611264503293,11.566427925723444],[122.780427830045014,11.566427786801947],[122.780427689095262,11.566608658697186],[122.780244254521605,11.566608519657384],[122.780060819950251,11.566608380501497],[122.779877385381297,11.566608241229526],[122.77987752668426,11.566427369340948],[122.779694092235388,11.566427229955112],[122.779510657788819,11.566427090453102],[122.779510799324939,11.566246218566834],[122.779327364998537,11.566246078951048],[122.77914393067455,11.566245939219089],[122.779143788902971,11.566426811100916],[122.779143647129004,11.566607682980434],[122.779143505352636,11.566788554857732],[122.779143363573951,11.566969426732721],[122.779326798368956,11.56696956647365],[122.779326656705649,11.567150438348639],[122.779326515039955,11.567331310221407],[122.779509950072892,11.567331449850693],[122.779509808522562,11.567512321723461],[122.779693243675581,11.567512461238882],[122.779876678831002,11.567512600638219],[122.779876537513829,11.567693472513119],[122.780059972789417,11.567693611798591],[122.780059831587707,11.56787448367349],[122.780243266983291,11.567874622845098],[122.780426702381263,11.567874761900443],[122.780426561412696,11.568055633777652],[122.780609996930849,11.568055772719132],[122.78060985607766,11.568236644596341],[122.78079329171598,11.568236783423957],[122.780793150978155,11.568417655301078],[122.780976586736557,11.568417794014829],[122.780976727356517,11.568236922135489],[122.78116016299947,11.568237060730846],[122.78134359864471,11.568237199210119],[122.781343739026823,11.568056327324028],[122.7815271745567,11.568056465684995],[122.781527034292367,11.568237337573306],[122.781526894025717,11.568418209459308],[122.781710329793455,11.568418347708542],[122.781710189642183,11.568599219594455],[122.781893625530088,11.568599357729825],[122.781893765563581,11.568418485841603],[122.781893905594686,11.56823761395116],[122.781894045623474,11.568056742058497],[122.781710610088879,11.568056603929788],[122.781710750233046,11.567875732037036],[122.781527314818632,11.567875593794463],[122.781343879406535,11.567875455435805],[122.781160443996825,11.567875316960974],[122.781160584492,11.567694445072574],[122.781160724984773,11.567513573182042],[122.781160865475229,11.567332701289201],[122.781161005963298,11.567151829394051],[122.780977571026995,11.567151690812016],[122.780977711630513,11.566970818916955],[122.780794276814206,11.566970680220967],[122.780610842000286,11.566970541408983],[122.780610701161308,11.567151413299603],[122.78042726623201,11.567151274369225],[122.780243831305029,11.567151135322762],[122.780060396380449,11.567150996160214],[122.780060537572751,11.566970124276166],[122.780243972379566,11.566970263436582],[122.780244113451786,11.566789391548093],[122.780427548143223,11.566789530590116],[122.780610982836961,11.566789669516053],[122.780611123671335,11.566608797620903],[122.780794558249696,11.566608936428446],[122.780794698963902,11.566428064528766],[122.780794839675778,11.566247192626866],[122.780794980385366,11.566066320722657],[122.780795121092453,11.565885448816227],[122.780795261797323,11.565704576907576],[122.780795402499791,11.565523704996616],[122.780795543199872,11.565342833083436],[122.780795683897637,11.565161961167947],[122.780795824593085,11.564981089250237],[122.780612391074314,11.564980950462767],[122.78042895755793,11.564980811559122],[122.780245524043963,11.564980672539393],[122.780245665090249,11.564799800626124],[122.780062231696263,11.56479966149262],[122.780062372857913,11.564618789579351],[122.779878939584009,11.564618650331893],[122.779879080861051,11.564437778418624],[122.77987922213569,11.564256906503045],[122.779695789099634,11.564256767144032],[122.779695930489652,11.564075895228454],[122.779696071877353,11.563895023310655],[122.779696213262568,11.563714151390547],[122.779696354645466,11.563533279468219],[122.779696496026062,11.563352407543581],[122.779513063581007,11.563352268079674],[122.779513205076896,11.563171396155125],[122.779329772751922,11.563171256577354],[122.779329914363174,11.562990384652716],[122.779146482158282,11.562990244961169],[122.779146623884827,11.562809373036531],[122.778963191800017,11.562809233231208],[122.778963333641926,11.562628361306482],[122.778779901677197,11.562628221387294],[122.778780043634484,11.562447349462657],[122.778596611789752,11.562447209429694],[122.778596753862331,11.562266337505056],[122.778596895932594,11.562085465578109],[122.778780327541881,11.562085605606631],[122.778780469492062,11.561904733675243],[122.778780611439757,11.561723861741546],[122.778780753385234,11.561542989805629],[122.778964184643769,11.561543129711316],[122.77896432646908,11.561362257770957],[122.778964468292074,11.56118138582829],[122.778964610112681,11.561000513883313],[122.779148041020477,11.561000653666254],[122.779148182720988,11.560819781716836],[122.779331613513506,11.560819921381471],[122.779331755094034,11.560639049427524],[122.77951518577126,11.560639188973854],[122.779698616450787,11.560639328404188],[122.779882047132716,11.560639467718437],[122.780065477816962,11.560639606916689],[122.780248908503609,11.560639745998857],[122.780249049493307,11.560458874031498],[122.780065618924354,11.560458734951551],[122.779882188357703,11.560458595755607],[122.779698757793554,11.560458456443579],[122.779698899133905,11.56027758448066],[122.779515468689738,11.560277445054767],[122.779515610145395,11.560096573091849],[122.779699040471868,11.560096712515433],[122.77969918180753,11.559915840548074],[122.779699323140875,11.559734968578406],[122.779882753234389,11.559735107881464],[122.779882894447653,11.559554235907266],[122.779883035658514,11.559373363930847],[122.779883176867074,11.559192491952208],[122.779883318073232,11.55901161997126],[122.779699888450452,11.559011480677173],[122.779700029771888,11.558830608696224],[122.779516600269105,11.558830469288273],[122.779516741705919,11.558649597307324],[122.779333312323132,11.558649457785686],[122.779149882942733,11.558649318147962],[122.778966453564649,11.558649178394154],[122.778783024189053,11.558649038524438],[122.77878288228159,11.558829910496415],[122.778599452790615,11.558829770508394],[122.778416023302029,11.558829630404288],[122.778232593815858,11.558829490184186],[122.778049164331989,11.558829349848088],[122.778049021951574,11.559010221808785],[122.777865592352413,11.559010081354382],[122.777865449851916,11.559190953310639],[122.777682020137476,11.559190812737929],[122.777681877516898,11.559371684689657],[122.777498447687165,11.559371543998642],[122.777315017859934,11.559371403191632],[122.777131588035004,11.559371262268625],[122.776948158212463,11.559371121229534],[122.77694830130369,11.559190249286955],[122.776764871601245,11.559190108134088],[122.77676501480785,11.55900923619142],[122.776948444392616,11.559009377341978],[122.777131873979783,11.55900951837654],[122.777315303569338,11.559009659295016],[122.777498733161295,11.559009800097497],[122.777498875894764,11.55882892814355],[122.777682305371442,11.558829068827814],[122.777682447984915,11.558648196869337],[122.777865877346315,11.558648337435207],[122.778049306710102,11.558648477885081],[122.778049449085813,11.558467605919942],[122.778049591459208,11.558286733952405],[122.77804973383013,11.558105861982648],[122.77823316284335,11.558106002309776],[122.778233305094275,11.557925130335578],[122.778233447342799,11.557744258359071],[122.778233589588922,11.557563386380254],[122.778050160928743,11.557563246059965],[122.77805001856494,11.557744118036473],[122.777866589789483,11.557743977597879],[122.777866447305584,11.557924849569856],[122.777683018414848,11.557924709012957],[122.777683161016327,11.5577438370432],[122.777499732245587,11.557743696372613],[122.777316303477321,11.557743555585942],[122.77713287471137,11.557743414683275],[122.777133017663417,11.557562542718136],[122.777133160613161,11.557381670750688],[122.776949732084873,11.557381529736555],[122.776766303559,11.557381388606336],[122.776766160373981,11.557562260569254],[122.776582731732901,11.557562119320819],[122.776399303094138,11.557561977956388],[122.776215874457861,11.55756183647596],[122.776032445823887,11.557561694879448],[122.776032589479456,11.557380822925678],[122.775849160965663,11.557380681215479],[122.775665732454172,11.557380539389195],[122.775482303945083,11.557380397447004],[122.775298875438466,11.557380255388727],[122.77511544693418,11.557380113214544],[122.775115302690352,11.557560985156945],[122.774931874070859,11.557560842864367],[122.774748445453767,11.557560700455793],[122.774748300972192,11.557741572391445],[122.774564872239893,11.557741429864565],[122.774381443509995,11.55774128722169],[122.774381298790743,11.557922159150502],[122.774197869945567,11.557922016389321],[122.77419772510622,11.558102888313515],[122.77401429614585,11.558102745434029],[122.774014151186421,11.558283617353693],[122.773830722110759,11.558283474355902],[122.773830577031262,11.558464346270947],[122.773830431949264,11.558645218183861],[122.773647002640814,11.558645075065455],[122.773646857438735,11.55882594697375],[122.773646712234182,11.559006818879736],[122.773646567027313,11.55918769078359],[122.773646421817958,11.559368562685135],[122.7736462766062,11.55954943458446],[122.773646131392056,11.559730306481475],[122.77364598617541,11.55991117837627],[122.773645840956377,11.560092050268755],[122.773645695734857,11.560272922159021],[122.77346226536973,11.560272778903924],[122.773462120028128,11.560453650789659],[122.773278689547809,11.560453507416169],[122.773278544086125,11.560634379297285],[122.773095113490427,11.5606342358054],[122.772911682897231,11.560634092197519],[122.772728252306507,11.560633948473642],[122.772544821718199,11.56063380463368],[122.772361391132279,11.560633660677633],[122.77217796054893,11.56063351660559],[122.772177814378651,11.56081438847063],[122.772177668205885,11.560995260333451],[122.772177522030816,11.561176132193962],[122.77199409109673,11.561175987998906],[122.771993944801494,11.561356859854888],[122.771993798503757,11.561537731708649],[122.771810367336698,11.561537587392889],[122.771810220918894,11.561718459242032],[122.771626789636642,11.561718314807878],[122.771626643098571,11.561899186652491],[122.771443211701126,11.561899042100032],[122.771443065042973,11.562079913940027],[122.771259633530235,11.562079769269173],[122.771259486751916,11.562260641104549],[122.771259339971195,11.562441512937793],[122.771259193187888,11.562622384768639],[122.771259046402292,11.562803256597354],[122.771258899614111,11.562984128423759],[122.771442331715434,11.562984273106247],[122.771442478385751,11.562803401277533],[122.771625910371796,11.562803545841627],[122.77162605692213,11.562622674008294],[122.771809488792883,11.562622818453994],[122.771992920666051,11.562622962783609],[122.771992774351261,11.56280383462156],[122.7719926280339,11.562984706457291],[122.77199248171415,11.563165578290713],[122.771809049487857,11.563165433954081],[122.77162561726395,11.563165289501454],[122.77162547070634,11.563346161328036],[122.771808903048012,11.563346305782973],[122.771992335392085,11.563346450121914],[122.772175767738545,11.56334659434477]],[[122.775847291725782,11.559732016409763],[122.776030721769303,11.559732158149627],[122.776214151815211,11.559732299773318],[122.776214008246043,11.559913171700176],[122.776030578082455,11.559913030074087],[122.775847147921354,11.559912888332002],[122.775847291725782,11.559732016409763]],[[122.777130730143199,11.560456493890792],[122.777314160674138,11.560456634827387],[122.777314017801586,11.560637506758775],[122.777130587152868,11.56063736581987],[122.776947156506552,11.560637224764969],[122.776947299614648,11.560456352838111],[122.776947442720271,11.560275480908944],[122.777130873131128,11.560275621959404],[122.777130730143199,11.560456493890792]],[[122.775295415744338,11.561721181439699],[122.775295559925979,11.561540309546858],[122.775478991139138,11.561540451657626],[122.775478847075178,11.561721323552776],[122.775478703008815,11.561902195445617],[122.775478558940065,11.562083067336326],[122.7754784148689,11.562263939224726],[122.77529498318502,11.56226379710481],[122.775295127373852,11.56208292521872],[122.775295271560296,11.56190205333032],[122.775295415744338,11.561721181439699]]],[[[122.771442331715434,11.562984273106247],[122.771442185042545,11.563165144932741],[122.77162561726395,11.563165289501454],[122.771625763819074,11.56298441767265],[122.771442331715434,11.562984273106247]]],[[[122.752181497739343,11.56351106242588],[122.752181656777182,11.563330190858023],[122.751998224708814,11.563330033983421],[122.751998065553181,11.563510905548702],[122.752181497739343,11.56351106242588]]],[[[122.786666930671373,11.563357621162362],[122.786666793763999,11.563538493170666],[122.786666656854393,11.56371936517675],[122.786850089625503,11.563719500118141],[122.786850226417414,11.563538628109926],[122.786850363207023,11.56335775609949],[122.786666930671373,11.563357621162362]]],[[[122.752181338698733,11.563691933991427],[122.75199790639499,11.563691777111762],[122.751998065553181,11.563510905548702],[122.75181463336979,11.563510748555528],[122.75181447409382,11.563691620116012],[122.751631041795406,11.563691463004266],[122.751630882398999,11.563872334559955],[122.751447449985463,11.563872177329548],[122.751447609499564,11.563691305776347],[122.75126417720638,11.563691148432431],[122.751264017574613,11.563872019983146],[122.751080585166406,11.563871862520569],[122.750897152760885,11.563871704941908],[122.750713720358007,11.563871547247162],[122.750713560370428,11.564052418788107],[122.750530127852542,11.564052260974789],[122.750346695337242,11.564052103045386],[122.750163262824771,11.564051944999898],[122.75016310248121,11.564232816530895],[122.750346535111532,11.56423297457887],[122.750529967744441,11.564233132510848],[122.750529807633853,11.564414004044687],[122.750346374883179,11.564413846110222],[122.750162942135162,11.564413688059672],[122.749979509389817,11.564413529893036],[122.749979348923233,11.564594401416928],[122.750162781786273,11.564594559586139],[122.750346214652055,11.564594717639265],[122.750529647520423,11.564594875576217],[122.750713080391535,11.564595033397174],[122.750896513265218,11.564595191101956],[122.751079946141672,11.564595348690743],[122.75126337902077,11.564595506163444],[122.751446811902554,11.564595663519972],[122.75163024478698,11.564595820760504],[122.751813677674093,11.564595977884951],[122.751813518382136,11.564776849431935],[122.751996951389586,11.564777006442784],[122.751996792212736,11.564957877990034],[122.752180225340624,11.564958034887374],[122.752363658471083,11.56495819166854],[122.752363499527107,11.565139063218632],[122.752546932778017,11.565139219886289],[122.752547091604299,11.564958348333709],[122.752547250428009,11.56477747677882],[122.752547409249047,11.5645966052218],[122.75236397635129,11.564596448561693],[122.752364135287351,11.56441557700485],[122.752180702510032,11.564415420231233],[122.7521808615612,11.564234548674657],[122.752181020609711,11.56405367711586],[122.752364453151671,11.564053833884413],[122.752547885696202,11.564053990536971],[122.752547726883151,11.564234862100831],[122.752731159548034,11.56423501863979],[122.752731318243391,11.564054147073444],[122.752731476936106,11.563873275504788],[122.752548044506582,11.563873118970891],[122.752548203314305,11.563692247402502],[122.752364771005233,11.563692090755007],[122.752364929928063,11.563511219186884],[122.752181497739343,11.56351106242588],[122.752181338698733,11.563691933991427]],[[122.751997588070509,11.564053520231132],[122.751997747234043,11.563872648672602],[122.752181179655551,11.563872805554753],[122.752181020609711,11.56405367711586],[122.751997588070509,11.564053520231132]]],[[[122.75273100085009,11.564415890203916],[122.752914433635311,11.564416046629278],[122.75291459221566,11.564235175062665],[122.752731159548034,11.56423501863979],[122.75273100085009,11.564415890203916]]],[[[122.771808170811781,11.564250664893505],[122.771808024357298,11.564431536708808],[122.77180787790023,11.56461240852189],[122.771991311068348,11.564612552877085],[122.771991457407637,11.564431681061693],[122.771991603744453,11.564250809243992],[122.771808170811781,11.564250664893505]]],[[[122.787399569272438,11.564805136286926],[122.787216135788043,11.564805001680822],[122.787216272358265,11.564624129681755],[122.787032838993852,11.564623994961698],[122.787032975679452,11.564443122962542],[122.786849542435036,11.564442988128532],[122.786849679236099,11.564262116129376],[122.786849816034845,11.564081244127911],[122.786849952831375,11.563900372124136],[122.7866665199425,11.563900237180524],[122.786666383028276,11.564081109182078],[122.786666246111764,11.564261981181412],[122.786666109193021,11.564442853178436],[122.786665972271962,11.56462372517324],[122.786849405631756,11.564623860125556],[122.78684926882616,11.564804732120182],[122.78703270230595,11.564804866958545],[122.787032565615732,11.564985738953171],[122.787215999215604,11.56498587367758],[122.787399432817779,11.564986008285905],[122.787399569272438,11.564805136286926]]],[[[122.771991164726558,11.564793424690167],[122.772174598014857,11.564793568931586],[122.772358031305544,11.564793713056831],[122.772358177411874,11.56461284123913],[122.772174744238868,11.564612697116106],[122.771991311068348,11.564612552877085],[122.771991164726558,11.564793424690167]]],[[[122.79253597406381,11.564447114003817],[122.792352540751708,11.564446982652354],[122.792169107441921,11.564446851184806],[122.792168974052714,11.564627723243737],[122.792352407480266,11.564627854713416],[122.792352274206522,11.564808726772258],[122.792535707753984,11.564808858127984],[122.792535574595789,11.564989730186648],[122.792719008263248,11.564989861428421],[122.792902441932924,11.564989992554109],[122.79290257485566,11.564809120491182],[122.792902707776179,11.564628248426034],[122.792719274342048,11.564628117304609],[122.79271940737803,11.564447245239284],[122.79253597406381,11.564447114003817]]],[[[122.772358031305544,11.564793713056831],[122.772357885196826,11.564974584872401],[122.772541318607765,11.56497472888387],[122.772541464598717,11.56479385706608],[122.772358031305544,11.564793713056831]]],[[[122.769056232448108,11.56479110104045],[122.768872799201645,11.564790954825588],[122.768689365957684,11.56479080849464],[122.768689217494298,11.56497168026358],[122.768505784135129,11.56497153381415],[122.768505635551591,11.565152405578472],[122.768689069028525,11.565152552030211],[122.76868892056018,11.565333423794621],[122.768872354157381,11.565333570132585],[122.769055787756983,11.565333716354464],[122.769055935989869,11.565152844585347],[122.769056084220196,11.564971972814009],[122.769056232448108,11.56479110104045]]],[[[122.772908185436862,11.564975016558643],[122.772724752021119,11.564974872779343],[122.77272460614536,11.565155744597222],[122.772908039678882,11.565155888378831],[122.772908185436862,11.564975016558643]]],[[[122.787766163807262,11.565167149155231],[122.787766300028878,11.564986277154299],[122.78758286642217,11.564986142778144],[122.787582730082875,11.565167014776945],[122.787766163807262,11.565167149155231]]],[[[122.787766027583515,11.565348021154032],[122.7879494614279,11.565348155418365],[122.787949597534052,11.565167283417432],[122.787766163807262,11.565167149155231],[122.787766027583515,11.565348021154032]]],[[[122.752363181630997,11.565500806311979],[122.752363340580303,11.565319934766416],[122.752179907214384,11.565319777980188],[122.752180066278783,11.565138906434891],[122.751996633033215,11.565138749535064],[122.751996473850951,11.565319621077874],[122.751996314666101,11.565500492618375],[122.752179748147228,11.565500649523264],[122.752363181630997,11.565500806311979]]],[[[122.770890123889217,11.565335172188229],[122.77070669026493,11.565335027127288],[122.770706543089318,11.565515898915146],[122.770889976831299,11.565516043978485],[122.770890123889217,11.565335172188229]]],[[[122.777494307239721,11.564616829551921],[122.777310873999113,11.564616688679275],[122.777127440760836,11.564616547690632],[122.776944007525032,11.564616406585904],[122.776943864361954,11.564797278460892],[122.776760431010771,11.56479713723777],[122.776760287727612,11.564978009108229],[122.776760144442051,11.565158880976467],[122.77657671085781,11.56515873963273],[122.776576567452167,11.565339611496528],[122.776576424044137,11.565520483357927],[122.776576280633606,11.565701355217195],[122.776576137220772,11.565882227074153],[122.776392703167929,11.565882085605184],[122.776392559634928,11.566062957457612],[122.776575993805437,11.566063098928803],[122.776575850387815,11.56624397078132],[122.776759284678505,11.566244112138646],[122.776759427978362,11.566063240283908],[122.77694286215376,11.566063381522929],[122.777126296331474,11.566063522645775],[122.777126153267076,11.566244394505043],[122.777309587564872,11.566244535514114],[122.777493021865155,11.5662446764071],[122.777493164694107,11.566063804543303],[122.777676598879012,11.566063945317895],[122.777676741587783,11.565883073449568],[122.777860175657324,11.565883214105854],[122.777860318246013,11.565702342232997],[122.777860460832315,11.565521470358009],[122.777860603416215,11.565340598480622],[122.777860745997714,11.565159726601104],[122.77786088857691,11.564978854719277],[122.777677455096068,11.56497871407427],[122.777677597790543,11.564797842192442],[122.777494164429868,11.564797701433749],[122.777494307239721,11.564616829551921]]],[[[122.788132895274671,11.565348289566613],[122.788132759284082,11.565529161567456],[122.788316193250765,11.565529295601751],[122.788316329123674,11.565348423598865],[122.788132895274671,11.565348289566613]]],[[[122.772908039678882,11.565155888378831],[122.7729078939185,11.565336760196798],[122.772907748155632,11.565517632012545],[122.772907602390447,11.565698503825894],[122.772907456622704,11.565879375637111],[122.772907310852545,11.566060247446019],[122.773090744977239,11.56606039112309],[122.773090890629618,11.565879519311872],[122.773091036279595,11.565698647498435],[122.773091181927086,11.565517775682688],[122.773091327572189,11.56533690386472],[122.77309147321489,11.565156032044444],[122.772908039678882,11.565155888378831]]],[[[122.771073263633212,11.565697060715907],[122.771073116688086,11.565877932503943],[122.771256550670486,11.565878077339642],[122.771256697497932,11.565697205549386],[122.771073263633212,11.565697060715907]]],[[[122.788316057375624,11.565710167602505],[122.788315921498182,11.565891039600951],[122.788499355702726,11.565891173523424],[122.788499491462389,11.565710301522847],[122.788316057375624,11.565710167602505]]],[[[122.769788487777902,11.566600402467087],[122.769971922214083,11.566600548124883],[122.769972069875521,11.566419676359851],[122.77015550419641,11.566419821899254],[122.770338938519785,11.566419967322483],[122.770339085943277,11.566239095550523],[122.770339233364282,11.566058223776343],[122.770339380782801,11.565877351999942],[122.770339528198932,11.565696480221233],[122.770156094346561,11.565696334807329],[122.770156241877871,11.565515463028708],[122.770156389406793,11.565334591247867],[122.770156536933229,11.565153719464716],[122.770339970432374,11.565153864871602],[122.770340117838643,11.564972993083922],[122.770156684457177,11.564972847679345],[122.769973251078113,11.564972702158682],[122.769789817701636,11.564972556521935],[122.769606384327545,11.564972410769103],[122.769422950955942,11.564972264900186],[122.769422802961074,11.565153136676143],[122.769422654963734,11.565334008449968],[122.769422506963807,11.565514880221484],[122.76923907324155,11.565514734229376],[122.769055639521696,11.565514588121273],[122.769055491283908,11.565695459885772],[122.768872057448775,11.565695313659274],[122.768871909090734,11.565876185419155],[122.768688475140394,11.565876039074174],[122.768688326662186,11.566056910829525],[122.768504892596468,11.566056764366062],[122.768504743998093,11.566237636116794],[122.768321309817182,11.566237489534847],[122.768321161098456,11.56641836128105],[122.768137726802351,11.56641821458062],[122.768137577963358,11.566599086322205],[122.768137429121978,11.566779958061391],[122.768320863653628,11.566780104766528],[122.768321012377243,11.566599233024943],[122.768504446793699,11.566599379611509],[122.768687881212557,11.566599526082078],[122.768688029698225,11.566418654333477],[122.768871464001876,11.566418800685563],[122.769054898307928,11.566418946921564],[122.769238332616482,11.566419093041391],[122.769421766927508,11.566419239045134],[122.769421618912844,11.566600110803149],[122.769605053344122,11.566600256693205],[122.769788487777902,11.566600402467087]]],[[[122.773274033567233,11.566241406495381],[122.773090599322373,11.566241262932087],[122.773090453665105,11.566422134738863],[122.773273888027646,11.566422278304467],[122.773274033567233,11.566241406495381]]],[[[122.773273742485756,11.566603150111243],[122.773457176968478,11.566603293562983],[122.773640611453672,11.566603436898726],[122.773640756760116,11.566422565087331],[122.773457322392687,11.566422421753897],[122.773273888027646,11.566422278304467],[122.773273742485756,11.566603150111243]]],[[[122.775658678970331,11.566243262252973],[122.775475244694121,11.56624312019896],[122.775291810420214,11.566242978028951],[122.775108376148793,11.566242835742768],[122.77510823178676,11.56642370757468],[122.77510808742224,11.56660457940446],[122.775107943055417,11.566785451231842],[122.775291377680148,11.566785593524953],[122.77547481230728,11.566785735701801],[122.775658246936715,11.566785877762653],[122.77584168156865,11.566786019707331],[122.775841825464568,11.566605147870801],[122.775841969357998,11.566424276031961],[122.775658534961607,11.566424134091813],[122.775658678970331,11.566243262252973]]],[[[122.788682247319159,11.566614795318353],[122.788682111665892,11.566795667309782],[122.78886554646364,11.566795801010832],[122.788865410925837,11.566976673002172],[122.789048845843581,11.566976806589357],[122.789232280763628,11.566976940060281],[122.789232416065886,11.566796068064678],[122.789048981263605,11.566795934595797],[122.789049116681326,11.566615062600105],[122.788865681999042,11.566614929017272],[122.788865817532312,11.566434057021402],[122.788865953063279,11.566253185023223],[122.788682518618842,11.566253051328657],[122.788682654265273,11.566072179330389],[122.788499219940746,11.56607204552178],[122.788499084176635,11.566252917517916],[122.788498948410123,11.566433789511743],[122.788682382970109,11.566433923324615],[122.788682247319159,11.566614795318353]]],[[[122.771989701174704,11.566602142697713],[122.771806266711536,11.566601998317028],[122.771806120225065,11.566782870103021],[122.771989554806098,11.566783014486015],[122.771989701174704,11.566602142697713]]],[[[122.771989554806098,11.566783014486015],[122.771989408435005,11.566963886272097],[122.772172843136218,11.566964030541316],[122.772172989389531,11.566783158752836],[122.771989554806098,11.566783014486015]]],[[[122.772172696880403,11.567144902327398],[122.772356131701784,11.567145046482841],[122.772539566525651,11.567145190522021],[122.772539712545907,11.566964318731232],[122.772356277839819,11.566964174694361],[122.772172843136218,11.566964030541316],[122.772172696880403,11.567144902327398]]],[[[122.789232145459067,11.567157812053752],[122.78941558049911,11.567157945410722],[122.789415715685905,11.566977073415208],[122.789232280763628,11.566976940060281],[122.789232145459067,11.567157812053752]]],[[[122.774740784601192,11.567146909936499],[122.774557349748292,11.567146767290604],[122.77455720502094,11.567327639104397],[122.77474063999162,11.56732778175269],[122.774924074964787,11.56732792428472],[122.774924219456679,11.567147052466309],[122.774740784601192,11.567146909936499]]],[[[122.785380010143541,11.567154984734307],[122.785196575153677,11.567154848822847],[122.785013140166114,11.567154712795302],[122.784829705180869,11.567154576651584],[122.784829843311527,11.566973704710071],[122.784646408446363,11.566973568452488],[122.784462973583516,11.566973432078731],[122.784462835217312,11.567154304015803],[122.784462696848877,11.567335175950655],[122.784462558478054,11.567516047883197],[122.784462420105001,11.567696919813519],[122.78446228172956,11.567877791741532],[122.784645717181277,11.567877928126213],[122.784645855438868,11.56769705619598],[122.784645993694227,11.567516184263527],[122.784829428912616,11.567516320527682],[122.785012864133407,11.567516456675753],[122.785196299356514,11.567516592707738],[122.785196161454465,11.567697464646765],[122.785196023550114,11.56787833658357],[122.785379459010969,11.567878472503823],[122.785379596797554,11.567697600564797],[122.785379734581824,11.56751672862355],[122.785379872363876,11.567335856680083],[122.785380010143541,11.567154984734307]]],[[[122.75107738961556,11.567489293010658],[122.7508939548553,11.567489135381459],[122.750893794931926,11.567670006879682],[122.751077229810065,11.567670164511457],[122.75107738961556,11.567489293010658]]],[[[122.789415310118855,11.567519689395089],[122.78941517492531,11.567700561383853],[122.789415039729548,11.567881433370308],[122.789414904531469,11.568062305354632],[122.789598340162598,11.568062438606175],[122.789598475242911,11.567881566619809],[122.789598610320894,11.567700694631133],[122.789598745396674,11.567519822640238],[122.789598880470223,11.567338950647121],[122.789415445310098,11.567338817404016],[122.789415310118855,11.567519689395089]]],[[[122.774740350765114,11.567689525378144],[122.774740206148266,11.567870397187496],[122.774923641474743,11.567870539726455],[122.774923785973826,11.567689667914793],[122.774740350765114,11.567689525378144]]],[[[122.772722855446929,11.567326206236084],[122.772723001351906,11.567145334445206],[122.772539566525651,11.567145190522021],[122.772539420502895,11.56732606231059],[122.772355985561347,11.567325918269011],[122.772172550622201,11.567325774111348],[122.771989115685443,11.56732562983751],[122.771805680751271,11.567325485447588],[122.771622245819401,11.567325340941581],[122.771438810890118,11.567325196319489],[122.771438664158424,11.567506068091804],[122.771438517424244,11.567686939861899],[122.771621952589072,11.567687084488698],[122.771805387756402,11.567687228999324],[122.771988822926204,11.567687373393865],[122.772172258098422,11.56768751767232],[122.77217211183293,11.567868389449432],[122.772355547125301,11.567868533614112],[122.772355400975016,11.568049405391312],[122.772538836387653,11.568049549442128],[122.772722271802778,11.568049693376858],[122.772722125885636,11.568230565156368],[122.772905561420927,11.568230708977234],[122.77308899695862,11.568230852682015],[122.773088851274622,11.568411724463923],[122.773088705588137,11.56859259624361],[122.773272141363861,11.568592739836836],[122.773271995792655,11.568773611616612],[122.773271850219146,11.568954483393989],[122.77327170464315,11.569135355169236],[122.773455140774601,11.569135498653305],[122.773455286232732,11.568954626875749],[122.77363872224889,11.568954770241335],[122.773638867586939,11.568773898459339],[122.773822303487634,11.568774041706442],[122.773822448705417,11.568593169919916],[122.773822593920812,11.568412298130992],[122.774006029588449,11.568412441257481],[122.774006174683677,11.568231569464027],[122.774006319776419,11.568050697668353],[122.774006464866758,11.567869825870458],[122.774006609954697,11.567688954070254],[122.774190045153631,11.567689097071421],[122.774190190121402,11.567508225266687],[122.774190335086686,11.567327353459644],[122.774190480049583,11.567146481650381],[122.774190625010064,11.566965609838897],[122.774190769968072,11.566784738025104],[122.774007335357894,11.566784595035484],[122.77400748043128,11.56660372322178],[122.773824045941282,11.566603580118295],[122.773640611453672,11.566603436898726],[122.773640466144755,11.566784308707811],[122.773640320833437,11.566965180514677],[122.773823755556577,11.566965323738865],[122.773823610360552,11.56714619554573],[122.773823465162209,11.567327067350464],[122.77382331996138,11.567507939152799],[122.773639884885,11.567507795921772],[122.773456449811036,11.567507652574571],[122.773273014739544,11.567507509111286],[122.773089579670454,11.567507365531826],[122.772906144603766,11.567507221836282],[122.772906290393365,11.567326350045404],[122.772722855446929,11.567326206236084]]],[[[122.78446228172956,11.567877791741532],[122.784278846280245,11.567877655240766],[122.784278707784722,11.568058527164338],[122.784462143351803,11.568058663667413],[122.78446228172956,11.567877791741532]]],[[[122.766302633870595,11.56732109975791],[122.766119199013161,11.567320951768556],[122.765935764158215,11.567320803663028],[122.765752329305755,11.567320655441415],[122.76575247968546,11.567139783739622],[122.765569044953338,11.567139635404322],[122.765385610223632,11.567139486952849],[122.765202175496484,11.567139338385291],[122.765018740771922,11.567139189701559],[122.765018589921127,11.56732006139376],[122.765202024763553,11.567320210079801],[122.765201874028037,11.56750108177218],[122.765385308990716,11.567501230344535],[122.765568743955896,11.567501378800715],[122.765568593453352,11.567682250495581],[122.765752028538785,11.567682398838075],[122.765751878151519,11.56786327053303],[122.765935313357303,11.567863418761748],[122.765935163085331,11.56804429045688],[122.766118598411282,11.568044438571912],[122.766118448254602,11.568225310267133],[122.766301883700805,11.568225458268389],[122.766301733659319,11.568406329963699],[122.766485169225874,11.568406477851267],[122.766485019299665,11.568587349546666],[122.766484869370984,11.568768221239845],[122.766668305175571,11.568768369016036],[122.766668155362169,11.568949240709303],[122.76666800554618,11.56913011240035],[122.766667855727718,11.569310984089176],[122.766667705906755,11.569491855775693],[122.766851142185018,11.569492003445214],[122.766851291888102,11.569311131756299],[122.766851441588798,11.569130260065164],[122.766851591287008,11.568949388371719],[122.766851740982645,11.568768516676053],[122.766851890675795,11.568587644978168],[122.766668454986487,11.568587497320459],[122.766668604794916,11.568406625622663],[122.766668754600957,11.568225753922556],[122.766485319149595,11.568225606153559],[122.76648546907083,11.568044734453631],[122.766485618989563,11.567863862751393],[122.766302183776233,11.56786371487093],[122.766302333810273,11.567682843168869],[122.766485768905738,11.567682991046935],[122.766485918819413,11.567502119340167],[122.766669353799685,11.56750226709975],[122.766852788782359,11.567502414743158],[122.766852639104229,11.567683286454633],[122.766852489423513,11.567864158163799],[122.766852339740396,11.568045029870833],[122.767035775078881,11.568045177405262],[122.767219210419924,11.568045324823517],[122.767402645763468,11.568045472125688],[122.767402795093346,11.567864600411637],[122.767586230321598,11.567864747595324],[122.767586379531224,11.567683875876655],[122.767586528738349,11.567503004155766],[122.767769963733542,11.567503151218661],[122.767770112820429,11.567322279493064],[122.767953547700415,11.567322426437476],[122.767953696667036,11.56714155470735],[122.768137131431658,11.56714170153319],[122.768137280278111,11.566960829798445],[122.768137429121978,11.566779958061391],[122.767953994592816,11.566779811240258],[122.767953845631169,11.566960682974914],[122.767770410986714,11.566960536035209],[122.767770261904815,11.567141407765247],[122.767586827145081,11.567141260707148],[122.767403392387919,11.567141113532875],[122.767219957633145,11.567140966242517],[122.767219808195534,11.567321837963229],[122.767036373325567,11.567321690554389],[122.766852938458101,11.567321543029463],[122.766669503593107,11.567321395388364],[122.766486068730615,11.567321247631179],[122.766302633870595,11.56732109975791]]],[[[122.785562756803031,11.568059480246839],[122.785379321222081,11.56805934444054],[122.785379183430877,11.568240216375036],[122.785562619129607,11.568240352183468],[122.785562756803031,11.568059480246839]]],[[[122.784094856366266,11.568601006295998],[122.78427829228437,11.568601142921731],[122.784278430786827,11.56842027100482],[122.784278569286883,11.568239399085778],[122.784278707784722,11.568058527164338],[122.784095272219929,11.568058390545266],[122.784095133604325,11.568239262464397],[122.784094994986404,11.568420134381308],[122.784094856366266,11.568601006295998]]],[[[122.785562481453866,11.568421224117875],[122.785745917272664,11.568421359812353],[122.785746054830625,11.568240487875814],[122.785562619129607,11.568240352183468],[122.785562481453866,11.568421224117875]]],[[[122.784094440491742,11.56914362202639],[122.784094579118886,11.568962750118539],[122.784094717743741,11.568781878208378],[122.783911281710175,11.56878174146434],[122.783911142967554,11.56896261337228],[122.783911004222631,11.569143485278],[122.784094440491742,11.56914362202639]]],[[[122.782076921502266,11.568780367637155],[122.782077061420296,11.568599495749021],[122.781893625530088,11.568599357729825],[122.78189348549428,11.568780229615738],[122.781893345456169,11.568961101499431],[122.781893205415656,11.569141973380903],[122.782076641659188,11.569142111406761],[122.782076501734224,11.569322983288144],[122.782259938097837,11.569323121200048],[122.782443374463753,11.569323258995867],[122.78262681083207,11.569323396675513],[122.782626671258029,11.569504268561248],[122.782810107746428,11.569504406127029],[122.78280996828785,11.569685278012765],[122.782993404896416,11.569685415464592],[122.783176841507299,11.569685552800246],[122.783360278120483,11.569685690019726],[122.783360417225751,11.569504818127418],[122.783543853723472,11.569504955228682],[122.78372729022351,11.569505092213683],[122.783727429090817,11.569324220314714],[122.783543992708559,11.569324083331844],[122.783360556328603,11.56932394623289],[122.783177119950963,11.569323809017762],[122.782993683575725,11.56932367168646],[122.78281024720269,11.569323534239073],[122.782810386656649,11.569142662348808],[122.782626950403795,11.569142524787468],[122.782443514153258,11.569142387110043],[122.782260077905022,11.569142249316444],[122.78226021770999,11.56896137743062],[122.782076781581921,11.568961239523068],[122.782076921502266,11.568780367637155]]],[[[122.783911004222631,11.569143485278],[122.783727567955836,11.569143348413524],[122.783727429090817,11.569324220314714],[122.783910865475391,11.569324357181499],[122.783911004222631,11.569143485278]]],[[[122.791065422864591,11.568606116435598],[122.79106555700946,11.568425244438929],[122.790882121124852,11.56842511211198],[122.79088225538527,11.568244240115222],[122.790698819620658,11.568244107674319],[122.790515383858249,11.568243975117243],[122.790331948098071,11.56824384244417],[122.790148512340195,11.568243709654835],[122.790148377608688,11.568424581643155],[122.790331813484329,11.568424714434533],[122.790515249362286,11.568424847109826],[122.790698685242461,11.568424979668945],[122.790698550862032,11.56860585166144],[122.790881986862118,11.568605984106517],[122.790881852597252,11.568786856098834],[122.791065288717505,11.568786988429958],[122.791065154568102,11.568967860422186],[122.791065020416468,11.569148732412105],[122.791248456774483,11.569148864631318],[122.791248322738412,11.569329736621148],[122.791248188700123,11.569510608608669],[122.791248054659519,11.56969148059388],[122.791247920616797,11.569872352576871],[122.791247786571745,11.570053224557642],[122.79124765252449,11.570234096536192],[122.791431089591441,11.570234228652021],[122.791431223520846,11.570053356671428],[122.791431357448118,11.569872484688526],[122.791431491373075,11.569691612703403],[122.7914316252959,11.569510740715971],[122.791431759216422,11.569329868726319],[122.791431893134728,11.569148996734446],[122.791432027050718,11.568968124740264],[122.791248590808252,11.568967992639267],[122.791248724839875,11.568787120644997],[122.791248858869196,11.568606248648505],[122.791065422864591,11.568606116435598]]],[[[122.787396157220641,11.569326935583968],[122.787212720792382,11.569326800923774],[122.78721258416283,11.569507672864221],[122.787396020708954,11.569507807526547],[122.787396157220641,11.569326935583968]]],[[[122.762815696939754,11.569307856252609],[122.762815544645406,11.569488727889032],[122.762815392348557,11.569669599523058],[122.762998828691565,11.569669749633826],[122.762998980870634,11.569488877997314],[122.762999133047217,11.569308006358581],[122.762815696939754,11.569307856252609]]],[[[122.787396020708954,11.569507807526547],[122.78739588419495,11.569688679466816],[122.787579320861084,11.569688814015189],[122.787579457257308,11.569507942072788],[122.787396020708954,11.569507807526547]]],[[[122.766667256428875,11.570034470821833],[122.766667406257298,11.569853599142066],[122.76666755608332,11.56967272745999],[122.766667705906755,11.569491855775693],[122.766484269631079,11.569491707990087],[122.766484119689778,11.569672579671986],[122.766483969746076,11.569853451351664],[122.766483819799788,11.570034323029033],[122.766667256428875,11.570034470821833]]],[[[122.763548834076715,11.570031942549841],[122.763548985907619,11.569851070910664],[122.763549137735851,11.569670199269178],[122.76354928956161,11.569489327625559],[122.763549441384868,11.569308455979543],[122.763549593205568,11.569127584331307],[122.763366157208239,11.569127434576254],[122.763182721213482,11.569127284704939],[122.762999285221227,11.569127134717538],[122.762999133047217,11.569308006358581],[122.763182569157252,11.569308156348379],[122.763366005269773,11.569308306222004],[122.763365853328821,11.569489177865622],[122.763365701385212,11.569670049506842],[122.763365549439115,11.56985092114593],[122.763365397490531,11.570031792782709],[122.763365245539362,11.570212664417268],[122.76336509358562,11.570393536049517],[122.763364941629405,11.570574407679546],[122.763548378568998,11.570574557453961],[122.763548530407448,11.570393685821534],[122.76354868224341,11.570212814186798],[122.763548834076715,11.570031942549841]]],[[[122.787762212392948,11.570412436203403],[122.787945649534876,11.570412570528132],[122.787945785704522,11.570231698590439],[122.787762348680559,11.570231564267841],[122.787762212392948,11.570412436203403]]],[[[122.791064215459755,11.570233964304188],[122.790880778397323,11.570233831956012],[122.790880644112207,11.570414703928078],[122.79106408129249,11.570414836278298],[122.791247518475004,11.570414968512432],[122.79124765252449,11.570234096536192],[122.791064215459755,11.570233964304188]]],[[[122.762998676509923,11.56985062126803],[122.762998524325695,11.570031492900013],[122.762998372138995,11.570212364529775],[122.762998219949708,11.570393236157228],[122.762998067757849,11.570574107782461],[122.762997915563503,11.570754979405384],[122.762814478513775,11.570754829280139],[122.762631041466534,11.570754679038808],[122.762630889034071,11.570935550654715],[122.762447451871537,11.570935400294813],[122.762447299318723,11.571116271906012],[122.762630736599021,11.571116422268313],[122.762814173881807,11.571116572514528],[122.762997611167179,11.57111672264457],[122.76299776336667,11.570935851026087],[122.763181200536749,11.570936001037557],[122.763181352615803,11.570755129414456],[122.763181504692383,11.570574257789046],[122.763181656766378,11.570393386161504],[122.763181808837885,11.570212514531564],[122.76318196090682,11.570031642899403],[122.763182112973269,11.569850771265022],[122.762998676509923,11.56985062126803]]],[[[122.787762212392948,11.570412436203403],[122.787578775253436,11.570412301762589],[122.787578638845829,11.570593173693799],[122.787762076103135,11.570593308136834],[122.787762212392948,11.570412436203403]]],[[[122.790696938121783,11.570776315394626],[122.790697072529113,11.57059544342931],[122.790697206934226,11.570414571461685],[122.790513769758462,11.570414438879117],[122.790513635235584,11.570595310844611],[122.790513500710475,11.570776182807796],[122.790696938121783,11.570776315394626]]],[[[122.78739506506308,11.570773911061361],[122.787395201590755,11.570593039134591],[122.787211764337997,11.570592904459298],[122.787211627692457,11.570773776383847],[122.78739506506308,11.570773911061361]]],[[[122.790513500710475,11.570776182807796],[122.790330063301397,11.570776050104881],[122.790146625894536,11.570775917285792],[122.79014649113148,11.570956789242492],[122.790329928656121,11.570956922063713],[122.790513366183063,11.57095705476876],[122.790513500710475,11.570776182807796]]],[[[122.787028190324136,11.570773641590248],[122.787028053558601,11.570954513510445],[122.787027916790763,11.571135385428422],[122.787211354394714,11.571135520226372],[122.787211491044701,11.570954648306264],[122.787211627692457,11.570773776383847],[122.787028190324136,11.570773641590248]]],[[[122.76354807488454,11.570936300711976],[122.763364637709401,11.570936150932853],[122.763364485745541,11.571117022556132],[122.763547923038445,11.571117172337653],[122.76354807488454,11.570936300711976]]],[[[122.789779481088061,11.571137395201747],[122.789962918726033,11.571137528257447],[122.789963053609071,11.570956656305098],[122.789779616088964,11.57095652325153],[122.789779481088061,11.571137395201747]]],[[[122.766483519899779,11.570396066377109],[122.766483369945945,11.570576938047727],[122.766483219989723,11.570757809716126],[122.76648307003093,11.570938681382215],[122.766482920069635,11.571119553046083],[122.766482770105867,11.571300424707731],[122.766482620139598,11.57148129636707],[122.766299182570648,11.571481148439178],[122.766299032484028,11.571662020093898],[122.766298882394935,11.571842891746398],[122.766482320199529,11.571843039678997],[122.766482470170757,11.571662168024188],[122.766665907860073,11.571662315838305],[122.76666605771095,11.571481444178788],[122.766666207559538,11.571300572517051],[122.766849645015597,11.571300720210287],[122.766849794743834,11.571119848543931],[122.766849944469485,11.570938976875267],[122.766666507248956,11.570938829186828],[122.766666657089985,11.570757957518341],[122.766666806928441,11.570577085847633],[122.766666956764411,11.570396214174616],[122.766483519899779,11.570396066377109]]],[[[122.789596043452406,11.571137262029962],[122.789595908331506,11.571318133975739],[122.789779346085027,11.571318267149744],[122.789779481088061,11.571137395201747],[122.789596043452406,11.571137262029962]]],[[[122.763547923038445,11.571117172337653],[122.763547771189863,11.571298043961109],[122.763547619338809,11.571478915582256],[122.76373105686983,11.571479065252488],[122.763731208603218,11.571298193628943],[122.76373136033402,11.571117322003088],[122.763547923038445,11.571117172337653]]],[[[122.789412470580302,11.571318000685649],[122.789412335339321,11.571498872627073],[122.789595773208404,11.571499005919295],[122.789595908331506,11.571318133975739],[122.789412470580302,11.571318000685649]]],[[[122.787211081087733,11.571497264059838],[122.787211217742339,11.571316392144171],[122.787027780020608,11.571316257344089],[122.787027643248237,11.571497129257535],[122.787027506473564,11.571678001168673],[122.787210944430925,11.571678135973196],[122.787211081087733,11.571497264059838]]],[[[122.789412335339321,11.571498872627073],[122.789228897472569,11.571498739218589],[122.789228762111506,11.571679611155661],[122.789412200096137,11.571679744566188],[122.789412335339321,11.571498872627073]]],[[[122.7872108077717,11.571859007884244],[122.787394245849143,11.571859142574636],[122.787394382390502,11.571678270661456],[122.787210944430925,11.571678135973196],[122.7872108077717,11.571859007884244]]],[[[122.788311436270263,11.571859814284524],[122.788494874361376,11.571859948278052],[122.788495010195831,11.571679076351904],[122.788311572222582,11.571678942360508],[122.788128134251636,11.571678808253028],[122.788127998181452,11.571859680174912],[122.788311436270263,11.571859814284524]]],[[[122.788861886149192,11.571679343986085],[122.788678448171396,11.571679210227037],[122.788678312454721,11.571860082155316],[122.788861750550282,11.571860215916496],[122.789045188648146,11.571860349561502],[122.789045324129191,11.57167947762896],[122.788861886149192,11.571679343986085]]],[[[122.766115444592927,11.571842743697536],[122.766115294383482,11.572023615345417],[122.766298732303355,11.572023763396588],[122.766298882394935,11.571842891746398],[122.766115444592927,11.571842743697536]]],[[[122.764097477431378,11.572021979115954],[122.764097628936668,11.571841107494363],[122.763914191164858,11.571840958051682],[122.763914342785441,11.57166008643018],[122.763730905134054,11.571659936873724],[122.763547467485068,11.571659787201094],[122.763547315628855,11.5718406588178],[122.763363877864677,11.571840509026599],[122.763180440103071,11.571840359119223],[122.763180288008741,11.572021230728824],[122.762996850131856,11.572021080702877],[122.762996697917075,11.572201952307859],[122.763180135911824,11.572202102336115],[122.763179983812421,11.572382973941187],[122.763363421927437,11.572383123855756],[122.763363269943326,11.572563995461005],[122.763546708178765,11.572564145261799],[122.763730146416705,11.572564294946419],[122.763730298165271,11.572383423336374],[122.763913736287918,11.572383572902423],[122.764097174413138,11.572383722352297],[122.764097022900287,11.572564593967138],[122.764280461145773,11.572564743303237],[122.764463899393917,11.572564892523252],[122.764464050671137,11.572384020903614],[122.764647488804002,11.572384170005057],[122.764647639960955,11.572203298380801],[122.764831077978442,11.572203447363583],[122.765014515998502,11.572203596230279],[122.765014666917239,11.572022724599007],[122.764831229015044,11.572022575734708],[122.764647791115323,11.572022426754236],[122.764464353218102,11.572022277657679],[122.764464201945955,11.572203149281757],[122.764280763933442,11.572203000066628],[122.764097325923501,11.572202850735236],[122.764097477431378,11.572021979115954]]],[[[122.766115294383482,11.572023615345417],[122.765931856466182,11.572023467178072],[122.765748418551368,11.572023318894553],[122.765748268103792,11.572204190535418],[122.76593170613647,11.572204338821246],[122.76611514417155,11.572204486990989],[122.766115294383482,11.572023615345417]]],[[[122.751990422956581,11.572192738031672],[122.751990263670663,11.572373609486464],[122.752173701627228,11.572373766487098],[122.752173860795281,11.572192895029731],[122.751990422956581,11.572192738031672]]],[[[122.765381241360402,11.572384765249],[122.765564679505871,11.572384913769573],[122.765748117653743,11.572385062173973],[122.765748268103792,11.572204190535418],[122.7655648300737,11.572204042133416],[122.765381392046081,11.572203893615152],[122.765197954021048,11.572203744980802],[122.765197803217504,11.572384616612252],[122.765381241360402,11.572384765249]]],[[[122.787943879121187,11.572763905513783],[122.788127317796736,11.572764039750405],[122.788310756474573,11.572764173870853],[122.788310892438261,11.572583301958117],[122.788127453878275,11.572583167839801],[122.788127589957426,11.572402295926976],[122.788127726034446,11.572221424011842],[122.78812786210915,11.572040552094487],[122.788127998181452,11.571859680174912],[122.787944560094957,11.571859545949037],[122.787761122010764,11.571859411607077],[122.787577683928802,11.571859277148944],[122.787394245849143,11.571859142574636],[122.787394109305481,11.572040014485685],[122.787577547502991,11.572040149062124],[122.787577411074878,11.572221020972995],[122.787577274644462,11.572401892881645],[122.787577138211816,11.572582764788075],[122.787760576764967,11.572582899254824],[122.787944015320505,11.572583033605399],[122.787943879121187,11.572763905513783]]],[[[122.760979801168531,11.571115064825976],[122.760979647670695,11.571295936415593],[122.760796210295709,11.571295785005509],[122.760796056677535,11.571476656590329],[122.760795903056774,11.571657528173018],[122.76061246544873,11.571657376641875],[122.760612311707618,11.571838248219857],[122.760428873984296,11.571838096570142],[122.760428720122846,11.572018968143416],[122.760245282284231,11.57201881637504],[122.760245128302344,11.572199687943607],[122.760061690348536,11.572199536056749],[122.760061536246297,11.572380407620608],[122.759878098177296,11.572380255615089],[122.759877943954706,11.572561127174241],[122.759694505770412,11.57256097505015],[122.759694351427385,11.572741846604595],[122.759510913127812,11.572741694361932],[122.759510758664447,11.57292256591167],[122.759327320249668,11.572922413550346],[122.759327165665866,11.573103285095465],[122.759143727135807,11.573103132615481],[122.75914357243164,11.573284004155893],[122.758960133786388,11.573283851557248],[122.758776695143808,11.573283698842518],[122.758776540201353,11.573464570375736],[122.758593101443481,11.573464417542345],[122.758592946380574,11.573645289070944],[122.758409507507423,11.573645136118893],[122.75822606863693,11.573644983050757],[122.758042629768923,11.573644829866359],[122.758042474350049,11.573825701385276],[122.757859035366934,11.573825548082217],[122.757675596386306,11.573825394663073],[122.75767544072913,11.574006266174797],[122.757492001633295,11.574006112636992],[122.757308562540146,11.574005958982925],[122.757308406644668,11.574186830487454],[122.757124967436226,11.574186676714815],[122.757124811420312,11.574367548214637],[122.75712465540191,11.574548419712238],[122.757124499380765,11.574729291207442],[122.75712434335712,11.574910162700514],[122.757124187330817,11.575091034191276],[122.757124031301942,11.575271905679818],[122.757123875270395,11.57545277716614],[122.757123719236276,11.575633648650152],[122.756940279087786,11.575633494741533],[122.75694012293323,11.575814366220838],[122.756939966776002,11.575995237697834],[122.756756526394369,11.575995083668156],[122.756573086015393,11.575994929522215],[122.756572929619878,11.576175800992017],[122.75638948912561,11.576175646727416],[122.756389332609658,11.57635651819251],[122.756205892000111,11.576356363809248],[122.756022451393221,11.576356209309724],[122.755839010788918,11.576356054694026],[122.755838853916799,11.576536926149439],[122.755655413197303,11.57653677141508],[122.755471972480379,11.576536616564459],[122.755288531766112,11.576536461597664],[122.755288374537741,11.576717333043396],[122.755104933708282,11.57671717795794],[122.754921492881309,11.576717022756222],[122.754738052057093,11.57671686743833],[122.754737894472569,11.576897738874292],[122.754554453533061,11.576897583437651],[122.754371012596224,11.576897427884836],[122.754187571662044,11.576897272215758],[122.754004130730451,11.576897116430596],[122.753820689801515,11.576896960529082],[122.753637248875151,11.576896804511394],[122.753637090580881,11.577077675930125],[122.753453649539324,11.577077519793777],[122.753270208500439,11.577077363541166],[122.753086767464211,11.577077207172382],[122.752903326430641,11.577077050687334],[122.752719885399742,11.577076894086114],[122.75253644437143,11.577076737368719],[122.75235300334586,11.577076580535062],[122.752169562322862,11.577076423585142],[122.751986121302537,11.577076266519137],[122.751986280657633,11.576895395122966],[122.751802839757829,11.576895237943186],[122.751619398860697,11.576895080647231],[122.751619558448951,11.576714209253902],[122.751436117672341,11.576714051844261],[122.751252676898389,11.576713894318358],[122.751252836719615,11.576533022927782],[122.751069396066185,11.57653286528828],[122.751069556002605,11.576351993897971],[122.750886115469712,11.576351836144783],[122.750886275521324,11.57617096475474],[122.750886435570195,11.575990093362476],[122.750702995275773,11.575989935498177],[122.750703155439822,11.575809064106179],[122.750703315601228,11.575628192711962],[122.750886755660005,11.575628350571288],[122.750886915700974,11.575447479172274],[122.750703475760048,11.575447321315435],[122.750703635916111,11.575266449916688],[122.750703796069516,11.57508557851572],[122.750703956220164,11.574904707112443],[122.750704116368226,11.574723835706946],[122.750887555837807,11.574723993553571],[122.75107099531003,11.574724151284022],[122.751071155219805,11.574543279871241],[122.751254594576849,11.574543437482943],[122.751254754366101,11.574362566065277],[122.751438193608024,11.574362723558318],[122.751438353276754,11.574181852135945],[122.751254914152597,11.574181694645391],[122.751071475031182,11.574181537038752],[122.750888035912453,11.574181379315851],[122.750888195931907,11.574000507898807],[122.750888355948803,11.573819636479454],[122.750704917068447,11.573819478645531],[122.75070507720045,11.573638607226444],[122.750521638440532,11.573638449278834],[122.750338199683284,11.573638291215049],[122.750338360048246,11.573457419798805],[122.750154921411522,11.573457261621334],[122.750154760928694,11.573638133035002],[122.750154600443196,11.573819004446451],[122.750338039315565,11.573819162628984],[122.75033787894526,11.574000034040699],[122.75015443995504,11.573999875855678],[122.749971000967491,11.573999717554395],[122.749970840358813,11.574180588958827],[122.749970679747463,11.574361460360949],[122.749970519133356,11.574542331760851],[122.749970358516691,11.574723203158443],[122.749970197897255,11.574904074553816],[122.749970037275162,11.575084945946967],[122.749969876650411,11.57526581733781],[122.749969716022989,11.575446688726432],[122.749969555392809,11.575627560112745],[122.749969394759972,11.575808431496837],[122.749969234124464,11.57598930287862],[122.749969073486298,11.576170174258182],[122.749968912845461,11.576351045635525],[122.749968752201866,11.576531917010557],[122.749968591555714,11.57671278838337],[122.749968430906705,11.576893659753873],[122.749968270255124,11.577074531122156],[122.749968109600871,11.577255402488218],[122.749967948943961,11.577436273851971],[122.750151390170615,11.577436432201482],[122.750151550709674,11.577255560835154],[122.750151711246048,11.577074689466604],[122.750335152239742,11.57707484769479],[122.750518593235995,11.577075005806803],[122.750702034235005,11.577075163802553],[122.750885475236601,11.577075321682129],[122.751068916240939,11.577075479445531],[122.751252357247949,11.577075637092671],[122.751435798257617,11.577075794623548],[122.751619239269871,11.57707595203834],[122.751619079676374,11.57725682342714],[122.751802520809235,11.577256980728157],[122.751985961944754,11.577257137913],[122.752169403082945,11.57725729498158],[122.75216924384037,11.577438166375709],[122.752352685099098,11.577438323330602],[122.752352844223807,11.577257451933987],[122.752536285367242,11.577257608770131],[122.752719726513419,11.577257765490101],[122.752719567624425,11.577438636891779],[122.752903008891053,11.577438793497974],[122.753086450160424,11.577438949988084],[122.753269891432382,11.577439106361842],[122.753453332706997,11.577439262619427],[122.753636773984269,11.577439418760838],[122.753820215264128,11.577439574785986],[122.753820373445862,11.577258703369298],[122.754003814610513,11.577258859275785],[122.754187255777836,11.57725901506601],[122.754370696947831,11.577259170740062],[122.754554138120398,11.577259326297851],[122.754737579295622,11.577259481739466],[122.754921020473418,11.577259637064818],[122.755104461653886,11.577259792273997],[122.755104619008023,11.577078920837591],[122.755288060073198,11.577079075928021],[122.755471501141045,11.577079230902276],[122.755654942211564,11.577079385760269],[122.75583838328474,11.577079540502178],[122.755838540164675,11.576898669053515],[122.756021981122558,11.576898823676673],[122.756205422083028,11.57689897818357],[122.75638886304607,11.576899132574292],[122.756389019569838,11.576718261115948],[122.756572460417686,11.57671841538801],[122.756572616821018,11.576537543924958],[122.756756057553673,11.576537698078271],[122.756939498288887,11.576537852115409],[122.757122939026686,11.576538006036374],[122.75712309507378,11.576357134563642],[122.757306535696387,11.576357288365857],[122.757306691623029,11.576176416888417],[122.757490132130343,11.576176570571972],[122.757490287936562,11.575995699089825],[122.757673728328683,11.575995852654719],[122.757673884014366,11.575814981167865],[122.757674039697562,11.575634109678701],[122.757674195378101,11.575453238187317],[122.757857635419299,11.575453391628665],[122.757857790979401,11.575272520132485],[122.75785794653693,11.575091648634084],[122.758041386344885,11.575091801954285],[122.758041541781978,11.574910930451265],[122.75822498147474,11.574911083652806],[122.758408421170174,11.574911236738172],[122.758408576368964,11.57473036522787],[122.75859201594912,11.574730518194665],[122.758592171027459,11.574549646679655],[122.758592326103241,11.574368775162425],[122.758775765450324,11.574368928008072],[122.758775920405668,11.574188056486134],[122.758959359637473,11.574188209213121],[122.758959514472465,11.574007337686476],[122.759142953588977,11.574007490294802],[122.759143108303533,11.57382661876345],[122.759326547304852,11.573826771253204],[122.759326701898971,11.573645899717144],[122.759510140785011,11.573646052088327],[122.759510295258778,11.57346518054756],[122.759693734029526,11.573465332799993],[122.759693888382856,11.573284461254518],[122.75987732703841,11.573284613388468],[122.759877481271388,11.573103741838286],[122.760060919811664,11.573103893853576],[122.760244358354598,11.573104045752691],[122.760244512349274,11.572923174195404],[122.760427950776929,11.572923325975859],[122.760428104651254,11.572742454413865],[122.760611542963616,11.572742606075748],[122.760611696717518,11.572561734509135],[122.760795134914687,11.572561886052357],[122.760795288548238,11.572381014481037],[122.760978726630199,11.572381165905687],[122.760978880143313,11.57220029432966],[122.761162318109996,11.572200445635739],[122.761162471502772,11.572019574055004],[122.761345909354162,11.572019725242511],[122.761346062626586,11.571838853657157],[122.761346215896509,11.571657982069494],[122.761529653514856,11.571658133135942],[122.761529806664342,11.571477261543661],[122.761529959811355,11.571296389948982],[122.76171339719663,11.571296540894549],[122.761896834584491,11.571296691723854],[122.761896987493287,11.571115820122158],[122.762080424765855,11.57111597083289],[122.7620805775543,11.570935099226576],[122.762264014711675,11.570935249818737],[122.762447451871537,11.570935400294813],[122.762447604421865,11.570754528681304],[122.762264167379783,11.570754378207715],[122.762080730340173,11.570754227617863],[122.762080883123474,11.570573356007019],[122.761897446204316,11.57057320530348],[122.76171400928763,11.570573054483857],[122.761713856268699,11.570753926089905],[122.761530419236735,11.570753775151621],[122.761530266097552,11.570934646753051],[122.76134682895038,11.570934495696195],[122.761163391805795,11.570934344523254],[122.760979954663796,11.570934193234139],[122.760979801168531,11.571115064825976]]],[[[122.751621792403483,11.574182009510237],[122.751621951951677,11.574001138083068],[122.751438512942713,11.574000980711263],[122.751438353276754,11.574181852135945],[122.751621792403483,11.574182009510237]]],[[[122.79087661451662,11.575840862039177],[122.790693173804044,11.575840729509013],[122.790693039331515,11.576021601408959],[122.790876480162041,11.576021733941255],[122.79087661451662,11.575840862039177]]],[[[122.791426936668017,11.57584125893254],[122.791243495948692,11.575841126750985],[122.791243361829757,11.576021998657238],[122.791426802667033,11.576022130841013],[122.791426936668017,11.57584125893254]]],[[[122.791426668663647,11.576203002747176],[122.791610109621004,11.57620313481682],[122.79161024350644,11.576022262908436],[122.791426802667033,11.576022130841013],[122.791426668663647,11.576203002747176]]],[[[122.790692904856769,11.576202473306685],[122.790509463910695,11.576202340655994],[122.790509329315867,11.576383212549279],[122.790692770379906,11.576383345202101],[122.790692904856769,11.576202473306685]]],[[[122.791609975733351,11.576384006722806],[122.791793416810691,11.57638413867832],[122.791793550580579,11.576203266770202],[122.791610109621004,11.57620313481682],[122.791609975733351,11.576384006722806]]],[[[122.795645811244015,11.576206010948509],[122.795645679949217,11.57638688290068],[122.795829121075329,11.57638701229966],[122.795829252252275,11.576206140345446],[122.795645811244015,11.576206010948509]]],[[[122.796563016307118,11.576206656771015],[122.796379575290075,11.57620652783895],[122.796379444466638,11.576387399799382],[122.796562885601546,11.576387528733489],[122.796563016307118,11.576206656771015]]],[[[122.796746326738571,11.576387657551512],[122.796746196148632,11.576568529513809],[122.796929637405754,11.576568658217612],[122.796929767877742,11.576387786253184],[122.796746326738571,11.576387657551512]]],[[[122.79069250141913,11.576745088986184],[122.790692366935517,11.576925960874851],[122.790875808355253,11.576926093417717],[122.790875942721101,11.576745221527007],[122.79069250141913,11.576745088986184]]],[[[122.79179314926435,11.576745882487893],[122.791609707951281,11.576745750528117],[122.791609574056878,11.576926622427441],[122.791793015487812,11.576926754389261],[122.79179314926435,11.576745882487893]]],[[[122.794177754293173,11.576928459318347],[122.794177886537526,11.576747587389624],[122.793994445195494,11.576747456940639],[122.79381100385578,11.576747326375392],[122.793627562518182,11.57674719569397],[122.793627429920249,11.576928067616388],[122.793810871375698,11.576928198299941],[122.793994312833377,11.576928328867231],[122.794177754293173,11.576928459318347]]],[[[122.79527853463587,11.576748367643441],[122.795278403098777,11.576929239584599],[122.795461844574035,11.576929369222233],[122.795461975993348,11.576748497278944],[122.79527853463587,11.576748367643441]]],[[[122.791242691201575,11.576926358155015],[122.791059249777305,11.576926225844497],[122.791059115527091,11.577107097735118],[122.791242557069225,11.577107230047767],[122.791242691201575,11.576926358155015]]],[[[122.794728078686077,11.576928849974477],[122.794544637219616,11.576928719871971],[122.794544505208762,11.577109591802648],[122.794727946793174,11.577109721907197],[122.794728078686077,11.576928849974477]]],[[[122.793443988467033,11.576927936816661],[122.793260547016018,11.576927805900672],[122.793260414180139,11.577108677816694],[122.793260281342043,11.577289549730407],[122.793443723028773,11.577289680650571],[122.793443855749018,11.577108808734726],[122.793443988467033,11.576927936816661]]],[[[122.796745543166523,11.577472889291718],[122.796745412563524,11.577653761240514],[122.79692885452782,11.577653889956752],[122.796928985012954,11.577473018005824],[122.796745543166523,11.577472889291718]]],[[[122.793259749967632,11.578013037362789],[122.793259617118437,11.578193909265311],[122.793443059394562,11.578194040195955],[122.793443192125906,11.57801316829139],[122.793259749967632,11.578013037362789]]],[[[122.796745151351061,11.578015505131356],[122.796561709153266,11.578015376294859],[122.796561578425838,11.578196248234773],[122.796561447696277,11.578377120172556],[122.796744890129872,11.578377249013228],[122.796745020741582,11.578196377073402],[122.796745151351061,11.578015505131356]]],[[[122.793626236439479,11.578555914816979],[122.79362610381942,11.578736786716837],[122.793809546453573,11.578736917421351],[122.793809678955768,11.578556045519361],[122.793626236439479,11.578555914816979]]],[[[122.795093644954704,11.578737829098396],[122.795093513275503,11.57891870101273],[122.795276956045186,11.578918830789453],[122.795277087606536,11.578737958873075],[122.795093644954704,11.578737829098396]]],[[[122.796010858235675,11.578738476809347],[122.795827415575147,11.578738347499629],[122.795827284367476,11.578919219422312],[122.796010727145955,11.578919348734074],[122.796194169926565,11.578919477929661],[122.79619430089852,11.578738606002892],[122.796010858235675,11.578738476809347]]],[[[122.794176299460034,11.578918050385534],[122.794176167189207,11.579098922287256],[122.79435961006574,11.579099052647246],[122.794359742218703,11.57891818074348],[122.794176299460034,11.578918050385534]]],[[[122.79454305294459,11.579099182890973],[122.794542920907276,11.579280054794561],[122.794726363906193,11.579280184924157],[122.794726495825557,11.579099313018526],[122.79454305294459,11.579099182890973]]],[[[122.789405976465716,11.579999851328404],[122.789222533060013,11.579999717819378],[122.789222397592724,11.580180589650313],[122.789405841116391,11.580180723161471],[122.789405976465716,11.579999851328404]]],[[[122.789589419873735,11.579999984721168],[122.789589284642275,11.580180856556366],[122.789772728170377,11.580180989835087],[122.789772863283986,11.580000117997669],[122.789589419873735,11.579999984721168]]],[[[122.789038818483931,11.580361327849475],[122.789038682894159,11.580542199673749],[122.789222126651325,11.580542333305432],[122.789222262123133,11.580361461479027],[122.789038818483931,11.580361327849475]]],[[[122.790139345471061,11.580542999720267],[122.790139480353389,11.580362127883115],[122.789956036702819,11.580361994834787],[122.789955901702626,11.580542866669807],[122.790139345471061,11.580542999720267]]],[[[122.790873254978095,11.580362658913979],[122.790873120567397,11.580543530759568],[122.791056564347031,11.580543663228804],[122.791056698639878,11.580362791380994],[122.790873254978095,11.580362658913979]]],[[[122.791423585970165,11.580363055966414],[122.791423451913133,11.580543927818487],[122.791606895699601,11.580544059938935],[122.791790339488216,11.580544191943121],[122.791790473309433,11.580363320086873],[122.791607029638683,11.580363188084819],[122.791423585970165,11.580363055966414]]],[[[122.790139345471061,11.580542999720267],[122.790139210586517,11.58072387155511],[122.790322654475133,11.580724004491438],[122.790322789241728,11.580543132654464],[122.790139345471061,11.580542999720267]]],[[[122.790689542259102,11.580724270015397],[122.790689676789896,11.580543398174159],[122.790506233014696,11.580543265472398],[122.790506098365967,11.580724137311593],[122.790689542259102,11.580724270015397]]],[[[122.7892219911773,11.580723205129617],[122.789221855700958,11.580904076951581],[122.789405299696142,11.580904210471354],[122.789405435054633,11.580723338647259],[122.7892219911773,11.580723205129617]]],[[[122.790506098365967,11.580724137311593],[122.790322654475133,11.580724004491438],[122.790322519706223,11.580904876326192],[122.790505963714921,11.58090500914839],[122.790506098365967,11.580724137311593]]],[[[122.791973649573549,11.580725195687203],[122.791973515865834,11.580906067541052],[122.792156959894683,11.580906199316976],[122.792157093484633,11.580725327461083],[122.791973649573549,11.580725195687203]]],[[[122.789588608450813,11.581085215698783],[122.789405164335449,11.581085082293141],[122.789405028972524,11.581265954112707],[122.789588473205839,11.581266087520481],[122.789588608450813,11.581085215698783]]],[[[122.792340270451731,11.58108720283253],[122.792156826302616,11.581087071170737],[122.792156692708332,11.581267943022189],[122.792340136975298,11.581268074686113],[122.792340270451731,11.58108720283253]]],[[[122.789588337958563,11.581446959339869],[122.789771782311959,11.581447092633512],[122.789771917441371,11.581266220811992],[122.789588473205839,11.581266087520481],[122.789588337958563,11.581446959339869]]],[[[122.790688869571156,11.581628629187835],[122.790689004113219,11.581447757357877],[122.790505559748453,11.581447624645547],[122.790322115386004,11.581447491816954],[122.790138671025673,11.581447358872099],[122.790138536129945,11.581628230695662],[122.790321980608041,11.581628363642649],[122.79050542508844,11.581628496473373],[122.790688869571156,11.581628629187835]]],[[[122.792156559111817,11.581448814871331],[122.791973114729103,11.581448683089102],[122.791972981012421,11.581629554933892],[122.792156425512999,11.581629686718342],[122.792156559111817,11.581448814871331]]],[[[122.791055758543166,11.581628894268059],[122.791055624234687,11.58180976610006],[122.791239068841918,11.581809898467865],[122.791422513451465,11.581810030719408],[122.791422647524129,11.581629158883144],[122.791239203032532,11.581629026633733],[122.791055758543166,11.581628894268059]]]]}},
{"type":"Feature","properties":{"fid":51,"HAZ":3.0,"layer":"Capiz_StormSurge_SSA4","path":"/Users/jhannaroseverzo/Downloads/Capiz/Capiz_StormSurge_SSA4.shp","Risk Level":"High","fid_2":250,"SYSTRA ID":"250","DAR ID":"177","Target Year":"2028","Bridge Category":"Original List","Bridge Name":"AGTAN BRIDGE","Coordinates Y":"11.550917","Coordinates X":"122.775139","Region":"VI","Province":"CAPIZ","ARC 2026":"AGCALCALAN ARC","LINEAR METER IVF 2026":"33","EIRR 2026":"0.13","NEW/REPLACEMENT BRIDGE 2026":"new","Visited by SYSTRA":"No","Selected for 2nd Visit of SYSTRA":"Yes","Final Funder":"AFD","2023 IVF URL":"","2026 IVF URL":"https://docs.google.com/spreadsheets/u/1/d/1IvLZ4eITQ5KWoN3EBoUR0PaBp7g3GhOI/edit"},"geometry":{"type":"MultiPolygon","coordinates":[[[[122.819516315754555,11.540047371585116],[122.819516431338897,11.539866498925955],[122.819333013713816,11.539866384888375],[122.819149596090583,11.539866270734978],[122.819149480271236,11.540047143390497],[122.819149364450013,11.540228016043796],[122.818965946593821,11.54022790177085],[122.818966062532553,11.540047029119416],[122.818782644795732,11.540046914732516],[122.818599227060858,11.540046800229709],[122.818599110887206,11.540227672877501],[122.81878252873959,11.540227787382085],[122.818782412681401,11.540408660029433],[122.818598994711607,11.540408545522984],[122.818415576743774,11.540408430900717],[122.818415460448804,11.540589303542115],[122.818232042365494,11.540589188802164],[122.818232158777889,11.540408316162631],[122.818232275188421,11.54022744352079],[122.818048857341992,11.540227328668751],[122.818048740813964,11.540408201308638],[122.81804862428406,11.540589073946395],[122.818048507752124,11.540769946581841],[122.817865089555227,11.540769831608388],[122.81768167136029,11.540769716519028],[122.817498253167301,11.540769601313849],[122.817314834976173,11.540769485992852],[122.817314717972522,11.540950358618707],[122.817498136280975,11.540950473941569],[122.817498019392787,11.54113134656698],[122.817314600966824,11.541131231242252],[122.817131182542738,11.541131115801706],[122.817131299665931,11.540950243180026],[122.817131416787092,11.540769370556037],[122.816947998599957,11.540769255003402],[122.816764580414784,11.540769139334861],[122.816581162231572,11.540769023550501],[122.8165812797032,11.540588150929887],[122.816397861639444,11.540588035031574],[122.81621444357755,11.540587919017353],[122.816031025517788,11.540587802887314],[122.815847607459887,11.540587686641546],[122.815664189403947,11.540587570279781],[122.815664307460978,11.540406697666272],[122.815480889524494,11.540406581190643],[122.815297471590057,11.540406464599196],[122.815114053657567,11.540406347891841],[122.814930635727038,11.540406231068667],[122.814747217798541,11.540406114129675],[122.814563799872005,11.540405997074865],[122.814563918631762,11.540225124470327],[122.814564037389658,11.540044251863568],[122.814564156145508,11.539863379254589],[122.814564274899311,11.539682506643389],[122.814564393651253,11.539501634029881],[122.814564512401148,11.539320761414151],[122.814381095181346,11.539320644254802],[122.814197677963577,11.539320526979546],[122.814197796946345,11.539139654365327],[122.814014379848047,11.539139536976206],[122.814014260747754,11.53932040958856],[122.813830843533893,11.539320292081756],[122.813830724314244,11.539501164689936],[122.813647306984919,11.539501047065359],[122.813647187645799,11.539681919669365],[122.813647068304633,11.539862792271238],[122.813830485868792,11.539862909899545],[122.813830605092534,11.539682037295806],[122.81401402254123,11.53968215480643],[122.814197439991972,11.539682272201235],[122.814380857444661,11.539682389480221],[122.814380738573348,11.539863262089556],[122.814197321003149,11.539863144808704],[122.81419720201238,11.540044017413953],[122.814013784326804,11.540043900015418],[122.814013665216578,11.540224772616492],[122.814013546104306,11.540405645215257],[122.814013426990073,11.54058651781189],[122.814196845028164,11.54058663521611],[122.814196726029394,11.540767507812388],[122.814196607028677,11.540948380406357],[122.814196488025914,11.541129252998017],[122.814379906418381,11.541129370292103],[122.814380025303649,11.540948497698489],[122.814563443580568,11.540948614874802],[122.814563562346365,11.540767742277103],[122.81474698050782,11.540767859335643],[122.814930398671322,11.540767976278454],[122.815113816836785,11.540768093105358],[122.815297235004195,11.540768209816443],[122.815480653173552,11.54076832641171],[122.815480534995203,11.540949199018824],[122.815480416814708,11.541130071623718],[122.81566383522113,11.541130188106896],[122.815663717156198,11.541311060711434],[122.815847135681977,11.541311177080571],[122.815847017732594,11.541492049684665],[122.816030436377758,11.541492165939937],[122.816030318543838,11.541673038543676],[122.816030200708056,11.541853911145195],[122.816030082870142,11.542034783744493],[122.815846663872463,11.542034667483625],[122.815846545915164,11.542215540078837],[122.815663126801937,11.542215423700286],[122.815479707690756,11.542215307205828],[122.815479825883045,11.542034434614434],[122.815296406891321,11.542034318006111],[122.815296525199088,11.541853445414274],[122.81511310632682,11.541853328691998],[122.81511322475005,11.541672456099805],[122.814929805997238,11.541672339263487],[122.814746387246387,11.54167222231135],[122.814562968497484,11.541672105243306],[122.814379549750711,11.541671988059443],[122.814379668641919,11.54149111547258],[122.814196250014518,11.541490998174764],[122.814012831389078,11.541490880761041],[122.814012712262951,11.541671753344174],[122.813829293522048,11.541671635812767],[122.813645874783091,11.541671518165453],[122.813645755419998,11.541852390742546],[122.813645636054858,11.542033263317331],[122.813462217083014,11.542033145550468],[122.813278798113146,11.542033027667697],[122.813095379145309,11.542032909669109],[122.813095259425694,11.542213782235899],[122.81327867851104,11.542213900236442],[122.813278558906973,11.542394772802966],[122.813461978111775,11.542394890689556],[122.813461858623185,11.542575763255636],[122.813645277947444,11.542575881028272],[122.813645158574303,11.542756753594086],[122.813461739132535,11.542756635819584],[122.813461619639952,11.542937508381224],[122.813278200082621,11.542937390489039],[122.813278080470482,11.543118263046503],[122.813094660797702,11.543118145036546],[122.813094541066093,11.543299017589925],[122.812911121277764,11.543298899462107],[122.812911001426698,11.543479772011311],[122.812727581522907,11.543479653765809],[122.812727461552285,11.543660526310839],[122.81254404153303,11.543660407947565],[122.812360621515722,11.543660289468383],[122.812177201500461,11.543660170873293],[122.812177321823583,11.543479298333947],[122.811993901927863,11.543479179624994],[122.811810482034105,11.543479060800133],[122.811810602590199,11.543298188262296],[122.811627182815997,11.543298069323482],[122.811443763043826,11.543297950268849],[122.811260343273688,11.54329783109822],[122.811260464180265,11.543116958563937],[122.811077044529597,11.543116839279444],[122.810893624880975,11.543116719879043],[122.810893746020511,11.542935847346358],[122.810710326491446,11.542935727832093],[122.810710447746445,11.542754855299053],[122.810527028336921,11.542754735670835],[122.810527149707383,11.54257386313744],[122.810527271075813,11.542392990601824],[122.810343851903255,11.542392870861606],[122.810343730417316,11.542573743395268],[122.810343608929344,11.542754615926709],[122.810343487439326,11.542935488455841],[122.810526906964412,11.542935608201921],[122.810526785589857,11.543116480730786],[122.810526664213256,11.543297353257342],[122.810710083975295,11.543297472891334],[122.810709962714256,11.543478345417624],[122.81089338259585,11.543478464937662],[122.810893261450175,11.543659337463685],[122.810893140302554,11.543840209987311],[122.810893019152886,11.544021082508804],[122.810709598918777,11.544020962982904],[122.8105261786867,11.544020843341185],[122.810342758456585,11.544020723583648],[122.810159338228601,11.544020603710115],[122.809975918002664,11.544020483720852],[122.809792497778759,11.544020363615592],[122.809609077556814,11.544020243394515],[122.809425657337002,11.54402012305753],[122.809425535245254,11.54420099556126],[122.809608955582561,11.544201115900199],[122.809792375922015,11.54420123612323],[122.809975796263416,11.544201356230355],[122.810159216606863,11.54420147622166],[122.810342636952356,11.544201596097059],[122.810526057299981,11.54420171585655],[122.810709477649468,11.544201835500223],[122.810892898001086,11.544201955027988],[122.81107631835475,11.544202074439847],[122.811076439388955,11.544021201918797],[122.811076560421114,11.543840329395438],[122.811259980541806,11.54384044868757],[122.811443400664444,11.543840567863883],[122.811626820789144,11.543840686924378],[122.8116267001095,11.544021559453421],[122.811810120353726,11.544021678399963],[122.811993540599929,11.544021797230508],[122.811993420153243,11.544202669761239],[122.811809999789546,11.544202550928739],[122.811626579427809,11.544202431980333],[122.811626458744072,11.544383304504935],[122.811443038266873,11.544383185438756],[122.811259617791706,11.544383066256669],[122.811259496870917,11.544563938775232],[122.811442917463594,11.544564057959184],[122.811442796658355,11.544744930477391],[122.811626217370573,11.544745049547389],[122.811626096680811,11.544925922065241],[122.811442675851083,11.544925802993378],[122.811442555041765,11.545106675507055],[122.811259134096574,11.545106556317331],[122.811075713153343,11.545106437011698],[122.811075592106974,11.545287309519336],[122.811075471058558,11.545468182024665],[122.810892049882355,11.545468062599307],[122.810891928714383,11.545648935100461],[122.810708507422632,11.54564881555733],[122.810708386135204,11.545829688054399],[122.810524964727904,11.545829568393406],[122.810341543322721,11.545829448616507],[122.810158121919599,11.545829328723789],[122.810158000277525,11.546010201212775],[122.810157878633404,11.546191073699541],[122.810341300271631,11.546191193596167],[122.810341178742888,11.546372066082577],[122.810341057212284,11.546552938566679],[122.810524479087576,11.546553058351217],[122.810524357672435,11.54673393083514],[122.810707779667268,11.546734050505725],[122.810891201664234,11.546734170060402],[122.810891080482065,11.546915042545836],[122.811074502598487,11.54691516198656],[122.811257924717054,11.546915281311287],[122.811441346837569,11.546915400520197],[122.81162476896003,11.546915519613199],[122.811808191084637,11.546915638590294],[122.811991613211276,11.546915757451481],[122.812175035339877,11.546915876196762],[122.812358457470424,11.546915994826135],[122.812358577712288,11.546735122325424],[122.812541999727372,11.546735240836936],[122.812725421744418,11.546735359232629],[122.81290884376358,11.546735477512415],[122.81290872387433,11.546916350018899],[122.813092146012963,11.546916468184643],[122.813275568153642,11.546916586234479],[122.813275687807788,11.546735713724265],[122.81345910983292,11.54673583165633],[122.813642531859998,11.546735949472486],[122.813642651277092,11.546555076956144],[122.813826073188622,11.546555194654529],[122.81382619248626,11.546374322134101],[122.814009614282227,11.546374439714713],[122.81419303608034,11.546374557179329],[122.814376457880314,11.546374674528126],[122.814376576823292,11.546193801999793],[122.814559998507804,11.546193919230818],[122.814743420194262,11.546194036345847],[122.814926841882766,11.546194153345057],[122.815110263573231,11.54619427022836],[122.815110382044068,11.546013397690258],[122.815293803618971,11.546013514455788],[122.815293921970337,11.545832641913512],[122.815477343429691,11.54583275856127],[122.815660764891007,11.545832875093121],[122.815660646774731,11.546013747639217],[122.815844068355503,11.546013864057025],[122.816027489938307,11.546013980359016],[122.816210911523171,11.54601409654501],[122.816210793757463,11.546194969094392],[122.816210675989794,11.546375841641554],[122.816027254169924,11.546375725451741],[122.816027136282813,11.546556597994728],[122.815843714347395,11.546556481687142],[122.815843596340713,11.546737354226044],[122.815660174289746,11.546737237800686],[122.815476752240727,11.546737121259509],[122.815293330193754,11.546737004602337],[122.81529321183244,11.546917877133334],[122.815476633997008,11.546917993792372],[122.815660056163523,11.546918110335502],[122.815659938035353,11.547098982868009],[122.815659819905221,11.547279855398296],[122.815476397503602,11.547279738851435],[122.815476279253929,11.547460611377547],[122.815476161002294,11.547641483901439],[122.815292738367617,11.54764136723494],[122.815292856736846,11.547460494712913],[122.815109434221625,11.547460377932373],[122.815109552706403,11.547279505409991],[122.815109671189134,11.5470986328853],[122.814926248910965,11.547098515992582],[122.814926367509344,11.546917643467625],[122.814926486105676,11.546736770940358],[122.814743064064558,11.546736653935463],[122.81474294535073,11.546917526460865],[122.814559523194063,11.546917409338286],[122.814559404360679,11.547098281859514],[122.814742826634841,11.547098398984046],[122.814742707917006,11.547279271504918],[122.814926130310724,11.547279388515408],[122.814926011708437,11.547460261035924],[122.814925893104117,11.547641133554132],[122.814925774497837,11.547822006070119],[122.815109197246201,11.547822122970386],[122.815109078755469,11.548002995486017],[122.815292501623304,11.548003112272154],[122.81529238324822,11.54818398478743],[122.815475806235597,11.548184101459613],[122.815475687975962,11.548364973974445],[122.815475569714479,11.548545846487057],[122.815475451450951,11.548726718997449],[122.815475333185461,11.548907591505619],[122.815475214918024,11.549088464011481],[122.815475096648541,11.549269336515122],[122.815291672955851,11.549269219831748],[122.815291554566912,11.549450092331215],[122.815108130758588,11.54944997552998],[122.815108012250107,11.549630848025361],[122.814924588326235,11.549630731106353],[122.81474116440431,11.549630614071438],[122.814557740484432,11.549630496920527],[122.814374316566514,11.549630379653708],[122.814190892650643,11.549630262270982],[122.814190773552212,11.549811134754639],[122.814007349520793,11.549811017254052],[122.813823925491306,11.549810899637558],[122.813640501463794,11.549810781905157],[122.813457077438215,11.549810664056759],[122.813273653414782,11.549810546092454],[122.81327353372653,11.549991418564476],[122.813090109587534,11.54999130048231],[122.812906685450415,11.549991182284236],[122.812723261315426,11.549991063970255],[122.812723381356292,11.549810191504006],[122.812539957340846,11.549810073075983],[122.81235653332736,11.549809954531964],[122.81235665360137,11.549629082067225],[122.812173229707511,11.549628963409253],[122.811989805815614,11.549628844635285],[122.811989926322781,11.549447972172144],[122.811806502550425,11.549447853284223],[122.81180662317314,11.549266980820727],[122.811806743793809,11.549086108354922],[122.811806864412532,11.548905235886986],[122.811623440994921,11.548905116888841],[122.811623561729093,11.548724244420461],[122.811440138431124,11.548724125308363],[122.811440259280857,11.548543252839627],[122.81125683610243,11.548543133613487],[122.811256957067712,11.548362261144485],[122.811073534008841,11.548362141804303],[122.811073655089672,11.548181269334945],[122.810890232150342,11.54818114988081],[122.810890110952002,11.548362022348302],[122.810706687897209,11.548361902776305],[122.810523264844463,11.548361783088401],[122.810523386277907,11.548180910624817],[122.810339963344717,11.548180790822871],[122.810156540413558,11.548180670905106],[122.810156418745009,11.548361543364782],[122.809972995698303,11.548361423329156],[122.809789572653727,11.548361303177535],[122.809789694557381,11.548180430721677],[122.809606271632262,11.548180310456102],[122.809422848709275,11.548180190074619],[122.809239425788334,11.54818006957723],[122.809239303531996,11.548360942027314],[122.809055880495592,11.548360821412063],[122.808872457461149,11.548360700680904],[122.80887233496766,11.548541573124771],[122.808688911817754,11.548541452275751],[122.808688789204723,11.548722324715444],[122.808505365939254,11.548722203748563],[122.808505243206582,11.548903076184169],[122.808505120471878,11.549083948617378],[122.808504997735028,11.549264821048455],[122.808504874996146,11.549445693477223],[122.808504752255303,11.54962656590377],[122.808688176108475,11.549626686880421],[122.808688053483095,11.549807559306613],[122.808871477455995,11.549807680169222],[122.808871354946092,11.549988552595147],[122.808871232434129,11.550169425018852],[122.809054656644264,11.550169545769373],[122.809238080856346,11.550169666404075],[122.809421505070475,11.550169786922782],[122.809421382909179,11.550350659350039],[122.809604807242934,11.550350779754703],[122.809604685197272,11.550531652181606],[122.809788109650597,11.550531772472317],[122.809787987720398,11.550712644898953],[122.809787865788238,11.55089351732328],[122.80978774385396,11.551074389745386],[122.809787621917621,11.551255262165183],[122.809604196993931,11.551255141866745],[122.809604074938051,11.551436014282457],[122.809420649898811,11.551435893866158],[122.809420772072286,11.5512550214524],[122.809237347152674,11.551254900922059],[122.809053922235108,11.55125478027581],[122.809053799826444,11.55143565268566],[122.809237224861604,11.551435773333862],[122.809237102568503,11.551616645743357],[122.809236980273255,11.55179751815063],[122.80905355500299,11.55179739749852],[122.808870129734686,11.551797276730502],[122.808870252265024,11.551616404327048],[122.808686827116361,11.551616283444988],[122.808503401969816,11.55161616244702],[122.808319976825231,11.551616041333057],[122.808320099706322,11.551435168933244],[122.808136674681464,11.551435047705239],[122.808136797678102,11.551254175305159],[122.808136920672595,11.55107330290277],[122.807953495884973,11.551073181562765],[122.807953618995029,11.550892309160021],[122.808137043665155,11.550892430498161],[122.80813716665557,11.550711558091242],[122.808137289643938,11.550530685682103],[122.808137412630273,11.550349813270744],[122.808137535614563,11.550168940857164],[122.80795411141473,11.55016881952684],[122.807770687217044,11.55016869808061],[122.807770810434391,11.549987825668628],[122.807587386356332,11.549987704108444],[122.807403962280304,11.549987582432353],[122.807220538206337,11.549987460640265],[122.807037114134403,11.54998733873227],[122.8068536900646,11.549987216708368],[122.806670265996843,11.54998709456847],[122.806670142074111,11.550167966968727],[122.806486717890891,11.550167844710968],[122.806303293709618,11.550167722337301],[122.806119869530576,11.550167599847638],[122.805936445353581,11.550167477242068],[122.805753021178617,11.550167354520591],[122.805569597005785,11.550167231683117],[122.805569472375439,11.550348104069252],[122.805386048087144,11.550347981113918],[122.805202623800895,11.550347858042587],[122.805019199516693,11.550347734855348],[122.804835775234622,11.550347611552203],[122.804835650131935,11.550528483928124],[122.804652225734401,11.550528360507029],[122.804468801338899,11.550528236970026],[122.804468675999075,11.55070910933973],[122.804285251488025,11.550708985684777],[122.804285126028475,11.550889858050306],[122.804285000566793,11.551070730413615],[122.80410157582277,11.551070606638758],[122.804101450241362,11.551251478997715],[122.804101324657907,11.55143235135454],[122.803917899680826,11.55143222745969],[122.803917773977645,11.551613099812252],[122.803917648272432,11.551793972162505],[122.803917522564987,11.551974844510537],[122.803734097237253,11.551974720493829],[122.803733971410168,11.552155592837599],[122.80373384558105,11.552336465179147],[122.803733719749701,11.552517337518386],[122.80373359391632,11.552698209855494],[122.803733468080878,11.552879082190204],[122.803916893996586,11.552879206216948],[122.803916768276622,11.55306007855148],[122.803916642554512,11.553240950883792],[122.803916516830284,11.553421823213794],[122.804099943100908,11.553421947130493],[122.804099817492229,11.553602819460229],[122.804099691881419,11.553783691787745],[122.804099566268562,11.55396456411304],[122.804282992894088,11.553964687919782],[122.804282867396708,11.554145560244722],[122.804282741897268,11.554326432567441],[122.80428261639571,11.55450730488794],[122.804466043376152,11.554507428584637],[122.804465917990143,11.55468830090487],[122.804465792602002,11.554869173222881],[122.804649219819851,11.554869296807579],[122.804649094547173,11.555050169125236],[122.804465667211716,11.555050045538584],[122.804465541819397,11.555230917852066],[122.804282114368391,11.555230794147375],[122.804098686919431,11.555230670326688],[122.803915259472603,11.555230546390094],[122.803731832027907,11.555230422337415],[122.803548404585328,11.555230298168828],[122.803548278602733,11.555411170470054],[122.803364851044606,11.555411046183517],[122.803181423488539,11.555410921780895],[122.802997995934675,11.555410797262278],[122.802998122270154,11.555229924967003],[122.802814694835931,11.555229800334432],[122.802631267403939,11.555229675585865],[122.802447839973979,11.555229550721391],[122.802447966660196,11.555048678429847],[122.802264539350048,11.55504855345133],[122.802081112041961,11.555048428356818],[122.802081238961321,11.55486755606705],[122.801897811773031,11.554867430858584],[122.801897938807869,11.55468655856855],[122.801714511739306,11.554686433246131],[122.801531084672789,11.554686307807627],[122.801347657608503,11.554686182253215],[122.801164230546334,11.554686056582808],[122.800980803486311,11.554685930796404],[122.800797376428321,11.554685804894005],[122.800613949372561,11.554685678875698],[122.800613821514304,11.554866551151521],[122.800430394343067,11.554866425015087],[122.800430266365083,11.555047297286647],[122.800246839078298,11.555047171032262],[122.800063411793658,11.555047044661881],[122.799879984511222,11.555046918175504],[122.799696557230831,11.55504679157322],[122.799696428780251,11.555227663834389],[122.799513001384398,11.555227537113977],[122.799512872814006,11.555408409370882],[122.799329445302689,11.555408282532431],[122.799329316612571,11.555589154785073],[122.799145888985791,11.555589027828583],[122.799145760175762,11.555769900076962],[122.799145631363686,11.555950772323031],[122.798962203503763,11.55595064524646],[122.798778775646056,11.555950518053981],[122.798595347790496,11.555950390745506],[122.798595476955526,11.555769518505565],[122.798412049219763,11.555769391083048],[122.798412178500271,11.55558851884293],[122.798412307778634,11.555407646600591],[122.798412437054779,11.555226774355942],[122.798229009674117,11.555226646823646],[122.798045582295586,11.555226519175354],[122.798045452784066,11.555407391415917],[122.797862025290073,11.555407263649586],[122.797861895658841,11.555588135885797],[122.798045323270514,11.555588263654171],[122.798045193754746,11.555769135890204],[122.798045064236746,11.555950008124016],[122.797861636389882,11.555949880351468],[122.797861506752156,11.556130752580929],[122.797861377112213,11.556311624808169],[122.797861247470138,11.556492497033188],[122.797861117825931,11.55667336925581],[122.798044546143359,11.556673497036529],[122.798044416614616,11.556854369259062],[122.79822784505194,11.556854496925828],[122.798411273491311,11.556854624476509],[122.798411144195711,11.557035496700907],[122.798411014897894,11.557216368922996],[122.798227586223163,11.55721624136814],[122.79822745680552,11.557397113585965],[122.798044028015326,11.557396985913071],[122.798043898477871,11.557577858126544],[122.797860469572214,11.557577730335611],[122.797677040668674,11.557577602428593],[122.797676910893728,11.55775847463576],[122.797493481874739,11.557758346610703],[122.797493351980066,11.557939218813518],[122.797309922845514,11.557939090670422],[122.797309792830944,11.558119962868973],[122.797309662814229,11.558300835065216],[122.797126233446534,11.558300706801949],[122.797126103310006,11.558481578993929],[122.797125973171262,11.558662451183599],[122.797125843030386,11.558843323371049],[122.797125712887208,11.559024195556189],[122.79694228305118,11.559024067168666],[122.796942152788176,11.559204939349543],[122.796942022523041,11.5593858115282],[122.79675859245377,11.559385683020507],[122.796758462068823,11.559566555194811],[122.796575031884004,11.55956642656899],[122.796574901379245,11.559747298739032],[122.796574770872169,11.559928170906764],[122.796391340454207,11.559928042160772],[122.796391209827405,11.560108914324152],[122.796391079198301,11.560289786485312],[122.796390948567065,11.560470658644251],[122.796574379338082,11.56047078739646],[122.796574248822395,11.560651659555132],[122.796574118304491,11.560832531711585],[122.7963906872981,11.56083240295529],[122.796390556660285,11.561013275107479],[122.796207125538444,11.561013146233057],[122.796023694418722,11.56101301724255],[122.79584026330123,11.561012888136046],[122.795840132308143,11.561193760279709],[122.795840001312939,11.561374632421151],[122.796023432665791,11.561374761531829],[122.796023301786136,11.561555633673093],[122.796206733258899,11.561555762669729],[122.796206602494706,11.561736634810815],[122.796206471728283,11.561917506949593],[122.796389903438637,11.561917635834318],[122.796389772787762,11.562098507973007],[122.796389642134685,11.562279380109386],[122.796389511479376,11.562460252243456],[122.796206079415967,11.562460123352514],[122.796205948640846,11.562640995482232],[122.79602251646179,11.562640866473162],[122.796022385566772,11.562821738598617],[122.795838953272252,11.562821609471419],[122.795655520979963,11.562821480228047],[122.795472088689806,11.562821350868679],[122.79528865640188,11.562821221393227],[122.795105224116156,11.562821091801778],[122.795105355599688,11.562640219686626],[122.794921923433876,11.562640089981135],[122.79492205503297,11.562459217865895],[122.794738622987055,11.562459088046451],[122.794738754701697,11.562278215931032],[122.794555322775608,11.562278085997546],[122.794555454605714,11.56209721388195],[122.794372022799607,11.562097083834599],[122.794188590995731,11.562096953671075],[122.79418872305898,11.561916081557433],[122.794005291375001,11.561915951279955],[122.794005423553799,11.561735079166136],[122.793821991989731,11.561734948774705],[122.793822124283992,11.561554076660796],[122.793638692839835,11.561553946155412],[122.793638825249559,11.561373074041237],[122.793638957657151,11.561192201924841],[122.793455526450487,11.561192071307635],[122.793455658973542,11.561011199191062],[122.793455791494381,11.560830327072269],[122.793272360525393,11.560830196343153],[122.793272493161695,11.560649324224181],[122.79327262579578,11.56046845210299],[122.793272758427548,11.560287579979578],[122.793272891057185,11.560106707853857],[122.793456321555439,11.560106838574535],[122.793456454065179,11.559925966444462],[122.79363988444797,11.559926097047013],[122.793640016837813,11.559745224912588],[122.793456586572702,11.559745094312168],[122.793456719077994,11.559564222177565],[122.79345685158107,11.559383350040742],[122.793456984082013,11.559202477901698],[122.79345711658064,11.559021605760345],[122.793273686788396,11.559021475052189],[122.793273819402501,11.558840602910747],[122.793273952014459,11.558659730766996],[122.793274084624116,11.558478858621024],[122.793274217231556,11.558297986472743],[122.793274349836864,11.558117114322242],[122.79309092063508,11.558116983508659],[122.793091053355852,11.55793611135798],[122.792907624274051,11.557935980430445],[122.7929077571102,11.557755108279677],[122.792907889944033,11.5575742361266],[122.792724461099823,11.557574105087243],[122.792541032257759,11.557573973931978],[122.792357603417912,11.557573842660629],[122.792174174580367,11.557573711273195],[122.7921740412758,11.557754583417834],[122.791990612322792,11.557754451912361],[122.7918071833721,11.557754320290803],[122.791623754423441,11.557754188553337],[122.791623620763787,11.557935060689362],[122.791440191699849,11.55793492883368],[122.791440057920198,11.558115800965352],[122.791623487101816,11.558115932823165],[122.791623353437629,11.55829680495466],[122.791439924138402,11.558296673094803],[122.791439790354318,11.558477545221946],[122.791439656568002,11.558658417346779],[122.791256227035632,11.558658285366663],[122.791256093129419,11.558839157487144],[122.791072663481586,11.558839025388901],[122.791072529455462,11.55901989750503],[122.790889099692265,11.55901976528857],[122.790705669931285,11.559019632956113],[122.79070553566757,11.559200505065759],[122.790522105791126,11.559200372615086],[122.790521971407514,11.559381244720379],[122.790338541415693,11.559381112151579],[122.79033840691217,11.55956198425252],[122.790154976804899,11.559561851565503],[122.789971546699917,11.559561718762579],[122.78978811659708,11.559561585843481],[122.789787981738286,11.559742457935718],[122.789787846877275,11.559923330025734],[122.78960441654138,11.559923196986377],[122.789604551520171,11.559742324898581],[122.789604686496645,11.559561452808476],[122.789421256398413,11.559561319657385],[122.789421121304258,11.559742191745359],[122.789237691090577,11.559742058476052],[122.789237555876426,11.559922930559585],[122.789054125547366,11.559922797172151],[122.788870695220524,11.55992266366872],[122.788870559768881,11.560103535745769],[122.788870424314823,11.560284407820509],[122.789053854877039,11.560284541328292],[122.789237285441459,11.560284674719989],[122.789237150220643,11.560465546796772],[122.789053719538543,11.560465413402943],[122.788870288858647,11.560465279893029],[122.788686858181066,11.560465146267029],[122.788686722604808,11.560646018335108],[122.78850329181185,11.560645884590981],[122.788503156115681,11.560826756654707],[122.788503020417295,11.561007628716213],[122.788502884716607,11.56118850077541],[122.788502749013603,11.561369372832297],[122.788319317752126,11.561369238963559],[122.788319181929225,11.561550111016095],[122.788135750552286,11.56154997702914],[122.788135886492881,11.561369104978736],[122.787952455235938,11.561368970877828],[122.787952591291997,11.561188098827335],[122.787769160154966,11.561187964612563],[122.787585729020236,11.561187830281705],[122.787585592728817,11.561368702327934],[122.78740216147871,11.56136856787886],[122.787402025067294,11.561549439920649],[122.787585456435167,11.561549574371854],[122.787585320139129,11.561730446413465],[122.787401888653662,11.561730311960128],[122.787218457170411,11.561730177390706],[122.787218320636782,11.561911049425833],[122.787218184100851,11.56209192145865],[122.787218047562604,11.562272793489248],[122.78703461572853,11.562272658797257],[122.787034479070371,11.562453530823413],[122.786851047120834,11.562453396013295],[122.786667615173684,11.562453261087002],[122.786667752067302,11.562272389065198],[122.786484320240064,11.562272254025041],[122.786484183228765,11.562453126044714],[122.786484046215165,11.562633998062077],[122.786667478277778,11.562634133106586],[122.786667341379541,11.56281500512395],[122.786667204479102,11.562995877139004],[122.786667067576346,11.563176749151838],[122.786666930671373,11.563357621162362],[122.786850363207023,11.56335775609949],[122.786850226417414,11.563538628109926],[122.786850089625503,11.563719500118141],[122.786666656854393,11.56371936517675],[122.7866665199425,11.563900237180524],[122.786849952831375,11.563900372124136],[122.786849816034845,11.564081244127911],[122.786849679236099,11.564262116129376],[122.786849542435036,11.564442988128532],[122.787032975679452,11.564443122962542],[122.787032838993852,11.564623994961698],[122.787216272358265,11.564624129681755],[122.787216135788043,11.564805001680822],[122.787399569272438,11.564805136286926],[122.787399432817779,11.564986008285905],[122.78758286642217,11.564986142778144],[122.787766300028878,11.564986277154299],[122.787766163807262,11.565167149155231],[122.787949597534052,11.565167283417432],[122.788133031262959,11.565167417563549],[122.788132895274671,11.565348289566613],[122.788316329123674,11.565348423598865],[122.788316193250765,11.565529295601751],[122.788316057375624,11.565710167602505],[122.788499491462389,11.565710301522847],[122.788499355702726,11.565891173523424],[122.788499219940746,11.56607204552178],[122.788682654265273,11.566072179330389],[122.788682518618842,11.566253051328657],[122.788865953063279,11.566253185023223],[122.788865817532312,11.566434057021402],[122.788865681999042,11.566614929017272],[122.789049116681326,11.566615062600105],[122.789048981263605,11.566795934595797],[122.789232416065886,11.566796068064678],[122.789232280763628,11.566976940060281],[122.789415715685905,11.566977073415208],[122.78941558049911,11.567157945410722],[122.789415445310098,11.567338817404016],[122.789598880470223,11.567338950647121],[122.789598745396674,11.567519822640238],[122.789598610320894,11.567700694631133],[122.789598475242911,11.567881566619809],[122.789598340162598,11.568062438606175],[122.789598205080082,11.56824331059032],[122.789781640831208,11.568243443727999],[122.789965076584551,11.568243576749504],[122.790148512340195,11.568243709654835],[122.790331948098071,11.56824384244417],[122.790515383858249,11.568243975117243],[122.790698819620658,11.568244107674319],[122.79088225538527,11.568244240115222],[122.790882121124852,11.56842511211198],[122.79106555700946,11.568425244438929],[122.791065422864591,11.568606116435598],[122.791248858869196,11.568606248648505],[122.791248724839875,11.568787120644997],[122.791248590808252,11.568967992639267],[122.791432027050718,11.568968124740264],[122.791431893134728,11.569148996734446],[122.791431759216422,11.569329868726319],[122.7914316252959,11.569510740715971],[122.791431491373075,11.569691612703403],[122.791431357448118,11.569872484688526],[122.791431223520846,11.570053356671428],[122.791431089591441,11.570234228652021],[122.79124765252449,11.570234096536192],[122.791247518475004,11.570414968512432],[122.79106408129249,11.570414836278298],[122.790880644112207,11.570414703928078],[122.790697206934226,11.570414571461685],[122.790697072529113,11.57059544342931],[122.790696938121783,11.570776315394626],[122.790513500710475,11.570776182807796],[122.790513366183063,11.57095705476876],[122.790329928656121,11.570956922063713],[122.79014649113148,11.570956789242492],[122.789963053609071,11.570956656305098],[122.789962918726033,11.571137528257447],[122.789779481088061,11.571137395201747],[122.789779346085027,11.571318267149744],[122.789595908331506,11.571318133975739],[122.789595773208404,11.571499005919295],[122.789412335339321,11.571498872627073],[122.789412200096137,11.571679744566188],[122.789228762111506,11.571679611155661],[122.789045324129191,11.57167947762896],[122.789045188648146,11.571860349561502],[122.788861750550282,11.571860215916496],[122.788678312454721,11.571860082155316],[122.788678448171396,11.571679210227037],[122.788495010195831,11.571679076351904],[122.788494874361376,11.571859948278052],[122.788311436270263,11.571859814284524],[122.788127998181452,11.571859680174912],[122.78812786210915,11.572040552094487],[122.788127726034446,11.572221424011842],[122.788127589957426,11.572402295926976],[122.788127453878275,11.572583167839801],[122.788310892438261,11.572583301958117],[122.788310756474573,11.572764173870853],[122.788127317796736,11.572764039750405],[122.787943879121187,11.572763905513783],[122.787944015320505,11.572583033605399],[122.787760576764967,11.572582899254824],[122.787577138211816,11.572582764788075],[122.787577274644462,11.572401892881645],[122.787577411074878,11.572221020972995],[122.787577547502991,11.572040149062124],[122.787394109305481,11.572040014485685],[122.787394245849143,11.571859142574636],[122.7872108077717,11.571859007884244],[122.787210944430925,11.571678135973196],[122.787027506473564,11.571678001168673],[122.787027643248237,11.571497129257535],[122.787027780020608,11.571316257344089],[122.787027916790763,11.571135385428422],[122.787028053558601,11.570954513510445],[122.787028190324136,11.570773641590248],[122.787211627692457,11.570773776383847],[122.787211764337997,11.570592904459298],[122.787395201590755,11.570593039134591],[122.787578638845829,11.570593173693799],[122.787578775253436,11.570412301762589],[122.787762212392948,11.570412436203403],[122.787762348680559,11.570231564267841],[122.787762484965768,11.57005069232997],[122.787579048061787,11.570050557893419],[122.787579184462544,11.569869685955458],[122.787579320861084,11.569688814015189],[122.78739588419495,11.569688679466816],[122.787396020708954,11.569507807526547],[122.78721258416283,11.569507672864221],[122.787212720792382,11.569326800923774],[122.787029284366326,11.569326666147495],[122.786845847942587,11.569326531255042],[122.786662411521249,11.569326396246415],[122.786662548501809,11.569145524310231],[122.786479112200368,11.569145389187652],[122.786479249296391,11.568964517251468],[122.786295813115132,11.568964382014935],[122.786295950326704,11.568783510078573],[122.786112514265426,11.568783374728087],[122.786112651592461,11.568602502791725],[122.785929215651279,11.568602367327285],[122.785929353093778,11.568421495390746],[122.785745917272664,11.568421359812353],[122.785562481453866,11.568421224117875],[122.785562619129607,11.568240352183468],[122.785379183430877,11.568240216375036],[122.785379321222081,11.56805934444054],[122.785379459010969,11.567878472503823],[122.785196023550114,11.56787833658357],[122.785196161454465,11.567697464646765],[122.785196299356514,11.567516592707738],[122.785012864133407,11.567516456675753],[122.784829428912616,11.567516320527682],[122.784645993694227,11.567516184263527],[122.784645855438868,11.56769705619598],[122.784645717181277,11.567877928126213],[122.78446228172956,11.567877791741532],[122.784462143351803,11.568058663667413],[122.784278707784722,11.568058527164338],[122.784278569286883,11.568239399085778],[122.784278430786827,11.56842027100482],[122.78427829228437,11.568601142921731],[122.784094856366266,11.568601006295998],[122.784094717743741,11.568781878208378],[122.784094579118886,11.568962750118539],[122.784094440491742,11.56914362202639],[122.783911004222631,11.569143485278],[122.783910865475391,11.569324357181499],[122.783727429090817,11.569324220314714],[122.78372729022351,11.569505092213683],[122.783543853723472,11.569504955228682],[122.783360417225751,11.569504818127418],[122.783360278120483,11.569685690019726],[122.783176841507299,11.569685552800246],[122.782993404896416,11.569685415464592],[122.78280996828785,11.569685278012765],[122.782810107746428,11.569504406127029],[122.782626671258029,11.569504268561248],[122.78262681083207,11.569323396675513],[122.782443374463753,11.569323258995867],[122.782259938097837,11.569323121200048],[122.782076501734224,11.569322983288144],[122.782076641659188,11.569142111406761],[122.781893205415656,11.569141973380903],[122.781893345456169,11.568961101499431],[122.78189348549428,11.568780229615738],[122.781893625530088,11.568599357729825],[122.781710189642183,11.568599219594455],[122.781710329793455,11.568418347708542],[122.781526894025717,11.568418209459308],[122.781527034292367,11.568237337573306],[122.7815271745567,11.568056465684995],[122.781343739026823,11.568056327324028],[122.78134359864471,11.568237199210119],[122.78116016299947,11.568237060730846],[122.780976727356517,11.568236922135489],[122.780976586736557,11.568417794014829],[122.780793150978155,11.568417655301078],[122.78079329171598,11.568236783423957],[122.78060985607766,11.568236644596341],[122.780609996930849,11.568055772719132],[122.780426561412696,11.568055633777652],[122.780426702381263,11.567874761900443],[122.780243266983291,11.567874622845098],[122.780059831587707,11.56787448367349],[122.780059972789417,11.567693611798591],[122.779876537513829,11.567693472513119],[122.779876678831002,11.567512600638219],[122.779693243675581,11.567512461238882],[122.779509808522562,11.567512321723461],[122.779509950072892,11.567331449850693],[122.779326515039955,11.567331310221407],[122.779326656705649,11.567150438348639],[122.779326798368956,11.56696956647365],[122.779143363573951,11.566969426732721],[122.779143505352636,11.566788554857732],[122.779143647129004,11.566607682980434],[122.779143788902971,11.566426811100916],[122.77914393067455,11.566245939219089],[122.779327364998537,11.566246078951048],[122.779510799324939,11.566246218566834],[122.779510657788819,11.566427090453102],[122.779694092235388,11.566427229955112],[122.77987752668426,11.566427369340948],[122.779877385381297,11.566608241229526],[122.780060819950251,11.566608380501497],[122.780244254521605,11.566608519657384],[122.780427689095262,11.566608658697186],[122.780427830045014,11.566427786801947],[122.780611264503293,11.566427925723444],[122.780611405332863,11.566247053823764],[122.780611546160131,11.566066181921775],[122.780611686985083,11.565885310017565],[122.780611827807633,11.565704438111135],[122.780428393820344,11.565704299198609],[122.780428534758272,11.56552342729209],[122.780428675693898,11.565342555383351],[122.780245241944371,11.565342416359181],[122.780061808197246,11.565342277218926],[122.780061667026175,11.565523149123225],[122.779878233163672,11.565523009864664],[122.779694799303485,11.56552287048993],[122.779511365445771,11.5655227309992],[122.779511506969996,11.565341859101652],[122.779328073232278,11.565341719496969],[122.779144639497062,11.565341579776289],[122.779144781254416,11.565160707880962],[122.779144923009383,11.564979835983324],[122.778961489511929,11.564979696151001],[122.778961631382344,11.564798824253453],[122.778961773250288,11.564617952353595],[122.77877833999068,11.564617812409717],[122.778778481974001,11.564436940509859],[122.778778623955006,11.564256068607781],[122.77859519093316,11.564255928552258],[122.778595333029543,11.564075056650092],[122.778595475123524,11.563894184745704],[122.778595617215103,11.563713312839097],[122.778595759304295,11.563532440930269],[122.778779191855307,11.563532580976821],[122.77896262440855,11.563532720907199],[122.778962482554817,11.563713592820557],[122.779145915228227,11.56371373263716],[122.779145773489773,11.563894604550518],[122.779329206283265,11.563894744253345],[122.779512639079158,11.563894883839998],[122.779512780582053,11.563714011922199],[122.779512922082731,11.563533140002091],[122.779329489522297,11.563533000419879],[122.779329631138353,11.563352128499771],[122.779146198698001,11.563351988803694],[122.77914634042925,11.563171116883586],[122.778962908109079,11.563170977073733],[122.778779475791112,11.563170837147796],[122.778596043475645,11.563170697105773],[122.778595901391171,11.563351569019131],[122.778412468960326,11.563351428858804],[122.778229036531883,11.563351288582391],[122.778229178851817,11.563170416673474],[122.778229321169263,11.562989544762337],[122.778045888978667,11.562989404374369],[122.778046031411492,11.562808532463231],[122.778046173842,11.562627660549873],[122.778046316270022,11.562446788634295],[122.778229748107563,11.562446929015424],[122.778229890415602,11.562266057095316],[122.778230032721225,11.562085185172899],[122.778230175024461,11.561904313248261],[122.77804674354006,11.561904172873794],[122.778046601119058,11.562085044796211],[122.778046458695741,11.562265916716319],[122.777863026978281,11.562265776221325],[122.777862884434882,11.562446648136993],[122.777862741889081,11.56262752005035],[122.777862599340892,11.562808391961488],[122.77767916727268,11.562808251343659],[122.77767902460441,11.562989123250267],[122.777495592420919,11.562988982514133],[122.777495449632568,11.563169854416211],[122.777312017333699,11.563169713561683],[122.777128585037232,11.563169572591159],[122.776945152743167,11.563169431504461],[122.776945295884673,11.562988559609222],[122.776761863710774,11.562988418408748],[122.776762006967559,11.562807546513421],[122.776578574913657,11.562807405199171],[122.776395142862242,11.562807263768837],[122.776395286352084,11.562626391875819],[122.776211854420751,11.562626250331798],[122.776028422491819,11.562626108671603],[122.776028278766518,11.562806980560092],[122.775844846722293,11.562806838781592],[122.775844702876924,11.562987710665462],[122.775844559029139,11.563168582547201],[122.775661126751857,11.563168440648086],[122.775661270717322,11.562987568768657],[122.775477838560221,11.562987426755678],[122.775294406405422,11.562987284626702],[122.775294550603931,11.562806412749671],[122.775111118569313,11.562806270506831],[122.774927686537083,11.562806128147995],[122.774927542103185,11.562987000020586],[122.774744109955677,11.562986857543356],[122.774560677810555,11.56298671495013],[122.774377245667836,11.56298657224073],[122.774377100878411,11.563167444104172],[122.774193668620413,11.563167301276467],[122.774193523710807,11.563348173135291],[122.774010091337516,11.56334803018928],[122.774009946307757,11.563528902043574],[122.773826513819273,11.563528758979169],[122.773826368669333,11.563709630828845],[122.773642936065471,11.563709487646046],[122.773459503464096,11.563709344347251],[122.773459358076309,11.563890216190087],[122.773275925359641,11.563890072772898],[122.773092492645375,11.563889929239535],[122.772909059933511,11.563889785590087],[122.772908914190182,11.564070657423864],[122.77272548136304,11.564070513656022],[122.772725335499544,11.56425138548518],[122.772541902557109,11.564251241599033],[122.77235846961706,11.5642510975968],[122.772175036679599,11.564250953478394],[122.771991603744453,11.564250809243992],[122.771991457407637,11.564431681061693],[122.771991311068348,11.564612552877085],[122.772174744238868,11.564612697116106],[122.772358177411874,11.56461284123913],[122.772358031305544,11.564793713056831],[122.772541464598717,11.56479385706608],[122.772541318607765,11.56497472888387],[122.772724752021119,11.564974872779343],[122.772908185436862,11.564975016558643],[122.772908039678882,11.565155888378831],[122.77309147321489,11.565156032044444],[122.773091327572189,11.56533690386472],[122.773091181927086,11.565517775682688],[122.773091036279595,11.565698647498435],[122.773090890629618,11.565879519311872],[122.773090744977239,11.56606039112309],[122.773090599322373,11.566241262932087],[122.773274033567233,11.566241406495381],[122.773273888027646,11.566422278304467],[122.773457322392687,11.566422421753897],[122.773640756760116,11.566422565087331],[122.773640611453672,11.566603436898726],[122.773824045941282,11.566603580118295],[122.77400748043128,11.56660372322178],[122.774007335357894,11.566784595035484],[122.774190769968072,11.566784738025104],[122.774190625010064,11.566965609838897],[122.774190480049583,11.567146481650381],[122.774190335086686,11.567327353459644],[122.774190190121402,11.567508225266687],[122.774190045153631,11.567689097071421],[122.774006609954697,11.567688954070254],[122.774006464866758,11.567869825870458],[122.774006319776419,11.568050697668353],[122.774006174683677,11.568231569464027],[122.774006029588449,11.568412441257481],[122.773822593920812,11.568412298130992],[122.773822448705417,11.568593169919916],[122.773822303487634,11.568774041706442],[122.773638867586939,11.568773898459339],[122.77363872224889,11.568954770241335],[122.773455286232732,11.568954626875749],[122.773455140774601,11.569135498653305],[122.77327170464315,11.569135355169236],[122.773271850219146,11.568954483393989],[122.773271995792655,11.568773611616612],[122.773272141363861,11.568592739836836],[122.773088705588137,11.56859259624361],[122.773088851274622,11.568411724463923],[122.77308899695862,11.568230852682015],[122.772905561420927,11.568230708977234],[122.772722125885636,11.568230565156368],[122.772722271802778,11.568049693376858],[122.772538836387653,11.568049549442128],[122.772355400975016,11.568049405391312],[122.772355547125301,11.567868533614112],[122.77217211183293,11.567868389449432],[122.772172258098422,11.56768751767232],[122.771988822926204,11.567687373393865],[122.771805387756402,11.567687228999324],[122.771621952589072,11.567687084488698],[122.771438517424244,11.567686939861899],[122.771438664158424,11.567506068091804],[122.771438810890118,11.567325196319489],[122.771622245819401,11.567325340941581],[122.771805680751271,11.567325485447588],[122.771989115685443,11.56732562983751],[122.772172550622201,11.567325774111348],[122.772355985561347,11.567325918269011],[122.772539420502895,11.56732606231059],[122.772539566525651,11.567145190522021],[122.772356131701784,11.567145046482841],[122.772172696880403,11.567144902327398],[122.772172843136218,11.566964030541316],[122.771989408435005,11.566963886272097],[122.771989554806098,11.566783014486015],[122.771806120225065,11.566782870103021],[122.771806266711536,11.566601998317028],[122.771806413195421,11.566421126528725],[122.77162297885242,11.566420982034353],[122.771623125451598,11.56624011024614],[122.771439691228764,11.566239965637903],[122.771439837943319,11.566059093849779],[122.771256403840653,11.566058949127767],[122.771256550670486,11.565878077339642],[122.771073116688086,11.565877932503943],[122.771073263633212,11.565697060715907],[122.771073410575838,11.565516188925651],[122.770889976831299,11.565516043978485],[122.770706543089318,11.565515898915146],[122.77070669026493,11.565335027127288],[122.770523256643116,11.565334881950262],[122.770523403934007,11.565154010162404],[122.770339970432374,11.565153864871602],[122.770156536933229,11.565153719464716],[122.770156389406793,11.565334591247867],[122.770156241877871,11.565515463028708],[122.770156094346561,11.565696334807329],[122.770339528198932,11.565696480221233],[122.770339380782801,11.565877351999942],[122.770339233364282,11.566058223776343],[122.770339085943277,11.566239095550523],[122.770338938519785,11.566419967322483],[122.77015550419641,11.566419821899254],[122.769972069875521,11.566419676359851],[122.769971922214083,11.566600548124883],[122.769788487777902,11.566600402467087],[122.769605053344122,11.566600256693205],[122.769421618912844,11.566600110803149],[122.769421766927508,11.566419239045134],[122.769238332616482,11.566419093041391],[122.769054898307928,11.566418946921564],[122.768871464001876,11.566418800685563],[122.768688029698225,11.566418654333477],[122.768687881212557,11.566599526082078],[122.768504446793699,11.566599379611509],[122.768321012377243,11.566599233024943],[122.768320863653628,11.566780104766528],[122.768137429121978,11.566779958061391],[122.768137280278111,11.566960829798445],[122.768137131431658,11.56714170153319],[122.767953696667036,11.56714155470735],[122.767953547700415,11.567322426437476],[122.767770112820429,11.567322279493064],[122.767769963733542,11.567503151218661],[122.767586528738349,11.567503004155766],[122.767586379531224,11.567683875876655],[122.767586230321598,11.567864747595324],[122.767402795093346,11.567864600411637],[122.767402645763468,11.568045472125688],[122.767219210419924,11.568045324823517],[122.767035775078881,11.568045177405262],[122.766852339740396,11.568045029870833],[122.766852489423513,11.567864158163799],[122.766852639104229,11.567683286454633],[122.766852788782359,11.567502414743158],[122.766669353799685,11.56750226709975],[122.766485918819413,11.567502119340167],[122.766485768905738,11.567682991046935],[122.766302333810273,11.567682843168869],[122.766302183776233,11.56786371487093],[122.766485618989563,11.567863862751393],[122.76648546907083,11.568044734453631],[122.766485319149595,11.568225606153559],[122.766668754600957,11.568225753922556],[122.766668604794916,11.568406625622663],[122.766668454986487,11.568587497320459],[122.766851890675795,11.568587644978168],[122.766851740982645,11.568768516676053],[122.766851591287008,11.568949388371719],[122.766851441588798,11.569130260065164],[122.766851291888102,11.569311131756299],[122.766851142185018,11.569492003445214],[122.766667705906755,11.569491855775693],[122.76666755608332,11.56967272745999],[122.766667406257298,11.569853599142066],[122.766667256428875,11.570034470821833],[122.766483819799788,11.570034323029033],[122.766483669851027,11.570215194704181],[122.766483519899779,11.570396066377109],[122.766666956764411,11.570396214174616],[122.766666806928441,11.570577085847633],[122.766666657089985,11.570757957518341],[122.766666507248956,11.570938829186828],[122.766849944469485,11.570938976875267],[122.766849794743834,11.571119848543931],[122.766849645015597,11.571300720210287],[122.766666207559538,11.571300572517051],[122.76666605771095,11.571481444178788],[122.766665907860073,11.571662315838305],[122.766482470170757,11.571662168024188],[122.766482320199529,11.571843039678997],[122.766298882394935,11.571842891746398],[122.766298732303355,11.572023763396588],[122.766115294383482,11.572023615345417],[122.76611514417155,11.572204486990989],[122.76593170613647,11.572204338821246],[122.765748268103792,11.572204190535418],[122.765748117653743,11.572385062173973],[122.765564679505871,11.572384913769573],[122.765381241360402,11.572384765249],[122.765197803217504,11.572384616612252],[122.765197954021048,11.572203744980802],[122.765014515998502,11.572203596230279],[122.764831077978442,11.572203447363583],[122.764647639960955,11.572203298380801],[122.764647488804002,11.572384170005057],[122.764464050671137,11.572384020903614],[122.764463899393917,11.572564892523252],[122.764280461145773,11.572564743303237],[122.764097022900287,11.572564593967138],[122.764097174413138,11.572383722352297],[122.763913736287918,11.572383572902423],[122.763730298165271,11.572383423336374],[122.763730146416705,11.572564294946419],[122.763546708178765,11.572564145261799],[122.763363269943326,11.572563995461005],[122.763363421927437,11.572383123855756],[122.763179983812421,11.572382973941187],[122.763180135911824,11.572202102336115],[122.762996697917075,11.572201952307859],[122.762996850131856,11.572021080702877],[122.763180288008741,11.572021230728824],[122.763180440103071,11.571840359119223],[122.763363877864677,11.571840509026599],[122.763547315628855,11.5718406588178],[122.763547467485068,11.571659787201094],[122.763730905134054,11.571659936873724],[122.76373105686983,11.571479065252488],[122.763547619338809,11.571478915582256],[122.763547771189863,11.571298043961109],[122.763547923038445,11.571117172337653],[122.763364485745541,11.571117022556132],[122.763364637709401,11.570936150932853],[122.76354807488454,11.570936300711976],[122.763548226728048,11.570755429084079],[122.763548378568998,11.570574557453961],[122.763364941629405,11.570574407679546],[122.76336509358562,11.570393536049517],[122.763365245539362,11.570212664417268],[122.763365397490531,11.570031792782709],[122.763365549439115,11.56985092114593],[122.763365701385212,11.569670049506842],[122.763365853328821,11.569489177865622],[122.763366005269773,11.569308306222004],[122.763182569157252,11.569308156348379],[122.762999133047217,11.569308006358581],[122.762998980870634,11.569488877997314],[122.762998828691565,11.569669749633826],[122.762998676509923,11.56985062126803],[122.763182112973269,11.569850771265022],[122.76318196090682,11.570031642899403],[122.763181808837885,11.570212514531564],[122.763181656766378,11.570393386161504],[122.763181504692383,11.570574257789046],[122.763181352615803,11.570755129414456],[122.763181200536749,11.570936001037557],[122.76299776336667,11.570935851026087],[122.762997611167179,11.57111672264457],[122.762814173881807,11.571116572514528],[122.762630736599021,11.571116422268313],[122.762447299318723,11.571116271906012],[122.762447451871537,11.570935400294813],[122.762264014711675,11.570935249818737],[122.7620805775543,11.570935099226576],[122.762080424765855,11.57111597083289],[122.761896987493287,11.571115820122158],[122.761896834584491,11.571296691723854],[122.76171339719663,11.571296540894549],[122.761529959811355,11.571296389948982],[122.761529806664342,11.571477261543661],[122.761529653514856,11.571658133135942],[122.761346215896509,11.571657982069494],[122.761346062626586,11.571838853657157],[122.761345909354162,11.572019725242511],[122.761162471502772,11.572019574055004],[122.761162318109996,11.572200445635739],[122.760978880143313,11.57220029432966],[122.760978726630199,11.572381165905687],[122.760795288548238,11.572381014481037],[122.760795134914687,11.572561886052357],[122.760611696717518,11.572561734509135],[122.760611542963616,11.572742606075748],[122.760428104651254,11.572742454413865],[122.760427950776929,11.572923325975859],[122.760244512349274,11.572923174195404],[122.760244358354598,11.573104045752691],[122.760060919811664,11.573103893853576],[122.759877481271388,11.573103741838286],[122.75987732703841,11.573284613388468],[122.759693888382856,11.573284461254518],[122.759693734029526,11.573465332799993],[122.759510295258778,11.57346518054756],[122.759510140785011,11.573646052088327],[122.759326701898971,11.573645899717144],[122.759326547304852,11.573826771253204],[122.759143108303533,11.57382661876345],[122.759142953588977,11.574007490294802],[122.758959514472465,11.574007337686476],[122.758959359637473,11.574188209213121],[122.758775920405668,11.574188056486134],[122.758775765450324,11.574368928008072],[122.758592326103241,11.574368775162425],[122.758592171027459,11.574549646679655],[122.75859201594912,11.574730518194665],[122.758408576368964,11.57473036522787],[122.758408421170174,11.574911236738172],[122.75822498147474,11.574911083652806],[122.758041541781978,11.574910930451265],[122.758041386344885,11.575091801954285],[122.75785794653693,11.575091648634084],[122.757857790979401,11.575272520132485],[122.757857635419299,11.575453391628665],[122.757674195378101,11.575453238187317],[122.757674039697562,11.575634109678701],[122.757673884014366,11.575814981167865],[122.757673728328683,11.575995852654719],[122.757490287936562,11.575995699089825],[122.757490132130343,11.576176570571972],[122.757306691623029,11.576176416888417],[122.757306535696387,11.576357288365857],[122.75712309507378,11.576357134563642],[122.757122939026686,11.576538006036374],[122.756939498288887,11.576537852115409],[122.756756057553673,11.576537698078271],[122.756572616821018,11.576537543924958],[122.756572460417686,11.57671841538801],[122.756389019569838,11.576718261115948],[122.75638886304607,11.576899132574292],[122.756205422083028,11.57689897818357],[122.756021981122558,11.576898823676673],[122.755838540164675,11.576898669053515],[122.75583838328474,11.577079540502178],[122.755654942211564,11.577079385760269],[122.755471501141045,11.577079230902276],[122.755288060073198,11.577079075928021],[122.755104619008023,11.577078920837591],[122.755104461653886,11.577259792273997],[122.754921020473418,11.577259637064818],[122.754737579295622,11.577259481739466],[122.754554138120398,11.577259326297851],[122.754370696947831,11.577259170740062],[122.754187255777836,11.57725901506601],[122.754003814610513,11.577258859275785],[122.753820373445862,11.577258703369298],[122.753820215264128,11.577439574785986],[122.753636773984269,11.577439418760838],[122.753453332706997,11.577439262619427],[122.753269891432382,11.577439106361842],[122.753086450160424,11.577438949988084],[122.752903008891053,11.577438793497974],[122.752719567624425,11.577438636891779],[122.752719726513419,11.577257765490101],[122.752536285367242,11.577257608770131],[122.752352844223807,11.577257451933987],[122.752352685099098,11.577438323330602],[122.75216924384037,11.577438166375709],[122.752169403082945,11.57725729498158],[122.751985961944754,11.577257137913],[122.751802520809235,11.577256980728157],[122.751619079676374,11.57725682342714],[122.751619239269871,11.57707595203834],[122.751435798257617,11.577075794623548],[122.751252357247949,11.577075637092671],[122.751068916240939,11.577075479445531],[122.750885475236601,11.577075321682129],[122.750702034235005,11.577075163802553],[122.750518593235995,11.577075005806803],[122.750335152239742,11.57707484769479],[122.750151711246048,11.577074689466604],[122.750151550709674,11.577255560835154],[122.750151390170615,11.577436432201482],[122.749967948943961,11.577436273851971],[122.749968109600871,11.577255402488218],[122.749968270255124,11.577074531122156],[122.749968430906705,11.576893659753873],[122.749968591555714,11.57671278838337],[122.749968752201866,11.576531917010557],[122.749968912845461,11.576351045635525],[122.749969073486298,11.576170174258182],[122.749969234124464,11.57598930287862],[122.749969394759972,11.575808431496837],[122.749969555392809,11.575627560112745],[122.749969716022989,11.575446688726432],[122.749969876650411,11.57526581733781],[122.749970037275162,11.575084945946967],[122.749970197897255,11.574904074553816],[122.749970358516691,11.574723203158443],[122.749970519133356,11.574542331760851],[122.749970679747463,11.574361460360949],[122.749970840358813,11.574180588958827],[122.749971000967491,11.573999717554395],[122.75015443995504,11.573999875855678],[122.75033787894526,11.574000034040699],[122.750338039315565,11.573819162628984],[122.750154600443196,11.573819004446451],[122.750154760928694,11.573638133035002],[122.750154921411522,11.573457261621334],[122.750338360048246,11.573457419798805],[122.750338199683284,11.573638291215049],[122.750521638440532,11.573638449278834],[122.75070507720045,11.573638607226444],[122.750704917068447,11.573819478645531],[122.750888355948803,11.573819636479454],[122.750888195931907,11.574000507898807],[122.750888035912453,11.574181379315851],[122.751071475031182,11.574181537038752],[122.751254914152597,11.574181694645391],[122.751438353276754,11.574181852135945],[122.751438512942713,11.574000980711263],[122.751621951951677,11.574001138083068],[122.751622111497213,11.573820266653589],[122.751622271040077,11.57363939522198],[122.751622430580284,11.573458523787972],[122.751622590117819,11.573277652351743],[122.751622749652697,11.573096780913295],[122.751622909184903,11.572915909472536],[122.751623068714451,11.572735038029558],[122.751806506901318,11.572735195267514],[122.751806666310415,11.572554323819739],[122.751990104382088,11.572554480939035],[122.751990263670663,11.572373609486464],[122.751990422956581,11.572192738031672],[122.752173860795281,11.572192895029731],[122.752174019960762,11.572012023570233],[122.751990582239841,11.572011866574661],[122.75199074152043,11.57183099511534],[122.751807303920032,11.57183083800617],[122.751623866322291,11.571830680780826],[122.751624025835852,11.571649809324347],[122.751440588358562,11.571649651985316],[122.75125715088393,11.571649494530201],[122.75125731063045,11.571468623076475],[122.751073873276255,11.571468465507762],[122.751074033137897,11.571287594054303],[122.751074192996867,11.571106722598534],[122.751074352853166,11.570925851140634],[122.751257789853952,11.570926008701798],[122.751257949589743,11.570745137239014],[122.751258109322947,11.570564265774008],[122.751074672557792,11.570564108217907],[122.751074832406005,11.570383236753168],[122.75107499225166,11.570202365286208],[122.751075152094643,11.57002149381694],[122.751075311934869,11.569840622345451],[122.750891875643561,11.569840464683301],[122.750892035598895,11.569659593212078],[122.750892195551657,11.569478721738635],[122.750708759498551,11.569478563965374],[122.750525323448116,11.569478406076028],[122.750525163259809,11.569659277544408],[122.750341727094266,11.569659119536402],[122.750341566785522,11.569839991000075],[122.750341406474107,11.570020862461439],[122.750157970075691,11.570020704332196],[122.750157809643753,11.570201575788763],[122.749974373130215,11.57020141754086],[122.749974533679918,11.570020546086868],[122.749791097286831,11.570020387725366],[122.749607660896487,11.570020229247691],[122.749424224508715,11.57002007065393],[122.749424385409071,11.569839199205267],[122.749240949141836,11.569839040497909],[122.7492411101573,11.569658169049513],[122.749241271170106,11.569477297598896],[122.749241432180156,11.56929642614597],[122.749241593187534,11.569115554690823],[122.749058157394046,11.569115395877505],[122.748874721603315,11.569115236948102],[122.74887488284358,11.568934365495798],[122.748875044081089,11.568753494041273],[122.748875205316025,11.568572622584439],[122.749058640753447,11.568572781506292],[122.749058801867861,11.568391910044662],[122.74924223719016,11.568392068847766],[122.749425672515144,11.568392227534785],[122.749425511636275,11.568573099001478],[122.749425350754748,11.56875397046595],[122.749608786318021,11.568754129041858],[122.749608947081768,11.568573257574899],[122.749792382529932,11.568573416032235],[122.749792221883951,11.568754287501681],[122.749975657452552,11.568754445845419],[122.75015909302391,11.568754604072984],[122.750158932610717,11.568935475545361],[122.750342368302512,11.568935633659416],[122.750342528597841,11.568754762184463],[122.750525964174528,11.568754920179858],[122.75052612434942,11.568574048700109],[122.750526284521655,11.568393177218139],[122.750526444691218,11.568212305733949],[122.750709879917252,11.56821246360562],[122.750710039966378,11.568031592116546],[122.750893475077305,11.568031749869556],[122.750893635005909,11.567850878375774],[122.751077070001813,11.567851036010035],[122.751077229810065,11.567670164511457],[122.750893794931926,11.567670006879682],[122.7508939548553,11.567489135381459],[122.750710520097684,11.567488977636087],[122.750710680136066,11.567308106138041],[122.750527245498816,11.567307948279071],[122.750343810864308,11.567307790304104],[122.750343971135578,11.567126918808901],[122.750160536621507,11.567126760720248],[122.750160697007786,11.566945889225311],[122.749977262614152,11.566945731023148],[122.749977423115553,11.566764859528478],[122.749793988842356,11.566764701212717],[122.74979382822319,11.566945572704812],[122.749793667601281,11.567126444194686],[122.749610233095197,11.56712628575769],[122.749610072352937,11.567307157242768],[122.749426637731844,11.567306998687199],[122.749426476869147,11.567487870167392],[122.749243042132946,11.567487711493163],[122.749059607399403,11.56748755270276],[122.748876172668531,11.567487393796272],[122.748692737940416,11.567487234773699],[122.748692576604057,11.567668106241458],[122.74850914176082,11.567667947100135],[122.748509303215059,11.567487075634952],[122.748509464666526,11.56730620416746],[122.748692899274204,11.567306363303631],[122.748693060605248,11.567125491831343],[122.748693221933621,11.566944620356745],[122.748693383259322,11.566763748879927],[122.748693544582281,11.566582877400888],[122.748693705902568,11.566402005919629],[122.748693867220197,11.566221134435972],[122.74869402853507,11.566040262950184],[122.748694189847285,11.565859391462086],[122.748694351156729,11.565678519971767],[122.74869451246353,11.565497648479139],[122.74887794589641,11.565497807473735],[122.748878107082859,11.565316935976311],[122.748878268266452,11.565136064476667],[122.749061701466644,11.565136223349937],[122.749061862529885,11.564955351845496],[122.749062023590383,11.564774480338746],[122.749245456557787,11.564774639090958],[122.749245617497934,11.564593767579412],[122.749429050350216,11.564593926212963],[122.749612483205254,11.56459408473034],[122.749612643907199,11.564413213211511],[122.749796076647215,11.564413371610316],[122.749979509389817,11.564413529893036],[122.750162942135162,11.564413688059672],[122.750346374883179,11.564413846110222],[122.750529807633853,11.564414004044687],[122.750529967744441,11.564233132510848],[122.750346535111532,11.56423297457887],[122.75016310248121,11.564232816530895],[122.750163262824771,11.564051944999898],[122.749979830314871,11.564051786838325],[122.749796397807742,11.564051628560668],[122.749612965303172,11.564051470167014],[122.749429532801358,11.564051311657186],[122.749429371986977,11.564232183178058],[122.749245939370155,11.56423202454957],[122.74906250675599,11.564231865805086],[122.749062667805731,11.564050994289365],[122.749062828852914,11.563870122771336],[122.74906298989724,11.563689251251086],[122.748879557638972,11.563689092398244],[122.74887971879842,11.56350822087826],[122.748879879955098,11.563327349356056],[122.748880041109217,11.563146477831632],[122.748696609206746,11.563146318870254],[122.748513177306947,11.563146159792881],[122.74832974540989,11.563146000599334],[122.748146313515505,11.56314584128979],[122.748146475137688,11.562964969773359],[122.748146636757212,11.56278409825453],[122.747963205100945,11.562783938834054],[122.747963366835393,11.562603067315669],[122.747963528567269,11.562422195794975],[122.747780097149118,11.562422036263476],[122.747596665733639,11.56242187661598],[122.747596827698132,11.562241005098217],[122.74741339640309,11.562240845337213],[122.747413558482677,11.562059973819716],[122.747230127307986,11.562059813945202],[122.747046696136053,11.562059653954604],[122.747046533821177,11.562240525467038],[122.746863102534306,11.562240365357868],[122.746679671250092,11.562240205132612],[122.746679508697099,11.562421076637586],[122.746679346141363,11.562601948140339],[122.746495914624447,11.562601787793847],[122.746495751948359,11.562782659291804],[122.74631232031642,11.562782498826651],[122.746312157519895,11.562963370319723],[122.746128725773033,11.562963209735999],[122.745945294028843,11.562963049036279],[122.745761862287495,11.562962888220385],[122.745761699134974,11.56314375970342],[122.745578267278603,11.563143598768955],[122.745578104005745,11.563324470247194],[122.745761535979796,11.563324631184235],[122.745944967956689,11.563324792005281],[122.746128399936254,11.563324952710241],[122.746128562855972,11.563144081224275],[122.746311994720514,11.563144241810575],[122.746311831918476,11.563325113299117],[122.74631166911378,11.563505984785438],[122.746128237013778,11.563505824193987],[122.745944804916448,11.563505663486451],[122.74576137282196,11.56350550266283],[122.745577940730129,11.563505341723124],[122.745577777451842,11.563686213196833],[122.745394345245003,11.563686052138555],[122.745210913040907,11.563685890964104],[122.745210749524418,11.563866762430353],[122.745027317205398,11.563866601137329],[122.744843884889036,11.563866439728132],[122.744660452575431,11.563866278202939],[122.744477020264583,11.563866116561661],[122.744476856274517,11.564046988015297],[122.744293423848646,11.564046826255359],[122.744109991425532,11.564046664379246],[122.743926559005246,11.564046502387137],[122.743743126587646,11.564046340278944],[122.743742962123903,11.564227211719968],[122.74355952959128,11.564227049493025],[122.743559694172788,11.564046178054666],[122.743376261760673,11.564046015714302],[122.743376426457118,11.563865144276209],[122.74319299416554,11.563864981822336],[122.743193158976894,11.563684110384687],[122.743009726805752,11.563683947817394],[122.742826294637368,11.563683785134016],[122.74264286247174,11.563683622334553],[122.742459430308855,11.563683459419005],[122.742459595588372,11.563502587989527],[122.742276163546023,11.563502424960559],[122.742092731506332,11.563502261815506],[122.741909299469484,11.563502098554368],[122.741725867435392,11.563501935177145],[122.741726033182985,11.563321063755927],[122.741542601269416,11.563320900265284],[122.741359169358503,11.563320736658556],[122.741359335338799,11.563139865240268],[122.741175903548424,11.56313970152012],[122.741176069643643,11.562958830102188],[122.74099263797379,11.562958666268619],[122.740992804183861,11.562777794851042],[122.740992970391261,11.562596923431334],[122.740809538959624,11.562596759486921],[122.740809705281862,11.562415888067568],[122.740626273970662,11.562415724009734],[122.740626440407922,11.562234852590647],[122.740626606842341,11.562053981169429],[122.740443175769343,11.56205381700075],[122.740443342318699,11.561872945579887],[122.740443508865212,11.561692074156715],[122.740443675409054,11.561511202731323],[122.740443841950054,11.56133033130371],[122.740444008488225,11.561149459873787],[122.740444175023626,11.560968588441645],[122.740260744659579,11.560968424172779],[122.740260911309917,11.560787552740992],[122.740261077957499,11.560606681306984],[122.740261244602237,11.560425809870667],[122.740077814593988,11.56042564549371],[122.740077981353664,11.560244774057837],[122.740078148110584,11.560063902619655],[122.739894718340452,11.560063738131943],[122.739711288573162,11.560063573528145],[122.739527858808728,11.560063408808352],[122.739527691698754,11.56024428023863],[122.739527524586123,11.560425151666598],[122.739344094589057,11.560424986825479],[122.739344261819383,11.560244115400087],[122.73916083194284,11.560243950445637],[122.738977402069068,11.560243785375013],[122.738977569531997,11.560062913952818],[122.738794139778662,11.560062748768862],[122.738610710028155,11.560062583468822],[122.738610877723616,11.559881712049647],[122.738427448093645,11.559881546636275],[122.73842761590403,11.559700675217455],[122.738244186394496,11.559700509690751],[122.738244354319718,11.559519638272286],[122.738060924930622,11.559519472632163],[122.738061092970696,11.559338601214231],[122.737877663702122,11.559338435460687],[122.73769423443639,11.559338269591235],[122.7375108051734,11.559338103605699],[122.737327375913267,11.559337937504077],[122.737327207402458,11.55951880891144],[122.737327038888907,11.559699680316582],[122.737326870372414,11.559880551719415],[122.737326701853263,11.560061423119938],[122.737326533331171,11.56024229451833],[122.737326364806336,11.560423165914413],[122.737142934842936,11.560422999680808],[122.737142766197579,11.560603871071917],[122.737142597549365,11.560784742460806],[122.736959167353447,11.560784576105787],[122.736958998584711,11.56096544748979],[122.736775568273956,11.560965281016111],[122.736775399384697,11.561146152395141],[122.73659196895909,11.561145985802712],[122.736591799949309,11.561326857176768],[122.736775230492682,11.56132702377195],[122.736775061597825,11.56150789514645],[122.736591630936772,11.561507728548692],[122.736591461921392,11.561688599918218],[122.736591292903256,11.561869471285613],[122.736591123882192,11.562050342650698],[122.7367745548964,11.562050509256538],[122.736774385990174,11.562231380622068],[122.73677421708129,11.562412251985288],[122.736590785831723,11.562412085374119],[122.736590616802218,11.562592956732454],[122.736590447769871,11.562773828088568],[122.736590278734781,11.562954699442374],[122.736773710337388,11.562954866061537],[122.736773541417136,11.563135737415786],[122.736956973140366,11.563135903921617],[122.736956804334952,11.563316775276222],[122.737140236178718,11.563316941668633],[122.737323668025226,11.563317107944959],[122.737323499452515,11.563497979302761],[122.737323330876961,11.563678850658254],[122.737506762961686,11.563679016823825],[122.737506594501056,11.563859888179762],[122.737506426037513,11.564040759533389],[122.737689858360611,11.564040925588204],[122.73768969001199,11.564221796942276],[122.737689521660613,11.564402668294127],[122.737689353306394,11.564583539643669],[122.737505920630142,11.564583373580772],[122.7375057521554,11.56476424492543],[122.73732231936431,11.564764078743783],[122.737138886575977,11.564763912446141],[122.736955453790486,11.564763746032325],[122.736772021007823,11.564763579502513],[122.736772189953484,11.564582708168514],[122.736588757291358,11.564582541525281],[122.736588926351857,11.564401670191726],[122.736405493810352,11.564401503435073],[122.73640566298586,11.564220632101962],[122.736222230564792,11.564220465231889],[122.736222399855151,11.564039593899222],[122.736222569142669,11.563858722564246],[122.736039136959974,11.563858555583417],[122.73585570478005,11.563858388486592],[122.735855535257073,11.56403925981615],[122.735672102962212,11.564039092600487],[122.735488670670279,11.564038925268827],[122.735488500909,11.564219796590747],[122.735305068502143,11.564219629140249],[122.735121636098114,11.564219461573755],[122.734938203696942,11.564219293891087],[122.734938373811431,11.56403842257725],[122.734754941530781,11.564038254781162],[122.734571509252973,11.564038086869077],[122.734388076978092,11.564037918840908],[122.734204644706054,11.564037750696654],[122.734204815288535,11.563856879391343],[122.734021383136934,11.563856711133669],[122.734021553834253,11.563675839828802],[122.733838121803359,11.563675671457796],[122.733654689775307,11.563675502970705],[122.733654860705244,11.563494631669036],[122.733471428797714,11.563494463068524],[122.733287996893111,11.563494294352017],[122.733288168055566,11.563313423053456],[122.7331047362715,11.563313254223617],[122.732921304490262,11.563313085277604],[122.73273787271188,11.563312916215596],[122.732737701196271,11.563493787506074],[122.732554269303137,11.563493618325227],[122.732370837412745,11.563493449028384],[122.732370665658848,11.563674320311135],[122.732187233653704,11.563674150895453],[122.732003801651402,11.563673981363687],[122.732003973640758,11.563493110086442],[122.732004145627272,11.563312238806889],[122.732004317610858,11.563131367525026],[122.732004489591603,11.562950496240942],[122.732187921122986,11.562950665761784],[122.732188092983108,11.562769794472727],[122.732371524399753,11.562769963874819],[122.732371696139253,11.562589092580788],[122.732555127441046,11.562589261864131],[122.732555299060039,11.562408390565126],[122.732555470676175,11.562227519263901],[122.732738901745364,11.562227688425653],[122.732739073240978,11.562046817119453],[122.732739244733665,11.561865945810945],[122.732739416223424,11.561685074500216],[122.732739587710427,11.561504203187267],[122.732923018311709,11.561504372222098],[122.73292318967809,11.561323500904175],[122.732923361041642,11.561142629583943],[122.733106791410407,11.561142798497359],[122.733106962653423,11.560961927172153],[122.733290392907335,11.56096209596682],[122.733290564029744,11.56078122463664],[122.733290735149311,11.56060035330424],[122.73329090626612,11.560419481969619],[122.733474336169834,11.56041965064003],[122.733474507166022,11.560238779300436],[122.733474678159283,11.560057907958621],[122.733658107830564,11.560058076507618],[122.733658278703302,11.55987720516074],[122.733841708259817,11.559877373590988],[122.733841879012033,11.559696502239225],[122.73402530845371,11.559696670550723],[122.734025479085403,11.559515799193987],[122.734208908412242,11.559515967386824],[122.734209078923399,11.559335096025114],[122.7343925081354,11.559335264099113],[122.734392678526035,11.559154392732518],[122.734576107623184,11.559154560687857],[122.734576277893382,11.558973689316199],[122.734759706875707,11.558973857152788],[122.73494313586086,11.558974024873381],[122.73512656484894,11.558974192477978],[122.735309993839792,11.55897435996649],[122.735493422833557,11.558974527339005],[122.735676851830078,11.558974694595436],[122.735860280829456,11.55897486173596],[122.735860111382948,11.559155733126358],[122.736043540502848,11.559155900153462],[122.736043371171277,11.559336771544393],[122.7362268004116,11.559336938458165],[122.736226969625577,11.559156067064569],[122.736410398751161,11.559156233859591],[122.736410567844601,11.55897536246111],[122.736593996855348,11.558975529137472],[122.736594165828265,11.558794657734106],[122.73659433479844,11.558613786328431],[122.736594503765858,11.558432914920447],[122.736777932426378,11.558433081472819],[122.736778101273188,11.558252210059949],[122.736778270117242,11.558071338644771],[122.736594841691982,11.558071172097817],[122.736595010650873,11.557890300683171],[122.73641158234615,11.557890134022886],[122.736411751419894,11.557709262608595],[122.736411920490781,11.557528391192085],[122.73622849242409,11.557528224421132],[122.736228661609815,11.557347353005065],[122.73604523366366,11.557347186120781],[122.736045402964223,11.55716631470507],[122.735861975138505,11.557166147707543],[122.73586214455382,11.556985276292275],[122.73567871684871,11.556985109181328],[122.735678886378793,11.556804237766505],[122.735679055906118,11.556623366349461],[122.73549562843904,11.556623199127936],[122.735495458794119,11.556804070542315],[122.735312031212274,11.55680390320204],[122.7351286036332,11.556803735745769],[122.735128433750162,11.55698460715251],[122.734945006056321,11.556984439577578],[122.734945176057053,11.55680356817359],[122.734761748483649,11.556803400485327],[122.734761578365337,11.55698427188665],[122.73457815067718,11.556984104079726],[122.734394722991965,11.556983936156717],[122.734211295309493,11.556983768117801],[122.734211124835284,11.557164639508821],[122.734027697038073,11.557164471351156],[122.73384426924369,11.557164303077494],[122.733660841452163,11.557164134687747],[122.733660670622228,11.557345006068465],[122.73347724271585,11.557344837560057],[122.733477413663465,11.557163966182094],[122.733477584608153,11.556983094801909],[122.733294156939976,11.556982926182924],[122.733293985877708,11.557163797560444],[122.733110558094694,11.557163628822709],[122.733110386911804,11.557344500195255],[122.732926959014051,11.55734433133877],[122.732926787710724,11.557525202706342],[122.732743359698119,11.557525033731197],[122.732559931688456,11.557524864640056],[122.732376503681706,11.557524695432919],[122.732376332022497,11.557705566790011],[122.732192903900909,11.557705397464124],[122.732009475782263,11.557705228022241],[122.73182604766636,11.557705058464274],[122.731825875651339,11.557885929811063],[122.731642447420782,11.557885760134345],[122.731459019193068,11.557885590341721],[122.73145884693983,11.558066461680694],[122.731275418597363,11.55806629176932],[122.731091990257639,11.558066121741861],[122.730908561920941,11.558065951598406],[122.730725133587086,11.558065781338955],[122.730725306310873,11.557884910010907],[122.73054187809764,11.557884739638125],[122.730541705256073,11.558065610963508],[122.730358276927987,11.558065440471976],[122.730174848602843,11.558065269864448],[122.729991420280527,11.558065099140924],[122.729861142256951,11.558064977803962],[122.730155673951757,11.559700225354772],[122.730539922316169,11.561434915729722],[122.730992946579633,11.563153392890028],[122.731514049393866,11.564853006779776],[122.732102428386156,11.566531136384144],[122.732757177389388,11.568185193772866],[122.733477287832855,11.569812628092922],[122.734261650290975,11.571410929504321],[122.735109056188236,11.57297763305287],[122.735600467323025,11.573806083867582],[122.735662938154633,11.573806140902532],[122.735846376809207,11.573806308263146],[122.736029815466708,11.573806475507675],[122.73621325412698,11.573806642635942],[122.736213084683854,11.573987513846751],[122.73639652346472,11.573987680861508],[122.736396354136616,11.57416855207285],[122.736579793038203,11.574168718974098],[122.736763231942618,11.574168885759173],[122.736763062847302,11.574349756973534],[122.736946501872339,11.574349923645189],[122.736946332892046,11.574530794859905],[122.73712977203779,11.57453096141805],[122.737313211186361,11.574531127859933],[122.737313042438956,11.574711999077758],[122.737312873688694,11.574892870293363],[122.737129434304393,11.574892703846151],[122.737129603172505,11.574711832633211],[122.736946163908996,11.57471166607249],[122.73676272464823,11.574711499395507],[122.736762555544487,11.574892370603118],[122.736579116168699,11.574892203807297],[122.73657928539032,11.574711332602439],[122.736395846135238,11.574711165693108],[122.736396015471882,11.574530294488605],[122.736212576337422,11.574530127465765],[122.736030924335878,11.574529961955168],[122.736987679548179,11.576006633921555],[122.738016001583532,11.577464259616306],[122.739101580659906,11.578880951407674],[122.740242743288462,11.580254524244063],[122.74143773017272,11.581582859545811],[122.742684698919618,11.582863908475789],[122.743981726878943,11.584095695102553],[122.745326814107585,11.585276319451065],[122.746717886453183,11.586403960436394],[122.748152798753097,11.587476878675687],[122.749629338143606,11.58849341917418],[122.751145227473828,11.589452013881026],[122.752698128819745,11.590351184110958],[122.754285647092317,11.591189542828074],[122.755905333734418,11.591965796788161],[122.757554690500754,11.592678748536246],[122.759231173314944,11.593327298256288],[122.760932196197857,11.59391044547011],[122.762655135260886,11.594427290582937],[122.764397332758335,11.594877036273164],[122.766156101192138,11.595258988724156],[122.767928727462973,11.595572558696212],[122.769712477061304,11.595817262436963],[122.771504598291287,11.595992722428864],[122.773302326521872,11.596098667972546],[122.775102888457667,11.596134935605187],[122.77690350642348,11.596101469353183],[122.7787014026555,11.595998320818779],[122.780493803592933,11.59582564910051],[122.782277944162658,11.595583720547546],[122.784051072051227,11.595272908348377],[122.785810451956564,11.594893691954422],[122.787553369813622,11.594446656339477],[122.78927713698684,11.593932491096185],[122.790979094423136,11.59335198937087],[122.792656616759004,11.592706046638419],[122.794307116375279,11.591995659319148],[122.795928047393119,11.591221923239731],[122.797516909605505,11.590386031940657],[122.799071252337512,11.589489274832751],[122.800588678229786,11.588533035205728],[122.80206684693924,11.58751878809179],[122.803503478751423,11.586448097987619],[122.80489635809846,11.585322616438294],[122.806243336977815,11.584144079486871],[122.807542338265932,11.582914304993597],[122.808791358922178,11.581635189828923],[122.809988473077865,11.580308706944628],[122.811131835005384,11.578936902327666],[122.812219681963484,11.577521891841368],[122.813250336913654,11.576065857958989],[122.814222211103896,11.574571046394587],[122.815133806515576,11.573039762636485],[122.815983718170003,11.571474368388698],[122.816770636290698,11.569877277925807],[122.817493348318635,11.568250954366928],[122.818150740776531,11.566597905874559],[122.818741800980618,11.564920681784169],[122.819265618595679,11.563221868670523],[122.819721387032658,11.56150408635683],[122.820108404685186,11.559769983872856],[122.820426076004622,11.558022235368297],[122.820673912410513,11.556263535987672],[122.820851533036489,11.554496597713149],[122.820958665309533,11.552724145181687],[122.820995145362247,11.550948911483001],[122.820960918277223,11.549173633944758],[122.820856038163726,11.54740104991159],[122.820680668065876,11.545633892524364],[122.820435079703103,11.543874886506272],[122.82011965304315,11.542126743962182],[122.819734875708264,11.540392160197756],[122.819643894716279,11.540047450826401],[122.819516315754555,11.540047371585116]],[[122.815659583639018,11.54764160045203],[122.815659465502947,11.547822472975566],[122.815476042748713,11.54782235642311],[122.815476161002294,11.547641483901439],[122.815659583639018,11.54764160045203]],[[122.792907491435699,11.558116852578992],[122.792724062238435,11.558116721533418],[122.792724195194481,11.557935849386913],[122.792907624274051,11.557935980430445],[122.792907491435699,11.558116852578992]],[[122.79235747023111,11.557754714807311],[122.792540899188552,11.557754846080792],[122.792540766117142,11.557935718227386],[122.792357337042006,11.557935586951773],[122.792173907969101,11.557935455560253],[122.7921740412758,11.557754583417834],[122.79235747023111,11.557754714807311]],[[122.736403801900181,11.566210216642014],[122.73640363269358,11.566391087950345],[122.736587066530234,11.566391254736486],[122.73677050036973,11.566391421406541],[122.736770331395917,11.566572292717892],[122.736586897438642,11.566572126045171],[122.736403463484223,11.566571959256366],[122.736220029532632,11.566571792351477],[122.736220198859769,11.56639092104812],[122.7360367650288,11.566390754029809],[122.73603693447086,11.566209882726808],[122.736037103910078,11.566029011421675],[122.736220537505588,11.566029178434656],[122.73640397110394,11.566029345331463],[122.736403801900181,11.566210216642014]],[[122.738235114262736,11.569467562936753],[122.738235282339573,11.569286691640057],[122.738235450413669,11.56910582034123],[122.738418886044883,11.569105986006223],[122.738419053998356,11.568925114702422],[122.738602489514648,11.568925280248576],[122.738602657347414,11.568744408939891],[122.738786092748768,11.568744574367296],[122.738969528152879,11.568744739678616],[122.739152963559832,11.568744904873762],[122.73915279608029,11.568925776190442],[122.739336231607766,11.568925941272168],[122.739336064243162,11.569106812589203],[122.739519499891259,11.56910697755742],[122.739519332641663,11.569287848874898],[122.739519165389225,11.569468720190157],[122.73951899813413,11.569649591503106],[122.739702434138295,11.569649756363143],[122.739702266998037,11.569830627676447],[122.739702099855108,11.570011498987531],[122.739518663615399,11.570011334122254],[122.739335227378362,11.570011169140804],[122.739151791144252,11.570011004043179],[122.739151623645071,11.570191875344049],[122.738968187295939,11.570191710127675],[122.738784750949563,11.570191544795128],[122.738601314606029,11.570191379346495],[122.738417878265238,11.570191213781689],[122.738234441927304,11.570191048100709],[122.738234610015425,11.570010176813073],[122.738234778100704,11.569829305523216],[122.738234946183141,11.569648434231139],[122.738235114262736,11.569467562936753]],[[122.740796723794872,11.576523852007137],[122.740613283296796,11.576523687743778],[122.740429842801547,11.576523523364246],[122.740246402309069,11.576523358868451],[122.740062961819334,11.576523194256483],[122.74006312882716,11.576342323021338],[122.740246569198945,11.576342487630731],[122.740430009573657,11.576342652123772],[122.740613449951042,11.576342816500729],[122.740796890331254,11.576342980761423],[122.740980330714223,11.576343144905943],[122.741163771099949,11.5763433089342],[122.741163604799297,11.576524180185155],[122.740980164295706,11.576524016154233],[122.740796723794872,11.576523852007137]],[[122.74006279480875,11.576704065489407],[122.739879354204007,11.5767039007586],[122.739695913602006,11.576703735911531],[122.739696080848304,11.576522864683936],[122.739879521332441,11.576523029528341],[122.740062961819334,11.576523194256483],[122.74006279480875,11.576704065489407]],[[122.73877837495445,11.577064652355284],[122.73896181577814,11.57706481778864],[122.73896164805204,11.577245688998827],[122.738778207110499,11.577245523562807],[122.73877837495445,11.577064652355284]],[[122.814196964024887,11.540405762617612],[122.81419708301965,11.540224890016981],[122.814380500824782,11.540225007301563],[122.81438038194743,11.540405879904148],[122.814196964024887,11.540405762617612]],[[122.817130596897599,11.542035478876445],[122.817130714030569,11.541854606265955],[122.817130831161492,11.541673733653246],[122.817314249938022,11.541673849099388],[122.817314366949574,11.541492976482592],[122.817497785610541,11.541493091810962],[122.817497668716499,11.541673964429622],[122.817497551820409,11.541854837046062],[122.817314132924508,11.541854721713962],[122.817314015909048,11.542035594326228],[122.817130596897599,11.542035478876445]],[[122.817130479762682,11.542216351484624],[122.817313898891626,11.542216466936273],[122.817313781872258,11.542397339544097],[122.817130362625804,11.542397224090584],[122.817130245486965,11.542578096694234],[122.816946826125047,11.542577981122948],[122.816946943381296,11.542397108521163],[122.816763524138835,11.542396992835924],[122.816763641510718,11.542216120233695],[122.816947060635769,11.542216235917069],[122.81694717788811,11.542035363310754],[122.817130596897599,11.542035478876445],[122.817130479762682,11.542216351484624]],[[122.816580104898321,11.542396877034777],[122.816579987406982,11.542577749632832],[122.816396568050919,11.542577633714002],[122.816396685659768,11.542396761117812],[122.816580104898321,11.542396877034777]],[[122.816028079324894,11.545109617587679],[122.816027961451454,11.545290490146476],[122.815844540338844,11.545290373851946],[122.815844658329709,11.545109501295103],[122.816028079324894,11.545109617587679]],[[122.815844422345933,11.545471246406569],[122.815844304351074,11.545652118958971],[122.815660883005322,11.545652002544893],[122.815477461661516,11.545651886014907],[122.815477579891393,11.545471013466235],[122.815477698119309,11.545290140915343],[122.815661119228011,11.545290257441598],[122.815844540338844,11.545290373851946],[122.815844422345933,11.545471246406569]],[[122.792540499967544,11.558297462513822],[122.792357070657133,11.558297331234035],[122.792357203850685,11.558116459094014],[122.792540633043501,11.558116590371759],[122.792540499967544,11.558297462513822]],[[122.790154707555743,11.559923595756283],[122.7899712772154,11.559923462949007],[122.789971411958732,11.559742590856859],[122.790154842181465,11.559742723662003],[122.790154707555743,11.559923595756283]],[[122.789787712013961,11.560104202113441],[122.789787577148331,11.560285074198928],[122.789604146577148,11.560284941155308],[122.789420716008195,11.560284807995691],[122.789420851109099,11.560103935914467],[122.789604281560372,11.560104069071953],[122.789787712013961,11.560104202113441]],[[122.792535574595789,11.564989730186648],[122.792535707753984,11.564808858127984],[122.792352274206522,11.564808726772258],[122.792352407480266,11.564627854713416],[122.792168974052714,11.564627723243737],[122.792169107441921,11.564446851184806],[122.792352540751708,11.564446982652354],[122.79253597406381,11.564447114003817],[122.79271940737803,11.564447245239284],[122.792719274342048,11.564628117304609],[122.792902707776179,11.564628248426034],[122.79290257485566,11.564809120491182],[122.792902441932924,11.564989992554109],[122.792719008263248,11.564989861428421],[122.792535574595789,11.564989730186648]],[[122.748328130216493,11.564954715665854],[122.748511563290819,11.564954874884892],[122.748511401874339,11.565135746381694],[122.748511240455201,11.565316617876276],[122.748327807145415,11.565316458652086],[122.748327645605826,11.565497330141872],[122.748144212181032,11.565497170799022],[122.748144373838386,11.565316299311901],[122.748144535492983,11.565135427822382],[122.748327968682332,11.56513558716008],[122.748328130216493,11.564954715665854]],[[122.776759427978362,11.566063240283908],[122.776759284678505,11.566244112138646],[122.776575850387815,11.56624397078132],[122.776575993805437,11.566063098928803],[122.776392559634928,11.566062957457612],[122.776392703167929,11.565882085605184],[122.776576137220772,11.565882227074153],[122.776576280633606,11.565701355217195],[122.776576424044137,11.565520483357927],[122.776576567452167,11.565339611496528],[122.77657671085781,11.56515873963273],[122.776760144442051,11.565158880976467],[122.776760287727612,11.564978009108229],[122.776760431010771,11.56479713723777],[122.776943864361954,11.564797278460892],[122.776944007525032,11.564616406585904],[122.777127440760836,11.564616547690632],[122.777310873999113,11.564616688679275],[122.777494307239721,11.564616829551921],[122.777494164429868,11.564797701433749],[122.777677597790543,11.564797842192442],[122.777677455096068,11.56497871407427],[122.77786088857691,11.564978854719277],[122.777860745997714,11.565159726601104],[122.777860603416215,11.565340598480622],[122.777860460832315,11.565521470358009],[122.777860318246013,11.565702342232997],[122.777860175657324,11.565883214105854],[122.777676741587783,11.565883073449568],[122.777676598879012,11.566063945317895],[122.777493164694107,11.566063804543303],[122.777493021865155,11.5662446764071],[122.777309587564872,11.566244535514114],[122.777126153267076,11.566244394505043],[122.777126296331474,11.566063522645775],[122.77694286215376,11.566063381522929],[122.776759427978362,11.566063240283908]],[[122.745025680712672,11.565675315650248],[122.744842247219125,11.565675154215205],[122.74484241099843,11.565494282776667],[122.745025844374297,11.565494444209135],[122.745025680712672,11.565675315650248]],[[122.775658678970331,11.566243262252973],[122.775658534961607,11.566424134091813],[122.775841969357998,11.566424276031961],[122.775841825464568,11.566605147870801],[122.77584168156865,11.566786019707331],[122.775658246936715,11.566785877762653],[122.77547481230728,11.566785735701801],[122.775291377680148,11.566785593524953],[122.775107943055417,11.566785451231842],[122.77510808742224,11.56660457940446],[122.77510823178676,11.56642370757468],[122.775108376148793,11.566242835742768],[122.775291810420214,11.566242978028951],[122.775475244694121,11.56624312019896],[122.775658678970331,11.566243262252973]],[[122.774924219456679,11.567147052466309],[122.774924074964787,11.56732792428472],[122.77474063999162,11.56732778175269],[122.77455720502094,11.567327639104397],[122.774557349748292,11.567146767290604],[122.774740784601192,11.567146909936499],[122.774924219456679,11.567147052466309]],[[122.774923641474743,11.567870539726455],[122.774740206148266,11.567870397187496],[122.774740350765114,11.567689525378144],[122.774923785973826,11.567689667914793],[122.774923641474743,11.567870539726455]],[[122.747773621058698,11.569656895229974],[122.747773783013685,11.569476023799785],[122.747957219023803,11.569476183431116],[122.747957057186596,11.56965705486388],[122.747773621058698,11.569656895229974]],[[122.74373786238435,11.569834225272446],[122.743554426201385,11.569834062964857],[122.743554590868158,11.569653191596307],[122.743554755532088,11.569472320225627],[122.743738191479494,11.569472482528065],[122.743921627429572,11.569472644714329],[122.743921463001186,11.569653516090339],[122.743738026933343,11.56965335390141],[122.74373786238435,11.569834225272446]],[[122.746856277913253,11.56983696673346],[122.74685644045995,11.56965609531837],[122.747039876574249,11.569656255532967],[122.74722331269129,11.569656415631391],[122.747406748811102,11.569656575613729],[122.747590184933571,11.569656735479894],[122.747590022857977,11.569837606905287],[122.747406586617728,11.569837447036546],[122.747223150380236,11.569837287051632],[122.747039714145416,11.569837126950633],[122.74703955171384,11.570017998365989],[122.746856115363911,11.57001783814624],[122.746672679016726,11.570017677810407],[122.746489242672297,11.570017517358311],[122.746489405457197,11.569836645950682],[122.746672841683846,11.569836806400113],[122.746856277913253,11.56983696673346]],[[122.748503812258392,11.573636704187207],[122.748320373530717,11.573636544845423],[122.748136934805785,11.573636385387553],[122.747953496083539,11.573636225813422],[122.747770057363937,11.573636066123116],[122.747770219378438,11.573455194742577],[122.747586780779457,11.573455034938673],[122.747586942909052,11.573274163558489],[122.747403504430508,11.573274003640899],[122.747403666675311,11.573093132260981],[122.747403828917356,11.572912260878843],[122.747220390677199,11.572912100850319],[122.747220553034353,11.572731229468447],[122.747037114914718,11.572731069326236],[122.74703727738698,11.57255019794472],[122.746853839387882,11.572550037689],[122.746854001975237,11.57236916630775],[122.746670564096661,11.572369005938432],[122.746670726799138,11.572188134557448],[122.746487289041085,11.572187974074533],[122.74648745185867,11.572007102693904],[122.746487614673498,11.571826231311055],[122.746304177153746,11.571826070717117],[122.746120739636751,11.571825910007094],[122.746120576586378,11.572006781384792],[122.745937138954275,11.57200662055593],[122.745937302122499,11.571825749180809],[122.745753864611018,11.571825588238438],[122.745754027894264,11.571644716863583],[122.74593746528808,11.571644877803466],[122.745937628450804,11.571464006423815],[122.746121065729497,11.57146416724486],[122.746121228771798,11.571283295860413],[122.746304665935384,11.571283456562798],[122.746488103101726,11.57128361714892],[122.74648826590564,11.5711027457571],[122.746671702956874,11.571102906224562],[122.746671865640252,11.570922034827769],[122.746855302576463,11.57092219517657],[122.746855465139404,11.57074132377498],[122.746855627699603,11.570560452371259],[122.74685579025703,11.57037958096514],[122.747039226842602,11.57037974119004],[122.747222663430733,11.570379901298766],[122.747406100021635,11.570380061291408],[122.74740626222308,11.570199189875341],[122.747589698698874,11.570199349749233],[122.747773135177411,11.570199509506951],[122.747956571658619,11.570199669148584],[122.74814000814257,11.570199828674044],[122.7481398464123,11.570380700100324],[122.74795640981057,11.570380540572289],[122.747956247959863,11.570561411993774],[122.747956086106399,11.570742283412949],[122.747955924250263,11.570923154829904],[122.747955762391385,11.571104026244639],[122.748139199464291,11.571104185782888],[122.748322636539868,11.571104345204963],[122.748322474913962,11.57128521662254],[122.748505912110062,11.571285375931017],[122.748505750599165,11.571466247348949],[122.74850558908561,11.571647118764483],[122.748505427569384,11.571827990177885],[122.748505266050401,11.572008861588978],[122.748688703720433,11.572009020791496],[122.748688542316572,11.572189892202944],[122.748688380910039,11.572370763612083],[122.748871818818373,11.572370922703579],[122.748871657526948,11.572551794112984],[122.749055095555804,11.57255195309097],[122.749054934379487,11.572732824500642],[122.749238372528865,11.572732983364942],[122.749238211467656,11.572913854774969],[122.749421649737556,11.57291401352567],[122.749421488791455,11.573094884935964],[122.749421327842782,11.573275756343948],[122.749421166891352,11.573456627749801],[122.749421005937265,11.573637499153344],[122.749420844980406,11.573818370554578],[122.749237406121466,11.573818211791176],[122.749053967265183,11.5738180529116],[122.748870528411558,11.573817893915761],[122.748870689721812,11.573637022522165],[122.748687250988809,11.573636863412817],[122.748503812258392,11.573636704187207]],[[122.743550143900748,11.57453671775337],[122.743550308639016,11.574355846443618],[122.743733747767166,11.574356008816311],[122.743733912384812,11.574175137501674],[122.743917351397869,11.574175299755618],[122.743917186898074,11.574356171072919],[122.743917022395436,11.574537042388],[122.744100461646966,11.57453720453101],[122.744100297259436,11.574718075846357],[122.743916857890142,11.574717913700683],[122.743916693382005,11.574898785011234],[122.743733253897602,11.57489862274681],[122.743549814415942,11.574898460366212],[122.743549649669418,11.575079331669302],[122.743366210072665,11.575079169169866],[122.743366374937054,11.57489829786944],[122.7433665397986,11.574717426566794],[122.743366704657475,11.574536555261838],[122.743550143900748,11.57453671775337]],[[122.79179314926435,11.576745882487893],[122.791793015487812,11.576926754389261],[122.791609574056878,11.576926622427441],[122.791426132628075,11.576926490349271],[122.791242691201575,11.576926358155015],[122.791242557069225,11.577107230047767],[122.791059115527091,11.577107097735118],[122.791059249777305,11.576926225844497],[122.790875808355253,11.576926093417717],[122.790692366935517,11.576925960874851],[122.79069250141913,11.576745088986184],[122.790692635900626,11.576564217095298],[122.790692770379906,11.576383345202101],[122.790509329315867,11.576383212549279],[122.790509463910695,11.576202340655994],[122.790692904856769,11.576202473306685],[122.790693039331515,11.576021601408959],[122.790693173804044,11.575840729509013],[122.79087661451662,11.575840862039177],[122.791060055231497,11.575840994453168],[122.791243495948692,11.575841126750985],[122.791426936668017,11.57584125893254],[122.791426802667033,11.576022130841013],[122.79161024350644,11.576022262908436],[122.791610109621004,11.57620313481682],[122.791793550580579,11.576203266770202],[122.791793416810691,11.57638413867832],[122.791793283038686,11.576565010584217],[122.79179314926435,11.576745882487893]],[[122.74208014448584,11.577248483630376],[122.741896703496948,11.577248320170019],[122.741896869337268,11.577067448917644],[122.742080310208294,11.577067612375336],[122.74208014448584,11.577248483630376]],[[122.793627562518182,11.57674719569397],[122.79381100385578,11.576747326375392],[122.793994445195494,11.576747456940639],[122.794177886537526,11.576747587389624],[122.794177754293173,11.576928459318347],[122.794361195755286,11.57692858965329],[122.794544637219616,11.576928719871971],[122.794728078686077,11.576928849974477],[122.794727946793174,11.577109721907197],[122.794911388379717,11.577109851895573],[122.795094829968477,11.577109981767686],[122.795278271559383,11.577110111523625],[122.795278403098777,11.576929239584599],[122.79527853463587,11.576748367643441],[122.795461975993348,11.576748497278944],[122.795462107410458,11.576567625333345],[122.795462238825337,11.576386753385526],[122.795645679949217,11.57638688290068],[122.795645811244015,11.576206010948509],[122.795829252252275,11.576206140345446],[122.796012693262654,11.576206269626121],[122.796196134275348,11.576206398790623],[122.796379575290075,11.57620652783895],[122.796563016307118,11.576206656771015],[122.796562885601546,11.576387528733489],[122.796746326738571,11.576387657551512],[122.796929767877742,11.576387786253184],[122.796929637405754,11.576568658217612],[122.796929506931548,11.57674953017982],[122.796929376455111,11.576930402139718],[122.796929245976557,11.577111274097307],[122.796929115495857,11.577292146052764],[122.796928985012954,11.577473018005824],[122.79692885452782,11.577653889956752],[122.796745412563524,11.577653761240514],[122.796745281958408,11.57783463318709],[122.796745151351061,11.578015505131356],[122.796745020741582,11.578196377073402],[122.796744890129872,11.578377249013228],[122.796561447696277,11.578377120172556],[122.796561316964585,11.578557992108029],[122.796561186230676,11.578738864041194],[122.796377743563482,11.578738735080174],[122.79619430089852,11.578738606002892],[122.796194169926565,11.578919477929661],[122.796010727145955,11.578919348734074],[122.795827284367476,11.578919219422312],[122.795827415575147,11.578738347499629],[122.79564397291675,11.578738218073648],[122.795460530260485,11.578738088531493],[122.795277087606536,11.578737958873075],[122.795276956045186,11.578918830789453],[122.795093513275503,11.57891870101273],[122.794910070507953,11.578918571119745],[122.79490993870867,11.579099443029817],[122.794726495825557,11.579099313018526],[122.794726363906193,11.579280184924157],[122.794542920907276,11.579280054794561],[122.79454305294459,11.579099182890973],[122.79435961006574,11.579099052647246],[122.794176167189207,11.579098922287256],[122.794176299460034,11.578918050385534],[122.793992856703483,11.578917919911413],[122.793992989089944,11.578737048009602],[122.793809546453573,11.578736917421351],[122.79362610381942,11.578736786716837],[122.793626236439479,11.578555914816979],[122.793626369057307,11.578375042914812],[122.793442926661101,11.57837491209821],[122.793443059394562,11.578194040195955],[122.793259617118437,11.578193909265311],[122.793259749967632,11.578013037362789],[122.79325988281461,11.577832165458135],[122.793260015659286,11.577651293551172],[122.79326014850173,11.5774704216419],[122.793260281342043,11.577289549730407],[122.793260414180139,11.577108677816694],[122.793260547016018,11.576927805900672],[122.793443988467033,11.576927936816661],[122.793627429920249,11.576928067616388],[122.793627562518182,11.57674719569397]],[[122.747763736686721,11.58069004820379],[122.747763574563962,11.580870919494002],[122.747763412438445,11.581051790781993],[122.747579968889113,11.581051630870354],[122.747579806642989,11.581232502153549],[122.747396362978463,11.58123234212316],[122.747396525342452,11.58105147084254],[122.747213081798449,11.581051310698465],[122.747213244277631,11.580870439418112],[122.747213406754071,11.580689568135627],[122.747213569227839,11.580508696850833],[122.747213731698935,11.58032782556373],[122.747397174771322,11.580327985697592],[122.747580617846353,11.580328145715102],[122.747580455611072,11.580509017007357],[122.747763898806724,11.580509176911269],[122.747763736686721,11.58069004820379]],[[122.790322654475133,11.580724004491438],[122.790506098365967,11.580724137311593],[122.790506233014696,11.580543265472398],[122.790689676789896,11.580543398174159],[122.790873120567397,11.580543530759568],[122.790873254978095,11.580362658913979],[122.791056698639878,11.580362791380994],[122.791240142303863,11.580362923731835],[122.791423585970165,11.580363055966414],[122.791607029638683,11.580363188084819],[122.791790473309433,11.580363320086873],[122.791790339488216,11.580544191943121],[122.791973783279118,11.580544323831132],[122.791973649573549,11.580725195687203],[122.792157093484633,11.580725327461083],[122.792156959894683,11.580906199316976],[122.792156826302616,11.581087071170737],[122.792340270451731,11.58108720283253],[122.792340136975298,11.581268074686113],[122.792156692708332,11.581267943022189],[122.792156559111817,11.581448814871331],[122.792156425512999,11.581629686718342],[122.791972981012421,11.581629554933892],[122.791789536514173,11.581629423033268],[122.791606092018043,11.581629291016382],[122.791422647524129,11.581629158883144],[122.791422513451465,11.581810030719408],[122.791239068841918,11.581809898467865],[122.791055624234687,11.58180976610006],[122.791055758543166,11.581628894268059],[122.790872314056003,11.581628761786122],[122.790688869571156,11.581628629187835],[122.79050542508844,11.581628496473373],[122.790321980608041,11.581628363642649],[122.790138536129945,11.581628230695662],[122.790138671025673,11.581447358872099],[122.789955226667757,11.581447225810892],[122.789771782311959,11.581447092633512],[122.789588337958563,11.581446959339869],[122.789588473205839,11.581266087520481],[122.789405028972524,11.581265954112707],[122.789405164335449,11.581085082293141],[122.789405299696142,11.580904210471354],[122.789221855700958,11.580904076951581],[122.7892219911773,11.580723205129617],[122.789222126651325,11.580542333305432],[122.789038682894159,11.580542199673749],[122.789038818483931,11.580361327849475],[122.789222262123133,11.580361461479027],[122.789222397592724,11.580180589650313],[122.789222533060013,11.579999717819378],[122.789405976465716,11.579999851328404],[122.789589419873735,11.579999984721168],[122.789772863283986,11.580000117997669],[122.789772728170377,11.580180989835087],[122.78995617170078,11.580181122997546],[122.789956036702819,11.580361994834787],[122.790139480353389,11.580362127883115],[122.790139345471061,11.580542999720267],[122.790322789241728,11.580543132654464],[122.790322654475133,11.580724004491438]]],[[[122.736029306775308,11.574349089125358],[122.73592250331113,11.574348991746184],[122.736018199657394,11.574510322473978],[122.736029139786481,11.574527207651839],[122.736029306775308,11.574349089125358]]],[[[122.735846037448752,11.574168050671885],[122.73584620713045,11.573987179468714],[122.735707812677205,11.573987053202268],[122.735815158008336,11.574168022498107],[122.735846037448752,11.574168050671885]]],[[[122.818415925617145,11.539865812963024],[122.818415809327945,11.540046685611172],[122.818599227060858,11.540046800229709],[122.818599343232549,11.539865927579784],[122.818415925617145,11.539865812963024]]],[[[122.813830008954113,11.540586400291852],[122.813830128185757,11.540405527697084],[122.813830247415453,11.540224655100184],[122.813830366643103,11.540043782500975],[122.813646948961434,11.540043664870714],[122.813647068304633,11.539862792271238],[122.813463650742435,11.539862674527024],[122.813463531281812,11.540043547124723],[122.813280113604151,11.540043429262825],[122.813279994024072,11.54022430185635],[122.813463411819242,11.540224419720113],[122.813463292354541,11.540405292313283],[122.813646710269168,11.540405410063093],[122.813646590920015,11.540586282655907],[122.813830008954113,11.540586400291852]]],[[[122.814012950513259,11.541310008175776],[122.81419636902119,11.541310125587545],[122.814196488025914,11.541129252998017],[122.814013069635479,11.541129135588202],[122.814012950513259,11.541310008175776]]],[[[122.816946943381296,11.542397108521163],[122.817130362625804,11.542397224090584],[122.817130479762682,11.542216351484624],[122.816947060635769,11.542216235917069],[122.816946943381296,11.542397108521163]]],[[[122.807774013361993,11.545285142167083],[122.807957434385969,11.545285263560556],[122.807957557430115,11.54510439108587],[122.807774136523662,11.545104269694351],[122.807590715619327,11.545104148186924],[122.807590592340077,11.545285020657703],[122.807590469058781,11.545465893126261],[122.807773890198206,11.545466014637595],[122.807774013361993,11.545285142167083]]],[[[122.807223503267778,11.5456465222183],[122.807223379747299,11.545827394678421],[122.807406801117565,11.545827516425478],[122.807406924520535,11.545646643963314],[122.807223503267778,11.5456465222183]]],[[[122.807590099202542,11.546008510518346],[122.807590222490049,11.545827638056627],[122.807406801117565,11.545827516425478],[122.807406677712635,11.546008388885332],[122.807590099202542,11.546008510518346]]],[[[122.809056859429234,11.54691384176405],[122.809056737069696,11.547094714227901],[122.809056614708112,11.547275586689532],[122.809240037039302,11.547275707293148],[122.809239914793167,11.547456579754511],[122.809423337243913,11.547456700244174],[122.809423459372525,11.547275827780856],[122.809606881707808,11.547275948152746],[122.809607003716792,11.547095075685254],[122.80960712572363,11.546914203215541],[122.809423703623466,11.546914082847648],[122.809423825745952,11.546733210377669],[122.809607247728536,11.546733330743608],[122.809607369731381,11.546552458269455],[122.809607491732194,11.546371585792992],[122.809607613730961,11.546190713314308],[122.809791035363062,11.546190833558656],[122.809791157242287,11.546009961075709],[122.809974578758926,11.546010081202196],[122.809974700518509,11.545829208715164],[122.810158121919599,11.545829328723789],[122.810158243559627,11.545648456232582],[122.810341664845254,11.545648576123346],[122.810341786365825,11.545467703627965],[122.810158365197708,11.545467583739066],[122.810158486833743,11.54528671124333],[122.810158608467646,11.545105838745373],[122.80997518753658,11.545105718744386],[122.809975309286031,11.544924846246074],[122.809975431033436,11.544743973745542],[122.810158851729497,11.54474409374262],[122.810158973357275,11.544563221237825],[122.810159094983092,11.544382348730897],[122.809975674522136,11.544382228737726],[122.809792254063225,11.544382108628648],[122.809608833606276,11.544381988403662],[122.809425413151359,11.54438186806277],[122.809425291055604,11.544562740562059],[122.809241870485224,11.544562620103394],[122.809241748269827,11.544743492598508],[122.809058327583998,11.544743372021982],[122.809058205249045,11.544924244512922],[122.808874784447838,11.544924123818623],[122.808874661993258,11.5451049963053],[122.808691241076488,11.54510487549314],[122.808691118502452,11.545285747975642],[122.808690995926284,11.545466620455924],[122.80869087334807,11.545647492933897],[122.808874294617354,11.54564761375183],[122.808874172154603,11.545828486229537],[122.808874049689805,11.546009358705023],[122.808873927222962,11.546190231178199],[122.808873804754086,11.546371103649156],[122.809057226495526,11.546371224358909],[122.809057104142198,11.546552096829599],[122.809056981786739,11.54673296929789],[122.80924040376533,11.546733089895733],[122.809240281525334,11.546913962363847],[122.809056859429234,11.54691384176405]],[[122.808874417078059,11.545466741271904],[122.80905783823188,11.545466861972065],[122.809241259387747,11.545466982556229],[122.809424680545646,11.545467103024576],[122.809424558437541,11.545647975510365],[122.809241137162047,11.545647855040064],[122.80905771588867,11.545647734453945],[122.808874294617354,11.54564761375183],[122.808874417078059,11.545466741271904]],[[122.809424802651705,11.545286230536567],[122.809608223694156,11.545286350887141],[122.809608101705592,11.545467223377015],[122.809424680545646,11.545467103024576],[122.809424802651705,11.545286230536567]],[[122.809608345680658,11.545105478394957],[122.809791766607646,11.545105598627581],[122.809791644738638,11.545286471121718],[122.809608223694156,11.545286350887141],[122.809608345680658,11.545105478394957]],[[122.809974944031623,11.54546746373426],[122.809974822276132,11.545648336225822],[122.809791400994499,11.545648216103244],[122.809791522867584,11.545467343613636],[122.809974944031623,11.54546746373426]]],[[[122.815110026625518,11.546556015297904],[122.814926604699963,11.546555898410871],[122.814926486105676,11.546736770940358],[122.815109908148742,11.546736887829256],[122.815293330193754,11.546737004602337],[122.815293448553035,11.546556132069119],[122.815110026625518,11.546556015297904]]],[[[122.813825476670942,11.547459557223005],[122.814008899172222,11.547459674814897],[122.814009018362214,11.547278802303884],[122.813825595978528,11.547278684713769],[122.813825476670942,11.547459557223005]]],[[[122.806121484949841,11.547816258545796],[122.806121360699279,11.547997130967191],[122.806304783467624,11.54799725343314],[122.806488206238114,11.54799737578327],[122.806671629010637,11.547997498017404],[122.806671752908514,11.547816625590235],[122.806488330253572,11.547816503357966],[122.806304907600691,11.547816381009879],[122.806121484949841,11.547816258545796]]],[[[122.814192083524617,11.547821537310066],[122.8140086607862,11.547821419830351],[122.813825238049901,11.54782130223464],[122.813641815315478,11.547821184523022],[122.813641695884442,11.548002057023554],[122.813825118736375,11.548002174737038],[122.814008541590255,11.548002292334614],[122.814191964446181,11.548002409816283],[122.814375387304054,11.548002527182044],[122.814558810163888,11.548002644431898],[122.814742233025768,11.548002761565845],[122.814742351751605,11.547821889054033],[122.814558929007234,11.547821771921951],[122.814375506264895,11.547821654673962],[122.814192083524617,11.547821537310066]]],[[[122.813458153483879,11.548182811690522],[122.81364157645136,11.548182929521866],[122.813641695884442,11.548002057023554],[122.813458273034556,11.548001939194164],[122.813274850186616,11.548001821248777],[122.81327473051843,11.54818269374327],[122.813458153483879,11.548182811690522]]],[[[122.81162392391964,11.548181627001908],[122.811623803191495,11.548362499477038],[122.81180722625642,11.54836261846941],[122.811807346866956,11.548181745992414],[122.81162392391964,11.548181627001908]]],[[[122.812724461634105,11.54818233920607],[122.812541038676571,11.548182220795189],[122.812357615721169,11.548182102268401],[122.812357495463232,11.548362974751081],[122.812540918536229,11.548363093279823],[122.812540798393854,11.548543965762237],[122.812724221586393,11.548544084176937],[122.812724341611187,11.548363211692658],[122.812724461634105,11.54818233920607]]],[[[122.812907764688262,11.548363329989497],[122.812907644780978,11.54854420247573],[122.812724221586393,11.548544084176937],[122.812724101559567,11.548724956658996],[122.812907524871662,11.548725074959654],[122.813090948185788,11.548725193144405],[122.81327437150189,11.548725311213248],[122.813274491176116,11.548544438725505],[122.813091067977524,11.548544320658616],[122.813091187767213,11.548363448170518],[122.813091307554956,11.54818257568011],[122.812907884593514,11.548182457501044],[122.812907764688262,11.548363329989497]]],[[[122.813274251825703,11.548906183698771],[122.813457675261347,11.548906301653572],[122.813457794820025,11.548725429166184],[122.81327437150189,11.548725311213248],[122.813274251825703,11.548906183698771]]],[[[122.813090828392021,11.548906065628062],[122.813090708596292,11.54908693810941],[122.813274132147569,11.549087056181984],[122.813274251825703,11.548906183698771],[122.813090828392021,11.548906065628062]]],[[[122.808504629512328,11.549807438328008],[122.808504506767321,11.549988310750114],[122.808687930855683,11.549988431730585],[122.808688053483095,11.549807559306613],[122.808504629512328,11.549807438328008]]],[[[122.808503770254163,11.551073545234969],[122.808687195047909,11.551073666227163],[122.808870619843887,11.551073787103361],[122.808870742365968,11.550892914690936],[122.808687317687671,11.550892793816692],[122.808503893011434,11.550892672826452],[122.808503770254163,11.551073545234969]]],[[[122.809053922235108,11.55125478027581],[122.809054044641726,11.551073907863652],[122.808870619843887,11.551073787103361],[122.808870497319589,11.551254659513566],[122.809053922235108,11.55125478027581]]],[[[122.730725997177359,11.557161424675977],[122.73090942492297,11.55716159492175],[122.730909597514682,11.556980723579668],[122.730726169886751,11.556980553336649],[122.730726342593229,11.556799681995011],[122.73054291508582,11.55679951163866],[122.730359487581254,11.556799341166402],[122.730359660520165,11.556618469827962],[122.73017623313622,11.556618299242372],[122.729992805755117,11.556618128540785],[122.729992978926362,11.556437257205721],[122.729809551665781,11.556437086390803],[122.72962974995481,11.556436918838525],[122.729780936547556,11.557522288652379],[122.729808511888805,11.557522314351454],[122.729991939855225,11.557522485182803],[122.730175367824572,11.557522655898067],[122.730358795796761,11.557522826497424],[122.730358968747211,11.557341955168043],[122.730542396604747,11.557342125648562],[122.730725824465111,11.557342296013084],[122.730725997177359,11.557161424675977]]],[[[122.794191231842291,11.558479510969777],[122.794191363861401,11.558298638811015],[122.79400793453101,11.558298508575371],[122.794007802394219,11.558479380732001],[122.793824372948364,11.558479250378317],[122.793824240691663,11.558660122530595],[122.794007670255212,11.55866025288641],[122.794007538113974,11.55884112503851],[122.794190967797334,11.558841255280461],[122.794191099820878,11.558660383126229],[122.794191231842291,11.558479510969777]]],[[[122.790522374551614,11.558838628397838],[122.790705804192683,11.558838760844159],[122.79070593845195,11.558657888730073],[122.790522508928476,11.558657756285795],[122.790522374551614,11.558838628397838]]],[[[122.790522240172521,11.559019500507572],[122.790338810415989,11.559019367943035],[122.790155380661758,11.559019235262502],[122.790155246045074,11.559200107365752],[122.790338675916999,11.559200240048417],[122.790522105791126,11.559200372615086],[122.790522240172521,11.559019500507572]]],[[[122.789971681438814,11.559380846665901],[122.790155111426103,11.559380979466782],[122.790155246045074,11.559200107365752],[122.789971816175381,11.559199974567091],[122.789971681438814,11.559380846665901]]],[[[122.776214008246043,11.559913171700176],[122.776214151815211,11.559732299773318],[122.776030721769303,11.559732158149627],[122.775847291725782,11.559732016409763],[122.775847147921354,11.559912888332002],[122.776030578082455,11.559913030074087],[122.776214008246043,11.559913171700176]]],[[[122.776947442720271,11.560275480908944],[122.776947299614648,11.560456352838111],[122.776947156506552,11.560637224764969],[122.777130587152868,11.56063736581987],[122.777314017801586,11.560637506758775],[122.777314160674138,11.560456634827387],[122.777130730143199,11.560456493890792],[122.777130873131128,11.560275621959404],[122.776947442720271,11.560275480908944]]],[[[122.746680971576524,11.560793233011646],[122.746497541236536,11.560793072690911],[122.74649737858762,11.560973944211339],[122.746313948132709,11.560973783772033],[122.746313785363355,11.561154655287664],[122.746313622591245,11.561335526801075],[122.746130191903632,11.561335366240533],[122.746130029011169,11.561516237749059],[122.746129866115879,11.561697109255276],[122.746129703217917,11.561877980759272],[122.746313134258585,11.561878141327542],[122.746313297038867,11.56169726982097],[122.746496727964512,11.561697430270579],[122.746680158892914,11.561697590604192],[122.746680321435065,11.561516719090159],[122.746863752248359,11.561516879305112],[122.746863914670172,11.561336007786283],[122.746864077089228,11.561155136265233],[122.746864239505527,11.560974264741875],[122.746680809045202,11.560974104534649],[122.746680971576524,11.560793233011646]]],[[[122.775478991139138,11.561540451657626],[122.775295559925979,11.561540309546858],[122.775295415744338,11.561721181439699],[122.775295271560296,11.56190205333032],[122.775295127373852,11.56208292521872],[122.77529498318502,11.56226379710481],[122.7754784148689,11.562263939224726],[122.775478558940065,11.562083067336326],[122.775478703008815,11.561902195445617],[122.775478847075178,11.561721323552776],[122.775478991139138,11.561540451657626]]],[[[122.787034752384457,11.56209178676888],[122.786851320670365,11.562091651962936],[122.786851183896758,11.56227252398927],[122.78703461572853,11.562272658797257],[122.787034752384457,11.56209178676888]]],[[[122.749430980009578,11.562423467868266],[122.749431140797057,11.562242596324834],[122.749247709475014,11.562242437724413],[122.749247548569855,11.562423309265268],[122.749064117132789,11.562423150546275],[122.748880685698481,11.562422991711196],[122.748880524555204,11.56260386324468],[122.749063956107292,11.562604022082335],[122.749247387662038,11.562604180803815],[122.749430819219441,11.562604339409299],[122.749430980009578,11.562423467868266]]],[[[122.77199248171415,11.563165578290713],[122.7719926280339,11.562984706457291],[122.771992774351261,11.56280383462156],[122.771992920666051,11.562622962783609],[122.771809488792883,11.562622818453994],[122.77162605692213,11.562622674008294],[122.771625910371796,11.562803545841627],[122.771442478385751,11.562803401277533],[122.771442331715434,11.562984273106247],[122.771625763819074,11.56298441767265],[122.77162561726395,11.563165289501454],[122.771809049487857,11.563165433954081],[122.77199248171415,11.563165578290713]]],[[[122.749613608062802,11.563327984050931],[122.74961344737693,11.563508855583349],[122.749796879528262,11.563509013969364],[122.749797040096453,11.563328142434459],[122.749613608062802,11.563327984050931]]]]}}
]
}
