{
"type": "FeatureCollection",
"name": "SYSTRA ID_243",
"crs": { "type": "name", "properties": { "name": "urn:ogc:def:crs:OGC:1.3:CRS84" } },
"xy_coordinate_resolution": 1e-15,
"features": [
{"type":"Feature","properties":{"fid":160,"HAZ":1.0,"layer":"Romblon_StormSurge_SSA4","path":"/Users/jhannaroseverzo/Downloads/Romblon/Romblon_StormSurge_SSA4.shp","Risk Level":"Low","fid_2":243,"SYSTRA ID":"243","DAR ID":"148","Target Year":"2028","Bridge Category":"Original List","Bridge Name":"TAMPAYAN BRIDGE","Coordinates Y":"12.490497","Coordinates X":"122.525807","Region":"IV-B","Province":"ROMBLON","ARC 2026":"non-ARC","LINEAR METER IVF 2026":"34","EIRR 2026":"0.12","NEW/REPLACEMENT BRIDGE 2026":"replacement","Visited by SYSTRA":"No","Selected for 2nd Visit of SYSTRA":"No","Final Funder":"No Funder","2023 IVF URL":"","2026 IVF URL":"https://drive.google.com/open?id=1uLFdtdmkeyXGjcddtsJkznxdCD28oUmH"},"geometry":{"type":"MultiPolygon","coordinates":[[[[122.482398589497521,12.488238680044725],[122.482214535417285,12.488238326679033],[122.482214175732111,12.48841918056681],[122.482398229940159,12.488419533937742],[122.482398589497521,12.488238680044725]]],[[[122.489576702993389,12.488252363323413],[122.489392648695272,12.488252014856824],[122.489392293995991,12.488432868948971],[122.489576348421906,12.488433217420711],[122.489576702993389,12.488252363323413]]],[[[122.482397870377213,12.488600387828273],[122.482581924718758,12.488600741078946],[122.482582284153906,12.488419887182998],[122.482398229940159,12.488419533937742],[122.482397870377213,12.488600387828273]]],[[[122.48976004840415,12.488614419867003],[122.489760402853335,12.488433565766863],[122.489576348421906,12.488433217420711],[122.489575993844824,12.488614071515611],[122.48976004840415,12.488614419867003]]],[[[122.482581205831664,12.488962448863381],[122.482765260434519,12.488962801998857],[122.482765619753053,12.488781948102554],[122.482581565278096,12.488781594972318],[122.482581205831664,12.488962448863381]]],[[[122.490126740709925,12.489338532610637],[122.49012638648874,12.489519386708912],[122.490310441703897,12.489519734709384],[122.490310795797271,12.489338880605869],[122.490126740709925,12.489338532610637]]],[[[122.486260157500666,12.49005461163045],[122.486259800572228,12.490235465609532],[122.486443856182092,12.490235816269211],[122.486444212982718,12.490054962284889],[122.486260157500666,12.49005461163045]]],[[[122.48625944363819,12.490416319586215],[122.486259086698553,12.490597173560412],[122.486258729753317,12.49077802753221],[122.486442785746789,12.49077837820761],[122.486443142564127,12.490597524230571],[122.486443499375952,12.490416670251134],[122.48625944363819,12.490416319586215]]],[[[122.486442072095343,12.491140086154404],[122.486441715261222,12.491320940124071],[122.486625771643986,12.491321290689514],[122.48680982803215,12.49132164112928],[122.486810184610476,12.491140787149133],[122.48662612835011,12.491140436714518],[122.486442072095343,12.491140086154404]]],[[[122.487177940825376,12.49132234163187],[122.487177584497175,12.491503195620099],[122.487361641030034,12.491503545688163],[122.487361997230337,12.491322691694693],[122.487177940825376,12.49132234163187]]],[[[122.524694768060371,12.473315654502146],[122.524878812787733,12.473315978491337],[122.524879142424226,12.473135123227417],[122.524695097824491,12.473134799243111],[122.524694768060371,12.473315654502146]]],[[[122.523774544500881,12.473314032674052],[122.523590499804513,12.473313707932041],[122.523590169269085,12.473494563159546],[122.523589838728512,12.473675418384653],[122.523773883680235,12.473675743136434],[122.523773553262146,12.473856598363939],[122.52395759834674,12.473856922995017],[122.524141643436579,12.473857247500684],[122.524141973599228,12.473676392263409],[122.524142303756818,12.473495537023735],[122.524326348596361,12.473495861394222],[122.524510393441147,12.473496185639208],[122.524510723338153,12.473315330387456],[122.52432667862108,12.473315006147265],[122.524327008640554,12.473134150897911],[122.524142964056367,12.473133826537195],[122.524142633909165,12.473314681781664],[122.523958589202493,12.473314357290652],[122.523774544500881,12.473314032674052]],[[122.52377421409318,12.473494887906442],[122.52395825892242,12.473495212527839],[122.523957928637202,12.473676067762627],[122.523773883680235,12.473675743136434],[122.52377421409318,12.473494887906442]]],[[[122.523037372975551,12.473855298584811],[122.523221418039441,12.473855623717798],[122.523221748840527,12.47367476850477],[122.523037703904336,12.473674443376668],[122.523038034827991,12.473493588166127],[122.522853990024672,12.47349326291741],[122.522669945226525,12.473492937543194],[122.52266961404753,12.473673792743964],[122.522853658973318,12.473674118123066],[122.522853327916792,12.473854973326324],[122.522852996855136,12.474035828527095],[122.523037042041508,12.474036153790466],[122.523037372975551,12.473855298584811]]],[[[122.524878153499287,12.473677689011895],[122.524877823847248,12.473858544268444],[122.52487749419015,12.474039399522683],[122.525061539433466,12.474039723405825],[122.525061868962837,12.47385886814679],[122.525062198487163,12.473678012885268],[122.524878153499287,12.473677689011895]]],[[[122.523036711102321,12.474217008993636],[122.52322075642158,12.474217334136393],[122.523221087233125,12.47403647892825],[122.523037042041508,12.474036153790466],[122.523036711102321,12.474217008993636]]],[[[122.524691799950432,12.474943351724397],[122.524875845827012,12.474943675757197],[122.524876175509959,12.474762820515126],[122.524692129761092,12.474762496487122],[122.524691799950432,12.474943351724397]]],[[[122.523035056328766,12.475121284973421],[122.523219102286433,12.475121610140425],[122.523219433123842,12.47494075494445],[122.523035387293888,12.474940429782331],[122.523035056328766,12.475121284973421]]],[[[122.523218771443879,12.475302465334002],[122.523218440596182,12.475483320525091],[122.523402486814447,12.475483645576366],[122.523402817534517,12.475302790380391],[122.523218771443879,12.475302465334002]]],[[[122.524690810487513,12.475485917421389],[122.524690480656247,12.475666772648895],[122.524690150819737,12.475847627874002],[122.524874197334825,12.475847951930961],[122.524874527043622,12.475667096701057],[122.524874856747175,12.475486241468756],[122.524690810487513,12.475485917421389]]],[[[122.523769587841713,12.476026860904819],[122.523769918321889,12.475846005706446],[122.523770248796822,12.475665150505586],[122.523586202440441,12.475664825700514],[122.523585871837781,12.475845680896489],[122.523585541229892,12.476026536089977],[122.523769587841713,12.476026860904819]]],[[[122.523401163882539,12.476207066335929],[122.523585210616844,12.476207391281067],[122.523585541229892,12.476026536089977],[122.523401494623229,12.476026211149636],[122.523401163882539,12.476207066335929]]],[[[122.523032739428047,12.476387271243103],[122.523032408421528,12.476568126414831],[122.523216455400885,12.476568451620738],[122.523216786279761,12.476387596444214],[122.523217117153393,12.476206741265203],[122.523033070429406,12.476206416069067],[122.523032739428047,12.476387271243103]]],[[[122.516774143505373,12.476918704745108],[122.516774478864676,12.47673784974471],[122.516590431940131,12.476737520141343],[122.516590096453115,12.476918375136856],[122.516774143505373,12.476918704745108]]],[[[122.523031746392974,12.476929836750914],[122.523032077409866,12.476748981584072],[122.52284803030787,12.47674865624778],[122.52284769916325,12.476929511409738],[122.523031746392974,12.476929836750914]]],[[[122.516406049406086,12.476918045403105],[122.516405713786114,12.477098900391335],[122.516589760960855,12.477099230129971],[122.516590096453115,12.476918375136856],[122.516406049406086,12.476918045403105]]],[[[122.516957855326069,12.477099889230834],[122.516958190562875,12.47691903422786],[122.516774143505373,12.476918704745108],[122.51677380814084,12.477099559743108],[122.516957855326069,12.477099889230834]]],[[[122.522663320661351,12.477110041097825],[122.522847368013473,12.477110366569297],[122.52284769916325,12.476929511409738],[122.522663651938856,12.476929185943151],[122.522663320661351,12.477110041097825]]],[[[122.516221666616602,12.47709857052711],[122.516221330863672,12.477279425507879],[122.516405378160897,12.477279755376989],[122.516405713786114,12.477098900391335],[122.516221666616602,12.47709857052711]]],[[[122.522479273314303,12.477109715500765],[122.522295225972499,12.477109389778294],[122.52229489443441,12.4772902449208],[122.522478941903941,12.477290570648156],[122.522662989378617,12.477290896250013],[122.522663320661351,12.477110041097825],[122.522479273314303,12.477109715500765]]],[[[122.522110515298976,12.477470774203079],[122.522110846970023,12.477289919067855],[122.522111178635924,12.477109063930234],[122.522111510296583,12.476928208790214],[122.522111841952082,12.476747353647708],[122.522295889033302,12.476747679485998],[122.522296220555845,12.476566824336208],[122.522112173602437,12.476566498502804],[122.521928126654174,12.476566172543899],[122.52174407971107,12.476565846459495],[122.52174374780536,12.47674670159463],[122.521559700739772,12.47674637537993],[122.521559368701105,12.476927230507782],[122.521375321513048,12.476926904162609],[122.521374989341425,12.477107759283177],[122.521374657164728,12.477288614401258],[122.521374324982716,12.477469469517031],[122.521190277416636,12.477469143031703],[122.521189945101753,12.477649998140103],[122.521189612781711,12.477830853246106],[122.521005564965435,12.477830526625509],[122.521005232512351,12.478011381724139],[122.521004900054209,12.478192236820371],[122.521004567590722,12.478373091914206],[122.520820519396437,12.478372765153454],[122.520820186800094,12.478553620240005],[122.521004235122092,12.478553947005553],[122.521188283449433,12.47855427364569],[122.521188615790251,12.478373418549458],[122.52137266399501,12.478373745059121],[122.52137299620297,12.478192889955517],[122.521373328405673,12.478012034849604],[122.52155737636015,12.478012361223998],[122.521557708429995,12.477831506110713],[122.521558040494583,12.47765065099494],[122.52155837255404,12.47746979587677],[122.521742420130508,12.477470122111098],[122.52192646771212,12.477470448219838],[122.522110515298976,12.477470774203079]]],[[[122.517323939713933,12.478185677855267],[122.517507987681284,12.478186006995982],[122.517507652790869,12.478366861996646],[122.517691700891177,12.478367191016746],[122.517691366123316,12.478548046019897],[122.51769103135031,12.47872890102065],[122.517690696571975,12.478909756019005],[122.517874745060695,12.47891008492835],[122.517875079711303,12.478729229925021],[122.517875414356595,12.478548374919383],[122.51787574899673,12.478367519911258],[122.517876083631634,12.478186664900734],[122.517876418261295,12.478005809887813],[122.517876752885712,12.477824954872405],[122.517877087504885,12.477644099854599],[122.517877422118815,12.477463244834306],[122.51769337465187,12.477462915964308],[122.517693709388283,12.477282060946591],[122.51750966205438,12.477281731955978],[122.517509996913276,12.477100876940748],[122.51732594971223,12.477100547829609],[122.517141902516528,12.477100218592971],[122.516957855326069,12.477099889230834],[122.516957520084006,12.47728074423132],[122.516773472771064,12.47728041473871],[122.516773137396044,12.477461269731913],[122.516957184836713,12.477461599229409],[122.517141232282611,12.477461928601405],[122.517140897157802,12.477642783601981],[122.517324944736671,12.477643112853363],[122.517325279733768,12.477462257847902],[122.51750932719024,12.477462586968899],[122.517508992320856,12.477643441979245],[122.517508657446243,12.477824296987281],[122.517324609734331,12.477823967856425],[122.517324274726747,12.478004822857089],[122.517323939713933,12.478185677855267]]],[[[122.524317766140456,12.478198096962343],[122.524501814305609,12.478198421333362],[122.524502144336907,12.47801756614467],[122.524318096299567,12.478017241778536],[122.524317766140456,12.478198096962343]]],[[[122.520636138483241,12.478553293348869],[122.520635805753926,12.478734148428048],[122.520819854198493,12.478734475324069],[122.520820186800094,12.478553620240005],[122.520636138483241,12.478553293348869]]],[[[122.520451757314589,12.478733821406438],[122.520451424452318,12.478914676478334],[122.520635473019468,12.47891500350474],[122.520635805753926,12.478734148428048],[122.520451757314589,12.478733821406438]]],[[[122.524316115267695,12.479102372844961],[122.524316445452641,12.478921517673323],[122.524316775632343,12.478740662499197],[122.524317105806901,12.478559807322673],[122.524133057391452,12.478559482816385],[122.524132727089182,12.478740337988112],[122.524132396781752,12.478921193157353],[122.524132066469093,12.479102048324195],[122.524316115267695,12.479102372844961]]],[[[122.520083327333751,12.478914022048935],[122.52008299421081,12.479094877108574],[122.520267042895185,12.479095204390953],[122.520451091584903,12.479095531547744],[122.520451424452318,12.478914676478334],[122.520267375890413,12.478914349326429],[122.520083327333751,12.478914022048935]]],[[[122.517137880798288,12.479270478497915],[122.517321929526801,12.479270807793617],[122.517322264571064,12.479089952809916],[122.517138215970348,12.479089623519188],[122.517137880798288,12.479270478497915]]],[[[122.51989894553158,12.479094549700696],[122.519898612275668,12.479275404752963],[122.520082661082611,12.479275732165815],[122.52008299421081,12.479094877108574],[122.51989894553158,12.479094549700696]]],[[[122.518058124493223,12.479272123721072],[122.518058459026591,12.479091268717832],[122.517874410404914,12.479090939929103],[122.517874075743819,12.479271794927547],[122.51787374107748,12.479452649923504],[122.518057789954682,12.479452978722003],[122.518058124493223,12.479272123721072]]],[[[122.519714563473954,12.4792750772147],[122.519714230085086,12.479455932259684],[122.519898279014598,12.479456259802921],[122.519898612275668,12.479275404752963],[122.519714563473954,12.4792750772147]]],[[[122.524315454882426,12.479464083181044],[122.524315124682033,12.4796449383454],[122.524499173869117,12.479645262755232],[122.524499503941712,12.479464407585992],[122.524499834009148,12.479283552414353],[122.524315785077675,12.479283228014202],[122.524315454882426,12.479464083181044]]],[[[122.519529847638964,12.479636459628649],[122.519713896690973,12.479636787302271],[122.519714230085086,12.479455932259684],[122.519530181160803,12.479455604590948],[122.519529847638964,12.479636459628649]]],[[[122.518241169999797,12.479815017399263],[122.518241504421084,12.479634162398332],[122.518241838837227,12.479453307395003],[122.518057789954682,12.479452978722003],[122.518057455410911,12.479633833720447],[122.518057120861911,12.479814688716493],[122.518056786307568,12.479995543710052],[122.518240835573351,12.479995872397796],[122.518241169999797,12.479815017399263]]],[[[122.519713563291702,12.479817642342459],[122.519713229887202,12.47999849738016],[122.519897279199967,12.479998824938052],[122.519897612476669,12.479817969895466],[122.519897945748212,12.479637114850393],[122.519713896690973,12.479636787302271],[122.519713563291702,12.479817642342459]]],[[[122.518240501141577,12.480176727393841],[122.518240166704572,12.480357582387489],[122.518424216231026,12.480357910959503],[122.518424550540232,12.480177055960882],[122.518424884844279,12.479996200959951],[122.518240835573351,12.479995872397796],[122.518240501141577,12.480176727393841]]],[[[122.519896612630774,12.480360535016031],[122.519896945917949,12.480179679978241],[122.519712896477458,12.480179352415464],[122.519712563062555,12.480360207448369],[122.519712229642337,12.480541062478787],[122.519528179951564,12.480540734780652],[122.51934413026602,12.480540406957017],[122.519343796585119,12.480721261975267],[122.519527846398461,12.480721589803787],[122.519711896216961,12.480721917506807],[122.519895946040791,12.480722245084239],[122.519896279338354,12.480541390051334],[122.519896612630774,12.480360535016031]]],[[[122.51842388191659,12.480538765955638],[122.51842354759691,12.480719620949285],[122.518607597384047,12.48071994940557],[122.518607931576014,12.480539094406948],[122.518608265762737,12.480358239405929],[122.518424216231026,12.480357910959503],[122.51842388191659,12.480538765955638]]],[[[122.518791647176528,12.480720277736355],[122.51879131310713,12.480901132737374],[122.518975363032467,12.480901460947456],[122.518975696974152,12.480720605941462],[122.518791647176528,12.480720277736355]]],[[[122.520630814189516,12.481446974324326],[122.520630481376898,12.481627829364603],[122.520630148559036,12.481808684402571],[122.520814199175476,12.481809011381637],[122.520814531865526,12.481628156338784],[122.520814864550431,12.481447301293622],[122.520630814189516,12.481446974324326]]],[[[122.509586780687314,12.481969690634029],[122.509587121176637,12.481788835895111],[122.509403070881632,12.481788501257283],[122.509219020591871,12.481788166493866],[122.509218679846924,12.481969021222836],[122.509402730264412,12.481969355991227],[122.509586780687314,12.481969690634029]]],[[[122.511611335689807,12.481973363418595],[122.511795386176388,12.48197369655478],[122.511795725132544,12.481792841755999],[122.511611674773675,12.481792508624787],[122.511611335689807,12.481973363418595]]],[[[122.527255974015503,12.481820376549821],[122.527255645792366,12.482001231759918],[122.527439696722695,12.482001554223929],[122.527440024818105,12.481820699008948],[122.527255974015503,12.481820376549821]]],[[[122.522102553636003,12.4818112967196],[122.522102221835198,12.481992151794072],[122.522101890029148,12.482173006866146],[122.52228594094268,12.482173332850541],[122.522286272620917,12.481992477773582],[122.52247032341198,12.481992803627504],[122.52247065495726,12.481811948543262],[122.52228660429401,12.481811622694226],[122.522102553636003,12.4818112967196]]],[[[122.509034629434765,12.481968686328857],[122.509034288556691,12.482149541050367],[122.509218339096648,12.48214987594932],[122.509218679846924,12.481969021222836],[122.509034629434765,12.481968686328857]]],[[[122.508665505209635,12.482510580291448],[122.508849555994459,12.482510915451526],[122.508849897010919,12.482330060739875],[122.508665846353807,12.482329725584771],[122.508665505209635,12.482510580291448]]],[[[122.528910796005974,12.482727550404791],[122.528910468907171,12.482908405646063],[122.529094520522548,12.482908727004025],[122.529094847493624,12.482727871757868],[122.528910796005974,12.482727550404791]]],[[[122.529094193546413,12.483089582247695],[122.529278245294648,12.483089903484865],[122.52927857214307,12.48290904823631],[122.529094520522548,12.482908727004025],[122.529094193546413,12.483089582247695]]],[[[122.504983459504757,12.483046414525854],[122.504983115783446,12.483227269122219],[122.505167166972228,12.483227606813694],[122.505167510565826,12.483046752212354],[122.504983459504757,12.483046414525854]]],[[[122.504430962249259,12.483226255294442],[122.504430618139182,12.483407109873221],[122.504614669439604,12.483407447946435],[122.504615013421869,12.483226593362593],[122.504430962249259,12.483226255294442]]],[[[122.503877775267,12.483767804020127],[122.504061826806876,12.483768142480143],[122.504062171183307,12.483587287916373],[122.503878119771159,12.48358694946142],[122.503877775267,12.483767804020127]]],[[[122.529276610976112,12.483994179690781],[122.529460663368454,12.483994500826343],[122.529460990114558,12.48381364558516],[122.529276937850014,12.483813324454394],[122.529276610976112,12.483994179690781]]],[[[122.503508982667597,12.484128835813388],[122.503508637891571,12.484309690354687],[122.503692689804041,12.484310029081067],[122.503693034452255,12.484129174534706],[122.503508982667597,12.484128835813388]]],[[[122.531115832694681,12.484720806508074],[122.530931779745089,12.484720486483534],[122.530931453995876,12.484901341750829],[122.531115507073196,12.484901661780166],[122.531115832694681,12.484720806508074]]],[[[122.503875708128447,12.484852931321742],[122.503875363586545,12.485033785863484],[122.504059416020993,12.485034124358849],[122.504059760435169,12.484853269812044],[122.503875708128447,12.484852931321742]]],[[[122.531115181446637,12.48508251704977],[122.531299234656828,12.485082836958226],[122.53129956015556,12.484901981683825],[122.531115507073196,12.484901661780166],[122.531115181446637,12.48508251704977]]],[[[122.528538437039558,12.485078025144434],[122.528538109618523,12.485258880344494],[122.528722162885018,12.485259202015984],[122.528722490178239,12.485078346811127],[122.528538437039558,12.485078025144434]]],[[[122.531298909153023,12.485263692230228],[122.531482962496085,12.485264012017891],[122.531483287872078,12.485083156741181],[122.531299234656828,12.485082836958226],[122.531298909153023,12.485263692230228]]],[[[122.531482637114934,12.485444867292204],[122.531666690590953,12.485445186959074],[122.531850744072116,12.485445506500357],[122.532034797558254,12.485445825915962],[122.532218851049549,12.485446145206067],[122.532402904545904,12.485446464370495],[122.532403229287922,12.485265609072291],[122.532219175919465,12.48526528991257],[122.532035122555982,12.48526497062735],[122.531851069197558,12.485264651216452],[122.531667015844292,12.485264331679966],[122.531482962496085,12.485264012017891],[122.531482637114934,12.485444867292204]]],[[[122.528720853661184,12.485982622811429],[122.528904907444058,12.485982944376603],[122.528905234629903,12.485802089176543],[122.528721180974827,12.485801767616254],[122.528720853661184,12.485982622811429]]],[[[122.533138145859255,12.485990305709658],[122.5331384701053,12.485809450399641],[122.5331387943462,12.485628595087315],[122.532954740701783,12.485628276420444],[122.532954416332984,12.485809131728063],[122.532954091959127,12.485989987033284],[122.53295376758021,12.486170842336017],[122.533137821608136,12.486171161017188],[122.533138145859255,12.485990305709658]]],[[[122.503689243025619,12.486118574411629],[122.503688898318075,12.486299428931256],[122.503688553605187,12.486480283448484],[122.503872607056863,12.486480622110028],[122.503872951641938,12.486299767587647],[122.503873296221599,12.486118913062958],[122.503689243025619,12.486118574411629]]],[[[122.506633066803701,12.486666541555556],[122.506632724125282,12.486847396148635],[122.506816777918559,12.486847732810533],[122.506817120469165,12.486666878212391],[122.506633066803701,12.486666541555556]]],[[[122.53368836430819,12.487076392879546],[122.533688688201181,12.486895537569884],[122.533689012089042,12.486714682257736],[122.533504957662487,12.486714363939209],[122.533504633646743,12.486895219246472],[122.53350430962594,12.487076074551426],[122.53368836430819,12.487076392879546]]],[[[122.503319411780168,12.487022169255644],[122.503503465604524,12.487022508183463],[122.503503810461382,12.48684165367858],[122.503319756764924,12.486841314755734],[122.503319411780168,12.487022169255644]]],[[[122.500557911243661,12.48737877910485],[122.500741965242554,12.487379119927065],[122.50074231202764,12.487198265503094],[122.500558258156644,12.487197924686031],[122.500557911243661,12.48737877910485]]],[[[122.533318958303553,12.487799177273926],[122.533503013492066,12.487799495746641],[122.533503337533134,12.487618640451457],[122.533503661569128,12.487437785153874],[122.533503985600063,12.487256929853805],[122.53350430962594,12.487076074551426],[122.533320254948748,12.487075756097719],[122.533319930795059,12.48725661139539],[122.533135875995043,12.487256292811297],[122.533135551708483,12.487437148101774],[122.533135227416878,12.487618003389942],[122.5331349031201,12.487798858675534],[122.532950847941635,12.487798539951553],[122.5327667927683,12.487798221101984],[122.532766468210852,12.487979076375675],[122.532950523511985,12.48797939523004],[122.533134578818277,12.487979713958817],[122.533318634129628,12.487980032561916],[122.533318958303553,12.487799177273926]]],[[[122.509024059734983,12.487575181565189],[122.509023718691523,12.487756036211382],[122.509207773193481,12.48775637126541],[122.509208114109043,12.487575516614244],[122.509024059734983,12.487575181565189]]],[[[122.502765868812801,12.487744569632673],[122.502765523417523,12.487925424105137],[122.502949577864854,12.487925763435124],[122.502949923132221,12.487744908957596],[122.502765868812801,12.487744569632673]]],[[[122.532030247056952,12.487977799702064],[122.532029921983025,12.488158654954349],[122.53221397739172,12.488158974315953],[122.532398032805474,12.488159293551879],[122.532582088224288,12.488159612662217],[122.53276614364826,12.488159931646967],[122.532766468210852,12.487979076375675],[122.532582412914792,12.487978757395721],[122.532398357623691,12.487978438290179],[122.532214302337749,12.48797811905896],[122.532030247056952,12.487977799702064]]],[[[122.53000531282342,12.488155133685739],[122.530004986338085,12.488335988882957],[122.529886714892911,12.488335782694024],[122.529820930862698,12.488335668009141],[122.529820604244406,12.488516523199076],[122.529820277621056,12.488697378386613],[122.529636221895103,12.488697057377616],[122.529635895138711,12.488877912557959],[122.529819950992547,12.488878233571752],[122.529886714892911,12.488878349969843],[122.530004006851456,12.488878554459957],[122.530004333352153,12.48869769927011],[122.530188389088323,12.488698020027842],[122.530188062715524,12.488878875222573],[122.530187736337666,12.489059730414818],[122.53018740995465,12.489240585604664],[122.530371466079487,12.489240906251196],[122.530371792334691,12.489060051056642],[122.530372118584651,12.488879195859512],[122.530372444829638,12.488698340660074],[122.530556500576012,12.488698661166628],[122.530556826688041,12.488517805959907],[122.530740882311662,12.488518126335988],[122.530741208290735,12.488337271122072],[122.530741534264649,12.488156415905758],[122.530925589637718,12.488156736146658],[122.530925915478676,12.48797588092315],[122.531109970729005,12.487976201033666],[122.531110296437092,12.487795345802875],[122.531110622140019,12.487614490569685],[122.5309265671454,12.487614170468673],[122.53074251215584,12.487613850242072],[122.530558457171423,12.487613529889883],[122.530558131084888,12.487794385108772],[122.530374075977733,12.48779406462611],[122.530190020875651,12.487793744017948],[122.530005965778699,12.487793423284108],[122.530005639303596,12.487974278486123],[122.53000531282342,12.488155133685739]],[[122.53055747889664,12.48815609553918],[122.530557804993379,12.487975240325175],[122.530741860233505,12.487975560686957],[122.530741534264649,12.488156415905758],[122.53055747889664,12.48815609553918]]],[[[122.529451839290005,12.488877591418488],[122.529267783446471,12.48887727015334],[122.529267456429295,12.489058125321693],[122.52945151240074,12.489058446591548],[122.52963556837733,12.489058767735814],[122.529635895138711,12.488877912557959],[122.529451839290005,12.488877591418488]]],[[[122.534973516966517,12.488887170954319],[122.534973193912762,12.489068026270465],[122.535157250041763,12.489068343645835],[122.535157572967634,12.488887488324893],[122.534973516966517,12.488887170954319]]],[[[122.534421025556028,12.489067073390556],[122.534420702113692,12.489247928690093],[122.534604758355414,12.489248246447113],[122.534605081669852,12.48906739114287],[122.534421025556028,12.489067073390556]]],[[[122.528715288545612,12.489057160758241],[122.528714961139784,12.489238015909718],[122.528714633728882,12.489418871058708],[122.528898689940661,12.489419192715099],[122.529082746157599,12.489419514245901],[122.529266802379595,12.489419835651026],[122.529267129406975,12.489238980487558],[122.529267456429295,12.489058125321693],[122.529083400462923,12.48905780392616],[122.528899344501696,12.489057482405039],[122.528715288545612,12.489057160758241]]],[[[122.530003353834886,12.489240264832544],[122.530003027319012,12.489421120015107],[122.530187083566588,12.489421440792112],[122.53018740995465,12.489240585604664],[122.530003353834886,12.489240264832544]]],[[[122.53478881460218,12.489248564078457],[122.534788491410495,12.48942941938501],[122.534972547790133,12.489429736895472],[122.534972870853935,12.489248881584212],[122.53478881460218,12.489248564078457]]],[[[122.532027646323016,12.489424641651778],[122.532027971432555,12.489243786416635],[122.532028296537021,12.489062931179005],[122.531844240494181,12.48906261166792],[122.531843915261888,12.489243466900755],[122.531843590024451,12.489424322131191],[122.531843264781955,12.489605177359229],[122.531659208360651,12.489604857708168],[122.531658882985184,12.489785712929011],[122.531842939534386,12.48978603258478],[122.532026996088661,12.48978635211496],[122.532027321208403,12.489605496884613],[122.532027646323016,12.489424641651778]]],[[[122.535340337751464,12.48961122685782],[122.53552439427412,12.489611543996135],[122.535524716959458,12.489430688673062],[122.535340660564628,12.489430371539543],[122.535340337751464,12.48961122685782]]],[[[122.501289623556715,12.489731249127987],[122.501473679239226,12.489731589513751],[122.501474025583519,12.48955073510106],[122.501289970028893,12.489550394720359],[122.501289623556715,12.489731249127987]]],[[[122.490677844458958,12.489882138554007],[122.490677490604767,12.49006299266072],[122.490861546220131,12.490063340299793],[122.490861899946523,12.489882486187929],[122.490677844458958,12.489882138554007]]],[[[122.530737948270925,12.490145823151986],[122.530738274295814,12.489964967959919],[122.530554217649367,12.489964647545468],[122.530553891496567,12.490145502732739],[122.530737948270925,12.490145823151986]]],[[[122.501288930596274,12.49009295793587],[122.501288584107925,12.490273812336126],[122.501472640173958,12.490274152737166],[122.501472986534495,12.490093298331759],[122.501288930596274,12.49009295793587]]],[[[122.50404942566685,12.490278905159178],[122.504233481813884,12.490279243675593],[122.504233826256481,12.490098389194246],[122.504049770237174,12.490098050682894],[122.50404942566685,12.490278905159178]]],[[[122.530369508441524,12.49032603736798],[122.530553565338622,12.490326357917612],[122.530553891496567,12.490145502732739],[122.530369834727281,12.490145182187904],[122.530369508441524,12.49032603736798]]],[[[122.530737622240878,12.490326678341566],[122.530737296205771,12.490507533528747],[122.530921353240984,12.490507853831909],[122.530921679148193,12.490326998639931],[122.530922005050343,12.490146143445555],[122.530737948270925,12.490145823151986],[122.530737622240878,12.490326678341566]]],[[[122.530185451549485,12.490325716692761],[122.530185125130771,12.490506571865554],[122.530184798706998,12.490687427035949],[122.530368855854732,12.490687747720761],[122.530369182150622,12.49050689254557],[122.530369508441524,12.49032603736798],[122.530185451549485,12.490325716692761]]],[[[122.500367609587272,12.49063381718881],[122.500367262443277,12.490814671556381],[122.500551318865817,12.490815012600818],[122.500551665881929,12.490634158228184],[122.500367609587272,12.49063381718881]]],[[[122.506625183842658,12.490826196581848],[122.506809240448618,12.490826533354413],[122.506809583117175,12.49064567880974],[122.506625526639112,12.490645342042237],[122.506625183842658,12.490826196581848]]],[[[122.530552586834418,12.490868923457574],[122.530736644120182,12.490869243895828],[122.530736970165506,12.490688388713531],[122.53055291300754,12.490688068279985],[122.530368855854732,12.490687747720761],[122.530368529553613,12.490868602893554],[122.530552586834418,12.490868923457574]]],[[[122.50349622236341,12.490820452224947],[122.503495877387891,12.49100130667645],[122.503679934030274,12.49100164558997],[122.50368027887798,12.490820791133492],[122.50349622236341,12.490820452224947]]],[[[122.492331875005178,12.491151241758667],[122.492331522262987,12.491332095894956],[122.492515578823202,12.491332442439527],[122.492699635388831,12.491332788858509],[122.492699987875227,12.491151934711828],[122.492515931437495,12.491151588298086],[122.492331875005178,12.491151241758667]]],[[[122.49564489162843,12.491157460244127],[122.495644541188042,12.49133831447323],[122.495828597847122,12.491338658756144],[122.495828948159613,12.491157804521889],[122.49564489162843,12.491157460244127]]],[[[122.502574903010697,12.491361319068703],[122.502574557379518,12.491542173487522],[122.502758614378592,12.491542513044527],[122.502758959881774,12.491361658620646],[122.502574903010697,12.491361319068703]]],[[[122.492698930399612,12.491694497144499],[122.492698577896689,12.491875351283808],[122.492882634851526,12.491875697592656],[122.492882987226537,12.491694843448107],[122.492698930399612,12.491694497144499]]],[[[122.530734687741216,12.491954374938805],[122.53073436166018,12.492135230104138],[122.530918419846302,12.492135550450287],[122.530918745799426,12.491954695280247],[122.530734687741216,12.491954374938805]]],[[[122.497851476847245,12.492246708991859],[122.497851127908589,12.492427563267947],[122.498035185400596,12.492427906073731],[122.498035534211354,12.492247051792491],[122.497851476847245,12.492246708991859]]],[[[122.531837409547521,12.492860571047801],[122.532021468275687,12.492860890659072],[122.53202179348186,12.492680035470025],[122.531837734881506,12.492679715863551],[122.531837409547521,12.492860571047801]]],[[[122.509381942537587,12.493001490165421],[122.50938228347988,12.492820635579713],[122.509198225392439,12.492820300511296],[122.509014167310241,12.492819965317112],[122.509013826112152,12.493000819892783],[122.509197884322163,12.493001155091941],[122.509197543246628,12.493182009670187],[122.509381601589951,12.493182344748641],[122.509381942537587,12.493001490165421]]],[[[122.506252610480814,12.493176631322909],[122.506252267353503,12.493357485818466],[122.506436325739188,12.49335782291273],[122.506436668738516,12.493176968412198],[122.506252610480814,12.493176631322909]]],[[[122.522081640041421,12.493205161668017],[122.522081972164187,12.49302430674418],[122.521897913585676,12.493023980341897],[122.521713855012322,12.493023653814026],[122.52171418738574,12.492842798897472],[122.521530128945429,12.49284247224872],[122.5215304614415,12.492661617334653],[122.521346403134416,12.492661290565108],[122.521162344832391,12.492660963669886],[122.521162012080524,12.492841818574272],[122.521161679323498,12.493022673476171],[122.521161346561158,12.493203528375583],[122.521345405246862,12.49320385528546],[122.521345072607261,12.493384710187359],[122.521344739962501,12.493565565086859],[122.521344407312512,12.493746419983873],[122.521528466387068,12.493746746782728],[122.521528133859732,12.493927601682229],[122.521527801327323,12.494108456579243],[122.521711860662833,12.494108783262101],[122.521711528253093,12.494289638161691],[122.52189558772173,12.494289964723668],[122.521895255434643,12.494470819625656],[122.522079315036436,12.49447114606693],[122.522263374643359,12.494471472382438],[122.52244743425554,12.494471798572357],[122.522631493872865,12.494472124636511],[122.522815553495434,12.494472450575076],[122.522999613123147,12.494472776387875],[122.523183672756019,12.494473102074997],[122.523367732394121,12.494473427636441],[122.523551792037381,12.494473753072208],[122.523552123173218,12.494292898126522],[122.523552454303896,12.494112043178349],[122.523552785429416,12.493931188227689],[122.523553116549792,12.49375033327472],[122.523369057418122,12.493750007858315],[122.523369388661152,12.493569152907744],[122.523185329662624,12.493568827370547],[122.523001270669241,12.493568501707761],[122.523001602162921,12.493387646764385],[122.522817543302679,12.493387320980807],[122.522633484447596,12.493386995071463],[122.522449425597657,12.493386669036441],[122.522449757469872,12.493205814105321],[122.522265698752975,12.493205487949508],[122.522081640041421,12.493205161668017]],[[122.522264370721516,12.493928907640059],[122.522448429949904,12.493929233815324],[122.522632489183536,12.493929559864911],[122.522816548422412,12.493929885788821],[122.522816216785301,12.49411074072003],[122.522815885142933,12.494291595648752],[122.522631825648276,12.494291269715161],[122.522447766158848,12.494290943655804],[122.52226370667465,12.494290617470769],[122.522264038700712,12.494109762556613],[122.522079979349485,12.494109436250787],[122.522080311498271,12.493928581339118],[122.522264370721516,12.493928907640059]]],[[[122.531467338460416,12.493945062445553],[122.531467012834938,12.494125917603247],[122.531651072448355,12.494126237499268],[122.531651397945851,12.493945382336777],[122.531467338460416,12.493945062445553]]],[[[122.49784798721538,12.494055251643408],[122.497847638222268,12.49423610589516],[122.498031696993252,12.494236448752103],[122.498032045858551,12.494055594495199],[122.49784798721538,12.494055251643408]]],[[[122.498215407026834,12.494417645743026],[122.49821575576965,12.494236791483369],[122.498031696993252,12.494236448752103],[122.498031348122453,12.494417303006609],[122.498215407026834,12.494417645743026]]],[[[122.526497076121558,12.494298087928],[122.526496747032269,12.494478942951224],[122.526680806763281,12.4944792662503],[122.526681135724672,12.49429841122228],[122.526497076121558,12.494298087928]]],[[[122.531833505142188,12.495030833069452],[122.531833179741952,12.495211688222083],[122.532017240133058,12.495212007895349],[122.532017565405226,12.495031152737921],[122.531833505142188,12.495030833069452]]],[[[122.504038396568234,12.496066247117907],[122.504038051819919,12.496247101513989],[122.504222112187662,12.496247440197203],[122.504222456807994,12.49606658579606],[122.504038396568234,12.496066247117907]]],[[[122.531830901798344,12.496477674222648],[122.531830576357422,12.496658529355917],[122.53201463777188,12.496658849067375],[122.532014963084819,12.496477993929398],[122.532015288392685,12.496297138788934],[122.531831227234107,12.496296819087069],[122.531830901798344,12.496477674222648]]],[[[122.490664748165926,12.496573738880832],[122.490848808385621,12.496574086706778],[122.490849162311122,12.496393232682577],[122.490665102219424,12.496392884861693],[122.490664748165926,12.496573738880832]]],[[[122.490848454454508,12.496754940728669],[122.490848100517894,12.496935794748163],[122.491032160998969,12.496936142458823],[122.4910325148076,12.496755288434178],[122.490848454454508,12.496754940728669]]],[[[122.533118032698866,12.497203330181437],[122.533117708133247,12.497384185338243],[122.533301770095008,12.497384504188789],[122.533302094532729,12.497203649027187],[122.533118032698866,12.497203330181437]]],[[[122.533480966807588,12.500097650117423],[122.533480642416677,12.500278505244831],[122.533664706435985,12.50027882392005],[122.533665030698828,12.500097968787847],[122.533480966807588,12.500097650117423]]],[[[122.535135602501555,12.50118564460899],[122.535135279232151,12.501366499764641],[122.53531934406486,12.501366817336477],[122.535319667206281,12.501185962176118],[122.535135602501555,12.50118564460899]]],[[[122.535340983372805,12.489249516218779],[122.535525039639737,12.489249833347591],[122.535525362314957,12.489068978019633],[122.535341306175837,12.489068660895528],[122.535340983372805,12.489249516218779]]],[[[122.550247057427882,12.490721642122447],[122.550246744937141,12.490902497801324],[122.550246432441412,12.491083353477714],[122.550246119940809,12.491264209151618],[122.550430178016711,12.491264516154663],[122.550430490389317,12.491083660476052],[122.550430802757148,12.490902804795132],[122.550614860582129,12.490903111663263],[122.55061517281716,12.490722255975237],[122.550431115120077,12.490721949111725],[122.550247057427882,12.490721642122447]]],[[[122.550614548342196,12.491083967348802],[122.550798606299878,12.491084274095963],[122.550798918411985,12.490903418405805],[122.550614860582129,12.490903111663263],[122.550614548342196,12.491083967348802]]],[[[122.550798294182968,12.491265129783633],[122.550982352273422,12.491265436409646],[122.55098266426252,12.491084580717358],[122.550798606299878,12.491084274095963],[122.550798294182968,12.491265129783633]]],[[[122.551166098502762,12.491446598604492],[122.551166410368765,12.491265742910072],[122.550982352273422,12.491265436409646],[122.550982040279521,12.491446292099537],[122.551166098502762,12.491446598604492]]],[[[122.550429553256635,12.491626227504424],[122.550613611593121,12.491626534390941],[122.550613923847706,12.491445678712685],[122.550429865639117,12.491445371830698],[122.550429553256635,12.491626227504424]]],[[[122.551717961714431,12.491628373071082],[122.551533903348641,12.49162806693854],[122.551533591728656,12.491808922637224],[122.551717650222258,12.491809228774384],[122.551717961714431,12.491628373071082]]],[[[122.551717338725211,12.4919900844752],[122.5519013973516,12.491990390491301],[122.551901708720749,12.491809534785867],[122.551717650222258,12.491809228774384],[122.551717338725211,12.4919900844752]]],[[[122.550612987069314,12.491988245740169],[122.550612674800078,12.492169101411141],[122.550796733525146,12.492169408185747],[122.550797045666471,12.491988552510156],[122.550612987069314,12.491988245740169]]],[[[122.551901085977562,12.492171246194248],[122.551900774598721,12.492352101894797],[122.552084833485708,12.49235240779428],[122.552085144736722,12.492171552089202],[122.551901085977562,12.492171246194248]]],[[[122.550796109227818,12.492531119529557],[122.550795797071743,12.492711975197865],[122.550979856185378,12.492712281860472],[122.550980168213385,12.492531426187634],[122.550796109227818,12.492531119529557]]],[[[122.552268581249635,12.492533569275386],[122.552268270116826,12.492714424980287],[122.552452329269371,12.492714730637564],[122.552452640274282,12.492533874928133],[122.552268581249635,12.492533569275386]]],[[[122.555578864785275,12.494166753790124],[122.555578555911111,12.494347609554977],[122.555762616302033,12.494347912991008],[122.555762925048313,12.494167057221626],[122.555578864785275,12.494166753790124]]],[[[122.556130737098286,12.494348519485952],[122.556314797503688,12.494348822544863],[122.556315105866275,12.494167966761891],[122.556131045588856,12.494167663707509],[122.556130737098286,12.494348519485952]]],[[[122.545455241903412,12.494330727017919],[122.545271181786049,12.494330416543518],[122.545270865743831,12.494511272049289],[122.545454925989105,12.494511582528309],[122.545454610069896,12.494692438036301],[122.545638670448042,12.494692748394263],[122.545638986239339,12.494511892881652],[122.545639302025762,12.494331037366644],[122.545455241903412,12.494330727017919]]],[[[122.545086805503445,12.494510961444503],[122.545086489328369,12.494691816943169],[122.545270549696639,12.494692127552574],[122.545270865743831,12.494511272049289],[122.545086805503445,12.494510961444503]]],[[[122.550976423554403,12.49470169410146],[122.550976111467691,12.494882549745165],[122.550975799376175,12.495063405386384],[122.551159860157455,12.49506371198291],[122.551160172121072,12.494882856337073],[122.551160484079801,12.494702000688749],[122.551160796033642,12.494521145038027],[122.551161107982594,12.494340289384995],[122.55097704771299,12.494339982806766],[122.550976735636141,12.494520838455356],[122.550976423554403,12.49470169410146]]],[[[122.544901796344263,12.495053217188987],[122.544902112657098,12.494872361699736],[122.544718052170779,12.494872050834358],[122.544717735730046,12.495052906318902],[122.544901796344263,12.495053217188987]]],[[[122.545269917587518,12.495053838551948],[122.545453978216656,12.495054149044913],[122.545454294145728,12.494873293541806],[122.545270233644572,12.49487298305346],[122.545269917587518,12.495053838551948]]],[[[122.544533358547099,12.495233450800667],[122.544717419284325,12.495233761801048],[122.544717735730046,12.495052906318902],[122.544533675120803,12.495052595323139],[122.544533358547099,12.495233450800667]]],[[[122.547110524100148,12.495056937825408],[122.547110209317466,12.495237793367684],[122.5472942701237,12.495238102608317],[122.547478330934922,12.495238411723273],[122.547662391751018,12.495238720712551],[122.547846452572088,12.495239029576064],[122.548030513398047,12.495239338313988],[122.548030827541155,12.49505848274862],[122.547846766843193,12.495058174015314],[122.547662706150106,12.49505786515642],[122.547478645461894,12.49505755617176],[122.547294584778584,12.495057247061423],[122.547110524100148,12.495056937825408]]],[[[122.546925833600454,12.495418339536544],[122.546926148516107,12.495237484001374],[122.546742087719636,12.495237174509297],[122.546741772676086,12.495418030039938],[122.546925833600454,12.495418339536544]]],[[[122.57067003182334,12.495276354514315],[122.570669733410043,12.495457210629732],[122.570853794957657,12.495457503785632],[122.570854093243042,12.495276647665863],[122.57067003182334,12.495276354514315]]],[[[122.548214260208795,12.495420502493646],[122.548213946183722,12.495601358058748],[122.548398007275338,12.495601666554466],[122.548398321172513,12.495420810984745],[122.548398635064714,12.495239955412627],[122.548214574228894,12.495239646926146],[122.548214260208795,12.495420502493646]]],[[[122.544164603413734,12.495594539351904],[122.544348664396907,12.495594850612965],[122.544348981108357,12.495413995144942],[122.544164920253095,12.495413683888588],[122.544164603413734,12.495594539351904]]],[[[122.546557711756691,12.495417720417565],[122.546557396580369,12.495598575941189],[122.546741457627661,12.495598885568091],[122.546741772676086,12.495418030039938],[122.546557711756691,12.495417720417565]]],[[[122.550791114146307,12.495424809930276],[122.550790801912257,12.495605665559681],[122.550974863072341,12.495605972295563],[122.550975175178507,12.495425116661627],[122.550791114146307,12.495424809930276]]],[[[122.545268653310046,12.495777260521477],[122.545452714450775,12.495777571033004],[122.545636775596478,12.495777881418855],[122.545820836747154,12.495778191678939],[122.545821152440126,12.495597336176276],[122.545637091417447,12.49559702592081],[122.545453030399642,12.495596715539667],[122.545268969386811,12.495596405032758],[122.545084908378954,12.495596094400172],[122.545084592174192,12.495776949884361],[122.545268653310046,12.495777260521477]]],[[[122.546373335537865,12.495598266188521],[122.54618927450035,12.495597956310087],[122.546188959063244,12.495778811821987],[122.546373020228671,12.49577912170504],[122.546557081399058,12.495779431462326],[122.546557396580369,12.495598575941189],[122.546373335537865,12.495598266188521]]],[[[122.548581754597762,12.495782830496269],[122.54839769337336,12.495782522121699],[122.548397379466422,12.495963377686534],[122.548581440818793,12.495963686065723],[122.548581754597762,12.495782830496269]]],[[[122.550237680578277,12.496147311430148],[122.550237993210771,12.495966455821792],[122.550053931814332,12.495966148573965],[122.550053619053855,12.496147004177702],[122.550237680578277,12.496147311430148]]],[[[122.544531775604611,12.496137728151622],[122.544531459001249,12.496318583614494],[122.544715520506031,12.496318894642764],[122.54471583698141,12.496138039175184],[122.544531775604611,12.496137728151622]]],[[[122.544899582015717,12.496319205545268],[122.544715520506031,12.496318894642764],[122.544715204025678,12.496499750107857],[122.544899265663346,12.496500061014979],[122.545083327305903,12.496500371796424],[122.545083643530461,12.496319516322094],[122.545083959749945,12.496138660845277],[122.545084275964555,12.495957805365974],[122.544900214705791,12.495957494598473],[122.544716153451915,12.495957183705206],[122.54471583698141,12.496138039175184],[122.544899898363198,12.496138350073069],[122.544899582015717,12.496319205545268]]],[[[122.54894862293942,12.496506869168398],[122.549132684690321,12.496507177184233],[122.549316746446124,12.496507485074391],[122.549500808206801,12.496507792838871],[122.549684869972452,12.496508100477586],[122.549868931742893,12.496508407990623],[122.549869244641044,12.4963275523963],[122.549685182998502,12.496327244887881],[122.549501121360919,12.496326937253697],[122.549317059728139,12.496326629493923],[122.549132998100248,12.496326321608295],[122.548948936477331,12.496326013597079],[122.548949250010253,12.496145158023273],[122.548765188520122,12.496144849890909],[122.548765502176067,12.495963994319235],[122.548581440818793,12.495963686065723],[122.548581127034865,12.496144541632779],[122.548580813246048,12.496325397197348],[122.548764874859202,12.496325705460096],[122.548764561193394,12.496506561026797],[122.54894862293942,12.496506869168398]]],[[[122.549869557534308,12.496146696799579],[122.549869244641044,12.4963275523963],[122.550053306288476,12.496327859779042],[122.550053619053855,12.496147004177702],[122.549869557534308,12.496146696799579]]],[[[122.538273370796887,12.496307933859638],[122.538273049838864,12.496488789161129],[122.538457111302179,12.496489104468109],[122.538457432132304,12.496308249161912],[122.538273370796887,12.496307933859638]]],[[[122.539745541685633,12.496491308096855],[122.539745861620204,12.496310452757706],[122.539561800249786,12.49631013833544],[122.539561480187231,12.496490993669882],[122.539745541685633,12.496491308096855]]],[[[122.554471096984145,12.49615434354193],[122.554470787289205,12.496335199252782],[122.554286725524975,12.496334894887005],[122.554286415697263,12.496515750590929],[122.554102353809924,12.496515446094856],[122.553918291927488,12.496515141473195],[122.553917981839078,12.496695997165572],[122.554102043849426,12.496696301791852],[122.554101733884124,12.496877157486272],[122.554285796027344,12.496877461991405],[122.554469858175452,12.49687776637086],[122.554653920328249,12.496878070624549],[122.554837982486035,12.496878374752471],[122.555022044648609,12.496878678754806],[122.555206106815987,12.496878982631285],[122.555390168988254,12.496879286382176],[122.555390478058001,12.49669843065587],[122.55557454010706,12.496698734276466],[122.555574849044035,12.496517878543232],[122.555758910970084,12.49651818203362],[122.555759219774274,12.496337326293459],[122.55575952857366,12.49615647055081],[122.555575466903576,12.496156167069481],[122.555391405238197,12.496155863462475],[122.555207343577706,12.496155559729791],[122.555207652756081,12.495974703998334],[122.555023591228363,12.495974400144503],[122.555023281922104,12.496155255871431],[122.55483922027129,12.496154951887304],[122.55465515862528,12.496154647777411],[122.554471096984145,12.49615434354193]],[[122.554470477589476,12.496516054961235],[122.554654539486492,12.496516359205865],[122.554654849058323,12.496335503492881],[122.554838910832231,12.496335807607215],[122.555022972610942,12.496336111595872],[122.555207034394542,12.496336415458851],[122.55539109618293,12.496336719196064],[122.55539078712286,12.496517574927166],[122.555206725206489,12.496517271185423],[122.555206416013633,12.496698126909598],[122.555022353974252,12.496697823037559],[122.554838291939561,12.496697519039843],[122.554654229909772,12.496697214916361],[122.554470167884858,12.496696910667202],[122.554470477589476,12.496516054961235]]],[[[122.569747930406962,12.496360023395789],[122.569563868247755,12.496359729463711],[122.569563569038749,12.496540585538272],[122.569747631325939,12.496540879474702],[122.569747930406962,12.496360023395789]]],[[[122.539377418693817,12.496490679117143],[122.539377098498392,12.496671534444479],[122.539561160119703,12.496671849001837],[122.539561480187231,12.496490993669882],[122.539377418693817,12.496490679117143]]],[[[122.569379506756263,12.496540291476164],[122.569379207414642,12.496721147543886],[122.56956326982511,12.496721441610346],[122.569563569038749,12.496540585538272],[122.569379506756263,12.496540291476164]]],[[[122.568642657961661,12.496900826068389],[122.568642358098955,12.49708168211364],[122.568826420746561,12.49708197669178],[122.568826720481383,12.496901120642088],[122.568642657961661,12.496900826068389]]],[[[122.568089869932976,12.49726165365451],[122.568273932694538,12.497261948614211],[122.568274232817757,12.497081092580151],[122.568090170184263,12.497080797624891],[122.568089869932976,12.49726165365451]]],[[[122.567169255300357,12.497441032975418],[122.567353318166283,12.497441328568124],[122.567353618933964,12.497260472558489],[122.567169556196021,12.497260176970224],[122.567169255300357,12.497441032975418]]],[[[122.564776135908019,12.497618034774947],[122.564775833339567,12.497798890717791],[122.564959896400083,12.497799187953715],[122.564960198840566,12.49761833200643],[122.564776135908019,12.497618034774947]]],[[[122.56495959395491,12.497980043898513],[122.564959291505019,12.498160899840913],[122.564958989050339,12.498341755780915],[122.565143052499536,12.498342052904396],[122.565143354826233,12.498161196960043],[122.565143657148127,12.497980341013202],[122.56495959395491,12.497980043898513]]],[[[122.539374216513778,12.498299232280816],[122.539373896268259,12.498480087583816],[122.539557959169088,12.498480402188159],[122.539558279286624,12.498299546880451],[122.539374216513778,12.498299232280816]]],[[[122.543055155232409,12.498486355782044],[122.543239218232813,12.498486667871775],[122.543239535791315,12.498305812470631],[122.543055472918738,12.498305500385518],[122.543055155232409,12.498486355782044]]],[[[122.538637323952855,12.498659683191002],[122.538821386961516,12.498659998302939],[122.538821707595957,12.498479143016459],[122.538637644715209,12.49847882790923],[122.538637323952855,12.498659683191002]]],[[[122.539373255762214,12.498841798182534],[122.539372935501589,12.499022653478251],[122.539556998786296,12.499022968096627],[122.539557318918838,12.498842112796202],[122.539373255762214,12.498841798182534]]],[[[122.54176512138298,12.499388444416235],[122.541764802770999,12.499569299765509],[122.541948866504498,12.499569612763404],[122.541949184988496,12.499388757409422],[122.54176512138298,12.499388444416235]]],[[[122.540475717745878,12.499928815885406],[122.540476037263616,12.499747960573702],[122.540291973442095,12.499747646565238],[122.540107909625561,12.499747332431008],[122.539923845813988,12.499747018171012],[122.539923525912286,12.499927873468684],[122.540107589851843,12.499928187733298],[122.540291653796373,12.499928501872235],[122.540475717745878,12.499928815885406]]]]}},
{"type":"Feature","properties":{"fid":161,"HAZ":2.0,"layer":"Romblon_StormSurge_SSA4","path":"/Users/jhannaroseverzo/Downloads/Romblon/Romblon_StormSurge_SSA4.shp","Risk Level":"Medium","fid_2":243,"SYSTRA ID":"243","DAR ID":"148","Target Year":"2028","Bridge Category":"Original List","Bridge Name":"TAMPAYAN BRIDGE","Coordinates Y":"12.490497","Coordinates X":"122.525807","Region":"IV-B","Province":"ROMBLON","ARC 2026":"non-ARC","LINEAR METER IVF 2026":"34","EIRR 2026":"0.12","NEW/REPLACEMENT BRIDGE 2026":"replacement","Visited by SYSTRA":"No","Selected for 2nd Visit of SYSTRA":"No","Final Funder":"No Funder","2023 IVF URL":"","2026 IVF URL":"https://drive.google.com/open?id=1uLFdtdmkeyXGjcddtsJkznxdCD28oUmH"},"geometry":{"type":"MultiPolygon","coordinates":[[[[122.48074390643292,12.487331225967688],[122.480743545753256,12.487512079825356],[122.480927599277052,12.487512434174795],[122.480927959828904,12.487331580311887],[122.48074390643292,12.487331225967688]]],[[[122.481111292376895,12.487693642264395],[122.481111652806533,12.487512788398556],[122.480927599277052,12.487512434174795],[122.480927238719602,12.487693288035215],[122.481111292376895,12.487693642264395]]],[[[122.481479039528736,12.487875204219643],[122.481663093330795,12.487875558077208],[122.481847147138467,12.487875911809185],[122.481847507062469,12.487695057924695],[122.481663453382609,12.487694704198047],[122.481479399708348,12.487694350345722],[122.481295346039786,12.487693996367897],[122.481294985732347,12.487874850236489],[122.481479039528736,12.487875204219643]]],[[[122.482030841150021,12.488057119302818],[122.482031200951809,12.487876265415485],[122.481847147138467,12.487875911809185],[122.481846787208866,12.488056765691278],[122.482030841150021,12.488057119302818]]],[[[122.482214535417285,12.488238326679033],[122.482214895096774,12.488057472788858],[122.482030841150021,12.488057119302818],[122.482030481342633,12.488237973187752],[122.482214535417285,12.488238326679033]]],[[[122.489575993844824,12.488614071515611],[122.489576348421906,12.488433217420711],[122.489392293995991,12.488432868948971],[122.489208239575575,12.488432520351553],[122.489207884742868,12.48861337443615],[122.489391939291011,12.48861372303872],[122.489575993844824,12.488614071515611]]],[[[122.489023475234049,12.488793879784774],[122.489207529904576,12.488794228518172],[122.489207884742868,12.48861337443615],[122.489023830200153,12.488613025707904],[122.489023475234049,12.488793879784774]]],[[[122.489575284674061,12.488975779698217],[122.489759339489098,12.488976128060001],[122.489759693949381,12.488795273964657],[122.48976004840415,12.488614419867003],[122.489575993844824,12.488614071515611],[122.489575639262242,12.488794925608113],[122.489575284674061,12.488975779698217]]],[[[122.488839065469534,12.48897438499502],[122.48902312026236,12.488974733859246],[122.489023475234049,12.488793879784774],[122.488839420569036,12.488793530925788],[122.488839065469534,12.48897438499502]]],[[[122.482580846379733,12.489143302751957],[122.482764901110485,12.489143655892674],[122.482765260434519,12.488962801998857],[122.482581205831664,12.488962448863381],[122.482580846379733,12.489143302751957]]],[[[122.488286190141608,12.48933504574846],[122.488470245173446,12.489335395000021],[122.488470600539856,12.489154540946066],[122.488286545635816,12.489154191699656],[122.488286190141608,12.48933504574846]]],[[[122.489758630551918,12.489337836243228],[122.489942685628165,12.489338184489727],[122.489943039971649,12.489157330394116],[122.4897589850233,12.489156982152769],[122.489758630551918,12.489337836243228]]],[[[122.488469534424127,12.489697103100559],[122.488653589717259,12.489697452236923],[122.48865394496687,12.489516598182613],[122.488469889801621,12.489516249051489],[122.488469534424127,12.489697103100559]]],[[[122.486444569777674,12.489874108298169],[122.486444212982718,12.490054962284889],[122.486628268470284,12.49005531281365],[122.486628625137428,12.48987445882169],[122.486444569777674,12.489874108298169]]],[[[122.488468823652596,12.490058811191505],[122.488652879201354,12.49005916033826],[122.488653234462063,12.489878306288835],[122.488469179041104,12.489877957147231],[122.488468823652596,12.490058811191505]]],[[[122.482579049035593,12.490047572158334],[122.482578689549911,12.490228426032344],[122.482762745047779,12.490228779204768],[122.482763104405564,12.490047925325429],[122.482579049035593,12.490047572158334]]],[[[122.490677136744978,12.490243846764946],[122.490861192488154,12.490244194409259],[122.490861546220131,12.490063340299793],[122.490677490604767,12.49006299266072],[122.490677136744978,12.490243846764946]]],[[[122.482946441315576,12.490409986133608],[122.482946800551233,12.490229132251516],[122.482762745047779,12.490228779204768],[122.482762385684296,12.490409633081532],[122.482946441315576,12.490409986133608]]],[[[122.48625944363819,12.490416319586215],[122.486443499375952,12.490416670251134],[122.486443856182092,12.490235816269211],[122.486259800572228,12.490235465609532],[122.48625944363819,12.490416319586215]]],[[[122.483130137839169,12.490591192944942],[122.483130496952526,12.490410339060007],[122.482946441315576,12.490409986133608],[122.482946082074406,12.490590840013303],[122.483130137839169,12.490591192944942]]],[[[122.487731533779439,12.490599975403436],[122.48773188969615,12.490419121387406],[122.487547833919407,12.49041877160205],[122.487363778148151,12.490418421690928],[122.487179722382592,12.490418071654306],[122.487179366082273,12.490598925654615],[122.487363421975729,12.490599275696566],[122.487547477874784,12.490599625612839],[122.487731533779439,12.490599975403436]]],[[[122.483679793901956,12.491858228223238],[122.483863850584385,12.491858580689206],[122.483864209225501,12.491677726800186],[122.483680152670971,12.491677374339458],[122.483679793901956,12.491858228223238]]],[[[122.487176871824133,12.491864903589276],[122.487360928612702,12.491865253667731],[122.487361284824118,12.491684399679146],[122.487177228163446,12.491684049605931],[122.487176871824133,12.491864903589276]]],[[[122.48496783291688,12.492041546764208],[122.485151889766286,12.492041898355852],[122.485152247517888,12.491861044432548],[122.484968190796295,12.491860692846144],[122.48496783291688,12.492041546764208]]],[[[122.490848808385621,12.496574086706778],[122.491032868610816,12.496574434407135],[122.491033222408419,12.496393580377605],[122.490849162311122,12.496393232682577],[122.490848808385621,12.496574086706778]]],[[[122.49048033376485,12.49675424494062],[122.490479979572342,12.496935098949633],[122.490664040042319,12.496935446911737],[122.49066439410683,12.496754592897483],[122.490664748165926,12.496573738880832],[122.490480687951745,12.49657339092912],[122.49048033376485,12.49675424494062]]],[[[122.523587855376277,12.474760549684225],[122.523403809663563,12.474760224777901],[122.523404140362942,12.474579369572245],[122.523404471057077,12.474398514364102],[122.523404801746068,12.47421765915365],[122.5234051324299,12.474036803940711],[122.52358917763182,12.474037128827584],[122.523773222838898,12.474037453589046],[122.52395726805122,12.474037778225009],[122.523956937750455,12.474218633452514],[122.524140983095549,12.474218957967773],[122.524141313268686,12.474038102735472],[122.524325358491296,12.474038427120435],[122.524325028445887,12.47421928235771],[122.524509073801369,12.474219606622059],[122.524693119162009,12.474219930760997],[122.524693448951993,12.474039075514041],[122.524693778736804,12.473858220264775],[122.524694108516485,12.473677365012934],[122.524878153499287,12.473677689011895],[122.524878483146082,12.47349683375286],[122.524878812787733,12.473315978491337],[122.524694768060371,12.473315654502146],[122.524695097824491,12.473134799243111],[122.524695427583552,12.472953943981588],[122.524879472055574,12.472954267961187],[122.524879801681763,12.472773412692382],[122.524695757337383,12.472773088717757],[122.524511712998148,12.472772764617543],[122.524511383116689,12.472953619876668],[122.52432733865497,12.472953295646159],[122.524327008640554,12.473134150897911],[122.52432667862108,12.473315006147265],[122.524510723338153,12.473315330387456],[122.524510393441147,12.473496185639208],[122.524326348596361,12.473495861394222],[122.524142303756818,12.473495537023735],[122.524141973599228,12.473676392263409],[122.524141643436579,12.473857247500684],[122.52395759834674,12.473856922995017],[122.523773553262146,12.473856598363939],[122.523773883680235,12.473675743136434],[122.523589838728512,12.473675418384653],[122.523590169269085,12.473494563159546],[122.523406124450233,12.473494238287239],[122.52322207963654,12.473493913289433],[122.523038034827991,12.473493588166127],[122.523037703904336,12.473674443376668],[122.523221748840527,12.47367476850477],[122.523221418039441,12.473855623717798],[122.523037372975551,12.473855298584811],[122.523037042041508,12.474036153790466],[122.523221087233125,12.47403647892825],[122.52322075642158,12.474217334136393],[122.523220425604961,12.474398189342049],[122.523220094783099,12.474579044545306],[122.523219763956092,12.474759899746077],[122.523219433123842,12.47494075494445],[122.523219102286433,12.475121610140425],[122.523218771443879,12.475302465334002],[122.523402817534517,12.475302790380391],[122.523402486814447,12.475483645576366],[122.523586533037943,12.475483970502053],[122.523586202440441,12.475664825700514],[122.523770248796822,12.475665150505586],[122.523769918321889,12.475846005706446],[122.523769587841713,12.476026860904819],[122.523953634458593,12.476027185594161],[122.523953964811042,12.475846330390903],[122.523954295158347,12.475665475185247],[122.523954625500508,12.475484619977104],[122.523770579266611,12.475484295302328],[122.523770909731326,12.475303440096672],[122.523771240190726,12.475122584888618],[122.523955286169183,12.475122909553624],[122.523955616495783,12.474942054338287],[122.523955946817253,12.474761199120463],[122.523956277133465,12.474580343900241],[122.523772231538075,12.474580019249712],[122.523588185947929,12.474579694473684],[122.523587855376277,12.474760549684225]]],[[[122.52450742413555,12.475123882796],[122.524691470134613,12.475124206959096],[122.524691799950432,12.474943351724397],[122.524507754078996,12.474943027566097],[122.52450742413555,12.475123882796]]],[[[122.524689820978153,12.476028483096622],[122.52468949113134,12.476209338316755],[122.524873537901868,12.476209662383484],[122.524873867620968,12.476028807158466],[122.524874197334825,12.475847951930961],[122.524690150819737,12.475847627874002],[122.524689820978153,12.476028483096622]]],[[[122.523400502385471,12.476568776701145],[122.523584549375201,12.476569101656052],[122.523584879998637,12.476388246469758],[122.523768926865813,12.476388571294281],[122.523769257356378,12.476207716100793],[122.523769587841713,12.476026860904819],[122.523585541229892,12.476026536089977],[122.523585210616844,12.476207391281067],[122.523401163882539,12.476207066335929],[122.523217117153393,12.476206741265203],[122.523216786279761,12.476387596444214],[122.523216455400885,12.476568451620738],[122.523032408421528,12.476568126414831],[122.523032077409866,12.476748981584072],[122.523031746392974,12.476929836750914],[122.523215793627756,12.476930161966502],[122.523216124516935,12.476749306794863],[122.523400171629149,12.476749631880066],[122.523400502385471,12.476568776701145]]],[[[122.522847368013473,12.477110366569297],[122.523031415370824,12.47711069191527],[122.523031746392974,12.476929836750914],[122.52284769916325,12.476929511409738],[122.522847368013473,12.477110366569297]]],[[[122.516405713786114,12.477098900391335],[122.516405378160897,12.477279755376989],[122.516589425463351,12.477280085120599],[122.516773472771064,12.47728041473871],[122.516957520084006,12.47728074423132],[122.516957855326069,12.477099889230834],[122.51677380814084,12.477099559743108],[122.516774143505373,12.476918704745108],[122.516590096453115,12.476918375136856],[122.516589760960855,12.477099230129971],[122.516405713786114,12.477098900391335]]],[[[122.522662989378617,12.477290896250013],[122.52284703685855,12.47729122172637],[122.522847368013473,12.477110366569297],[122.522663320661351,12.477110041097825],[122.522662989378617,12.477290896250013]]],[[[122.517324609734331,12.477823967856425],[122.517508657446243,12.477824296987281],[122.517508992320856,12.477643441979245],[122.51750932719024,12.477462586968899],[122.517325279733768,12.477462257847902],[122.517324944736671,12.477643112853363],[122.517140897157802,12.477642783601981],[122.517140562027748,12.477823638600158],[122.517324609734331,12.477823967856425]]],[[[122.522110846970023,12.477289919067855],[122.522110515298976,12.477470774203079],[122.52192646771212,12.477470448219838],[122.521742420130508,12.477470122111098],[122.52155837255404,12.47746979587677],[122.521558040494583,12.47765065099494],[122.521557708429995,12.477831506110713],[122.52155737636015,12.478012361223998],[122.521373328405673,12.478012034849604],[122.52137299620297,12.478192889955517],[122.52137266399501,12.478373745059121],[122.521556712204926,12.478374071443286],[122.521557044285075,12.478193216334885],[122.521741092372508,12.478193542588665],[122.521741424319785,12.478012687472892],[122.52192547228465,12.478013013596287],[122.521925804099041,12.477832158473232],[122.522109851941252,12.477832484466242],[122.522110183622701,12.477651629335904],[122.522294231342514,12.47765195519853],[122.522294562891076,12.47747110006082],[122.522478610488335,12.477471425793061],[122.522478941903941,12.477290570648156],[122.52229489443441,12.4772902449208],[122.522110846970023,12.477289919067855]]],[[[122.524318096299567,12.478017241778536],[122.524134048267371,12.478016917286814],[122.524133717980547,12.478197772465736],[122.524317766140456,12.478198096962343],[122.524318096299567,12.478017241778536]]],[[[122.521188615790251,12.478373418549458],[122.521188283449433,12.47855427364569],[122.521372331781819,12.478554600160239],[122.52137266399501,12.478373745059121],[122.521188615790251,12.478373418549458]]],[[[122.521004235122092,12.478553947005553],[122.520820186800094,12.478553620240005],[122.520819854198493,12.478734475324069],[122.521003902648317,12.478734802094502],[122.521004235122092,12.478553947005553]]],[[[122.520635473019468,12.47891500350474],[122.520819521591761,12.478915330405647],[122.520819854198493,12.478734475324069],[122.520635805753926,12.478734148428048],[122.520635473019468,12.47891500350474]]],[[[122.52376628275546,12.477835412755232],[122.523766613287421,12.477654557581106],[122.523582565526212,12.477654232722566],[122.523398517770062,12.477653907738526],[122.523214470019241,12.477653582628987],[122.523030422273493,12.477653257393859],[122.523030091230737,12.477834112548534],[122.522846043362421,12.47783378718311],[122.522661995499419,12.477833461692187],[122.522661664195908,12.478014316834694],[122.522477616210338,12.478013991213386],[122.522477284773956,12.478194846348609],[122.522293236665817,12.478194520596917],[122.522292905096563,12.478375375724857],[122.522108856865856,12.478375049842692],[122.522108525163631,12.478555904963349],[122.522108193456177,12.478736760081519],[122.522292241942409,12.478737085973366],[122.522476290433787,12.478737411739713],[122.52247662188563,12.478556556611773],[122.522660670254524,12.478556882247736],[122.522661001573496,12.478376027112423],[122.522661332887324,12.478195171974802],[122.522845381005851,12.478195497475495],[122.522845712186708,12.478014642330502],[122.523029760182752,12.47801496770081],[122.523213808183854,12.478015292945619],[122.523397856190201,12.478015618064928],[122.523397525392497,12.478196473224399],[122.523397194589649,12.47837732838156],[122.523396863781556,12.478558183536235],[122.523212815391958,12.478557858402359],[122.523212484450994,12.478738713549751],[122.523028435938926,12.47873838828558],[122.523028104865006,12.478919243425688],[122.523027773786012,12.479100098563398],[122.523027442701704,12.479280953698622],[122.522843393811613,12.479280628294296],[122.522843062594433,12.479461483422236],[122.522659013581688,12.479461157887526],[122.522658682231537,12.479642013008183],[122.522842731371995,12.479642338547778],[122.523026780517611,12.479642663961874],[122.523210829668471,12.479642989250381],[122.523394878824476,12.479643314413389],[122.523578927985625,12.479643639450808],[122.523579258696998,12.479462784305815],[122.523763307735578,12.479463109212938],[122.52376363831408,12.479282254060662],[122.523947687230105,12.479282578837401],[122.523947356779416,12.479463433994473],[122.523947026323484,12.479644289149148],[122.524131075500179,12.479644613810068],[122.524130745166914,12.479825468967141],[122.524130414828392,12.480006324121815],[122.524314464265771,12.480006648666917],[122.524498513708309,12.48000697308643],[122.524498843791292,12.479826117921986],[122.524499173869117,12.479645262755232],[122.524315124682033,12.4796449383454],[122.524315454882426,12.479464083181044],[122.524315785077675,12.479283228014202],[122.524316115267695,12.479102372844961],[122.524132066469093,12.479102048324195],[122.524132396781752,12.478921193157353],[122.524132727089182,12.478740337988112],[122.524133057391452,12.478559482816385],[122.524133387688579,12.478378627642348],[122.524133717980547,12.478197772465736],[122.523949669825782,12.478197447843717],[122.523950000240333,12.478016592669592],[122.523950330649626,12.477835737493068],[122.52376628275546,12.477835412755232]]],[[[122.520451091584903,12.479095531547744],[122.520635140279765,12.479095858579123],[122.520635473019468,12.47891500350474],[122.520451424452318,12.478914676478334],[122.520451091584903,12.479095531547744]]],[[[122.516953496769972,12.479451004048068],[122.517137545620969,12.479451333474154],[122.517137880798288,12.479270478497915],[122.516953832075004,12.479270149076624],[122.516953496769972,12.479451004048068]]],[[[122.516585063517979,12.479631199778227],[122.516769112486216,12.479631529460375],[122.516769447924204,12.479450674496304],[122.516585399083681,12.47945034481913],[122.516585063517979,12.479631199778227]]],[[[122.524683223061274,12.479645587039476],[122.524683553006142,12.479464731865439],[122.524499503941712,12.479464407585992],[122.524499173869117,12.479645262755232],[122.524683223061274,12.479645587039476]]],[[[122.515847859435667,12.480172444597857],[122.51584819552815,12.479991589665849],[122.51584853161539,12.479810734731354],[122.515664482545716,12.479810404416556],[122.515664146330664,12.479991259346166],[122.515663810110368,12.480172114273289],[122.515663473884828,12.480352969198014],[122.51584752333784,12.480353299527556],[122.515847859435667,12.480172444597857]]],[[[122.519895946040791,12.480722245084239],[122.519711896216961,12.480721917506807],[122.519527846398461,12.480721589803787],[122.519343796585119,12.480721261975267],[122.519159746777007,12.480720934021159],[122.518975696974152,12.480720605941462],[122.518975363032467,12.480901460947456],[122.51879131310713,12.480901132737374],[122.518791647176528,12.480720277736355],[122.518607597384047,12.48071994940557],[122.51842354759691,12.480719620949285],[122.51842388191659,12.480538765955638],[122.518424216231026,12.480357910959503],[122.518240166704572,12.480357582387489],[122.518240501141577,12.480176727393841],[122.518240835573351,12.479995872397796],[122.518056786307568,12.479995543710052],[122.518057120861911,12.479814688716493],[122.518057455410911,12.479633833720447],[122.518057789954682,12.479452978722003],[122.51787374107748,12.479452649923504],[122.517874075743819,12.479271794927547],[122.517874410404914,12.479090939929103],[122.517874745060695,12.47891008492835],[122.517690696571975,12.478909756019005],[122.51769103135031,12.47872890102065],[122.517691366123316,12.478548046019897],[122.517691700891177,12.478367191016746],[122.517507652790869,12.478366861996646],[122.51750731789528,12.478547716994912],[122.517506982994462,12.47872857199078],[122.517506648088414,12.47890942698425],[122.517322599610168,12.478909097823907],[122.517322264571064,12.479089952809916],[122.517321929526801,12.479270807793617],[122.517505978260573,12.47927113696373],[122.517505643338794,12.479451991949917],[122.517505308411771,12.479632846933617],[122.517689357406212,12.47963317598809],[122.517689022601672,12.479814030974277],[122.517688687791903,12.479994885958066],[122.517872737047114,12.479995214896809],[122.517872402359899,12.480176069883084],[122.517872067667454,12.480356924866873],[122.517871732969667,12.480537779848264],[122.518055782613374,12.480538108676251],[122.518055448038155,12.480718963660129],[122.518239497814918,12.480719292367501],[122.518239163362182,12.480900147353866],[122.518423213271987,12.480900475940624],[122.51842287894182,12.481081330929475],[122.518606928984497,12.48108165939553],[122.518790979032488,12.481081987736085],[122.518975029085652,12.481082315951051],[122.519159079144046,12.481082644040518],[122.5191587453197,12.481263499046511],[122.51915841149011,12.481444354050106],[122.519158077655376,12.481625209051304],[122.519157743815398,12.481806064050014],[122.519157409970177,12.481986919046415],[122.519157076119711,12.48216777404024],[122.519341126949939,12.482168102033606],[122.519340793222042,12.482348957029918],[122.519524844185312,12.482349284902581],[122.519525177785397,12.482168429901295],[122.519709228626098,12.482168757643484],[122.519709562093226,12.481987902634915],[122.519893612811359,12.48198823024663],[122.519893946145515,12.481807375230689],[122.52007799674108,12.48180770271202],[122.520078329942194,12.481626847688796],[122.52007866313815,12.481445992663085],[122.520262713483334,12.481446320009058],[122.520263046546333,12.481265464976063],[122.520263379604089,12.481084609940671],[122.52044742969899,12.481084937151286],[122.520631479799135,12.4810852642364],[122.52081552990451,12.481085591195926],[122.520815862573684,12.480904736143392],[122.520999912556505,12.480905062972534],[122.521183962544455,12.480905389676087],[122.52118429495296,12.480724534611385],[122.521368344818441,12.480724861184465],[122.521368677093989,12.480544006112479],[122.521552726836902,12.480544332555175],[122.521736776584959,12.48054465887237],[122.521737108599737,12.480363803788217],[122.521737440609357,12.480182948701577],[122.521553391116811,12.480182622394151],[122.521369341629438,12.480182295961226],[122.521369673889424,12.480001440881958],[122.521185624535008,12.48000111432833],[122.521001575185821,12.480000787649201],[122.520817525841792,12.480000460844485],[122.520633476502994,12.480000133914269],[122.520633809268816,12.479819278852142],[122.520449760062988,12.479818951801223],[122.520265710862304,12.479818624624892],[122.520266043878323,12.479637769570049],[122.520266376889182,12.479456914512719],[122.520450425834326,12.479457241679368],[122.520450758712229,12.479276386614755],[122.520451091584903,12.479095531547744],[122.520267042895185,12.479095204390953],[122.52008299421081,12.479094877108574],[122.520082661082611,12.479275732165815],[122.519898612275668,12.479275404752963],[122.519898279014598,12.479456259802921],[122.519714230085086,12.479455932259684],[122.519713896690973,12.479636787302271],[122.519897945748212,12.479637114850393],[122.519897612476669,12.479817969895466],[122.519897279199967,12.479998824938052],[122.519896945917949,12.480179679978241],[122.519896612630774,12.480360535016031],[122.519896279338354,12.480541390051334],[122.519895946040791,12.480722245084239]]],[[[122.523577935820427,12.480186204871222],[122.523577605088278,12.480367060006445],[122.523577274351069,12.480547915139271],[122.523576943608603,12.480728770269698],[122.523392893680949,12.480728445203058],[122.52339256280554,12.480909300326202],[122.523392231924973,12.481090155446948],[122.523208181746938,12.481089830245038],[122.523207850733499,12.481270685358412],[122.523207519714731,12.481451540469388],[122.523391570148377,12.481451865680979],[122.523391901039247,12.481271010565118],[122.523575951350239,12.481271335646325],[122.523576282108237,12.481090480523269],[122.523760332296661,12.481090805474002],[122.523760662921617,12.480909950343575],[122.523944712987472,12.480910275164012],[122.523945043479543,12.480729420026302],[122.52394537396647,12.480548564886194],[122.523945704448252,12.480367709743598],[122.523946034924791,12.480186854598694],[122.523761985369987,12.480186529797708],[122.523762315969179,12.480005674655201],[122.523578266547347,12.480005349733512],[122.523577935820427,12.480186204871222]]],[[[122.522656362635558,12.480907998784838],[122.522656694021947,12.480727143681234],[122.522657025403177,12.480546288575143],[122.522472975629171,12.480545962885623],[122.522288925860323,12.480545637070604],[122.522288594223568,12.480726492167014],[122.522104544332151,12.48072616622161],[122.522104212562425,12.480907021310648],[122.52192016254844,12.480906695234859],[122.521919830645757,12.481087550316614],[122.522103880787554,12.481087876397288],[122.522287930934496,12.481088202352462],[122.522471981086596,12.481088528182047],[122.522656031243926,12.481088853886133],[122.522656362635558,12.480907998784838]]],[[[122.524680913302404,12.480911573190054],[122.524680583316226,12.481092428344729],[122.524864633535657,12.481092752542198],[122.524864963394009,12.480911897382727],[122.524865293247316,12.48073104222077],[122.524681243283425,12.480730718032982],[122.524680913302404,12.480911573190054]]],[[[122.524864303671961,12.48127360769927],[122.524863973803207,12.481454462853856],[122.525048024283308,12.481454786935506],[122.525048354024335,12.481273931776036],[122.524864303671961,12.48127360769927]]],[[[122.51382095451514,12.481434788198529],[122.513820616975096,12.481615643056818],[122.51400466726966,12.481615974676439],[122.514005004681977,12.481435119813176],[122.51382095451514,12.481434788198529]]],[[[122.52523174515018,12.481635966053526],[122.525232074768553,12.481455110891657],[122.525048024283308,12.481454786935506],[122.525047694537207,12.481635642092579],[122.52523174515018,12.481635966053526]]],[[[122.513452178600801,12.481795834286844],[122.51363622901269,12.481796166162527],[122.513636566685776,12.481615311311698],[122.513452516401699,12.481614979440989],[122.513452178600801,12.481795834286844]]],[[[122.514188717569638,12.481616306170471],[122.514188380279791,12.481797161036221],[122.514372430712726,12.481797492409639],[122.514372767874761,12.481616637539004],[122.514188717569638,12.481616306170471]]],[[[122.509771171477055,12.481789170407351],[122.509587121176637,12.481788835895111],[122.509586780687314,12.481969690634029],[122.509770831115461,12.481970025151332],[122.509771171477055,12.481789170407351]]],[[[122.510691083336198,12.481971695854375],[122.510875133796219,12.481972029618325],[122.510875473391238,12.481791174844501],[122.51069142305893,12.481790841085525],[122.510691083336198,12.481971695854375]]],[[[122.511243234732348,12.481972696769548],[122.51142728520837,12.481973030156821],[122.511611335689807,12.481973363418595],[122.511611674773675,12.481792508624787],[122.511427624420051,12.481792175368076],[122.511243574071841,12.481791841985777],[122.511243234732348,12.481972696769548]]],[[[122.51308407779301,12.481795170158891],[122.513083739731243,12.481976024992489],[122.513267790260286,12.481976357124145],[122.513268128194241,12.481795502285662],[122.51308407779301,12.481795170158891]]],[[[122.514556144111452,12.481978678530767],[122.514740194682673,12.481979009658071],[122.514740531594512,12.481798154779886],[122.514556481151004,12.481797823657557],[122.514372430712726,12.481797492409639],[122.514372093545461,12.481978347277876],[122.514556144111452,12.481978678530767]]],[[[122.527807798598786,12.482002198775097],[122.527808126438671,12.481821343550434],[122.527624075625766,12.481821021342485],[122.527440024818105,12.481820699008948],[122.527439696722695,12.482001554223929],[122.527623747658154,12.482001876562263],[122.527807798598786,12.482002198775097]]],[[[122.52707159486711,12.482000909170496],[122.527071266511015,12.482181764373399],[122.527255317563998,12.482182086967706],[122.527439368622126,12.482182409436424],[122.527439696722695,12.482001554223929],[122.527255645792366,12.482001231759918],[122.52707159486711,12.482000909170496]]],[[[122.527991521827317,12.482183376089315],[122.527991849544549,12.482002520862343],[122.527807798598786,12.482002198775097],[122.527807470753743,12.482183053997273],[122.527991521827317,12.482183376089315]]],[[[122.513083401664247,12.4821568798236],[122.51289935101282,12.482156547561294],[122.512899012812682,12.482337402385033],[122.51308306359202,12.482337734652225],[122.513083401664247,12.4821568798236]]],[[[122.526334733478137,12.482361327921785],[122.526518784638327,12.482361651023153],[122.526519113382903,12.482180795837126],[122.526335062350455,12.482180472740554],[122.526334733478137,12.482361327921785]]],[[[122.527991194104942,12.482364231313889],[122.528175245311388,12.482364553285228],[122.528175572905965,12.482183698055858],[122.527991521827317,12.482183376089315],[122.527991194104942,12.482364231313889]]],[[[122.509217998341057,12.482330730673317],[122.509402049014156,12.482331065451744],[122.509402389641949,12.482150210722684],[122.509586440192564,12.482150545370549],[122.509586780687314,12.481969690634029],[122.509402730264412,12.481969355991227],[122.509218679846924,12.481969021222836],[122.509218339096648,12.48214987594932],[122.509034288556691,12.482149541050367],[122.509033947673373,12.48233039576939],[122.508849897010919,12.482330060739875],[122.508849555994459,12.482510915451526],[122.508665505209635,12.482510580291448],[122.508665164059948,12.482691434995639],[122.508849214972585,12.48269177016069],[122.509033265890565,12.482692105200242],[122.509033606784627,12.482511250486015],[122.509217657580123,12.482511585395004],[122.509217998341057,12.482330730673317]]],[[[122.512714623705591,12.48251792480862],[122.512898674607314,12.482518257206374],[122.512899012812682,12.482337402385033],[122.512714962038686,12.482337069992253],[122.512714623705591,12.48251792480862]]],[[[122.528358969050998,12.482545730362657],[122.528359296522908,12.482364875130978],[122.528175245311388,12.482364553285228],[122.528174917711667,12.482545408512111],[122.528358969050998,12.482545730362657]]],[[[122.507193099123242,12.482507894490622],[122.50700904838655,12.482507558200515],[122.506824997655173,12.48250722178482],[122.506640946929139,12.482506885243625],[122.506640604373914,12.482687739892571],[122.50682465522776,12.482688076438828],[122.50700870608685,12.482688412859586],[122.507192756951355,12.482688749154756],[122.507193099123242,12.482507894490622]]],[[[122.521548740720306,12.482714593317388],[122.521548408510128,12.482895448365126],[122.521548076294806,12.483076303410465],[122.521547744074255,12.483257158453318],[122.521547411848445,12.483438013493773],[122.521547079617491,12.483618868531741],[122.521546747381294,12.483799723567399],[122.521546415139952,12.483980578600482],[122.521730467315848,12.483980905010315],[122.521914519496818,12.483981231294559],[122.521914851482634,12.483800376251617],[122.521915183463207,12.483619521206277],[122.522099235393796,12.483619847355252],[122.522099567241412,12.483438992302629],[122.522099899083784,12.483258137247519],[122.522283950764077,12.483258463261135],[122.522284282473493,12.483077608198743],[122.522284614177678,12.482896753133952],[122.522284945876692,12.482715898066763],[122.522285277570575,12.482535042997087],[122.522469328744876,12.482535368865664],[122.522468997178805,12.482716223940136],[122.522653048486063,12.482716549688009],[122.522652717042661,12.482897404764968],[122.52283676848289,12.482897730392137],[122.522836437162042,12.483078585471583],[122.522836105835964,12.483259440548453],[122.523020157536962,12.483259766059804],[122.523204209243104,12.483260091445567],[122.523388260954491,12.483260416705741],[122.523388591897231,12.483079561614217],[122.523388922834641,12.482898706520205],[122.523389253766979,12.482717851423795],[122.523389584694186,12.482536996324987],[122.523389915616136,12.482356141223692],[122.523205864543712,12.482355815987853],[122.52320619558833,12.482174960889045],[122.523022144648763,12.482174635532415],[122.522838093714455,12.482174310050285],[122.522838425009439,12.48199345495876],[122.522838756299194,12.481812599864748],[122.522654705625655,12.481812274266799],[122.522655037037964,12.481631419175274],[122.522470986497382,12.481631093456622],[122.522286935961944,12.481630767612382],[122.522102885431664,12.481630441642642],[122.522102553636003,12.4818112967196],[122.52191850298324,12.481810970619387],[122.521734452335636,12.481810644393674],[122.521734784386823,12.481629789326485],[122.521550733872175,12.481629462980068],[122.521366683362672,12.481629136508063],[122.521182632858412,12.481628809910559],[122.521182965287778,12.481447954855538],[122.52099891491649,12.48144762813733],[122.520999247468339,12.481266773084796],[122.520815197230093,12.481266446245973],[122.520631146996905,12.481266119281562],[122.520630814189516,12.481446974324326],[122.520446763833846,12.481446647229442],[122.520446430893415,12.481627502264923],[122.52044609794784,12.481808357297917],[122.520445764997021,12.481989212328513],[122.520629815736015,12.481989539438052],[122.520629482907765,12.482170394471046],[122.52081353377973,12.482170721459882],[122.520997584656939,12.482171048323218],[122.521181635539207,12.482171375060878],[122.521181303089136,12.482352230106128],[122.521365354104461,12.482352556723173],[122.521365021776958,12.482533411770911],[122.521364689444212,12.482714266816162],[122.521548740720306,12.482714593317388]],[[122.52228660429401,12.481811622694226],[122.52247065495726,12.481811948543262],[122.52247032341198,12.481992803627504],[122.522286272620917,12.481992477773582],[122.52228594094268,12.482173332850541],[122.522101890029148,12.482173006866146],[122.522102221835198,12.481992151794072],[122.522102553636003,12.4818112967196],[122.52228660429401,12.481811622694226]],[[122.520814864550431,12.481447301293622],[122.520814531865526,12.481628156338784],[122.520814199175476,12.481809011381637],[122.520630148559036,12.481808684402571],[122.520630481376898,12.481627829364603],[122.520630814189516,12.481446974324326],[122.520814864550431,12.481447301293622]]],[[[122.528542693046205,12.482726907321871],[122.528543020395475,12.482546052087704],[122.528358969050998,12.482545730362657],[122.528358641573931,12.482726585592028],[122.528542693046205,12.482726907321871]]],[[[122.506272159866384,12.48286792105989],[122.506272502682478,12.482687066423379],[122.506088451844789,12.482686729500445],[122.506088108900897,12.482867584131894],[122.506272159866384,12.48286792105989]]],[[[122.528726417296866,12.482908084162601],[122.528910468907171,12.482908405646063],[122.528910796005974,12.482727550404791],[122.528726744523553,12.482727228926125],[122.528726417296866,12.482908084162601]]],[[[122.505903714863706,12.483048101702297],[122.506087765951577,12.483048438760944],[122.506088108900897,12.482867584131894],[122.505904057940739,12.482867247078309],[122.505903714863706,12.483048101702297]]],[[[122.505535269366035,12.483228281819878],[122.505719320570975,12.483228619134676],[122.50571966378115,12.483047764518149],[122.505535612704008,12.483047427208414],[122.505535269366035,12.483228281819878]]],[[[122.529278245294648,12.483089903484865],[122.529277918441181,12.483270758730844],[122.529461970322373,12.483271079847222],[122.529462297048042,12.483090224596447],[122.529278245294648,12.483089903484865]]],[[[122.529645695605637,12.483452256091274],[122.529646022208638,12.483271400838012],[122.529461970322373,12.483271079847222],[122.52946164359156,12.483451935095689],[122.529645695605637,12.483452256091274]]],[[[122.529829421144498,12.483633432216843],[122.529829747624859,12.483452576961271],[122.529645695605637,12.483452256091274],[122.529645368997564,12.48363311134205],[122.529829421144498,12.483633432216843]]],[[[122.528725108339302,12.483631505084256],[122.528724781087035,12.483812360308653],[122.528908833336303,12.483812681816184],[122.528909160460671,12.483631826586992],[122.528725108339302,12.483631505084256]]],[[[122.505167166972228,12.483227606813694],[122.504983115783446,12.483227269122219],[122.504799064599993,12.483226931305245],[122.504615013421869,12.483226593362593],[122.504614669439604,12.483407447946435],[122.504430618139182,12.483407109873221],[122.504246566844088,12.483406771674419],[122.504246222600798,12.483587626245738],[122.504062171183307,12.483587287916373],[122.504061826806876,12.483768142480143],[122.503877775267,12.483767804020127],[122.503693723732454,12.483767465434523],[122.503693379095068,12.483948319985769],[122.503693034452255,12.484129174534706],[122.503692689804041,12.484310029081067],[122.50387674172201,12.484310367681859],[122.504060793645309,12.484310706157062],[122.504061138037827,12.484129851600576],[122.504245189838741,12.484130189945128],[122.504245534098118,12.483949335381093],[122.504245878352165,12.483768480814659],[122.504429929902869,12.483768819023497],[122.504613981458917,12.483769157106837],[122.504798033020279,12.483769495064587],[122.504798376885574,12.483588640480567],[122.504982428324638,12.483588978307667],[122.504982772056707,12.483408123716186],[122.505166823373301,12.483408461412724],[122.505167166972228,12.483227606813694]]],[[[122.530013473296606,12.483633752966137],[122.529886714892911,12.483633532063196],[122.529829421144498,12.483633432216843],[122.529829094659092,12.483814287470016],[122.529828768168514,12.483995142720703],[122.529886714892911,12.483995243707833],[122.530012820576232,12.483995463479589],[122.530013146938998,12.483814608224106],[122.530013473296606,12.483633752966137]]],[[[122.527988244372921,12.483991928225544],[122.52817229672948,12.483992250240226],[122.528172624370157,12.483811395032705],[122.52798857214141,12.483811073022908],[122.527988244372921,12.483991928225544]]],[[[122.529460663368454,12.483994500826343],[122.529644715765954,12.483994821836317],[122.529645042384246,12.483813966590427],[122.529460990114558,12.48381364558516],[122.529460663368454,12.483994500826343]]],[[[122.527619811646019,12.484172139010239],[122.527803864120088,12.484172461280805],[122.52780419202152,12.483991606085363],[122.527620139675264,12.483991283819593],[122.527619811646019,12.484172139010239]]],[[[122.50387639719618,12.484491222230885],[122.503692345150483,12.48449088362503],[122.503692689804041,12.484310029081067],[122.503508637891571,12.484309690354687],[122.503508293110215,12.484490544893676],[122.503507948323431,12.48467139943009],[122.503692000491526,12.484671738166595],[122.503876052665021,12.484672076777512],[122.50387639719618,12.484491222230885]]],[[[122.527619155572154,12.484533849384247],[122.527618827527547,12.48471470456761],[122.527802880385039,12.484715026852653],[122.527803208301833,12.484534171664494],[122.527619155572154,12.484533849384247]]],[[[122.504059760435169,12.484853269812044],[122.504060104843944,12.484672415262841],[122.503876052665021,12.484672076777512],[122.503875708128447,12.484852931321742],[122.504059760435169,12.484853269812044]]],[[[122.530011188685791,12.484899739720676],[122.530195241737616,12.484900060377866],[122.5303792947945,12.484900380909467],[122.530379620927221,12.48471952565656],[122.530195567998135,12.484719205129755],[122.530011515074122,12.484718884477273],[122.530011188685791,12.484899739720676]]],[[[122.530747726800726,12.484720166333494],[122.53074740092363,12.484901021595993],[122.530931453995876,12.484901341750829],[122.530931779745089,12.484720486483534],[122.530747726800726,12.484720166333494]]],[[[122.528170330777542,12.485077381434193],[122.528354383905935,12.485077703352063],[122.528354711449609,12.484896848154401],[122.528170658448943,12.484896526241327],[122.528170330777542,12.485077381434193]]],[[[122.529642755948487,12.485079953260856],[122.529826809117907,12.485080274174019],[122.529827135639124,12.484899418937898],[122.529643082597516,12.484899098029532],[122.529642755948487,12.485079953260856]]],[[[122.531115181446637,12.48508251704977],[122.531115507073196,12.484901661780166],[122.530931453995876,12.484901341750829],[122.530931128241519,12.485082197015727],[122.531115181446637,12.48508251704977]]],[[[122.531114855814948,12.485263372316977],[122.531298909153023,12.485263692230228],[122.531299234656828,12.485082836958226],[122.531115181446637,12.48508251704977],[122.531114855814948,12.485263372316977]]],[[[122.529458049215208,12.485441342667878],[122.529642102635179,12.485441663716221],[122.529642429294412,12.485260808489782],[122.529458376002339,12.485260487446146],[122.529458049215208,12.485441342667878]]],[[[122.531482637114934,12.485444867292204],[122.531482962496085,12.485264012017891],[122.531298909153023,12.485263692230228],[122.531298583644073,12.485444547499833],[122.531482637114934,12.485444867292204]]],[[[122.50387398536482,12.485757204006207],[122.504058038310504,12.485757542521823],[122.50405838274628,12.485576687984699],[122.503874329928308,12.485576349474146],[122.50387398536482,12.485757204006207]]],[[[122.529825502981993,12.485803695094253],[122.529825829523631,12.485622839867814],[122.529641775970788,12.485622518940263],[122.529641449301351,12.485803374161906],[122.529641122626842,12.485984229381151],[122.529825176435295,12.485984550318294],[122.529825502981993,12.485803695094253]]],[[[122.529456742015967,12.486164763530381],[122.529640795947088,12.486165084597909],[122.529641122626842,12.485984229381151],[122.529457068823433,12.485983908318419],[122.529456742015967,12.486164763530381]]],[[[122.52098926864808,12.486692423603882],[122.521173322725474,12.486692750463577],[122.521357376808027,12.486693077197772],[122.521541430895908,12.48669340380629],[122.521541763215239,12.486512548809623],[122.521542095529327,12.486331693810468],[122.52154242783827,12.486150838808916],[122.521358374133897,12.486150512214964],[122.521358706565493,12.485969657215898],[122.521174652994176,12.485969330501243],[122.520990599428103,12.485969003660999],[122.520990932110067,12.485788148669217],[122.52080687867695,12.48578782170827],[122.520622825249077,12.485787494621734],[122.520438771826349,12.485787167409521],[122.520439104886592,12.485606312429995],[122.520255051596919,12.485605985097168],[122.520070998312491,12.485605657638663],[122.519886945033292,12.485605330054659],[122.519702891759252,12.485605002345066],[122.519702558187859,12.485785857305052],[122.519702224611137,12.485966712262639],[122.519886278140703,12.485967039982002],[122.519885944686635,12.486147894942077],[122.520069998349257,12.486148222540736],[122.520069665017772,12.486329077503298],[122.520253718813521,12.486329404981253],[122.520437772614443,12.48632973233371],[122.52043743953341,12.486510587303554],[122.520621493467374,12.486510914535218],[122.520805547406482,12.486511241641294],[122.520805214575915,12.48669209661851],[122.52098926864808,12.486692423603882]]],[[[122.508474627867699,12.486127338527728],[122.508474286483533,12.486308193178273],[122.508658339946848,12.486308528569099],[122.508658681203201,12.486127673913581],[122.508474627867699,12.486127338527728]]],[[[122.507737730782921,12.486487704987068],[122.507921784352646,12.486488040885311],[122.507922126125735,12.486307186252263],[122.507738072683736,12.486306850358995],[122.507737730782921,12.486487704987068]]],[[[122.503688208886985,12.486661137963315],[122.503872262466373,12.486661476629921],[122.503872607056863,12.486480622110028],[122.503688553605187,12.486480283448484],[122.503688208886985,12.486661137963315]]],[[[122.507185227816166,12.486667551149386],[122.507369281497702,12.486667887429457],[122.507369623659471,12.486487032813818],[122.507185570105833,12.486486696538721],[122.507185227816166,12.486667551149386]]],[[[122.50644867033742,12.486847059361148],[122.506264616554816,12.486846722447984],[122.506264273615358,12.487027577028629],[122.506448327525689,12.487027913946767],[122.50644867033742,12.486847059361148]]],[[[122.502767250339602,12.487021151718389],[122.502766904966009,12.487202006200535],[122.502950958902005,12.48720234551036],[122.5029513041477,12.487021491023063],[122.502767250339602,12.487021151718389]]],[[[122.506079876637671,12.487208094557998],[122.506263930670485,12.487208431606787],[122.506264273615358,12.487027577028629],[122.506080219710356,12.487027239984814],[122.506079876637671,12.487208094557998]]],[[[122.505895822610185,12.487207757383532],[122.505895479404273,12.487388611949255],[122.506079533559571,12.487388949128695],[122.506079876637671,12.487208094557998],[122.505895822610185,12.487207757383532]]],[[[122.53202894673062,12.488701220696372],[122.532213002522909,12.488701540072276],[122.532213327484214,12.488520684822566],[122.532029271819908,12.488520365451459],[122.532029596903953,12.488339510204058],[122.532029921983025,12.488158654954349],[122.532030247056952,12.487977799702064],[122.532214302337749,12.48797811905896],[122.532398357623691,12.487978438290179],[122.532582412914792,12.487978757395721],[122.532766468210852,12.487979076375675],[122.5327667927683,12.487798221101984],[122.532950847941635,12.487798539951553],[122.5331349031201,12.487798858675534],[122.533135227416878,12.487618003389942],[122.533135551708483,12.487437148101774],[122.533135875995043,12.487256292811297],[122.533319930795059,12.48725661139539],[122.533320254948748,12.487075756097719],[122.53350430962594,12.487076074551426],[122.533504633646743,12.486895219246472],[122.533504957662487,12.486714363939209],[122.53332090324092,12.486714045495004],[122.533321227379417,12.486533190189961],[122.533137173090807,12.486532871624876],[122.533137497352044,12.486352016322231],[122.533137821608136,12.486171161017188],[122.53295376758021,12.486170842336017],[122.532954091959127,12.485989987033284],[122.532954416332984,12.485809131728063],[122.532954740701783,12.485628276420444],[122.5331387943462,12.485628595087315],[122.533139118582127,12.485447739772502],[122.53313944281291,12.485266884455202],[122.532955389424018,12.485266565797923],[122.532955065065437,12.485447421110338],[122.532771011553805,12.485447102322675],[122.532586958047318,12.485446783409424],[122.532402904545904,12.485446464370495],[122.532218851049549,12.485446145206067],[122.532034797558254,12.485445825915962],[122.531850744072116,12.485445506500357],[122.531666690590953,12.485445186959074],[122.531482637114934,12.485444867292204],[122.531482311728823,12.485625722564118],[122.531666365332555,12.485626042235785],[122.531666040069098,12.485806897510008],[122.531850093805872,12.485807217060794],[122.532034147547634,12.485807536485991],[122.53221820129464,12.4858078557856],[122.53240225504652,12.485808174959621],[122.532402579798742,12.485627319666301],[122.532586633427968,12.485627638709937],[122.532586308803644,12.485808494008053],[122.532770362565742,12.485808812930808],[122.532770038064072,12.485989668231232],[122.532585984174162,12.485989349303681],[122.53258565953962,12.486170204596911],[122.532585334899935,12.486351059887744],[122.532401280759473,12.486350740825012],[122.532400955986901,12.48653159610865],[122.532216901723601,12.486531276915622],[122.532032847465459,12.486530957596917],[122.531848793212376,12.486530638152624],[122.531664738964352,12.486530318582743],[122.531480684721402,12.486529998887272],[122.531480359304638,12.48671085414462],[122.531296304939019,12.486710534318677],[122.531112250578389,12.486710214367234],[122.531111924900941,12.486891069612591],[122.530927870417642,12.486890749530764],[122.530743815939402,12.486890429323259],[122.530559761466321,12.486890108990165],[122.530375706998299,12.486889788531483],[122.530191652535436,12.486889467947213],[122.530007598077617,12.486889147237354],[122.530007271627994,12.487070002451537],[122.529886714892911,12.487069792299375],[122.529823217047536,12.487069681611205],[122.529639162472137,12.487069360645284],[122.529638835761745,12.487250215847476],[122.529454781063592,12.487249894751171],[122.529270726370598,12.487249573529278],[122.529270399399437,12.487430428719479],[122.529270072423202,12.487611283907194],[122.529086017479656,12.487610962550031],[122.529085690370465,12.487791817730551],[122.528901635304166,12.487791496243004],[122.528717580243026,12.487791174629868],[122.528717252873065,12.487972029798309],[122.52871692549796,12.488152884964441],[122.528532870186169,12.488152563216035],[122.528532542678107,12.488333418374795],[122.528348487243662,12.488333096496005],[122.528348814879536,12.488152241342041],[122.528164759578047,12.48815191934237],[122.527980704281703,12.48815159721711],[122.527796648990432,12.488151274966262],[122.527612593704404,12.488150952589736],[122.527612265557025,12.488331807724515],[122.527428210148244,12.488331485217605],[122.527427881867993,12.488512340345101],[122.527243826336473,12.488512017707718],[122.527243497923266,12.48869287282802],[122.527243169504814,12.488873727945835],[122.527427225292044,12.488874050592811],[122.527426896996346,12.489054905713113],[122.527610952916632,12.489055228239296],[122.527795008841977,12.489055550639803],[122.527795336881965,12.488874695509997],[122.527795664916724,12.488693840377705],[122.527979720591517,12.48869416264303],[122.52798004849339,12.488513307503455],[122.528164104045445,12.488513629638307],[122.528348159602629,12.488513951647571],[122.528347831956452,12.488694806796738],[122.528347504305216,12.488875661943419],[122.528347176648822,12.489056517087791],[122.52816312070803,12.48905619506405],[122.528162792918678,12.489237050201139],[122.528346848987283,12.489237372229587],[122.528346521320586,12.489418227369073],[122.528530577522162,12.48941854927673],[122.528530249978218,12.489599404418525],[122.528714306312835,12.4895997262053],[122.528898362652512,12.489600047866487],[122.529082418997248,12.489600369402085],[122.529266475347143,12.489600690812006],[122.529450531702196,12.489601012096339],[122.529634588062308,12.489601333254905],[122.529818644427564,12.489601654287972],[122.529886714892911,12.489601772970724],[122.53000270079788,12.489601975195361],[122.530003027319012,12.489421120015107],[122.529886714892911,12.489420917224079],[122.529818971076494,12.489420799112514],[122.529634914839136,12.489420478084332],[122.529450858606836,12.489420156930473],[122.529266802379595,12.489419835651026],[122.529082746157599,12.489419514245901],[122.528898689940661,12.489419192715099],[122.528714633728882,12.489418871058708],[122.528714961139784,12.489238015909718],[122.528715288545612,12.489057160758241],[122.528899344501696,12.489057482405039],[122.529083400462923,12.48905780392616],[122.529267456429295,12.489058125321693],[122.529267783446471,12.48887727015334],[122.529451839290005,12.488877591418488],[122.529635895138711,12.488877912557959],[122.529636221895103,12.488697057377616],[122.529820277621056,12.488697378386613],[122.529820604244406,12.488516523199076],[122.529820930862698,12.488335668009141],[122.529886714892911,12.488335782694024],[122.530004986338085,12.488335988882957],[122.53000531282342,12.488155133685739],[122.530005639303596,12.487974278486123],[122.530005965778699,12.487793423284108],[122.530190020875651,12.487793744017948],[122.530374075977733,12.48779406462611],[122.530558131084888,12.487794385108772],[122.530558457171423,12.487613529889883],[122.53074251215584,12.487613850242072],[122.5309265671454,12.487614170468673],[122.531110622140019,12.487614490569685],[122.531110296437092,12.487795345802875],[122.531109970729005,12.487976201033666],[122.530925915478676,12.48797588092315],[122.530925589637718,12.488156736146658],[122.530741534264649,12.488156415905758],[122.530741208290735,12.488337271122072],[122.530740882311662,12.488518126335988],[122.530556826688041,12.488517805959907],[122.530556500576012,12.488698661166628],[122.530740556327544,12.488698981547506],[122.530924612084135,12.488699301802795],[122.530924937940455,12.488518446586481],[122.530925263791616,12.488337591367769],[122.53110931929757,12.488337911487877],[122.531293374808669,12.488338231482397],[122.531293700399061,12.488157376251694],[122.531477755787421,12.488157696115829],[122.531661811180825,12.488158015854287],[122.531661485846143,12.488338871094493],[122.531845541372519,12.48833919071207],[122.531845216160562,12.488520045954674],[122.531844890943475,12.48870090119488],[122.53202894673062,12.488701220696372]]],[[[122.502949577864854,12.487925763435124],[122.503133632317514,12.48792610263961],[122.503133977457068,12.487745248156932],[122.503134322591222,12.487564393671855],[122.503134667719948,12.48738353918438],[122.503135012843344,12.487202684694418],[122.502950958902005,12.48720234551036],[122.502950613650796,12.48738319999517],[122.502950268394173,12.487564054477582],[122.502949923132221,12.487744908957596],[122.502949577864854,12.487925763435124]]],[[[122.500925325915858,12.487741169474296],[122.501109380181205,12.48774151005537],[122.501293434451867,12.487741850510856],[122.501293780864373,12.487560996076583],[122.501109726721509,12.48756065562616],[122.500925672583975,12.487560315050148],[122.500925325915858,12.487741169474296]]],[[[122.501477142437935,12.487923045277691],[122.501661196847422,12.487923385487063],[122.501661543009632,12.487742531044974],[122.501477488728042,12.487742190840754],[122.501477142437935,12.487923045277691]]],[[[122.508103104573962,12.487935213675536],[122.508287159177087,12.487935549362659],[122.508287500737197,12.487754694738937],[122.508103446261885,12.487754359056877],[122.508103104573962,12.487935213675536]]],[[[122.50166050450666,12.488285094363869],[122.501844559177187,12.488285434457778],[122.501844905222427,12.488104580015511],[122.501660850679713,12.488104239926665],[122.50166050450666,12.488285094363869]]],[[[122.505341942559298,12.488111017835211],[122.505341598943048,12.488291872373578],[122.505525653721492,12.488292209955096],[122.50552599720983,12.488111355411666],[122.505341942559298,12.488111017835211]]],[[[122.522089277551871,12.489045497804616],[122.522273333322318,12.489045823974108],[122.522273665197815,12.48886496898943],[122.522457720845694,12.48886529502836],[122.522458052588149,12.488684440036488],[122.522458384325461,12.48850358504213],[122.522458716057514,12.488322730045374],[122.522274660793244,12.488322404021011],[122.522274992647965,12.488141549026652],[122.522275324497542,12.487960694029896],[122.522091269494126,12.487960367889714],[122.522091601466343,12.487779512895356],[122.521907546595898,12.487779186634382],[122.521907878690783,12.487598331642511],[122.521908210780424,12.487417476648153],[122.521724156170919,12.48741715027136],[122.521540101566558,12.487416823768891],[122.521539769221292,12.487597678753479],[122.521723823953366,12.487598005260745],[122.521723491730768,12.48777886024782],[122.521539436870697,12.487778533735581],[122.521539104514957,12.487959388715284],[122.521538772154059,12.488140243692589],[122.521354717043621,12.488139917044991],[122.521355049532417,12.487959062072571],[122.521355382015969,12.487778207097753],[122.521355714494277,12.487597352120536],[122.521171659772506,12.487597025361916],[122.5211713271663,12.487777880334336],[122.520987272321946,12.487777553445243],[122.520986939582698,12.48795840841038],[122.520802884615691,12.487958081390813],[122.520618829653841,12.487957754245658],[122.520618496653725,12.488138609198538],[122.520434441569307,12.48813828192282],[122.520434108436149,12.488319136868329],[122.520433775297732,12.488499991811439],[122.520433442154086,12.488680846752152],[122.520617497622112,12.488681174042524],[122.520801553095282,12.488681501207219],[122.520985608573696,12.488681828246326],[122.520985275808414,12.488862683199207],[122.520801220202202,12.488862356155215],[122.520800887303864,12.489043211100901],[122.520800554400381,12.489224066044011],[122.520984610262317,12.489224393097773],[122.520984277481404,12.48940524804337],[122.521168333476467,12.48940557497634],[122.521352389476689,12.489405901783721],[122.521352722001808,12.489225046828354],[122.521536777879362,12.489225373505173],[122.52172083376216,12.489225700056403],[122.521904889650116,12.489226026481957],[122.522088945543317,12.489226352781921],[122.522089277551871,12.489045497804616]],[[122.520985941333748,12.488500973290959],[122.521169996689494,12.488501300199504],[122.521169664057268,12.488682155159756],[122.520985608573696,12.488681828246326],[122.520985941333748,12.488500973290959]],[[122.52117032931649,12.488320445236853],[122.521354384549682,12.488320772014925],[122.521354052050498,12.48850162698246],[122.521169996689494,12.488501300199504],[122.52117032931649,12.488320445236853]]],[[[122.505156856665749,12.488653243725976],[122.505340911694475,12.488653581443119],[122.505341255321468,12.488472726909547],[122.505157200420555,12.488472389197467],[122.505156856665749,12.488653243725976]]],[[[122.534421348993305,12.488886218088711],[122.534605404979317,12.488886535836139],[122.534605728283722,12.488705680527099],[122.534421672425523,12.488705362784289],[122.534237616572483,12.488705044915891],[122.534237293012367,12.488885900215516],[122.534421348993305,12.488886218088711]]],[[[122.530372118584651,12.488879195859512],[122.530371792334691,12.489060051056642],[122.530555848336775,12.4890603715727],[122.530556174458923,12.488879516370863],[122.530556500576012,12.488698661166628],[122.530372444829638,12.488698340660074],[122.530372118584651,12.488879195859512]]],[[[122.504972113860873,12.489014614922764],[122.505156169139894,12.489014952775621],[122.505156512905529,12.488834098251997],[122.50497245775432,12.488833760404203],[122.504972113860873,12.489014614922764]]],[[[122.534973193912762,12.489068026270465],[122.534973516966517,12.488887170954319],[122.534789460970387,12.488886853458068],[122.53478913778882,12.489067708769506],[122.534973193912762,12.489068026270465]]],[[[122.506812666892813,12.489017987798432],[122.506628611565475,12.489017651076226],[122.506628268817337,12.489198505637775],[122.506812324272573,12.489198842365044],[122.506812666892813,12.489017987798432]]],[[[122.534604758355414,12.489248246447113],[122.53478881460218,12.489248564078457],[122.53478913778882,12.489067708769506],[122.534605081669852,12.48906739114287],[122.534604758355414,12.489248246447113]]],[[[122.532028621636357,12.488882075938887],[122.5318445657214,12.488881756432599],[122.531660509811502,12.488881436800634],[122.531476453906677,12.48888111704308],[122.531476128423748,12.489061972268809],[122.531292072396084,12.489061652380871],[122.531108016373665,12.489061332367255],[122.531107690629966,12.489242187581082],[122.530923634484708,12.489241867437082],[122.530923308607953,12.489422722643626],[122.531107364881109,12.489423042792334],[122.531107039127207,12.489603898001276],[122.531291095533234,12.489604218029191],[122.531475151944406,12.489604537931518],[122.531474826441141,12.489785393147566],[122.531658882985184,12.489785712929011],[122.531659208360651,12.489604857708168],[122.531843264781955,12.489605177359229],[122.531843590024451,12.489424322131191],[122.531843915261888,12.489243466900755],[122.531844240494181,12.48906261166792],[122.532028296537021,12.489062931179005],[122.532212352584935,12.489063250564412],[122.532396408637922,12.48906356982423],[122.532580464696039,12.489063888958372],[122.53276452075923,12.489064207966925],[122.532948576827494,12.489064526849889],[122.533132632900802,12.489064845607176],[122.533132957233093,12.488883990338548],[122.533317013183662,12.488884308965451],[122.533501069139206,12.488884627466676],[122.533685125099908,12.488884945842313],[122.53368480115121,12.489065801125241],[122.533868857244869,12.489066119380086],[122.534052913343501,12.489066437509164],[122.534236969447193,12.489066755512743],[122.534237293012367,12.488885900215516],[122.534053237036488,12.488885582216733],[122.533869181065668,12.488885264092362],[122.53386950488148,12.48870440880224],[122.533685449043531,12.488704090556988],[122.533501393210742,12.488703772186147],[122.533317337382996,12.48870345368954],[122.533133281560239,12.488703135067434],[122.532949225742627,12.48870281631965],[122.532948901287597,12.488883671585969],[122.532764845347145,12.4888833527078],[122.532580789411853,12.488883033704044],[122.532396733481619,12.48888271457461],[122.532212677556458,12.488882395319587],[122.532028621636357,12.488882075938887]]],[[[122.504787370528504,12.489375985964033],[122.504971426057907,12.489376323952692],[122.504971769962097,12.489195469438927],[122.504787714560592,12.489195131455331],[122.504787370528504,12.489375985964033]]],[[[122.506443870486152,12.489379023338829],[122.506627926063871,12.489379360196748],[122.506628268817337,12.489198505637775],[122.506444213367516,12.48919816878483],[122.506443870486152,12.489379023338829]]],[[[122.530187083566588,12.489421440792112],[122.530371139819309,12.48942176144344],[122.530371466079487,12.489240906251196],[122.53018740995465,12.489240585604664],[122.530187083566588,12.489421440792112]]],[[[122.534972870853935,12.489248881584212],[122.534972547790133,12.489429736895472],[122.535156604174844,12.489430054280257],[122.535156927110833,12.48924919896429],[122.534972870853935,12.489248881584212]]],[[[122.522825169167859,12.489227656725452],[122.522641113253883,12.489227330928019],[122.522640781623792,12.489408185917492],[122.522640449988359,12.489589040904567],[122.522824506158045,12.489589366711682],[122.523008562332791,12.489589692393208],[122.523008230947994,12.489770547387566],[122.523192287255796,12.4897708729483],[122.523376343568913,12.489771198383446],[122.523376674698,12.489590343379318],[122.523377005821928,12.48940948837288],[122.523192949764592,12.489409162947416],[122.523008893712515,12.489408837396452],[122.523009225086909,12.489227982397209],[122.522825169167859,12.489227656725452]]],[[[122.524665728591842,12.489230907789937],[122.52448167262618,12.489230583248832],[122.524481342274527,12.489411438286888],[122.524481011917715,12.489592293322547],[122.524480681555758,12.489773148355718],[122.524664737905027,12.48977347291139],[122.524848794259455,12.489773797341384],[122.52484846414805,12.489954652381838],[122.52503252063552,12.48995497669104],[122.525032850619027,12.489774121645789],[122.525033180597376,12.489593266598051],[122.52503351057068,12.489412411547915],[122.525033840538725,12.489231556495293],[122.524849784562662,12.489231232205453],[122.524665728591842,12.489230907789937]]],[[[122.504234170693678,12.489917534710413],[122.504418226590417,12.489917873091114],[122.504418570894302,12.48973701859982],[122.504234515125361,12.489736680224182],[122.504234170693678,12.489917534710413]]],[[[122.5064428418099,12.489921586986439],[122.506443184707337,12.489740732439634],[122.506443527599373,12.48955987789043],[122.50625947189927,12.48955954090186],[122.50625912887925,12.489740395446001],[122.506258785854001,12.489921249987743],[122.506258442823324,12.490102104526999],[122.506442498907035,12.490102441530757],[122.5064428418099,12.489921586986439]]],[[[122.531290769902157,12.489785073240443],[122.531106713368231,12.489784753207731],[122.531106387604098,12.489965608411788],[122.531290444265835,12.489965928449296],[122.531290769902157,12.489785073240443]]],[[[122.500552706897636,12.490091595095718],[122.500736762814199,12.490091935994139],[122.500737109680728,12.489911081606762],[122.500553053892077,12.489910740713315],[122.500552706897636,12.490091595095718]]],[[[122.502209210341476,12.490094658659165],[122.502209556185093,12.489913804231021],[122.502025500353099,12.489913464342726],[122.501841444526519,12.489913124328753],[122.501657388705354,12.489912784189192],[122.501657042478044,12.49009363860206],[122.501841098427107,12.490093978746772],[122.502025154381585,12.490094318765808],[122.502209210341476,12.490094658659165]]],[[[122.530738274295814,12.489964967959919],[122.530737948270925,12.490145823151986],[122.530922005050343,12.490146143445555],[122.531106061834905,12.490146463613447],[122.531106387604098,12.489965608411788],[122.530922330947433,12.489965288248692],[122.530738274295814,12.489964967959919]]],[[[122.527793040494444,12.490140681368009],[122.527608983801983,12.490140358938548],[122.527609312000607,12.489959503828016],[122.527425255441003,12.489959181277763],[122.527424927114581,12.49014003638341],[122.527424598782986,12.490320891486659],[122.5276086555982,12.490321214046505],[122.52779271241856,12.490321536480851],[122.527793040494444,12.490140681368009]]],[[[122.501104528047307,12.490273471809408],[122.501288584107925,12.490273812336126],[122.501288930596274,12.49009295793587],[122.501104874663469,12.490092617414215],[122.501104528047307,12.490273471809408]]],[[[122.500920471992018,12.490273131157101],[122.500736415942242,12.490272790379207],[122.500736069064871,12.490453644761788],[122.500920125242544,12.490453985544834],[122.500920471992018,12.490273131157101]]],[[[122.503312856045014,12.490458404290825],[122.503496912298459,12.490458743314834],[122.503497257257806,12.490277888856136],[122.503313201132258,12.490277549837101],[122.503312856045014,12.490458404290825]]],[[[122.506441813085331,12.490464150612022],[122.506625869430152,12.490464487500139],[122.506626212215863,12.490283632955643],[122.50644215599884,12.490283296072588],[122.506441813085331,12.490464150612022]]],[[[122.500183900564352,12.490452621658852],[122.500183553297958,12.490633476023758],[122.500367609587272,12.49063381718881],[122.500367956725768,12.490452962818841],[122.500183900564352,12.490452621658852]]],[[[122.500551665881929,12.490634158228184],[122.500735722182085,12.49063449914197],[122.500736069064871,12.490453644761788],[122.500552012892612,12.490453303853153],[122.500551665881929,12.490634158228184]]],[[[122.524663086657085,12.490677748065169],[122.524479029668498,12.49067742348525],[122.52429497268507,12.490677098779743],[122.524294642164222,12.490857953793464],[122.524110585058125,12.490857628957484],[122.524110254404306,12.49103848396401],[122.5242943116383,12.491038808804875],[122.524478368877439,12.491039133520063],[122.524662426121722,12.491039458109663],[122.524662756392033,12.49085860308857],[122.524846813513577,12.490858927547697],[122.524847143650817,12.49067807251941],[122.525031200649707,12.490678396847974],[122.525215257653741,12.49067872105095],[122.525399314663019,12.490679045128159],[122.525399644411436,12.490498190082908],[122.525215587530056,12.490497866010495],[122.525215917401297,12.490317010967642],[122.525031860652959,12.490316686774348],[122.524847803909779,12.490316362455465],[122.524847473782827,12.490497217488636],[122.524663416916994,12.49049689303928],[122.524663086657085,12.490677748065169]]],[[[122.50349622236341,12.490820452224947],[122.50368027887798,12.490820791133492],[122.503680623720257,12.490639936674617],[122.503496567333599,12.490639597771134],[122.50349622236341,12.490820452224947]]],[[[122.526871770922256,12.490681633223319],[122.526687713871851,12.490681310151173],[122.52650365682652,12.490680986953437],[122.526503327840175,12.490861842025245],[122.52650299884867,12.491042697094654],[122.526687056149711,12.491043020302071],[122.526871113455826,12.49104334338381],[122.52687144219162,12.490862488304808],[122.527055499375066,12.490862811256074],[122.527055827977804,12.490681956169789],[122.526871770922256,12.490681633223319]]],[[[122.502207481042106,12.490998930763206],[122.50239153764673,12.490999270556378],[122.502391883389549,12.490818416135339],[122.502207826912823,12.490818076347319],[122.502207481042106,12.490998930763206]]],[[[122.506808897774732,12.4910073878966],[122.506992954513905,12.491007724548551],[122.506993297059907,12.490826870001301],[122.506809240448618,12.490826533354413],[122.506808897774732,12.4910073878966]]],[[[122.529265167166031,12.49032411143177],[122.529081110304716,12.490323790002664],[122.528897053448475,12.490323468447881],[122.528712996597292,12.49032314676751],[122.528712669155667,12.490504001901934],[122.528712341708882,12.49068485703396],[122.528712014256953,12.490865712163588],[122.528711686799952,12.491046567290729],[122.528895744162554,12.491046888990374],[122.52889541682822,12.491227744119913],[122.528895089488898,12.491408599247054],[122.529079147112355,12.491408920830613],[122.529263204740957,12.491409242288496],[122.529447262374632,12.49140956362079],[122.529446935413773,12.491590418759833],[122.529446608447756,12.491771273896477],[122.529630666342371,12.491771595112686],[122.529630339499107,12.491952450251729],[122.529814397526692,12.491952771347057],[122.529814070806253,12.492133626488409],[122.529886714892911,12.492133753170629],[122.529998128966881,12.492133947462944],[122.530182187132567,12.492134268311714],[122.530366245303313,12.492134589034896],[122.530550303479217,12.492134909632311],[122.53073436166018,12.492135230104138],[122.530734687741216,12.491954374938805],[122.530735013817093,12.491773519771074],[122.530735339887897,12.491592664600857],[122.530735665953657,12.491411809428241],[122.530735992014257,12.491230954253227],[122.530736318069799,12.491050099075816],[122.530736644120182,12.490869243895828],[122.530552586834418,12.490868923457574],[122.530368529553613,12.490868602893554],[122.530368855854732,12.490687747720761],[122.530184798706998,12.490687427035949],[122.530185125130771,12.490506571865554],[122.530185451549485,12.490325716692761],[122.530369508441524,12.49032603736798],[122.530369834727281,12.490145182187904],[122.530553891496567,12.490145502732739],[122.530554217649367,12.489964647545468],[122.530738274295814,12.489964967959919],[122.530738600315658,12.489784112765454],[122.53055454379701,12.4897837923558],[122.530370487283506,12.489783471820557],[122.53037016100788,12.489964327005429],[122.530186104371637,12.489964006339802],[122.53018577796314,12.49014486151748],[122.530001721204059,12.49014454072138],[122.529886714892911,12.490144340196094],[122.529817664450135,12.490144219799602],[122.529633607701271,12.490143898752235],[122.529633280904093,12.490324753913038],[122.52944922403249,12.490324432735287],[122.529265167166031,12.49032411143177]]],[[[122.500182511466178,12.491176039103822],[122.500366568139015,12.49117638028415],[122.500366915293938,12.490995525921464],[122.500182858748914,12.490995184746199],[122.500182511466178,12.491176039103822]]],[[[122.503863990678056,12.491001984377901],[122.503863645952833,12.491182838837043],[122.503679589177139,12.491182500044049],[122.50367924431869,12.491363354495642],[122.503863301222182,12.491363693293698],[122.504047358131189,12.491364031966077],[122.504047702733942,12.491183177504359],[122.504048047331267,12.491002323040243],[122.504048391923263,12.490821468573641],[122.50386433539795,12.490821129916361],[122.503863990678056,12.491001984377901]]],[[[122.495828948159613,12.491157804521889],[122.495828597847122,12.491338658756144],[122.496012654511787,12.49133900291338],[122.496196711181781,12.491339346944939],[122.49638076785736,12.491339690850909],[122.496381117786257,12.491158836601199],[122.496197061238561,12.49115849270038],[122.496197411289842,12.490977638453424],[122.496013354875544,12.49097729443208],[122.49601300469638,12.491158148673973],[122.495828948159613,12.491157804521889]]],[[[122.491042772853746,12.491510520662095],[122.491226829503049,12.49151086809138],[122.491227183017955,12.491330013988664],[122.491043126496464,12.49132966656453],[122.491042772853746,12.491510520662095]]],[[[122.49251522620348,12.491513296578569],[122.492699282897021,12.491513643002703],[122.492699635388831,12.491332788858509],[122.492515578823202,12.491332442439527],[122.49251522620348,12.491513296578569]]],[[[122.495460133960606,12.491518824286194],[122.495644190742155,12.491519168699936],[122.495644541188042,12.49133831447323],[122.495460484534391,12.491337970064729],[122.495460133960606,12.491518824286194]]],[[[122.492330816762262,12.491693804160251],[122.492331169515367,12.491512950028758],[122.492147112832939,12.491512603353359],[122.492146759951837,12.491693457479611],[122.492330816762262,12.491693804160251]]],[[[122.496380417922978,12.491520545098131],[122.496380067983168,12.491701399342956],[122.496564124919871,12.491701743133463],[122.496564474731883,12.491520888883487],[122.496380417922978,12.491520545098131]]],[[[122.502758268869897,12.49172336746601],[122.502758614378592,12.491542513044527],[122.502574557379518,12.491542173487522],[122.502574211742939,12.491723027903943],[122.502573866100931,12.491903882317876],[122.502757923355787,12.491904221885006],[122.502758268869897,12.49172336746601]]],[[[122.491410179367406,12.491872923603706],[122.491594236283603,12.491873270792118],[122.491594589553728,12.491692416683895],[122.491410532765428,12.491692069500635],[122.491410179367406,12.491872923603706]]],[[[122.491962350132511,12.491873964791997],[122.49214640706532,12.491874311603466],[122.492146759951837,12.491693457479611],[122.491962703146939,12.491693110673383],[122.491962350132511,12.491873964791997]]],[[[122.495091669579111,12.491698989290798],[122.494907612686177,12.491698644494962],[122.494907261717856,12.491879498696266],[122.495091318738602,12.491879843497165],[122.495091669579111,12.491698989290798]]],[[[122.496747832172574,12.491882941051022],[122.496748181862188,12.491702086798382],[122.496564124919871,12.491701743133463],[122.496563775102459,12.491882597380952],[122.496747832172574,12.491882941051022]]],[[[122.494723204702453,12.491879153769601],[122.49472285360082,12.492060007963355],[122.49490691074395,12.492060352895082],[122.494907261717856,12.491879498696266],[122.494723204702453,12.491879153769601]]],[[[122.497115596890012,12.492064482274587],[122.497299654104452,12.492064825572777],[122.497300003415788,12.491883971307169],[122.497115946329245,12.491883628014131],[122.497115596890012,12.492064482274587]]],[[[122.502389463076355,12.492084397031453],[122.502573520453595,12.492084736729323],[122.502573866100931,12.491903882317876],[122.502389808851575,12.491903542625069],[122.502389463076355,12.492084397031453]]],[[[122.492881930084963,12.492237405874382],[122.493065987301009,12.492237752067856],[122.493066339559235,12.492056897923041],[122.492882282471001,12.492056551734718],[122.492881930084963,12.492237405874382]]],[[[122.494538445227974,12.492240517091977],[122.494722502493588,12.492240862154533],[122.49472285360082,12.492060007963355],[122.494538796463019,12.49205966290595],[122.494538445227974,12.492240517091977]]],[[[122.498035883016598,12.492066197508853],[122.497851825780401,12.492065854713372],[122.497667768549604,12.492065511792125],[122.497483711324236,12.49206516874529],[122.497483362135284,12.492246023013562],[122.497667419488565,12.492246366065549],[122.497851476847245,12.492246708991859],[122.498035534211354,12.492247051792491],[122.498035883016598,12.492066197508853]]],[[[122.530918093888104,12.492316405617929],[122.530918419846302,12.492135550450287],[122.53073436166018,12.492135230104138],[122.530734035574085,12.492316085267072],[122.530918093888104,12.492316405617929]]],[[[122.53128621053132,12.492317045942878],[122.531102152207183,12.492316725843287],[122.531101826371724,12.492497581013238],[122.53128588482376,12.492497901117625],[122.53128621053132,12.492317045942878]]],[[[122.497666721350029,12.492608074605025],[122.497850778964519,12.492608417541637],[122.497851127908589,12.492427563267947],[122.497667070422011,12.492427220336486],[122.497666721350029,12.492608074605025]]],[[[122.506806156190706,12.492454224146874],[122.506622098433837,12.4924538873291],[122.506621755583737,12.492634741844375],[122.506805813468588,12.492635078667211],[122.506806156190706,12.492454224146874]]],[[[122.512144172470812,12.492283082530973],[122.511960114687213,12.492282749362458],[122.511776056908957,12.492282416068266],[122.511775717645136,12.492463270726093],[122.511591659744312,12.492462937301161],[122.511407601848802,12.49246260375064],[122.511407262323957,12.492643458396122],[122.511406922793682,12.492824313039117],[122.511590980945073,12.492824646599585],[122.511590641537452,12.493005501245156],[122.511774699821984,12.49300583468492],[122.511958758111831,12.493006167999097],[122.511959097263656,12.492825313343578],[122.512143155430849,12.492825646527015],[122.512327213603456,12.492825979584863],[122.512327552494156,12.492645124916999],[122.512511610544109,12.492645457844107],[122.512511949301668,12.492464603168871],[122.512696007228968,12.492464935965417],[122.512696345853385,12.492284081282721],[122.512696684472388,12.492103226597626],[122.512512626800785,12.492102893811028],[122.512328569134525,12.492102560898752],[122.512328230259726,12.492283415573899],[122.512144172470812,12.492283082530973]]],[[[122.530364939905127,12.492858009633521],[122.530548998592622,12.492858330250209],[122.530733057285175,12.492858650741132],[122.530733383386547,12.492677795585569],[122.530733709482845,12.49249694042752],[122.530549651046087,12.492496619946101],[122.530549977265224,12.492315764790449],[122.530365918961436,12.492315444188149],[122.530365592614487,12.492496299339093],[122.530365266262294,12.49267715448755],[122.530364939905127,12.492858009633521]]],[[[122.531469617696146,12.49267907627357],[122.531469943280868,12.492498221096424],[122.53128588482376,12.492497901117625],[122.531285559111154,12.492678756290063],[122.531469617696146,12.49267907627357]]],[[[122.520241720009352,12.492840182188845],[122.520242053400708,12.492659327308973],[122.520057995130045,12.492658999659776],[122.520058328644055,12.492478144782302],[122.519874270506435,12.492477817012313],[122.519873936864528,12.492658671884902],[122.519873603217462,12.492839526755004],[122.520057661610792,12.492839854534763],[122.520241720009352,12.492840182188845]]],[[[122.506437354721157,12.492815259403764],[122.506621412728393,12.492815596357252],[122.506621755583737,12.492634741844375],[122.506437697704399,12.49263440489595],[122.506437354721157,12.492815259403764]]],[[[122.531653350824413,12.492860251310853],[122.531653025357386,12.49304110648791],[122.531837084208391,12.493041426229654],[122.531837409547521,12.492860571047801],[122.531837734881506,12.492679715863551],[122.531653676286297,12.492679396131399],[122.531653350824413,12.492860251310853]]],[[[122.49748196532498,12.492969440062405],[122.497481616108772,12.493150294318509],[122.49748126688705,12.493331148572215],[122.497480917659828,12.493512002823435],[122.497480568427264,12.493692857072345],[122.497664626803626,12.493693200165277],[122.497664975908293,12.493512345911304],[122.497665325007617,12.493331491654933],[122.497665674101441,12.493150637396075],[122.497666023189751,12.49296978313482],[122.497666372272647,12.492788928871166],[122.497482314535773,12.492788585803813],[122.49748196532498,12.492969440062405]]],[[[122.51011953714351,12.492279410765414],[122.50993547941836,12.492279076214627],[122.509751421698539,12.492278741538074],[122.509567363984047,12.492278406735933],[122.509567023185639,12.492459261333897],[122.509382965348578,12.492458926401104],[122.509198907516847,12.492458591342634],[122.5091985664573,12.492639445928164],[122.509014508503,12.492639110738954],[122.508830450554129,12.492638775424156],[122.508830109233458,12.492819629997252],[122.508646051161918,12.492819294551802],[122.508461993095807,12.492818958980587],[122.508461651514011,12.492999813541248],[122.508461309926901,12.493180668099511],[122.508460968334376,12.493361522655286],[122.508460626736593,12.493542377208575],[122.508644685314309,12.493542712799774],[122.508644343839023,12.493723567355728],[122.508828402549952,12.493723902826313],[122.50882806119732,12.493904757384753],[122.509012120041575,12.493905092734634],[122.509196178891074,12.493905427958838],[122.509195837788809,12.494086282524917],[122.509379896771719,12.494086617628417],[122.509563955759759,12.49408695260624],[122.50956361490806,12.494267807179957],[122.509747674029342,12.494268142037077],[122.509748014753228,12.494087287458386],[122.509932073752026,12.494087622184855],[122.510116132756067,12.494087956785647],[122.510116473218844,12.49390710219461],[122.510300532100302,12.493907436664662],[122.510300872429767,12.493726582066165],[122.510301212753888,12.493545727465269],[122.510301553072765,12.493364872861887],[122.510301893386242,12.493184018256107],[122.51030223369446,12.49300316364784],[122.510302573997265,12.492822309037175],[122.51030291429484,12.492641454424112],[122.510303254586987,12.492460599808561],[122.510119196728695,12.492460265378389],[122.51011953714351,12.492279410765414]],[[122.509197884322163,12.493001155091941],[122.509013826112152,12.493000819892783],[122.509014167310241,12.492819965317112],[122.509198225392439,12.492820300511296],[122.50938228347988,12.492820635579713],[122.509381942537587,12.493001490165421],[122.509381601589951,12.493182344748641],[122.509197543246628,12.493182009670187],[122.509197884322163,12.493001155091941]]],[[[122.525946544630941,12.493392842211035],[122.526130603579119,12.493393165858189],[122.526314662532343,12.493393489379665],[122.526314991718621,12.49321263434676],[122.526130932893295,12.49321231083008],[122.525946874073014,12.493211987187722],[122.525946544630941,12.493392842211035]]],[[[122.5264983924272,12.493574667810856],[122.526682451518639,12.493574991085863],[122.526682780454365,12.493394136045675],[122.526498721490739,12.493393812775553],[122.5264983924272,12.493574667810856]]],[[[122.531467664080836,12.493764207285372],[122.531467338460416,12.493945062445553],[122.531651397945851,12.493945382336777],[122.531651723438372,12.493764527171889],[122.531467664080836,12.493764207285372]]],[[[122.497663928577794,12.49405490866585],[122.49784798721538,12.494055251643408],[122.497848336203148,12.493874397389169],[122.497664277693474,12.493874054416763],[122.497663928577794,12.49405490866585]]],[[[122.525393708150432,12.493753580525722],[122.525209648967078,12.493753256366178],[122.525209318997952,12.493934111362845],[122.525208989023596,12.494114966357115],[122.525208659044083,12.494295821348897],[122.525208329059424,12.494476676338282],[122.525392388754383,12.494477000517188],[122.525392718611144,12.494296145523007],[122.52539304846276,12.49411529052634],[122.525393378309133,12.493934435527274],[122.525393708150432,12.493753580525722]]],[[[122.50809114212916,12.494265123798174],[122.508091484004211,12.494084269264603],[122.508091825873862,12.493903414728544],[122.507907767056338,12.493903078750277],[122.507723708244143,12.493902742646332],[122.507539649437376,12.49390240641671],[122.507539307183947,12.494083260937758],[122.507538964925288,12.494264115456319],[122.507538622661201,12.494444969972394],[122.507722681851661,12.494445306217026],[122.507906741047549,12.494445642336069],[122.507907083055841,12.49426478780987],[122.50809114212916,12.494265123798174]]],[[[122.504225558148505,12.494438896076341],[122.50440961724243,12.494439234583341],[122.504409961680949,12.494258380152887],[122.504225902714936,12.49425804165095],[122.504225558148505,12.494438896076341]]],[[[122.531466361568775,12.494487627911353],[122.531650421437902,12.494487947816877],[122.531650746945616,12.494307092659271],[122.531466687204386,12.494306772758543],[122.531466361568775,12.494487627911353]]],[[[122.523734527602286,12.495197498160424],[122.523918587767611,12.495197823364199],[122.524102647938008,12.495198148442297],[122.524102317160029,12.49537900339047],[122.524286377463554,12.495379328347775],[122.524286046808328,12.495560183298347],[122.524285716148029,12.495741038246431],[122.524469776712507,12.49574136308774],[122.524469446174862,12.495922218038311],[122.524653506872568,12.495922542758739],[122.524837567575418,12.495922867353402],[122.524837237288423,12.496103722311256],[122.525021298124329,12.496104046785126],[122.525020967960174,12.496284901745378],[122.525205028929122,12.496285226098367],[122.525204698887791,12.496466081060928],[122.525388759989895,12.496466405293125],[122.525572821097128,12.496466729399556],[122.525572491306448,12.4966475843694],[122.525756552546838,12.49664790835495],[122.525756222878897,12.496828763327281],[122.525940284252329,12.49682908719195],[122.526124345630905,12.496829410930941],[122.5261240162137,12.497010265910466],[122.526308077725432,12.497010589528488],[122.526492139242208,12.497010913020921],[122.52649181007574,12.497191768007641],[122.526675871725658,12.497192091379103],[122.526859933380734,12.497192414624889],[122.527043995040955,12.497192737744998],[122.52704432382356,12.4970118827438],[122.527044652601091,12.496831027740116],[122.527044981373393,12.496650172734034],[122.526860920097036,12.496649849628403],[122.526861248992176,12.496468994624719],[122.526677187848875,12.496468671398295],[122.52667751686684,12.496287816397009],[122.526493455856581,12.496287493049616],[122.526493784997299,12.496106638050728],[122.526309724120182,12.496106314582454],[122.526310053383639,12.495925459585964],[122.526125992639578,12.495925135996897],[122.526126322025874,12.495744281002716],[122.525942261414855,12.495743957292769],[122.525942590923975,12.495563102301075],[122.525758530446012,12.495562778470246],[122.525758860077886,12.49538192348095],[122.52557479973305,12.495381599529152],[122.525575129487592,12.495200744542343],[122.525391069275898,12.495200420469752],[122.525207009069263,12.495200096271484],[122.525207339074527,12.49501924129178],[122.525023279001033,12.49501891697272],[122.52502360912905,12.494838061995504],[122.524839549188613,12.494837737555473],[122.524839879439455,12.494656882580655],[122.524655819632059,12.494656558019832],[122.524656150005569,12.494475703047412],[122.524656480374006,12.494294848072593],[122.524656810737213,12.494113993095288],[122.524657141095261,12.493933138115585],[122.524657471448165,12.493752283133484],[122.524473412285502,12.493751958471142],[122.524473742761145,12.493571103491439],[122.524474073231559,12.493390248509249],[122.524290014329921,12.493389923731],[122.524290344923074,12.493209068751296],[122.524290675511082,12.493028213769106],[122.524291006093932,12.492847358784518],[122.524291336671624,12.492666503797532],[122.524107278286735,12.492666178912968],[122.523923219907005,12.492665853902816],[122.523739161532419,12.492665528766898],[122.523555103162977,12.492665203505391],[122.523555434247029,12.492484348535369],[122.523371376010729,12.492484023152981],[122.523371707217521,12.492303168185357],[122.523372038419083,12.492122313215335],[122.523187980443737,12.49212198771704],[122.523188311768038,12.491941132749416],[122.523004253925734,12.491940807130328],[122.522820196088588,12.491940481385653],[122.522636138256672,12.491940155515211],[122.522452080429915,12.491939829519181],[122.522268022608316,12.491939503397473],[122.522083964791861,12.491939177150089],[122.52208429687839,12.491758322209199],[122.521900239195077,12.491757995841022],[122.521716181516908,12.491757669347257],[122.521532123843983,12.491757342727725],[122.521531791373931,12.49193819765396],[122.521347733578267,12.491937870903955],[122.521163675787918,12.491937544028273],[122.521163343056827,12.49211839894234],[122.520979285143738,12.492118071936096],[122.520978952279606,12.49229892684288],[122.520978619410229,12.492479781747177],[122.520794561246589,12.492479454605485],[122.520794228244156,12.492660309502499],[122.520793895236494,12.492841164397115],[122.520793562223588,12.493022019289244],[122.520793229205538,12.493202874178975],[122.520792896182229,12.493383729066219],[122.520976954985372,12.493384056232246],[122.520976622084817,12.493564911121977],[122.520976289179018,12.49374576600931],[122.521160348243185,12.49374609305943],[122.521160015460055,12.493926947949161],[122.521159682671765,12.494107802836494],[122.521159349878246,12.49428865772134],[122.521343409331351,12.494288984660438],[122.521343076660571,12.49446983954777],[122.521527136246718,12.494470166366076],[122.521711195838108,12.494470493058705],[122.521895255434643,12.494470819625656],[122.521894923142412,12.494651674525157],[122.522078982872088,12.494652000971316],[122.522263042606923,12.494652327291709],[122.522447102347087,12.494652653486513],[122.52263116209231,12.494652979555552],[122.522815221842762,12.494653305498913],[122.522999281598388,12.494653631316597],[122.523183341359243,12.494653957008603],[122.523183009957137,12.494834811939812],[122.523367069851034,12.494835137510938],[122.523551129750174,12.494835462956386],[122.52355079859872,12.495016317894878],[122.523734858630917,12.495016643219534],[122.523734527602286,12.495197498160424]],[[122.52189558772173,12.494289964723668],[122.521711528253093,12.494289638161691],[122.521711860662833,12.494108783262101],[122.521527801327323,12.494108456579243],[122.521528133859732,12.493927601682229],[122.521528466387068,12.493746746782728],[122.521344407312512,12.493746419983873],[122.521344739962501,12.493565565086859],[122.521345072607261,12.493384710187359],[122.521345405246862,12.49320385528546],[122.521161346561158,12.493203528375583],[122.521161679323498,12.493022673476171],[122.521162012080524,12.492841818574272],[122.521162344832391,12.492660963669886],[122.521346403134416,12.492661290565108],[122.5215304614415,12.492661617334653],[122.521530128945429,12.49284247224872],[122.52171418738574,12.492842798897472],[122.521713855012322,12.493023653814026],[122.521897913585676,12.493023980341897],[122.522081972164187,12.49302430674418],[122.522081640041421,12.493205161668017],[122.522265698752975,12.493205487949508],[122.522449757469872,12.493205814105321],[122.522449425597657,12.493386669036441],[122.522633484447596,12.493386995071463],[122.522817543302679,12.493387320980807],[122.523001602162921,12.493387646764385],[122.523001270669241,12.493568501707761],[122.523185329662624,12.493568827370547],[122.523369388661152,12.493569152907744],[122.523369057418122,12.493750007858315],[122.523553116549792,12.49375033327472],[122.523552785429416,12.493931188227689],[122.523552454303896,12.494112043178349],[122.523552123173218,12.494292898126522],[122.523551792037381,12.494473753072208],[122.523367732394121,12.494473427636441],[122.523183672756019,12.494473102074997],[122.522999613123147,12.494472776387875],[122.522815553495434,12.494472450575076],[122.522631493872865,12.494472124636511],[122.52244743425554,12.494471798572357],[122.522263374643359,12.494471472382438],[122.522079315036436,12.49447114606693],[122.521895255434643,12.494470819625656],[122.52189558772173,12.494289964723668]]],[[[122.506066149329669,12.494442275490423],[122.506065806036986,12.494623129963864],[122.50624986531254,12.494623467219066],[122.506250208477326,12.494442612740562],[122.506066149329669,12.494442275490423]]],[[[122.525576118720551,12.494658179566995],[122.525576448454487,12.494477324570417],[122.525392388754383,12.494477000517188],[122.525392058892464,12.49465785550897],[122.525576118720551,12.494658179566995]]],[[[122.526496417937921,12.49465979797205],[122.52668047779683,12.494660121275922],[122.526680806763281,12.4944792662503],[122.526496747032269,12.494478942951224],[122.526496417937921,12.49465979797205]]],[[[122.504040809655024,12.494800266277215],[122.504224868999415,12.494800604920018],[122.504225213576674,12.494619750499423],[122.504041154360181,12.494619411861683],[122.504040809655024,12.494800266277215]]],[[[122.504961106430613,12.49480195823419],[122.50514516580192,12.494802296248517],[122.505145509739592,12.494621441802698],[122.504961450496282,12.494621103793433],[122.504961106430613,12.49480195823419]]],[[[122.52631235808407,12.494659474542411],[122.526128298235463,12.494659150987095],[122.525944238392015,12.494658827306102],[122.52576017855371,12.494658503499432],[122.525759848942428,12.494839358498409],[122.525943908908729,12.494839682309964],[122.526127968880076,12.494840005995753],[122.52631202885658,12.494840329555954],[122.52631235808407,12.494659474542411]]],[[[122.499134657287811,12.494961920380474],[122.499318716608585,12.494962262378104],[122.499319064600343,12.494781408095177],[122.499135005407481,12.494781066102609],[122.499134657287811,12.494961920380474]]],[[[122.499686835266445,12.494962945996244],[122.499686487525139,12.495143800286899],[122.499870546990152,12.49514414191256],[122.499870894603546,12.494963287616754],[122.499686835266445,12.494962945996244]]],[[[122.503856060633794,12.49516163632248],[122.504040120228652,12.495161975100997],[122.504040464944552,12.494981120690349],[122.503856405477677,12.494980781916807],[122.503856060633794,12.49516163632248]]],[[[122.532016914855646,12.495392863050379],[122.532016589573189,12.495573718202921],[122.53220065022515,12.495574037760102],[122.532200975379723,12.495393182602763],[122.532016914855646,12.495392863050379]]],[[[122.500173827633674,12.495697397253478],[122.500357887504052,12.495697738561171],[122.500358234794604,12.495516884259237],[122.500174175052223,12.495516542956695],[122.500173827633674,12.495697397253478]]],[[[122.532384385850534,12.495755212351254],[122.53238471088217,12.495574357191517],[122.53220065022515,12.495574037760102],[122.532200325065602,12.495754892915043],[122.532384385850534,12.495755212351254]]],[[[122.500725313175352,12.496060129416273],[122.500909373317867,12.49606047035706],[122.50090972023547,12.495879616044734],[122.500725660220866,12.495879275109099],[122.500725313175352,12.496060129416273]]],[[[122.504222456807994,12.49606658579606],[122.50440651705317,12.496066924348534],[122.50440686154019,12.49588606993993],[122.504222801422912,12.495885731392518],[122.504222456807994,12.49606658579606]]],[[[122.500172457362311,12.496410686576374],[122.50017278534574,12.496239960129349],[122.500173132780432,12.496059105839761],[122.500052849490885,12.496058882720638],[122.500052868951769,12.49604875488056],[122.499989092123059,12.496048636556187],[122.499989420216963,12.495877910109341],[122.49980536022953,12.495877568545231],[122.499805012544371,12.496058422827003],[122.499620952434455,12.496058081131975],[122.499620604615885,12.496238935406199],[122.499620256791886,12.496419789677935],[122.499804317157682,12.496420131383177],[122.499988377528894,12.496420472962653],[122.500052154448724,12.496420591290578],[122.500172437905519,12.496420814416362],[122.500172457362311,12.496410686576374]]],[[[122.501093086670664,12.496241665487071],[122.501277146951892,12.496242006181566],[122.501277493619043,12.496061151861513],[122.501093433465783,12.496060811172169],[122.501093086670664,12.496241665487071]]],[[[122.501645267530634,12.496242687193346],[122.501644921113865,12.496423541521127],[122.501828981539347,12.496423881843564],[122.502013041970159,12.496424222040234],[122.502070379623447,12.496424327990949],[122.502109425000157,12.496415532000791],[122.502136563000093,12.496412221000783],[122.502146740000128,12.496408909000776],[122.502167094000129,12.496405598000768],[122.502197146709165,12.496401407425326],[122.502197448439446,12.49624370776826],[122.502013388131118,12.496243367702329],[122.501829327828119,12.496243027510721],[122.501645267530634,12.496242687193346]]],[[[122.503669586091135,12.496427278153996],[122.503853646576033,12.496427617093717],[122.50403770706636,12.496427955907672],[122.504038051819919,12.496247101513989],[122.503853991457589,12.496246762705097],[122.503669931100674,12.496246423770527],[122.503485870749088,12.496246084710192],[122.503301810402931,12.496245745524179],[122.503301465137596,12.496426599897523],[122.503485525611666,12.496426939088687],[122.503669586091135,12.496427278153996]]],[[[122.53183025091144,12.4968393844867],[122.532014312453896,12.496839704202953],[122.53201463777188,12.496658849067375],[122.531830576357422,12.496658529355917],[122.53183025091144,12.4968393844867]]],[[[122.532013661802537,12.497201414466739],[122.532197723605933,12.497201734066818],[122.532198048806151,12.497020878931329],[122.532013987130739,12.497020559336045],[122.532013661802537,12.497201414466739]]],[[[122.532381460336921,12.497382908678931],[122.532565522278347,12.497383228032364],[122.532565847227829,12.497202372889769],[122.532381785414302,12.497202053541132],[122.532381460336921,12.497382908678931]]],[[[122.533117708133247,12.497384185338243],[122.533117383562569,12.497565040492651],[122.533301445652228,12.497565359347993],[122.533301770095008,12.497384504188789],[122.533117708133247,12.497384185338243]]],[[[122.533299498889292,12.49865049025197],[122.533299823362455,12.498469635107421],[122.533300147830559,12.498288779960385],[122.53311608522904,12.498288461086036],[122.533115760633038,12.498469316228364],[122.533115436031892,12.498650171368206],[122.533115111425687,12.498831026505561],[122.53329917441107,12.49883134539421],[122.533299498889292,12.49865049025197]]],[[[122.533298525439349,12.499193055671229],[122.533482588685686,12.499193374443616],[122.533482913046143,12.499012519301553],[122.533298849927704,12.499012200533874],[122.533298525439349,12.499193055671229]]],[[[122.533665679209406,12.499736258516068],[122.533849742849824,12.499736577051221],[122.533850066969492,12.499555721906939],[122.533666003457057,12.499555403376581],[122.533665679209406,12.499736258516068]]],[[[122.533665030698828,12.500097968787847],[122.533849094595226,12.500098287332504],[122.533849418725097,12.499917432193106],[122.533665354956696,12.499917113653156],[122.533665030698828,12.500097968787847]]],[[[122.533112189741459,12.500458722632777],[122.533296253878632,12.500459041564236],[122.533296578402513,12.500278186443934],[122.533112514393409,12.500277867517271],[122.533112189741459,12.500458722632777]]],[[[122.532927476034558,12.500820113789866],[122.533111540422553,12.500820432856505],[122.533111865084535,12.500639577745885],[122.532927800824524,12.500639258683952],[122.532927476034558,12.500820113789866]]],[[[122.53550405492436,12.501005424450016],[122.535503731916066,12.501186279617569],[122.535687796630825,12.501186596933165],[122.535688119511221,12.501005741760904],[122.53550405492436,12.501005424450016]]],[[[122.535135279232151,12.501366499764641],[122.534951214404501,12.501366182066951],[122.53495089100204,12.501547037215408],[122.535134955957759,12.501547354917806],[122.535135279232151,12.501366499764641]]],[[[122.533087784497496,12.50155714637958],[122.533090022000124,12.501569790000842],[122.533095216000206,12.501583090000787],[122.533096290873814,12.501587379490262],[122.533104123076171,12.501609354604968],[122.533105156000133,12.501611614000838],[122.533108827000177,12.501622552000766],[122.533110095456095,12.501625326594388],[122.533110241723719,12.50154385327483],[122.533086195582285,12.501543811596791],[122.533087696000109,12.501553078000791],[122.533087784497496,12.50155714637958]]],[[[122.53476650251605,12.501727574528507],[122.534950567594606,12.501727892361378],[122.53495089100204,12.501547037215408],[122.534766826051467,12.501546719387244],[122.53476650251605,12.501727574528507]]],[[[122.534398048577486,12.501907793614828],[122.534582113773908,12.501908111703939],[122.534582437442467,12.50172725656987],[122.534398372373943,12.501726938485467],[122.534398048577486,12.501907793614828]]],[[[122.533612718000214,12.502058382000767],[122.53361970700017,12.502063983000786],[122.533628667000116,12.502070022000753],[122.533637627000147,12.50207606100072],[122.533645690000185,12.502085950000739],[122.533647769241412,12.50208735140018],[122.533661463528631,12.502087375108504],[122.533661787842178,12.501906520000547],[122.53347772267098,12.501906201282607],[122.533477684174585,12.501927660702448],[122.533480925000148,12.501929912000795],[122.533490960000179,12.501940239000762],[122.533495977000143,12.501945402000745],[122.533504937000174,12.5019514410008],[122.533535040000174,12.501982420000788],[122.533547495000235,12.501991260000809],[122.533552512000114,12.501996423000792],[122.53355950100007,12.502002024000811],[122.533576075000113,12.502019877000778],[122.533595247000193,12.502044379000763],[122.533604207000124,12.502050418000819],[122.533612718000214,12.502058382000767]]],[[[122.535524716959458,12.489430688673062],[122.53552439427412,12.489611543996135],[122.535708450801906,12.489611861008862],[122.53570877335936,12.489431005680993],[122.535709095911741,12.489250150350815],[122.535525039639737,12.489249833347591],[122.535524716959458,12.489430688673062]]],[[[122.535892829764236,12.489431322563336],[122.53589250733468,12.489612177895824],[122.536076563872513,12.489612494657285],[122.536076886174257,12.489431639320001],[122.535892829764236,12.489431322563336]]],[[[122.53644403285611,12.489974838489291],[122.536628089664745,12.489975154883224],[122.536628411592929,12.489794299536614],[122.53662873351621,12.489613444187606],[122.536444676963285,12.489613127803176],[122.53626062041532,12.489612811292981],[122.536076563872513,12.489612494657285],[122.536076241565709,12.489793349992082],[122.536260298236414,12.489793666632574],[122.536444354912177,12.489793983147477],[122.53644403285611,12.489974838489291]]],[[[122.551532968473964,12.492170634027397],[122.551717027223276,12.492170940173706],[122.551716715716552,12.492351795869636],[122.551716404204925,12.492532651563257],[122.55190046321492,12.492532957592948],[122.551900151826317,12.492713813288701],[122.55208421096917,12.492714119197332],[122.552268270116826,12.492714424980287],[122.552268581249635,12.492533569275386],[122.552084522229876,12.49253326349705],[122.552084833485708,12.49235240779428],[122.551900774598721,12.492352101894797],[122.551901085977562,12.492171246194248],[122.5519013973516,12.491990390491301],[122.551717338725211,12.4919900844752],[122.551717650222258,12.491809228774384],[122.551533591728656,12.491808922637224],[122.551533903348641,12.49162806693854],[122.551349844987811,12.491627760680322],[122.551350156730805,12.49144690498377],[122.551166098502762,12.491446598604492],[122.550982040279521,12.491446292099537],[122.550982352273422,12.491265436409646],[122.550798294182968,12.491265129783633],[122.550798606299878,12.491084274095963],[122.550614548342196,12.491083967348802],[122.550614860582129,12.490903111663263],[122.550430802757148,12.490902804795132],[122.550430490389317,12.491083660476052],[122.550430178016711,12.491264516154663],[122.550429865639117,12.491445371830698],[122.550613923847706,12.491445678712685],[122.550613611593121,12.491626534390941],[122.550613299333662,12.491807390066798],[122.550612987069314,12.491988245740169],[122.550797045666471,12.491988552510156],[122.55098110426843,12.491988859154555],[122.551165162875279,12.491989165673187],[122.551349221487015,12.491989472066232],[122.55134890972937,12.492170327755501],[122.551532968473964,12.492170634027397]]],[[[122.550796421378834,12.492350263858851],[122.550796109227818,12.492531119529557],[122.550980168213385,12.492531426187634],[122.550980480236674,12.492350570512309],[122.550980792255004,12.492169714834676],[122.550796733525146,12.492169408185747],[122.550796421378834,12.492350263858851]]],[[[122.552820136835024,12.492896197291268],[122.553004196130033,12.492896502576043],[122.553004506756224,12.492715646855421],[122.552820447589028,12.492715341575176],[122.552820136835024,12.492896197291268]]],[[[122.551163291488763,12.493074299745031],[122.551163603398734,12.492893444072459],[122.551163915303817,12.49271258839749],[122.550979856185378,12.492712281860472],[122.550979544152398,12.492893137530912],[122.550979232114543,12.493073993198864],[122.550978920071785,12.493254848864419],[122.551162979573917,12.493255155415204],[122.551163291488763,12.493074299745031]]],[[[122.551346103690946,12.493798028849765],[122.551346415492546,12.493617173182345],[122.551346727289186,12.493436317512439],[122.551162667654268,12.49343601108289],[122.551162355729659,12.493616866748178],[122.551162043800232,12.49379772241098],[122.551161731865847,12.493978578071383],[122.551345791884543,12.493978884514698],[122.551346103690946,12.493798028849765]]],[[[122.553003574863254,12.493258214010092],[122.553003264222582,12.493439069723431],[122.553002953577035,12.493619925434372],[122.553002642926685,12.493800781142914],[122.553002332271362,12.49398163684897],[122.553002021611334,12.494162492552627],[122.553186081806501,12.4941627977437],[122.553186392338731,12.493981942035512],[122.553186702866057,12.493801086324838],[122.553187013388509,12.493620230611766],[122.553187323906172,12.493439374896296],[122.553187634418947,12.493258519178339],[122.553003574863254,12.493258214010092]]],[[[122.55668322643568,12.494168572493711],[122.556867286727666,12.494168875171061],[122.556867594701657,12.493988019372191],[122.556683534537569,12.493987716699282],[122.55668322643568,12.494168572493711]]],[[[122.555762616302033,12.494347912991008],[122.555946676697758,12.494348216301274],[122.556130737098286,12.494348519485952],[122.556131045588856,12.494167663707509],[122.55594698531614,12.494167360527362],[122.555762925048313,12.494167057221626],[122.555762616302033,12.494347912991008]]],[[[122.556314797503688,12.494348822544863],[122.556498857913979,12.494349125478097],[122.556499166148569,12.494168269690684],[122.556315105866275,12.494167966761891],[122.556314797503688,12.494348822544863]]],[[[122.557051039173459,12.494350033523736],[122.557050731317759,12.494530889322339],[122.557234791875132,12.494531191757305],[122.557235099602934,12.494350335954261],[122.557051039173459,12.494350033523736]]],[[[122.555025756236986,12.494708409987973],[122.555209816869237,12.494708713810097],[122.555210126008973,12.494527858059188],[122.555026065504535,12.494527554241595],[122.555025756236986,12.494708409987973]]],[[[122.557234484142541,12.494712047558041],[122.557418544832686,12.494712349871859],[122.557418852437294,12.494531494066683],[122.557234791875132,12.494531191757305],[122.557234484142541,12.494712047558041]]],[[[122.559075397713272,12.494534209194716],[122.559075091259928,12.494715065040394],[122.559259151997949,12.494715366097351],[122.559259458323496,12.494534510247144],[122.559075397713272,12.494534209194716]]],[[[122.545086489328369,12.494691816943169],[122.544902428965059,12.494691506208087],[122.544902112657098,12.494872361699736],[122.545086173148391,12.494872672439437],[122.545270233644572,12.49487298305346],[122.545454294145728,12.494873293541806],[122.545454610069896,12.494692438036301],[122.545454925989105,12.494511582528309],[122.545270865743831,12.494511272049289],[122.545270549696639,12.494692127552574],[122.545086489328369,12.494691816943169]]],[[[122.557602298045964,12.49489350786722],[122.557786358873699,12.494893809934213],[122.557786666227301,12.494712954122464],[122.557602605527549,12.49471265206],[122.557602298045964,12.49489350786722]]],[[[122.558154480543379,12.49489441369108],[122.55833854138541,12.494894715381042],[122.558338848355319,12.494713859555704],[122.558154787641186,12.494713557870361],[122.558154480543379,12.49489441369108]]],[[[122.559442906538507,12.494896522880881],[122.55944321274086,12.494715667028631],[122.559259151997949,12.494715366097351],[122.559258845667699,12.49489622194516],[122.559442906538507,12.494896522880881]]],[[[122.553000468237897,12.495066771034411],[122.553184529072652,12.495067076248221],[122.553184839629125,12.494886220552202],[122.553000778922268,12.494885915342921],[122.553000468237897,12.495066771034411]]],[[[122.554472955052063,12.49506920922566],[122.554657015925628,12.495069513433963],[122.554657325458749,12.494888657701528],[122.554473264713081,12.494888353497755],[122.554472955052063,12.49506920922566]]],[[[122.553736401428552,12.495248846842886],[122.553920462410744,12.495249151558427],[122.55410452339764,12.495249456148381],[122.554104833319414,12.495068600432022],[122.55392077246033,12.495068295846599],[122.55373671160612,12.495067991135587],[122.553552650756814,12.495067686298809],[122.553368589912282,12.495067381336353],[122.553368279478917,12.495248237034504],[122.553552340451333,12.495248542001578],[122.553736401428552,12.495248846842886]]],[[[122.550975487279786,12.495244261025205],[122.550975175178507,12.495425116661627],[122.551159236215668,12.495425423267212],[122.551159548188963,12.49524456762626],[122.551159860157455,12.49506371198291],[122.550975799376175,12.495063405386384],[122.550975487279786,12.495244261025205]]],[[[122.544348981108357,12.495413995144942],[122.544533041968506,12.495414306275707],[122.544533358547099,12.495233450800667],[122.544349297814847,12.495233139674609],[122.544348981108357,12.495413995144942]]],[[[122.545085540773528,12.495234383424689],[122.545085224578727,12.495415238913674],[122.545084908378954,12.495596094400172],[122.545268969386811,12.495596405032758],[122.545269285458687,12.495415549541553],[122.54526960152559,12.495234694048039],[122.545269917587518,12.495053838551948],[122.545085856963453,12.495053527933306],[122.545085540773528,12.495234383424689]]],[[[122.570854093243042,12.495276647665863],[122.570853794957657,12.495457503785632],[122.57103785650996,12.495457796815854],[122.571038154667463,12.495276940691644],[122.570854093243042,12.495276647665863]]],[[[122.571405979628523,12.495458382499178],[122.571537417655819,12.495458591482222],[122.571555843874393,12.495277764169488],[122.571406277530144,12.495277526366264],[122.571405979628523,12.495458382499178]]],[[[122.570301311654902,12.495637480045039],[122.570485373321162,12.495637773456734],[122.570485671867061,12.495456917348067],[122.570301610328784,12.495456623940813],[122.570301311654902,12.495637480045039]]],[[[122.571221918066897,12.49545808972031],[122.57103785650996,12.495457796815854],[122.57103755834784,12.495638652937577],[122.571221620032674,12.495638945846474],[122.571405681722212,12.495639238629606],[122.571405979628523,12.495458382499178],[122.571221918066897,12.49545808972031]]],[[[122.544348664396907,12.495594850612965],[122.544164603413734,12.495594539351904],[122.544164286569313,12.495775394812823],[122.544348347680383,12.495775706078502],[122.544348664396907,12.495594850612965]]],[[[122.550790801912257,12.495605665559681],[122.550606740756962,12.495605358698123],[122.550606428390111,12.495786214320512],[122.550790489673304,12.495786521186689],[122.550790801912257,12.495605665559681]]],[[[122.569932889402111,12.495817748937563],[122.570116951186947,12.495818042605054],[122.570117249993345,12.495637186507667],[122.569933188336492,12.495636892844528],[122.569932889402111,12.495817748937563]]],[[[122.543979908485937,12.49595593887519],[122.544163969720017,12.495956250271254],[122.544164286569313,12.495775394812823],[122.54398022546323,12.495775083421377],[122.543979908485937,12.49595593887519]]],[[[122.550422054612085,12.495966762944031],[122.550606116018386,12.495967069940415],[122.550606428390111,12.495786214320512],[122.550422367111807,12.495785907328658],[122.550422054612085,12.495966762944031]]],[[[122.543795530146767,12.496136482800244],[122.543979591503771,12.496136794326604],[122.543979908485937,12.49595593887519],[122.543795847256831,12.495955627353448],[122.543795530146767,12.496136482800244]]],[[[122.544532092202999,12.495956872686262],[122.544531775604611,12.496137728151622],[122.54471583698141,12.496138039175184],[122.544716153451915,12.495957183705206],[122.544532092202999,12.495956872686262]]],[[[122.550237680578277,12.496147311430148],[122.550421742107488,12.496147618556916],[122.550422054612085,12.495966762944031],[122.550237993210771,12.495966455821792],[122.550237680578277,12.496147311430148]]],[[[122.538273370796887,12.496307933859638],[122.538457432132304,12.496308249161912],[122.538457752957441,12.496127393853227],[122.538273691750021,12.496127078555661],[122.538273370796887,12.496307933859638]]],[[[122.548398007275338,12.495601666554466],[122.548213946183722,12.495601358058748],[122.548214260208795,12.495420502493646],[122.548214574228894,12.495239646926146],[122.548030513398047,12.495239338313988],[122.547846452572088,12.495239029576064],[122.547662391751018,12.495238720712551],[122.547478330934922,12.495238411723273],[122.5472942701237,12.495238102608317],[122.547110209317466,12.495237793367684],[122.546926148516107,12.495237484001374],[122.546925833600454,12.495418339536544],[122.546741772676086,12.495418030039938],[122.546741457627661,12.495598885568091],[122.546557396580369,12.495598575941189],[122.546557081399058,12.495779431462326],[122.546373020228671,12.49577912170504],[122.546188959063244,12.495778811821987],[122.546004897902705,12.495778501813346],[122.545820836747154,12.495778191678939],[122.545636775596478,12.495777881418855],[122.545452714450775,12.495777571033004],[122.545268653310046,12.495777260521477],[122.545084592174192,12.495776949884361],[122.545084908378954,12.495596094400172],[122.54490084737597,12.495595783641908],[122.544900531043325,12.49577663912139],[122.544716469917432,12.49577632823283],[122.544716153451915,12.495957183705206],[122.544900214705791,12.495957494598473],[122.545084275964555,12.495957805365974],[122.545083959749945,12.496138660845277],[122.545083643530461,12.496319516322094],[122.545083327305903,12.496500371796424],[122.544899265663346,12.496500061014979],[122.544715204025678,12.496499750107857],[122.544715520506031,12.496318894642764],[122.544531459001249,12.496318583614494],[122.544531142392998,12.496499439074968],[122.544530825779773,12.496680294533045],[122.544530509161575,12.496861149988634],[122.544714571050051,12.496861461030759],[122.544898632943699,12.496861771947207],[122.545082694842122,12.496862082737978],[122.545083011076542,12.496681227268445],[122.545267072851971,12.496681537928831],[122.545267388953505,12.496500682452192],[122.545451450606009,12.496500992982194],[122.545635512263388,12.496501303386607],[122.545819573925741,12.496501613665165],[122.545819889638537,12.496320758172272],[122.54600395117788,12.496321068320535],[122.546004266757791,12.496140212820537],[122.546188328174125,12.496140522838504],[122.546372389595433,12.496140832730793],[122.546556451021615,12.496141142497317],[122.546556766212788,12.495960286981065],[122.546740827515961,12.495960596617204],[122.546924888824194,12.495960906127754],[122.547108950137229,12.495961215512539],[122.547293011455238,12.495961524771646],[122.547293326129747,12.495780669234522],[122.547477387324662,12.495780978363245],[122.547661448524636,12.495781287366379],[122.547845509729399,12.495781596243747],[122.547845195438668,12.495962451794815],[122.548029256776402,12.495962760551125],[122.548028942608681,12.496143616104325],[122.548028628436086,12.496324471655038],[122.548028314258517,12.496505327203353],[122.548028000076059,12.49668618274927],[122.548027685888712,12.496867038292789],[122.548027371696477,12.497047893833821],[122.548211433806657,12.497048202492076],[122.548211119737445,12.497229058035328],[122.548395181980496,12.497229366572435],[122.548579244228421,12.497229674983865],[122.548763306481334,12.497229983269529],[122.548947368739036,12.497230291429515],[122.548947682296472,12.497049435867877],[122.54913174443125,12.497049743897568],[122.549315806570831,12.497050051801493],[122.549499868715372,12.49705035957974],[122.549500181884071,12.496869504001848],[122.549684243905517,12.4968698116498],[122.549684556941429,12.496688956064892],[122.549868618839852,12.496689263582548],[122.549868931742893,12.496508407990623],[122.549684869972452,12.496508100477586],[122.549500808206801,12.496507792838871],[122.549316746446124,12.496507485074391],[122.549132684690321,12.496507177184233],[122.54894862293942,12.496506869168398],[122.548764561193394,12.496506561026797],[122.548764874859202,12.496325705460096],[122.548580813246048,12.496325397197348],[122.548581127034865,12.496144541632779],[122.548581440818793,12.495963686065723],[122.548397379466422,12.495963377686534],[122.54839769337336,12.495782522121699],[122.548398007275338,12.495601666554466]]],[[[122.550053306288476,12.496327859779042],[122.550237367940795,12.496328167036106],[122.550237680578277,12.496147311430148],[122.550053619053855,12.496147004177702],[122.550053306288476,12.496327859779042]]],[[[122.569748229483366,12.49617916731439],[122.569747930406962,12.496360023395789],[122.569747631325939,12.496540879474702],[122.569931693617832,12.496541173285367],[122.569931992570957,12.496360317202102],[122.569932291519294,12.49617946111635],[122.569932590463011,12.4959986050282],[122.569748528554982,12.495998311230592],[122.569748229483366,12.49617916731439]]],[[[122.543427090076577,12.496316714805298],[122.543426772700769,12.496497570237883],[122.543610834303706,12.496497882025013],[122.543611151551701,12.496317026587809],[122.543427090076577,12.496316714805298]]],[[[122.549868931742893,12.496508407990623],[122.550052993518321,12.496508715377983],[122.550053306288476,12.496327859779042],[122.549869244641044,12.4963275523963],[122.549868931742893,12.496508407990623]]],[[[122.556127343384887,12.496337932887966],[122.556127651928392,12.496157077136258],[122.555943590248617,12.496156773906373],[122.555943898915316,12.495975918156796],[122.555759837368242,12.495975614805763],[122.555760146157951,12.49579475905823],[122.555576084743663,12.495794455586049],[122.555392023334264,12.495794151988102],[122.555392332374964,12.49561329624723],[122.555208271098252,12.495612992528136],[122.555024209826428,12.495612688683364],[122.555023900529847,12.495793544415088],[122.554839839134914,12.49579324044011],[122.554655777744784,12.495792936339365],[122.554471716359458,12.495792632112854],[122.554471406674196,12.495973487828591],[122.554287345165847,12.495973183471962],[122.554103283662386,12.495972878989567],[122.554102973716368,12.496153734693758],[122.553918912089799,12.496153430081067],[122.553734850468032,12.496153125342788],[122.553550788851155,12.496152820478743],[122.55355047851647,12.496333676166858],[122.553366416776569,12.496333371172517],[122.553366106309099,12.496514226853703],[122.553182044446018,12.496513921729155],[122.553181733845847,12.496694777403325],[122.552997671859742,12.496694472148482],[122.552997361126714,12.496875327815635],[122.552997050388967,12.497056183480391],[122.553181112630938,12.497056488744382],[122.553180802016215,12.497237344411269],[122.553364864391057,12.497237649554025],[122.553364553899428,12.497418505223044],[122.55354861640707,12.497418810244652],[122.553732678919587,12.497419115140582],[122.553916741436908,12.497419419910747],[122.554100803959102,12.497419724555234],[122.5542848664861,12.497420029073956],[122.554468929017986,12.497420333467],[122.554469238741959,12.497239477770714],[122.554653301150751,12.497239782033462],[122.554837363564417,12.497240086170534],[122.555021425982787,12.497240390181839],[122.555205488406045,12.497240694067466],[122.555389550834192,12.497240997827417],[122.555573613267129,12.497241301461601],[122.555573922218656,12.49706044573565],[122.555757984528498,12.497060749239628],[122.555758293347154,12.496879893506661],[122.555942355533887,12.496880196880431],[122.555942664219856,12.496699341140536],[122.556126726283409,12.496699644384011],[122.556127034836592,12.496518788637188],[122.556127343384887,12.496337932887966]],[[122.55575952857366,12.49615647055081],[122.555759219774274,12.496337326293459],[122.555758910970084,12.49651818203362],[122.555574849044035,12.496517878543232],[122.55557454010706,12.496698734276466],[122.555390478058001,12.49669843065587],[122.555390168988254,12.496879286382176],[122.555206106815987,12.496878982631285],[122.555022044648609,12.496878678754806],[122.554837982486035,12.496878374752471],[122.554653920328249,12.496878070624549],[122.554469858175452,12.49687776637086],[122.554285796027344,12.496877461991405],[122.554101733884124,12.496877157486272],[122.554102043849426,12.496696301791852],[122.553917981839078,12.496695997165572],[122.553918291927488,12.496515141473195],[122.554102353809924,12.496515446094856],[122.554286415697263,12.496515750590929],[122.554286725524975,12.496334894887005],[122.554470787289205,12.496335199252782],[122.554471096984145,12.49615434354193],[122.55465515862528,12.496154647777411],[122.55483922027129,12.496154951887304],[122.555023281922104,12.496155255871431],[122.555023591228363,12.495974400144503],[122.555207652756081,12.495974703998334],[122.555207343577706,12.496155559729791],[122.555391405238197,12.496155863462475],[122.555575466903576,12.496156167069481],[122.55575952857366,12.49615647055081]]],[[[122.56956326982511,12.496721441610346],[122.569747332240297,12.496721735551217],[122.569747631325939,12.496540879474702],[122.569563569038749,12.496540585538272],[122.56956326982511,12.496721441610346]]],[[[122.559992336596764,12.496525127616041],[122.559808274560211,12.496524827016939],[122.559807968565792,12.496705682853912],[122.559807662566655,12.496886538688399],[122.559943776469282,12.496886760999901],[122.559991736870188,12.49687973740202],[122.559992030730314,12.496705983457455],[122.559992336596764,12.496525127616041]]],[[[122.538456790467009,12.496669959771909],[122.538456469626766,12.49685081507331],[122.538456148781634,12.497031670372225],[122.538640210633702,12.497031985567562],[122.538640531350936,12.49685113026394],[122.538640852063196,12.496670274957831],[122.538641172770468,12.496489419649324],[122.538457111302179,12.496489104468109],[122.538456790467009,12.496669959771909]]],[[[122.539377098498392,12.496671534444479],[122.539193036882125,12.496671219761355],[122.539008975270747,12.496670904952554],[122.538824913664527,12.496670590018075],[122.538824593080165,12.496851445328803],[122.539008654814381,12.496851760268077],[122.539192716553657,12.496852075081586],[122.539376778297893,12.496852389769328],[122.539377098498392,12.496671534444479]]],[[[122.569195145008891,12.496720853351571],[122.569194845534753,12.496901709412542],[122.569378908068416,12.496902003609121],[122.569379207414642,12.496721147543886],[122.569195145008891,12.496720853351571]]],[[[122.568826420746561,12.49708197669178],[122.569010483398884,12.497082271144242],[122.569010783005709,12.496901415090198],[122.568826720481383,12.496901120642088],[122.568826420746561,12.49708197669178]]],[[[122.538271765956267,12.497212210342932],[122.538455827931358,12.497212525668742],[122.538456148781634,12.497031670372225],[122.538272086934441,12.497031355051123],[122.538271765956267,12.497212210342932]]],[[[122.568273932694538,12.497261948614211],[122.568457995460733,12.497262243448235],[122.56845829545604,12.497081387409823],[122.568274232817757,12.497081092580151],[122.568273932694538,12.497261948614211]]],[[[122.538639889911494,12.497212840868785],[122.538639569184141,12.497393696167522],[122.538823631297248,12.497394011246596],[122.538823951896532,12.497213155943063],[122.538639889911494,12.497212840868785]]],[[[122.543425185746813,12.497401847364307],[122.543609247989423,12.497402159174706],[122.543609565262201,12.497221303749582],[122.543425503147503,12.497220991943889],[122.543425185746813,12.497401847364307]]],[[[122.54471330503965,12.497584882847432],[122.544713621549661,12.497404027396906],[122.544713938054713,12.497223171943981],[122.544714254554876,12.497042316488569],[122.544530192538403,12.497042005441825],[122.544346130526804,12.497041694269315],[122.544345813770761,12.497222549715401],[122.544345497009743,12.497403405159089],[122.544529559277223,12.497403716340836],[122.544529242639214,12.497584571786744],[122.544345180243852,12.49758426060029],[122.544344863472972,12.497765116039092],[122.544528925996332,12.497765427230165],[122.544712988524651,12.497765738295561],[122.54471330503965,12.497584882847432]]],[[[122.53882331069282,12.497574866547643],[122.539007372938883,12.497575181505658],[122.539007693415243,12.497394326199904],[122.538823631297248,12.497394011246596],[122.53882331069282,12.497574866547643]]],[[[122.539375497445945,12.497575811044479],[122.53955955970693,12.497576125625374],[122.539559879799498,12.497395270305498],[122.539375817666411,12.4973949557294],[122.539375497445945,12.497575811044479]]],[[[122.566985192439148,12.497440737256946],[122.566801129582544,12.497440441412797],[122.566617066730743,12.497440145442971],[122.566433003883546,12.497439849347378],[122.566248941041167,12.497439553126108],[122.566064878203477,12.497439256779073],[122.566064576535453,12.497620112755312],[122.56624863950104,12.497620409106789],[122.566432702471417,12.497620705332499],[122.56643240105457,12.497801561315134],[122.566616464157548,12.497801857419608],[122.566800527265329,12.497802153398228],[122.566984590377814,12.497802449251258],[122.567168653494917,12.497802744978523],[122.56735271661681,12.497803040580022],[122.567353017393899,12.497622184575272],[122.567537080392441,12.497622480046653],[122.567537381036928,12.497441624035064],[122.567721443912262,12.497441919376326],[122.567905506792314,12.497442214591912],[122.56808956967707,12.497442509681731],[122.568089869932976,12.49726165365451],[122.567905807176203,12.497261358569132],[122.567721744424063,12.497261063357987],[122.567537681676697,12.497260768021077],[122.567353618933964,12.497260472558489],[122.567353318166283,12.497441328568124],[122.567169255300357,12.497441032975418],[122.566985192439148,12.497440737256946]]],[[[122.565328022535439,12.497799782048444],[122.565512085610095,12.49780007890716],[122.56569614868954,12.497800375640198],[122.565880211773774,12.497800672247559],[122.565880513574498,12.497619816278158],[122.56588081537042,12.497438960306271],[122.565696752542237,12.49743866370788],[122.565512689718673,12.497438366983635],[122.565328626899827,12.497438070133713],[122.56514456408577,12.497437773158113],[122.565144261777903,12.497618629112237],[122.565328324719943,12.497618926092278],[122.565328022535439,12.497799782048444]]],[[[122.549498302798298,12.497954637432516],[122.549682365587486,12.497954945108001],[122.549866428381463,12.49795525265772],[122.54986674131878,12.497774397082848],[122.549867054251138,12.49759354150549],[122.549867367178678,12.497412685925822],[122.549683304768479,12.497412378389781],[122.549499242363254,12.497412070728062],[122.549498929179819,12.497592926298671],[122.549498615991496,12.497773781866792],[122.549498302798298,12.497954637432516]]],[[[122.564959896400083,12.497799187953715],[122.56495959395491,12.497980043898513],[122.565143657148127,12.497980341013202],[122.565143959465416,12.497799485063963],[122.565144261777903,12.497618629112237],[122.564960198840566,12.49761833200643],[122.564959896400083,12.497799187953715]]],[[[122.543240170893242,12.497944101660972],[122.543424233514841,12.497944413610993],[122.543424550930439,12.497763558197859],[122.543240488436837,12.497763246252456],[122.543240170893242,12.497944101660972]]],[[[122.539374536754323,12.498118376975418],[122.539374216513778,12.498299232280816],[122.539558279286624,12.498299546880451],[122.539558599399186,12.498118691570346],[122.539374536754323,12.498118376975418]]],[[[122.564958686590941,12.49852261171843],[122.565142750168036,12.498522908846352],[122.565143052499536,12.498342052904396],[122.564958989050339,12.498341755780915],[122.564958686590941,12.49852261171843]]],[[[122.564590559450892,12.498522017085376],[122.564590332117263,12.498657834740543],[122.564773014000139,12.498620168000771],[122.564774459102836,12.498620285468318],[122.564774623018565,12.498522314464742],[122.564590559450892,12.498522017085376]]],[[[122.542870456593278,12.498847754342988],[122.543054519844674,12.498848066567811],[122.543054837541021,12.498667211176082],[122.542870774417523,12.498666898955966],[122.542870456593278,12.498847754342988]]],[[[122.564037952771898,12.498769344849512],[122.56403806567252,12.498701980105684],[122.563854001995864,12.498701682218902],[122.563853798056769,12.498823315517269],[122.563912611000177,12.49879381900084],[122.564037952771898,12.498769344849512]]],[[[122.538452298248046,12.49920193376993],[122.538636361635611,12.499202249021666],[122.538636682413056,12.499021393747176],[122.538452619153404,12.499021078500148],[122.538452298248046,12.49920193376993]]],[[[122.539556358506118,12.499384678690104],[122.539556678648694,12.499203823394565],[122.539556998786296,12.499022968096627],[122.539372935501589,12.499022653478251],[122.53937261523609,12.499203508771481],[122.539372294965531,12.499384364062314],[122.5393719746899,12.499565219350748],[122.539556038358469,12.499565533983246],[122.539556358506118,12.499384678690104]]],[[[122.542317630437481,12.499208527652881],[122.542317312214436,12.499389383018586],[122.542501375834789,12.499389695634653],[122.542501693929935,12.49920884026424],[122.542317630437481,12.499208527652881]]],[[[122.539739461977788,12.499927559078303],[122.539923525912286,12.499927873468684],[122.539923845813988,12.499747018171012],[122.539739782007388,12.499746703785339],[122.539739461977788,12.499927559078303]]],[[[122.540475717745878,12.499928815885406],[122.540659781700356,12.499929129772811],[122.540660101090111,12.499748274456488],[122.540476037263616,12.499747960573702],[122.540475717745878,12.499928815885406]]],[[[122.537898501593645,12.500105263501924],[122.537714437586331,12.500104947723587],[122.537714116138929,12.500285802959974],[122.53789818027424,12.500286118742929],[122.537898501593645,12.500105263501924]]],[[[122.537529730428218,12.500466342280356],[122.537713794686454,12.500466658193874],[122.537714116138929,12.500285802959974],[122.537530052008591,12.500285487051164],[122.537529730428218,12.500466342280356]]],[[[122.536056248700035,12.501006376005472],[122.536240313302002,12.501006692939063],[122.536240635793362,12.500825837750194],[122.536056571319392,12.50082552082131],[122.536056248700035,12.501006376005472]]]]}},
{"type":"Feature","properties":{"fid":162,"HAZ":3.0,"layer":"Romblon_StormSurge_SSA4","path":"/Users/jhannaroseverzo/Downloads/Romblon/Romblon_StormSurge_SSA4.shp","Risk Level":"High","fid_2":243,"SYSTRA ID":"243","DAR ID":"148","Target Year":"2028","Bridge Category":"Original List","Bridge Name":"TAMPAYAN BRIDGE","Coordinates Y":"12.490497","Coordinates X":"122.525807","Region":"IV-B","Province":"ROMBLON","ARC 2026":"non-ARC","LINEAR METER IVF 2026":"34","EIRR 2026":"0.12","NEW/REPLACEMENT BRIDGE 2026":"replacement","Visited by SYSTRA":"No","Selected for 2nd Visit of SYSTRA":"No","Final Funder":"No Funder","2023 IVF URL":"","2026 IVF URL":"https://drive.google.com/open?id=1uLFdtdmkeyXGjcddtsJkznxdCD28oUmH"},"geometry":{"type":"MultiPolygon","coordinates":[[[[122.524134048267371,12.478016917286814],[122.523950000240333,12.478016592669592],[122.523949669825782,12.478197447843717],[122.524133717980547,12.478197772465736],[122.524134048267371,12.478016917286814]]],[[[122.524133387688579,12.478378627642348],[122.5243174359763,12.478378952143752],[122.524317766140456,12.478198096962343],[122.524133717980547,12.478197772465736],[122.524133387688579,12.478378627642348]]],[[[122.501842482792085,12.489370561060307],[122.501658427354528,12.489370220935934],[122.50165808114356,12.489551075356173],[122.501474025583519,12.48955073510106],[122.501473679239226,12.489731589513751],[122.501289623556715,12.489731249127987],[122.501105567879705,12.489730908616545],[122.500921512208024,12.489730567979516],[122.500737456541842,12.489730227216809],[122.500737109680728,12.489911081606762],[122.500736762814199,12.490091935994139],[122.500552706897636,12.490091595095718],[122.500552359897796,12.490272449475635],[122.500368303858849,12.490272108446385],[122.500367956725768,12.490452962818841],[122.500367609587272,12.49063381718881],[122.500551665881929,12.490634158228184],[122.500552012892612,12.490453303853153],[122.500736069064871,12.490453644761788],[122.500736415942242,12.490272790379207],[122.500920471992018,12.490273131157101],[122.501104528047307,12.490273471809408],[122.501104874663469,12.490092617414215],[122.501288930596274,12.49009295793587],[122.501472986534495,12.490093298331759],[122.501657042478044,12.49009363860206],[122.501657388705354,12.489912784189192],[122.501841444526519,12.489913124328753],[122.502025500353099,12.489913464342726],[122.502209556185093,12.489913804231021],[122.502209210341476,12.490094658659165],[122.502208864492445,12.490275513084823],[122.502208518637985,12.490456367508083],[122.502208172778111,12.490637221928855],[122.502207826912823,12.490818076347319],[122.502391883389549,12.490818416135339],[122.50239153764673,12.490999270556378],[122.502391191898496,12.49118012497493],[122.502390846144849,12.491360979391084],[122.502390500385872,12.49154183380484],[122.50239015462148,12.491722688216109],[122.502389808851575,12.491903542625069],[122.502573866100931,12.491903882317876],[122.502574211742939,12.491723027903943],[122.502574557379518,12.491542173487522],[122.502574903010697,12.491361319068703],[122.502575248636447,12.491180464647487],[122.502575594256768,12.490999610223783],[122.50257593987169,12.490818755797681],[122.502576285481183,12.490637901369182],[122.502576631085347,12.490457046938195],[122.502760687317121,12.490457386464824],[122.502761032788058,12.490276532026376],[122.502945088897349,12.490276871422266],[122.503129145012139,12.490277210692478],[122.503313201132258,12.490277549837101],[122.503497257257806,12.490277888856136],[122.503496912298459,12.490458743314834],[122.503496567333599,12.490639597771134],[122.503680623720257,12.490639936674617],[122.50368027887798,12.490820791133492],[122.503679934030274,12.49100164558997],[122.503679589177139,12.491182500044049],[122.503863645952833,12.491182838837043],[122.503863990678056,12.491001984377901],[122.50386433539795,12.490821129916361],[122.504048391923263,12.490821468573641],[122.504048736509844,12.490640614104551],[122.504049081091011,12.490459759633064],[122.50404942566685,12.490278905159178],[122.504049770237174,12.490098050682894],[122.504233826256481,12.490098389194246],[122.504234170693678,12.489917534710413],[122.504234515125361,12.489736680224182],[122.504418570894302,12.48973701859982],[122.504602626668557,12.489737356849782],[122.504602970839301,12.489556502351027],[122.504787026491087,12.489556840470337],[122.504787370528504,12.489375985964033],[122.504787714560592,12.489195131455331],[122.504971769962097,12.489195469438927],[122.504972113860873,12.489014614922764],[122.50497245775432,12.488833760404203],[122.505156512905529,12.488834098251997],[122.505156856665749,12.488653243725976],[122.505157200420555,12.488472389197467],[122.505341255321468,12.488472726909547],[122.505341598943048,12.488291872373578],[122.505341942559298,12.488111017835211],[122.50552599720983,12.488111355411666],[122.505526340692938,12.487930500865749],[122.505710395221001,12.487930838311554],[122.505710738570798,12.487749983758176],[122.505711081915265,12.4875691292024],[122.505895136193033,12.487569466512491],[122.505895479404273,12.487388611949255],[122.505895822610185,12.487207757383532],[122.506079876637671,12.487208094557998],[122.506080219710356,12.487027239984814],[122.506264273615358,12.487027577028629],[122.506264616554816,12.486846722447984],[122.50644867033742,12.486847059361148],[122.506632724125282,12.486847396148635],[122.506633066803701,12.486666541555556],[122.506817120469165,12.486666878212391],[122.507001174140044,12.486667214743727],[122.507185227816166,12.486667551149386],[122.507185570105833,12.486486696538721],[122.507369623659471,12.486487032813818],[122.507553677218539,12.486487368963237],[122.507737730782921,12.486487704987068],[122.507738072683736,12.486306850358995],[122.507922126125735,12.486307186252263],[122.508106179572977,12.486307522019855],[122.508290233025548,12.486307857661858],[122.508474286483533,12.486308193178273],[122.508474627867699,12.486127338527728],[122.508658681203201,12.486127673913581],[122.508842734544032,12.486128009173756],[122.509026787890207,12.486128344308431],[122.509210841241696,12.48612867931743],[122.509394894598515,12.48612901420084],[122.509578947960662,12.486129348958661],[122.509578607343357,12.486310203639315],[122.509762660838646,12.486310538276522],[122.509762320343896,12.486491392959662],[122.509761979843745,12.486672247640405],[122.509761639338336,12.486853102318749],[122.509761298827613,12.487033956994606],[122.50976095831146,12.487214811668066],[122.509576904177038,12.487214477005901],[122.509576563527844,12.4873953316719],[122.509392509270938,12.487394996879084],[122.509392168488517,12.487575851537711],[122.509208114109043,12.487575516614244],[122.509207773193481,12.48775637126541],[122.509023718691523,12.487756036211382],[122.508839664194909,12.487755701031675],[122.508655609703709,12.487755365726381],[122.508471555217739,12.487755030295498],[122.508287500737197,12.487754694738937],[122.508287159177087,12.487935549362659],[122.508103104573962,12.487935213675536],[122.507919049976266,12.487934877862736],[122.507918708155117,12.488115732474023],[122.507734653434852,12.488115396530661],[122.507734311480576,12.488296251134399],[122.507550256637913,12.488295915060386],[122.507549914550395,12.488476769656751],[122.507365859585178,12.488476433452087],[122.507365517364434,12.488657288040903],[122.507181462276733,12.488656951705588],[122.507181119922848,12.488837806287032],[122.506997064712664,12.488837469821066],[122.506996722225566,12.489018324395049],[122.506812666892813,12.489017987798432],[122.506812324272573,12.489198842365044],[122.506628268817337,12.489198505637775],[122.506627926063871,12.489379360196748],[122.506443870486152,12.489379023338829],[122.506443527599373,12.48955987789043],[122.506443184707337,12.489740732439634],[122.5064428418099,12.489921586986439],[122.506442498907035,12.490102441530757],[122.50644215599884,12.490283296072588],[122.506626212215863,12.490283632955643],[122.506625869430152,12.490464487500139],[122.506625526639112,12.490645342042237],[122.506809583117175,12.49064567880974],[122.506809240448618,12.490826533354413],[122.506993297059907,12.490826870001301],[122.506992954513905,12.491007724548551],[122.506992611962502,12.491188579093313],[122.506992269405856,12.491369433635677],[122.506991926843696,12.491550288175644],[122.506991584276292,12.491731142713212],[122.506991241703489,12.491911997248293],[122.506990899125256,12.492092851780976],[122.50699055654178,12.492273706311172],[122.506806498907395,12.49227336962405],[122.506806156190706,12.492454224146874],[122.506805813468588,12.492635078667211],[122.506621755583737,12.492634741844375],[122.506621412728393,12.492815596357252],[122.506437354721157,12.492815259403764],[122.506253296719251,12.4928149223246],[122.506252953602697,12.492995776824953],[122.506252610480814,12.493176631322909],[122.506436668738516,12.493176968412198],[122.506436325739188,12.49335782291273],[122.506435982734459,12.493538677410863],[122.506435639724387,12.493719531906597],[122.506435296708915,12.493900386399845],[122.5064349536881,12.494081240890695],[122.506434610661955,12.494262095379058],[122.506250551636782,12.494261758259659],[122.506250208477326,12.494442612740562],[122.50624986531254,12.494623467219066],[122.506065806036986,12.494623129963864],[122.505881746766761,12.494622792582986],[122.505881403340766,12.494803647049055],[122.505697343947972,12.494803309537437],[122.505513284560593,12.494802971900141],[122.505329225178542,12.494802634137168],[122.50514516580192,12.494802296248517],[122.504961106430613,12.49480195823419],[122.504961450496282,12.494621103793433],[122.504777391258301,12.494620765658491],[122.504777735446353,12.494439911220221],[122.504593676341685,12.494439572964664],[122.504594020652306,12.494258718529059],[122.504409961680949,12.494258380152887],[122.50440961724243,12.494439234583341],[122.504225558148505,12.494438896076341],[122.504225213576674,12.494619750499423],[122.504224868999415,12.494800604920018],[122.504040809655024,12.494800266277215],[122.504040464944552,12.494981120690349],[122.504040120228652,12.495161975100997],[122.503856060633794,12.49516163632248],[122.503855715784582,12.495342490725578],[122.503855370930026,12.495523345126367],[122.504039430780594,12.495523683915097],[122.504039086048522,12.495704538318462],[122.504223146032487,12.495704876986489],[122.504222801422912,12.495885731392518],[122.50440686154019,12.49588606993993],[122.50440651705317,12.496066924348534],[122.504222456807994,12.49606658579606],[122.504222112187662,12.496247440197203],[122.504038051819919,12.496247101513989],[122.50403770706636,12.496427955907672],[122.503853646576033,12.496427617093717],[122.503669586091135,12.496427278153996],[122.503485525611666,12.496426939088687],[122.503301465137596,12.496426599897523],[122.503301810402931,12.496245745524179],[122.503117750062174,12.496245406212401],[122.502933689726845,12.496245066775034],[122.502749629396845,12.4962447272119],[122.502565569072274,12.49624438752309],[122.502381508753189,12.496244047708513],[122.502197448439446,12.49624370776826],[122.502197146709165,12.496401407425326],[122.502214587000154,12.496398975000753],[122.502231549000129,12.496398976000753],[122.502241726000179,12.496395664000746],[122.50225529500014,12.496395664000746],[122.50227564900014,12.496392353000738],[122.502292611000129,12.496392353000738],[122.502326534000176,12.496385730000812],[122.502346888000176,12.496385731000812],[122.502363850000151,12.496382419000804],[122.502374027000201,12.496382420000804],[122.502397773000212,12.496382420000804],[122.502414735000187,12.496379109000797],[122.502431697000091,12.496379109000797],[122.502452051000176,12.496375798000789],[122.502475797000187,12.496375798000789],[122.502479189000113,12.496375798000789],[122.502506328000223,12.49637579900079],[122.502530074000234,12.496372488000782],[122.502536859000173,12.496372488000782],[122.502557213000173,12.496372488000782],[122.502574175000149,12.49637580100079],[122.502594529000149,12.49637580100079],[122.502597921000159,12.49637580100079],[122.502625060000099,12.496379114000797],[122.50264202100017,12.496379114000797],[122.502658983000146,12.496382427000805],[122.502679337000146,12.496382427000805],[122.502699691000231,12.496385740000813],[122.502706476000171,12.496385740000813],[122.50272343800016,12.496385740000813],[122.502740399000231,12.496389053000732],[122.502757361000121,12.496392365000828],[122.502767538000157,12.496392365000828],[122.502787892000157,12.496395678000836],[122.502804854000146,12.496395678000836],[122.502821815000118,12.496398991000754],[122.502826341647804,12.49640009580971],[122.502869308000143,12.496408928000777],[122.502886270000218,12.496408928000777],[122.502903232000193,12.496412240000785],[122.502920193000094,12.496415553000793],[122.502933763000243,12.496415553000793],[122.502950724000129,12.496422177000808],[122.502964294000193,12.496425490000815],[122.502977863000154,12.496428802000734],[122.50299143200013,12.496432114000831],[122.503005002000094,12.496435426000838],[122.50301517900013,12.496435427000749],[122.503048981000092,12.496448369000843],[122.503073275000148,12.496453116000792],[122.503085423000087,12.496455489000722],[122.503100000000131,12.496460234000759],[122.503114576000101,12.496467351000815],[122.503131582000179,12.496472097000764],[122.503146159000138,12.496476842000801],[122.503160736000098,12.496481587000838],[122.503175313000156,12.496483961000768],[122.503197178000178,12.496491079000824],[122.503219043000129,12.496495825000773],[122.50323119000015,12.496500570000721],[122.503243338000189,12.496502943000829],[122.50325548500021,12.496505316000759],[122.503267632000146,12.496507689000778],[122.503279780000184,12.496510062000796],[122.503289498000186,12.496510063000796],[122.503304075000145,12.496512436000815],[122.503350235000141,12.496521928000801],[122.503359953000157,12.496521929000801],[122.503376959000221,12.49652667500075],[122.503386677000236,12.49652667500075],[122.503398824000172,12.496531421000787],[122.503412170929067,12.496534384005651],[122.503423119000232,12.496536167000825],[122.503434460436992,12.496539331479104],[122.503452273000235,12.496543285000792],[122.503469279000228,12.496545659000811],[122.503478997000229,12.49654803200074],[122.503491145000169,12.496548033000829],[122.503530016000099,12.496555152000797],[122.503547023000081,12.496555154000797],[122.503568889000121,12.496555156000797],[122.50358346600008,12.496552785000778],[122.503593184000081,12.496552786000779],[122.503602902000097,12.496555159000797],[122.503615049000118,12.496555160000797],[122.503636915000158,12.496555162000798],[122.503651492000117,12.496555163000798],[122.503661210000118,12.496552792000779],[122.503670929000123,12.496552793000779],[122.503687935000116,12.496552795000779],[122.50370008300014,12.496552796000779],[122.503717089000119,12.496555169000798],[122.503731666000093,12.496555170000798],[122.503743814000117,12.496555172000798],[122.503755962000142,12.49655280100078],[122.503792405000141,12.496545688000724],[122.50380455300008,12.496543317000794],[122.503821560000063,12.496543319000795],[122.503823989000082,12.496543319000795],[122.503833707000098,12.496543320000795],[122.503845855000122,12.496543321000795],[122.503868525908032,12.496545694667125],[122.503872579000117,12.496545695000814],[122.503879868173726,12.496546882110513],[122.503891208342807,12.496548069334343],[122.5038993040001,12.496548070000832],[122.503913881000159,12.496550443000762],[122.503933317000161,12.496550445000763],[122.50394789400012,12.496550446000851],[122.503964900000113,12.496550448000763],[122.503974619000118,12.496548077000833],[122.503986766000139,12.496548078000744],[122.503998914000078,12.496543335000796],[122.504011062000117,12.496540964000777],[122.504035358000081,12.496538594000848],[122.504047506000106,12.496533851000811],[122.504062083000065,12.496533853000811],[122.504074231000189,12.496531482000792],[122.504096096000126,12.496531484000792],[122.504098526000064,12.496533856000811],[122.504113103000122,12.496533857000811],[122.504125250000143,12.49653623000083],[122.504137397000079,12.49653860300076],[122.504149545000118,12.49653860400076],[122.504178699000121,12.496543351000797],[122.504193276000095,12.496545724000816],[122.504207853000139,12.496548097000835],[122.504222429861017,12.496551487509686],[122.50423214700011,12.496552844000783],[122.504235680937697,12.496554569149962],[122.504246106624947,12.496556993724104],[122.504249154000092,12.496557589000821],[122.504258872000094,12.496559962000751],[122.50428073700013,12.496562336000769],[122.504283167000153,12.496562336000769],[122.504307462000128,12.49656233800077],[122.504322039000172,12.49656233900077],[122.504341475000189,12.496559969000751],[122.504345120308059,12.496559969375829],[122.504368200000172,12.496557600000822],[122.504387637000093,12.496557601000822],[122.504391916711882,12.496557601392331],[122.504409502000129,12.496557603000822],[122.504428939000135,12.496557605000733],[122.504438657000136,12.496557606000822],[122.504449833401907,12.496554760404974],[122.504455664000133,12.496552863000785],[122.504465382000134,12.496550492000766],[122.504475101000139,12.496548121000748],[122.504494537000141,12.4965433790008],[122.504509115000104,12.496536264000744],[122.504516404000086,12.496533893000814],[122.504528552000124,12.496531522000796],[122.504533411000082,12.496531523000796],[122.504552847000085,12.496529152000777],[122.504556905016855,12.496529152557487],[122.504577143000148,12.496526783000759],[122.504586861000149,12.49652203900081],[122.504599010000177,12.496517297000773],[122.5046163130406,12.496511964162691],[122.504620876000203,12.496510183000806],[122.504635454000166,12.496505440000769],[122.504645172000181,12.496503069000751],[122.504659749000226,12.496503070000839],[122.504676756000208,12.496503072000751],[122.504696192000225,12.496503073000751],[122.504710770000187,12.496500703000732],[122.504718058000165,12.496500703000732],[122.50473212010472,12.496500704930034],[122.504732636000213,12.496500705000821],[122.504744783000163,12.496500706000822],[122.504756931000188,12.496498335000803],[122.50477393800017,12.496498336000803],[122.504781227000151,12.496498337000803],[122.504813267000145,12.496481736000762],[122.50482298600015,12.496476993000813],[122.504835134000089,12.496476994000814],[122.50484728100011,12.496476995000725],[122.504854570000091,12.496476995000725],[122.504866717000127,12.496479368000832],[122.504876435000128,12.496484113000781],[122.504886153000129,12.4964864860008],[122.50489587100013,12.4964864870008],[122.504909649802329,12.496489653306417],[122.504917736000166,12.496491233000748],[122.504927454000168,12.496493605000767],[122.504937172000183,12.496495978000786],[122.504951749000142,12.496495980000786],[122.504961467000143,12.496495980000786],[122.504973615000168,12.496493609000767],[122.50498090300016,12.496493610000767],[122.504993051000184,12.496488867000819],[122.505002770000104,12.4964864960008],[122.505012488000105,12.496481753000763],[122.50502463600013,12.496477010000815],[122.505036784000154,12.496474639000796],[122.505044073000136,12.496469896000759],[122.505056221000075,12.496467525000829],[122.50506836800011,12.496465154000811],[122.505080516000135,12.496460411000774],[122.505090235000139,12.496458040000755],[122.50511210100008,12.496450926000788],[122.50513396700012,12.496443812000821],[122.505197136000191,12.496429586000799],[122.505209284000216,12.496424843000762],[122.505219002000231,12.496422472000832],[122.505228721000236,12.496417729000795],[122.505234792621749,12.496415358429411],[122.505250587000177,12.496408243000809],[122.505262735000201,12.496403500000772],[122.505265976193741,12.49640270929496],[122.50529675000017,12.496391643000768],[122.505306468000185,12.49638690000082],[122.50531618700019,12.496382157000783],[122.505323475000168,12.496379785000764],[122.505333194000173,12.496372670000797],[122.505345342000197,12.49636792700076],[122.505357490000137,12.496360812000793],[122.505367209000141,12.496356069000756],[122.505387090120976,12.496350678968779],[122.505391504000116,12.496348956000789],[122.505401223000121,12.49634658400077],[122.505410941000122,12.496344213000752],[122.505420660000127,12.496339470000803],[122.505432808000151,12.496334727000766],[122.505461963000073,12.496325242000781],[122.505498406000072,12.496318129000725],[122.505510554000097,12.496313386000777],[122.505643904000209,12.496249637000831],[122.505783296000203,12.496178004000766],[122.505901416000114,12.496106386000791],[122.50602662500026,12.496032456000803],[122.506137670000115,12.49598161000077],[122.506259500000169,12.495944915000754],[122.506291085000115,12.49593068600082],[122.50630760425426,12.495924994899186],[122.50631052200012,12.495923571000764],[122.506322670000145,12.495918828000816],[122.50633238800016,12.495916457000797],[122.506354254000101,12.495906971000812],[122.506366402000126,12.495904600000793],[122.50637612100013,12.495899857000756],[122.50638826900007,12.495895114000808],[122.506400417000094,12.495890371000771],[122.50641013500011,12.495885628000822],[122.5064198540002,12.495878513000767],[122.506432002000224,12.495873770000818],[122.506444150000164,12.495869027000781],[122.506461153594344,12.495863811452432],[122.506466016000203,12.495861913000814],[122.506472495577427,12.495860332111972],[122.506489938549734,12.495854981192354],[122.506490312000167,12.495854799000758],[122.506492737618899,12.495854122531656],[122.50652918500019,12.495842942000754],[122.506580205000233,12.495833458000769],[122.506599642000154,12.495826344000802],[122.506611790000179,12.495823973000784],[122.506623938000203,12.495816858000817],[122.506633656000218,12.495814487000798],[122.50664337400022,12.49581211600078],[122.50666281100014,12.495807374000742],[122.506672529000141,12.495805002000813],[122.506718691000145,12.495786030000753],[122.506730840000174,12.495778915000786],[122.506738129000155,12.495771800000819],[122.506747847000156,12.495764685000763],[122.506767284000162,12.495752827000759],[122.506779432000101,12.495748084000811],[122.506789151000106,12.495745713000792],[122.506801298000141,12.495743342000774],[122.506811017000146,12.495738599000825],[122.506823165000085,12.495733856000788],[122.506830454000152,12.495729112000751],[122.506840172000068,12.495724369000802],[122.506849890000069,12.495721998000784],[122.506859609000259,12.495717255000747],[122.506881958721891,12.495711564511867],[122.506886334000242,12.49571014100078],[122.506891539737865,12.495709124964902],[122.506904318756511,12.495705871132854],[122.506905770000259,12.495705399000743],[122.506915489000178,12.495703027000813],[122.506927637000203,12.495698284000776],[122.506937355000204,12.495695913000846],[122.506949503000229,12.495691170000809],[122.506959221000244,12.49568879900079],[122.506990806000189,12.495674570000768],[122.507002954000214,12.495665083000782],[122.507015102000153,12.495657968000815],[122.50704263726729,12.495646900699784],[122.507044257000175,12.495646110000811],[122.507056405000199,12.495641367000774],[122.507680808000174,12.495461145000784],[122.50817068900011,12.495323863000793],[122.508187696000192,12.495319120000756],[122.508197414000193,12.495314377000808],[122.508209562000133,12.495312006000789],[122.50821442549632,12.495311214936153],[122.508248435000155,12.495304893000734],[122.508260582000176,12.495300150000785],[122.508267871000157,12.495297778000767],[122.508275160000139,12.495297779000767],[122.50828487800014,12.49529303600073],[122.508348046000137,12.495281180000815],[122.508357765000142,12.495281181000815],[122.508369912000163,12.495276438000777],[122.508411215000123,12.495269325000811],[122.508423363000148,12.495264582000774],[122.508433081000149,12.495262211000844],[122.508462236272123,12.495255097412192],[122.508469525000152,12.49525272600077],[122.508481672000087,12.495250355000751],[122.508486532000134,12.495245611000803],[122.508532809000144,12.495226639000832],[122.508544957000169,12.495221896000794],[122.508559534000128,12.495217153000757],[122.508566823000109,12.495214782000827],[122.508581400000168,12.495212411000809],[122.508593548000107,12.495212412000809],[122.508605695000128,12.495214785000739],[122.508617843000167,12.495212413000809],[122.508629991000106,12.495207670000772],[122.508637279000169,12.495205299000842],[122.508651856000128,12.495205300000842],[122.508668379543465,12.495202454326657],[122.508676152000106,12.495200558000716],[122.508693158000085,12.495198187000787],[122.508695588000109,12.495198187000787],[122.50870530600011,12.495198188000787],[122.508717454000148,12.495198189000787],[122.508729601000169,12.495195818000768],[122.508739319000085,12.495195819000768],[122.50875146700011,12.495195819000768],[122.508766044000168,12.495195821000769],[122.50877576200017,12.495195821000769],[122.508787910000109,12.49519345000075],[122.508800057000144,12.49519107900082],[122.508815677683202,12.495190063617754],[122.508826782000128,12.495188709000802],[122.508836500000129,12.495188710000802],[122.50884378900011,12.495186338000783],[122.508858366000169,12.495186339000783],[122.508872943000128,12.495186340000783],[122.508885090000163,12.495186341000784],[122.508894808000164,12.495186342000784],[122.508904526000165,12.495186343000784],[122.508923963000086,12.495183972000765],[122.508933681000087,12.495183973000765],[122.508948258000146,12.495183974000765],[122.508955546000124,12.495183974000765],[122.508965264000125,12.495183975000765],[122.509008996000105,12.49517449000078],[122.509030862000145,12.495169748000743],[122.509052728000171,12.495167378000813],[122.509064875000107,12.495165006000795],[122.509077023000145,12.495162635000776],[122.509091600000104,12.495160264000758],[122.509101319000109,12.495155521000809],[122.509137762000108,12.495143664000805],[122.509147480000109,12.495141293000787],[122.509157198000111,12.495138921000768],[122.509166917000115,12.495136550000749],[122.509176635000117,12.49513417900082],[122.509186353000132,12.495134180000731],[122.509200930000091,12.495131809000801],[122.509220366000093,12.495129438000783],[122.509247359907391,12.495128385773233],[122.509256809000092,12.495127069000764],[122.509271386000151,12.495127070000764],[122.509281104000152,12.495127070000764],[122.509290822000153,12.495124699000746],[122.509300540000154,12.495124700000835],[122.509312688000094,12.495124700000835],[122.509327265000152,12.495122330000816],[122.509341842000111,12.495122331000816],[122.50935641900017,12.495122332000816],[122.509366137000171,12.495122332000816],[122.50938071400013,12.495122333000817],[122.509409869000152,12.495117591000779],[122.509436594000135,12.495115221000761],[122.509472682243285,12.49510302802249],[122.509477897000096,12.495100992000827],[122.509485185000159,12.495098621000809],[122.509499763000122,12.495093878000771],[122.509509481000123,12.495091507000753],[122.509519199000138,12.495089135000823],[122.509536206000121,12.495082020000767],[122.509545925000211,12.495079649000749],[122.509555643000212,12.495077278000819],[122.509567791000251,12.4950749070008],[122.509609093000194,12.495070166000763],[122.509626099000187,12.495070167000764],[122.509638247000211,12.495072540000782],[122.509655253000204,12.495072541000782],[122.509672260000187,12.495072542000782],[122.509679549000253,12.495072542000782],[122.509694126000213,12.495070171000764],[122.509703844748159,12.495070171667519],[122.509711942440276,12.49506938164143],[122.509718421000187,12.495067801000834],[122.50972814438984,12.495067801124202],[122.509742717000236,12.495065431000816],[122.509752435000252,12.495065431000816],[122.509766202421048,12.495061478966649],[122.509774301000192,12.49505831700076],[122.509784019000193,12.495055945000741],[122.509793738000198,12.495053574000812],[122.509801027000179,12.495048831000775],[122.509835041000159,12.495039345000789],[122.509847189000183,12.495034602000752],[122.509859337000208,12.495029859000804],[122.50991035800017,12.495020374000729],[122.509922506000194,12.495015631000781],[122.509929794000172,12.495013260000762],[122.509963809000155,12.495003774000777],[122.509978386000199,12.495001403000758],[122.509990534000138,12.494996660000721],[122.51000025200014,12.494994288000791],[122.510012400000178,12.494991917000773],[122.510024548000118,12.494987174000824],[122.510034267000123,12.494984803000717],[122.510081907000156,12.494980284000787],[122.510091626000161,12.49497554100075],[122.510103774000186,12.494970798000802],[122.510111062000163,12.494968426000783],[122.510123210000188,12.494966055000853],[122.51014993600019,12.494947081000793],[122.510159654000191,12.494942338000756],[122.510164513000149,12.494939966000826],[122.510181520000131,12.494935223000789],[122.510193668000156,12.494932852000771],[122.510205816000195,12.494925737000804],[122.510234971000116,12.4949138790008],[122.510247119000141,12.494909136000762],[122.510259267000166,12.494904393000814],[122.510268985000181,12.494902022000796],[122.510278703000182,12.494899650000777],[122.510290850000118,12.494899651000777],[122.510302998000142,12.494899652000777],[122.510317575000116,12.494897281000759],[122.51032972300014,12.49489491000074],[122.510335388131963,12.49489491058374],[122.510351589000166,12.49489253900081],[122.510363736000116,12.494892540000722],[122.510380743000184,12.49489254100081],[122.510397750000166,12.494890170000792],[122.510400183234054,12.494890170251169],[122.510419615000117,12.494887800000773],[122.510429333000118,12.494887801000774],[122.510441481000143,12.494887801000774],[122.510451199000158,12.494887802000774],[122.510463347000183,12.494885431000755],[122.510477924000142,12.494885432000755],[122.510492501000101,12.494885433000755],[122.510499789000178,12.494885433000755],[122.510511937000118,12.494887806000774],[122.510524084000139,12.494890179000793],[122.510536232000177,12.494890179000793],[122.510553238000156,12.494890181000793],[122.510565386000181,12.494887809000774],[122.51057753400012,12.494880694000807],[122.510587253000125,12.49487595100077],[122.51059940000016,12.494871208000822],[122.510606689000142,12.494866464000784],[122.51061883800017,12.494859349000729],[122.510633415000129,12.49485460600078],[122.510647993737109,12.494849862897093],[122.510652852000135,12.494847492000813],[122.51066257000015,12.494845120000795],[122.510674718000089,12.494838005000828],[122.510684436000091,12.494833262000791],[122.510696584000115,12.494828519000842],[122.51070630300012,12.494826147000735],[122.510716021000121,12.494823776000805],[122.510730598000094,12.494821405000787],[122.510745175000139,12.494821406000787],[122.51075489300014,12.494819034000768],[122.510769471000202,12.494819035000768],[122.510781618000138,12.49481666400075],[122.510820492000249,12.494804807000746],[122.510825351000207,12.494804807000746],[122.510837499000232,12.494797692000779],[122.510849647000171,12.49479532100076],[122.510861795000196,12.494790577000812],[122.510869083000173,12.494788206000793],[122.510903098000156,12.494778720000808],[122.510915245000177,12.494778721000808],[122.510927393000202,12.494778722000808],[122.510941970000175,12.494778722000808],[122.51095654700022,12.494776351000789],[122.510971125000182,12.494776352000789],[122.51097598400014,12.494773981000771],[122.511016637000125,12.494769241000734],[122.511023926000107,12.494769241000734],[122.511036073000142,12.494766870000804],[122.511048221000081,12.494764499000786],[122.511055510000148,12.494764499000786],[122.511070087000107,12.494764500000786],[122.511082234000142,12.494764501000786],[122.511106529000102,12.494766875000805],[122.511116247000118,12.494769247000734],[122.511130824000162,12.494769248000823],[122.511140542000078,12.494766877000805],[122.511152686371716,12.494765183915311],[122.51118184400012,12.494759763000749],[122.511196421000079,12.494755020000801],[122.511206836591938,12.494752987125599],[122.511210997958131,12.494751858897954],[122.511215858000099,12.494750278000764],[122.511225576000101,12.494747906000745],[122.511235294000102,12.494743163000797],[122.511247442000126,12.494738420000759],[122.511259590000066,12.494736049000741],[122.511274167000124,12.494733678000811],[122.511286315000149,12.494728934000774],[122.511291873202225,12.494727577909268],[122.511298947565805,12.494725140507965],[122.511305751000066,12.494721820000807],[122.511315469000081,12.494719448000788],[122.511325188000257,12.494714705000751],[122.511337336000196,12.494709962000803],[122.511364061000194,12.494702848000747],[122.511402933000213,12.494698106000799],[122.511434517000239,12.494688620000813],[122.511444236000159,12.494686249000795],[122.51145395400016,12.494683877000776],[122.511468531000219,12.494681506000758],[122.511485538000201,12.494679135000828],[122.511495256000202,12.494679136000828],[122.511504974000218,12.494676765000809],[122.51152441000022,12.49467676600081],[122.511536558000159,12.49467676600081],[122.511546276000161,12.49467676700081],[122.511558423000196,12.49467676800081],[122.51157057100022,12.49467676800081],[122.511580289000221,12.494676769000721],[122.511599725000238,12.49467677000081],[122.511611872000174,12.49467677100081],[122.511621590000175,12.49467677200081],[122.51163130900018,12.49467677200081],[122.511650745000196,12.49467677300081],[122.511660463000197,12.494676774000721],[122.51167747000018,12.494674403000792],[122.51168839932528,12.494674403900516],[122.511691511356446,12.494674139902537],[122.511706624000198,12.494672033000773],[122.511716342000199,12.494672033000773],[122.511728490000237,12.494669662000755],[122.511740637000258,12.494669663000755],[122.511767362000256,12.494664920000806],[122.51177708567154,12.494664129465614],[122.511786799000177,12.494662549000788],[122.511796517000178,12.494662550000788],[122.511811094000223,12.494660179000769],[122.511825671000196,12.494657808000751],[122.511842678000178,12.494657809000751],[122.51185239600018,12.494655437000821],[122.511864544000204,12.494655438000821],[122.511874262000219,12.494657810000751],[122.511888839000179,12.494657811000751],[122.511903416000223,12.49465781200084],[122.511913134000238,12.494655441000821],[122.511922853000243,12.494655441000821],[122.511967552789258,12.49464405944317],[122.511969014000243,12.494643584000817],[122.511978733000149,12.494641213000799],[122.511990880000184,12.494641213000799],[122.512003028000208,12.494636470000762],[122.512020035000191,12.494634099000832],[122.51204067024517,12.494628175539377],[122.51205162000015,12.494624613000758],[122.512061338000152,12.494622242000828],[122.512071056000153,12.494622242000828],[122.512077541269008,12.494623297742278],[122.512097781000151,12.494624616000847],[122.512107499000152,12.494622244000739],[122.512117218000157,12.494615129000772],[122.512124507000138,12.494615129000772],[122.512159325000169,12.494603274000768],[122.512171473000208,12.49460090300075],[122.512186050000167,12.49460090300075],[122.512200627000212,12.49460090400075],[122.512215204000185,12.49460090500075],[122.51222735200021,12.494598534000732],[122.512239499000145,12.494598535000732],[122.512261365000185,12.49459853600082],[122.512266224000228,12.49459853600082],[122.512280801000188,12.494598537000821],[122.512297807000181,12.494598538000821],[122.512309955000205,12.494598539000732],[122.512317243000183,12.494598539000732],[122.512413392000241,12.494607789000787],[122.512497447000172,12.494607794000787],[122.512507335000109,12.494612622000743],[122.512541946000127,12.494612624000832],[122.512561723000161,12.494617452000787],[122.512601279000151,12.494612627000743],[122.512626001000157,12.494607801000788],[122.512650724000153,12.494598148000788],[122.512675446000245,12.494588495000789],[122.512690280000143,12.494583668000834],[122.512724891000161,12.49457884300079],[122.512732303877854,12.494578843500568],[122.512774336000078,12.494574018000746],[122.512794114000116,12.494569192000791],[122.512813892000153,12.494564366000835],[122.512828725000134,12.494559539000791],[122.512835321327273,12.494557929440928],[122.51287817000015,12.494545060000837],[122.512902893000145,12.494540234000793],[122.512927615000152,12.494535408000749],[122.512947393000189,12.494530582000793],[122.512967171000142,12.494525756000749],[122.512986949000179,12.494520930000794],[122.513011671000172,12.494516104000839],[122.513031450000213,12.49450645000084],[122.513085839000183,12.494501626000796],[122.513115506000148,12.494496800000752],[122.513145173000211,12.494491974000796],[122.513164951000164,12.494487148000841],[122.513199562000182,12.494487150000753],[122.513219339000216,12.494487151000753],[122.513249006000095,12.494487152000753],[122.513278673000158,12.494487154000842],[122.513308339000204,12.494487156000753],[122.513342951000141,12.494482330000798],[122.513372618000204,12.494482332000798],[122.513377562000159,12.494482332000798],[122.513412173000091,12.494477506000843],[122.513441840000155,12.494477508000754],[122.513476452000177,12.494472682000799],[122.513496230000214,12.494467856000755],[122.513511063000109,12.494467857000844],[122.513530841000147,12.4944630300008],[122.513550620000188,12.494458204000845],[122.513585231000206,12.494453379000801],[122.51360006500019,12.494453379000801],[122.513619843000143,12.494448553000757],[122.513689066000182,12.494438902000846],[122.513718733000147,12.494438903000757],[122.513748400000111,12.494438905000758],[122.513778067000175,12.494438906000758],[122.513807734000139,12.494443735000802],[122.513827511000173,12.494443736000802],[122.513857179000141,12.494438910000758],[122.513891790000258,12.494438912000758],[122.513926402000095,12.494438913000847],[122.513956069000159,12.494434087000803],[122.513985736000208,12.494429262000759],[122.514025293000117,12.494429263000759],[122.514050015000208,12.494424437000804],[122.514064849000192,12.494424438000804],[122.514089572000188,12.49441961200076],[122.514099461000214,12.49441961200076],[122.514134073000136,12.494414786000805],[122.5141637400002,12.494414788000805],[122.514173629000211,12.494414788000805],[122.514239406000243,12.494410368000795],[122.514259183000107,12.494410369000795],[122.514288850000156,12.494410371000795],[122.514298739000182,12.494405544000839],[122.514328405000143,12.49439589100084],[122.514372905000187,12.494386238000841],[122.514397628000182,12.494376585000753],[122.514417406000135,12.494371759000797],[122.514437183000169,12.494371760000798],[122.514471794000201,12.494366934000753],[122.51450146100008,12.494366936000842],[122.514516294000146,12.494362109000798],[122.514550905000164,12.494362111000799],[122.514565738000243,12.494357285000754],[122.514610238000103,12.494347632000755],[122.514620127000128,12.494347633000844],[122.514639905000166,12.494347634000844],[122.514664627000258,12.4943428080008],[122.514679460000153,12.4943428080008],[122.514714071000171,12.4943428100008],[122.514733849000208,12.4943428110008],[122.514763515000084,12.494337985000845],[122.514783293000121,12.494337986000756],[122.514812959000182,12.494337988000757],[122.514832737000134,12.494337989000757],[122.514857459000126,12.494337990000846],[122.514887125000186,12.494337991000846],[122.514916791000161,12.494337993000757],[122.514946458000125,12.494337994000757],[122.514971180000217,12.494337995000757],[122.515000846000092,12.494342824000801],[122.515035457000209,12.494342826000802],[122.515060179000201,12.494342827000802],[122.515084901000122,12.494347656000757],[122.515119511000137,12.494347657000757],[122.5151491780002,12.494347659000757],[122.515168956000153,12.494347660000846],[122.515198622000199,12.494347661000758],[122.515203567000171,12.494342834000802],[122.515233233000231,12.494342835000802],[122.51526290000011,12.494342837000803],[122.515292566000156,12.494338011000758],[122.515327177000088,12.494333185000803],[122.515371678000136,12.494323533000804],[122.51539145500017,12.494323533000804],[122.515416178000081,12.494313880000805],[122.515445845000144,12.494313881000805],[122.5155002340002,12.494304229000717],[122.515524956000121,12.494304230000806],[122.51555462300017,12.494299404000762],[122.515574401000208,12.494294578000806],[122.515599123000129,12.494289752000762],[122.515613957000113,12.494284925000807],[122.515648568000216,12.494284927000718],[122.515668346000169,12.494280100000763],[122.515702957000101,12.494275274000808],[122.515722735000139,12.494275275000808],[122.515752402000189,12.494270449000764],[122.515767235000183,12.494265623000809],[122.51579195700009,12.494265624000809],[122.515816680000185,12.494260797000765],[122.515846347000149,12.494255971000809],[122.515871069000156,12.494251145000765],[122.51590073600012,12.49424631900081],[122.515925459000215,12.49424632000081],[122.515940292000195,12.494241494000766],[122.515969959000074,12.494241495000766],[122.515994681000166,12.494236669000811],[122.516019404000176,12.494236670000811],[122.516063905000124,12.494227017000812],[122.516083402736797,12.494227017789514],[122.51608862700013,12.494227018000812],[122.516113349000221,12.494227019000812],[122.51613312700016,12.494222192000768],[122.516157850000084,12.494222193000768],[122.51617268300015,12.494217367000813],[122.516202350000214,12.494212541000769],[122.516236962000235,12.494207715000814],[122.516261685000146,12.494202888000769],[122.516281463000183,12.494198062000814],[122.516311130000148,12.49419323600077],[122.516325964000217,12.494188409000815],[122.516360576000153,12.494183583000771],[122.516380354000106,12.494178756000816],[122.516400132000143,12.494173930000771],[122.516424855000139,12.494164276000772],[122.516439689000222,12.494164277000772],[122.51652374700015,12.494135316000774],[122.516563303000225,12.49413049000073],[122.516592971000108,12.494120837000731],[122.516617694000118,12.494116010000775],[122.516625488976416,12.494114741973847],[122.516717602000213,12.494097476000752],[122.516727846000165,12.494093466000775],[122.516729019163066,12.494093178721863],[122.516744237000097,12.49408745100081],[122.516754482000152,12.494085442000733],[122.516764728000197,12.494083434000833],[122.516774974000157,12.494081425000756],[122.516787269000105,12.494079415000767],[122.516791774710669,12.49407941133641],[122.516803663000132,12.494077401000778],[122.516809810000112,12.49407539600079],[122.516820054000164,12.494071386000725],[122.516828250000216,12.494069379000825],[122.516832927839303,12.49406823351241],[122.516854886000104,12.494061355000783],[122.516879473922202,12.494056000794549],[122.516881524000183,12.494055332000817],[122.516891770000143,12.494053323000829],[122.51690816100016,12.494047308000775],[122.51691635900022,12.494047301000775],[122.516924555000188,12.494045294000786],[122.516934801000147,12.494043286000798],[122.516947096000195,12.494041275000809],[122.516964847116853,12.494027922657134],[122.516965530000206,12.494027255000804],[122.516973723000177,12.49402124600075],[122.516979866000142,12.494015238000786],[122.516988058000109,12.494007228000745],[122.516994201000173,12.494001221000781],[122.517000341000156,12.493991212000752],[122.517006482000127,12.493981202000812],[122.517012622000109,12.493971193000784],[122.517018760211556,12.493958181983542],[122.517020805000158,12.493953179000803],[122.517024898000145,12.493945172000762],[122.517022837000155,12.493931167000758],[122.517016674000175,12.493913163000778],[122.517010518000106,12.49390316300075],[122.517004362000222,12.493893164000811],[122.516990007000189,12.493883170000784],[122.516957210000228,12.493875191000745],[122.516939790174817,12.493876204966545],[122.516934667000228,12.493877209000823],[122.516922371000192,12.493877219000824],[122.516914174000135,12.493879226000812],[122.516901879000173,12.493881236000801],[122.516860897000072,12.493889271000755],[122.5168527000002,12.493891278000744],[122.516840405000153,12.493893289000733],[122.516830160000112,12.49389529700081],[122.516819916000145,12.493899307000786],[122.516799424000141,12.493903324000764],[122.516780979000117,12.493903339000765],[122.516772780000238,12.493901344000777],[122.516764582000192,12.493901350000778],[122.516750236000064,12.493901361000779],[122.516731791000225,12.49390137500078],[122.516723593000165,12.49390138100078],[122.516701727639088,12.493899396869699],[122.51669899800018,12.493899399000794],[122.516693787635944,12.493898676347834],[122.516658006000156,12.493895429000821],[122.516642282734011,12.49389077031938],[122.516635457000078,12.49388944300077],[122.516623157000126,12.493885451000795],[122.516610857000174,12.493881458000731],[122.516602656000117,12.493877463000755],[122.516590355000162,12.493871469000792],[122.516584203000178,12.493867472000728],[122.5165729215271,12.493854475514352],[122.516569844000145,12.493851476000737],[122.516561639000187,12.493841477000798],[122.516547275000235,12.493819478000754],[122.516543170000162,12.493811478000802],[122.516537012000185,12.493799477000787],[122.516532906000208,12.493791476000835],[122.516528801000135,12.493783476000795],[122.516522645000151,12.493773476000767],[122.516516488000178,12.493763476000739],[122.516491882000182,12.493747487000837],[122.516487779000116,12.493741488000785],[122.516479576000137,12.493735491000821],[122.516471373000172,12.493729495000769],[122.516461123000212,12.493725501000794],[122.516450876000164,12.493725509000795],[122.51643653000022,12.493725519000796],[122.516426281000079,12.493723526000808],[122.516416032000123,12.493721533000821],[122.516397581000192,12.493713544000782],[122.516385279000161,12.493707550000819],[122.51637297800012,12.493701557000767],[122.516351102815605,12.493686899098764],[122.51634837100012,12.493685568000776],[122.516340169000159,12.493679572000813],[122.516132020000157,12.493587346000732],[122.516129887713632,12.49358604732703],[122.516122873000199,12.493581775000804],[122.516117155000174,12.493576200000787],[122.516116010000076,12.493572854000776],[122.51611714500018,12.493563928000837],[122.516122848000109,12.493550535000795],[122.516123607339111,12.493549196922258],[122.516128554000147,12.493540489000763],[122.516151378000075,12.493500306000813],[122.516158227000204,12.493491376000785],[122.516160508000212,12.493485795000767],[122.516162791000127,12.493482446000757],[122.51616621500024,12.493476865000828],[122.516170780000166,12.493469052000803],[122.516175346000196,12.493463470000785],[122.516179913000215,12.493457888000767],[122.516183721725994,12.493453418019227],[122.516190188000181,12.493445607000817],[122.516201601000148,12.49342774700076],[122.516202741000157,12.493423284000835],[122.516208446000178,12.493413238000803],[122.516209586000187,12.493408774000789],[122.516210726000196,12.493405426000779],[122.516213006000115,12.493398730000758],[122.516214139000212,12.493386457000808],[122.516212986000113,12.49337418500077],[122.516200398000137,12.493351880000789],[122.516194679000108,12.493345190000769],[122.516193535000184,12.493344076000765],[122.516187815000166,12.493336270000741],[122.516183239000142,12.493329579000809],[122.516179807000213,12.493325119000795],[122.516176375000185,12.493320659000782],[122.516172943000086,12.493316199000768],[122.516167223000139,12.493308393000833],[122.516167155169427,12.493308260806488],[122.516157435596725,12.493295507292954],[122.516155784000176,12.493293897000788],[122.516152352000162,12.493289437000774],[122.516148920000234,12.49328497700076],[122.51614462266663,12.493278694838148],[122.516140912000182,12.493273826000815],[122.51612518620415,12.493259110202812],[122.516122614000182,12.493257104000763],[122.516119183000256,12.493253760000842],[122.516115752000147,12.493250415000743],[122.516112321000136,12.493247071000821],[122.5161066040001,12.493242612000808],[122.51610203000017,12.493239269000798],[122.516098599000145,12.493235924000787],[122.516091738000199,12.49323035100077],[122.516072293000192,12.49320805200079],[122.51606725924465,12.493199132871977],[122.516066571000081,12.493198015000848],[122.516063138000149,12.493192439000742],[122.516059705000217,12.49318574700081],[122.516052831000096,12.493164554000744],[122.516043679000134,12.493152288000795],[122.516034532000177,12.493145601000775],[122.516028816000144,12.493143374000768],[122.516023100000211,12.493140031000758],[122.51601166900015,12.493136693000748],[122.516000237000185,12.49313112300082],[122.515995665000247,12.493128895000813],[122.515988804000131,12.4931244370008],[122.515985623317832,12.493122222486006],[122.515970510000216,12.493112179000763],[122.515951071000117,12.493096574000804],[122.515946495000179,12.493090998000786],[122.515943063000066,12.493085423000769],[122.515928200000175,12.493075902000781],[122.51591600297705,12.493061783207358],[122.515914474000198,12.493060293000822],[122.515909899000079,12.493054717000804],[122.515905320000229,12.493045795000777],[122.515903029000128,12.493037987000752],[122.515901879000126,12.493029062000813],[122.515901873000217,12.493022368000792],[122.515901870000221,12.493017905000778],[122.515903007000134,12.493011210000846],[122.515904136000131,12.49299335800079],[122.515902990000214,12.49299001200078],[122.515901843000123,12.492984434000762],[122.51590184066643,12.492981830082348],[122.515897251000183,12.492958776000771],[122.515894962000175,12.492953200000754],[122.515891526000161,12.492944277000815],[122.515890381000148,12.492940930000804],[122.515886565242937,12.492932566343038],[122.515884658000218,12.49292977800077],[122.515881223000193,12.492920855000742],[122.515878935000188,12.492918625000824],[122.515875502000171,12.492911933000803],[122.515873213000148,12.492907472000789],[122.515858342000257,12.492889632000823],[122.51584873065049,12.492876248869154],[122.515846902000106,12.492874021000775],[122.515844614000187,12.492870676000765],[122.515841182000173,12.492866216000751],[122.515839120577041,12.49286286678891],[122.515834318000216,12.492856179000809],[122.515831418066242,12.492850825025412],[122.515827452000181,12.492845028000774],[122.515825163000173,12.49284056700076],[122.515821730000155,12.492833875000739],[122.515817152000139,12.492826068000804],[122.515814863000116,12.49282160700079],[122.515812573000204,12.492816031000773],[122.515810281000185,12.492807107000745],[122.515810277000099,12.49280264400082],[122.515810271000191,12.492794834000795],[122.515811408000189,12.492788139000774],[122.515812547000195,12.49278367500076],[122.515813687000204,12.492779212000835],[122.515815968000211,12.492773631000729],[122.515817488209677,12.492770657199168],[122.515818384303898,12.492768640633942],[122.515819389000143,12.492764703000789],[122.515822812000067,12.492758006000768],[122.515825094000164,12.492753542000754],[122.515826233000169,12.49274907800074],[122.515827372000174,12.492744614000815],[122.515828510000091,12.492737919000794],[122.515829647000103,12.492731224000773],[122.515829640000192,12.492722299000745],[122.515829632000191,12.492712257000802],[122.515827343000183,12.492707796000788],[122.515826427432117,12.492704231197669],[122.515821617000142,12.492692181000828],[122.515818185000128,12.492687721000815],[122.51581589600012,12.492683259000801],[122.51581131800009,12.492675453000777],[122.515807886000161,12.492669877000759],[122.515805596000149,12.492664300000831],[122.515804833436633,12.492661702227723],[122.515798724000206,12.492645339000772],[122.515796431000112,12.492636415000744],[122.515795283000188,12.492629721000812],[122.515794136000181,12.492624144000795],[122.515792987000182,12.49261633500077],[122.515792983000182,12.492610756000753],[122.515791836000176,12.492605179000824],[122.515791828000175,12.492596253000796],[122.515790682000159,12.492591791000782],[122.515789535000152,12.492586213000765],[122.515788615932408,12.492579081034902],[122.515787238000144,12.492571711000808],[122.515784948000132,12.492566134000791],[122.515781513000206,12.492557211000852],[122.515779223000195,12.492551634000746],[122.515778076000188,12.492547173000821],[122.515772188723915,12.492536176885425],[122.515771210000153,12.492534905000783],[122.515770230342909,12.492532519171915],[122.5157643430002,12.49252152200083],[122.51575976800018,12.492517062000816],[122.515756336000166,12.492512602000803],[122.515751760000143,12.492505912000782],[122.515748329000218,12.492502567000772],[122.515746612879283,12.492500336843646],[122.515741466000094,12.492494762000748],[122.515734604000144,12.492488073000816],[122.51573117300012,12.492483613000802],[122.515723169000083,12.492478041000785],[122.515706986277635,12.492462850609263],[122.515703728000162,12.492460204000819],[122.515699153000142,12.492455745000806],[122.515692291000192,12.492449056000785],[122.515678396869632,12.492432325815903],[122.515677421000206,12.492431216000819],[122.515672846000101,12.492425641000802],[122.515665979399031,12.492415602920035],[122.515662549000126,12.492411145000757],[122.515659117000112,12.49240556900074],[122.515654540000085,12.492398878000808],[122.515649962000239,12.49238995600078],[122.515647672000227,12.492384379000763],[122.515644240000128,12.492379919000749],[122.5156408080002,12.492374343000821],[122.515636230000169,12.492366536000796],[122.515631656000238,12.492362077000783],[122.515627081000133,12.492357618000769],[122.515616789000163,12.492347584000827],[122.515613358000238,12.492344240000728],[122.515607639000208,12.4923386660008],[122.515604208000099,12.492335321000789],[122.515599635000171,12.492331977000779],[122.515595854830394,12.492329029816949],[122.515579053000152,12.49231637300082],[122.515565977878893,12.492304264921392],[122.515563043000157,12.492301881000776],[122.515559612000146,12.492298537000766],[122.515556181000207,12.492295192000755],[122.515551605000098,12.492289617000738],[122.515549316000175,12.492285156000813],[122.515545883000158,12.492279580000796],[122.515542829789055,12.492274372798304],[122.515539018000126,12.492268428000761],[122.515536729000118,12.492263967000747],[122.515533295000182,12.492257276000727],[122.515529860000072,12.492248353000788],[122.515528713000165,12.49224277500077],[122.515524194000136,12.492190767000819],[122.515498896000182,12.49199219100082],[122.515498894000174,12.491989959000724],[122.515426814000165,12.491881791000745],[122.515825186059061,12.491798154947462],[122.516882884000211,12.491576097000765],[122.516882888000112,12.491581675000782],[122.516882894000204,12.491588370000803],[122.516882897000201,12.491592832000817],[122.51688290200012,12.491598411000746],[122.516882907000209,12.491605105000856],[122.516882913000117,12.491611799000788],[122.516882920000114,12.491620725000816],[122.51688406700022,12.491626303000745],[122.516885215000215,12.491632996000765],[122.51688636300014,12.491639689000786],[122.516886367000225,12.4916441520008],[122.516888658000155,12.491651960000825],[122.51688980600025,12.491657538000753],[122.516895537000181,12.491679847000823],[122.516897827000193,12.491685424000751],[122.516899355278952,12.491689888762645],[122.516901259375828,12.491694896175529],[122.51690240800022,12.491697693000789],[122.516903175565162,12.491699935389464],[122.516906989000162,12.491709963000828],[122.516910423000084,12.491716654000848],[122.516915001000115,12.491725576000787],[122.516923190433147,12.491739192179994],[122.516926443000173,12.491743419000754],[122.516932164000195,12.491753456000785],[122.516934453000204,12.491757917000799],[122.516937884000143,12.49176126100072],[122.516941316000157,12.491765722000734],[122.516945132231754,12.491772229100748],[122.516952757000126,12.491782448000786],[122.516961338701961,12.491791928743998],[122.516963051000175,12.49179359800082],[122.516967626000195,12.491798057000745],[122.516974488000145,12.491805861000769],[122.516977538164895,12.491809825681708],[122.516978492247389,12.49181087973855],[122.516982495000192,12.491814781000796],[122.516988214000222,12.491821471000817],[122.516989525085762,12.491823068662464],[122.517004227000115,12.491839310000783],[122.517021383000113,12.491858264000752],[122.517047504940905,12.491891271010855],[122.517048837000175,12.49189282900077],[122.517052269000104,12.491897290000784],[122.517055700000114,12.491900634000794],[122.517058563935606,12.491903984189365],[122.517064850000253,12.491910668000825],[122.517069010376829,12.491916953736313],[122.517069426000091,12.491917359000846],[122.517075146000124,12.491925165000781],[122.517078578000238,12.491929625000795],[122.517082012000159,12.491936316000727],[122.517085444000088,12.491940777000741],[122.517087733000096,12.491945238000755],[122.517092308000215,12.491950813000772],[122.51709573900014,12.491954157000782],[122.517097684586147,12.491957948726027],[122.517098790245441,12.491959360923408],[122.517099172000158,12.491959733000799],[122.517104891000102,12.49196642300082],[122.517105978006938,12.491968541453167],[122.51710984790725,12.491973484262529],[122.517111755000229,12.491975343000759],[122.517116330000164,12.491980918000776],[122.517120907000177,12.491987609000796],[122.517138059000175,12.492002100000752],[122.517146062000137,12.492006557000765],[122.517155391799463,12.492011752898788],[122.5171563520001,12.492012127000782],[122.517160924000208,12.492014355000789],[122.517166641000145,12.492017698000799],[122.517168475835632,12.49201903942839],[122.517178074000199,12.492024384000819],[122.517194079000191,12.492033297000757],[122.517230013000145,12.492060155000759],[122.51724472100021,12.492068772000762],[122.5172682540002,12.492074517000793],[122.517303554000108,12.492088879000827],[122.51732120400014,12.492091752000798],[122.517341795000249,12.492103241000772],[122.517356504000134,12.492108985000803],[122.517374153000176,12.492120474000776],[122.517385920000166,12.492126219000808],[122.517406511000189,12.492137708000781],[122.517418278000093,12.492143452000812],[122.517422692121613,12.492146325556339],[122.517438869000202,12.492154941000786],[122.517453577000168,12.492169302000731],[122.517468285000149,12.492180791000793],[122.51747123139252,12.492183667614585],[122.517488876000073,12.492198024000798],[122.517500642000158,12.492215257000803],[122.517512408000158,12.49224110600081],[122.517515349000135,12.492249722000812],[122.517518290000197,12.492266954000817],[122.517519759004855,12.492289924666542],[122.51752123000017,12.492298547000855],[122.51752123000017,12.4923129070008],[122.517518288000105,12.492327267000833],[122.517518287000115,12.492347371000809],[122.517515344000216,12.492364603000814],[122.517515343000127,12.492390451000821],[122.517511423408635,12.492406710657464],[122.517509459000181,12.492416299000828],[122.517506517000115,12.492427787000802],[122.517503575000219,12.492439275000775],[122.51750357400023,12.492453635000809],[122.517506515000107,12.492467996000842],[122.517512398000065,12.492479484000816],[122.5175163252934,12.492489070254562],[122.517521222000084,12.492499589000792],[122.517527105000212,12.492519693000856],[122.51753298800017,12.49252830900077],[122.517544753000166,12.492554158000777],[122.517550636000124,12.492580007000784],[122.517553577000186,12.492597239000789],[122.517556517000259,12.492620215000825],[122.517556517000259,12.492628831000827],[122.51755651600007,12.492643191000772],[122.51755651600007,12.492654679000834],[122.517559457000146,12.492669040000779],[122.517559457000146,12.492683400000812],[122.517559456000143,12.492697760000757],[122.517559455000139,12.492714992000762],[122.517562396000116,12.492726480000824],[122.517563862418399,12.492733640569496],[122.517568279000159,12.492752329000743],[122.517568278000255,12.492758073000774],[122.517553570000103,12.492752328000831],[122.517535920000242,12.492749456000771],[122.517527095000219,12.492749455000771],[122.517512387000153,12.492749455000771],[122.517497678000183,12.492752326000831],[122.51748885300016,12.492758070000773],[122.517482972007045,12.492760940277234],[122.517468261000232,12.492769557000747],[122.517462377000101,12.492781045000809],[122.517453551000088,12.492792533000783],[122.517447667000127,12.49281838100079],[122.517444724000157,12.492826997000792],[122.5174388410002,12.492838485000766],[122.517438838000203,12.492871973000783],[122.517438838000203,12.492886334000817],[122.51744177900008,12.49289782200079],[122.517444720000157,12.492912182000824],[122.517459428000123,12.492938031000831],[122.517465310000162,12.492952392000776],[122.517480018000143,12.492972497000752],[122.517491784000143,12.492983985000725],[122.517503551000217,12.492995474000788],[122.517512375000152,12.493006962000761],[122.517521200000175,12.493018451000824],[122.517530025000099,12.493029939000797],[122.517541791000184,12.493041428000771],[122.517571207000131,12.493061533000835],[122.517585911494379,12.493074455433559],[122.517591798000154,12.493078766000751],[122.517600623000078,12.493087383000754],[122.517612389000163,12.493096000000756],[122.517624156000082,12.493104616000759],[122.517638864000233,12.493116105000821],[122.517647688000068,12.493124721000823],[122.517659455000157,12.493136210000797],[122.517668279000176,12.493144826000799],[122.517680046000081,12.493156315000773],[122.517691812000166,12.493164932000775],[122.517703579000255,12.493173548000778],[122.517715345000155,12.49318216500078],[122.517727111000241,12.493190781000783],[122.517741819000221,12.493199398000785],[122.517756527000188,12.493208015000787],[122.517765352000211,12.493213759000819],[122.517780060000192,12.493225248000792],[122.517791827000181,12.493230992000823],[122.517809476000139,12.493242481000797],[122.517815360000171,12.493248225000828],[122.517830068000151,12.493256842000831],[122.517838892000171,12.493262586000773],[122.517853601000141,12.493268331000804],[122.517865367000141,12.493276948000807],[122.51787713400013,12.493282692000749],[122.517896250583746,12.49329561499942],[122.517903608000196,12.493299925000754],[122.517915374000097,12.493308542000756],[122.517934491177982,12.49332146426144],[122.517941849000167,12.49332577500085],[122.517953615000067,12.493334391000852],[122.517965382000156,12.493340136000795],[122.517983031000199,12.493348753000797],[122.517993542176384,12.493354910486163],[122.518009506000254,12.493363114000742],[122.518018331000093,12.493371730000744],[122.518033039000244,12.493377475000775],[122.518044805000159,12.493386091000778],[122.518062455000191,12.49339470800078],[122.518071280000214,12.493397580000751],[122.518080105000138,12.493400453000811],[122.518097755000184,12.493400453000811],[122.518112463000151,12.493400454000811],[122.518127172000135,12.493400455000723],[122.518159530000148,12.493406200000754],[122.518171297000222,12.493406200000754],[122.51819188800016,12.493409073000814],[122.518221305000196,12.493414818000845],[122.518233072000186,12.493414819000845],[122.518280139000083,12.493406204000754],[122.518330147000142,12.493414822000757],[122.518365867270703,12.493423029686044],[122.518368388000198,12.493423440000848],[122.518380155000187,12.493426312000819],[122.518391922000191,12.493426313000819],[122.518397805000134,12.493426313000819],[122.518418397000247,12.493432058000762],[122.51843898800017,12.493434930000733],[122.518450755000259,12.493434931000733],[122.518500763000134,12.493443549000824],[122.518527238000189,12.493449294000767],[122.51854194600017,12.493452166000827],[122.518553713000159,12.493455039000798],[122.51856842100014,12.493455039000798],[122.518589013000238,12.493460784000741],[122.518609605000165,12.493463657000801],[122.518621371000251,12.493466529000772],[122.518641963000178,12.493475146000774],[122.518653729000178,12.493480891000805],[122.518671379000125,12.493489507000808],[122.518683146000129,12.493495252000839],[122.518697854000095,12.493506740000813],[122.518712562000161,12.493515357000815],[122.518721387000085,12.493521101000757],[122.51873609500015,12.49352971800076],[122.518744920000088,12.493535462000791],[122.518759627000151,12.493546951000765],[122.518765511000183,12.493555567000767],[122.518793236000178,12.493581101000837],[122.518813827000102,12.49359259000081],[122.518822652000125,12.493598334000842],[122.518840302000157,12.493609823000815],[122.518857952000204,12.493621312000789],[122.518878543000127,12.493635673000734],[122.518890309000213,12.493644289000736],[122.51892266800013,12.49365865100077],[122.518925609000107,12.49366152300083],[122.518943259000153,12.493667267000772],[122.518952084000176,12.493670140000832],[122.518969734000123,12.493675884000774],[122.518987384000155,12.493675885000775],[122.51900209300014,12.493681630000806],[122.519013859000225,12.493687374000748],[122.519025626000129,12.493690247000808],[122.519046217000238,12.493701735000782],[122.519084459000197,12.493716097000815],[122.519093284000135,12.493721841000758],[122.519102109000144,12.493724713000818],[122.519122700000167,12.493739074000851],[122.519140350000114,12.493744819000794],[122.519155058000095,12.493753436000796],[122.519169766000246,12.493759180000739],[122.51918153300015,12.49376492500077],[122.519202124000259,12.493779285000803],[122.519216832000225,12.493785030000746],[122.519219774000121,12.493787902000806],[122.519237424000153,12.493796519000808],[122.519252132000133,12.493802263000839],[122.519263898000219,12.493808008000782],[122.519275665000123,12.493813752000813],[122.519290373000189,12.493822369000815],[122.519299198000198,12.493828113000758],[122.519313906000178,12.49383673000076],[122.519331556000211,12.493848218000734],[122.519346264000191,12.493862579000767],[122.519369797000181,12.493879812000772],[122.519387447000227,12.493879812000772],[122.519399214000131,12.493876941000801],[122.519413922000098,12.493876941000801],[122.519428630000164,12.493876942000801],[122.519458047000199,12.493882687000832],[122.519475697000146,12.493888431000775],[122.519490405000127,12.493891304000746],[122.519512458186512,12.493901352603141],[122.51952276300014,12.49390566500078],[122.519534530000229,12.493911409000811],[122.519549238000195,12.493914282000782],[122.519552178562748,12.493915238974749],[122.519587480000169,12.493922899000784],[122.519602188000135,12.493934388000847],[122.519608071000178,12.493937260000818],[122.519619837000178,12.493948749000792],[122.519628662000201,12.493960237000765],[122.519637487000125,12.493965981000796],[122.519646312000148,12.49397747000077],[122.519661020000115,12.493988958000743],[122.51967572800018,12.493997575000746],[122.519693378000127,12.494003319000777],[122.519703195067294,12.494007153584095],[122.519716911000131,12.49401193600078],[122.519728677000217,12.494020553000782],[122.519743386000187,12.494026297000813],[122.519758094000153,12.494032042000844],[122.519766919000176,12.494037786000787],[122.519778685000091,12.494046402000789],[122.519790452000166,12.494057891000763],[122.519796335000123,12.494069379000825],[122.519805159000143,12.494080868000799],[122.519819867000123,12.494092356000772],[122.519831634000198,12.494098100000803],[122.519840459000221,12.494106717000717],[122.519852225000136,12.494112461000748],[122.519866933000188,12.494121078000751],[122.51986869897911,12.494122227437918],[122.519887525000115,12.494132567000813],[122.519908116000138,12.494141183000815],[122.519922825000194,12.494144056000787],[122.519934591000109,12.494149800000818],[122.519952241000141,12.49415841700082],[122.51996400800023,12.494167033000823],[122.519996366000242,12.494181394000767],[122.52000519100018,12.494187139000799],[122.520022841000127,12.494192883000741],[122.520034607000213,12.494201500000743],[122.520043432000136,12.494212988000806],[122.520046373000113,12.49422734800075],[122.520055198000136,12.494233093000782],[122.520093440000196,12.494241710000784],[122.520111090000228,12.494250327000787],[122.520122857000146,12.494256071000818],[122.520137565000113,12.49426468800082],[122.520181690000214,12.494287665000767],[122.520187573000172,12.49429628200077],[122.520196398000181,12.494304898000772],[122.520225814000128,12.494325003000748],[122.520237581000131,12.494330748000779],[122.520293144000192,12.494374475000756],[122.52030491100011,12.494385963000818],[122.520313736000119,12.49439170800076],[122.520325502000205,12.494400324000763],[122.520346094000132,12.494411813000825],[122.520360802000113,12.49442617300077],[122.520369627000136,12.494431918000801],[122.520375510000079,12.494446278000835],[122.520378451000155,12.49446063900078],[122.520384334000099,12.494477871000784],[122.520387275000175,12.494486487000787],[122.520387275000175,12.49450084700082],[122.520387274000171,12.494515208000765],[122.520390216000152,12.494529568000798],[122.520390215000148,12.494546800000803],[122.52039315600021,12.494558288000777],[122.520396098000191,12.49456977600075],[122.520399039000168,12.494584137000784],[122.52040198000023,12.494598497000728],[122.52040198000023,12.494609985000791],[122.520404921000122,12.494618601000793],[122.520404921000122,12.494635833000798],[122.520404921000122,12.494647322000771],[122.520404920000118,12.494658810000745],[122.520404920000118,12.494667426000747],[122.520413744000138,12.494704762000728],[122.520425510000223,12.494721995000821],[122.520431381696952,12.494737762189976],[122.520434335000246,12.494744971000769],[122.520437276000138,12.494753588000771],[122.520443159000081,12.494765076000744],[122.52045492600017,12.494773692000747],[122.52046963400015,12.494779437000778],[122.520484342000117,12.494785181000809],[122.520504934000229,12.494796670000783],[122.520519642000195,12.494805287000785],[122.520531409000199,12.494813903000788],[122.520543175000185,12.49482251900079],[122.520557883000166,12.494845496000737],[122.520557882000162,12.494859856000771],[122.520557882000162,12.494874216000804],[122.520560823000224,12.494888577000749],[122.520569648000247,12.494900065000722],[122.520581415000152,12.494905809000754],[122.520590240000175,12.494911554000785],[122.520602006000175,12.494920170000787],[122.520613773000164,12.49492591400073],[122.520628481000145,12.494934531000821],[122.520657898000181,12.494946020000794],[122.520672606000147,12.494951764000826],[122.520687314000128,12.494957509000768],[122.520702023000098,12.494960381000828],[122.520705948917112,12.494961339623964],[122.520743206000134,12.494968998000742],[122.520760856000166,12.494968999000742],[122.52077556500015,12.494968999000742],[122.520785814354042,12.494968999697607],[122.520790273000202,12.494969000000742],[122.52080204000012,12.494969000000742],[122.520813807000195,12.494969000000742],[122.520828515000176,12.494966129000771],[122.520836358745299,12.494966129000771],[122.52084763524627,12.494964693245612],[122.520854991000149,12.4949632570008],[122.520858912975243,12.494963257334133],[122.520881466000205,12.494960386000828],[122.520899116000152,12.494960387000829],[122.520910883000155,12.494960387000829],[122.52092265000023,12.494960387000829],[122.520934417000149,12.49496038800074],[122.520959800000114,12.494960387000829],[122.520962741000176,12.4949632600008],[122.520983334000192,12.49496038800074],[122.520995100000192,12.49496038800074],[122.521012751000143,12.4949632610008],[122.521033343000241,12.494966134000771],[122.521048051000221,12.494969006000831],[122.521062760000191,12.494969007000831],[122.521080410000138,12.494971879000802],[122.521098060000185,12.494971880000802],[122.521112769000155,12.494971880000802],[122.521127478000125,12.494969008000831],[122.521139245000214,12.494966137000771],[122.521156895000161,12.4949632650008],[122.521174545000122,12.4949632660008],[122.521189254000177,12.4949632660008],[122.521206904000223,12.4949632670008],[122.521221613000193,12.4949632670008],[122.521239263000226,12.4949632670008],[122.521256913000187,12.494960396000829],[122.521277505000199,12.494960396000829],[122.521303981000173,12.494960397000829],[122.521327514000163,12.494963270000801],[122.521339281000252,12.494963270000801],[122.521356932000202,12.494963271000801],[122.521371640000169,12.494963271000801],[122.521389290000215,12.494963271000801],[122.521403999000185,12.494963272000801],[122.521418707000151,12.494963272000801],[122.521434792995805,12.494963272912161],[122.521436358000201,12.494963273000801],[122.521451066000168,12.494963273000801],[122.521471658000181,12.494963274000801],[122.521489308000142,12.494963274000801],[122.521515784000101,12.494966147000772],[122.521571676000107,12.494974764000775],[122.521586384000173,12.494977637000746],[122.52160403400012,12.494983381000777],[122.521642276000179,12.495000614000782],[122.521659926000225,12.495012103000755],[122.521683459000215,12.49503220800082],[122.521701109000162,12.495040824000823],[122.521709934000185,12.495046568000854],[122.521727584000132,12.495058057000827],[122.521745234000178,12.49506667300083],[122.521762884000125,12.495072418000772],[122.521780534000158,12.495078162000803],[122.521795242000138,12.495081035000775],[122.521807009000227,12.495081035000775],[122.521818776000131,12.495078163000803],[122.52183054300022,12.495075292000744],[122.521842310000125,12.495075292000744],[122.52185701800019,12.495072420000772],[122.521874668000137,12.495069549000801],[122.521889377000193,12.49506667700083],[122.521904086000177,12.49506380500077],[122.521921736000209,12.495060934000799],[122.521939386000156,12.495058062000828],[122.52195115300016,12.495055190000768],[122.521954830139734,12.495054472272313],[122.522001162000123,12.495043703000794],[122.522018812000155,12.495040832000734],[122.522036463000205,12.495037960000763],[122.522054113000152,12.495035089000792],[122.522080588000208,12.495032217000821],[122.522098238000069,12.495032218000821],[122.522112947000224,12.495032218000821],[122.52212765500019,12.495032218000821],[122.522139422000109,12.49502934700085],[122.522143830498564,12.495028629692593],[122.522192373000138,12.495017860000788],[122.522227674000206,12.495012116000757],[122.522239440000121,12.495012117000757],[122.522254149000176,12.495012117000757],[122.522268857000157,12.495012117000757],[122.522283566000127,12.495014990000817],[122.522304158000239,12.495023606000819],[122.5223218080001,12.49502647900079],[122.522331313711419,12.495029130683841],[122.522374758000211,12.495037968000853],[122.522392408000158,12.495037968000853],[122.522404175000162,12.495037968000853],[122.522418883000228,12.495040841000824],[122.522433592000198,12.495040841000824],[122.522445359000102,12.495040841000824],[122.52248302800011,12.495043583000784],[122.522500678000156,12.495049328000816],[122.522515387000212,12.495049328000816],[122.522530095000192,12.495052200000787],[122.522541862000097,12.495052201000787],[122.522553629000186,12.495052201000787],[122.522571279000218,12.495052201000787],[122.522588929000165,12.495055074000758],[122.522606579000126,12.495055074000758],[122.522621288000181,12.495055074000758],[122.522641880000108,12.495055075000758],[122.522650705000132,12.495055075000758],[122.522668355000164,12.495055075000758],[122.522683052460479,12.495055075999959],[122.522703656000161,12.495055076000758],[122.522715422000161,12.495057948000818],[122.52272718900015,12.495057949000818],[122.522747781000078,12.49506082100079],[122.522762489000229,12.49506369300085],[122.522780139000091,12.495069438000792],[122.52279190600018,12.495069438000792],[122.522838973000162,12.495078055000794],[122.522859565000175,12.495083800000737],[122.522874273000156,12.495089544000768],[122.522883099000168,12.495092416000739],[122.522897807000149,12.495098161000771],[122.522907224358505,12.495102758035435],[122.522938990000185,12.495115394000775],[122.522957806038946,12.49511883881623],[122.522974291000168,12.495121138000806],[122.522986057000168,12.495124011000778],[122.522994882000091,12.495124011000778],[122.523012533000141,12.495126883000838],[122.523030183000174,12.495126883000838],[122.523044891000154,12.49513262800078],[122.523056658000144,12.49513262800078],[122.52307430800019,12.49513550000084],[122.523093438809212,12.495139810916198],[122.52310078300016,12.495141245000783],[122.52311255000015,12.495144117000754],[122.52312725900012,12.495144117000754],[122.523165501000179,12.495152734000756],[122.523180209000159,12.495158479000787],[122.523191976000149,12.495164223000819],[122.523197873961649,12.495167102304814],[122.523208627547319,12.495171874851971],[122.523218451000119,12.495175711000792],[122.523230217000204,12.495181456000823],[122.523244926000174,12.495187200000766],[122.523259634000155,12.495190072000826],[122.523274343000125,12.495198689000828],[122.52328610900021,12.495201561000799],[122.52330081800018,12.495207305000831],[122.523312585000184,12.495213049000773],[122.523324351000184,12.495215922000833],[122.523339060000154,12.495221666000775],[122.52335376800022,12.495227410000807],[122.523365535000124,12.495233155000749],[122.523383185000156,12.495241771000751],[122.523403777000183,12.495253259000814],[122.523424369000196,12.495264748000787],[122.523439077000162,12.49527336400079],[122.523453785000143,12.495279109000732],[122.523465552000133,12.495284853000763],[122.523471679422798,12.495288442467265],[122.523494969000083,12.495299213000797],[122.523515561000195,12.49531070200077],[122.523527328000185,12.495313574000741],[122.523544978000132,12.495325063000804],[122.523556744000132,12.495333679000806],[122.523568511000136,12.495342295000809],[122.523583219000187,12.495353783000782],[122.523594986000106,12.495359528000813],[122.523612636000138,12.495368144000816],[122.523621461000161,12.495371016000787],[122.523625382204671,12.495372930449653],[122.523650878000112,12.495382505000761],[122.523668528000144,12.495391121000763],[122.523680295000148,12.495393993000823],[122.52370088700016,12.495402610000736],[122.523709716880717,12.495406920383276],[122.523739129000219,12.495419843000741],[122.523753838000189,12.495428459000744],[122.523768546000156,12.495434203000775],[122.523780313000159,12.495439948000806],[122.523800905000172,12.495454308000751],[122.523812672000176,12.495462924000753],[122.523830322000208,12.495477285000787],[122.523845030000189,12.49548877300076],[122.523859739000159,12.495500261000823],[122.523868564000182,12.495511750000796],[122.523880331000171,12.49552323800077],[122.523892097000171,12.495534726000832],[122.523903864000161,12.495549087000777],[122.523918572000142,12.495557703000779],[122.523966673000118,12.495590834000767],[122.523967297000084,12.495591339000809],[122.523986962000208,12.495607600000733],[122.524003278000137,12.495623531000808],[122.524014155000145,12.495650081000784],[122.524008715000136,12.495687251000751],[122.524008715000136,12.495713802000816],[122.524003275000126,12.495735041000797],[122.523992397000114,12.495756281000778],[122.523976080000097,12.495772211000764],[122.52395976200026,12.49578814100075],[122.523938007000154,12.495793450000834],[122.523916251000131,12.49579875900074],[122.52388905700009,12.49579875900074],[122.523867301000251,12.495809378000819],[122.52385098300023,12.495835928000796],[122.52385098300023,12.495862478000772],[122.523861859000149,12.495889028000748],[122.523872737000161,12.49591026900073],[122.523872736000172,12.495931509000799],[122.523872735000168,12.495963369000771],[122.523872734000165,12.495995229000831],[122.523872733000161,12.496016469000812],[122.523883610000183,12.496043020000789],[122.523894488000195,12.496058950000775],[122.523899926000112,12.496080191000756],[122.523905364000115,12.496106741000821],[122.523910802000117,12.496133291000797],[122.523910801000113,12.496159842000774],[122.523921678000221,12.49618639200075],[122.523927116000223,12.496212942000815],[122.523943432000152,12.496244803000787],[122.52395430900016,12.496271353000763],[122.523970625000189,12.496287284000838],[122.523986941000203,12.496308525000819],[122.524014135000144,12.496319146000809],[122.52404132900017,12.4963297660008],[122.524079401000208,12.496340387000791],[122.524106595000148,12.496356318000776],[122.524122911000177,12.496361629000772],[122.524144667000201,12.496377559000758],[122.524171861000141,12.496388180000748],[122.524199055000167,12.496398801000828],[122.524226249000193,12.496409422000818],[122.524248004000128,12.496414733000814],[122.524280638000164,12.496414733000814],[122.52430783200019,12.496420044000809],[122.524318709000212,12.496430665000799],[122.524324148000218,12.496451905000781],[122.524329586000135,12.496478455000757],[122.524351341000155,12.496494386000832],[122.524373096000176,12.496510317000817],[122.52439485100011,12.496526247000803],[122.524416606000131,12.496531558000799],[122.524443800000171,12.496547489000784],[122.524465556000195,12.49655279900078],[122.524487311000129,12.49655280000078],[122.524509067000153,12.496558110000775],[122.524530822000173,12.49656342100077],[122.524552577000108,12.49657404200085],[122.52461797300019,12.496623074000821],[122.524623412000196,12.496623074000821],[122.524672363000164,12.496633696000812],[122.524694119000188,12.496644317000802],[122.524715874000208,12.496649628000798],[122.524737630000232,12.496654939000793],[122.52475938600017,12.496665560000784],[122.52478114100019,12.496686801000765],[122.524792019000202,12.496708041000746],[122.52480289600021,12.496729282000816],[122.524813774000222,12.496750523000797],[122.524824651000145,12.496777074000773],[122.524835529000157,12.496793004000759],[122.524857284000177,12.496808935000745],[122.524873601000195,12.49682486600082],[122.524889917000223,12.496840797000806],[122.524906234000142,12.496856728000791],[122.52492255000017,12.496877968000772],[122.524944306000194,12.496899209000754],[122.524960622000208,12.496915140000828],[122.524982377000143,12.496936381000809],[122.524998694000161,12.496952312000795],[122.525009572000172,12.496968242000781],[122.525031327000193,12.496989483000762],[122.525047643000207,12.497010724000832],[122.525063960000139,12.497031965000813],[122.525080276000153,12.497047896000799],[122.525096593000171,12.49706913600078],[122.5251129090002,12.497090377000761],[122.525123786000208,12.497106307000747],[122.52514010300014,12.497122238000733],[122.525167297000166,12.497148789000798],[122.525183614000184,12.497159410000789],[122.525199930000198,12.497185961000765],[122.525216246000127,12.497201891000751],[122.525232563000145,12.497223132000821],[122.525248879000159,12.497244373000802],[122.525265195000188,12.497270923000778],[122.525281511000202,12.497292164000759],[122.525292389000128,12.497308094000834],[122.525319583000154,12.497329335000815],[122.525335900000172,12.497345266000801],[122.525357655000192,12.497371817000777],[122.525379410000127,12.497398367000843],[122.525395726000141,12.49741429800074],[122.525417481000176,12.497440849000805],[122.525433798000194,12.497456779000791],[122.525450114000122,12.497472710000777],[122.525471869000143,12.497499261000753],[122.525482747000154,12.497515191000828],[122.525493624000163,12.497541741000804],[122.525488184000153,12.49756829100078],[122.525482745000147,12.49758953100085],[122.525504500000082,12.497616082000738],[122.525531695000112,12.497616083000738],[122.525558889000152,12.497616083000738],[122.525586084000182,12.497616084000827],[122.525607840000106,12.497610775000831],[122.52562959500014,12.497621395000822],[122.52565135000016,12.497642636000803],[122.525662228000172,12.497658566000789],[122.525673105000095,12.49767980700077],[122.525689421000109,12.497706357000746],[122.525700298000118,12.497732908000811],[122.525711176000129,12.497754148000793],[122.525722053000237,12.497775388000774],[122.525738369000081,12.49780193900075],[122.52575468500018,12.497828489000726],[122.525781879000206,12.497865660000782],[122.525792756000229,12.497886901000852],[122.525809073000246,12.497913451000739],[122.525825389000175,12.497929382000814],[122.525847144000195,12.4979453120008],[122.525868900000219,12.497961243000786],[122.525890655000154,12.497971863000776],[122.525906971000168,12.497987794000762],[122.52591784900018,12.498009034000832],[122.525934165000194,12.498024964000729],[122.525945042000217,12.498046205000799],[122.525955920000229,12.49806744500078],[122.525977675000163,12.498093996000756],[122.52600486900019,12.498115236000826],[122.52602662400021,12.498125857000817],[122.526048380000148,12.498131167000812],[122.526070135000168,12.498141788000803],[122.526086452000186,12.498157718000789],[122.526108207000206,12.49818957900076],[122.526124523000135,12.498200199000751],[122.526140840000153,12.49821082000083],[122.526157156000181,12.498226750000816],[122.526178912000205,12.498237371000807],[122.52620066700014,12.498247991000797],[122.526211544000148,12.498269231000778],[122.52622242200016,12.498295782000843],[122.526227860000162,12.49831171200074],[122.52624417700018,12.498327642000815],[122.5262659320002,12.498327643000815],[122.526282249000133,12.498317023000736],[122.52629856600015,12.49833295400081],[122.526298565000147,12.498364814000782],[122.526309442000169,12.498401984000749],[122.526336636000195,12.498412605000828],[122.526352953000128,12.498401985000749],[122.526374709000152,12.498417916000824],[122.526396464000172,12.498433846000809],[122.526462577000132,12.498462345000769],[122.526468786000109,12.49846032500078],[122.526474994000182,12.498464366000759],[122.526485341000154,12.498472448000806],[122.526491549000127,12.498478509000774],[122.526497757000115,12.498486591000821],[122.526506035000082,12.49849265200079],[122.526518452000232,12.498496694000769],[122.526522590000127,12.498498714000759],[122.526535007000092,12.498498714000759],[122.526566048000163,12.498510837000785],[122.52657225700024,12.498510837000785],[122.526578465000128,12.498514878000764],[122.526586743000195,12.498520940000821],[122.526590881000175,12.49852700100079],[122.526597090000251,12.498537103000826],[122.526597089000077,12.498547205000774],[122.526597089000077,12.498555287000821],[122.526601228000231,12.498565389000769],[122.526611575000203,12.498581552000774],[122.526615714000187,12.498585593000753],[122.52662192200026,12.49859165400081],[122.526634339000225,12.49859165500081],[122.526642616000203,12.498587614000742],[122.52665089400017,12.498585594000842],[122.526661241000141,12.498585594000842],[122.526669519000109,12.498587614000742],[122.526677797000175,12.4985936760008],[122.526677797000175,12.498601757000847],[122.526675727000182,12.498613876867202],[122.526675727000182,12.498617920000852],[122.526673657000188,12.49862600200081],[122.52668193500017,12.498638125000836],[122.526688143000229,12.498644186000805],[122.5266984900002,12.498648227000784],[122.52671297600024,12.498648227000784],[122.526719185000132,12.498646207000794],[122.526729532000189,12.498644187000805],[122.526735740000177,12.498644187000805],[122.526746087000234,12.498646207000794],[122.526754365000201,12.498650248000773],[122.526762642000179,12.498654289000752],[122.52677298900015,12.498668432000768],[122.52677298900015,12.498670453000758],[122.526781267000118,12.498676514000815],[122.526787475000191,12.498682575000784],[122.526793683000179,12.498688636000752],[122.526799891000238,12.498702779000768],[122.526801961000146,12.498708841000825],[122.526808169000219,12.498718943000773],[122.526829891584129,12.498734092534756],[122.526835071000136,12.498737127000767],[122.526843349000103,12.498743188000825],[122.526851626000166,12.498749249000793],[122.526857835000243,12.498757331000752],[122.526872320000194,12.498767433000788],[122.526886898465747,12.498772704622327],[122.526890945000233,12.498773495000757],[122.526901292000105,12.498777536000736],[122.526911639000161,12.498781577000804],[122.526912225216748,12.498781863098261],[122.526928195000195,12.498787638000772],[122.52693233300019,12.49879572000073],[122.526942680000161,12.498815924000803],[122.52694888800022,12.498821985000772],[122.526959235000191,12.498828046000741],[122.526965444000169,12.498832087000808],[122.5269819998001,12.498852292773863],[122.526984068000118,12.498854312000782],[122.526990276000191,12.49886239300074],[122.526994415000175,12.498870475000787],[122.527000623000148,12.498876536000845],[122.527013040000114,12.498884618000803],[122.527019248000187,12.498888659000782],[122.52702545600016,12.498892700000761],[122.527031664000233,12.498896741000829],[122.52704201100012,12.498904822000787],[122.527046150000189,12.498908863000766],[122.52705442800017,12.498918965000803],[122.527060636000229,12.498927047000761],[122.527064775000227,12.498937149000797],[122.527064774000223,12.498943210000766],[122.527066844000132,12.498951292000813],[122.527068913000207,12.49896139400076],[122.527068913000207,12.498971496000797],[122.527068913000207,12.498977557000766],[122.527066843000128,12.49899776100075],[122.527064773000134,12.499017965000823],[122.527058565000146,12.499026046000781],[122.527044078000102,12.499038168000807],[122.527035800000135,12.499054331000723],[122.527035800000135,12.499064433000759],[122.527035800000135,12.499072514000806],[122.527039939000119,12.499080596000764],[122.527046147000192,12.499086657000822],[122.527054425000159,12.499092719000791],[122.52706684100022,12.49909473900078],[122.527070980000204,12.49909676000077],[122.527077188000092,12.499102821000827],[122.527083396000165,12.499110903000785],[122.527093743000137,12.499118984000832],[122.527102021000104,12.499123025000811],[122.527114438000154,12.49912706600079],[122.527120646000142,12.49912706600079],[122.527128924000195,12.499125046000801],[122.527137201000173,12.499123026000811],[122.527145479000154,12.499125046000801],[122.527156340540259,12.499132621370554],[122.527164104000093,12.499137169000827],[122.52717445100015,12.499145251000785],[122.527178590000133,12.499149292000764],[122.527184798000121,12.499159394000801],[122.527188936000101,12.499167475000759],[122.527193075000085,12.499175557000806],[122.527201353000152,12.499183639000764],[122.527213769000113,12.499189700000821],[122.52722411600017,12.499189700000821],[122.527242741000109,12.499183639000764],[122.527255158000258,12.499185660000753],[122.527263436000226,12.499187680000743],[122.527271713000204,12.4991937420008],[122.527279991000171,12.499197783000779],[122.527288269000238,12.499201824000847],[122.527296546000215,12.499205864000738],[122.527311032000171,12.499213946000785],[122.527323449000136,12.499217987000764],[122.527335865000182,12.499222028000831],[122.527348282000148,12.499224049000821],[122.527350351000223,12.499224049000821],[122.527358629000204,12.499226069000811],[122.527366907000172,12.4992280900008],[122.527377254000143,12.499238192000837],[122.527379137621935,12.499240950307575],[122.527393809000174,12.499256376000831],[122.527402087000155,12.499258396000821],[122.527412434000212,12.499264458000789],[122.5274186420001,12.499266478000779],[122.527431059000151,12.49926041700081],[122.527437267000224,12.499266478000779],[122.527437267000224,12.499276580000815],[122.527437267000224,12.499284662000774],[122.527441405000204,12.499292744000821],[122.527451753000179,12.4992967850008],[122.527462100000236,12.499298805000789],[122.527470377000213,12.499300826000779],[122.527489002000152,12.499308907000826],[122.527495211000215,12.499308908000826],[122.52752299782027,12.4993195091026],[122.527529419000203,12.499321076000767],[122.527537697000184,12.499325117000835],[122.527548044000156,12.499323097000756],[122.52755425200013,12.499319056000777],[122.52756460000019,12.499317036000788],[122.527581155000135,12.499319057000777],[122.527587363000208,12.499321077000767],[122.527595641000175,12.499327139000824],[122.527601849000078,12.499335220000782],[122.527605988000232,12.499343302000829],[122.527607642958714,12.49934976665755],[122.527616335000204,12.499371588000772],[122.527624613000185,12.499383710000798],[122.527639098000137,12.499399873000803],[122.527649445000193,12.499416037000808],[122.527653584000177,12.499428159000745],[122.527655653000082,12.499434220000802],[122.527657723000161,12.49944432200075],[122.527668070000217,12.499456445000776],[122.527678417000189,12.499462506000745],[122.52768669500017,12.499464527000823],[122.527697042000227,12.499462506000745],[122.527701181000211,12.499454425000787],[122.527699111000132,12.499448364000818],[122.527697042000227,12.499438262000782],[122.527692903000229,12.499430180000823],[122.527688765000249,12.499422098000776],[122.527690834000154,12.49941199700074],[122.527699112000121,12.499405936000771],[122.527705320000194,12.499401895000792],[122.527713598000176,12.499397854000813],[122.527721876000228,12.499399875000803],[122.527728084000131,12.499405936000771],[122.52773429200019,12.499418058000797],[122.527738429535304,12.499429167424667],[122.527740500000178,12.499434222000803],[122.527742570000171,12.499440283000771],[122.527754986000218,12.499450385000808],[122.527759125000202,12.499452405000797],[122.527767403000183,12.499452406000797],[122.527777750000155,12.499452406000797],[122.527786028000122,12.499448365000729],[122.52780713652119,12.499419271564536],[122.527808792000229,12.499416039000808],[122.527815001000121,12.499407958000761],[122.527821209000194,12.499399876000803],[122.527825348000178,12.499385734000787],[122.527808793000148,12.49937765200074],[122.527798446000091,12.499369570000782],[122.527796376000182,12.499363509000814],[122.527800515000166,12.499355427000767],[122.527808793000148,12.499353407000777],[122.5278170710002,12.499351387000788],[122.527827418000086,12.499351387000788],[122.527837765000143,12.499349367000798],[122.52784397400012,12.49934532600073],[122.527854321000177,12.49934532600073],[122.527862599000159,12.49934734700072],[122.527881223000094,12.499355429000767],[122.527926751000223,12.499365531000803],[122.52793502900019,12.499371592000772],[122.527943306000168,12.499377654000829],[122.527947445000251,12.499385735000788],[122.527951584000235,12.499393817000835],[122.527953653000139,12.499401899000793],[122.527961931000107,12.499412001000829],[122.52796813900018,12.499420082000787],[122.527974347000168,12.499428164000745],[122.527980555000227,12.499438266000782],[122.527995041000182,12.499450389000808],[122.528011596000141,12.499456450000777],[122.528019874000108,12.499456450000777],[122.528036430000142,12.499450389000808],[122.528044708000124,12.499450389000808],[122.528052985000187,12.499448369000818],[122.528065402000152,12.499450389000808],[122.528073680000119,12.499454430000787],[122.528079888000192,12.499460492000756],[122.528081957000182,12.499470594000792],[122.528077818000114,12.49948069500074],[122.528073679000116,12.499484736000808],[122.528065401000148,12.499490797000776],[122.528059193000161,12.499494838000755],[122.528048846000104,12.499500899000813],[122.528042637000212,12.499502919000802],[122.528032290000155,12.49951100100076],[122.528019873000204,12.499525143000776],[122.5280178040002,12.499537265000802],[122.528019873000204,12.49954534700076],[122.528021942000109,12.499553429000807],[122.528030220000261,12.499557470000786],[122.528038498000228,12.499557470000786],[122.52804677600021,12.499553429000807],[122.528055053000173,12.49954736800075],[122.528059192000256,12.499539286000791],[122.528065401000148,12.499531205000745],[122.528073679000116,12.499525144000776],[122.528081956000179,12.499521103000797],[122.52809023400016,12.499519083000807],[122.528098512000128,12.499521103000797],[122.528117137000166,12.499531206000745],[122.528133692000196,12.499533226000734],[122.528144039000168,12.499537267000802],[122.528147489227209,12.499539512510092],[122.528164733000111,12.49954736900075],[122.528175081000157,12.499549390000739],[122.52818335800022,12.499547370000839],[122.52819370600011,12.499545349000849],[122.528212331000134,12.499547370000839],[122.528222678000105,12.499549391000828],[122.528230955000168,12.499551411000729],[122.528239233000136,12.499555452000797],[122.528249580000193,12.499561513000765],[122.528269684609199,12.49956613162154],[122.528278552000202,12.499567575000823],[122.528284761000094,12.499569595000724],[122.528293038000157,12.499569595000724],[122.528301316000125,12.499569595000724],[122.528315802000165,12.499571616000802],[122.528326149000137,12.499573636000791],[122.52832821900013,12.499573636000791],[122.528338566000187,12.499575657000781],[122.528348913000158,12.499577678000771],[122.528359260000215,12.499577678000771],[122.528367538000182,12.49957969800076],[122.528375816000249,12.49958171900075],[122.528384093000227,12.499583739000828],[122.528392371000194,12.499587780000807],[122.528404788000159,12.499605964000802],[122.528415135000131,12.499607984000791],[122.528421343000204,12.499610005000781],[122.528431690000161,12.499607984000791],[122.528435829000159,12.499599903000744],[122.528435829000159,12.499589801000797],[122.528437899000238,12.49958171900075],[122.528444107000126,12.499575658000781],[122.528456524000177,12.499565556000745],[122.528464802000158,12.499561516000766],[122.528491705000164,12.499551414000818],[122.528507328000117,12.499558847000811],[122.528519744000164,12.499558847000811],[122.528528022000145,12.499558847000811],[122.528536300000113,12.499560867000801],[122.528544578000179,12.499570969000748],[122.528556994000141,12.499579051000795],[122.528561133000125,12.499583092000774],[122.528573549000185,12.499589153000743],[122.528579758000163,12.499589153000743],[122.52858803600023,12.499589153000743],[122.52859217400021,12.499581072000785],[122.528594244000118,12.499570970000748],[122.528596314000197,12.499560868000801],[122.52860045300018,12.499550766000764],[122.528604592000178,12.499544705000796],[122.528614939000136,12.499542685000806],[122.528625286000192,12.499548746000775],[122.528631494000095,12.499556828000733],[122.52863356300017,12.49956490900078],[122.528639772000147,12.499575011000816],[122.528648049000125,12.499579052000795],[122.528658397000186,12.499579052000795],[122.528666674000164,12.499581073000785],[122.528674952000131,12.499575012000816],[122.528687369000181,12.499568951000848],[122.528691508000165,12.499566930000769],[122.528703924000126,12.49956491000078],[122.528710133000203,12.49956491000078],[122.528715308396485,12.49956491000078],[122.528724457667437,12.499564133458039],[122.528730827000231,12.49956289000079],[122.528739105000199,12.49956289000079],[122.528745313000186,12.499568951000848],[122.528751521000245,12.499579053000796],[122.528768077000194,12.499593196000811],[122.528774285000182,12.499601278000769],[122.528780493000255,12.499621482000842],[122.528788770000133,12.499635625000769],[122.528799118000194,12.499637645000758],[122.528815673000139,12.499643706000727],[122.52882395100012,12.499641686000826],[122.528830159000179,12.499635625000769],[122.528838437000246,12.4996295640008],[122.528844645000135,12.499619462000764],[122.528844646000138,12.499613401000795],[122.528846715000228,12.499605319000837],[122.528852923000116,12.499595218000801],[122.5288570620001,12.499589156000832],[122.52886741000016,12.499583095000775],[122.528877757000132,12.499568953000759],[122.528877757000132,12.499558851000812],[122.528875688000227,12.499550769000765],[122.52887982700021,12.499540667000817],[122.528883966000194,12.49953258600077],[122.528890174000082,12.499528545000791],[122.528901762033641,12.499527737285474],[122.528906730000131,12.499526525000801],[122.528919146000092,12.499526525000801],[122.528929493000149,12.499528546000791],[122.528939840000106,12.49953460700076],[122.528941910000199,12.499540668000817],[122.528950187000163,12.499550770000765],[122.528956396000154,12.499560872000801],[122.528956396000154,12.49956693300077],[122.528956396000154,12.499577035000806],[122.528950187000163,12.499593198000811],[122.528952256000167,12.499601280000769],[122.528958465000144,12.499607341000827],[122.528968812000116,12.499613402000795],[122.528975020000175,12.499613402000795],[122.528985367000146,12.499619464000764],[122.528991576000124,12.499623504000832],[122.529001923000095,12.499627545000811],[122.52901847800014,12.499629566000801],[122.52903089500019,12.499625525000821],[122.529039173000243,12.499621485000754],[122.529047450000135,12.499613403000795],[122.529051589000204,12.499609362000816],[122.529049520000129,12.499591179000822],[122.529045381000145,12.499583097000775],[122.529035034000259,12.499577036000806],[122.529026756000107,12.499570975000749],[122.529018479000229,12.499568954000759],[122.529003996525987,12.499559864716057],[122.528997784000111,12.499556832000822],[122.528989507000134,12.499550770000765],[122.528981229000067,12.499542689000807],[122.528978862986023,12.499539224296461],[122.528970882000195,12.49953056600078],[122.528966743000211,12.499522485000822],[122.528964674000122,12.499510362000796],[122.528960535000138,12.49950026100076],[122.528958466000148,12.499494199000791],[122.528957431756609,12.499490161453872],[122.528955015911578,12.499483422525701],[122.528952258000245,12.499478036000786],[122.528950188000167,12.499469955000828],[122.528950188000167,12.499461873000781],[122.528956397000243,12.499451771000833],[122.528964675000211,12.499441669000797],[122.528972953000192,12.499437629000818],[122.528981230000255,12.499435608000828],[122.528993647000206,12.49943358800075],[122.529003994000178,12.49943358800075],[122.529012272000159,12.499439649000808],[122.529016411000143,12.499449751000755],[122.529020549000123,12.499461874000781],[122.529022619000216,12.499469955000828],[122.529035035000177,12.499486119000744],[122.52904331300023,12.499494200000791],[122.529051590000208,12.49949824100077],[122.529061938000183,12.49950026200076],[122.529068146000157,12.49950228200075],[122.529076424000223,12.499504302000828],[122.529084189630936,12.499507334852309],[122.529090214651958,12.499509015622854],[122.529097118000152,12.499510364000797],[122.529109535000202,12.499514405000776],[122.529115743000105,12.499514405000776],[122.529124021000158,12.499514405000776],[122.529132298000135,12.499514405000776],[122.529140576000117,12.499508344000807],[122.529148854000084,12.49950228300075],[122.529159201000141,12.499498242000771],[122.529165410000118,12.499496222000781],[122.529179896000173,12.499496222000781],[122.52918817400014,12.499494202000792],[122.529204729000185,12.499486120000745],[122.529208868000168,12.499476018000797],[122.52920059100019,12.499459855000792],[122.529196452000207,12.499451774000745],[122.52919024300013,12.499443692000787],[122.52918817400014,12.49943561000074],[122.52918610500015,12.499423488000803],[122.52918817400014,12.499415407000845],[122.52918817400014,12.499405305000808],[122.529192313000124,12.49939722300085],[122.5291985220002,12.499389142000803],[122.5291985220002,12.499379040000766],[122.529204730000174,12.499372979000798],[122.529210939000251,12.49936691700074],[122.529221286000123,12.499362877000761],[122.52922956400019,12.499366918000741],[122.529237841000167,12.499372979000798],[122.52924405000023,12.499379040000766],[122.529248188000224,12.499385101000735],[122.52925382974685,12.499404931733613],[122.529256466000191,12.499411366000777],[122.529258535000196,12.499421468000813],[122.529262674000179,12.499429550000771],[122.529270952000147,12.49943561100074],[122.529275091000144,12.499445713000776],[122.529281299000203,12.499451774000745],[122.529287507000191,12.499457836000802],[122.529299924000156,12.499457836000802],[122.529310271000213,12.499457836000802],[122.52932061800017,12.499455816000724],[122.529333035000136,12.499445714000776],[122.529343382000192,12.499431571000761],[122.529351660000174,12.499425510000792],[122.529359938000141,12.499421469000724],[122.529366146000129,12.499413388000766],[122.529366146000129,12.499405306000808],[122.529362008000135,12.49939924500084],[122.529353730000167,12.499397225000761],[122.529343383000196,12.499393184000782],[122.529335105000214,12.499387122000725],[122.529330966000231,12.499379041000767],[122.529328897000156,12.499372980000798],[122.529335105000214,12.499366919000829],[122.529341314000106,12.499362878000762],[122.529345452000101,12.499354796000803],[122.529335105000214,12.499346715000756],[122.529328897000156,12.499338633000798],[122.529324758000158,12.49933055100084],[122.529328897000156,12.499306307000788],[122.529344889000143,12.499299781000781],[122.529340750000159,12.499293720000724],[122.529340750000159,12.499281598000787],[122.529342819000149,12.499273516000828],[122.529346958000133,12.499263414000792],[122.52935316700021,12.499259373000724],[122.529365583000171,12.499257353000823],[122.529371792000148,12.499257353000823],[122.529382139000205,12.499259374000813],[122.529394555000167,12.499261394000802],[122.529402833000134,12.499261394000802],[122.529409041000122,12.499259374000813],[122.529417319000189,12.499251293000766],[122.529419389000182,12.499245231000797],[122.529423528000166,12.49923715000075],[122.529427667000149,12.499227048000803],[122.529431806000133,12.499218966000756],[122.529440083000111,12.499214926000777],[122.529450431000171,12.499216946000766],[122.529460778000143,12.499216946000766],[122.52946905600011,12.499214926000777],[122.529477333000173,12.499210885000798],[122.52948354200015,12.499198763000772],[122.529487681000234,12.499194722000793],[122.529495958000211,12.499190682000814],[122.529504236000179,12.499186641000746],[122.52951251400016,12.499180580000777],[122.529511593862594,12.499168005381209],[122.529510445000156,12.499162396000782],[122.529510445000156,12.499152294000835],[122.52951251400016,12.499146233000777],[122.529514879355801,12.499142769260638],[122.529520792000213,12.499130070000772],[122.529524931000211,12.499111887000778],[122.529524931000211,12.49910380500082],[122.529524931000211,12.499093703000783],[122.529529070000194,12.499083601000747],[122.529535279000086,12.499079560000768],[122.529545626000143,12.499075520000789],[122.529551834000117,12.499077540000778],[122.529562181000173,12.499077540000778],[122.529574598000139,12.499073500000799],[122.529580806000126,12.49906945900082],[122.529587015000189,12.499059357000784],[122.529589084000094,12.499051276000825],[122.529591154000173,12.499031072000752],[122.52959529300017,12.499018949000815],[122.52959529300017,12.499012888000758],[122.529597362000246,12.49900278600081],[122.529599432000154,12.498990664000784],[122.529601501000229,12.498984603000816],[122.529611849000119,12.498978542000758],[122.529622196000176,12.498974501000779],[122.529630474000228,12.49897248100079],[122.529636682000131,12.498966420000821],[122.52963875200021,12.498956318000785],[122.529630474000228,12.498954297000795],[122.529620127000172,12.498948236000826],[122.529615988000188,12.498942175000769],[122.529615988000188,12.498930052000743],[122.529628405000153,12.49890580800078],[122.529630474000228,12.498895706000743],[122.529631506069236,12.498891676444055],[122.529634613000226,12.498877522000749],[122.529634613000226,12.498867421000801],[122.52963875200021,12.498861359000744],[122.529644961000102,12.498855298000775],[122.529655308000159,12.498851258000796],[122.529663586000225,12.498847217000817],[122.529671037557108,12.498845398449907],[122.529682211000164,12.49884115600076],[122.529690488000142,12.49884115600076],[122.529710966000138,12.498813851000721],[122.529710966000138,12.498805770000763],[122.529708897000148,12.498797688000804],[122.529710966000138,12.498787586000768],[122.529710966000138,12.49877748400082],[122.529710966000138,12.498769403000773],[122.529710967000142,12.498759301000826],[122.529708897000148,12.498749199000789],[122.529708897000148,12.498743137000821],[122.529717175000215,12.498733036000784],[122.529727522000087,12.498726974000727],[122.529735800000154,12.498724954000826],[122.529744078000135,12.498724954000826],[122.529754425000192,12.498726975000816],[122.529762703000159,12.498728995000716],[122.529768911000147,12.498731016000795],[122.529779258000204,12.498731016000795],[122.529787536000171,12.498731016000795],[122.529797883000143,12.498724955000826],[122.529799952000133,12.49871485300079],[122.529799953000136,12.498704751000753],[122.529799953000136,12.498696669000795],[122.529816508000167,12.49868252700078],[122.529828925414918,12.498678485798385],[122.529833064000115,12.498676466000811],[122.529841341000179,12.498674445000821],[122.529847550000255,12.498668384000764],[122.529853758000144,12.498662323000795],[122.529858931552312,12.498650200296977],[122.529859966000217,12.49864616000079],[122.5298641050002,12.498638078000832],[122.5298641050002,12.498627976000796],[122.529851689000239,12.498603732000744],[122.529849620000164,12.498595650000786],[122.529849620000164,12.49858352800076],[122.529851689000239,12.498573426000812],[122.529855828000223,12.498565344000765],[122.529862036000125,12.498559283000796],[122.529862037000115,12.498551202000749],[122.529870314000178,12.49854716100077],[122.529878592000159,12.498543120000791],[122.529884800000232,12.49854716100077],[122.529886714905885,12.498549654597744],[122.529891008000121,12.498555243000817],[122.529899286000187,12.498571406000822],[122.529907564000155,12.498571406000822],[122.529915842000136,12.498567365000754],[122.529922050000195,12.498561304000786],[122.529930328000177,12.498555243000817],[122.529930328000177,12.498543121000791],[122.529930328000177,12.498533019000755],[122.529922050000195,12.498494631000776],[122.529924120000103,12.498484529000828],[122.529926189000193,12.498476448000782],[122.52993446700016,12.498470387000813],[122.529937913323209,12.498468368235569],[122.52995257311899,12.498458265384391],[122.529955161000188,12.498456244000797],[122.529961370000166,12.498452203000818],[122.529971717000222,12.498452204000818],[122.529985152090248,12.498457249321335],[122.529988272000168,12.498458265000787],[122.529998619000139,12.498462306000766],[122.5300089670002,12.498462306000766],[122.530019314000072,12.498458265000787],[122.530023456082219,12.498457254126558],[122.530037939000195,12.498452204000818],[122.530046216000173,12.49845018400074],[122.53005449400014,12.49844816300075],[122.530064841000112,12.49845018400074],[122.530071050000188,12.498454225000808],[122.530073119000093,12.498462306000766],[122.530068980000095,12.498472408000803],[122.530075188000168,12.498480490000849],[122.530087605000134,12.498486551000818],[122.5300958830002,12.498480490000849],[122.530104160000164,12.498462306000766],[122.530104160000164,12.498456245000797],[122.530108299000162,12.498448164000751],[122.530116577000129,12.498442103000782],[122.530126924000186,12.498438062000803],[122.530135202000253,12.498436041000813],[122.53014348000022,12.498434021000735],[122.530140215000131,12.498413651000737],[122.530154701000086,12.498397488000732],[122.530165048000143,12.498389406000774],[122.530169187000126,12.498389406000774],[122.530183673000082,12.498389406000774],[122.530187812000079,12.498397488000732],[122.530188846627482,12.498401529498357],[122.530194020000138,12.498413651000737],[122.530206436000199,12.498427794000841],[122.530214714000167,12.498427794000841],[122.530222992000148,12.498425774000763],[122.530237478000188,12.498415672000727],[122.530243686000162,12.498405570000779],[122.530237478000188,12.498389407000774],[122.530227131000132,12.498379305000826],[122.530222992000148,12.49836920300079],[122.530222992000148,12.498359101000842],[122.530220923000243,12.498353040000785],[122.530222992000148,12.498344958000827],[122.530229201000211,12.49833687700078],[122.530239548000182,12.498338897000769],[122.530245756000255,12.498344958000827],[122.530254034000222,12.498346979000816],[122.5302623110002,12.498340918000759],[122.530268520000178,12.498330816000811],[122.530271001877992,12.498327584922118],[122.530291284000199,12.498296469000723],[122.530301631000171,12.498290408000754],[122.530309909000138,12.498286367000775],[122.5303223250001,12.498286367000775],[122.530332672000156,12.498286367000775],[122.530338881000134,12.498292429000832],[122.530345089000207,12.498306571000759],[122.530353366000185,12.498314653000717],[122.530363714000146,12.498314653000717],[122.530369922000219,12.498312633000817],[122.530380269000105,12.498308592000837],[122.530386477000164,12.49830455100077],[122.530396825000139,12.498298490000801],[122.530411311000179,12.498282327000796],[122.530413380000084,12.498276266000827],[122.530421658000151,12.49826818400078],[122.530427866000224,12.498262123000812],[122.530432005000208,12.498252021000775],[122.530432005000208,12.498245960000807],[122.530432005000208,12.49823585800077],[122.530436144000191,12.498229797000802],[122.530446491000163,12.498201512000771],[122.530467185000091,12.498219695000765],[122.530485810000215,12.498227777000812],[122.530496157000101,12.498227777000812],[122.530506504000158,12.498223736000833],[122.530514782000125,12.498217675000776],[122.530518921000208,12.498211614000807],[122.530518921000208,12.498199492000781],[122.530510636673114,12.498186349503468],[122.530508574000152,12.498183329000776],[122.530502366000164,12.498173227000828],[122.530502366000164,12.498161104000802],[122.530500297000259,12.498151002000766],[122.53049822700018,12.498138880000829],[122.530494088000196,12.498126758000803],[122.53049615800019,12.498120697000745],[122.530502366000164,12.498112615000787],[122.530510644000145,12.498102513000751],[122.530514783000129,12.498092411000803],[122.530523061000196,12.498086350000746],[122.530533408000252,12.498084330000756],[122.530541685000216,12.498084330000756],[122.530552033000191,12.498084330000756],[122.530560310000169,12.498080289000777],[122.530570657000226,12.498072208000819],[122.530574796000209,12.498066146000761],[122.530560310000169,12.498060085000793],[122.530552033000191,12.498058065000803],[122.530543755000124,12.498056044000814],[122.530535477000157,12.498058065000803],[122.530531338000159,12.498054024000824],[122.530539616000141,12.498043922000788],[122.530545824000214,12.498037861000819],[122.530559283045648,12.498029774914707],[122.530562380000248,12.498027759000783],[122.53057272700012,12.498021698000814],[122.530578935000193,12.498015637000757],[122.53058514400017,12.498007555000799],[122.530591352000243,12.497999474000752],[122.530596871513353,12.497994085174389],[122.530605838000113,12.497983311000747],[122.530607907000189,12.497975229000788],[122.53060169900013,12.497967148000741],[122.530597560000132,12.497957046000794],[122.530599630000225,12.497946944000757],[122.53060169900013,12.497942903000778],[122.53060169900013,12.497930781000752],[122.530599630000225,12.497924719000784],[122.530597561000135,12.497912597000758],[122.530595491000227,12.49790249500081],[122.530599630000225,12.497880271000747],[122.530593422000152,12.49786814900081],[122.53058514400017,12.497860067000763],[122.530581006000105,12.497856026000784],[122.530576867000107,12.497849965000816],[122.530576867000107,12.497839863000779],[122.530578936000197,12.497829761000743],[122.53058307500018,12.497821680000785],[122.530591353000162,12.497825720000764],[122.530597561000135,12.497833802000811],[122.530605839000117,12.49783784300079],[122.5306303280001,12.49783127900078],[122.530638497000155,12.497823288000829],[122.530641212000191,12.497812641000747],[122.530643927000156,12.497801994000755],[122.530646642000207,12.497791347000762],[122.530654808000079,12.497780694000769],[122.530665711000182,12.497780684000857],[122.530690243000166,12.497780660000766],[122.530715275000105,12.497775313000767],[122.530726178000123,12.497775303000767],[122.530731621000214,12.497767314000816],[122.530734331000176,12.497751345000738],[122.530734317000167,12.497738039000792],[122.53073975800018,12.497727389000799],[122.530750653000098,12.497719395000759],[122.530758820000159,12.497708743000766],[122.530758801000161,12.497690115000823],[122.530753320000144,12.4976608470008],[122.530756037000188,12.497652861000761],[122.530780531000175,12.497615582000785],[122.530791429000104,12.497610249000788],[122.53080232900011,12.497607577000833],[122.530818684000224,12.497607562000743],[122.530826866000197,12.497612876000828],[122.530835054000164,12.49762351300082],[122.530840517000257,12.497634152000812],[122.530843256000125,12.497647455000758],[122.530843264000126,12.497655439000797],[122.530848731000219,12.497671400000785],[122.53085419100023,12.497679379000735],[122.530856927000187,12.497690021000816],[122.530862401000107,12.4977113040008],[122.530870594000078,12.497727263000789],[122.530876056000082,12.497737903000781],[122.530889696000145,12.497748534000772],[122.530917519406486,12.497766073105163],[122.530925152000151,12.497769789000843],[122.530936063000084,12.497777762000792],[122.530949699000146,12.49778573300083],[122.530957879000198,12.497788386000783],[122.530968788000209,12.497793698000779],[122.530982414000178,12.497791023000824],[122.53099331700011,12.497791013000734],[122.531006945000172,12.497791000000822],[122.531026020000155,12.497785659000824],[122.531042374000165,12.497785643000823],[122.531077804000077,12.497780287000824],[122.531088709000187,12.497782938000777],[122.531099618000198,12.497788250000772],[122.531113249000171,12.497790898000813],[122.531129603000196,12.497790882000812],[122.531143232000161,12.497790869000722],[122.531156866000146,12.497796178000806],[122.531173231000167,12.497806807000797],[122.531189588000188,12.497809452000839],[122.531203214000158,12.497806778000795],[122.531214109000175,12.497798784000755],[122.531225012000178,12.497798773000754],[122.531233195000155,12.497804088000839],[122.531246834000129,12.49781471900083],[122.531252291000214,12.497820036000826],[122.531255568370597,12.497824293620416],[122.531268664000152,12.497838648000767],[122.531268675000149,12.49784929300076],[122.531265962000106,12.497862601000795],[122.531257796000233,12.497873254000789],[122.531255084000094,12.497886562000824],[122.531249643000095,12.497897212000817],[122.531257834000144,12.497910510000763],[122.531287857000137,12.497950398000777],[122.531290580000103,12.497947734000734],[122.531298765000159,12.497955710000772],[122.531298779000153,12.497969015000718],[122.531298798000165,12.49798764300075],[122.531296083000115,12.497998290000831],[122.531293362000156,12.498003615000828],[122.53127974200018,12.498011612000779],[122.531271567000218,12.498014281000822],[122.531260659000111,12.498008969000827],[122.531252471000144,12.497998332000835],[122.531244288000181,12.49799301800075],[122.531236101000218,12.497982381000758],[122.531225198000115,12.497982392000759],[122.531214308000102,12.497995708000795],[122.531203411000178,12.498001041000792],[122.531192508000245,12.498001051000793],[122.531181599000234,12.497995740000798],[122.531170688000216,12.49798776700076],[122.531159775000205,12.497977133000768],[122.531148869000191,12.497974482000815],[122.531135240000125,12.497974495000816],[122.531121614000156,12.497977169000771],[122.531110720000143,12.497985163000811],[122.53110527900013,12.497995813000804],[122.531099838000131,12.498006463000797],[122.531091666000165,12.498011793000794],[122.531086228000163,12.498025104000741],[122.531086242000157,12.498038410000776],[122.531094427000212,12.498046385000814],[122.531110784000148,12.498049031000766],[122.531121695000166,12.498057004000804],[122.531127160000167,12.498070304000839],[122.531140797000148,12.498078274000788],[122.53115442500021,12.498078261000787],[122.531162597000176,12.49807293100079],[122.531178952000189,12.498072915000789],[122.531187142000164,12.498086213000734],[122.531195325000212,12.498091527000819],[122.531200787000216,12.498102167000811],[122.531203526000098,12.498115470000846],[122.531206265000137,12.498128773000792],[122.531214451000196,12.498136748000741],[122.531233515000181,12.498120763000751],[122.531247146000155,12.498123411000792],[122.531258052000254,12.498126062000745],[122.531268954000183,12.498126051000744],[122.531282583000149,12.498126038000832],[122.531293481000162,12.498120705000835],[122.531301650000131,12.498112714000795],[122.531301636000222,12.49809940800076],[122.531301628000122,12.49809142500081],[122.531293438000162,12.498078127000776],[122.531290704000199,12.498070146000737],[122.531290693000201,12.498059502000745],[122.531293405000156,12.498046194000798],[122.531298843000158,12.498032883000763],[122.531309744000183,12.498030211000808],[122.531320647000101,12.498030200000807],[122.531334281000255,12.498035510000802],[122.53135610000011,12.498048794000836],[122.531372452000127,12.498046117000792],[122.531383349000137,12.498040785000795],[122.531396983000107,12.49804609400079],[122.531402443000118,12.498054072000828],[122.531402456000123,12.498067378000774],[122.531402470000216,12.49808068300081],[122.53140248000021,12.498091328000802],[122.531399768000171,12.498104636000749],[122.531399784000172,12.498120603000826],[122.531394343000159,12.498131253000819],[122.531388922000161,12.498160530000844],[122.531388935000251,12.49817383600079],[122.531386223000112,12.498187144000736],[122.531375333000099,12.498200461000772],[122.531375341000185,12.498208444000811],[122.531367188000218,12.498232402000751],[122.531375403000197,12.498269650000813],[122.531375417000191,12.498282956000759],[122.531372699000144,12.498290942000798],[122.531361804000227,12.498298936000749],[122.531350909000125,12.498306930000789],[122.531340014000193,12.498314924000828],[122.531331843000231,12.498320254000825],[122.531320945000132,12.498325587000823],[122.531310050000201,12.498333581000773],[122.531296427000143,12.498338916000771],[122.531282820000257,12.498360218000846],[122.531271925000155,12.498368212000797],[122.531258299000186,12.498370887000751],[122.531244673000117,12.498373561000795],[122.531245529000188,12.498403623000796],[122.531253704000164,12.498400954000752],[122.531267341000216,12.49840892400079],[122.531278252000234,12.498416897000739],[122.531286437000205,12.498424872000777],[122.53128645000011,12.498438178000812],[122.531286466000211,12.498454145000801],[122.531283749000153,12.498462131000752],[122.531278308000154,12.498472781000745],[122.531270139000185,12.498480772000784],[122.531256510000119,12.498480785000785],[122.531251057347305,12.498479459963638],[122.531231976000143,12.498478148000833],[122.53121834500017,12.498475500000792],[122.531210165000203,12.498472847000839],[122.531196531000219,12.498467537000844],[122.531185628000216,12.498467548000844],[122.531172002000147,12.498470222000799],[122.531144750000209,12.498475571000798],[122.531133852000096,12.498480903000795],[122.531122949000178,12.498480914000796],[122.531112052000168,12.498486247000793],[122.53110115400024,12.49849158000079],[122.531084813000135,12.498504901000826],[122.531073934000119,12.498528862000766],[122.531076671000164,12.498539504000759],[122.531090332000147,12.498571424000735],[122.531084897000142,12.498587396000813],[122.531071292000163,12.498611360000753],[122.531074029000123,12.498622002000745],[122.531079491000128,12.498632641000738],[122.531095854347342,12.498643269195862],[122.531101310000167,12.498645926000771],[122.531112221000171,12.498653899000809],[122.531112235000094,12.498667204000844],[122.531098625000112,12.498685845000788],[122.531095913000158,12.498699154000823],[122.531090474000152,12.49871246500077],[122.531082305000098,12.498720456000809],[122.531068674000124,12.498717808000768],[122.531057768000196,12.498715157000815],[122.53104958300014,12.498707182000777],[122.531041395000173,12.498696545000785],[122.531030484000169,12.498688572000747],[122.531000485000163,12.49867263400076],[122.530989579000249,12.498669983000807],[122.530973225000139,12.498669999000809],[122.53096231900021,12.498667349000767],[122.530943239000138,12.498667367000769],[122.530937788000131,12.498667372000769],[122.530924164000254,12.498672708000766],[122.530915990000111,12.49867537700081],[122.530905095000179,12.49868337000076],[122.530896923000213,12.498688701000757],[122.530888759000163,12.498702014000793],[122.530883321000161,12.49871532500074],[122.530877880000148,12.498725975000822],[122.53086971400019,12.498736627000726],[122.530864273000091,12.498747277000808],[122.530864284000089,12.4987579220008],[122.530864297000178,12.498771227000836],[122.530872496000143,12.49879250900082],[122.530872512000144,12.498808475000809],[122.530872523000156,12.498819120000801],[122.530872542000239,12.498837748000744],[122.530872555000158,12.498851054000779],[122.530875294000197,12.498864357000814],[122.530880757000205,12.498874996000806],[122.530899858000197,12.49889626700079],[122.530905323000198,12.498909567000824],[122.530905334000195,12.498920212000728],[122.530902616000148,12.498928198000767],[122.530902632000249,12.498944165000845],[122.530902646000158,12.498957470000791],[122.530905390000115,12.498976096000733],[122.530905401000112,12.498986740000815],[122.53091086300013,12.498997379000807],[122.530919051000183,12.499008016000799],[122.530927239000235,12.499018653000791],[122.530935425000109,12.49902662800074],[122.530949061000172,12.499034599000778],[122.530959962000196,12.499031927000734],[122.530970859000121,12.499026594000737],[122.53098176500022,12.499029245000779],[122.531015769000192,12.499026112000786],[122.531018486000235,12.499018126000836],[122.531032115000116,12.499018113000746],[122.531043026000134,12.499026086000784],[122.531051214000186,12.499036723000776],[122.531059416000161,12.499060666000803],[122.531070332000084,12.499073961000748],[122.531081244000106,12.499081934000786],[122.531097598000215,12.499081918000785],[122.531116668000195,12.499071255000791],[122.531124837000249,12.499063264000752],[122.531133009000214,12.499057934000843],[122.531149358000235,12.499052596000846],[122.531162986000112,12.499052583000756],[122.53117116900026,12.499057897000752],[122.531163016000122,12.49908185500078],[122.531157578000105,12.499095166000815],[122.531152137000191,12.499105816000808],[122.531141248000182,12.499119132000756],[122.531130356000162,12.499129787000838],[122.53112491800016,12.499143098000784],[122.531121652189427,12.499147890535953],[122.531108595000234,12.499175048000764],[122.531100432000088,12.499188361000799],[122.53109498600017,12.499193689000796],[122.531084093000246,12.499204344000789],[122.531070489000186,12.499228308000818],[122.531067771000139,12.499236294000768],[122.531067785000232,12.499249599000803],[122.531073244000154,12.499257578000753],[122.531086881000206,12.499265548000791],[122.531095061000173,12.499268201000833],[122.531105969000109,12.499273513000828],[122.53111959800016,12.499273500000827],[122.531133224000229,12.499270826000783],[122.531146848000105,12.499265490000786],[122.531160468000166,12.499257494000835],[122.531171369000191,12.499254822000792],[122.531182272000109,12.499254812000791],[122.531197527317033,12.499251604991111],[122.531204072000136,12.499249468000793],[122.531220424000153,12.499246791000838],[122.531231322000167,12.49924145900084],[122.531244948000236,12.499238784000797],[122.531258579000209,12.499241432000838],[122.531266764000179,12.499249408000788],[122.531269504000221,12.499262711000734],[122.531277686000195,12.499268026000818],[122.531291318000157,12.499270674000771],[122.531299498000124,12.499273327000724],[122.531310403000148,12.499275978000766],[122.531334946000129,12.499286599000845],[122.531340403000144,12.499291916000841],[122.531348591000196,12.499302552000833],[122.531354050000203,12.499310530000782],[122.531343158000098,12.499321186000776],[122.531334989000129,12.499329177000815],[122.531324091000215,12.499334510000812],[122.531310465000146,12.499337184000767],[122.531299562000129,12.499337194000857],[122.531288670000208,12.499347849000761],[122.531285958000069,12.499361158000797],[122.531280517000155,12.49937180800079],[122.531275076000156,12.499382457000783],[122.531277816000198,12.499395760000729],[122.531286004000165,12.49940639700081],[122.531296912000087,12.499411709000805],[122.53131054300016,12.499414357000758],[122.531318723000126,12.4994170100008],[122.531342379217634,12.499447150034646],[122.531346016000157,12.499451579000818],[122.531354204000209,12.499462215000809],[122.531359669000139,12.499475516000844],[122.531359680000136,12.499486160000837],[122.531362416000178,12.499496802000829],[122.531370604000145,12.499507439000821],[122.531381515000163,12.49951541200077],[122.531392426000096,12.499523385000808],[122.531397886000093,12.499531363000846],[122.531400625000146,12.499544666000793],[122.531400639000154,12.499557972000828],[122.531400652000244,12.499571278000774],[122.531400668000146,12.499587244000763],[122.531400682000154,12.499600550000798],[122.531400692000148,12.49961119500079],[122.531406152000159,12.49961917300074],[122.53141706000018,12.499624485000735],[122.531427963000183,12.499624474000735],[122.531438861000197,12.499619141000737],[122.531449767000126,12.499621792000779],[122.531455226000134,12.499629770000817],[122.531457965000186,12.499643073000852],[122.531457984000184,12.499661701000795],[122.531463449000199,12.49967500100083],[122.531474368000204,12.499690958000729],[122.531482559000182,12.499704256000763],[122.531485296000142,12.499714897000755],[122.531481222129742,12.49972953736461],[122.531479866000126,12.49973619200083],[122.531477148000079,12.49974417800078],[122.531471705000172,12.499752167000819],[122.531460807000158,12.499757499000816],[122.531449915000138,12.49976815400081],[122.531444469000135,12.499773482000718],[122.531439028000122,12.4997841320008],[122.53143086100016,12.499794784000793],[122.531422692000191,12.499802775000743],[122.531409069000134,12.49980811100083],[122.531398177000128,12.499818766000734],[122.531400910000258,12.499826747000773],[122.53141182200018,12.499834720000722],[122.531414555816298,12.499837383676224],[122.531428189000124,12.499848010000756],[122.531441826000176,12.499855980000794],[122.531450004000149,12.499855972000793],[122.531458170000207,12.4998453190008],[122.531460882000161,12.499832011000764],[122.531463597000212,12.499821364000772],[122.531471764000258,12.499810712000778],[122.531482661000183,12.499805379000781],[122.5314935560002,12.499797385000742],[122.531511268761236,12.499792045398559],[122.531518080000183,12.49978937800079],[122.531528980000203,12.499786706000835],[122.531539886000118,12.499789357000788],[122.531545348000137,12.49979999600078],[122.53154808700009,12.499813299000815],[122.531545372000224,12.499823946000808],[122.531545389000129,12.499839913000796],[122.531550870000146,12.49986918000082],[122.531548157000188,12.499882489000766],[122.531542714000096,12.499890477000806],[122.531526368000158,12.499898476000757],[122.531520921000151,12.499903804000754],[122.531515481000142,12.499914454000836],[122.531515494000146,12.499927760000782],[122.531518233000114,12.499941063000817],[122.531523696000122,12.499951702000809],[122.531531884000174,12.499962339000801],[122.531542789000099,12.499964989000754],[122.531553695000198,12.499967640000795],[122.531564601000127,12.499970290000748],[122.531608237000185,12.499994199000772],[122.531619140000203,12.499994188000771],[122.531627312000168,12.499988858000775],[122.531630027000119,12.499978211000782],[122.531627288000166,12.499964908000747],[122.531627277000155,12.499954263000843],[122.531627266000157,12.499943619000762],[122.531632709000164,12.499935630000811],[122.531646338000229,12.49993561700081],[122.531659970000206,12.499938265000763],[122.531670875000131,12.499940915000805],[122.531681786000135,12.499948888000842],[122.531692697000153,12.499956861000792],[122.531700885000205,12.499967498000784],[122.531709076000183,12.499980795000818],[122.531719990000198,12.499991430000721],[122.531730904000113,12.500002064000801],[122.531747277000136,12.500020676000831],[122.531758188000154,12.500028649000781],[122.531769099000172,12.500036622000819],[122.531780010000091,12.500044594000768],[122.531790921000109,12.500052567000806],[122.531799107000168,12.500060543000844],[122.531812744000135,12.500068513000793],[122.531826383000208,12.500079144000784],[122.531842746000137,12.500087112000822],[122.531853654000145,12.500092424000817],[122.531864562000081,12.500097736000813],[122.53187546800018,12.500100386000765],[122.53188638200011,12.500111020000846],[122.531897296000125,12.500121654000749],[122.531912305630811,12.500130959337161],[122.53191911500015,12.500134939000782],[122.531927298000113,12.500140253000778],[122.531940932000182,12.500145562000773],[122.531951843000186,12.500153535000811],[122.531957305000205,12.500164175000803],[122.531957316000202,12.500174819000796],[122.531978562000177,12.500189491000766],[122.531990199000077,12.500178107000801],[122.532005742000123,12.500189465000764],[122.532021281000169,12.500197031000768],[122.532036819000112,12.500204597000772],[122.532052362000158,12.500215954000824],[122.532067900000115,12.500223521000828],[122.532087326000124,12.500234874000791],[122.532102853000168,12.500231068000831],[122.532114490000154,12.500219685000777],[122.532130009000184,12.500208298000812],[122.532145532000143,12.500200702000805],[122.532161056000177,12.500193105000799],[122.532176579000136,12.500185509000792],[122.532195993000144,12.50018549000079],[122.532215414000149,12.500193053000794],[122.532234839000068,12.500204406000757],[122.532254257000162,12.500208178000802],[122.532269788000121,12.500208163000801],[122.532285311000066,12.500200566000794],[122.532300834000111,12.500192970000787],[122.532320248000119,12.500192951000786],[122.532331916000203,12.500211893000754],[122.532328048000139,12.500227060000766],[122.53232030200013,12.500246021000825],[122.532316442000166,12.500268769000753],[122.532316454000068,12.500280141000806],[122.532324254000187,12.500314249000786],[122.532332035000209,12.500329405000796],[122.532347577000252,12.500340762000759],[122.532359237000151,12.500352122000811],[122.532374776000196,12.500359689000815],[122.532394186000104,12.500355879000766],[122.532409709000149,12.50034828300076],[122.532429126000068,12.500352055000805],[122.532440786000151,12.500363415000768],[122.532440805000149,12.500382369000738],[122.532444704000198,12.500397528000837],[122.532452484000132,12.500412683000759],[122.532444738000208,12.500431644000818],[122.532429219000164,12.500443031000783],[122.532413688000119,12.500443046000784],[122.532398157000173,12.500443061000786],[122.532382630000129,12.500446867000745],[122.532374876000205,12.500458246000798],[122.532374895000203,12.500477200000768],[122.532378793000078,12.500492359000779],[122.5323865740001,12.500507514000789],[122.532402116000142,12.500518871000752],[122.532417655000103,12.500526437000845],[122.532437073000196,12.500530209000802],[122.532452604000142,12.500530194000801],[122.532475900000122,12.500530172000799],[122.532491427000167,12.50052636600075],[122.532506954000112,12.500522560000791],[122.532518587000098,12.500507386000779],[122.532518564000185,12.500484642000762],[122.532526318000123,12.500473262000797],[122.532537955000194,12.500461879000833],[122.532537931000192,12.500439135000727],[122.532545682000205,12.500423965000804],[122.532557314000201,12.500408791000792],[122.532568951000087,12.500397407000738],[122.532584482000132,12.500397392000737],[122.532603895000136,12.500397374000825],[122.532619442000183,12.500412521000746],[122.532619457000095,12.500427684000757],[122.532611707000257,12.500442854000768],[122.532596184000212,12.500450451000775],[122.532580665000168,12.50046183800074],[122.532572915000159,12.500477008000841],[122.532569047000095,12.500492174000764],[122.532572945000155,12.500507333000774],[122.532592386000161,12.500533849000748],[122.532600171000098,12.500552795000806],[122.532615717000226,12.500567943000727],[122.532635138000146,12.500575505000731],[122.532650673000106,12.500579281000777],[122.532670087000113,12.500579262000775],[122.532705012000164,12.500560275000803],[122.532739941000116,12.500545078000789],[122.532759351000209,12.500541269000829],[122.532778765000216,12.500541250000738],[122.532794295000173,12.500541235000826],[122.532837021000162,12.500556356000834],[122.532852559000105,12.500563922000749],[122.53286033300013,12.500571496000843],[122.532860348000227,12.500586659000765],[122.532833173000199,12.500590476000815],[122.532821525000116,12.500590487000816],[122.532804073173651,12.500609455817999],[122.53279825500023,12.500617045000793],[122.532786619000163,12.500628428000757],[122.532774982000177,12.500639811000811],[122.532759463000133,12.500651199000776],[122.532736174000163,12.500658803000784],[122.532720647000119,12.500662608000743],[122.532693477011378,12.500674007718802],[122.532685718000167,12.500677805000846],[122.53266631200016,12.500685405000764],[122.532654675000259,12.500696788000729],[122.532639159000126,12.500711966000742],[122.532627527000145,12.500727140000754],[122.532619780000218,12.500746101000813],[122.532612030000195,12.500761271000824],[122.532612050000111,12.500780225000794],[122.532615952000072,12.500799175000763],[122.532615967000169,12.500814337000774],[122.532612103000105,12.500833295000833],[122.532612123000106,12.500852248000802],[122.532608263000142,12.500874996000819],[122.532619926000137,12.500890147000829],[122.532635457000183,12.500890132000828],[122.532658746000152,12.500882528000732],[122.532670387000138,12.500874936000814],[122.5326800737772,12.50086924885113],[122.532701429000213,12.500855952000753],[122.532736355000182,12.500836965000781],[122.532748015000166,12.500848325000744],[122.532748038000165,12.50087107000085],[122.532748057000163,12.500890023000819],[122.532740318000151,12.500916565000795],[122.532736443000189,12.500924151000801],[122.532724814000204,12.500943115000771],[122.532713181000219,12.500958289000783],[122.532705431000196,12.500973460000795],[122.532701560000135,12.500984836000759],[122.532692716000113,12.501005806000718],[122.532696836000099,12.501014819000753],[122.532710814000197,12.501026021000792],[122.532719683532861,12.501035414493975],[122.532724342000165,12.501039149000812],[122.532730882000081,12.501046675000813],[122.532737423000171,12.501054200000814],[122.532769320000156,12.501077481000786],[122.53277675700015,12.501081158000735],[122.532786615000163,12.501083348000828],[122.532799341000242,12.501082126000727],[122.532807675000214,12.501081953000801],[122.532817981000179,12.501082218000734],[122.53282389500022,12.501083532000754],[122.532837695000126,12.501086598000741],[122.53284316100013,12.501089836000832],[122.532854990000132,12.501092464000783],[122.532862427000126,12.50109614000082],[122.53288231900008,12.50110865700079],[122.53289083000017,12.501116621000827],[122.532895399000097,12.501123709000792],[122.532901490000157,12.501133159000775],[122.532904536000146,12.50113788500081],[122.53290820800018,12.501148822000827],[122.53290990800015,12.501159321000808],[122.532909771954309,12.501164353697911],[122.532910710096317,12.501173668889374],[122.532911785000124,12.501177958000751],[122.532911962000142,12.501186094000802],[122.53291321400016,12.501198519000765],[122.532913839000202,12.501204731000746],[122.53291751100015,12.501215668000762],[122.532920639000153,12.501246728000845],[122.532924759000139,12.501255741000792],[122.532926683394379,12.501261473306],[122.532926826439336,12.501181823994321],[122.532927151239434,12.501000968893292],[122.532927476034558,12.500820113789866],[122.532927800824524,12.500639258683952],[122.533111865084535,12.500639577745885],[122.533112189741459,12.500458722632777],[122.533112514393409,12.500277867517271],[122.533296578402513,12.500278186443934],[122.533480642416677,12.500278505244831],[122.533480966807588,12.500097650117423],[122.533665030698828,12.500097968787847],[122.533665354956696,12.499917113653156],[122.533849418725097,12.499917432193106],[122.533849742849824,12.499736577051221],[122.533665679209406,12.499736258516068],[122.533666003457057,12.499555403376581],[122.533666327699649,12.499374548234607],[122.53348226432027,12.499374229583191],[122.533482588685686,12.499193374443616],[122.533298525439349,12.499193055671229],[122.533298849927704,12.499012200533874],[122.53329917441107,12.49883134539421],[122.533115111425687,12.498831026505561],[122.533115436031892,12.498650171368206],[122.533115760633038,12.498469316228364],[122.53311608522904,12.498288461086036],[122.533300147830559,12.498288779960385],[122.53330047229359,12.498107924810951],[122.533300796751561,12.497927069659029],[122.533301121204474,12.49774621450471],[122.533301445652228,12.497565359347993],[122.533117383562569,12.497565040492651],[122.533117708133247,12.497384185338243],[122.533118032698866,12.497203330181437],[122.532933970870062,12.497203011209921],[122.532749909046416,12.497202692112728],[122.532749584224916,12.49738354726003],[122.532565522278347,12.497383228032364],[122.532381460336921,12.497382908678931],[122.532381785414302,12.497202053541132],[122.532197723605933,12.497201734066818],[122.532013661802537,12.497201414466739],[122.532013987130739,12.497020559336045],[122.532014312453896,12.496839704202953],[122.53183025091144,12.4968393844867],[122.531830576357422,12.496658529355917],[122.531830901798344,12.496477674222648],[122.531831227234107,12.496296819087069],[122.532015288392685,12.496297138788934],[122.532015613695407,12.496116283646073],[122.532015938993155,12.495935428500813],[122.532199999900911,12.495935748067497],[122.532200325065602,12.495754892915043],[122.53220065022515,12.495574037760102],[122.532016589573189,12.495573718202921],[122.532016914855646,12.495392863050379],[122.532017240133058,12.495212007895349],[122.531833179741952,12.495211688222083],[122.531833505142188,12.495030833069452],[122.531833830537281,12.494849977914333],[122.531834155927299,12.494669122756816],[122.53165009592513,12.494668802972084],[122.531650421437902,12.494487947816877],[122.531466361568775,12.494487627911353],[122.531466687204386,12.494306772758543],[122.531467012834938,12.494125917603247],[122.531467338460416,12.493945062445553],[122.531467664080836,12.493764207285372],[122.531651723438372,12.493764527171889],[122.531652048925736,12.493583672004513],[122.53165237440804,12.49340281683474],[122.5316526998852,12.493221961662568],[122.531653025357386,12.49304110648791],[122.531653350824413,12.492860251310853],[122.531653676286297,12.492679396131399],[122.531469617696146,12.49267907627357],[122.531285559111154,12.492678756290063],[122.53128588482376,12.492497901117625],[122.531101826371724,12.492497581013238],[122.531102152207183,12.492316725843287],[122.530918093888104,12.492316405617929],[122.530734035574085,12.492316085267072],[122.53073436166018,12.492135230104138],[122.530550303479217,12.492134909632311],[122.530366245303313,12.492134589034896],[122.530182187132567,12.492134268311714],[122.529998128966881,12.492133947462944],[122.529886714892911,12.492133753170629],[122.529814070806253,12.492133626488409],[122.529814397526692,12.491952771347057],[122.529630339499107,12.491952450251729],[122.529630666342371,12.491771595112686],[122.529446608447756,12.491771273896477],[122.529446935413773,12.491590418759833],[122.529447262374632,12.49140956362079],[122.529263204740957,12.491409242288496],[122.529079147112355,12.491408920830613],[122.528895089488898,12.491408599247054],[122.52889541682822,12.491227744119913],[122.528895744162554,12.491046888990374],[122.528711686799952,12.491046567290729],[122.528712014256953,12.490865712163588],[122.528712341708882,12.49068485703396],[122.528712669155667,12.490504001901934],[122.528712996597292,12.49032314676751],[122.528897053448475,12.490323468447881],[122.529081110304716,12.490323790002664],[122.529265167166031,12.49032411143177],[122.52944922403249,12.490324432735287],[122.529633280904093,12.490324753913038],[122.529633607701271,12.490143898752235],[122.529817664450135,12.490144219799602],[122.529886714892911,12.490144340196094],[122.530001721204059,12.49014454072138],[122.53018577796314,12.49014486151748],[122.530186104371637,12.489964006339802],[122.53037016100788,12.489964327005429],[122.530370487283506,12.489783471820557],[122.53055454379701,12.4897837923558],[122.530738600315658,12.489784112765454],[122.530738274295814,12.489964967959919],[122.530922330947433,12.489965288248692],[122.531106387604098,12.489965608411788],[122.531106713368231,12.489784753207731],[122.531290769902157,12.489785073240443],[122.531474826441141,12.489785393147566],[122.531475151944406,12.489604537931518],[122.531291095533234,12.489604218029191],[122.531107039127207,12.489603898001276],[122.531107364881109,12.489423042792334],[122.530923308607953,12.489422722643626],[122.530923634484708,12.489241867437082],[122.531107690629966,12.489242187581082],[122.531108016373665,12.489061332367255],[122.531292072396084,12.489061652380871],[122.531476128423748,12.489061972268809],[122.531476453906677,12.48888111704308],[122.531660509811502,12.488881436800634],[122.5318445657214,12.488881756432599],[122.532028621636357,12.488882075938887],[122.532212677556458,12.488882395319587],[122.532396733481619,12.48888271457461],[122.532580789411853,12.488883033704044],[122.532764845347145,12.4888833527078],[122.532948901287597,12.488883671585969],[122.532949225742627,12.48870281631965],[122.532765169930087,12.488702497446278],[122.532581114122607,12.488702178447229],[122.532397058320186,12.488701859322591],[122.532213002522909,12.488701540072276],[122.53202894673062,12.488701220696372],[122.531844890943475,12.48870090119488],[122.531845216160562,12.488520045954674],[122.531845541372519,12.48833919071207],[122.531661485846143,12.488338871094493],[122.531661811180825,12.488158015854287],[122.531477755787421,12.488157696115829],[122.531293700399061,12.488157376251694],[122.531293374808669,12.488338231482397],[122.53110931929757,12.488337911487877],[122.530925263791616,12.488337591367769],[122.530924937940455,12.488518446586481],[122.530924612084135,12.488699301802795],[122.530740556327544,12.488698981547506],[122.530556500576012,12.488698661166628],[122.530556174458923,12.488879516370863],[122.530555848336775,12.4890603715727],[122.530371792334691,12.489060051056642],[122.530371466079487,12.489240906251196],[122.530371139819309,12.48942176144344],[122.530187083566588,12.489421440792112],[122.530003027319012,12.489421120015107],[122.53000270079788,12.489601975195361],[122.529886714892911,12.489601772970724],[122.529818644427564,12.489601654287972],[122.529634588062308,12.489601333254905],[122.529450531702196,12.489601012096339],[122.529266475347143,12.489600690812006],[122.529082418997248,12.489600369402085],[122.528898362652512,12.489600047866487],[122.528714306312835,12.4895997262053],[122.528530249978218,12.489599404418525],[122.528530577522162,12.48941854927673],[122.528346521320586,12.489418227369073],[122.528346848987283,12.489237372229587],[122.528162792918678,12.489237050201139],[122.52816312070803,12.48905619506405],[122.528347176648822,12.489056517087791],[122.528347504305216,12.488875661943419],[122.528347831956452,12.488694806796738],[122.528348159602629,12.488513951647571],[122.528164104045445,12.488513629638307],[122.52798004849339,12.488513307503455],[122.527979720591517,12.48869416264303],[122.527795664916724,12.488693840377705],[122.527795336881965,12.488874695509997],[122.527795008841977,12.489055550639803],[122.527610952916632,12.489055228239296],[122.527426896996346,12.489054905713113],[122.527427225292044,12.488874050592811],[122.527243169504814,12.488873727945835],[122.527243497923266,12.48869287282802],[122.527243826336473,12.488512017707718],[122.527427881867993,12.488512340345101],[122.527428210148244,12.488331485217605],[122.527612265557025,12.488331807724515],[122.527612593704404,12.488150952589736],[122.527796648990432,12.488151274966262],[122.527980704281703,12.48815159721711],[122.528164759578047,12.48815191934237],[122.528348814879536,12.488152241342041],[122.528348487243662,12.488333096496005],[122.528532542678107,12.488333418374795],[122.528532870186169,12.488152563216035],[122.52871692549796,12.488152884964441],[122.528717252873065,12.487972029798309],[122.528717580243026,12.487791174629868],[122.528901635304166,12.487791496243004],[122.529085690370465,12.487791817730551],[122.529086017479656,12.487610962550031],[122.529270072423202,12.487611283907194],[122.529270399399437,12.487430428719479],[122.529270726370598,12.487249573529278],[122.529454781063592,12.487249894751171],[122.529638835761745,12.487250215847476],[122.529639162472137,12.487069360645284],[122.529823217047536,12.487069681611205],[122.529886714892911,12.487069792299375],[122.530007271627994,12.487070002451537],[122.530007598077617,12.486889147237354],[122.530191652535436,12.486889467947213],[122.530375706998299,12.486889788531483],[122.530559761466321,12.486890108990165],[122.530743815939402,12.486890429323259],[122.530927870417642,12.486890749530764],[122.531111924900941,12.486891069612591],[122.531112250578389,12.486710214367234],[122.531296304939019,12.486710534318677],[122.531480359304638,12.48671085414462],[122.531480684721402,12.486529998887272],[122.531664738964352,12.486530318582743],[122.531848793212376,12.486530638152624],[122.532032847465459,12.486530957596917],[122.532216901723601,12.486531276915622],[122.532400955986901,12.48653159610865],[122.532401280759473,12.486350740825012],[122.532585334899935,12.486351059887744],[122.53258565953962,12.486170204596911],[122.532585984174162,12.485989349303681],[122.532770038064072,12.485989668231232],[122.532770362565742,12.485808812930808],[122.532586308803644,12.485808494008053],[122.532586633427968,12.485627638709937],[122.532402579798742,12.485627319666301],[122.53240225504652,12.485808174959621],[122.53221820129464,12.4858078557856],[122.532034147547634,12.485807536485991],[122.531850093805872,12.485807217060794],[122.531666040069098,12.485806897510008],[122.531666365332555,12.485626042235785],[122.531482311728823,12.485625722564118],[122.531482637114934,12.485444867292204],[122.531298583644073,12.485444547499833],[122.531298909153023,12.485263692230228],[122.531114855814948,12.485263372316977],[122.531115181446637,12.48508251704977],[122.530931128241519,12.485082197015727],[122.530931453995876,12.484901341750829],[122.53074740092363,12.484901021595993],[122.530747726800726,12.484720166333494],[122.530563673861352,12.484719846057777],[122.530379620927221,12.48471952565656],[122.5303792947945,12.484900380909467],[122.530195241737616,12.484900060377866],[122.530011188685791,12.484899739720676],[122.529886714892911,12.484899522777502],[122.529827135639124,12.484899418937898],[122.529826809117907,12.485080274174019],[122.529642755948487,12.485079953260856],[122.529642429294412,12.485260808489782],[122.529642102635179,12.485441663716221],[122.529641775970788,12.485622518940263],[122.529825829523631,12.485622839867814],[122.529825502981993,12.485803695094253],[122.529825176435295,12.485984550318294],[122.529641122626842,12.485984229381151],[122.529640795947088,12.486165084597909],[122.529456742015967,12.486164763530381],[122.529272688089918,12.486164442337264],[122.529088634168914,12.48616412101847],[122.528904580253084,12.486163799574177],[122.528904907444058,12.485982944376603],[122.528720853661184,12.485982622811429],[122.528721180974827,12.485801767616254],[122.528721508283411,12.485620912418591],[122.528721835586751,12.485440057218531],[122.528722162885018,12.485259202015984],[122.528538109618523,12.485258880344494],[122.528538437039558,12.485078025144434],[122.528354383905935,12.485077703352063],[122.528170330777542,12.485077381434193],[122.528170658448943,12.484896526241327],[122.527986605453435,12.484896204202576],[122.52798693324759,12.484715349012019],[122.527802880385039,12.484715026852653],[122.527618827527547,12.48471470456761],[122.527619155572154,12.484533849384247],[122.527619483611716,12.484352994198487],[122.527619811646019,12.484172139010239],[122.527620139675264,12.483991283819593],[122.52780419202152,12.483991606085363],[122.527988244372921,12.483991928225544],[122.52798857214141,12.483811073022908],[122.528172624370157,12.483811395032705],[122.528356676603963,12.483811716916913],[122.528540728843012,12.483812038675532],[122.528724781087035,12.483812360308653],[122.528725108339302,12.483631505084256],[122.528909160460671,12.483631826586992],[122.528908833336303,12.483812681816184],[122.529092885590629,12.483813003198039],[122.529276937850014,12.483813324454394],[122.529460990114558,12.48381364558516],[122.529645042384246,12.483813966590427],[122.529644715765954,12.483994821836317],[122.529828768168514,12.483995142720703],[122.529829094659092,12.483814287470016],[122.529829421144498,12.483633432216843],[122.529645368997564,12.48363311134205],[122.529645695605637,12.483452256091274],[122.52946164359156,12.483451935095689],[122.529461970322373,12.483271079847222],[122.529277918441181,12.483270758730844],[122.529278245294648,12.483089903484865],[122.529094193546413,12.483089582247695],[122.529094520522548,12.482908727004025],[122.528910468907171,12.482908405646063],[122.528726417296866,12.482908084162601],[122.528726744523553,12.482727228926125],[122.528542693046205,12.482726907321871],[122.528358641573931,12.482726585592028],[122.528358969050998,12.482545730362657],[122.528174917711667,12.482545408512111],[122.528175245311388,12.482364553285228],[122.527991194104942,12.482364231313889],[122.527991521827317,12.482183376089315],[122.527807470753743,12.482183053997273],[122.527807798598786,12.482002198775097],[122.527623747658154,12.482001876562263],[122.527439696722695,12.482001554223929],[122.527439368622126,12.482182409436424],[122.527255317563998,12.482182086967706],[122.527071266511015,12.482181764373399],[122.526887215463191,12.482181441653504],[122.526703164420425,12.482181118808109],[122.526519113382903,12.482180795837126],[122.526518784638327,12.482361651023153],[122.526334733478137,12.482361327921785],[122.526335062350455,12.482180472740554],[122.526151011323236,12.482180149518483],[122.525966960301076,12.482179826170823],[122.525782909284075,12.482179502697663],[122.525598858272218,12.482179179098827],[122.525599187650613,12.48199832393456],[122.525415136771713,12.481998000215109],[122.525415466272591,12.48181714505324],[122.525231415526648,12.481816821212997],[122.52523174515018,12.481635966053526],[122.525047694537207,12.481635642092579],[122.525048024283308,12.481454786935506],[122.524863973803207,12.481454462853856],[122.524864303671961,12.48127360769927],[122.524864633535657,12.481092752542198],[122.524680583316226,12.481092428344729],[122.524680913302404,12.480911573190054],[122.524681243283425,12.480730718032982],[122.524681573259286,12.480549862873422],[122.524681903230004,12.480369007711554],[122.524682233195577,12.480188152547109],[122.524682563155991,12.480007297380356],[122.524682893111162,12.479826442211115],[122.524683223061274,12.479645587039476],[122.524499173869117,12.479645262755232],[122.524498843791292,12.479826117921986],[122.524498513708309,12.48000697308643],[122.524314464265771,12.480006648666917],[122.524130414828392,12.480006324121815],[122.524130745166914,12.479825468967141],[122.524131075500179,12.479644613810068],[122.523947026323484,12.479644289149148],[122.523947356779416,12.479463433994473],[122.523947687230105,12.479282578837401],[122.52376363831408,12.479282254060662],[122.523763307735578,12.479463109212938],[122.523579258696998,12.479462784305815],[122.523578927985625,12.479643639450808],[122.523394878824476,12.479643314413389],[122.523210829668471,12.479642989250381],[122.523026780517611,12.479642663961874],[122.522842731371995,12.479642338547778],[122.522658682231537,12.479642013008183],[122.522659013581688,12.479461157887526],[122.522843062594433,12.479461483422236],[122.522843393811613,12.479280628294296],[122.523027442701704,12.479280953698622],[122.523027773786012,12.479100098563398],[122.523028104865006,12.478919243425688],[122.523028435938926,12.47873838828558],[122.523212484450994,12.478738713549751],[122.523212815391958,12.478557858402359],[122.523396863781556,12.478558183536235],[122.523397194589649,12.47837732838156],[122.523397525392497,12.478196473224399],[122.523397856190201,12.478015618064928],[122.523213808183854,12.478015292945619],[122.523029760182752,12.47801496770081],[122.522845712186708,12.478014642330502],[122.522845381005851,12.478195497475495],[122.522661332887324,12.478195171974802],[122.522661001573496,12.478376027112423],[122.522660670254524,12.478556882247736],[122.52247662188563,12.478556556611773],[122.522476290433787,12.478737411739713],[122.522292241942409,12.478737085973366],[122.522108193456177,12.478736760081519],[122.522108525163631,12.478555904963349],[122.522108856865856,12.478375049842692],[122.522292905096563,12.478375375724857],[122.522293236665817,12.478194520596917],[122.522477284773956,12.478194846348609],[122.522477616210338,12.478013991213386],[122.522661664195908,12.478014316834694],[122.522661995499419,12.477833461692187],[122.522846043362421,12.47783378718311],[122.523030091230737,12.477834112548534],[122.523030422273493,12.477653257393859],[122.523214470019241,12.477653582628987],[122.523398517770062,12.477653907738526],[122.523582565526212,12.477654232722566],[122.523766613287421,12.477654557581106],[122.52376628275546,12.477835412755232],[122.523950330649626,12.477835737493068],[122.52395066105386,12.477654882314146],[122.523950991452779,12.477474027132738],[122.523951321846624,12.477293171948842],[122.523951652235311,12.477112316762637],[122.523951982618769,12.476931461573946],[122.524136029879486,12.476931786162035],[122.524136360130072,12.47675093096615],[122.52432040726822,12.476751255423855],[122.524320737385935,12.476570400220597],[122.524504784401515,12.476570724548006],[122.524688831422253,12.476571048749916],[122.524689161279369,12.476390193534579],[122.52468949113134,12.476209338316755],[122.524689820978153,12.476028483096622],[122.524690150819737,12.475847627874002],[122.524690480656247,12.475666772648895],[122.524690810487513,12.475485917421389],[122.524691140313635,12.475305062191486],[122.524691470134613,12.475124206959096],[122.52450742413555,12.475123882796],[122.524507754078996,12.474943027566097],[122.524691799950432,12.474943351724397],[122.524692129761092,12.474762496487122],[122.524876175509959,12.474762820515126],[122.524876505187763,12.474581965270657],[122.524876834860407,12.474401110023701],[122.524877164527808,12.474220254774435],[122.52487749419015,12.474039399522683],[122.524877823847248,12.473858544268444],[122.524878153499287,12.473677689011895],[122.524694108516485,12.473677365012934],[122.524693778736804,12.473858220264775],[122.524693448951993,12.474039075514041],[122.524693119162009,12.474219930760997],[122.524509073801369,12.474219606622059],[122.524325028445887,12.47421928235771],[122.524325358491296,12.474038427120435],[122.524141313268686,12.474038102735472],[122.524140983095549,12.474218957967773],[122.523956937750455,12.474218633452514],[122.52395726805122,12.474037778225009],[122.523773222838898,12.474037453589046],[122.52358917763182,12.474037128827584],[122.5234051324299,12.474036803940711],[122.523404801746068,12.47421765915365],[122.523404471057077,12.474398514364102],[122.523404140362942,12.474579369572245],[122.523403809663563,12.474760224777901],[122.523587855376277,12.474760549684225],[122.523588185947929,12.474579694473684],[122.523772231538075,12.474580019249712],[122.523956277133465,12.474580343900241],[122.523955946817253,12.474761199120463],[122.523955616495783,12.474942054338287],[122.523955286169183,12.475122909553624],[122.523771240190726,12.475122584888618],[122.523770909731326,12.475303440096672],[122.523770579266611,12.475484295302328],[122.523954625500508,12.475484619977104],[122.523954295158347,12.475665475185247],[122.523953964811042,12.475846330390903],[122.523953634458593,12.476027185594161],[122.523769587841713,12.476026860904819],[122.523769257356378,12.476207716100793],[122.523768926865813,12.476388571294281],[122.523584879998637,12.476388246469758],[122.523584549375201,12.476569101656052],[122.523400502385471,12.476568776701145],[122.523400171629149,12.476749631880066],[122.523216124516935,12.476749306794863],[122.523215793627756,12.476930161966502],[122.523031746392974,12.476929836750914],[122.523031415370824,12.47711069191527],[122.522847368013473,12.477110366569297],[122.52284703685855,12.47729122172637],[122.522662989378617,12.477290896250013],[122.522478941903941,12.477290570648156],[122.522478610488335,12.477471425793061],[122.522294562891076,12.47747110006082],[122.522294231342514,12.47765195519853],[122.522110183622701,12.477651629335904],[122.522109851941252,12.477832484466242],[122.521925804099041,12.477832158473232],[122.52192547228465,12.478013013596287],[122.521741424319785,12.478012687472892],[122.521741092372508,12.478193542588665],[122.521557044285075,12.478193216334885],[122.521556712204926,12.478374071443286],[122.52137266399501,12.478373745059121],[122.521372331781819,12.478554600160239],[122.521188283449433,12.47855427364569],[122.521004235122092,12.478553947005553],[122.521003902648317,12.478734802094502],[122.520819854198493,12.478734475324069],[122.520819521591761,12.478915330405647],[122.520635473019468,12.47891500350474],[122.520635140279765,12.479095858579123],[122.520451091584903,12.479095531547744],[122.520450758712229,12.479276386614755],[122.520450425834326,12.479457241679368],[122.520266376889182,12.479456914512719],[122.520266043878323,12.479637769570049],[122.520265710862304,12.479818624624892],[122.520449760062988,12.479818951801223],[122.520633809268816,12.479819278852142],[122.520633476502994,12.480000133914269],[122.520817525841792,12.480000460844485],[122.521001575185821,12.480000787649201],[122.521185624535008,12.48000111432833],[122.521369673889424,12.480001440881958],[122.521369341629438,12.480182295961226],[122.521553391116811,12.480182622394151],[122.521737440609357,12.480182948701577],[122.521737108599737,12.480363803788217],[122.521736776584959,12.48054465887237],[122.521552726836902,12.480544332555175],[122.521368677093989,12.480544006112479],[122.521368344818441,12.480724861184465],[122.52118429495296,12.480724534611385],[122.521183962544455,12.480905389676087],[122.520999912556505,12.480905062972534],[122.520815862573684,12.480904736143392],[122.52081552990451,12.481085591195926],[122.520631479799135,12.4810852642364],[122.52044742969899,12.481084937151286],[122.520263379604089,12.481084609940671],[122.520263046546333,12.481265464976063],[122.520262713483334,12.481446320009058],[122.52007866313815,12.481445992663085],[122.520078329942194,12.481626847688796],[122.52007799674108,12.48180770271202],[122.519893946145515,12.481807375230689],[122.519893612811359,12.48198823024663],[122.519709562093226,12.481987902634915],[122.519709228626098,12.482168757643484],[122.519525177785397,12.482168429901295],[122.519524844185312,12.482349284902581],[122.519340793222042,12.482348957029918],[122.519341126949939,12.482168102033606],[122.519157076119711,12.48216777404024],[122.519157409970177,12.481986919046415],[122.519157743815398,12.481806064050014],[122.519158077655376,12.481625209051304],[122.51915841149011,12.481444354050106],[122.5191587453197,12.481263499046511],[122.519159079144046,12.481082644040518],[122.518975029085652,12.481082315951051],[122.518790979032488,12.481081987736085],[122.518606928984497,12.48108165939553],[122.51842287894182,12.481081330929475],[122.518423213271987,12.480900475940624],[122.518239163362182,12.480900147353866],[122.518239497814918,12.480719292367501],[122.518055448038155,12.480718963660129],[122.518055782613374,12.480538108676251],[122.517871732969667,12.480537779848264],[122.517872067667454,12.480356924866873],[122.517872402359899,12.480176069883084],[122.517872737047114,12.479995214896809],[122.517688687791903,12.479994885958066],[122.517689022601672,12.479814030974277],[122.517689357406212,12.47963317598809],[122.517505308411771,12.479632846933617],[122.517505643338794,12.479451991949917],[122.517505978260573,12.47927113696373],[122.517321929526801,12.479270807793617],[122.517137880798288,12.479270478497915],[122.517137545620969,12.479451333474154],[122.516953496769972,12.479451004048068],[122.516769447924204,12.479450674496304],[122.516769112486216,12.479631529460375],[122.516585063517979,12.479631199778227],[122.516401014554972,12.479630869970579],[122.516216965597209,12.479630540037343],[122.51603291664469,12.479630209978607],[122.5158488676974,12.479629879794372],[122.515664818755454,12.479629549484548],[122.515664482545716,12.479810404416556],[122.51584853161539,12.479810734731354],[122.51584819552815,12.479991589665849],[122.515847859435667,12.480172444597857],[122.51584752333784,12.480353299527556],[122.515663473884828,12.480352969198014],[122.515663137653974,12.480533824120341],[122.515662801417946,12.480714679040181],[122.515478751714653,12.480714348575193],[122.515478415345584,12.48089520348775],[122.515294365519892,12.480894872892287],[122.515294029017696,12.481075727797384],[122.515109979069521,12.481075397071448],[122.515109642434354,12.481256251969262],[122.51492559236361,12.481255921112853],[122.514925255595401,12.481436776003205],[122.514924918821947,12.48161763089116],[122.51492458204325,12.481798485776716],[122.514740531594512,12.481798154779886],[122.514740194682673,12.481979009658071],[122.514556144111452,12.481978678530767],[122.514372093545461,12.481978347277876],[122.514372430712726,12.481797492409639],[122.514188380279791,12.481797161036221],[122.514188717569638,12.481616306170471],[122.514189054854143,12.481435451302323],[122.514005004681977,12.481435119813176],[122.51400466726966,12.481615974676439],[122.513820616975096,12.481615643056818],[122.513636566685776,12.481615311311698],[122.51363622901269,12.481796166162527],[122.513452178600801,12.481795834286844],[122.513268128194241,12.481795502285662],[122.513267790260286,12.481976357124145],[122.513083739731243,12.481976024992489],[122.513083401664247,12.4821568798236],[122.51308306359202,12.482337734652225],[122.512899012812682,12.482337402385033],[122.512898674607314,12.482518257206374],[122.512714623705591,12.48251792480862],[122.512530572809112,12.482517592285278],[122.512346521917877,12.482517259636436],[122.512346860506582,12.482336404830017],[122.512162809748489,12.48233607206056],[122.512163148459678,12.482155217256716],[122.511979097834711,12.482154884366734],[122.511979436668298,12.481974029565377],[122.511795386176388,12.48197369655478],[122.511611335689807,12.481973363418595],[122.51142728520837,12.481973030156821],[122.511243234732348,12.481972696769548],[122.511243574071841,12.481791841985777],[122.511059523728875,12.481791508477889],[122.510875473391238,12.481791174844501],[122.510875133796219,12.481972029618325],[122.510691083336198,12.481971695854375],[122.510507032881407,12.481971361964925],[122.510322982431944,12.481971027949799],[122.510138931987726,12.481970693809172],[122.509954881548921,12.481970359543046],[122.509770831115461,12.481970025151332],[122.509586780687314,12.481969690634029],[122.509586440192564,12.482150545370549],[122.509402389641949,12.482150210722684],[122.509402049014156,12.482331065451744],[122.509217998341057,12.482330730673317],[122.509217657580123,12.482511585395004],[122.509033606784627,12.482511250486015],[122.509033265890565,12.482692105200242],[122.508849214972585,12.48269177016069],[122.508665164059948,12.482691434995639],[122.508665505209635,12.482510580291448],[122.508481454430125,12.482510245005782],[122.508297403655945,12.482509909594617],[122.508113352887094,12.482509574057863],[122.507929302123671,12.482509238395521],[122.507745251365478,12.482508902607679],[122.507561200612798,12.482508566694159],[122.507377149865349,12.482508230655229],[122.507193099123242,12.482507894490622],[122.507192756951355,12.482688749154756],[122.50700870608685,12.482688412859586],[122.50682465522776,12.482688076438828],[122.506640604373914,12.482687739892571],[122.506456553525567,12.482687403220725],[122.506272502682478,12.482687066423379],[122.506272159866384,12.48286792105989],[122.506088108900897,12.482867584131894],[122.506087765951577,12.483048438760944],[122.505903714863706,12.483048101702297],[122.50571966378115,12.483047764518149],[122.505719320570975,12.483228619134676],[122.505535269366035,12.483228281819878],[122.505351218166425,12.48322794437958],[122.505167166972228,12.483227606813694],[122.505166823373301,12.483408461412724],[122.504982772056707,12.483408123716186],[122.504982428324638,12.483588978307667],[122.504798376885574,12.483588640480567],[122.504798033020279,12.483769495064587],[122.504613981458917,12.483769157106837],[122.504429929902869,12.483768819023497],[122.504245878352165,12.483768480814659],[122.504245534098118,12.483949335381093],[122.504245189838741,12.484130189945128],[122.504061138037827,12.484129851600576],[122.504060793645309,12.484310706157062],[122.50387674172201,12.484310367681859],[122.503692689804041,12.484310029081067],[122.503692345150483,12.48449088362503],[122.50387639719618,12.484491222230885],[122.503876052665021,12.484672076777512],[122.504060104843944,12.484672415262841],[122.504059760435169,12.484853269812044],[122.504059416020993,12.485034124358849],[122.504059071601475,12.485214978903256],[122.504058727176542,12.485395833445176],[122.50405838274628,12.485576687984699],[122.504058038310504,12.485757542521823],[122.50387398536482,12.485757204006207],[122.503873640795916,12.485938058535782],[122.503873296221599,12.486118913062958],[122.503872951641938,12.486299767587647],[122.503872607056863,12.486480622110028],[122.503872262466373,12.486661476629921],[122.503688208886985,12.486661137963315],[122.503687864163268,12.486841992475748],[122.503503810461382,12.48684165367858],[122.503503465604524,12.487022508183463],[122.503319411780168,12.487022169255644],[122.503135357961227,12.487021830202147],[122.5029513041477,12.487021491023063],[122.502950958902005,12.48720234551036],[122.503135012843344,12.487202684694418],[122.503134667719948,12.48738353918438],[122.503134322591222,12.487564393671855],[122.503133977457068,12.487745248156932],[122.503133632317514,12.48792610263961],[122.502949577864854,12.487925763435124],[122.502765523417523,12.487925424105137],[122.502581468975706,12.487925084649474],[122.502397414539217,12.487924745068222],[122.502213360108144,12.487924405361381],[122.502029305682484,12.487924065528864],[122.501845251262253,12.487923725570758],[122.501661196847422,12.487923385487063],[122.501477142437935,12.487923045277691],[122.501476796142498,12.488103899712231],[122.501660850679713,12.488104239926665],[122.501844905222427,12.488104580015511],[122.501844559177187,12.488285434457778],[122.502028613853142,12.488285774426009],[122.502028267930285,12.48846662887094],[122.502212322739467,12.488466968718646],[122.502211976939094,12.488647823166152],[122.502211631133306,12.48882867761135],[122.502211285322204,12.489009532054061],[122.502027230129428,12.489009192191078],[122.502026884185,12.48919004662624],[122.501842828869826,12.489189706632606],[122.501842482792085,12.489370561060307]],[[122.522288594223568,12.480726492167014],[122.522288925860323,12.480545637070604],[122.522472975629171,12.480545962885623],[122.522657025403177,12.480546288575143],[122.522656694021947,12.480727143681234],[122.522656362635558,12.480907998784838],[122.522656031243926,12.481088853886133],[122.522471981086596,12.481088528182047],[122.522287930934496,12.481088202352462],[122.522103880787554,12.481087876397288],[122.521919830645757,12.481087550316614],[122.52192016254844,12.480906695234859],[122.522104212562425,12.480907021310648],[122.522104544332151,12.48072616622161],[122.522288594223568,12.480726492167014]],[[122.521181303089136,12.482352230106128],[122.521181635539207,12.482171375060878],[122.520997584656939,12.482171048323218],[122.52081353377973,12.482170721459882],[122.520629482907765,12.482170394471046],[122.520629815736015,12.481989539438052],[122.520445764997021,12.481989212328513],[122.52044609794784,12.481808357297917],[122.520446430893415,12.481627502264923],[122.520446763833846,12.481446647229442],[122.520630814189516,12.481446974324326],[122.520631146996905,12.481266119281562],[122.520815197230093,12.481266446245973],[122.520999247468339,12.481266773084796],[122.52099891491649,12.48144762813733],[122.521182965287778,12.481447954855538],[122.521182632858412,12.481628809910559],[122.521366683362672,12.481629136508063],[122.521550733872175,12.481629462980068],[122.521734784386823,12.481629789326485],[122.521734452335636,12.481810644393674],[122.52191850298324,12.481810970619387],[122.522102553636003,12.4818112967196],[122.522102885431664,12.481630441642642],[122.522286935961944,12.481630767612382],[122.522470986497382,12.481631093456622],[122.522655037037964,12.481631419175274],[122.522654705625655,12.481812274266799],[122.522838756299194,12.481812599864748],[122.522838425009439,12.48199345495876],[122.522838093714455,12.482174310050285],[122.523022144648763,12.482174635532415],[122.52320619558833,12.482174960889045],[122.523205864543712,12.482355815987853],[122.523389915616136,12.482356141223692],[122.523389584694186,12.482536996324987],[122.523389253766979,12.482717851423795],[122.523388922834641,12.482898706520205],[122.523388591897231,12.483079561614217],[122.523388260954491,12.483260416705741],[122.523204209243104,12.483260091445567],[122.523020157536962,12.483259766059804],[122.522836105835964,12.483259440548453],[122.522836437162042,12.483078585471583],[122.52283676848289,12.482897730392137],[122.522652717042661,12.482897404764968],[122.522653048486063,12.482716549688009],[122.522468997178805,12.482716223940136],[122.522469328744876,12.482535368865664],[122.522285277570575,12.482535042997087],[122.522284945876692,12.482715898066763],[122.522284614177678,12.482896753133952],[122.522284282473493,12.483077608198743],[122.522283950764077,12.483258463261135],[122.522099899083784,12.483258137247519],[122.522099567241412,12.483438992302629],[122.522099235393796,12.483619847355252],[122.521915183463207,12.483619521206277],[122.521914851482634,12.483800376251617],[122.521914519496818,12.483981231294559],[122.521730467315848,12.483980905010315],[122.521546415139952,12.483980578600482],[122.521546747381294,12.483799723567399],[122.521547079617491,12.483618868531741],[122.521547411848445,12.483438013493773],[122.521547744074255,12.483257158453318],[122.521548076294806,12.483076303410465],[122.521548408510128,12.482895448365126],[122.521548740720306,12.482714593317388],[122.521364689444212,12.482714266816162],[122.521365021776958,12.482533411770911],[122.521365354104461,12.482352556723173],[122.521181303089136,12.482352230106128]],[[122.520990599428103,12.485969003660999],[122.521174652994176,12.485969330501243],[122.521358706565493,12.485969657215898],[122.521358374133897,12.486150512214964],[122.52154242783827,12.486150838808916],[122.521542095529327,12.486331693810468],[122.521541763215239,12.486512548809623],[122.521541430895908,12.48669340380629],[122.521357376808027,12.486693077197772],[122.521173322725474,12.486692750463577],[122.52098926864808,12.486692423603882],[122.520805214575915,12.48669209661851],[122.520805547406482,12.486511241641294],[122.520621493467374,12.486510914535218],[122.52043743953341,12.486510587303554],[122.520437772614443,12.48632973233371],[122.520253718813521,12.486329404981253],[122.520069665017772,12.486329077503298],[122.520069998349257,12.486148222540736],[122.519885944686635,12.486147894942077],[122.519886278140703,12.485967039982002],[122.519702224611137,12.485966712262639],[122.519702558187859,12.485785857305052],[122.519702891759252,12.485605002345066],[122.519886945033292,12.485605330054659],[122.520070998312491,12.485605657638663],[122.520255051596919,12.485605985097168],[122.520439104886592,12.485606312429995],[122.520438771826349,12.485787167409521],[122.520622825249077,12.485787494621734],[122.52080687867695,12.48578782170827],[122.520990932110067,12.485788148669217],[122.520990599428103,12.485969003660999]],[[122.520986939582698,12.48795840841038],[122.520987272321946,12.487777553445243],[122.5211713271663,12.487777880334336],[122.521171659772506,12.487597025361916],[122.521355714494277,12.487597352120536],[122.521355382015969,12.487778207097753],[122.521355049532417,12.487959062072571],[122.521354717043621,12.488139917044991],[122.521538772154059,12.488140243692589],[122.521539104514957,12.487959388715284],[122.521539436870697,12.487778533735581],[122.521723491730768,12.48777886024782],[122.521723823953366,12.487598005260745],[122.521539769221292,12.487597678753479],[122.521540101566558,12.487416823768891],[122.521724156170919,12.48741715027136],[122.521908210780424,12.487417476648153],[122.521907878690783,12.487598331642511],[122.521907546595898,12.487779186634382],[122.522091601466343,12.487779512895356],[122.522091269494126,12.487960367889714],[122.522275324497542,12.487960694029896],[122.522274992647965,12.488141549026652],[122.522274660793244,12.488322404021011],[122.522458716057514,12.488322730045374],[122.522458384325461,12.48850358504213],[122.522458052588149,12.488684440036488],[122.522457720845694,12.48886529502836],[122.522273665197815,12.48886496898943],[122.522273333322318,12.489045823974108],[122.522089277551871,12.489045497804616],[122.522088945543317,12.489226352781921],[122.521904889650116,12.489226026481957],[122.52172083376216,12.489225700056403],[122.521536777879362,12.489225373505173],[122.521352722001808,12.489225046828354],[122.521352389476689,12.489405901783721],[122.521168333476467,12.48940557497634],[122.520984277481404,12.48940524804337],[122.520984610262317,12.489224393097773],[122.520800554400381,12.489224066044011],[122.520800887303864,12.489043211100901],[122.520801220202202,12.488862356155215],[122.520985275808414,12.488862683199207],[122.520985608573696,12.488681828246326],[122.520801553095282,12.488681501207219],[122.520617497622112,12.488681174042524],[122.520433442154086,12.488680846752152],[122.520433775297732,12.488499991811439],[122.520434108436149,12.488319136868329],[122.520434441569307,12.48813828192282],[122.520618496653725,12.488138609198538],[122.520618829653841,12.487957754245658],[122.520802884615691,12.487958081390813],[122.520986939582698,12.48795840841038]],[[122.523008230947994,12.489770547387566],[122.523008562332791,12.489589692393208],[122.522824506158045,12.489589366711682],[122.522640449988359,12.489589040904567],[122.522640781623792,12.489408185917492],[122.522641113253883,12.489227330928019],[122.522825169167859,12.489227656725452],[122.523009225086909,12.489227982397209],[122.523008893712515,12.489408837396452],[122.523192949764592,12.489409162947416],[122.523377005821928,12.48940948837288],[122.523376674698,12.489590343379318],[122.523376343568913,12.489771198383446],[122.523192287255796,12.4897708729483],[122.523008230947994,12.489770547387566]],[[122.511590641537452,12.493005501245156],[122.511590980945073,12.492824646599585],[122.511406922793682,12.492824313039117],[122.511407262323957,12.492643458396122],[122.511407601848802,12.49246260375064],[122.511591659744312,12.492462937301161],[122.511775717645136,12.492463270726093],[122.511776056908957,12.492282416068266],[122.511960114687213,12.492282749362458],[122.512144172470812,12.492283082530973],[122.512328230259726,12.492283415573899],[122.512328569134525,12.492102560898752],[122.512512626800785,12.492102893811028],[122.512696684472388,12.492103226597626],[122.512696345853385,12.492284081282721],[122.512696007228968,12.492464935965417],[122.512511949301668,12.492464603168871],[122.512511610544109,12.492645457844107],[122.512327552494156,12.492645124916999],[122.512327213603456,12.492825979584863],[122.512143155430849,12.492825646527015],[122.511959097263656,12.492825313343578],[122.511958758111831,12.493006167999097],[122.511774699821984,12.49300583468492],[122.511590641537452,12.493005501245156]],[[122.520242053400708,12.492659327308973],[122.520241720009352,12.492840182188845],[122.520057661610792,12.492839854534763],[122.519873603217462,12.492839526755004],[122.519873936864528,12.492658671884902],[122.519874270506435,12.492477817012313],[122.520058328644055,12.492478144782302],[122.520057995130045,12.492658999659776],[122.520242053400708,12.492659327308973]],[[122.510300532100302,12.493907436664662],[122.510116473218844,12.49390710219461],[122.510116132756067,12.494087956785647],[122.509932073752026,12.494087622184855],[122.509748014753228,12.494087287458386],[122.509747674029342,12.494268142037077],[122.50956361490806,12.494267807179957],[122.509563955759759,12.49408695260624],[122.509379896771719,12.494086617628417],[122.509195837788809,12.494086282524917],[122.509196178891074,12.493905427958838],[122.509012120041575,12.493905092734634],[122.50882806119732,12.493904757384753],[122.508828402549952,12.493723902826313],[122.508644343839023,12.493723567355728],[122.508644685314309,12.493542712799774],[122.508460626736593,12.493542377208575],[122.508460968334376,12.493361522655286],[122.508461309926901,12.493180668099511],[122.508461651514011,12.492999813541248],[122.508461993095807,12.492818958980587],[122.508646051161918,12.492819294551802],[122.508830109233458,12.492819629997252],[122.508830450554129,12.492638775424156],[122.509014508503,12.492639110738954],[122.5091985664573,12.492639445928164],[122.509198907516847,12.492458591342634],[122.509382965348578,12.492458926401104],[122.509567023185639,12.492459261333897],[122.509567363984047,12.492278406735933],[122.509751421698539,12.492278741538074],[122.50993547941836,12.492279076214627],[122.51011953714351,12.492279410765414],[122.510119196728695,12.492460265378389],[122.510303254586987,12.492460599808561],[122.51030291429484,12.492641454424112],[122.510302573997265,12.492822309037175],[122.51030223369446,12.49300316364784],[122.510301893386242,12.493184018256107],[122.510301553072765,12.493364872861887],[122.510301212753888,12.493545727465269],[122.510300872429767,12.493726582066165],[122.510300532100302,12.493907436664662]],[[122.507907767056338,12.493903078750277],[122.508091825873862,12.493903414728544],[122.508091484004211,12.494084269264603],[122.50809114212916,12.494265123798174],[122.507907083055841,12.49426478780987],[122.507906741047549,12.494445642336069],[122.507722681851661,12.494445306217026],[122.507538622661201,12.494444969972394],[122.507538964925288,12.494264115456319],[122.507539307183947,12.494083260937758],[122.507539649437376,12.49390240641671],[122.507723708244143,12.493902742646332],[122.507907767056338,12.493903078750277]],[[122.523762315969179,12.480005674655201],[122.523761985369987,12.480186529797708],[122.523946034924791,12.480186854598694],[122.523945704448252,12.480367709743598],[122.52394537396647,12.480548564886194],[122.523945043479543,12.480729420026302],[122.523944712987472,12.480910275164012],[122.523760662921617,12.480909950343575],[122.523760332296661,12.481090805474002],[122.523576282108237,12.481090480523269],[122.523575951350239,12.481271335646325],[122.523391901039247,12.481271010565118],[122.523391570148377,12.481451865680979],[122.523207519714731,12.481451540469388],[122.523207850733499,12.481270685358412],[122.523208181746938,12.481089830245038],[122.523392231924973,12.481090155446948],[122.52339256280554,12.480909300326202],[122.523392893680949,12.480728445203058],[122.523576943608603,12.480728770269698],[122.523577274351069,12.480547915139271],[122.523577605088278,12.480367060006445],[122.523577935820427,12.480186204871222],[122.523578266547347,12.480005349733512],[122.523762315969179,12.480005674655201]],[[122.524848794259455,12.489773797341384],[122.524664737905027,12.48977347291139],[122.524480681555758,12.489773148355718],[122.524481011917715,12.489592293322547],[122.524481342274527,12.489411438286888],[122.52448167262618,12.489230583248832],[122.524665728591842,12.489230907789937],[122.524849784562662,12.489231232205453],[122.525033840538725,12.489231556495293],[122.52503351057068,12.489412411547915],[122.525033180597376,12.489593266598051],[122.525032850619027,12.489774121645789],[122.52503252063552,12.48995497669104],[122.52484846414805,12.489954652381838],[122.524848794259455,12.489773797341384]],[[122.527793040494444,12.490140681368009],[122.52779271241856,12.490321536480851],[122.5276086555982,12.490321214046505],[122.527424598782986,12.490320891486659],[122.527424927114581,12.49014003638341],[122.527425255441003,12.489959181277763],[122.527609312000607,12.489959503828016],[122.527608983801983,12.490140358938548],[122.527793040494444,12.490140681368009]],[[122.524478368877439,12.491039133520063],[122.5242943116383,12.491038808804875],[122.524110254404306,12.49103848396401],[122.524110585058125,12.490857628957484],[122.524294642164222,12.490857953793464],[122.52429497268507,12.490677098779743],[122.524479029668498,12.49067742348525],[122.524663086657085,12.490677748065169],[122.524663416916994,12.49049689303928],[122.524847473782827,12.490497217488636],[122.524847803909779,12.490316362455465],[122.525031860652959,12.490316686774348],[122.525215917401297,12.490317010967642],[122.525215587530056,12.490497866010495],[122.525399644411436,12.490498190082908],[122.525399314663019,12.490679045128159],[122.525215257653741,12.49067872105095],[122.525031200649707,12.490678396847974],[122.524847143650817,12.49067807251941],[122.524846813513577,12.490858927547697],[122.524662756392033,12.49085860308857],[122.524662426121722,12.491039458109663],[122.524478368877439,12.491039133520063]],[[122.526503327840175,12.490861842025245],[122.52650365682652,12.490680986953437],[122.526687713871851,12.490681310151173],[122.526871770922256,12.490681633223319],[122.527055827977804,12.490681956169789],[122.527055499375066,12.490862811256074],[122.52687144219162,12.490862488304808],[122.526871113455826,12.49104334338381],[122.526687056149711,12.491043020302071],[122.52650299884867,12.491042697094654],[122.526503327840175,12.490861842025245]],[[122.530365592614487,12.492496299339093],[122.530365918961436,12.492315444188149],[122.530549977265224,12.492315764790449],[122.530549651046087,12.492496619946101],[122.530733709482845,12.49249694042752],[122.530733383386547,12.492677795585569],[122.530733057285175,12.492858650741132],[122.530548998592622,12.492858330250209],[122.530364939905127,12.492858009633521],[122.530365266262294,12.49267715448755],[122.530365592614487,12.492496299339093]],[[122.526130932893295,12.49321231083008],[122.526314991718621,12.49321263434676],[122.526314662532343,12.493393489379665],[122.526498721490739,12.493393812775553],[122.526682780454365,12.493394136045675],[122.526682451518639,12.493574991085863],[122.526682122577853,12.493755846123653],[122.526681793631909,12.493936701158956],[122.526681464680919,12.494117556191862],[122.526681135724672,12.49429841122228],[122.526680806763281,12.4944792662503],[122.52668047779683,12.494660121275922],[122.526496417937921,12.49465979797205],[122.52631235808407,12.494659474542411],[122.52631202885658,12.494840329555954],[122.526127968880076,12.494840005995753],[122.525943908908729,12.494839682309964],[122.525759848942428,12.494839358498409],[122.52576017855371,12.494658503499432],[122.525576118720551,12.494658179566995],[122.525392058892464,12.49465785550897],[122.525392388754383,12.494477000517188],[122.525208329059424,12.494476676338282],[122.525208659044083,12.494295821348897],[122.525208989023596,12.494114966357115],[122.525209318997952,12.493934111362845],[122.525209648967078,12.493753256366178],[122.525393708150432,12.493753580525722],[122.525394037986601,12.493572725521771],[122.525578097047116,12.493573049550841],[122.525578426750144,12.493392194539608],[122.525762485688006,12.493392518438116],[122.525946544630941,12.493392842211035],[122.525946874073014,12.493211987187722],[122.526130932893295,12.49321231083008]],[[122.524290675511082,12.493028213769106],[122.524290344923074,12.493209068751296],[122.524290014329921,12.493389923731],[122.524474073231559,12.493390248509249],[122.524473742761145,12.493571103491439],[122.524473412285502,12.493751958471142],[122.524657471448165,12.493752283133484],[122.524657141095261,12.493933138115585],[122.524656810737213,12.494113993095288],[122.524656480374006,12.494294848072593],[122.524656150005569,12.494475703047412],[122.524655819632059,12.494656558019832],[122.524839879439455,12.494656882580655],[122.524839549188613,12.494837737555473],[122.52502360912905,12.494838061995504],[122.525023279001033,12.49501891697272],[122.525207339074527,12.49501924129178],[122.525207009069263,12.495200096271484],[122.525391069275898,12.495200420469752],[122.525575129487592,12.495200744542343],[122.52557479973305,12.495381599529152],[122.525758860077886,12.49538192348095],[122.525758530446012,12.495562778470246],[122.525942590923975,12.495563102301075],[122.525942261414855,12.495743957292769],[122.526126322025874,12.495744281002716],[122.526125992639578,12.495925135996897],[122.526310053383639,12.495925459585964],[122.526309724120182,12.496106314582454],[122.526493784997299,12.496106638050728],[122.526493455856581,12.496287493049616],[122.52667751686684,12.496287816397009],[122.526677187848875,12.496468671398295],[122.526861248992176,12.496468994624719],[122.526860920097036,12.496649849628403],[122.527044981373393,12.496650172734034],[122.527044652601091,12.496831027740116],[122.52704432382356,12.4970118827438],[122.527043995040955,12.497192737744998],[122.526859933380734,12.497192414624889],[122.526675871725658,12.497192091379103],[122.52649181007574,12.497191768007641],[122.526492139242208,12.497010913020921],[122.526308077725432,12.497010589528488],[122.5261240162137,12.497010265910466],[122.526124345630905,12.496829410930941],[122.525940284252329,12.49682908719195],[122.525756222878897,12.496828763327281],[122.525756552546838,12.49664790835495],[122.525572491306448,12.4966475843694],[122.525572821097128,12.496466729399556],[122.525388759989895,12.496466405293125],[122.525204698887791,12.496466081060928],[122.525205028929122,12.496285226098367],[122.525020967960174,12.496284901745378],[122.525021298124329,12.496104046785126],[122.524837237288423,12.496103722311256],[122.524837567575418,12.495922867353402],[122.524653506872568,12.495922542758739],[122.524469446174862,12.495922218038311],[122.524469776712507,12.49574136308774],[122.524285716148029,12.495741038246431],[122.524286046808328,12.495560183298347],[122.524286377463554,12.495379328347775],[122.524102317160029,12.49537900339047],[122.524102647938008,12.495198148442297],[122.523918587767611,12.495197823364199],[122.523734527602286,12.495197498160424],[122.523734858630917,12.495016643219534],[122.52355079859872,12.495016317894878],[122.523551129750174,12.494835462956386],[122.523367069851034,12.494835137510938],[122.523183009957137,12.494834811939812],[122.523183341359243,12.494653957008603],[122.522999281598388,12.494653631316597],[122.522815221842762,12.494653305498913],[122.52263116209231,12.494652979555552],[122.522447102347087,12.494652653486513],[122.522263042606923,12.494652327291709],[122.522078982872088,12.494652000971316],[122.521894923142412,12.494651674525157],[122.521895255434643,12.494470819625656],[122.521711195838108,12.494470493058705],[122.521527136246718,12.494470166366076],[122.521343076660571,12.49446983954777],[122.521343409331351,12.494288984660438],[122.521159349878246,12.49428865772134],[122.521159682671765,12.494107802836494],[122.521160015460055,12.493926947949161],[122.521160348243185,12.49374609305943],[122.520976289179018,12.49374576600931],[122.520976622084817,12.493564911121977],[122.520976954985372,12.493384056232246],[122.520792896182229,12.493383729066219],[122.520793229205538,12.493202874178975],[122.520793562223588,12.493022019289244],[122.520793895236494,12.492841164397115],[122.520794228244156,12.492660309502499],[122.520794561246589,12.492479454605485],[122.520978619410229,12.492479781747177],[122.520978952279606,12.49229892684288],[122.520979285143738,12.492118071936096],[122.521163343056827,12.49211839894234],[122.521163675787918,12.491937544028273],[122.521347733578267,12.491937870903955],[122.521531791373931,12.49193819765396],[122.521532123843983,12.491757342727725],[122.521716181516908,12.491757669347257],[122.521900239195077,12.491757995841022],[122.52208429687839,12.491758322209199],[122.522083964791861,12.491939177150089],[122.522268022608316,12.491939503397473],[122.522452080429915,12.491939829519181],[122.522636138256672,12.491940155515211],[122.522820196088588,12.491940481385653],[122.523004253925734,12.491940807130328],[122.523188311768038,12.491941132749416],[122.523187980443737,12.49212198771704],[122.523372038419083,12.492122313215335],[122.523371707217521,12.492303168185357],[122.523371376010729,12.492484023152981],[122.523555434247029,12.492484348535369],[122.523555103162977,12.492665203505391],[122.523739161532419,12.492665528766898],[122.523923219907005,12.492665853902816],[122.524107278286735,12.492666178912968],[122.524291336671624,12.492666503797532],[122.524291006093932,12.492847358784518],[122.524290675511082,12.493028213769106]]],[[[122.500741965242554,12.487379119927065],[122.500741618451954,12.487559974348548],[122.500925672583975,12.487560315050148],[122.500926019246762,12.487379460623602],[122.500741965242554,12.487379119927065]]],[[[122.501477142437935,12.487923045277691],[122.501477488728042,12.487742190840754],[122.501293434451867,12.487741850510856],[122.501293088033947,12.48792270494282],[122.501477142437935,12.487923045277691]]],[[[122.521354052050498,12.48850162698246],[122.521354384549682,12.488320772014925],[122.52117032931649,12.488320445236853],[122.521169996689494,12.488501300199504],[122.521354052050498,12.48850162698246]]],[[[122.520985941333748,12.488500973290959],[122.520985608573696,12.488681828246326],[122.521169664057268,12.488682155159756],[122.521169996689494,12.488501300199504],[122.520985941333748,12.488500973290959]]],[[[122.534237293012367,12.488885900215516],[122.534237616572483,12.488705044915891],[122.534053560724402,12.488704726921904],[122.53386950488148,12.48870440880224],[122.533869181065668,12.488885264092362],[122.534053237036488,12.488885582216733],[122.534237293012367,12.488885900215516]]],[[[122.53368480115121,12.489065801125241],[122.533685125099908,12.488884945842313],[122.533501069139206,12.488884627466676],[122.533317013183662,12.488884308965451],[122.533132957233093,12.488883990338548],[122.533132632900802,12.489064845607176],[122.533316688979184,12.489065164238875],[122.53350074506271,12.489065482744897],[122.53368480115121,12.489065801125241]]],[[[122.534789460970387,12.488886853458068],[122.534605404979317,12.488886535836139],[122.534421348993305,12.488886218088711],[122.534237293012367,12.488885900215516],[122.534236969447193,12.489066755512743],[122.534421025556028,12.489067073390556],[122.534605081669852,12.48906739114287],[122.53478913778882,12.489067708769506],[122.534789460970387,12.488886853458068]]],[[[122.53478913778882,12.489067708769506],[122.53478881460218,12.489248564078457],[122.534972870853935,12.489248881584212],[122.535156927110833,12.48924919896429],[122.535156604174844,12.489430054280257],[122.535340660564628,12.489430371539543],[122.535524716959458,12.489430688673062],[122.535525039639737,12.489249833347591],[122.535340983372805,12.489249516218779],[122.535341306175837,12.489068660895528],[122.535157250041763,12.489068343645835],[122.534973193912762,12.489068026270465],[122.53478913778882,12.489067708769506]]],[[[122.53570877335936,12.489431005680993],[122.535708450801906,12.489611861008862],[122.53589250733468,12.489612177895824],[122.535892829764236,12.489431322563336],[122.53570877335936,12.489431005680993]]],[[[122.53662873351621,12.489613444187606],[122.536628411592929,12.489794299536614],[122.536812468278811,12.489794615800252],[122.536812790074123,12.489613760446447],[122.53662873351621,12.489613444187606]]],[[[122.500182858748914,12.490995184746199],[122.500366915293938,12.490995525921464],[122.500367262443277,12.490814671556381],[122.500367609587272,12.49063381718881],[122.500183553297958,12.490633476023758],[122.500183206026136,12.490814330386177],[122.499999149614425,12.490813989090386],[122.499998802209305,12.490994843445344],[122.500182858748914,12.490995184746199]]],[[[122.494237030000093,12.498436611000772],[122.494251714000157,12.49843422200084],[122.494263951000192,12.498441391000723],[122.494266398000121,12.498450949000803],[122.494266397000118,12.498460506000795],[122.494261502000157,12.498479621000778],[122.494261501000167,12.498489179000769],[122.494263948000096,12.498498737000761],[122.494281079000189,12.498517853000832],[122.494290868000107,12.498522632000784],[122.49430555300026,12.498522632000784],[122.494315343000181,12.498517854000832],[122.494332475000178,12.498505908000732],[122.494339818000157,12.498496350000741],[122.494342265000185,12.498486793000749],[122.494342266000189,12.498477235000758],[122.494342266000189,12.498462899000815],[122.494347162000139,12.498450952000804],[122.494354504000128,12.498443784000832],[122.494398559000132,12.498419892000809],[122.494405901000121,12.498412724000749],[122.4944132440001,12.498400777000738],[122.494415692000217,12.498391220000746],[122.494415692000217,12.498381662000755],[122.494408350000143,12.498372104000763],[122.494401008000153,12.498362546000772],[122.494391220000153,12.498341041000769],[122.494383878000079,12.498329094000757],[122.494376537000178,12.498314757000815],[122.494371643000122,12.498300421000783],[122.49437409000015,12.498290863000792],[122.494383880000157,12.49828608500084],[122.494393670000079,12.498288475000772],[122.494401011000164,12.498295643000832],[122.494408353000139,12.498305201000823],[122.494413247000111,12.498317148000835],[122.494420589000086,12.498329096000846],[122.494454851000171,12.498374495000784],[122.494467087000203,12.498384054000775],[122.494479324000153,12.498393612000767],[122.49448421800011,12.498398391000718],[122.494489113000171,12.498407948000798],[122.494486665000139,12.49841750600079],[122.49447932200016,12.498427063000781],[122.494471980000171,12.498434231000752],[122.494469532000139,12.498443789000744],[122.494471979000167,12.498453346000824],[122.494484215000114,12.498462904000815],[122.494498900000181,12.498467684000767],[122.494503794000138,12.498470073000787],[122.494513584000146,12.498465295000836],[122.49452338274277,12.498452141930736],[122.494525822000099,12.498448570000784],[122.494533164000075,12.498439012000793],[122.494567428000167,12.498424677000761],[122.494577218000089,12.49841512000077],[122.494587008000181,12.498407952000798],[122.494626168000224,12.498381671000756],[122.494631063000185,12.498374503000784],[122.494635958000231,12.498362556000773],[122.494643301000224,12.498352999000781],[122.494648196000185,12.49834344100079],[122.494650644000203,12.498331494000778],[122.494653092000149,12.498321937000787],[122.494653092000149,12.498309990000775],[122.494654452134284,12.498304679477199],[122.494655540000167,12.498290875000793],[122.494653093000139,12.498281317000801],[122.494645752000253,12.49826937000079],[122.494640857000107,12.498259812000798],[122.494638411000167,12.498245476000767],[122.49463596300015,12.498238307000795],[122.494631069000192,12.498226360000784],[122.494628622000164,12.498219192000724],[122.494626175000136,12.498209634000732],[122.494601704000161,12.498157066000735],[122.494599257000218,12.498145119000812],[122.494599257000218,12.49812839400076],[122.494604153000182,12.498118836000769],[122.494616390000132,12.498111669000798],[122.494628627000253,12.498109280000778],[122.494635969000242,12.498114059000818],[122.494643311000218,12.498121227000789],[122.494650652000118,12.498130785000781],[122.494660442000125,12.498135564000821],[122.494670231000228,12.498135565000821],[122.49468002100015,12.498135565000821],[122.494692258000185,12.498135566000732],[122.494699600000175,12.498145123000723],[122.494704493000228,12.498169018000835],[122.494706940000157,12.498180965000847],[122.494706940000157,12.498190522000838],[122.494704492000224,12.49819769000081],[122.494697149000231,12.498209637000821],[122.494689806000252,12.498240699000815],[122.494699595000171,12.498247867000787],[122.49470693700016,12.498247868000787],[122.494721622000128,12.498250258000807],[122.494736306000192,12.498250258000807],[122.494746095000195,12.498250259000807],[122.494755885000117,12.498243091000836],[122.494760780000178,12.498235923000776],[122.494770570000099,12.498228755000804],[122.494780360000192,12.498226366000784],[122.494790150000199,12.498216809000793],[122.49479504500016,12.498207252000801],[122.494799940000121,12.49820008400083],[122.494792599000235,12.498183357000778],[122.494781582742633,12.498170211828361],[122.494775468000142,12.498164242000795],[122.494770573000181,12.498157073000824],[122.494760784000178,12.498147515000744],[122.494750995000246,12.498137957000752],[122.494738758000125,12.498130789000781],[122.494731416000135,12.498123620000809],[122.49472407500015,12.498116452000749],[122.494719180000189,12.498106894000758],[122.494716733000075,12.498094947000746],[122.494716734000079,12.498085389000755],[122.494716734000079,12.498075832000763],[122.49471428700015,12.498063885000752],[122.494714288000139,12.49805432700076],[122.494709393000178,12.498042380000838],[122.494697157000147,12.498032822000757],[122.494694710000218,12.498028043000806],[122.494677556045687,12.498016080383954],[122.494670237000136,12.498011316000754],[122.494660447000214,12.498004148000783],[122.494650658000211,12.497994590000792],[122.494640869000108,12.4979850320008],[122.494635974000147,12.49798025300076],[122.494638422000179,12.497965917000817],[122.494648212000101,12.497956359000826],[122.49465555500008,12.497953970000806],[122.494677581000133,12.497958750000846],[122.494687370000136,12.497958750000846],[122.494697160000243,12.497953972000806],[122.494704503000222,12.497942025000794],[122.49472408300015,12.497918132000772],[122.494733873000172,12.4979109640008],[122.49474366200009,12.49790857500078],[122.494755899000211,12.4979109650008],[122.494769353731854,12.497907383540428],[122.494773031000122,12.497906187000849],[122.494782821000129,12.49790379800074],[122.494792610000232,12.49790618800076],[122.494799952000221,12.497915746000752],[122.494807294000196,12.497927693000763],[122.494819530000143,12.497939641000775],[122.494824425000104,12.497942030000795],[122.494836662000139,12.497934862000735],[122.494839110000171,12.497927694000763],[122.494836663000228,12.497920526000792],[122.494841558000189,12.497910969000801],[122.494863585000147,12.497899023000789],[122.494873375000253,12.497891855000729],[122.494873375000253,12.497884687000846],[122.49487092800014,12.497875129000766],[122.494866034000182,12.497865571000775],[122.494856244000161,12.497856013000783],[122.494841560000197,12.497848845000723],[122.494824429000204,12.497848844000812],[122.494817086000126,12.497851233000832],[122.494802402000246,12.497858401000803],[122.494795059000083,12.497867958000795],[122.494782822000133,12.497872736000746],[122.494768138000154,12.497867957000794],[122.494758349000236,12.497863178000754],[122.494751007000161,12.497858398000803],[122.494738770000126,12.497856009000783],[122.494728980000204,12.497856008000783],[122.49471429600024,12.497856008000783],[122.494699612000176,12.497851228000831],[122.49468737500014,12.497846449000791],[122.494671467361115,12.497835695919344],[122.494665349000186,12.49783211200076],[122.494655560000169,12.497824943000788],[122.494650666000211,12.497815385000797],[122.494648224182001,12.497809424150406],[122.494640877000109,12.497793880000794],[122.494633535000119,12.497786712000822],[122.494626193000144,12.497781933000782],[122.494613957000198,12.497774764000811],[122.494604168000095,12.497767596000839],[122.494599273000134,12.497758038000759],[122.494601721000151,12.497750870000788],[122.494609063000226,12.497746091000836],[122.494618853000148,12.497748481000768],[122.49462497795048,12.497750873215283],[122.494640879000116,12.497755650000739],[122.494650668000205,12.497755651000739],[122.494662905000155,12.497755651000739],[122.494675142000105,12.497750873000788],[122.494684932000112,12.497748484000768],[122.494694722000219,12.497741316000797],[122.494706959000155,12.497734148000825],[122.494719196000105,12.497726981000765],[122.494726538000094,12.497726981000765],[122.494743670000176,12.497726982000854],[122.494765697000133,12.497722204000814],[122.494775486000236,12.497722204000814],[122.494782829000215,12.497722204000814],[122.494792618000147,12.497722205000814],[122.494802408000155,12.497722205000814],[122.494814645000105,12.497705480000763],[122.494809751000133,12.497695922000771],[122.494807304000204,12.49768636400078],[122.494804857000176,12.497674417000768],[122.49480485800018,12.497660081000825],[122.494799963000219,12.497652913000765],[122.494790174000116,12.497643355000774],[122.494773043000123,12.497636186000802],[122.494763253000201,12.497636185000802],[122.49475101600008,12.497633796000782],[122.494741227000148,12.497629016000831],[122.494733885000173,12.497621848000771],[122.494730216821424,12.497617072673526],[122.494719201000194,12.497605122000808],[122.494682459000174,12.4975942900008],[122.494702939000092,12.497563342000815],[122.494709595000117,12.497554679000809],[122.494718469000134,12.497543850000801],[122.494725125000159,12.497535187000794],[122.494733999000175,12.497524359000787],[122.4947406550002,12.497511364000777],[122.49474598081234,12.49750356553295],[122.494753967000136,12.497489707000762],[122.494753967000136,12.49748754100076],[122.494758404000152,12.497474546000751],[122.494762842000256,12.497465883000833],[122.494778372000113,12.497439894000726],[122.494793902000154,12.497413905000796],[122.4948027760001,12.49740524200079],[122.494812199358904,12.497390632428838],[122.494813869000126,12.497387916000777],[122.494820525000137,12.497377087000769],[122.494824962000152,12.497370590000765],[122.49482792235176,12.497366255378859],[122.494840492000193,12.497346767000836],[122.494844930000212,12.49733810400083],[122.494849367000128,12.497329440000824],[122.494851586000223,12.49732294300073],[122.494858242000149,12.497307783000808],[122.494862679000164,12.497296954000801],[122.494869335000189,12.497283959000791],[122.4948759910002,12.497270965000782],[122.494882647000125,12.497260136000774],[122.49488708400014,12.497253638000769],[122.494920364000237,12.49718650000081],[122.494935894000093,12.497158345000789],[122.494944768000209,12.497147516000782],[122.494952536164007,12.497135599353468],[122.494955861000236,12.497130190000769],[122.494960298000166,12.497123693000765],[122.494966954000091,12.497110698000755],[122.494971391000107,12.497104201000839],[122.494975829000111,12.49709120600083],[122.494982485000136,12.497078211000732],[122.494986922000137,12.497069548000814],[122.494993578000162,12.497056554000805],[122.495006890000113,12.497037062000791],[122.495011327000114,12.497024067000781],[122.495015765000133,12.497011072000772],[122.495026858000159,12.496987249000755],[122.495032404059955,12.496969924219501],[122.495033514000184,12.496965591000828],[122.495037952000189,12.49695259600073],[122.495044608000114,12.496939601000809],[122.495044608000114,12.496935270000806],[122.495061333000166,12.496904445000743],[122.495065771000185,12.496884953000817],[122.495065771000185,12.496878455000813],[122.495076124068362,12.496862573677356],[122.495076864000211,12.4968611290008],[122.495083520000236,12.496850300000792],[122.495090176000161,12.496839471000785],[122.495096831000183,12.496830808000778],[122.495103487000193,12.496817814000769],[122.495116800000233,12.496783161000833],[122.495121237000149,12.496774498000738],[122.495127893000088,12.496761504000817],[122.495132330000189,12.496752840000811],[122.495134549000184,12.496748509000808],[122.495142313645744,12.496735515192645],[122.495145642000125,12.496729017000794],[122.49515007900014,12.496722520000789],[122.495154517000159,12.496694364000769],[122.495162284494,12.496673783412513],[122.495165611000189,12.496664043000836],[122.49517004800019,12.496653214000828],[122.495176704000215,12.496642385000731],[122.49518114200022,12.496631557000812],[122.495183356338984,12.49662723312631],[122.495190016000166,12.496612065000798],[122.495196672000091,12.496601236000791],[122.495203328000201,12.496590407000783],[122.495212202000133,12.496577412000773],[122.495218858000143,12.496568750000767],[122.495223295000159,12.496562252000762],[122.495227732000174,12.496551423000755],[122.495234388000185,12.496538429000834],[122.495238826000204,12.496527600000737],[122.49524326300012,12.49651893700082],[122.495246587785189,12.496513527731343],[122.49525435600016,12.496497279000804],[122.495269886000202,12.496475622000789],[122.495285416000243,12.496453964000773],[122.495287635000153,12.496445301000767],[122.495292072000169,12.496436638000761],[122.495296509000084,12.496427975000843],[122.495305383000201,12.496414980000834],[122.49530982100022,12.49640848300074],[122.495318695000151,12.49639548800082],[122.495325350000172,12.496386826000814],[122.49533066853769,12.496380336486199],[122.495343099000124,12.496363002000797],[122.495347536000139,12.49635433900079],[122.495351973000155,12.496345676000784],[122.495358629000165,12.496332682000775],[122.495362284294188,12.496327328811594],[122.495366397766688,12.49631968037451],[122.495367504000185,12.496317521000764],[122.495374159000207,12.496304527000843],[122.495378597000126,12.496295863000837],[122.495383034000142,12.496287200000742],[122.495389690000167,12.496276372000823],[122.495394127000168,12.496269874000818],[122.495405219000205,12.49625904600081],[122.495409657000209,12.496250383000804],[122.495436277997882,12.496214649950685],[122.495438498000198,12.496211399000776],[122.495440720511709,12.496208686855512],[122.495462902000185,12.496178913000753],[122.495470666777706,12.49617025013948],[122.495473994000122,12.496165919000832],[122.4954784330004,12.496161585548125],[122.495493961000179,12.496144261000817],[122.49550283500011,12.496135598000722],[122.495511709000226,12.496126935000804],[122.495518163573536,12.496122209357017],[122.495527239000083,12.496113941000795],[122.49553833100012,12.496100947000786],[122.495562018000214,12.496086191000808],[122.495570892000146,12.496081860000805],[122.495575329000161,12.496073197000799],[122.495586422000187,12.496058036000788],[122.495595296000118,12.496049373000782],[122.495604170000234,12.496042876000777],[122.49561082600016,12.496034213000771],[122.495617481000181,12.496027716000766],[122.495633011000223,12.496016888000758],[122.495641885000154,12.496012557000755],[122.495650758000096,12.496006060000839],[122.495659632000198,12.495999562000835],[122.495668506000143,12.49599306500083],[122.495679599000169,12.495984403000735],[122.49568402216893,12.495981164627166],[122.495699565000223,12.495969243000813],[122.495704002000139,12.495962746000808],[122.495732842000137,12.495945420000796],[122.495749323664612,12.495935519134269],[122.495750590000185,12.495934592000788],[122.495761682000207,12.495928095000783],[122.495768338000133,12.495925930000782],[122.495787544364106,12.495912950043762],[122.495790522000192,12.495910770000771],[122.495797178000217,12.495906439000768],[122.495817144000185,12.495897776000762],[122.495837110000139,12.495884782000841],[122.495845984000169,12.495880451000838],[122.495854857000097,12.495876120000746],[122.495861513000122,12.495873955000745],[122.495870387000139,12.495867458000829],[122.495879260000166,12.495860961000824],[122.495888134000197,12.495856629000821],[122.495897008000128,12.495852298000818],[122.495905882000244,12.495847967000726],[122.495919192000187,12.49584147000081],[122.49593028400021,12.495839305000809],[122.495941377000065,12.495834974000806],[122.495948032000172,12.495832808000804],[122.495959124000109,12.495828477000801],[122.495972434000151,12.495824146000798],[122.495976872773326,12.49582306306821],[122.495992400000205,12.495817650000793],[122.496001274000136,12.495815484000792],[122.496010148000167,12.49581331900079],[122.49601902100018,12.495811154000789],[122.496032332000127,12.495808988000787],[122.496043424000163,12.495804657000784],[122.496054516000186,12.495802492000783],[122.496056734000106,12.495802492000783],[122.49607448100015,12.495800327000781],[122.496076700000245,12.49579816200078],[122.496092229000112,12.495793831000777],[122.496105539000155,12.495791666000775],[122.496114413000171,12.495789500000773],[122.496121068000193,12.495789500000773],[122.496143252000167,12.495783004000769],[122.496163217000216,12.495780839000856],[122.496183183000184,12.495778674000766],[122.496198712000137,12.495778675000766],[122.49620758500015,12.495778676000766],[122.496209803000156,12.495778676000766],[122.496225332000208,12.495778677000766],[122.496229769000124,12.495778677000766],[122.49624086100016,12.495778677000766],[122.496251953000183,12.495776512000853],[122.496260826000125,12.495776513000765],[122.496274137000242,12.495776513000765],[122.496278573000168,12.495776513000765],[122.49628522800009,12.495776514000765],[122.496296320000127,12.495774348000763],[122.496311849000165,12.495774349000763],[122.496318504000186,12.495774350000763],[122.496331814000214,12.495776516000765],[122.496342906000251,12.495778682000767],[122.496353998000103,12.49578301500077],[122.496365090000126,12.495785181000771],[122.496376181000159,12.495787347000773],[122.496387273000195,12.495789514000775],[122.496396147000127,12.495791680000776],[122.496405020000239,12.495791681000776],[122.496416112000091,12.495793847000778],[122.496427204000113,12.495796013000779],[122.496440514000156,12.495798180000781],[122.496449387000183,12.495800346000783],[122.496451606000178,12.495800346000783],[122.49646047900012,12.495800347000783],[122.496473789000248,12.495802513000784],[122.49648266300018,12.495802514000784],[122.496500410000138,12.495802514000784],[122.496509283000165,12.495802515000785],[122.496513720000166,12.495802515000785],[122.496528286537128,12.495805607802266],[122.496535904000226,12.495806848000788],[122.496539234477098,12.495807931969702],[122.496550151318218,12.495810249535042],[122.49655586900019,12.495811180000791],[122.496564742000132,12.495813347000793],[122.496569179000147,12.495813347000793],[122.496578052000075,12.495815513000794],[122.496591363000206,12.495817680000796],[122.496604673000235,12.495819846000797],[122.496609109000161,12.495822012000799],[122.496637948000142,12.495826345000802],[122.496644603000163,12.495826346000802],[122.4966556950002,12.495826346000802],[122.496671224000153,12.495826347000802],[122.496682316000175,12.495824182000801],[122.496695626000118,12.495822016000799],[122.496704500000149,12.495822017000799],[122.496715592000172,12.495824183000801],[122.496724465000199,12.495828515000804],[122.496733338000141,12.495832847000807],[122.496742212000157,12.49583717900081],[122.49675330300019,12.495839346000723],[122.496768832000143,12.495839347000812],[122.496784361000181,12.495839347000812],[122.496802108000225,12.495839348000812],[122.496813200000076,12.495837183000811],[122.496825251081546,12.495836245688894],[122.496848399000243,12.495833143000743],[122.496850618000153,12.495833143000743],[122.49686392800011,12.495833144000832],[122.496870583000117,12.495833144000832],[122.496881675000154,12.495833145000832],[122.49689054900017,12.495833145000832],[122.496901641000122,12.49583098000083],[122.496912732000141,12.49583098000083],[122.496926043000087,12.495830981000742],[122.496943790000145,12.495830982000742],[122.496959319000183,12.495828817000829],[122.496972629000211,12.495828817000829],[122.496974847000132,12.495828817000829],[122.496988157000175,12.495830984000831],[122.497001468000121,12.495830985000831],[122.497016996000156,12.495830985000831],[122.497030307000102,12.495830986000742],[122.497039180000215,12.495833152000744],[122.49711668241217,12.495832089712531],[122.497125697000186,12.495830990000831],[122.497139007000214,12.495830991000743],[122.497147881000146,12.495830991000743],[122.497161191000103,12.495830992000743],[122.497174502000135,12.495830992000743],[122.497185594000157,12.495830993000743],[122.497196685000191,12.495830993000743],[122.497205559000122,12.49582882800083],[122.497216651000159,12.49582882900083],[122.497227743000181,12.49582882900083],[122.497265456000108,12.495820167000735],[122.497272111000129,12.495822334000737],[122.497283203000151,12.495822334000737],[122.49730538700021,12.495826667000829],[122.497316479000062,12.495826667000829],[122.497327570000095,12.49582883300083],[122.497340881000127,12.495833166000834],[122.497354191000255,12.495833166000834],[122.497365283000107,12.495835333000835],[122.497376375000144,12.495837499000837],[122.497387467000166,12.495837499000837],[122.497411668195085,12.495842423180212],[122.497422960000179,12.495843999000753],[122.497440707000138,12.495848331000756],[122.497449581000154,12.495848331000756],[122.497465110000107,12.495850498000758],[122.497482861565572,12.49585374832539],[122.497489512000087,12.495854831000761],[122.497491725020694,12.495855371224183],[122.497536098000211,12.495863496000768],[122.497556063000175,12.495869994000772],[122.497562718000097,12.495872160000774],[122.497571591000209,12.495876493000777],[122.497582683000161,12.495878659000779],[122.497595994000193,12.49588082500078],[122.497608699658585,12.495884370442409],[122.497622614000178,12.495887324000785],[122.49763946242949,12.495892519674188],[122.497644798000138,12.49589382200079],[122.497648964430894,12.495895449729941],[122.497664763000202,12.495900321000795],[122.497675855000139,12.495904653000798],[122.497686946000172,12.495911151000803],[122.497693602000098,12.495913317000804],[122.497700257000119,12.495917649000807],[122.497713567000233,12.49592198100081],[122.497722440000175,12.495926313000814],[122.497731314000106,12.495930645000817],[122.497737969000127,12.495932811000818],[122.497757934000177,12.495939310000734],[122.497766808000108,12.495943642000737],[122.497780118000151,12.495950140000742],[122.497788991000178,12.495954472000745],[122.497791209000184,12.495956638000747],[122.497813521000069,12.495980429000761],[122.497820176000175,12.495989093000768],[122.497833486000218,12.495995591000773],[122.497853451000182,12.496008587000782],[122.49786232400011,12.496015085000787],[122.497870089571848,12.4960226667823],[122.497872461466628,12.496024673908233],[122.497880071000154,12.496030246000798],[122.497886725000171,12.496036744000802],[122.497893380000193,12.49604757400081],[122.497897817000208,12.496051905000813],[122.497902253000134,12.496062735000821],[122.497908907000152,12.49607356400074],[122.497915562000259,12.496084394000748],[122.49792221700018,12.496097389000758],[122.497931090000208,12.496108219000766],[122.497933308000128,12.496116882000772],[122.497933307000125,12.496125545000778],[122.497933307000125,12.496138540000787],[122.497933306000121,12.496149369000795],[122.497931087000211,12.496158033000802],[122.497931087000211,12.496171028000811],[122.497931086000207,12.496181857000819],[122.497931086000207,12.496192686000738],[122.497928866000109,12.496214344000842],[122.497926648000188,12.496220842000847],[122.497928866000109,12.496229505000764],[122.497943654513364,12.496252608827527],[122.49794661100016,12.496255496000783],[122.49795104800026,12.496264159000789],[122.497955484000187,12.496285818000805],[122.497953265000177,12.496296647000813],[122.497951046000168,12.496307476000732],[122.497953264000174,12.496316139000738],[122.497955482000179,12.496326969000746],[122.497959918000191,12.496335632000841],[122.497971009000139,12.496357291000768],[122.497982100000158,12.496378950000784],[122.497993190000187,12.496409272000806],[122.497995408000193,12.496417935000812],[122.497997626000114,12.496430930000733],[122.497997626000114,12.496439594000739],[122.497997626000114,12.496443925000831],[122.497999844000205,12.496454755000839],[122.498002061000221,12.496465584000847],[122.498003169518299,12.496478577118362],[122.498004279000128,12.49648291100077],[122.498004279000128,12.496491574000776],[122.498015370000161,12.496511067000791],[122.498022025000182,12.496517565000795],[122.498037553000131,12.496528394000803],[122.498046426000158,12.496530561000805],[122.49805530000009,12.496532727000806],[122.49808413900017,12.49653706000081],[122.498099667000119,12.496537061000721],[122.498104104000134,12.496537061000721],[122.498117415000166,12.496534895000719],[122.498144035000237,12.496530565000805],[122.498152909000169,12.496526234000802],[122.498164001000205,12.496524068000801],[122.498172875000137,12.496519737000797],[122.498183967000173,12.496515406000794],[122.49819727800012,12.496511075000791],[122.498210588000148,12.496506744000788],[122.498221680000086,12.496504578000787],[122.498232772000122,12.496504579000787],[122.498237813979756,12.49650556357774],[122.498257175000191,12.496506746000788],[122.498266048000204,12.496504580000787],[122.498274922000149,12.496506746000788],[122.498317434791829,12.496495727272636],[122.498324894000106,12.49649281500079],[122.498335036838057,12.496491165170296],[122.498353733000187,12.496486319000786],[122.498362607000203,12.496481987000783],[122.498375917000146,12.49647765600078],[122.498389228000192,12.496473325000776],[122.498404352091853,12.496472341721452],[122.498409193000157,12.496471160000775],[122.498422504000104,12.496471161000775],[122.498431377000216,12.496468995000773],[122.498451343656185,12.496471162000775],[122.498455779000182,12.496471162000775],[122.498471308000134,12.496473329000777],[122.498480181000161,12.496473329000777],[122.498491273000099,12.496473329000777],[122.498506802000151,12.496473330000777],[122.498515676000082,12.496473330000777],[122.498524549000194,12.496473331000777],[122.498533423000126,12.496473331000777],[122.498560043000197,12.49647766400078],[122.498568917000128,12.49647766400078],[122.498573357491125,12.496478747975024],[122.498586664000186,12.496479831000782],[122.498619939000179,12.496486330000787],[122.498631031000116,12.496488496000788],[122.498644341000158,12.496488497000788],[122.498655433000181,12.49649066300079],[122.498659870000196,12.49649066300079],[122.498670962000133,12.49649066300079],[122.498686490000182,12.496492830000792],[122.498697571915216,12.496495716359766],[122.49870645600015,12.496497162000795],[122.498719766000093,12.496501495000798],[122.498730858000116,12.4965036610008],[122.498737513000137,12.4965036610008],[122.498744168000158,12.4965036610008],[122.498749493676854,12.496504961659136],[122.498761915000117,12.496505828000801],[122.498770788000229,12.496507994000803],[122.498781880000166,12.496510160000804],[122.498790754000197,12.496512327000806],[122.498797409000204,12.496514493000808],[122.498810719000161,12.496516659000809],[122.498821811000184,12.496518825000811],[122.498830684000126,12.496520992000812],[122.498834010430102,12.496521803928582],[122.49884620809901,12.496524240203231],[122.498852868000185,12.496525324000816],[122.498858420303861,12.496526679381157],[122.498875506964566,12.496530092147848],[122.498886143000178,12.49653182300082],[122.498895017000208,12.496533989000822],[122.49895047600026,12.49654265500074],[122.498968223000134,12.496546987000743],[122.49897709700015,12.496546987000743],[122.498992625000113,12.496551320000746],[122.499003717000136,12.496551320000746],[122.499014809000172,12.496555652000749],[122.499025901000195,12.496557819000751],[122.499028119000201,12.496557819000751],[122.499043648000239,12.496562151000754],[122.499061395000112,12.496566483000757],[122.499070268000224,12.496568649000759],[122.499079142000156,12.49657081600076],[122.499088015000183,12.49657081600076],[122.499094670000204,12.496572982000762],[122.499101325000225,12.496575148000764],[122.499112417000248,12.496577314000765],[122.4991235090001,12.496579481000767],[122.499130164000121,12.496581647000768],[122.499143474000249,12.496585979000772],[122.49915234800018,12.496590311000775],[122.499163440000203,12.496592477000776],[122.499172313000145,12.496594643000778],[122.499178968000166,12.49659681000078],[122.499192278000109,12.496601142000783],[122.499212243000159,12.496611972000791],[122.499216680000089,12.496611972000791],[122.499251364000202,12.496620273000856],[122.499260237000129,12.496622439000857],[122.499271329000166,12.496626771000772],[122.499282421000188,12.496628937000773],[122.49929129400013,12.496633269000776],[122.499304605000162,12.496635436000778],[122.499310948329935,12.496636984479546],[122.499341306194154,12.49664272225842],[122.499351191000201,12.496644101000784],[122.499360064000129,12.496646267000786],[122.499371156000166,12.496646268000786],[122.499382248000188,12.496646268000786],[122.49939112100013,12.496646268000786],[122.499397776000151,12.496648435000788],[122.499411087000183,12.496648435000788],[122.49941996000021,12.496650601000789],[122.499426615000132,12.496652767000791],[122.499448799000191,12.496654934000793],[122.499467564090381,12.496660764370224],[122.499470983000165,12.496661432000797],[122.499484293000108,12.496665765000801],[122.499497603000151,12.496670097000804],[122.499530879000147,12.496674430000807],[122.499577464000097,12.496683095000813],[122.499586338000199,12.496685261000815],[122.499601866000162,12.496689593000818],[122.499631447755689,12.496693926000733],[122.499635142000244,12.496693926000733],[122.499646234000096,12.496696092000734],[122.499655107000208,12.496696093000734],[122.499666199000245,12.496696093000734],[122.499677291000097,12.496696093000734],[122.49968838300012,12.496696094000823],[122.499712040491559,12.496698260458858],[122.499721659000215,12.496698261000825],[122.499737188000168,12.496700427000826],[122.499759371000223,12.496702594000828],[122.49977268200017,12.496702594000828],[122.499781555000098,12.496702595000739],[122.499792647000135,12.496702595000739],[122.499805958000167,12.496702596000739],[122.499817050000104,12.496702596000739],[122.499834797000162,12.496702597000739],[122.49984810700019,12.496702597000739],[122.499859199000127,12.496702598000828],[122.499876946000185,12.496702598000828],[122.499885820000117,12.496702599000828],[122.499901348000151,12.49670476500083],[122.499912440000188,12.49670476500083],[122.499930187000146,12.49670476600083],[122.499943498000178,12.49670260100074],[122.499954590000115,12.49670260100074],[122.499963463000142,12.49670260100074],[122.499981210000186,12.49670260200074],[122.499996739000139,12.496702603000829],[122.500010050000085,12.496702603000829],[122.500023360000213,12.496702603000829],[122.500038889000166,12.496702604000829],[122.500051612529688,12.496702604820351],[122.500054417000214,12.496702605000829],[122.500074383000168,12.496702605000829],[122.500078820000184,12.496702605000829],[122.500094348000133,12.49670260600074],[122.500107659000179,12.49670260600074],[122.500118751000201,12.49670260700074],[122.500132061000144,12.49670260700074],[122.500147590000196,12.49670260800074],[122.500160900000225,12.49670260800074],[122.500178648000187,12.496702609000829],[122.500189740000209,12.496702609000829],[122.500203050000167,12.496702610000829],[122.500211924000183,12.496700444000828],[122.500218578213719,12.496700444500695],[122.500234108000157,12.496698279000737],[122.500242981000184,12.496698279000737],[122.500254073000207,12.496698280000738],[122.500282913000191,12.496691783000822],[122.500294005000228,12.496691784000822],[122.500305097000165,12.49668961800082],[122.500311755313888,12.49668961800082],[122.500329499000145,12.496687453000819],[122.500338373000162,12.496687453000819],[122.500340591000167,12.496687453000819],[122.500372871000181,12.496692983000832],[122.500381745000112,12.49668865200074],[122.500392837000149,12.496684321000737],[122.500403929000171,12.496682155000736],[122.500412802000113,12.496679990000823],[122.500423894000136,12.496677824000821],[122.500437205000082,12.49667565900082],[122.500448297000119,12.49667565900082],[122.500453866306202,12.496675659628496],[122.500457170000232,12.49667566000082],[122.500468262000169,12.49667566000082],[122.500483791000207,12.496673495000818],[122.500494883000243,12.496673495000818],[122.500508193292305,12.496672412534613],[122.500514849000197,12.496671330000728],[122.500519285000209,12.496671330000728],[122.500521504321924,12.496671330000728],[122.500529108255577,12.496670711602595],[122.500537032000082,12.496669165000815],[122.500548124000119,12.496669165000815],[122.500563653000157,12.496667000000814],[122.500576964000189,12.496664835000812],[122.500592492000138,12.496662669000811],[122.500594708285519,12.496662669500322],[122.500602483506341,12.496661585339739],[122.50060802100019,12.496660504000809],[122.500610238491447,12.496660504000809],[122.500625768000148,12.496658339000719],[122.50063907900018,12.496656174000806],[122.500641297000101,12.496656174000806],[122.500656826000139,12.496654008000805],[122.500665699000166,12.496654009000805],[122.500676791000188,12.496654009000805],[122.500721159000136,12.4966475130008],[122.500736688000174,12.4966475130008],[122.500754435000218,12.496645348000799],[122.500774401000186,12.496643183000797],[122.500812114000112,12.496634521000791],[122.500823206000135,12.496634521000791],[122.500832079000162,12.49663235600079],[122.500843171000099,12.49663235600079],[122.500852045000215,12.496630191000788],[122.500856482000131,12.496630191000788],[122.50087422900009,12.496628025000787],[122.500891982634485,12.496623692342022],[122.500898631000155,12.496621529000782],[122.500909723000191,12.49661936300078],[122.500918597000123,12.496615032000777],[122.500929689000159,12.496612866000776],[122.500943000000106,12.496610701000774],[122.500945218933765,12.496610701000774],[122.50096074700015,12.496608536000773],[122.500977383721477,12.496607453750395],[122.500982931000209,12.496606371000771],[122.500994023000146,12.496606371000771],[122.501007333000189,12.49660420600077],[122.501018425000211,12.496602040000768],[122.501033954000164,12.496599875000767],[122.501049483000202,12.496595544000764],[122.50106944900017,12.496591212000761],[122.501075991648733,12.496590299788322],[122.501100506000171,12.496584716000756],[122.501122687779329,12.496581468443599],[122.501129346000155,12.496580385000842],[122.501144874000104,12.49657822000084],[122.50115374800022,12.496576054000839],[122.50115596700013,12.496573888000837],[122.501228668488082,12.496558621508145],[122.501230311000157,12.496558087000773],[122.501232997779397,12.496557712395093],[122.50127246000018,12.496549426000767],[122.501281334000112,12.496549426000767],[122.501293656237308,12.49654557658336],[122.50129908100017,12.496542929000762],[122.501307955000101,12.496540763000761],[122.501314610000122,12.496538598000759],[122.501327546186019,12.496534990130312],[122.501336794000181,12.496532101000843],[122.501413695439084,12.496512852570261],[122.501414438000211,12.49651261100083],[122.501423312000142,12.496510445000828],[122.501441059000186,12.496506114000825],[122.501457337634278,12.496503224780051],[122.501474335000097,12.496499618000732],[122.501487645000225,12.49649745200073],[122.501507611000193,12.496495287000817],[122.501512048000194,12.496493121000816],[122.501529795000067,12.496490956000814],[122.501531457910943,12.496490956000814],[122.501542430861846,12.496489732053204],[122.501545324000205,12.496488791000813],[122.501563071000163,12.496486626000811],[122.501570277282312,12.496486626000811],[122.5015785981861,12.496485697868485],[122.501587473000228,12.49648446000081],[122.501589691000135,12.49648446000081],[122.501636278000177,12.496475799000804],[122.5016473700002,12.496475799000804],[122.501658462000151,12.496475799000804],[122.501667335000164,12.496473634000802],[122.50168064600021,12.4964714680008],[122.501696004762294,12.496470635805066],[122.50170283000017,12.496469303000799],[122.501720577000128,12.496469304000799],[122.501731669000165,12.496467138000797],[122.501747197000199,12.496467139000798],[122.501771600000183,12.496462808000794],[122.50178047300011,12.496462808000794],[122.501787128000132,12.496460642000793],[122.501848215000209,12.496455268000792],[122.501858392000173,12.496451956000785],[122.501895708000148,12.49644533400077],[122.501912670000124,12.49644533400077],[122.501926239000184,12.496442022000762],[122.501936416000134,12.496442023000762],[122.50195337700012,12.496442023000762],[122.50200765500017,12.496432089000828],[122.502021224000146,12.496432089000828],[122.502044970000156,12.496425466000813],[122.502065324000242,12.496425467000813],[122.502070379623447,12.496424327990949],[122.502013041970159,12.496424222040234],[122.501828981539347,12.496423881843564],[122.501644921113865,12.496423541521127],[122.501645267530634,12.496242687193346],[122.501461207238549,12.496242346750295],[122.501277146951892,12.496242006181566],[122.501093086670664,12.496241665487071],[122.501093433465783,12.496060811172169],[122.500909373317867,12.49606047035706],[122.500725313175352,12.496060129416273],[122.500725660220866,12.495879275109099],[122.50060537700432,12.495879052239731],[122.500605396443348,12.495868924398588],[122.500605743566837,12.495688070092124],[122.500421683696288,12.495687728953984],[122.500422030942246,12.495506874650184],[122.500237971205109,12.495506533391429],[122.500238318573466,12.495325679090294],[122.500054258969726,12.495325337711014],[122.500054606460566,12.495144483412544],[122.499870546990152,12.49514414191256],[122.499686487525139,12.495143800286899],[122.499686835266445,12.494962945996244],[122.499502775934843,12.494962604249968],[122.499318716608585,12.494962262378104],[122.499134657287811,12.494961920380474],[122.499135005407481,12.494781066102609],[122.498950946220035,12.494780723984453],[122.498766887038002,12.49478038174062],[122.498767235408053,12.494599527470482],[122.498583176359432,12.494599185106035],[122.49839911731631,12.494598842615909],[122.498399465936643,12.494417988353677],[122.498215407026834,12.494417645743026],[122.498031348122453,12.494417303006609],[122.498031696993252,12.494236448752103],[122.497847638222268,12.49423610589516],[122.49784798721538,12.494055251643408],[122.497663928577794,12.49405490866585],[122.497664277693474,12.493874054416763],[122.497664626803626,12.493693200165277],[122.497480568427264,12.493692857072345],[122.497480917659828,12.493512002823435],[122.49748126688705,12.493331148572215],[122.497481616108772,12.493150294318509],[122.49748196532498,12.492969440062405],[122.497482314535773,12.492788585803813],[122.497666372272647,12.492788928871166],[122.497666721350029,12.492608074605025],[122.497667070422011,12.492427220336486],[122.497851127908589,12.492427563267947],[122.497851476847245,12.492246708991859],[122.497667419488565,12.492246366065549],[122.497483362135284,12.492246023013562],[122.497483711324236,12.49206516874529],[122.497299654104452,12.492064825572777],[122.497115596890012,12.492064482274587],[122.497115946329245,12.491883628014131],[122.496931889248202,12.491883284595415],[122.496747832172574,12.491882941051022],[122.496563775102459,12.491882597380952],[122.496564124919871,12.491701743133463],[122.496380067983168,12.491701399342956],[122.496380417922978,12.491520545098131],[122.49638076785736,12.491339690850909],[122.496196711181781,12.491339346944939],[122.496012654511787,12.49133900291338],[122.495828597847122,12.491338658756144],[122.495644541188042,12.49133831447323],[122.495644190742155,12.491519168699936],[122.495460133960606,12.491518824286194],[122.495276077184656,12.491518479746864],[122.495275726477544,12.491699333960868],[122.495091669579111,12.491698989290798],[122.495091318738602,12.491879843497165],[122.494907261717856,12.491879498696266],[122.49490691074395,12.492060352895082],[122.49472285360082,12.492060007963355],[122.494722502493588,12.492240862154533],[122.494538445227974,12.492240517091977],[122.494354387967874,12.492240171903832],[122.494354036599347,12.49242102608231],[122.494169979216949,12.492420680763248],[122.493985921839865,12.492420335318597],[122.493985570210128,12.492601189484374],[122.493801512710746,12.492600843908805],[122.493617455216793,12.492600498207649],[122.493433397728424,12.492600152380815],[122.493249340245569,12.492599806428304],[122.493249692386826,12.492418952283222],[122.493065635037368,12.492418606210185],[122.493065987301009,12.492237752067856],[122.492881930084963,12.492237405874382],[122.492882282471001,12.492056551734718],[122.492882634851526,12.491875697592656],[122.492698577896689,12.491875351283808],[122.492698930399612,12.491694497144499],[122.492699282897021,12.491513643002703],[122.49251522620348,12.491513296578569],[122.492515578823202,12.491332442439527],[122.492331522262987,12.491332095894956],[122.492331169515367,12.491512950028758],[122.492330816762262,12.491693804160251],[122.492146759951837,12.491693457479611],[122.49214640706532,12.491874311603466],[122.491962350132511,12.491873964791997],[122.4917782932053,12.491873617854941],[122.491594236283603,12.491873270792118],[122.491410179367406,12.491872923603706],[122.491410532765428,12.491692069500635],[122.491226475982629,12.491691722191787],[122.491226829503049,12.49151086809138],[122.491042772853746,12.491510520662095],[122.491043126496464,12.49132966656453],[122.491043480133754,12.491148812464479],[122.49085942374559,12.491148464919819],[122.490859777505179,12.49096761082261],[122.490860131259282,12.490786756722914],[122.490860485007772,12.490605902620731],[122.490860838750763,12.490425048516238],[122.490861192488154,12.490244194409259],[122.490677136744978,12.490243846764946],[122.490677490604767,12.49006299266072],[122.490677844458958,12.489882138554007],[122.490678198307734,12.489701284444896],[122.490678552150911,12.489520430333387],[122.49049449692464,12.48952008258418],[122.490310441703897,12.489519734709384],[122.49012638648874,12.489519386708912],[122.490126740709925,12.489338532610637],[122.489942685628165,12.489338184489727],[122.489758630551918,12.489337836243228],[122.4897589850233,12.489156982152769],[122.489759339489098,12.488976128060001],[122.489575284674061,12.488975779698217],[122.489575639262242,12.488794925608113],[122.489575993844824,12.488614071515611],[122.489391939291011,12.48861372303872],[122.489207884742868,12.48861337443615],[122.489207529904576,12.488794228518172],[122.489023475234049,12.488793879784774],[122.48902312026236,12.488974733859246],[122.488839065469534,12.48897438499502],[122.488655010682294,12.488974036005116],[122.48865465544938,12.489154890066709],[122.488470600539856,12.489154540946066],[122.488470245173446,12.489335395000021],[122.488469889801621,12.489516249051489],[122.48865394496687,12.489516598182613],[122.488653589717259,12.489697452236923],[122.488653234462063,12.489878306288835],[122.488652879201354,12.49005916033826],[122.488468823652596,12.490058811191505],[122.48846846825839,12.490239665233291],[122.488284412587234,12.490239315955618],[122.488100356921692,12.490238966552356],[122.488100001266275,12.490419820581264],[122.48791594547842,12.490419471047174],[122.48773188969615,12.490419121387406],[122.487731533779439,12.490599975403436],[122.487547477874784,12.490599625612839],[122.487363421975729,12.490599275696566],[122.487179366082273,12.490598925654615],[122.487179722382592,12.490418071654306],[122.486995666622533,12.490417721491918],[122.486996023045165,12.490236867494362],[122.486811967418518,12.490236517211626],[122.486812323963434,12.490055663216824],[122.486628268470284,12.49005531281365],[122.486444212982718,12.490054962284889],[122.486443856182092,12.490235816269211],[122.486443499375952,12.490416670251134],[122.486443142564127,12.490597524230571],[122.486442785746789,12.49077837820761],[122.486442428923866,12.490959232182162],[122.486442072095343,12.491140086154404],[122.48662612835011,12.491140436714518],[122.486810184610476,12.491140787149133],[122.486994240876442,12.491141137457982],[122.487178297147906,12.491141487641242],[122.487177940825376,12.49132234163187],[122.487361997230337,12.491322691694693],[122.487361641030034,12.491503545688163],[122.487361284824118,12.491684399679146],[122.487360928612702,12.491865253667731],[122.487176871824133,12.491864903589276],[122.487176515479234,12.492045757570223],[122.486992458568366,12.49204540736085],[122.486992102090042,12.49222626133407],[122.48680804505679,12.492225910993868],[122.486623988029208,12.492225560527901],[122.486439931007141,12.492225209936345],[122.486255873990672,12.492224859219023],[122.486071816979802,12.492224508376113],[122.485887759974432,12.492224157407614],[122.485703702974746,12.492223806313349],[122.485519645980645,12.492223455093496],[122.485520003482051,12.49204260116211],[122.485335946621376,12.49204224982182],[122.485151889766286,12.492041898355852],[122.48496783291688,12.492041546764208],[122.484968190796295,12.491860692846144],[122.484784134080286,12.491860341134151],[122.484600077369876,12.491859989296481],[122.484416020665066,12.491859637333134],[122.484231963965939,12.491859285244109],[122.484047907272327,12.491858933029496],[122.483863850584385,12.491858580689206],[122.483679793901956,12.491858228223238],[122.483680152670971,12.491677374339458],[122.483496096122124,12.491677021753143],[122.483496455013452,12.491496167872294],[122.48349681389908,12.491315313988958],[122.48349717277911,12.491134460103224],[122.48349753165364,12.490953606215092],[122.483497890522401,12.490772752324473],[122.483313834618556,12.49077239963877],[122.483314193609615,12.490591545750993],[122.483130137839169,12.490591192944942],[122.482946082074406,12.490590840013303],[122.482946441315576,12.490409986133608],[122.482762385684296,12.490409633081532],[122.482762745047779,12.490228779204768],[122.482578689549911,12.490228426032344],[122.482579049035593,12.490047572158334],[122.48257940851569,12.489866718281926],[122.482579767990089,12.489685864403031],[122.482580127458988,12.489505010521738],[122.482580486922203,12.489324156638046],[122.482580846379733,12.489143302751957],[122.482581205831664,12.488962448863381],[122.482581565278096,12.488781594972318],[122.482581924718758,12.488600741078946],[122.482397870377213,12.488600387828273],[122.482398229940159,12.488419533937742],[122.482214175732111,12.48841918056681],[122.482214535417285,12.488238326679033],[122.482030481342633,12.488237973187752],[122.482030841150021,12.488057119302818],[122.481846787208866,12.488056765691278],[122.481847147138467,12.487875911809185],[122.481663093330795,12.487875558077208],[122.481479039528736,12.487875204219643],[122.481294985732347,12.487874850236489],[122.481295346039786,12.487693996367897],[122.481111292376895,12.487693642264395],[122.480927238719602,12.487693288035215],[122.480927599277052,12.487512434174795],[122.480743545753256,12.487512079825356],[122.48074390643292,12.487331225967688],[122.480559853042607,12.48733087149799],[122.480375799657892,12.487330516902615],[122.480191746278777,12.487330162181651],[122.480007692905346,12.48732980733501],[122.479913058339349,12.487329624819282],[122.479855338235637,12.488260274000771],[122.479856665000142,12.488260274000771],[122.479865372000162,12.488263108000828],[122.479876981000146,12.488268775000764],[122.479891491000188,12.488280110000813],[122.479903100000257,12.488285777000749],[122.479914709000155,12.488282944000781],[122.479929946150094,12.488275151516524],[122.479940829000185,12.488268776000764],[122.479952438000169,12.488263109000828],[122.479964047000152,12.488257442000803],[122.479975656000221,12.488251775000778],[122.479993069000244,12.488251776000778],[122.480004678000228,12.488257443000803],[122.480013385000149,12.488265944000796],[122.479998873000184,12.488288612000806],[122.479993069000244,12.488305613000792],[122.479990167000182,12.488311280000817],[122.479995971000221,12.488322615000778],[122.480001775000247,12.488333949000738],[122.480007579000116,12.488345283000788],[122.480022090000162,12.488365118000742],[122.480039504000175,12.488365118000742],[122.480051112000154,12.488367952000798],[122.480065623000201,12.488376453000791],[122.480074330000221,12.488379287000759],[122.480085939000205,12.488373620000823],[122.480100450000066,12.488373620000823],[122.480112059000135,12.488373620000823],[122.480123668000118,12.488367953000798],[122.480132375000139,12.488359453000806],[122.480146886000185,12.488350952000813],[122.480158495000168,12.488345285000788],[122.480170103000233,12.488345285000788],[122.480178810000154,12.488350953000813],[122.480187517000161,12.488359453000806],[122.480193321000201,12.488373621000823],[122.480202027000118,12.488384955000784],[122.480213636000101,12.488390623000809],[122.480222343000122,12.488382122000816],[122.480222343000122,12.488367954000799],[122.480219441000145,12.488356620000749],[122.480210734000138,12.488348119000756],[122.480216539000168,12.488336785000795],[122.480228148000151,12.488345286000788],[122.480239756000131,12.488353787000781],[122.480254267000177,12.488356621000749],[122.480262974000198,12.488356621000749],[122.480271681000204,12.488362288000774],[122.480268778000223,12.488376456000791],[122.480248463000152,12.488390623000809],[122.480242658000194,12.48840195700077],[122.480242658000194,12.488413291000731],[122.480242658000194,12.488427459000748],[122.480245560000171,12.488438793000798],[122.48024701155984,12.48844729727959],[122.48025136400021,12.488467129000833],[122.480257168000151,12.488481297000762],[122.480254266000188,12.488492631000812],[122.480248461000144,12.488506798000829],[122.480251363000207,12.488523800000815],[122.480251363000207,12.488532300000807],[122.480254265000184,12.488543635000768],[122.480254265000184,12.488560636000754],[122.480251363000207,12.488574804000772],[122.480238591652935,12.48859407345507],[122.480236851000157,12.488597472000782],[122.480233123131399,12.488602324609586],[122.480219438000148,12.488622973000849],[122.48021363300019,12.488637141000778],[122.480216535000167,12.488645642000771],[122.480219437000144,12.488662643000756],[122.480228144000151,12.488673977000806],[122.480236850000168,12.488682478000799],[122.480245557000174,12.488688145000735],[122.480260068000135,12.488690979000792],[122.480262970000098,12.488702313000752],[122.480265872000075,12.48871648100077],[122.480262969000108,12.48872781500082],[122.480260067000131,12.48873914900078],[122.480254262000088,12.488753317000798],[122.480248458000148,12.488767484000816],[122.480245555000081,12.488778819000776],[122.480242653000204,12.488790153000737],[122.480245555000081,12.488804320000755],[122.480251359000121,12.488815655000804],[122.480262968000105,12.488824155000797],[122.480268772000144,12.488838323000815],[122.480268772000144,12.488855325000801],[122.480265870000167,12.488869492000818],[122.480260065000124,12.488880826000779],[122.480251358000118,12.488889327000772],[122.480262967000101,12.488914829000839],[122.480262966000197,12.488919291000764],[122.480271673000203,12.488924958000789],[122.480283282000187,12.488933459000782],[122.48029489100017,12.488939126000806],[122.48030069500021,12.488950461000767],[122.480303597000173,12.488961795000728],[122.48030069500021,12.488973129000778],[122.480289086000226,12.488978796000803],[122.480277477000143,12.488992964000731],[122.480280379000206,12.489004298000781],[122.480289085000223,12.489012799000774],[122.480300694000206,12.489018466000799],[122.48031230300019,12.489021300000767],[122.48031810700013,12.489032634000816],[122.480326814000151,12.489043968000777],[122.480332618000091,12.48905246900077],[122.480341325000097,12.489060970000763],[122.48034422700016,12.489077971000748],[122.480341324000193,12.489092139000766],[122.480338422000131,12.489106307000784],[122.480332617000187,12.489126141000737],[122.480329715000124,12.489134642000819],[122.480326813000147,12.489143143000812],[122.480323910000166,12.489157310000829],[122.480326812000143,12.489171478000758],[122.480326812000143,12.489179979000751],[122.480321008000104,12.489196980000736],[122.48031520300016,12.489208314000786],[122.480318105000137,12.489222482000804],[122.480318105000137,12.489233816000764],[122.480318105000137,12.489245150000814],[122.480321007000114,12.489264985000768],[122.480321007000114,12.489276319000817],[122.480329712351391,12.489296153233829],[122.480332615000179,12.489301822000796],[122.480338419000219,12.489315989000813],[122.480341322000186,12.489330157000742],[122.480344224000163,12.48934432500076],[122.480344223000159,12.489355659000809],[122.480341321000196,12.48936699300077],[122.480341321000196,12.48937832700082],[122.480341321000196,12.489395329000805],[122.480347125000222,12.489415164000759],[122.480352929000176,12.48942366400084],[122.480361636000183,12.489432165000744],[122.480367440000137,12.489443499000794],[122.4803703420001,12.489463334000748],[122.480379049000121,12.489477502000765],[122.480387755000123,12.489486003000758],[122.480391487164397,12.489490861201089],[122.480408070000209,12.489508671000769],[122.480422582000159,12.489511505000825],[122.480431288000176,12.489517172000761],[122.480439995000182,12.489522839000786],[122.480451603000077,12.489537007000804],[122.480460310000083,12.489554009000789],[122.480460310000083,12.489562509000782],[122.480457407000117,12.4895766770008],[122.480445798000218,12.489585177000793],[122.480434189000235,12.489590844000817],[122.480428385000195,12.489602178000778],[122.480419678000189,12.489613512000828],[122.480410971000182,12.489624847000789],[122.480408069000205,12.489639014000806],[122.48041387300016,12.489647515000799],[122.480439993000189,12.489667350000753],[122.480451602000073,12.489667350000753],[122.480477722000103,12.489673018000778],[122.480480624000165,12.489687185000795],[122.480474819000136,12.489695686000788],[122.480470465614133,12.489699936377638],[122.480460308000175,12.489712687000774],[122.480457406000113,12.489724021000734],[122.480460308000175,12.489738189000752],[122.480471916000155,12.48975235700077],[122.480477721000199,12.489763691000819],[122.480483525000139,12.48977502500078],[122.480489329000179,12.48978635900083],[122.480489329000179,12.489803361000815],[122.480492231000156,12.489814695000776],[122.480495133000218,12.489834530000818],[122.480495133000218,12.489845864000779],[122.480495133000218,12.48985719800074],[122.480506741000198,12.489882700000807],[122.480509644000179,12.489896868000825],[122.480524154000136,12.489922370000803],[122.480532861000142,12.489933704000764],[122.480541567000145,12.489945038000725],[122.480547372000188,12.489953539000807],[122.480567687000175,12.489970540000792],[122.480573492000218,12.489979041000785],[122.480541838000079,12.489999401000782],[122.480530229000095,12.490019236000736],[122.480527326000129,12.490030570000785],[122.480536033000135,12.490044738000803],[122.480547642000118,12.490050405000739],[122.480559251000102,12.490030570000785],[122.480570860000171,12.49002490300076],[122.480591175000171,12.490027737000817],[122.480599882000178,12.490033405000842],[122.480605686000217,12.490044739000803],[122.480611491000161,12.490058907000821],[122.480614393000224,12.490067407000724],[122.480611491000161,12.490081575000742],[122.48060278400024,12.490090076000824],[122.480591175000171,12.490098576000817],[122.48057666400021,12.490104243000841],[122.480567957000204,12.490109910000777],[122.480562152000161,12.490121244000738],[122.480567957000204,12.490135412000756],[122.480579565000184,12.490143913000749],[122.480594077000234,12.490143913000749],[122.480608588000194,12.490143913000749],[122.480620197000079,12.490135413000845],[122.480631806000162,12.490135413000845],[122.480646317000108,12.490135413000845],[122.480657926000191,12.490141080000781],[122.480666632000194,12.490158082000766],[122.480666632000194,12.490160915000823],[122.480666632000194,12.490177917000809],[122.480663730000131,12.490192085000826],[122.480657925000187,12.490203419000787],[122.480646316000119,12.490206252000844],[122.480634707000135,12.49021191900078],[122.480620196000089,12.490220420000773],[122.480611489000069,12.490228920000765],[122.480608587000106,12.490248755000808],[122.480605684000125,12.490254422000744],[122.480611489000069,12.490265756000793],[122.480626000000115,12.490274257000786],[122.480634707000135,12.490277091000754],[122.4806463150002,12.490282758000779],[122.480655022000121,12.490296926000797],[122.480657924000184,12.49030542700079],[122.480649217000177,12.4903280950008],[122.480640510000171,12.49033942900085],[122.480640510000171,12.490353597000778],[122.480640510000171,12.490367764000796],[122.480631803000151,12.490390433000806],[122.480623096000144,12.490396100000831],[122.480608585000098,12.490393266000774],[122.480599879000096,12.490384765000782],[122.480588270000197,12.490379098000757],[122.480573759000237,12.490379098000757],[122.480559247000187,12.490381931000814],[122.480547638000203,12.490390432000806],[122.480541834000178,12.490401766000767],[122.480533127000157,12.490415933000785],[122.480533127000157,12.490430101000802],[122.480541833000174,12.490441435000763],[122.480553442000158,12.490447103000788],[122.48057085600017,12.490447103000788],[122.480585367000216,12.490447103000788],[122.480599878000092,12.490447103000788],[122.480614389000138,12.49044427000082],[122.480628900000184,12.49044427000082],[122.480643412000134,12.490449937000756],[122.480660825000157,12.490458438000838],[122.480669532000164,12.490464105000774],[122.480681140000243,12.490472606000766],[122.480689847000079,12.490481107000759],[122.480692749000141,12.490498108000834],[122.480686944000098,12.49050377500077],[122.480675336000203,12.490498108000834],[122.480660824000154,12.490498108000834],[122.480646313000207,12.490500941000802],[122.480634704000124,12.490500941000802],[122.480623095000141,12.49049244000072],[122.480614389000138,12.490483940000816],[122.480599878000092,12.490483939000816],[122.480588269000108,12.490495273000777],[122.480585366000128,12.490506608000738],[122.480585366000128,12.490523609000812],[122.480585366000128,12.490532109000805],[122.480582463000161,12.490543444000766],[122.480573757000244,12.490554778000815],[122.480573757000244,12.490566112000776],[122.480588268000105,12.490577446000737],[122.480596974000122,12.490580280000794],[122.480611485000168,12.490583114000762],[122.480625997000118,12.490583114000762],[122.480637606000187,12.490585947000818],[122.480649214000181,12.490602949000804],[122.48065501900021,12.490614283000765],[122.480657921000187,12.490622784000758],[122.480657921000187,12.4906426190008],[122.48066082300025,12.490653953000761],[122.48066082300025,12.490665287000811],[122.48066662700019,12.490676621000771],[122.480675334000111,12.490685122000764],[122.480684040000128,12.490693623000757],[122.480695649000111,12.490702123000839],[122.48070725800018,12.490704957000807],[122.480718867000164,12.490704957000807],[122.480730476000147,12.490699290000782],[122.480736280000187,12.490690790000789],[122.480739183000154,12.490676622000771],[122.480742085000216,12.490668121000779],[122.480742085000216,12.490656787000729],[122.480747890000174,12.490645453000768],[122.48075659700018,12.490634119000807],[122.480768206000249,12.490625618000726],[122.480779815000233,12.49061995200079],[122.480794326000108,12.490622785000758],[122.480803033000115,12.490625619000815],[122.48081464100018,12.490634120000808],[122.480826250000163,12.4906426200008],[122.480834957000184,12.490653955000761],[122.480834957000184,12.490668122000779],[122.480832054000203,12.490679456000828],[122.480829151110456,12.490685125238441],[122.480823347000197,12.49070212500075],[122.480823347000197,12.490719126000824],[122.480820445000134,12.490727627000817],[122.48081464000019,12.490738961000778],[122.480808836000151,12.490750295000828],[122.48080593300017,12.490764462000845],[122.480808835000147,12.490775797000806],[122.480811738000128,12.490787131000767],[122.480808835000147,12.490798465000816],[122.48080593300017,12.490809799000777],[122.480791422000124,12.490815466000802],[122.48077981300014,12.49081830000077],[122.480768204000071,12.490821133000827],[122.480756595000173,12.490821133000827],[122.480750790719483,12.490819716054355],[122.480733377000206,12.49081829900077],[122.4807246700002,12.490823966000795],[122.480721768000137,12.490835300000844],[122.480727572000177,12.490843801000748],[122.480742083000223,12.49085230200083],[122.480753692000121,12.490849468000773],[122.480765301000105,12.49085230200083],[122.480776910000174,12.490855136000798],[122.480788519000157,12.490863636000791],[122.480788519000157,12.490874970000752],[122.480791421000134,12.490886305000801],[122.480794323000197,12.490897639000762],[122.48079722500016,12.490908973000812],[122.480803029000199,12.490923141000829],[122.480804481716731,12.490927394562954],[122.480811736000206,12.490945809000751],[122.480808834000143,12.4909571430008],[122.480805931000177,12.49096847800085],[122.480826390000175,12.490994272000764],[122.480846705000175,12.491005607000814],[122.480861217000225,12.491011274000838],[122.480875728000171,12.491016941000774],[122.48088733700007,12.491025442000767],[122.480896044000076,12.49103394300076],[122.480901848000116,12.491042444000842],[122.480907652000155,12.491073613000756],[122.480913457000099,12.491082113000838],[122.480922164000106,12.491096281000766],[122.480925066000168,12.491104782000759],[122.480933772000185,12.491113283000841],[122.480945381000168,12.491118950000777],[122.480956990000237,12.49112745100077],[122.480972660839171,12.491141050857832],[122.480977306000227,12.491144452000844],[122.480983115180123,12.491150123740633],[122.48098963490186,12.491155781932948],[122.481000524000109,12.491164287000798],[122.481009231000115,12.491172788000791],[122.481023738255516,12.491181287416628],[122.481029546000201,12.491184123000751],[122.481038253000122,12.491189790000776],[122.481052764000168,12.491198291000769],[122.481061471000174,12.491206791000762],[122.481070178000195,12.491212458000787],[122.481084689000241,12.491209625000819],[122.481105005000146,12.491212459000787],[122.481113712000152,12.491215292000755],[122.481139832000181,12.491229460000772],[122.481151441000165,12.49123229400074],[122.481163050000148,12.491240795000822],[122.481168854000188,12.491249296000815],[122.481165952000211,12.491260630000776],[122.481157245000205,12.491271964000825],[122.481145636000122,12.491271964000825],[122.481131125000175,12.491274797000793],[122.481116613000125,12.491277631000761],[122.481107906000119,12.49127763000085],[122.481096297000136,12.491286131000754],[122.481096297000136,12.491300299000772],[122.481116614754626,12.49130738355114],[122.481122417000165,12.491308800000764],[122.481136929000115,12.491314467000789],[122.481151440000161,12.491317301000757],[122.481186267000197,12.491297466000804],[122.481197876000095,12.491291799000779],[122.481209485000079,12.491286132000754],[122.481221094000148,12.491280465000818],[122.481235606000112,12.491274798000793],[122.481244312000115,12.491277632000761],[122.481250117000158,12.491291800000779],[122.481255921000198,12.491308801000764],[122.481258823000161,12.491320135000725],[122.481261725000138,12.491331469000775],[122.481279133401699,12.491363574766554],[122.481282041000227,12.491368306000803],[122.481287845000168,12.491379640000764],[122.48129074700023,12.491390974000813],[122.481293650000211,12.491402308000774],[122.481287845000168,12.491410809000767],[122.481287845000168,12.491424976000784],[122.481293649000122,12.491439144000802],[122.481305258000106,12.491444811000827],[122.481316867000174,12.491439144000802],[122.481328476000158,12.491430644000809],[122.481340085000141,12.491430644000809],[122.48135169400021,12.491439145000802],[122.481360401000131,12.491450479000763],[122.481389423000223,12.49147598100083],[122.481409739000128,12.491487315000791],[122.481418446000134,12.491478815000798],[122.481418446000134,12.491467481000749],[122.481415544000072,12.491456146000788],[122.481406837000065,12.49144197900077],[122.481406837000065,12.491433478000777],[122.481401033000211,12.49141931000076],[122.481399584637273,12.491415069186038],[122.481392326000204,12.491396642000749],[122.481386522000165,12.491385308000789],[122.481380717000221,12.491373973000828],[122.481372011000204,12.49135980600081],[122.481366206000175,12.491354139000785],[122.481354597000191,12.491342804000825],[122.481348793000151,12.4913371370008],[122.481340086000145,12.491322969000782],[122.481337184000168,12.491311635000821],[122.481340086000145,12.491297467000804],[122.481342989000112,12.491288967000811],[122.481351696000118,12.491283300000786],[122.481363305000201,12.491283300000786],[122.481372011000204,12.491291801000779],[122.48138071800021,12.491300301000772],[122.481389424000227,12.491314469000789],[122.481395229000171,12.491328637000807],[122.481403936000177,12.491339971000768],[122.481412642000109,12.491351305000729],[122.481421349000115,12.491362640000778],[122.481430055000118,12.491371140000771],[122.481435860000161,12.491385308000789],[122.481441664000101,12.491393809000781],[122.481447469000145,12.491405143000831],[122.481459078000128,12.491410810000767],[122.481467784000131,12.491422144000817],[122.481479393000214,12.491424978000785],[122.481491002000197,12.491422145000817],[122.481502611000181,12.491422145000817],[122.481517122000128,12.491427812000753],[122.481528731000111,12.491427812000753],[122.481537438000132,12.491419311000849],[122.481540340000095,12.491407977000799],[122.481540341000098,12.491390976000813],[122.481554852000144,12.491328638000807],[122.481560657000188,12.491322971000782],[122.481572266000171,12.49132580500075],[122.481580973000177,12.491328638000807],[122.481583875000155,12.491339973000768],[122.481583875000155,12.491354140000785],[122.481580972000174,12.491368308000803],[122.481578070000197,12.491379642000764],[122.481580972000174,12.491390976000813],[122.481583874000151,12.491402310000774],[122.48158967900018,12.491413645000735],[122.48159548300022,12.491424979000785],[122.481601287000174,12.491436313000834],[122.481604190000226,12.491447647000795],[122.481621603000079,12.491478816000798],[122.481633212000148,12.491484484000823],[122.481644821000131,12.491487317000791],[122.481656430000115,12.491490151000759],[122.481668039000184,12.491495818000784],[122.481679648000167,12.491498652000841],[122.481691256000147,12.491498652000841],[122.48170286500023,12.491504319000777],[122.481711572000236,12.49151282000077],[122.481720279000243,12.491521320000762],[122.481720279000243,12.49153548800078],[122.481720279000243,12.491549656000798],[122.481723181000135,12.491563823000815],[122.481728985000075,12.491572324000808],[122.481737692000081,12.491577991000744],[122.481749301000164,12.49156949100084],[122.481755105000104,12.491555323000822],[122.481772519000131,12.49153548800078],[122.481781226000138,12.491526988000787],[122.481792835000206,12.491521321000763],[122.48179428525728,12.491542568373868],[122.481795737000184,12.491549656000798],[122.481795737000184,12.491563824000727],[122.481801541000223,12.491577992000744],[122.481801541000223,12.491592159000762],[122.481811212829513,12.491624267369881],[122.481813150000207,12.49162899500079],[122.48181605200017,12.491640330000751],[122.481813150000207,12.4916516640008],[122.481804443000186,12.491662998000761],[122.481801541000223,12.491674332000811],[122.481807345000163,12.491682833000803],[122.48181605200017,12.491691333000796],[122.481827661000068,12.491694167000764],[122.481847976000154,12.491677166000779],[122.481862488000104,12.491671499000843],[122.481874097000187,12.491668666000786],[122.481888608000133,12.491668666000786],[122.481900217000216,12.491662999000761],[122.481914721659109,12.491653086510377],[122.481920533000206,12.491648831000832],[122.481929240000213,12.491643164000807],[122.48193794600013,12.491645998000775],[122.481946653000151,12.491657332000825],[122.481949555000114,12.491668666000786],[122.481955360000157,12.491680000000747],[122.481961164000097,12.491691334000796],[122.481966968000137,12.491702669000757],[122.481982542000182,12.491727821000795],[122.481985444000159,12.491736321000788],[122.481985444000159,12.491753323000774],[122.481988346000222,12.491767491000791],[122.481991249000188,12.491778825000752],[122.481994151000166,12.491790159000802],[122.481999955000205,12.491798660000795],[122.482011564000189,12.491801493000763],[122.482017369000218,12.491790159000802],[122.48202027100011,12.491778825000752],[122.482023174000261,12.491767491000791],[122.482031880000093,12.491756157000831],[122.4820405870001,12.491750490000806],[122.482052196000168,12.491744823000781],[122.482058001000127,12.491733488000731],[122.482058001000127,12.491724988000739],[122.482046392000143,12.491719321000803],[122.482034783000159,12.491716487000835],[122.482023174000261,12.491713653000778],[122.482017369000218,12.491705153000785],[122.482020272000199,12.491693818000824],[122.482026076000139,12.491682484000775],[122.482034783000159,12.49167681700075],[122.482049294000106,12.491671150000814],[122.482063806000156,12.491671150000814],[122.482084119455877,12.491673984000782],[122.482089926000185,12.491673984000782],[122.482104437000231,12.49167681800075],[122.482118949000196,12.491682485000775],[122.482133460000242,12.491688152000799],[122.482145069000126,12.491693819000735],[122.482150874000084,12.49169948700076],[122.482150874000084,12.491716488000835],[122.482150874000084,12.491727822000795],[122.482145069000126,12.491739156000756],[122.482136362000119,12.491750490000806],[122.482118947092644,12.491760408531514],[122.482113144000152,12.491764658000735],[122.482101535000169,12.491770325000759],[122.482092828000162,12.491778826000752],[122.482087024000123,12.491787326000834],[122.482089926000185,12.491801494000851],[122.482098632000202,12.491809995000756],[122.482102988134315,12.491815665429682],[122.482116046000215,12.491829830000798],[122.482134896034907,12.491842572026544],[122.482142166000159,12.491846831000784],[122.482153775000143,12.491855332000776],[122.482159580000086,12.491866666000737],[122.482168287000093,12.491875167000819],[122.482176993000195,12.491883668000812],[122.482188603000182,12.491895002000772],[122.482200212000166,12.49189783500074],[122.482214723000212,12.49189783500074],[122.482226332000195,12.491895002000772],[122.482240843000241,12.491900669000797],[122.482252452000139,12.491912003000758],[122.482258257000083,12.49192050400084],[122.482264061000123,12.4919318380008],[122.482261159000146,12.491943173000761],[122.482261159000146,12.491960174000747],[122.482261159000146,12.491974342000765],[122.482255354000102,12.491988509000782],[122.482255354000102,12.492005511000768],[122.48225825600008,12.492019678000785],[122.482264061000123,12.492031013000746],[122.482278572000169,12.492039513000828],[122.482290181000153,12.492036680000771],[122.482295986000182,12.492022512000842],[122.482301790000136,12.492011178000793],[122.482307595000165,12.491999844000832],[122.482322106000211,12.491988510000782],[122.482310497000142,12.491968675000829],[122.482298888000159,12.491963008000804],[122.482284377000113,12.491954507000811],[122.482275670000107,12.491946006000729],[122.482281475000136,12.491934672000768],[122.482290182000142,12.491923338000808],[122.482301791000125,12.49192050400084],[122.482316302000172,12.491926172000776],[122.482327911000155,12.491934672000768],[122.482342422000201,12.491940339000793],[122.482356934000251,12.491946007000729],[122.482368543000149,12.491948840000786],[122.48238305400011,12.491960174000747],[122.482385956000172,12.491971509000797],[122.482388858000135,12.491985676000814],[122.482391760000112,12.491999844000832],[122.482397565000156,12.492008345000825],[122.482409174000139,12.492014012000761],[122.482423685000185,12.492016846000817],[122.482435294000169,12.492016846000817],[122.482446903000238,12.492016846000817],[122.482464317000165,12.492022513000753],[122.482475926000149,12.492028180000778],[122.482487535000132,12.492033847000803],[122.482499144000116,12.492036681000771],[122.482510753000099,12.492033847000803],[122.482522362000168,12.492028180000778],[122.482533971000151,12.492022513000753],[122.482545580000135,12.492022513000753],[122.482554287000156,12.492031014000835],[122.482554287000156,12.492048015000732],[122.482554287000156,12.492065016000806],[122.482557189000218,12.492076351000767],[122.482557189000218,12.492084851000849],[122.482545580000135,12.492096185000809],[122.482531068000185,12.492104686000802],[122.482522362000168,12.49210751900077],[122.482513655000162,12.49211885400082],[122.482513655000162,12.492127354000813],[122.482516557000139,12.492135855000805],[122.482525264000145,12.492147189000766],[122.482533970000162,12.492152856000791],[122.482545579000231,12.492161357000784],[122.482557188000214,12.492169858000777],[122.482568797000198,12.492178358000769],[122.482605651000227,12.492195221000744],[122.482616087000196,12.492200317000721],[122.482636961000154,12.492205412000787],[122.482647398000125,12.492210507000765],[122.482657834000193,12.492215603000743],[122.482663052000092,12.492225793000786],[122.482673489000149,12.492230888000764],[122.482683926000135,12.492238531000774],[122.482691753000154,12.492246173000785],[122.482704799000174,12.492253816000796],[122.482712627000197,12.492256364000829],[122.482723063000165,12.492261459000806],[122.482730891000202,12.492269101000728],[122.482738718000135,12.492279292000772],[122.482746545000154,12.492289482000816],[122.48275698200014,12.492297124000826],[122.482762200000124,12.492309862000814],[122.482759590000171,12.492320051000769],[122.482756981000222,12.492330241000813],[122.482754371000183,12.492340431000768],[122.482759589000082,12.492350621000812],[122.482772635000188,12.492355716000789],[122.482785681000195,12.4923633590008],[122.482796118000081,12.49237100100081],[122.482806554000149,12.492393929000754],[122.48281960000017,12.492404119000797],[122.482827427000188,12.492411762000808],[122.48284047300011,12.492414309000752],[122.482850910000096,12.492411762000808],[122.482858738000203,12.492406668000831],[122.48286917500009,12.492404121000797],[122.482879612000161,12.492404121000797],[122.482887439000095,12.492409216000775],[122.482897876000152,12.492416859000786],[122.482908312000134,12.492424501000796],[122.482913531000122,12.492432144000807],[122.482917880191167,12.492446584202019],[122.482921357000151,12.49245507100075],[122.482923314077581,12.492464625349351],[122.482926575000221,12.492475451000837],[122.48293179300012,12.492485641000792],[122.482942230000191,12.492493283000803],[122.482950058000128,12.492488189000737],[122.482955277000201,12.492475452000837],[122.48295788628073,12.492471630089872],[122.482965714000173,12.49245507200075],[122.482970933000161,12.492447430000739],[122.482976151000244,12.492444883000795],[122.482983979000181,12.492452526000717],[122.482978760000094,12.492462715000761],[122.482981369000143,12.492472905000804],[122.483017897000138,12.492495833000747],[122.48302833400021,12.492500928000725],[122.483038771000182,12.492498381000781],[122.483049208000153,12.49249073900077],[122.483062254000174,12.49249074000077],[122.483070081000193,12.492495835000836],[122.483075300000181,12.492508572000824],[122.483076604327934,12.492526407233937],[122.483077908000126,12.492531499000767],[122.483077908000126,12.492544236000844],[122.48308312600021,12.492551879000855],[122.483103999000164,12.492564617000754],[122.483111827000101,12.492572259000765],[122.483109217000234,12.492587544000786],[122.483106607000195,12.49259773400083],[122.483103998000161,12.492610471000729],[122.483098779000173,12.492620660000773],[122.48309095100015,12.492630850000817],[122.483083123000114,12.492641039000771],[122.48308051300026,12.492651229000815],[122.483083122000124,12.49266141900077],[122.48309877700008,12.492679251000736],[122.483109214000152,12.492684347000802],[122.483113126106701,12.492686893593694],[122.483127478000142,12.492694537000757],[122.483137943000216,12.492727001000778],[122.483150989000137,12.492749928000721],[122.483158816000071,12.492755023000788],[122.483169253000142,12.492757571000732],[122.483182300000152,12.492755024000788],[122.483197955000122,12.492757572000821],[122.483205782000141,12.492767762000776],[122.483213610000078,12.49277795200082],[122.483221437000196,12.492788142000775],[122.483226656000184,12.492798332000818],[122.483218828000162,12.492808522000773],[122.483208391000176,12.492811069000807],[122.483195344000166,12.492818711000817],[122.48320056200015,12.492841638000849],[122.483210999000221,12.492849281000771],[122.483221435000104,12.492856924000781],[122.483229263000226,12.492867114000736],[122.483237090000245,12.492872209000803],[122.483247527000216,12.492882399000758],[122.483257964000103,12.492887494000824],[122.483273619000158,12.492900232000812],[122.483281446000191,12.4929129700008],[122.483289274000214,12.492920612000811],[122.483297101000147,12.492928255000733],[122.483315365000152,12.492956277000831],[122.483320583000136,12.492961372000719],[122.483333630000146,12.492958825000775],[122.483333630000146,12.49294863600082],[122.483325803000213,12.49294099300081],[122.483328412000162,12.492933351000799],[122.483344067000218,12.492933351000799],[122.483359723000177,12.492933352000799],[122.483370160000149,12.492935899000743],[122.48338320600017,12.492943542000754],[122.483391033000188,12.49294863700082],[122.483401470000175,12.492956280000742],[122.483413773561722,12.492967200751357],[122.483419734000165,12.492971565000763],[122.483430171000151,12.492981755000807],[122.483435389000221,12.492989398000818],[122.483440607000119,12.49299704000074],[122.483445825000203,12.493007230000783],[122.483453653000225,12.493019968000771],[122.483458871000124,12.493025063000838],[122.483498010000162,12.493017422000738],[122.483508446000229,12.493019970000772],[122.483518883000201,12.493027612000782],[122.483531929000122,12.493037802000826],[122.483544975000228,12.493047993000781],[122.483550193000127,12.493053088000847],[122.48355802100015,12.493063278000802],[122.483573676000205,12.49307601500079],[122.483586721000137,12.493083658000801],[122.48359193332297,12.493087474977314],[122.483610204000215,12.493098943000822],[122.483618032000237,12.493106586000833],[122.483625859000171,12.493114229000843],[122.483636296000242,12.493124419000798],[122.483641514000141,12.493134609000753],[122.483641513000137,12.493144798000797],[122.483636295000238,12.493157535000785],[122.483641513000137,12.49316772500074],[122.483654559000243,12.493175368000751],[122.48366499600013,12.493177916000784],[122.483675433000101,12.493175369000751],[122.483685869000169,12.493172821000806],[122.483696306000141,12.493172822000806],[122.4837119620001,12.493170275000773],[122.483719790000123,12.493167728000829],[122.483736750045765,12.493158811974068],[122.483743273000201,12.493154991000752],[122.483753710000187,12.493149896000775],[122.483766756000108,12.493152444000808],[122.483774584000216,12.49316008700073],[122.483790239000186,12.493165182000796],[122.483798066000205,12.493172825000807],[122.483813721000175,12.493183015000762],[122.483821549000112,12.493190657000772],[122.483824158000147,12.493195752000839],[122.483802354000204,12.493234054000721],[122.483799744000166,12.493236602000755],[122.483797135000131,12.493246792000798],[122.483794525000093,12.493256981000753],[122.48378930600019,12.493269718000741],[122.48378930600019,12.493282456000729],[122.48378930600019,12.493295193000806],[122.483797133000138,12.493305383000761],[122.483815398000132,12.493315573000805],[122.483831053000102,12.493318121000838],[122.48384149000016,12.493315574000805],[122.483851927000131,12.493310480000828],[122.483864973000237,12.493307933000795],[122.483875410000209,12.493307933000795],[122.483883238000146,12.493315575000805],[122.483888456000145,12.49332576500076],[122.483898893000202,12.493328313000793],[122.483906721000139,12.493320671000783],[122.483914549000076,12.493315576000805],[122.483924986000147,12.493310482000739],[122.483938032000154,12.493310482000739],[122.483948469000225,12.493315577000805],[122.483956296000159,12.49332576700076],[122.483964123000177,12.493338505000748],[122.483982388000186,12.493351243000825],[122.483998043000142,12.493369075000791],[122.484003261000225,12.493379265000746],[122.484011088000159,12.493386908000756],[122.484016306000143,12.4933970980008],[122.484018919228717,12.493403475600227],[122.484026743000214,12.493420025000743],[122.484034570000148,12.493427668000754],[122.484047616000254,12.493435310000764],[122.484055444000191,12.493437858000798],[122.484065881000163,12.493442953000775],[122.484078927000184,12.493445501000808],[122.484086754000117,12.493448049000753],[122.48410559802646,12.493446634075687],[122.484110237000195,12.493445502000808],[122.484120674000167,12.493445502000808],[122.484133721000092,12.493440408000742],[122.484146767000198,12.493442955000775],[122.484162422000153,12.493450598000786],[122.484167640000152,12.493455693000763],[122.484167640000152,12.49346843000084],[122.484162421000164,12.493478620000795],[122.484159812000115,12.493491357000783],[122.484157202000077,12.493501547000827],[122.484154593000227,12.493511737000782],[122.484157201000087,12.49352447400077],[122.484167638000145,12.493534664000814],[122.484175465000078,12.493544854000769],[122.4841832930002,12.493555044000813],[122.484191120000219,12.493565234000767],[122.484198948000156,12.493575424000722],[122.484198947000166,12.493590709000744],[122.484196338000118,12.493603446000821],[122.484196337000213,12.493616183000809],[122.484196337000213,12.493623825000819],[122.484198946000248,12.493634015000774],[122.484206774000185,12.493644205000818],[122.484219820000106,12.493649300000795],[122.484232866000212,12.493649301000795],[122.48425634900012,12.493641659000785],[122.484264177000227,12.493639112000752],[122.48427461300011,12.493644207000818],[122.484282441000232,12.493651849000829],[122.484290268000166,12.493664587000817],[122.484295487000153,12.493674777000772],[122.484303314000186,12.49368751400076],[122.484308532000256,12.493697704000803],[122.484313750000155,12.493707894000847],[122.484326796000261,12.493728274000757],[122.484334623000194,12.493738464000801],[122.484350278000164,12.493751201000789],[122.484360715000221,12.493751202000789],[122.484365934000124,12.493741012000745],[122.484373762000146,12.49373082300079],[122.484384199000118,12.493728275000757],[122.484397245000224,12.493733371000824],[122.484407682000196,12.493741013000745],[122.484418118000093,12.493748656000756],[122.48442855500015,12.4937588460008],[122.484444210000206,12.49376648900081],[122.484457256000127,12.493771584000788],[122.484470302000233,12.493776679000765],[122.48447813000017,12.493776679000765],[122.484488567000142,12.493771585000788],[122.484496394000175,12.493774132000821],[122.484506831000232,12.493784322000776],[122.484514659000169,12.493791965000787],[122.484525095000237,12.493802155000742],[122.484535532000208,12.493809797000752],[122.484543359000241,12.493822535000829],[122.4845642330001,12.493837820000762],[122.484602978000197,12.493853198000791],[122.48460320200013,12.493853172000788],[122.484610468000099,12.493853172000788],[122.484627421455727,12.493859084367918],[122.484632266000133,12.493860267000754],[122.484644376000062,12.49386499700079],[122.484668582619094,12.493877996135181],[122.484671018000228,12.49387918500072],[122.484680706000148,12.493883915000756],[122.484692816000077,12.49389100900081],[122.484700082000145,12.493907562000759],[122.484700082000145,12.493921750000778],[122.48469039300015,12.493926480000725],[122.484678283000207,12.493926479000814],[122.484673439000161,12.493931208000761],[122.484671017000224,12.493940667000833],[122.484683127000167,12.493952491000835],[122.484687971000213,12.493954856000853],[122.484697659000119,12.4939595850008],[122.484707347000125,12.493964315000747],[122.484719457000239,12.493971409000801],[122.484729145000159,12.493978503000767],[122.484738833000151,12.493985598000821],[122.484746099000134,12.493995056000804],[122.484753364000198,12.494004515000787],[122.484760630000181,12.494009245000735],[122.484772740000125,12.494018704000807],[122.484784850000239,12.494018704000807],[122.484792117000211,12.494018704000807],[122.484806648000088,12.49402816300079],[122.484813915000146,12.494030528000808],[122.484830868000131,12.494042352000809],[122.484835712000176,12.494051811000793],[122.484845400000182,12.494063634000794],[122.484855088000089,12.494080187000831],[122.484862354000157,12.494087282000796],[122.48486962000014,12.494087282000796],[122.484879308000146,12.49408255300076],[122.484884152000191,12.494073094000777],[122.484896263000209,12.494058906000847],[122.484903529000107,12.494054177000811],[122.48491079500009,12.494054177000811],[122.484922905000204,12.494063636000794],[122.484937437000156,12.494082554000761],[122.484942281000116,12.494092013000833],[122.484964079000136,12.494103837000834],[122.484971344000215,12.494110931000799],[122.484978610000184,12.494120390000782],[122.484983454000144,12.494129849000766],[122.484983454000144,12.494144037000785],[122.484981032000121,12.494153495000768],[122.484981031000217,12.494160589000822],[122.484988297000186,12.494172413000824],[122.484993141000146,12.494184236000736],[122.484997985000192,12.494188966000772],[122.485010095000135,12.494196060000737],[122.485029471000132,12.494203154000791],[122.485039159000138,12.494200790000773],[122.485044003000183,12.49419133100079],[122.485048848000133,12.494181873000807],[122.485056114000116,12.494174779000753],[122.485065802000122,12.494172415000735],[122.485075490000213,12.494177144000771],[122.485087600000142,12.494179509000789],[122.485099710000171,12.494184239000825],[122.485109398000176,12.494188968000772],[122.485119086000182,12.494198427000844],[122.485128774000088,12.494203157000792],[122.485136040000157,12.494210251000757],[122.485160260000114,12.494238627000795],[122.485162681000148,12.494252816000726],[122.485167525000193,12.494264639000816],[122.485172369000239,12.494274098000799],[122.485179635000122,12.494283557000783],[122.485207974000247,12.49430177200078],[122.48521524000023,12.494311231000763],[122.485224928000235,12.494315961000799],[122.485234616000142,12.494313596000781],[122.485246726000085,12.494313597000781],[122.485256415000165,12.494315961000799],[122.485266103000171,12.494320691000746],[122.485273369000154,12.494334879000766],[122.485275790000173,12.494344338000838],[122.485280634000219,12.494353797000732],[122.485283056000156,12.494360891000786],[122.485290322000225,12.49437035000077],[122.485300010000131,12.494375080000806],[122.485309698000137,12.494379809000842],[122.485319386000143,12.494379809000842],[122.485331497000161,12.494372716000788],[122.485338763000144,12.494367986000752],[122.485348451000149,12.494363257000805],[122.485355717000132,12.49437035200077],[122.485353295000195,12.494382175000771],[122.485353295000195,12.494393998000772],[122.485353294000191,12.494408186000792],[122.485358138000151,12.494417645000775],[122.485365404000135,12.494431833000794],[122.485367826000157,12.494441292000777],[122.48537024800018,12.494453116000779],[122.485375092000126,12.49446493900078],[122.485377513000245,12.494474398000763],[122.485379935000182,12.494481492000729],[122.485392045000111,12.494495680000837],[122.485394467000219,12.494500410000784],[122.485396889000157,12.494509868000767],[122.485396889000157,12.494521692000768],[122.485396888000153,12.494535880000788],[122.48539446600023,12.494542974000842],[122.48539446600023,12.494557162000772],[122.485396888000153,12.494571350000792],[122.48540173100011,12.494583173000793],[122.485408997000093,12.494590268000758],[122.485418686000187,12.49458790300074],[122.485425952000071,12.494578445000757],[122.48542837427091,12.49457608006975],[122.485438063000188,12.494564257000738],[122.485440485000126,12.494552434000825],[122.485442907000234,12.494542975000753],[122.485450173000217,12.49453351600077],[122.485457440000189,12.49453351700077],[122.485467128000195,12.494538246000806],[122.485471971000152,12.494547705000789],[122.485476815000197,12.494557164000772],[122.485476815000197,12.494566622000756],[122.48548408100018,12.494580811000775],[122.485488925000141,12.494592634000776],[122.485491347000249,12.494604458000778],[122.485493768000183,12.494616281000779],[122.485493768000183,12.494625740000762],[122.485511924487255,12.494645831188231],[122.485515566000203,12.494649387000765],[122.4855228320001,12.494656481000819],[122.485530098000169,12.494665940000802],[122.48553978600026,12.494670669000838],[122.485551896000189,12.494677764000803],[122.485600336000203,12.494687223000787],[122.485624557000165,12.494673036000767],[122.485630663000137,12.494656870000762],[122.4856282410002,12.494649776000797],[122.485630663000137,12.494637953000796],[122.485633086000078,12.494626130000794],[122.485633086000078,12.494619036000829],[122.485628242000203,12.494607212000828],[122.485620976000135,12.494597753000756],[122.485616132000089,12.49459065900079],[122.485608866000106,12.494583565000736],[122.485605235222565,12.494578838393986],[122.48559433400024,12.494567012000788],[122.485591913000135,12.494559918000823],[122.485591913000135,12.494545730000803],[122.485596757000181,12.494524448000819],[122.485601602000216,12.494514989000747],[122.485604024000153,12.494505531000852],[122.485606446000091,12.49449607200078],[122.48561129100014,12.494486613000797],[122.485620979000132,12.494479519000743],[122.485635511000183,12.494481884000761],[122.485647621000211,12.494488979000815],[122.485657309000217,12.49449607300078],[122.485664575000186,12.494503167000834],[122.485669419000146,12.494512626000818],[122.485679107000152,12.494524449000819],[122.485688795000243,12.494533908000802],[122.485698483000149,12.494541003000768],[122.485702515935827,12.49454415308656],[122.485729969000189,12.49456465000077],[122.485746923000164,12.494569380000806],[122.485763877000153,12.494571745000735],[122.485775987000082,12.494576474000771],[122.485797785000116,12.494595392000827],[122.48580989500023,12.494600122000774],[122.485819583000136,12.49460485100081],[122.485826849000205,12.494609581000846],[122.485836538000115,12.494600122000774],[122.485838960000137,12.494593028000809],[122.485843804000183,12.494581205000808],[122.485848649000232,12.494571746000824],[122.485846227000124,12.494559923000823],[122.485836539000118,12.494550464000751],[122.485829273000135,12.494545735000804],[122.485822007000166,12.494536276000821],[122.485812319000161,12.494526817000837],[122.485805053000178,12.494519723000783],[122.485805053000178,12.494507899000782],[122.485812320000164,12.494498441000799],[122.485822008000071,12.494491347000833],[122.485834718667078,12.494487801638163],[122.48584380600019,12.494484253000779],[122.485855917000208,12.494481889000761],[122.485868027000151,12.494484254000779],[122.48588013700018,12.494484254000779],[122.485889825000172,12.494481890000761],[122.485901936000204,12.494474796000796],[122.485911624000209,12.494474796000796],[122.485918890000178,12.494479525000743],[122.485926156000247,12.494486620000798],[122.485940688000127,12.494491349000745],[122.485947954000096,12.494498443000799],[122.485955220000164,12.494507902000782],[122.485960063000221,12.494517361000765],[122.485998400738268,12.494535091815715],[122.486001238000156,12.494536279000821],[122.486006082000117,12.49453864400075],[122.486020614000168,12.494536280000732],[122.486030302000074,12.494531550000785],[122.486042413000192,12.494522092000802],[122.486047257000237,12.494512633000818],[122.486061789000104,12.494493716000763],[122.486071478000198,12.494491352000834],[122.486081166000204,12.494493717000763],[122.486095698000156,12.494498446000799],[122.486107808000185,12.494493717000763],[122.486115074000168,12.494488988000816],[122.486127184000182,12.494491353000834],[122.48613445000008,12.494500812000817],[122.486136872000188,12.4945102700008],[122.486136872000188,12.494522094000802],[122.486132028000142,12.494529188000767],[122.48612476100017,12.49453864600075],[122.48612476100017,12.494552834000769],[122.486134449000076,12.494562293000753],[122.48614655900019,12.494569387000807],[122.486158669000133,12.494574117000843],[122.486168357000224,12.494571752000825],[122.486173202000174,12.494562294000753],[122.486173202000174,12.494550471000752],[122.486173202000174,12.494538647000839],[122.486180468000157,12.494526824000749],[122.486187735000129,12.494517365000766],[122.486195001000112,12.494510272000801],[122.486207111000226,12.494505542000764],[122.486214377000124,12.494503178000835],[122.486226487000138,12.494500813000817],[122.48623375400021,12.494496084000781],[122.486238598000256,12.494486626000798],[122.48623375400021,12.494477167000815],[122.486226488000142,12.494470073000761],[122.486219222000159,12.494460614000777],[122.486221644000096,12.494448791000776],[122.486224067000208,12.494439332000793],[122.486236177000151,12.494436968000775],[122.486248287000166,12.494436968000775],[122.486260397000109,12.494439333000793],[122.486292206000158,12.494432239000828],[122.486294628000181,12.494422781000756],[122.486294629000184,12.494413322000772],[122.486299473000145,12.494403863000789],[122.486301895000253,12.494394405000806],[122.48630916100015,12.494387311000752],[122.486318849000241,12.494394405000806],[122.486321272805654,12.49439677143017],[122.486333381000108,12.494406229000807],[122.486343069000199,12.494408593000825],[122.486352758000194,12.494408594000825],[122.486362446000115,12.494406229000807],[122.486376978000166,12.49438967700077],[122.486379400000089,12.494380218000787],[122.486386667000161,12.494373124000822],[122.486396355000082,12.494366030000768],[122.486406043000173,12.494366031000768],[122.486418153000102,12.494370760000804],[122.486446177000204,12.494403866000789],[122.486446177000204,12.494408595000737],[122.486451021000249,12.494418054000809],[122.48645586500011,12.494425148000774],[122.486463131000178,12.494434607000846],[122.486470397000161,12.494446431000759],[122.486475241000207,12.494451160000795],[122.48648250700019,12.494455889000831],[122.486494617000119,12.494462984000796],[122.486504305000125,12.494470078000761],[122.486513993000131,12.494479537000833],[122.486511571000193,12.494491360000746],[122.48650914900017,12.494500819000818],[122.486513993000131,12.494507913000783],[122.486528525000182,12.494519736000784],[122.486529743020085,12.494520925355443],[122.486545479000156,12.494533925000804],[122.486557589000185,12.494538654000751],[122.486561223507096,12.494541019981762],[122.486576965000097,12.494548113000823],[122.486589075000211,12.494548114000823],[122.486598763000217,12.49455284300077],[122.486610873000146,12.494559937000824],[122.486618139000129,12.494564667000772],[122.486630249000157,12.494571761000737],[122.486642359000086,12.494578855000791],[122.4866544690002,12.494583585000738],[122.486664158000124,12.494583585000738],[122.486676268000238,12.494581220000809],[122.486685956000144,12.494576491000773],[122.486700488000196,12.494576492000773],[122.486715021000151,12.494578856000791],[122.48672713100018,12.494583586000738],[122.486734397000163,12.494588315000774],[122.486751351000137,12.49460723300083],[122.486768305000126,12.494619057000742],[122.486777993000118,12.494623786000778],[122.486790103000146,12.494633245000761],[122.486802213000175,12.494635610000779],[122.486814323000203,12.494633246000761],[122.486824011000195,12.494623787000778],[122.486824012000199,12.494609599000759],[122.48681674600013,12.494602505000794],[122.486807058000124,12.49459541100074],[122.486799792000156,12.49459304600081],[122.486792526000173,12.494588316000774],[122.486785260000104,12.49458122200072],[122.48679010400015,12.494571764000826],[122.486787682000212,12.494562305000754],[122.486780416000229,12.494555211000788],[122.486770728000138,12.494541023000769],[122.486770728000138,12.494531564000786],[122.486775572000184,12.494522105000803],[122.486785261000108,12.494517376000767],[122.486802215000083,12.494519741000785],[122.486811903000174,12.494522106000803],[122.48682643500014,12.494522106000803],[122.486838545000154,12.494524471000732],[122.48684823300016,12.49452683600075],[122.486860344000192,12.49452683600075],[122.486867610000161,12.49452683600075],[122.486882142000127,12.49452683600075],[122.486891830000218,12.494524472000732],[122.486901518000224,12.494519743000785],[122.486918473000202,12.494505555000766],[122.486925739000185,12.494493732000764],[122.486923317000247,12.494486638000799],[122.486908785000196,12.494470085000762],[122.486903941000151,12.494460626000778],[122.486903942000154,12.494448803000777],[122.486906364000177,12.494436979000776],[122.486906364000177,12.494427521000793],[122.486906364000177,12.494418062000721],[122.486903942000154,12.494406238000808],[122.486901520000131,12.494394415000807],[122.486899099000198,12.494382592000717],[122.486899099000198,12.494368404000786],[122.486901521000135,12.494358945000803],[122.486911209000127,12.494351851000749],[122.486920897000218,12.494349487000731],[122.486930586000227,12.494344757000784],[122.486940274000133,12.494342393000766],[122.486949962000139,12.494342393000766],[122.486957228000122,12.494349487000731],[122.48696449400019,12.494361311000732],[122.486966916000128,12.494368405000786],[122.486974182000097,12.49437786400077],[122.486988714000148,12.494384958000824],[122.486998402000154,12.494389687000771],[122.487012934000205,12.494396782000736],[122.487017781477107,12.494399936930298],[122.487023223341225,12.494402691876347],[122.487032310000117,12.494406241000808],[122.4870395760001,12.494410970000756],[122.487058952000183,12.494427523000793],[122.48706137400012,12.494434617000758],[122.487068640000189,12.494446441000759],[122.487080750000132,12.494462993000797],[122.487088016000101,12.494470088000851],[122.48710497000009,12.494484276000781],[122.487114658000181,12.494489005000817],[122.487124346000186,12.494493735000765],[122.487134034000178,12.494491370000746],[122.487148566000229,12.49447245300078],[122.487153411000094,12.494462995000797],[122.487155833000216,12.494453536000814],[122.487160677000077,12.494441713000812],[122.48717763200024,12.494429890000811],[122.487208638000226,12.494425161000775],[122.487208638000226,12.494427525000793],[122.487208638000226,12.494436984000776],[122.487208638000226,12.494451172000796],[122.487213482000101,12.494462996000797],[122.487220748000169,12.494470090000762],[122.487235280000121,12.494474819000798],[122.487244968000127,12.494479549000834],[122.487257078000155,12.494479549000834],[122.487278877000179,12.494467726000744],[122.487288565000185,12.494460632000779],[122.487293409000131,12.494451173000796],[122.487288565000185,12.494441715000812],[122.487276455000156,12.494429891000811],[122.487273429596669,12.494425460320988],[122.487264345000213,12.494415703000792],[122.487264345000213,12.494406244000809],[122.487266768000154,12.494396785000825],[122.487274034000137,12.494387327000753],[122.487278878000183,12.494375504000841],[122.48727645600016,12.494368410000787],[122.487269190000092,12.494361315000821],[122.487266768000154,12.494349492000731],[122.487271613000203,12.494340033000837],[122.487278879000172,12.494335304000801],[122.487290989000115,12.494337669000819],[122.487298255000184,12.494340034000837],[122.487305521000167,12.49434949300082],[122.487317631000181,12.494351857000749],[122.487329741000124,12.494354222000768],[122.48733942900013,12.494356587000786],[122.487344273000176,12.494366046000769],[122.487344273000176,12.494375505000752],[122.487351539000144,12.494387328000842],[122.487363649000173,12.494396787000737],[122.487373337000093,12.494396787000737],[122.487385447000207,12.494392058000789],[122.487390292000157,12.494382599000806],[122.48739271400018,12.494370776000805],[122.487387870000134,12.494354223000768],[122.487387870000134,12.49434949400082],[122.487399980000163,12.494344765000784],[122.487409669000158,12.49434949400082],[122.487412090000092,12.494361318000822],[122.487409668000168,12.494370776000805],[122.487412090000092,12.494380235000788],[122.487424200000206,12.494394423000807],[122.487433888000126,12.494396788000826],[122.487443576000132,12.49439205900079],[122.487453265000212,12.494382600000806],[122.48744842046878,12.494368410963217],[122.487445999000244,12.49436368300084],[122.487443577000121,12.494354224000768],[122.487453265000212,12.494344765000784],[122.487458109000173,12.494340036000748],[122.48745568700015,12.494330577000765],[122.487443577000121,12.4943234830008],[122.487438739346558,12.494319940647989],[122.487421779000186,12.494309295000781],[122.487392706791368,12.494296679995562],[122.487387871000138,12.494295106000761],[122.487378183000132,12.494290377000725],[122.487370917000149,12.494285647000778],[122.48735880700022,12.494280918000831],[122.487349119000214,12.494273824000777],[122.487341853000146,12.494262000000775],[122.4873370090001,12.494252541000792],[122.487339431000123,12.494245447000738],[122.4873370090001,12.494233624000826],[122.487327321000194,12.49422889500079],[122.487312789000143,12.494226530000772],[122.487307945000182,12.494217071000788],[122.487320055000126,12.494212342000752],[122.487329743000117,12.494212342000752],[122.4873370090001,12.494212342000752],[122.487344276000172,12.49420051900084],[122.48734669800011,12.494193425000786],[122.487356386000201,12.494186331000732],[122.487366074000192,12.494193425000786],[122.487373340000175,12.494209978000823],[122.487388557788719,12.494232940771797],[122.487392716000187,12.494238354000773],[122.487399982000156,12.494250178000774],[122.487416578791212,12.494265032817973],[122.48742178000019,12.494269095000829],[122.487429046000173,12.494276190000795],[122.487441156000102,12.49428328400076],[122.487450844000108,12.494290378000814],[122.487458110000176,12.494295107000761],[122.487474718192956,12.494309971294291],[122.487479908000196,12.494314025000817],[122.487487174000179,12.494321119000782],[122.487494440000162,12.4943234840008],[122.487501706000231,12.494314025000817],[122.487506551000095,12.494302202000727],[122.487518661000209,12.494304567000745],[122.487528349000129,12.494311661000799],[122.487535615000198,12.494318755000764],[122.487557413000218,12.494330579000765],[122.487567101000224,12.494337673000819],[122.487574367000207,12.494347132000803],[122.487569523000161,12.494361320000822],[122.487559834000152,12.494368414000787],[122.487552568000169,12.494373143000823],[122.487542880000177,12.494382601000806],[122.487533192000257,12.49439206000079],[122.487523503000162,12.494408613000827],[122.487523503000162,12.494420436000739],[122.487528347000207,12.494432259000829],[122.48753561300019,12.494439353000795],[122.487547723000134,12.494441718000813],[122.487559833000148,12.494444083000831],[122.487567099000216,12.494444083000831],[122.48758163056533,12.49443935445723],[122.487586476000132,12.494436989000777],[122.487596164000138,12.494434625000759],[122.487608274000166,12.494434625000759],[122.487617962000172,12.494436990000777],[122.487639760000192,12.49444644900076],[122.487647026000175,12.494451178000796],[122.487661559000216,12.494448814000778],[122.487671247000222,12.494441720000813],[122.487678513000205,12.494434626000759],[122.487685779000188,12.494427532000794],[122.487695467000179,12.494420438000828],[122.487699100726843,12.494418073353328],[122.487712422000172,12.494408615000827],[122.487719688000141,12.494401521000773],[122.487724532000101,12.494389698000772],[122.487722110000163,12.494382604000807],[122.487714844000095,12.494370780000805],[122.487700311770283,12.494364474259276],[122.487690624000138,12.494361321000822],[122.487680936000132,12.494356592000786],[122.487671248000225,12.49435186200075],[122.48766156000022,12.494340039000837],[122.487656716000174,12.494330580000765],[122.487654294000151,12.494318757000764],[122.487651872000129,12.494306933000852],[122.487644606000245,12.494295110000762],[122.487639763000189,12.494285651000778],[122.487637341000166,12.494273828000777],[122.487642185000126,12.494264369000794],[122.487649451000109,12.494254911000811],[122.487651873000218,12.494245452000738],[122.487654295000155,12.494238358000773],[122.487651874000221,12.49422889900079],[122.487649452000113,12.494219441000807],[122.487656718000181,12.494209982000735],[122.487668828000196,12.494207617000805],[122.487678516000202,12.494207618000805],[122.487690626000145,12.494212347000753],[122.487702736000159,12.494219441000807],[122.487702736000159,12.494231265000808],[122.487702736000159,12.494245453000827],[122.487702736000159,12.49425727600074],[122.487710002000142,12.49426910000083],[122.487719690000148,12.494276194000795],[122.487729378000154,12.494283288000849],[122.487736644000123,12.494299841000798],[122.487739065000156,12.494311664000799],[122.487743909000201,12.494321123000782],[122.487753597000108,12.494330582000766],[122.487772973000119,12.494342405000767],[122.487780240000092,12.494344770000785],[122.48778284600013,12.494316523000846],[122.487784865000208,12.494308638000815],[122.487788903000094,12.494300754000784],[122.487792941000166,12.494283014000827],[122.487801018000127,12.49426527400078],[122.487809093000081,12.494259360000823],[122.487817169000223,12.494259360000823],[122.487825245000181,12.494261332000809],[122.487839378000189,12.494261332000809],[122.487849472000221,12.494261332000809],[122.487861586000079,12.49426527500078],[122.4878716810002,12.494271188000736],[122.487875718000183,12.494277102000781],[122.487881775000233,12.494286957000797],[122.487887832000197,12.494292871000754],[122.487895907000166,12.494296813000814],[122.487903983000123,12.494296813000814],[122.487916098386762,12.494286956647214],[122.487920135000209,12.494283016000827],[122.487928211000167,12.494277102000781],[122.487936289494044,12.494263300131623],[122.487938306000117,12.494259363000735],[122.487944363000167,12.494249507000807],[122.487956477000111,12.494239652000791],[122.487964553000154,12.494233738000746],[122.487974647000186,12.494229796000775],[122.487982723000144,12.49422782500079],[122.487990799000102,12.494221912000834],[122.487996856000251,12.494217970000774],[122.488004932000209,12.494208114000758],[122.488013008000166,12.494202201000801],[122.488021084000124,12.494196288000845],[122.488029159000078,12.494196288000845],[122.488035216000142,12.494200230000816],[122.488045311000178,12.494215999000788],[122.488051367000139,12.494221913000745],[122.48805540500021,12.494229798000775],[122.488057424000203,12.494239653000792],[122.48805540500021,12.494245567000837],[122.488049348000246,12.494255422000764],[122.488045310000174,12.494261335000809],[122.488034927074992,12.494272598120846],[122.488033196000146,12.494275133000796],[122.488027139000181,12.494281046000753],[122.488021082000131,12.494290902000769],[122.488019063000138,12.494296815000814],[122.488019063000138,12.49430667100083],[122.488019063000138,12.494316527000757],[122.488021081000127,12.494326382000773],[122.488023100000206,12.494332296000819],[122.488033195000156,12.494338209000775],[122.488039252000121,12.494342151000835],[122.488049346000153,12.494346094000806],[122.488059441000104,12.494352007000762],[122.4880755920002,12.494353979000747],[122.488083668000158,12.494350037000777],[122.488089725000123,12.49434412300082],[122.488099820000244,12.494324412000788],[122.48810385800013,12.494316528000846],[122.488105877000123,12.49430667200083],[122.488109915000194,12.494294846000829],[122.488121019321298,12.494281048233544],[122.488124048000117,12.494277106000782],[122.488132124000259,12.494267250000766],[122.488136162000146,12.49426527900078],[122.488146257000182,12.49426527900078],[122.488154333000139,12.494263308000795],[122.4881603890002,12.494261337000809],[122.488168465000157,12.494255424000853],[122.488168465000157,12.494245568000748],[122.488166447000168,12.494237684000806],[122.488156352000132,12.494221915000745],[122.488154333000139,12.494212059000818],[122.488158371000111,12.494204174000787],[122.488166447000168,12.494200232000727],[122.488174523000211,12.494200232000727],[122.488182599000169,12.494204175000787],[122.488190674000123,12.494210088000743],[122.48820480700023,12.494225858000805],[122.488214901000177,12.494229800000776],[122.48822297700022,12.494229800000776],[122.48823307200017,12.49422388700073],[122.488245186000199,12.494217974000774],[122.488255280000232,12.494214032000803],[122.488263356000189,12.494210090000744],[122.48827950800019,12.494202205000802],[122.488285565000155,12.494194321000771],[122.488285565000155,12.494184465000755],[122.488287584000147,12.494172638000842],[122.48829566000019,12.494166725000797],[122.488305755000141,12.494170668000768],[122.488311811000116,12.494186437000829],[122.488319887000245,12.4941903790008],[122.488327962000199,12.494196293000845],[122.488338057000149,12.494204177000787],[122.488339922315433,12.494206908916281],[122.488350170000174,12.494216004000789],[122.488358246000132,12.494216004000789],[122.488366322000175,12.494212062000729],[122.488372379000239,12.494192351000786],[122.488397732000209,12.494198265000742],[122.488404790043148,12.494211063239389],[122.488407827000145,12.494216005000789],[122.488411865000216,12.49422389000082],[122.488417921000192,12.494229803000776],[122.488425997000149,12.494237688000807],[122.488432054000199,12.494241630000777],[122.488442149000235,12.494241630000777],[122.488448206000115,12.494235717000732],[122.488454263000179,12.494229804000776],[122.488462338000218,12.49422389000082],[122.488466376000105,12.494217977000774],[122.488472433000169,12.494212064000818],[122.488482528000205,12.494210093000744],[122.488492623000155,12.494214035000804],[122.488500699000113,12.494219949000849],[122.488516850000195,12.494239660000792],[122.488526944000242,12.494245574000749],[122.488537039000178,12.494243603000763],[122.488547134000214,12.494235718000732],[122.488553191000193,12.494225863000805],[122.488555210000172,12.494216007000789],[122.488547135000218,12.494198267000831],[122.488541078000168,12.494192353000786],[122.48853030739042,12.494177895018685],[122.488526946000235,12.494174613000739],[122.488524927000157,12.494170671000768],[122.488526946000235,12.494160815000752],[122.488533003000114,12.494156873000781],[122.488539060000178,12.494148988000839],[122.488547135000218,12.494143075000794],[122.488549155000214,12.494135191000764],[122.488551174000108,12.494127306000822],[122.488551174000108,12.49411547900082],[122.488555212000179,12.494109566000775],[122.488561269000229,12.494101682000833],[122.488567326000208,12.494095768000788],[122.488575401000162,12.494089855000743],[122.488587515000191,12.494085913000772],[122.488595591000148,12.494085913000772],[122.488601648000198,12.494091827000728],[122.488607704000174,12.494097740000774],[122.488609723000152,12.49410759600079],[122.488609723000152,12.494119423000791],[122.488607704000174,12.494133220000778],[122.48860712643399,12.494135475626864],[122.488603666000103,12.494156874000781],[122.488599628000216,12.494166730000797],[122.488599628000216,12.494174614000739],[122.488598617445732,12.494178560618705],[122.488597608000219,12.494190383000801],[122.488606834845825,12.49420502198114],[122.48860770300017,12.494206152000773],[122.488613760000135,12.494216008000789],[122.488619816000195,12.49421995000076],[122.488623854000082,12.494227835000791],[122.48862587300016,12.494235719000821],[122.488621835000188,12.494245575000749],[122.488617797000202,12.494255431000765],[122.488611740000152,12.494263315000795],[122.488607702000166,12.494273171000811],[122.488603664000095,12.494283026000828],[122.488603664000095,12.494290911000769],[122.488603664000095,12.494300766000785],[122.488605682000184,12.494308651000816],[122.488605682000184,12.494316535000758],[122.48861577700012,12.494322449000803],[122.488629910000228,12.494326391000774],[122.488637985000182,12.494322449000803],[122.488648080000132,12.494320478000818],[122.488658175000168,12.494320478000818],[122.488670289000197,12.494320479000818],[122.488678364000151,12.494316536000758],[122.488684421000116,12.494308652000727],[122.48869047800018,12.494300768000786],[122.488700573000216,12.494283028000739],[122.488710668000166,12.494271201000826],[122.488710668000166,12.494263316000795],[122.488704612000191,12.494251490000794],[122.488698555000141,12.494243605000763],[122.488696540619657,12.494240654766395],[122.488688460000191,12.494229807000776],[122.488650101000218,12.494206153000773],[122.488637987000189,12.494196297000757],[122.488633949000118,12.494190384000801],[122.488635968000111,12.49418249900077],[122.488640006000182,12.494176586000814],[122.48864808200014,12.494170672000768],[122.488658177000175,12.494170673000768],[122.48867029100019,12.494170673000768],[122.488678367000148,12.494168702000783],[122.488692497869167,12.494161803828971],[122.488696537000152,12.494158846000767],[122.488706632000188,12.494154904000796],[122.488716727000224,12.494154904000796],[122.488724802000178,12.494156876000782],[122.488730859000142,12.494164760000812],[122.488736916000207,12.494172645000754],[122.488749029000132,12.494170674000769],[122.48875710500019,12.494170674000769],[122.488763162000154,12.494176587000725],[122.488765181000147,12.494184472000756],[122.488761143000161,12.494192356000786],[122.488755086000197,12.494202212000802],[122.488753067000204,12.494210097000833],[122.488753067000204,12.494221923000834],[122.488757104000186,12.494229808000776],[122.488760129551366,12.49424064036325],[122.488761142000158,12.494243606000763],[122.488763161000151,12.494251490000794],[122.488769218000115,12.494259375000825],[122.488779312000162,12.494265288000781],[122.488785369000212,12.494269231000752],[122.488795464000162,12.494273173000812],[122.488805558000195,12.494277116000783],[122.488813634000152,12.494281058000842],[122.48882171000011,12.494285000000813],[122.488825748000181,12.49429091400077],[122.488831804000142,12.494300769000786],[122.488835842000213,12.494308654000816],[122.488839880000199,12.494312596000787],[122.488845937000164,12.494320481000818],[122.488856031000196,12.494326394000774],[122.488862088000076,12.494332308000731],[122.488868145000225,12.494340192000761],[122.48888631500013,12.494375673000766],[122.488888333000205,12.494385529000782],[122.488890352000197,12.494395384000798],[122.488892371000091,12.4944072110008],[122.488896409000162,12.494417067000727],[122.488898428000155,12.494424951000758],[122.488908522000187,12.494428894000817],[122.488918617000223,12.494426923000743],[122.488936787000128,12.494430865000803],[122.488946882000164,12.494426923000743],[122.48896034243684,12.494404583148286],[122.488961015000186,12.494403270000829],[122.48896707200015,12.494393414000813],[122.488975148000108,12.494387501000768],[122.488981205000158,12.494383559000797],[122.488987262000137,12.494379616000826],[122.488997356000169,12.494375674000766],[122.48901350800017,12.494350050000778],[122.489019565000135,12.494344137000821],[122.489029660000085,12.494316541000758],[122.489029660000085,12.494306685000742],[122.489027642000181,12.494296830000815],[122.489029661000089,12.494286974000799],[122.489031680000167,12.494279090000857],[122.489029661000089,12.494269234000752],[122.489023604000209,12.49426134900081],[122.489013510000177,12.494255436000765],[122.489003415000141,12.494249522000809],[122.488995339000184,12.494247551000823],[122.488987263000126,12.494249522000809],[122.488977169000094,12.494245580000749],[122.488967074000143,12.494239666000793],[122.48896505500025,12.494233753000836],[122.488954961000218,12.494221926000746],[122.488938809000118,12.494214041000804],[122.488936790000125,12.494206157000773],[122.488944866000182,12.494200243000728],[122.488952942000225,12.494194330000772],[122.488956980000111,12.49418644600083],[122.488965056000154,12.494178561000799],[122.488971113000133,12.494172648000843],[122.488977170000183,12.494168706000783],[122.488987264000215,12.494168706000783],[122.488991302000116,12.494164764000812],[122.488989284000127,12.494156879000782],[122.488985246000141,12.494134795000731],[122.488987265000219,12.494126910000789],[122.48899736000017,12.494120997000744],[122.48899736000017,12.494117055000773],[122.488991303000105,12.494109170000831],[122.488987265000219,12.4941012860008],[122.488983228000151,12.494091430000784],[122.488975152000194,12.494081574000768],[122.488973133000115,12.494071718000752],[122.488999380000251,12.494050036000734],[122.489005436000213,12.494046094000764],[122.48901351200017,12.494042152000793],[122.489019569000234,12.49402638300082],[122.489021588000128,12.49401849900079],[122.489025626000199,12.494010614000759],[122.489025626000199,12.494000759000832],[122.489017551000146,12.493996816000772],[122.489009475000188,12.493990903000816],[122.489009475000188,12.493983018000785],[122.489007456000209,12.493975134000754],[122.489003419000142,12.493967249000812],[122.488999381000156,12.493959365000782],[122.488995343000184,12.49394753800078],[122.488993324000106,12.493935711000779],[122.488993324000106,12.493929798000822],[122.488999381000156,12.493923884000777],[122.489013514000078,12.493919942000806],[122.48902159000022,12.493919942000806],[122.489035722000139,12.493914029000761],[122.489061278000122,12.493893809000776],[122.489061722520105,12.493893707885659],[122.489068401000182,12.493892085000722],[122.489075077000109,12.493892085000722],[122.489083422000093,12.493892085000722],[122.489090099000109,12.493895344000814],[122.489093437000122,12.493901862000731],[122.489096775000135,12.493908381000738],[122.489103451000247,12.493914899000833],[122.489108458000118,12.493919788000794],[122.48911680400019,12.493923047000797],[122.489128488000091,12.493914899000833],[122.48913683300016,12.493914900000744],[122.489141840000215,12.493919788000794],[122.489144343550748,12.493923047566655],[122.489151855000159,12.493931195000849],[122.489160200000143,12.493931195000849],[122.489168546000215,12.493932825000806],[122.489175222000227,12.493934455000764],[122.489181898000155,12.493939344000813],[122.489186905000224,12.49394586200073],[122.489188574000181,12.493952380000826],[122.489186905000224,12.493960528000789],[122.489185236000168,12.493967046000796],[122.489183567000126,12.493973565000802],[122.489180229000198,12.493980083000809],[122.489180229000198,12.493988231000772],[122.489180228000109,12.493996378000825],[122.489180228000109,12.494006156000834],[122.489180228000109,12.494014304000798],[122.489175221000224,12.494020822000804],[122.489168544000208,12.494024081000807],[122.489161868000195,12.494025710000853],[122.489155192000169,12.494025710000853],[122.489146846000097,12.494025710000853],[122.489138501000213,12.494025710000853],[122.489131824000197,12.494027340000811],[122.48912514800017,12.494032228000771],[122.489123479000213,12.494038746000777],[122.489123479000213,12.49404689400083],[122.489123479000213,12.494055042000793],[122.489123479000213,12.494059931000754],[122.489121809000167,12.494072967000767],[122.489130155000225,12.494084374000822],[122.489130155000225,12.494090893000829],[122.48912848500018,12.494097411000746],[122.489125147000166,12.494105559000799],[122.489116802000098,12.494105559000799],[122.489111794000223,12.494105558000799],[122.489106787000168,12.494110447000759],[122.489108456000125,12.494116965000766],[122.489108456000125,12.494120769743242],[122.489111794000223,12.494141409000834],[122.489115132000137,12.494149557000798],[122.489116801000108,12.494156075000804],[122.489118470000236,12.494160964000764],[122.489116801000108,12.494184693000774],[122.489116801000108,12.49418632300082],[122.489115131000148,12.494192841000737],[122.489116800000104,12.494199359000744],[122.489117634853883,12.494204250073002],[122.489120138000203,12.49421565500076],[122.489118469000246,12.49422543200077],[122.489116800000104,12.494231951000776],[122.489115131000148,12.494238469000782],[122.489114174451345,12.494241270445015],[122.489111792000131,12.494251505000795],[122.489108454000217,12.494259653000759],[122.489105116000118,12.494266171000765],[122.489105116000118,12.494271060000814],[122.489103447000147,12.494277578000732],[122.48910010800023,12.494284096000827],[122.489096770000131,12.494290615000834],[122.489091763000161,12.494305281000804],[122.48910010800023,12.494310170000764],[122.489121806000156,12.494315058000813],[122.489130152000143,12.494318318000817],[122.489138497000212,12.49432157700082],[122.489145173000225,12.494324836000734],[122.489141835000126,12.494343304598852],[122.489141835000126,12.494346020000799],[122.489140166000169,12.494352539000806],[122.489140166000169,12.49436068700077],[122.489148511000153,12.49436068700077],[122.489155187000165,12.494363946000773],[122.489161864000096,12.494363946000773],[122.489168540000122,12.494363946000773],[122.489183562000207,12.494373724000782],[122.489140163000258,12.494588794000814],[122.489141832000215,12.494592053000817],[122.489143501000186,12.494598571000735],[122.489143501000186,12.49460508900083],[122.489141832000215,12.494613237000793],[122.489133486000156,12.49462464400076],[122.489130148000143,12.494631162000855],[122.489128478000183,12.49463931000073],[122.489130147000139,12.494647458000783],[122.489135155000199,12.494653976000789],[122.489138493000127,12.494660495000796],[122.489136824000155,12.494667013000802],[122.489128478000183,12.494688197000778],[122.489111787000127,12.494688197000778],[122.489090088000111,12.494702863000748],[122.488978252000095,12.495237093000808],[122.488856406000139,12.495365827000802],[122.488729549000126,12.495678702000843],[122.488811335000136,12.495708035000783],[122.488944868000175,12.495390272000781],[122.489060722000175,12.495256388000806],[122.489094661000223,12.495100133000756],[122.489148073000109,12.495109911000766],[122.489136388000119,12.495183241000793],[122.489233196000228,12.495207686000773],[122.489271587000204,12.495020286000811],[122.489206493000239,12.494927606000781],[122.489196479000128,12.494919458000728],[122.489191471000154,12.494912940000811],[122.489186464000184,12.494898274000752],[122.489184795000128,12.494890126000788],[122.489184795000128,12.494885237000828],[122.489188134000145,12.494878719000821],[122.489194810000157,12.494872201000726],[122.489199817000227,12.494867312000766],[122.489206494000157,12.494862423000805],[122.489209832000157,12.494855905000799],[122.489208719806086,12.494843957308008],[122.4892081630002,12.49484123900074],[122.489208163499896,12.494837981550697],[122.4892076864042,12.494832856660674],[122.489206494000157,12.494828202000816],[122.489206495000147,12.494820055000764],[122.489208164000118,12.494808647533526],[122.489208164000118,12.49480212900079],[122.48920983300016,12.494795611000784],[122.489211502000217,12.494785834000774],[122.48922098970354,12.494759075244408],[122.489221517000146,12.494756501000746],[122.489224373754098,12.494749530657954],[122.48922652500012,12.494743465000822],[122.489228194000077,12.494730970593446],[122.489228194000077,12.494728799000763],[122.489229028770382,12.49472472368157],[122.489229863333549,12.494718478319564],[122.489229864000222,12.494714133000793],[122.489231533000179,12.494705985000829],[122.489234871000107,12.494699467000734],[122.489236540000149,12.49469131900077],[122.489238209000206,12.494683171000807],[122.489239322030315,12.494679912555027],[122.489241548000209,12.494670135000794],[122.489243217000165,12.494665246000833],[122.489244552499699,12.494661986069575],[122.489247010402565,12.494655320567913],[122.489248225000225,12.494650580000775],[122.489251563000153,12.494642432000811],[122.489253565841338,12.494637543100326],[122.489256570000208,12.494629396000798],[122.489258239000165,12.494621248000746],[122.489259909000225,12.494614729000739],[122.489261578000182,12.494608211000822],[122.489263579827863,12.494604302099264],[122.489266585000237,12.494593545000763],[122.489264916000096,12.494583768000753],[122.489261578000182,12.494577249000747],[122.489258240000169,12.494570731000829],[122.489256571000126,12.494564213000823],[122.489256571000126,12.49455606500077],[122.489256571000126,12.494549547000853],[122.489256571000126,12.494539769000754],[122.489259910000214,12.494531622000791],[122.489261995484355,12.49452266323666],[122.489263248000142,12.494515326000775],[122.489264917000099,12.494508808000768],[122.489266587000145,12.494502289000762],[122.489268256000202,12.494495771000755],[122.489268256000202,12.494487623000792],[122.489269925000158,12.494479476000739],[122.489273263000172,12.494472957000733],[122.489273263000172,12.494464809000769],[122.489276799949209,12.494455888825149],[122.489278271000231,12.494450143000799],[122.489281609000145,12.494443625000793],[122.489283278000116,12.494437107000786],[122.489286617000118,12.49443058900078],[122.489289955000217,12.494422441000816],[122.489293293000145,12.494414293000764],[122.489294962000102,12.494407775000846],[122.489298301000204,12.494394738000745],[122.489303308000174,12.494383332000778],[122.489304977000216,12.494373554000768],[122.489306647000177,12.494363777000759],[122.489308316000134,12.494358888000798],[122.48930998500019,12.494350740000835],[122.489311654000147,12.494344222000828],[122.489311654000147,12.494337704000733],[122.489313323000104,12.494332815000773],[122.489313323000104,12.494323038000763],[122.489313323000104,12.494314890000799],[122.489314993000249,12.494308372000793],[122.489318331000163,12.494301853000787],[122.489320000000134,12.494293706000823],[122.489321669000176,12.494287187000817],[122.489323338000133,12.494264554000809],[122.489328346000192,12.494241740000787],[122.48933669200018,12.494214038000804],[122.489338361000137,12.494212408000847],[122.489340030000193,12.494202631000837],[122.48934169900015,12.494192853000827],[122.489345038000067,12.494183076000818],[122.489346707000209,12.494173298000719],[122.489347487209969,12.494170251022227],[122.489350279579057,12.494155628697099],[122.489351714000094,12.494147225000782],[122.489352383128661,12.494144613396161],[122.489363399000084,12.494086931000767],[122.489371745000142,12.494047822000729],[122.489375083000155,12.494039674000765],[122.489375083000155,12.494033156000759],[122.489382833846349,12.494011617520959],[122.489383429000227,12.494008712000779],[122.489384944443998,12.494005752844748],[122.489391359383333,12.493987927778702],[122.489391775000115,12.493985899000757],[122.489393444000171,12.49397938000075],[122.489396782000171,12.493972862000744],[122.489398451000142,12.493966344000826],[122.489400121000102,12.493959826000731],[122.48940179000023,12.493953307000725],[122.489403459000201,12.493946789000807],[122.489407631073277,12.493934569584484],[122.489408466000171,12.493930494000791],[122.489411805000174,12.493922346000739],[122.48941347400023,12.493914198000775],[122.489414306747165,12.493910945847118],[122.489416812000144,12.493899532000805],[122.489420150000242,12.493889754000795],[122.489421820000203,12.493884866000746],[122.489425158000131,12.493878348000829],[122.48942849600013,12.493871829000822],[122.489430165000186,12.493865311000816],[122.489431834000143,12.493858793000809],[122.48943517300016,12.49385390400076],[122.489440180000216,12.4938490160008],[122.489445187000186,12.493844127000751],[122.489451864000202,12.493840868000836],[122.489458540000228,12.493837609000744],[122.489465217000159,12.493834350000741],[122.489473562000128,12.493832720000784],[122.489481908000116,12.493831091000827],[122.489486915000171,12.493829461000781],[122.489496929000197,12.493827832000735],[122.489499932602641,12.493827832000735],[122.489508613000197,12.493826202000777],[122.489515289000209,12.493822943000774],[122.489518628538463,12.493822128247531],[122.489528642000167,12.493818055000814],[122.489539209513694,12.493819684333571],[122.489543664000166,12.493819685000771],[122.489552009000136,12.493821314000817],[122.489560355000208,12.493822944000774],[122.489565362000093,12.493826203000777],[122.489573708000165,12.493826203000777],[122.489580384000178,12.493827833000823],[122.489587060000204,12.493826203000777],[122.489590399000122,12.493819685000771],[122.489590399000122,12.493809908000761],[122.489590399000122,12.493805019000801],[122.489592068000164,12.493798501000795],[122.48959874400019,12.493795242000791],[122.489605421000206,12.493796871000749],[122.489610428000177,12.493795242000791],[122.489615435000147,12.493788724000785],[122.489615435000147,12.493782205000779],[122.489615435000147,12.493775687000772],[122.489615435000147,12.493767539000808],[122.48961543600015,12.493761021000802],[122.48961543600015,12.493752873000838],[122.489617105000193,12.493746355000743],[122.489610428000177,12.493741466000783],[122.489603752000249,12.493736577000822],[122.489603752000249,12.493730059000727],[122.489604228433535,12.493728663385193],[122.48960542200021,12.493708875000751],[122.489613767000094,12.493705616000836],[122.489618774000164,12.49370398600079],[122.48962545100018,12.49370398600079],[122.489632127000107,12.49370398600079],[122.489638803000133,12.493702357000833],[122.489645480000149,12.493695839000827],[122.489647149000106,12.49368932000082],[122.489648818000163,12.493682802000725],[122.489648818000163,12.493666507000798],[122.489638804000123,12.493662290000804],[122.489623782000223,12.493660660000758],[122.489617106000196,12.493657401000844],[122.489608760000124,12.493655771000798],[122.489600415000154,12.493654141000752],[122.48959040000021,12.493650882000749],[122.489580386000185,12.493647623000834],[122.489573710000158,12.493644364000742],[122.489568702000099,12.493641104000828],[122.489565364000185,12.493634586000821],[122.489565364000185,12.493626438000769],[122.489565364000185,12.493619920000851],[122.489570377231516,12.493609315231167],[122.489572041000201,12.493605254000792],[122.489575379000115,12.493598736000786],[122.489577048000257,12.49359221800078],[122.48957871691114,12.493588959650923],[122.489582056000145,12.493579181000767],[122.489582056000145,12.493571033000803],[122.48957938500773,12.493559950465647],[122.489578718000217,12.49355799700079],[122.489577607242595,12.493552574320885],[122.489575380000119,12.49354333100082],[122.489577049000175,12.493536812000814],[122.489577049000175,12.493528665000762],[122.489577049000175,12.493520517000798],[122.489577049000175,12.493513998000791],[122.489578022911786,12.493509243981658],[122.489578719000136,12.493489555000812],[122.489575380000119,12.493481407000759],[122.489570373000234,12.493474889000753],[122.489558690000166,12.493468370000835],[122.489552013000235,12.493466741000789],[122.489548675000137,12.493461852000829],[122.489548675000137,12.493455334000734],[122.489548675000137,12.49344718600077],[122.489552014000139,12.493439038000806],[122.489551345866062,12.493429258193265],[122.489550345000183,12.493424372000748],[122.489550345000183,12.493414595000827],[122.489553683000196,12.493409706000778],[122.489558690000166,12.493404817000817],[122.489565367000182,12.493401558000814],[122.489573712000166,12.493398299000811],[122.489578720000125,12.493398299000811],[122.489587065000109,12.493399929000857],[122.489597079000134,12.493403188000771],[122.489612101000134,12.493409707000778],[122.489617108000203,12.493414595000827],[122.489622116000163,12.49342274300079],[122.489623785000134,12.493426002000794],[122.489627123000233,12.493434150000757],[122.489627123000233,12.493437736945898],[122.489629851867491,12.493447329300986],[122.489630461000147,12.493448816000816],[122.489632130000103,12.493455335000734],[122.489653092000154,12.493457818000762],[122.48965499300013,12.493459034000773],[122.489655363000253,12.493459271000793],[122.489660174000122,12.493462407000786],[122.489664566000215,12.493466694000785],[122.489673348000238,12.493485988000783],[122.48967554400015,12.493494563000782],[122.489677740000147,12.493503139000781],[122.489679935000154,12.49351171400078],[122.489679935000154,12.493522432000779],[122.489684327000163,12.493535295000777],[122.48968652200017,12.493554589000775],[122.489695305000183,12.493571739000773],[122.489699696000187,12.49359103300077],[122.489702621641783,12.493598889053557],[122.489706283000118,12.493606040000769],[122.489708479000214,12.493614615000768],[122.489708479000214,12.493625333000766],[122.489708479000214,12.493636052000765],[122.489706283000118,12.493644627000764],[122.489701891000195,12.493655346000763],[122.489695304000179,12.493663921000762],[122.489688717000178,12.493672496000761],[122.489682129000158,12.49368107100076],[122.489677738000154,12.493689646000758],[122.489673346000146,12.493700365000757],[122.489666759000215,12.493713227000756],[122.489662367000122,12.493719659000755],[122.489657975000199,12.493728234000754],[122.489653584000195,12.493747527000751],[122.489653584000195,12.493756103000839],[122.489653583000191,12.493764678000749],[122.489655779000117,12.493773253000748],[122.489657975000199,12.493783972000836],[122.489662366000118,12.493794690000835],[122.489679932000158,12.493822560000831],[122.489677736000147,12.49383113500083],[122.489668953000219,12.49383971000074],[122.489664561000126,12.493843997000829],[122.489660170000207,12.493852572000739],[122.489660170000207,12.493863291000737],[122.489668953000219,12.493869722000825],[122.489679931000154,12.493874010000825],[122.489686519000173,12.493876154000825],[122.489697497000193,12.493876154000825],[122.489704085000199,12.493874010000825],[122.489712868000211,12.493867579000737],[122.489726043000147,12.493852573000739],[122.489717260000134,12.49383327900083],[122.489715064000137,12.493824704000831],[122.48971945600023,12.493816129000743],[122.489726043000147,12.493807554000833],[122.48973702200017,12.493803266000745],[122.489745805000183,12.493796835000834],[122.489756784000207,12.493779685000748],[122.489767763000145,12.493779685000748],[122.489776546000158,12.493781829000836],[122.489785329000171,12.493779685000748],[122.489787525000182,12.493768966000838],[122.489789721000179,12.49376039100075],[122.48979191700019,12.493751816000751],[122.489800700000117,12.493745385000841],[122.48980948300013,12.493743241000841],[122.489820462000154,12.493743241000841],[122.489829245000081,12.493743242000752],[122.489842415672541,12.493734669748866],[122.489844615000109,12.493732523000842],[122.489855594000218,12.493726092000754],[122.489864377000231,12.493723948000754],[122.489873160000244,12.493721804000844],[122.489877552000166,12.493713229000756],[122.489881943000171,12.493704654000757],[122.489881943000171,12.493693935000847],[122.489875356000155,12.493683217000848],[122.489866573000143,12.49367678500076],[122.489864377000231,12.493672498000761],[122.489862182000138,12.493661779000762],[122.489864378000235,12.493653204000763],[122.489873161000247,12.493646773000764],[122.489879748000078,12.493638198000765],[122.489888531000091,12.493631766000766],[122.48989511900011,12.493627479000766],[122.48990609700013,12.493625335000766],[122.489912685000135,12.493625335000766],[122.48991597923019,12.493626139148448],[122.489932446000083,12.493627479000766],[122.489943425000192,12.493625336000767],[122.489950013000211,12.493621048000767],[122.489956600000127,12.493614617000768],[122.489956600000127,12.493601754000769],[122.489956600000127,12.493588892000771],[122.489960992000135,12.493580317000772],[122.489965383000154,12.493571742000773],[122.489974166000167,12.493569598000773],[122.489987341000187,12.493569598000773],[122.489998320000126,12.493569598000773],[122.490004907000127,12.493563167000774],[122.489990630784717,12.493557806775533],[122.48998514500019,12.493556736000775],[122.489976362000164,12.493552448000775],[122.489982950000098,12.493543873000776],[122.48999173300011,12.493539586000777],[122.490002712000219,12.493537442000777],[122.490013690000154,12.493531011000778],[122.490024669000164,12.493533155000778],[122.490053214000227,12.493550305000776],[122.490059801000143,12.493548161000776],[122.490066388000159,12.493541730000777],[122.490075172000175,12.493535299000778],[122.490083955000188,12.493539586000777],[122.490088346000192,12.493546018000776],[122.490101521000128,12.493550305000776],[122.490110304000154,12.493552449000775],[122.490119087000167,12.493552449000775],[122.49012787000018,12.493550306000776],[122.490136653000107,12.493543874000776],[122.49014543600012,12.493537443000777],[122.490154219000146,12.493531012000778],[122.490165198000255,12.493526724000779],[122.490173981000183,12.493520293000779],[122.490181298655017,12.493516721238693],[122.490189351000112,12.49351171800078],[122.490195938000127,12.493505287000781],[122.490204722000144,12.493498856000782],[122.490215700000164,12.493490281000783],[122.490222288000183,12.493483850000784],[122.490224484000095,12.493473131000785],[122.490220092000172,12.493464556000786],[122.490224484000095,12.493455981000787],[122.490233267000107,12.493453837000787],[122.490244246000216,12.493451693000788],[122.490253029000144,12.493443118000789],[122.490259616000245,12.49343668700079],[122.490268399000172,12.49343454300079],[122.490288424000141,12.493425428000746],[122.490295011000157,12.493429716000746],[122.490308186000178,12.493429716000746],[122.490319164000198,12.493429716000746],[122.490332339000133,12.493429716000746],[122.490338926000149,12.493431860000745],[122.490349905000073,12.493436147000834],[122.490360884000182,12.493440435000744],[122.490367471000113,12.493440435000744],[122.490376254000125,12.493436147000834],[122.490391625000157,12.493423285000835],[122.490398212000173,12.493412566000837],[122.490404800000178,12.493403991000749],[122.490411387000194,12.493397560000838],[122.490415779000116,12.493388985000751],[122.490415779000116,12.49338255300084],[122.490411387000194,12.493371835000842],[122.490420170000206,12.493363260000754],[122.490428954000222,12.493361116000843],[122.49043773700015,12.493354685000755],[122.490442128000154,12.493348253000756],[122.490442128000154,12.493339678000757],[122.490446520000162,12.493326816000758],[122.490450911000181,12.493324672000758],[122.490461890000105,12.493331103000758],[122.490470673000218,12.493333247000846],[122.49047945600023,12.493324672000758],[122.490483848000153,12.49331609700076],[122.490468478000125,12.493292516000762],[122.490470674000207,12.493281797000764],[122.490477261000137,12.493271078000854],[122.490488240000246,12.493266790000765],[122.490494827000077,12.493266791000766],[122.490505806000186,12.493275366000764],[122.490514589000199,12.493277510000764],[122.490521176000129,12.493266791000766],[122.490523372000226,12.493256072000767],[122.490523372000226,12.493245353000857],[122.490525568000137,12.493238922000769],[122.490543134000163,12.493234634000769],[122.49055191700019,12.49322820300077],[122.490562896000114,12.49322605900077],[122.490576071000135,12.493226060000771],[122.490589245000166,12.493226060000771],[122.49060022400019,12.493226060000771],[122.490609007000202,12.493221772000771],[122.490615594000118,12.493211053000772],[122.490615595000122,12.493204622000773],[122.490617790000215,12.493196047000774],[122.490615595000122,12.493187472000775],[122.490615595000122,12.493172466000777],[122.490613399000125,12.493166034000778],[122.490611203000199,12.493157459000779],[122.490611203000199,12.49314674000078],[122.490611204000203,12.493133878000782],[122.490613399000125,12.493127447000782],[122.49061998700013,12.493118872000784],[122.490639749000167,12.493112440000784],[122.490652923246046,12.493108153124863],[122.490657315000107,12.493106009000785],[122.49066280413281,12.493104937474895],[122.490672684541835,12.493101721980446],[122.490677076000239,12.493099578000786],[122.490692447000086,12.493095291000786],[122.490699034000187,12.493093147000787],[122.490712209000208,12.493086716000787],[122.490720992000234,12.493082428000788],[122.490729775000162,12.493078141000789],[122.490738558000174,12.493071710000789],[122.490747341000187,12.49306956600079],[122.4907561240002,12.493071710000789],[122.490760515000119,12.493082428000788],[122.490762711000215,12.493088860000787],[122.490758319000207,12.493097435000786],[122.490753928000203,12.493106010000785],[122.490749536000195,12.493112441000784],[122.490742949000179,12.493121016000783],[122.490736362000078,12.493127447000782],[122.490734166000166,12.493138166000781],[122.490729774000243,12.49314674100078],[122.490726478341742,12.493152104013303],[122.490718795000134,12.493166035000778],[122.490718795000134,12.493178898000776],[122.490725383000154,12.493187473000775],[122.490731970000155,12.493191760000775],[122.490738557000171,12.493198192000774],[122.490742948000175,12.493206767000773],[122.490740753000182,12.493215342000772],[122.490731970000155,12.493221773000771],[122.490720991000231,12.49322820400077],[122.490716599000137,12.493238923000769],[122.490710012000122,12.493249642000768],[122.490707981503377,12.49325228491359],[122.490700602873929,12.493263726260126],[122.490699033000183,12.493266792000766],[122.490691705998699,12.493277521807586],[122.490679271000147,12.493296804000762],[122.490668292000137,12.493322529000848],[122.49067048800022,12.493328961000758],[122.49067048800022,12.493337536000846],[122.490674879000139,12.493343967000756],[122.490685858000077,12.493341823000756],[122.490699032000194,12.493343967000756],[122.490703424000202,12.493348255000756],[122.490699032000194,12.493367549000753],[122.490699032000194,12.493378268000841],[122.490699032000194,12.493386843000751],[122.490696836000183,12.49339327400075],[122.490694640000086,12.493399705000838],[122.490694640000086,12.493412568000748],[122.490686004000182,12.493443624000831],[122.490683808000171,12.493450055000741],[122.490679417000166,12.493458630000829],[122.490675025000158,12.493467205000828],[122.490679416000162,12.493488643000736],[122.490679416000162,12.493499361000735],[122.490679416000162,12.493507937000823],[122.490675025000158,12.493516512000822],[122.490668437000139,12.49353794900073],[122.490664046000134,12.493546524000818],[122.49065306700011,12.493550812000729],[122.490639892000175,12.493561530000727],[122.490637696000093,12.493572249000815],[122.49063550100017,12.493580824000814],[122.49062745219419,12.493591538477675],[122.490624522000147,12.493595830000812],[122.490617934000142,12.493604405000811],[122.490611347000126,12.493612980000721],[122.49060476000021,12.49361726800081],[122.490593781000101,12.493636562000807],[122.490591585000175,12.493651568000805],[122.490591585000175,12.493666574000803],[122.490591585000175,12.493675149000802],[122.490591585000175,12.493685868000801],[122.490589389000178,12.4936987310008],[122.490587193000081,12.493709450000798],[122.490580606000165,12.493718025000797],[122.490574018000146,12.493724456000797],[122.490563040000211,12.493726600000796],[122.490554256000195,12.493730887000796],[122.490547669000193,12.493733031000795],[122.490534495000162,12.493730887000796],[122.490525712000149,12.493728743000796],[122.490514733000126,12.493728743000796],[122.490503754000201,12.493726599000796],[122.490497167000186,12.493722312000797],[122.490488384000173,12.493722312000797],[122.490481796000154,12.493728743000796],[122.490488383000169,12.493756612000793],[122.490505949000195,12.49378019300079],[122.490508145000121,12.493788768000789],[122.490505949000195,12.493808062000786],[122.490514732000122,12.493814494000786],[122.490523515000149,12.493816637000785],[122.490527907000242,12.493827356000784],[122.490523515000149,12.493833787000783],[122.490516928000133,12.493840219000782],[122.490508145000121,12.493842362000782],[122.490499362000094,12.493848794000781],[122.49049605821547,12.49385094386791],[122.490483991000161,12.49385951200078],[122.490477404000231,12.493865944000779],[122.490475208000149,12.493885237000777],[122.490483991000161,12.493900244000775],[122.490492774000089,12.493908819000774],[122.49049936100019,12.493917394000773],[122.490508144000117,12.493919538000773],[122.490523514000145,12.493910963000774],[122.49053010200015,12.493921682000773],[122.490532297000158,12.493930257000772],[122.490534493000169,12.49393883200077],[122.490536689000081,12.493949551000769],[122.490538884000173,12.493962413000856],[122.490539708334907,12.493967241515156],[122.490542906024046,12.493982406308133],[122.490543276000182,12.493983851000765],[122.49054547100009,12.493994570000764],[122.490546691153853,12.494012435456279],[122.490547667000186,12.494018151000761],[122.490547667000186,12.494026726000849],[122.490543275000178,12.494037445000759],[122.490538884000173,12.494043876000758],[122.490532296000154,12.494050308000757],[122.490525709000153,12.494056739000756],[122.490519852473057,12.494061027208145],[122.490510339000124,12.494069601000755],[122.490501556000098,12.494073889000754],[122.49048618500008,12.494073889000754],[122.490481794000161,12.494071745000754],[122.490475206000141,12.494063170000755],[122.490459836000113,12.494050307000846],[122.490440074000162,12.494048163000757],[122.490424704000134,12.494054595000756],[122.490420312000225,12.494063170000755],[122.490415921000121,12.494078176000842],[122.490420312000225,12.494086751000752],[122.490407137000105,12.494103676000821],[122.490409333000201,12.494107964000731],[122.490404941000193,12.494116539000819],[122.49040274604549,12.494119396407397],[122.490389571000165,12.494142264000816],[122.490393962000169,12.494150839000815],[122.490402745000182,12.494157270000814],[122.490411528000209,12.494159414000725],[122.490420311000221,12.494163702000813],[122.490431290000146,12.494170133000813],[122.490437878000165,12.494174421000723],[122.490444465000181,12.494180852000811],[122.490451052000097,12.494187284000811],[122.490451052000097,12.494202290000809],[122.490453248000193,12.494213009000807],[122.490457639000198,12.494223728000806],[122.490466422000125,12.494232303000805],[122.490473009000226,12.494240878000804],[122.490477401000149,12.494251597000803],[122.490475205000138,12.494264459000801],[122.490473009000226,12.494268747000801],[122.490464226000213,12.4942730340008],[122.49045983400012,12.494279466000799],[122.490462030000202,12.494288041000798],[122.490464226000213,12.494298760000797],[122.490464226000213,12.494307335000796],[122.49045983400012,12.494315910000795],[122.490455443000201,12.494322341000794],[122.490446660000174,12.494326628000794],[122.490437876000158,12.494335203000793],[122.490444464000092,12.494341635000792],[122.490448855000182,12.494348066000791],[122.490448855000182,12.49435878500079],[122.490442268000166,12.494365216000789],[122.490433485000153,12.494371647000788],[122.490424702000141,12.494375935000788],[122.490415918000124,12.494380222000787],[122.490409331000109,12.494390941000786],[122.490409331000109,12.494397372000785],[122.490415918000124,12.494405947000784],[122.490444463000088,12.494423098000782],[122.490453246000101,12.49443596000078],[122.490457638000194,12.494444535000779],[122.490455442000197,12.494450967000779],[122.490444463000088,12.494457398000778],[122.490435680000161,12.494459542000778],[122.490422505000225,12.494459542000778],[122.490413722000213,12.494463829000777],[122.490404939000186,12.494472404000776],[122.490400547000093,12.494480979000775],[122.490393960000077,12.494487410000774],[122.490387373000161,12.494491698000774],[122.490376394000137,12.494508848000772],[122.490369806000217,12.494528142000769],[122.490372002000129,12.494536717000768],[122.49037419800014,12.494545292000767],[122.490398351000181,12.494543148000767],[122.490409330000105,12.494545292000767],[122.490413721000209,12.494551723000766],[122.490409330000105,12.494562442000854],[122.490404938000196,12.494566730000765],[122.49039615500017,12.494571017000764],[122.490387372000157,12.494575305000764],[122.490380785000141,12.494581736000763],[122.490374197000136,12.494588167000851],[122.490365414000124,12.494592454000761],[122.490356631000196,12.494588167000851],[122.490350044000095,12.494579592000763],[122.490345652000173,12.494573160000852],[122.490334673000149,12.494566729000764],[122.490323695000129,12.494566729000764],[122.490314912000116,12.494566729000764],[122.490306128000185,12.494571016000764],[122.490299547184023,12.494581010606884],[122.490295149000161,12.494588166000762],[122.490290758000157,12.494594598000761],[122.490286366000149,12.49460102900076],[122.490277583000221,12.49460531600076],[122.49027099600012,12.494611748000848],[122.490266604000198,12.494622466000846],[122.490266604000198,12.494631042000757],[122.490268800000209,12.494639617000844],[122.490270995000117,12.494648192000755],[122.490277583000221,12.494656767000754],[122.490284170000237,12.494667486000752],[122.490290757000153,12.494673917000751],[122.490295149000161,12.49468249200075],[122.490303932000188,12.49468678000075],[122.490314910000109,12.494693211000749],[122.490325889000133,12.494693211000749],[122.490334672000145,12.494695355000749],[122.490345651000169,12.494699643000748],[122.490350043000177,12.494706074000748],[122.490354434000182,12.494725368000745],[122.490358826000104,12.494733943000744],[122.490365413000205,12.494740374000832],[122.490365413000205,12.494751093000742],[122.490365413000205,12.494757524000741],[122.490361021000112,12.494766099000829],[122.490358825000101,12.494774674000739],[122.490361021000112,12.494783250000827],[122.490365412000202,12.494789681000738],[122.490369804000125,12.494798256000736],[122.490367931000151,12.494844639000844],[122.490370057000149,12.494857096000809],[122.490370056000145,12.494865400000785],[122.490370055000142,12.494875781000845],[122.490372181000239,12.494884086000821],[122.490382813000224,12.494900696000775],[122.490387066000139,12.494909001000751],[122.490391318000221,12.494917305000817],[122.490395571000121,12.494925610000793],[122.49039769700012,12.494935991000764],[122.49039769600013,12.494944296000741],[122.49039769600013,12.494956753000794],[122.490393442000126,12.494965057000771],[122.490387062000224,12.494973361000836],[122.490378555000134,12.49497958900073],[122.49036792300015,12.49497958900073],[122.490355164000249,12.49497958800073],[122.490348784000162,12.494981664000724],[122.490338151000174,12.494992044000783],[122.490336024000172,12.495002425000754],[122.490336023000168,12.495012805000814],[122.490338149000166,12.495025262000778],[122.490347869513016,12.495040686611967],[122.490348780000161,12.495041872000821],[122.49035515900016,12.495052253000791],[122.49035941200016,12.495062634000762],[122.490363664000157,12.495073015000822],[122.490367917000142,12.495083396000792],[122.490374296000141,12.495091701000769],[122.490378548000137,12.495100006000746],[122.490384927000136,12.495110387000805],[122.490387053000134,12.495118692000782],[122.490387053000134,12.495126997000758],[122.490384926000132,12.495137377000818],[122.49038279900013,12.495147758000789],[122.490378545000226,12.495156062000765],[122.490374292000141,12.495162291000748],[122.490363659000153,12.495166442000736],[122.490355153000252,12.495166442000736],[122.490346646000162,12.495174746000801],[122.490353023000068,12.495202917000734],[122.490353023000068,12.495215374000788],[122.490355149000152,12.495223679000764],[122.49035514862463,12.495226796994539],[122.490357274000161,12.495238212000812],[122.490357274000161,12.495248593000783],[122.490355147000159,12.495256897000759],[122.490348767000256,12.495269354000813],[122.490342387000169,12.495275582000795],[122.490333880000179,12.495283886000772],[122.490325374000093,12.495288038000849],[122.490308361000189,12.495296341000737],[122.490289221000126,12.495319178000761],[122.490284967000207,12.495331635000815],[122.490284967000207,12.495337863000797],[122.490284966000218,12.495346168000774],[122.490282839000216,12.49535447200075],[122.49027858600013,12.49536485300081],[122.490272206000228,12.495371081000792],[122.49026582600014,12.495377309000775],[122.490255193000152,12.495379385000769],[122.490246687000152,12.495379384000769],[122.490236054000164,12.495379384000769],[122.490223295000177,12.495379383000769],[122.490199902000185,12.495395991000811],[122.490193522000112,12.495404295000787],[122.490192456990343,12.495405334718788],[122.490185015000208,12.495414675000758],[122.49018288800012,12.495422980000823],[122.490189267000204,12.4954312850008],[122.49019777300019,12.495437514000782],[122.490206279000191,12.495441667000771],[122.490209821245344,12.495443742305943],[122.490233923000247,12.49545620100073],[122.490242429000162,12.495458278000813],[122.490255188000233,12.495456203000819],[122.490276455000128,12.495443747000765],[122.490287087000212,12.495443748000765],[122.490299846000198,12.495445824000759],[122.490306226000101,12.495447901000754],[122.490314732000186,12.495452054000831],[122.490325364000185,12.495458283000813],[122.490331743000169,12.495464512000796],[122.490346628000253,12.495472817000772],[122.490357261000241,12.495474894000766],[122.49036789300024,12.49547697100085],[122.490380652000226,12.49547697100085],[122.490387032000129,12.495476972000761],[122.490397664000128,12.495485277000826],[122.490412549000197,12.495506039000857],[122.490421758640807,12.495514340897627],[122.490427434000097,12.495518497000733],[122.49043381300018,12.495524726000804],[122.490440192000179,12.495530955000786],[122.490446571000078,12.49554341200084],[122.490465708000244,12.495580784000735],[122.490469960000155,12.4955890890008],[122.490472086000153,12.495603622000759],[122.490474211000233,12.495618155000807],[122.490474211000233,12.49562438400079],[122.490478464000148,12.49563476500076],[122.490478463000144,12.495643069000737],[122.490478462000141,12.495655526000791],[122.490478462000141,12.495665907000761],[122.490482713000148,12.49569082100078],[122.490482713000148,12.495703278000834],[122.490482712000144,12.495713659000804],[122.490482711000141,12.495726116000769],[122.490478457000236,12.495748953000794],[122.490474203000147,12.495761410000759],[122.490474202000144,12.495773867000723],[122.490474202000144,12.495782171000789],[122.490474201000239,12.495794628000754],[122.490472074000152,12.495802933000819],[122.490472074000152,12.49581331400079],[122.490472073000149,12.495823694000761],[122.490476325000145,12.495842380000797],[122.490493337000217,12.495848609000779],[122.490503970000219,12.495842381000797],[122.490514603000207,12.495838230000809],[122.490523109000108,12.495836154000814],[122.490528450011382,12.495835111215134],[122.490542248000182,12.495832003000737],[122.490550754000182,12.49583407900082],[122.490559260000168,12.495838232000809],[122.490567765000165,12.495844461000791],[122.490574145000153,12.495852766000768],[122.490580523000148,12.495863147000739],[122.490582649000146,12.495873528000798],[122.490586902000146,12.495879757000781],[122.490591155000146,12.495890138000751],[122.490593280000226,12.495900519000811],[122.490595406000139,12.495912976000776],[122.490595406000139,12.495925433000741],[122.490591151000231,12.495944118000777],[122.490591151000231,12.495956575000742],[122.490586897000142,12.495975260000778],[122.490586896000153,12.495985641000837],[122.490586895000234,12.495996021000808],[122.490584768000147,12.496006402000779],[122.490583171435318,12.496011076850797],[122.49057697075294,12.496036151112664],[122.490576260000154,12.496039620000774],[122.490575726935447,12.496041180850446],[122.490572006000164,12.496056229000727],[122.490572005000246,12.496068686000781],[122.490574131000159,12.496076991000757],[122.490574129000152,12.496108770000811],[122.490578382000152,12.496117075000788],[122.490578381000148,12.496127456000847],[122.49057625400016,12.496137836000818],[122.490574127000158,12.496146141000795],[122.490569874000158,12.496152369000777],[122.490561367000169,12.496158597000759],[122.49055073400018,12.496166901000736],[122.490544354000093,12.496171053000813],[122.490544354000093,12.496181434000784],[122.490576251000249,12.49618974000076],[122.49058475700015,12.496195969000743],[122.490591136000148,12.496212579000785],[122.490601768000133,12.496220884000762],[122.490604964896121,12.496224005352916],[122.490618779000215,12.496235418000721],[122.490627285000201,12.496237495000804],[122.490635792000106,12.496231267000821],[122.490637919000193,12.496220886000762],[122.490640046000195,12.496212582000785],[122.490642173000197,12.496204277000809],[122.490650680000186,12.496195973000832],[122.490661312000171,12.496195974000743],[122.490666038518995,12.496197127569184],[122.490678324000157,12.496198051000738],[122.49068895700016,12.496193899000749],[122.490699590000148,12.49618974700085],[122.490708097000137,12.496183519000779],[122.490718729000136,12.496183520000779],[122.49072936100012,12.496189749000761],[122.490731488000122,12.496198054000827],[122.490729360000117,12.496208434000797],[122.490727233000129,12.496216739000774],[122.490718727000129,12.496220891000762],[122.490708095000144,12.496218814000768],[122.490697462000142,12.496222966000756],[122.490680448000163,12.496254107000757],[122.490678321000161,12.496262411000734],[122.490669814000171,12.496270716000799],[122.49066130800017,12.496274867000787],[122.490654928000097,12.49628109500077],[122.490646421000193,12.496287323000752],[122.490642175752484,12.496290431324661],[122.490635787782949,12.496295627871676],[122.490631535000105,12.496299780000806],[122.490623028000201,12.496306008000788],[122.490616648000127,12.496312236000771],[122.490612395000213,12.496320540000836],[122.490606015000125,12.496330920000807],[122.490601761000221,12.496337149000789],[122.490593255000135,12.496339224000783],[122.490582622000147,12.496345452000766],[122.49057411500327,12.496358946493134],[122.490571988000156,12.496364137000802],[122.490565608000253,12.496372441000778],[122.490559228000166,12.496378669000761],[122.490552848000178,12.496384897000743],[122.490544342000092,12.49638904900082],[122.490533709000104,12.496393201000808],[122.490529455000186,12.496399429000791],[122.490529455000186,12.496409810000761],[122.490537960000182,12.496418115000738],[122.49054859300017,12.496422268000815],[122.490550719000169,12.496428497000798],[122.490557098000167,12.49643472500078],[122.490565605000157,12.496432650000786],[122.490574111000242,12.496424346000721],[122.490580491000145,12.496420194000821],[122.490588997000145,12.496416042000744],[122.490599630000133,12.496411890000756],[122.490608136000219,12.496411891000756],[122.49061238900012,12.496418119000827],[122.490608136000219,12.496426424000804],[122.490601756000132,12.496432652000786],[122.490563880000195,12.496453239000802],[122.490562919000112,12.496454224000795],[122.490562057000133,12.496455113000779],[122.490555997000257,12.496461284000846],[122.490551768908773,12.496464379601688],[122.490531500000188,12.49648302400078],[122.490522593000151,12.496487371000784],[122.490513685000224,12.496487371000784],[122.490502551000191,12.496487370000784],[122.490482508000127,12.496496066000793],[122.490480281000117,12.496506936000804],[122.490484734000134,12.496517807000727],[122.490486959000137,12.496546071000845],[122.490480278000206,12.496552593000763],[122.490473597000189,12.496559115000769],[122.490466916000173,12.496569985000781],[122.490463572979735,12.49657433628145],[122.490453553000123,12.496589551000801],[122.490444645000096,12.49659824700081],[122.490437964000165,12.496604769000816],[122.490431283000149,12.496611291000734],[122.490424602000218,12.496615639000739],[122.49041569500011,12.49661781300083],[122.490406787000168,12.496622161000834],[122.490402333000148,12.496630857000843],[122.490404559000069,12.496639553000763],[122.490413466000192,12.496643902000768],[122.490422374000218,12.496648251000773],[122.490431281000156,12.496650425000775],[122.490440188000179,12.496652600000777],[122.49044686900011,12.496656949000782],[122.490451322000126,12.496665645000791],[122.490451322000126,12.4966743420008],[122.490446867000202,12.496685212000811],[122.490444640000192,12.496696083000822],[122.490442412000178,12.496704779000742],[122.490442411000188,12.496717824000756],[122.4904320205912,12.496743904440519],[122.490431275000233,12.496746087000785],[122.490426821000142,12.496756957000796],[122.490420139000207,12.496778698000819],[122.490420138000204,12.496791743000832],[122.490418922517108,12.496797675780611],[122.490417910000104,12.496813484000766],[122.490424590000217,12.496822181000775],[122.490437950000256,12.4968460970008],[122.490451310000125,12.49687436100074],[122.490451309000122,12.496887406000754],[122.490451309000122,12.49689392800085],[122.490449081000207,12.49690262500077],[122.490462441000147,12.496933196000812],[122.490462441000147,12.496934014159331],[122.490465862464148,12.49694205257522],[122.490466894000164,12.496944067000824],[122.490471347000181,12.496954938000746],[122.490473573000102,12.496963635000755],[122.490471346000177,12.496974505000766],[122.490469118000178,12.496983202000775],[122.490466891000167,12.496989724000782],[122.490460210000151,12.496998420000791],[122.49045352900022,12.497004942000798],[122.490444621000194,12.497009290000802],[122.490433487000161,12.497013637000807],[122.490422352000209,12.497015811000809],[122.49039710243288,12.497028860386115],[122.490393402000208,12.497031028000736],[122.490384494000182,12.49703537600074],[122.490380040000176,12.497044072000749],[122.490373358000156,12.497052768000758],[122.490364450000129,12.497063638000769],[122.490362223000119,12.497072335000778],[122.490359995000205,12.497081031000787],[122.490364449000126,12.497089728000796],[122.490373356000148,12.497091902000799],[122.490382264000175,12.497089729000797],[122.490388945000205,12.49708320700079],[122.490397853000232,12.497076685000783],[122.490406761000159,12.497070163000776],[122.490413441000186,12.497065815000772],[122.490424576000123,12.49706364200077],[122.490435710000156,12.49706364200077],[122.490442391000187,12.497070165000776],[122.490435710000156,12.497078861000785],[122.490431255000146,12.497089732000797],[122.490427916601703,12.497103850308475],[122.490426800000137,12.497109298000817],[122.490424573000126,12.497117995000826],[122.4904190051884,12.497132125582686],[122.490417891000192,12.497137562000757],[122.4904134370001,12.497146258000766],[122.490413436000182,12.49715930200078],[122.490413435000178,12.497172347000793],[122.490413435000178,12.497183218000805],[122.490417887000106,12.497202785000825],[122.490442381000179,12.497237572000772],[122.490447787000178,12.497276693000812],[122.490447451074502,12.497276806973376],[122.490444316000165,12.497277802000815],[122.489979541000167,12.497424636000796],[122.489977599000184,12.497426531000775],[122.48996983300016,12.497430322000822],[122.489964008000129,12.49743600800076],[122.48995624200019,12.497441694000786],[122.489952358000224,12.497449276000792],[122.489948475000077,12.497456858000797],[122.489936825000186,12.497470126000829],[122.489936824000182,12.497477708000835],[122.489946531000186,12.497485290000752],[122.489956239000193,12.497485291000752],[122.489964005000118,12.497483396000773],[122.489984717012675,12.497472023104637],[122.489987304000095,12.497470129000741],[122.489995070000205,12.497466338000782],[122.490037785000098,12.497449281000792],[122.490047492000102,12.497447386000813],[122.490055258000211,12.497449282000792],[122.490090206000175,12.497439806000807],[122.490473867000205,12.497315655000749],[122.490475112178842,12.497333027619204],[122.490476057000123,12.497337641000792],[122.490476057000123,12.49734620700079],[122.490478250000123,12.497354774000788],[122.490480443000138,12.497365482000786],[122.490484830000142,12.497374049000785],[122.490487023000142,12.497384758000782],[122.490487900030331,12.497396754043697],[122.490489215000153,12.497401891000779],[122.490489215000153,12.497414741000776],[122.490497988000072,12.497431874000773],[122.490502375000077,12.497438300000772],[122.49050676200018,12.497449008000769],[122.49050895500018,12.497457575000768],[122.490513341000195,12.497466142000766],[122.490515535000199,12.497474708000764],[122.490517727000196,12.497485417000762],[122.490524308000204,12.49749612500076],[122.490539662000145,12.497508976000757],[122.490548437000157,12.497511118000757],[122.490557211000095,12.497508977000757],[122.490557212000184,12.49749826900076],[122.49055282500008,12.497489702000761],[122.490555019000169,12.497481135000763],[122.490563794000195,12.497472569000765],[122.490570375000203,12.497468286000766],[122.49057915000013,12.497466145000766],[122.490587925000227,12.497461862000767],[122.490596700000154,12.497457580000768],[122.490605474000176,12.497453297000769],[122.49060547500018,12.497444730000771],[122.490603282000166,12.497436164000773],[122.490609863000088,12.497429739000774],[122.490605476000169,12.497421172000776],[122.490605477000173,12.497412606000777],[122.490607671000092,12.49739975600078],[122.490612059000185,12.497391190000782],[122.490618640000193,12.497380482000784],[122.490620834000197,12.497371915000786],[122.490625222000119,12.497361207000788],[122.490629610000127,12.49734835800079],[122.490636192000139,12.497329083000794],[122.490640580000232,12.497320517000796],[122.490644968000154,12.497314092000797],[122.490651549000162,12.4973033840008],[122.490660324000089,12.497292677000802],[122.490666905000111,12.497288394000803],[122.490677874000212,12.497284111000804],[122.490691035000154,12.497281970000804],[122.490699810000166,12.497277687000805],[122.490704198000259,12.497269121000807],[122.490706392000178,12.497256271000721],[122.490708586000181,12.497247705000811],[122.490710780000185,12.497239138000813],[122.490717362000197,12.497230572000815],[122.49072394300012,12.497226289000727],[122.49072833189345,12.497224146820693],[122.490739299000239,12.497217723000817],[122.490743686000158,12.497209157000819],[122.49075026800017,12.497200591000732],[122.490759043000097,12.497192025000823],[122.490791100000166,12.497195231000733],[122.49080184969597,12.497204630621281],[122.490807123000167,12.497208492000764],[122.490814465000142,12.497215661000736],[122.490824254000159,12.497220440000776],[122.490834043000163,12.497222830000796],[122.490841385000152,12.497229999000767],[122.490843832000181,12.497239556000848],[122.490836489000188,12.49724911400075],[122.49083404100017,12.49725867100083],[122.49083404100017,12.497270618000842],[122.490836488000099,12.497277786000813],[122.490846277000202,12.497280176000833],[122.490858514000152,12.497284956000785],[122.490865856000141,12.497287346000805],[122.490887879858164,12.497297381876757],[122.490892776000138,12.497299294000817],[122.490902565000155,12.497304073000768],[122.490909907000145,12.497308853000808],[122.49091724900012,12.497316021000779],[122.490924591000194,12.497323190000751],[122.49094738200013,12.497337784000804],[122.490962066000193,12.497340174000824],[122.490969408000183,12.497344953000775],[122.491003670000168,12.497385575000761],[122.491006117000197,12.497387965000781],[122.491015906000115,12.497397523000773],[122.491023248000104,12.497404691000744],[122.491033037000207,12.497409471000784],[122.49104141959846,12.497415610018789],[122.491055063000161,12.497423808000816],[122.491067300000196,12.497428588000767],[122.491086878000132,12.497440536000779],[122.491099115000253,12.497445315000819],[122.491111352000203,12.497450095000771],[122.491121141000121,12.497454874000722],[122.491138272000114,12.497462043000782],[122.491143167000075,12.497464433000802],[122.491147088457197,12.497466826175261],[122.491182324000206,12.497485940000805],[122.491194561000157,12.497488330000825],[122.491206780196123,12.497495966521042],[122.491214139000093,12.497500278000837],[122.491216812246961,12.497502235760214],[122.491229517369149,12.497510175457824],[122.491233718000203,12.49751222600076],[122.491239065768113,12.497516142452811],[122.491255743000153,12.497526564000792],[122.491263086000231,12.497528953000723],[122.491294901000202,12.497545681000775],[122.491324265698509,12.497550461000815],[122.491326716000259,12.497550461000815],[122.491338953000195,12.497552851000746],[122.491346296000188,12.497550462000815],[122.491365875000113,12.497538516000803],[122.491378112000064,12.497536128000784],[122.49138790200017,12.497538518000804],[122.491397691000174,12.497540908000824],[122.491405033000163,12.497548076000795],[122.491407480000092,12.497557634000787],[122.49140992700012,12.497569581000798],[122.491409926000216,12.497576749000769],[122.491419711155203,12.4975886925876],[122.49142461000018,12.497593476000821],[122.491429504000138,12.497600644000793],[122.491458871000177,12.497622150000796],[122.491463766000138,12.497622150000796],[122.491466214000155,12.497605425000833],[122.491476004000177,12.497595868000841],[122.491485794000099,12.497598258000773],[122.491493136000173,12.497600647000793],[122.491500478000148,12.497610205000784],[122.491507819000134,12.497622153000796],[122.491534740000148,12.497629322000767],[122.491539634000191,12.497638880000848],[122.491537186000173,12.49765082700077],[122.491532291000212,12.497660384000762],[122.491520054000176,12.497667552000822],[122.491512711000098,12.497669941000753],[122.491500474000148,12.497669940000753],[122.491490685000144,12.497672329000773],[122.49147844700019,12.497679497000744],[122.49147355200023,12.497689054000736],[122.491478446000201,12.497701001000747],[122.491483341000162,12.497708170000807],[122.491498024000123,12.49772967500081],[122.491505365000208,12.497736843000782],[122.491522496000115,12.497748791000793],[122.49153473400014,12.497746403000773],[122.491551866000137,12.497732067000831],[122.491559209000215,12.497722510000839],[122.491568999000137,12.497715342000779],[122.491583683000115,12.497712954000759],[122.491593472000204,12.497715344000779],[122.491600814000194,12.497720123000731],[122.491608156000183,12.497724902000771],[122.491617945000101,12.497734460000762],[122.491622839000243,12.497744018000754],[122.491622839000243,12.497758354000785],[122.491613049000136,12.497763132000825],[122.491605706000158,12.497772690000728],[122.491605706000158,12.497782247000808],[122.491610599000211,12.497801363000791],[122.491622836000147,12.497808531000762],[122.491632625000165,12.497810921000783],[122.491639968000143,12.497810922000783],[122.491652204000189,12.497810922000783],[122.491669337000175,12.4977918080008],[122.491676680000168,12.497770304000797],[122.491684023000147,12.497760747000806],[122.491688918000108,12.497751189000814],[122.491684024000151,12.497739242000803],[122.491681578000211,12.497724906000771],[122.491681578000211,12.49771534800078],[122.491684026000158,12.497705791000788],[122.491691369000137,12.497693844000777],[122.491696264000183,12.497686676000805],[122.491708501000133,12.497686677000805],[122.491718290000236,12.497689067000826],[122.491725632000225,12.497693846000777],[122.4917329740002,12.497701014000748],[122.491745211000151,12.497703404000768],[122.491757448000186,12.497703405000768],[122.491769685000136,12.497703406000769],[122.491777026000122,12.497710574000829],[122.491777026000122,12.4977177420008],[122.491769683000129,12.497727300000792],[122.491764788000168,12.497736857000783],[122.491757445000189,12.497748804000794],[122.491757445000189,12.497758361000786],[122.491757444000186,12.497767919000777],[122.491757444000186,12.497777476000769],[122.491747654000179,12.49778703300076],[122.491735417000228,12.49778942200078],[122.491723179000104,12.49779659000084],[122.491710941000164,12.497818093000754],[122.491703599000175,12.497827651000746],[122.49169870300021,12.497844376000797],[122.491701150000154,12.497853934000789],[122.49170114900015,12.49786349100078],[122.491696254000189,12.497875438000792],[122.491691359000143,12.497884995000783],[122.491679121000189,12.497889774000823],[122.491671779000114,12.497894552000774],[122.491661989000107,12.497901720000835],[122.491654646000114,12.497911277000826],[122.491647303000136,12.49793278100074],[122.491649750000164,12.4979399490008],[122.491657092000139,12.497947118000772],[122.491679118000192,12.497954287000743],[122.491688908000114,12.497949509000792],[122.491698698000121,12.497942341000821],[122.491708488000228,12.497935174000849],[122.491715830000203,12.497925616000769],[122.491719501526404,12.497922032475204],[122.491730515000185,12.497908891000806],[122.491740305000107,12.497906502000786],[122.491769449000202,12.497925573000765],[122.491771896000145,12.497927963000786],[122.491773732481946,12.497931548548644],[122.49178658000011,12.497949468000789],[122.491796369000213,12.497954247000829],[122.491806158000131,12.49795902700078],[122.491815948000138,12.49795424800074],[122.491825738000244,12.497947081000769],[122.491840422000209,12.497949471000789],[122.49185755400012,12.49795902900078],[122.491869791000241,12.4979614190008],[122.491879581000163,12.497954252000829],[122.491885699643802,12.497937527891976],[122.491886924000156,12.497932748000737],[122.491891819000202,12.497920801000815],[122.491899162000195,12.497913633000755],[122.491908952000117,12.497906465000783],[122.491921189000237,12.497904077000763],[122.491935873000202,12.497904077000763],[122.491945663000124,12.497908857000803],[122.491953005000113,12.497913636000755],[122.491948109000148,12.497935140000758],[122.49195300300012,12.497944698000749],[122.491948108000159,12.497959034000781],[122.491940765000166,12.497968591000772],[122.491930975000159,12.497973370000812],[122.491918738000209,12.497978148000852],[122.491908948000201,12.497978147000763],[122.491896711000166,12.497980536000783],[122.49188447400013,12.497985314000823],[122.49187957900017,12.497994872000815],[122.491886920000155,12.498002040000786],[122.491904052032567,12.498000846576849],[122.49191139500023,12.497999652000766],[122.491921184000148,12.497999653000766],[122.491928526000137,12.498004432000807],[122.491948104000159,12.498028327000741],[122.491962788000123,12.498035496000801],[122.491970130000112,12.498035496000801],[122.491977472000102,12.498040275000752],[122.491984814000176,12.498052223000764],[122.491984814000176,12.498057001000804],[122.491975024000254,12.498066558000795],[122.491965234000148,12.498073726000767],[122.49196278600013,12.498083284000847],[122.491970127000201,12.498092842000839],[122.49197746900019,12.49810240000083],[122.491984811000165,12.498109568000801],[122.491989705000137,12.498121515000813],[122.491994599000094,12.498133463000825],[122.492017436932883,12.498160540261791],[122.49202151900019,12.498164526000819],[122.492028861000179,12.498174084000722],[122.492028860000261,12.498190810000773],[122.492031307000104,12.498202757000785],[122.492033753000229,12.498217093000816],[122.492038647000186,12.498229041000828],[122.492045989000175,12.498236209000799],[122.492055779000182,12.498233820000779],[122.492065569000104,12.498226653000808],[122.492072911000179,12.498219485000748],[122.492080254000157,12.498212317000776],[122.492112071000136,12.498190814000774],[122.492116967000086,12.498181257000782],[122.492119414000115,12.498171699000791],[122.492131653000243,12.498150195000788],[122.492138995000232,12.498140638000796],[122.492146338000211,12.498138249000776],[122.492158575000161,12.498135860000756],[122.492185495000172,12.498154977000828],[122.492197732000108,12.498154977000828],[122.492207521000211,12.49815736700076],[122.492219758000161,12.49815736800076],[122.492231995000196,12.49815736800076],[122.492239337000186,12.498164537000731],[122.492239336000097,12.498176484000831],[122.492236889000154,12.498186041000823],[122.492229546000175,12.498197988000834],[122.492222203000182,12.498207545000826],[122.492214861000193,12.498214713000797],[122.492205071000186,12.498219491000748],[122.492195281000093,12.498226659000808],[122.492185491000171,12.49822904800074],[122.492173254000136,12.4982362160008],[122.492165911000143,12.498243383000771],[122.492156121000221,12.498248162000811],[122.4921438840001,12.498252940000762],[122.49213164700015,12.498257718000803],[122.4921194100002,12.498262496000754],[122.492109620000193,12.498269664000814],[122.492102277000214,12.498279221000805],[122.492099829000182,12.498288779000797],[122.492099829000182,12.498298336000788],[122.49210227600021,12.49830789400078],[122.492104723000139,12.49831506200084],[122.492112064000125,12.498324620000831],[122.492119406000114,12.498336567000754],[122.492141432000167,12.498348515000766],[122.492148773000153,12.498358073000846],[122.492153668000114,12.498365242000729],[122.492165904000231,12.498377189000829],[122.492170799000192,12.4983843580008],[122.49218058800021,12.498391526000772],[122.492190377000128,12.498391527000772],[122.492202615000252,12.4983843590008],[122.492209957000242,12.49837719200074],[122.49221730000022,12.498362856000798],[122.492224643000213,12.498353298000806],[122.492234433000135,12.498343741000815],[122.492246670000171,12.498336574000843],[122.492256460000092,12.498331795000803],[122.492273592000174,12.498324628000743],[122.492285829000124,12.498322239000812],[122.4922931710001,12.498329408000783],[122.4922931710001,12.498341355000795],[122.49230785400016,12.498350913000786],[122.492315196000149,12.498355692000827],[122.492327433000099,12.498360472000778],[122.492342117000163,12.498360472000778],[122.49235190700017,12.498355694000827],[122.492361697000177,12.498350916000787],[122.492369039000167,12.498353305000718],[122.492376381000241,12.498358085000758],[122.492381275000199,12.49837242100079],[122.492382499601604,12.4983772043029],[122.492388616000184,12.498396315000813],[122.492393510000142,12.498405873000804],[122.492403299000244,12.498413042000776],[122.492413089000166,12.498415432000796],[122.492427773000145,12.498415433000796],[122.492437563000152,12.498413044000776],[122.492444905000141,12.498415433000796],[122.492457142000177,12.498422602000767],[122.492464496963123,12.498427389764553],[122.492484062000088,12.498439329000819],[122.492496299000209,12.49844410900077],[122.492508535000155,12.49844888800081],[122.492515878000148,12.49844888800081],[122.492525667000251,12.49844649900079],[122.492530563000116,12.498434553000779],[122.492535458000077,12.498424995000788],[122.492540353000223,12.498417827000727],[122.492547695000198,12.498413049000776],[122.492559933000152,12.498410660000756],[122.492572169000098,12.498415440000796],[122.492579511000173,12.498424997000788],[122.492584405000215,12.498436945000799],[122.49259174700012,12.498448892000811],[122.492601536000123,12.498458450000802],[122.492606430000095,12.498463229000754],[122.492616219000183,12.498472787000745],[122.492626009000205,12.498479956000805],[122.492630903000162,12.498484735000757],[122.492633349955511,12.49848712421314],[122.492650481000183,12.498501461000808],[122.49267250800014,12.49850863100078],[122.492694534000179,12.498518189000771],[122.492714112000115,12.498530137000783],[122.492726349000151,12.498534917000734],[122.492736138000168,12.498539696000774],[122.492748375000104,12.498542086000795],[122.492758164000207,12.498544476000815],[122.492767954000215,12.498544476000815],[122.492780191000165,12.498546866000746],[122.492792428000115,12.498546867000835],[122.492807112000179,12.498546867000835],[122.492819349000214,12.498544479000726],[122.492829139000136,12.498537311000844],[122.492838929000143,12.498530143000783],[122.492851166000179,12.498522976000812],[122.492868299000179,12.498508640000781],[122.492880536000115,12.498501472000809],[122.492890326000136,12.498496694000769],[122.492907458000218,12.498499084000789],[122.492917247000136,12.498501474000721],[122.492924589000125,12.498501474000721],[122.492953062000169,12.498503241000778],[122.492968966771087,12.498505631167065],[122.492975088000222,12.498505632000798],[122.492984878000144,12.498508021000818],[122.492997115000179,12.498508022000818],[122.493006904000097,12.498508022000818],[122.493024036000179,12.498508023000818],[122.493038720000158,12.498508024000818],[122.493050957000094,12.49850802500073],[122.4930607470002,12.49850802500073],[122.493077389527372,12.49850229128989],[122.493080326000126,12.498500858000758],[122.493084520645212,12.498499834404528],[122.493102353000182,12.498493691000787],[122.493114590000218,12.498491302000767],[122.49312438000014,12.498486523000816],[122.493134170000147,12.498479356000844],[122.493141161054098,12.49847526088975],[122.493153739622684,12.498466819232776],[122.493156197000189,12.498465020000724],[122.493163540000182,12.498460242000773],[122.493175777000118,12.498455464000822],[122.49318556700014,12.498448296000761],[122.493195357000232,12.49844590700083],[122.493202699000221,12.49844590700083],[122.493211517082401,12.498445907601328],[122.493217383000186,12.49844590800083],[122.493227173000108,12.49844590800083],[122.493239410000243,12.49844113000079],[122.493243084076042,12.498439934499936],[122.493258989000168,12.49843396300073],[122.493268779000175,12.49844113100079],[122.493276120000075,12.498453079000802],[122.493293252000157,12.498460248000773],[122.493303041000175,12.498457859000753],[122.493309171436778,12.498456662170474],[122.493325068000217,12.498453081000802],[122.493332410000207,12.498462639000794],[122.493339751000107,12.498474586000805],[122.493344646000153,12.498486533000817],[122.493342198000121,12.498493701000788],[122.493339750000104,12.498500869000759],[122.4933397490001,12.498517595000811],[122.493342196000214,12.498522374000762],[122.493364222000167,12.498541490000745],[122.493378906000231,12.498546270000785],[122.493388696000153,12.498541491000745],[122.493396039000231,12.498531934000754],[122.493403381000121,12.498517598000811],[122.493405830000157,12.49850326200078],[122.493408277000171,12.498496094000808],[122.493413173000135,12.498484147000797],[122.493420515000125,12.498476979000737],[122.493430305000132,12.498476980000737],[122.493440094000235,12.498484148000797],[122.493449883000153,12.498496096000808],[122.493453550335119,12.498500870229643],[122.493467014000146,12.498517601000811],[122.493476803000163,12.498524770000783],[122.493496382000188,12.498531939000754],[122.493503724000163,12.498531939000754],[122.493511066000238,12.498531939000754],[122.493518408000227,12.498524771000783],[122.493523304000192,12.498512825000772],[122.493523304000192,12.49850326700078],[122.493520857000163,12.498493709000789],[122.493518411000139,12.498479373000846],[122.493518411000139,12.498467426000746],[122.493520859000256,12.498453090000803],[122.493525754000217,12.498445922000743],[122.493533097000196,12.498438754000771],[122.493545334000146,12.498438755000771],[122.493561236691576,12.498444727272693],[122.493564913000256,12.498445924000832],[122.493577149000203,12.498450703000783],[122.493589386000153,12.498465040000815],[122.493601622000099,12.498469819000766],[122.493611413254399,12.498474599271967],[122.49363343800016,12.498484157000798],[122.493648122000209,12.498493715000789],[122.493653016000181,12.498505662000801],[122.493650568000149,12.498517609000812],[122.493645673000188,12.498527167000804],[122.493640778000227,12.498536724000795],[122.493645672000184,12.498546282000786],[122.493657909000135,12.498548672000807],[122.49367014600017,12.498541504000835],[122.493677489000248,12.498534336000775],[122.493684831000238,12.498527168000804],[122.493697068000174,12.498522390000764],[122.493709305000124,12.498520001000744],[122.493723990000092,12.498522391000764],[122.493736226000138,12.498529560000824],[122.493739651705809,12.498532904519797],[122.493763147000223,12.498548676000807],[122.493782182835716,12.498547349680509],[122.493787621000124,12.498546288000787],[122.493797410000127,12.498546288000787],[122.493807200000234,12.498551068000738],[122.493812094000191,12.498558236000799],[122.493823411000236,12.49858234800084],[122.493830753000225,12.498584738000771],[122.493842990000175,12.49858234900084],[122.493852780000182,12.4985775710008],[122.493855228000115,12.498565624000788],[122.493850334000157,12.498544119000785],[122.493850335000161,12.498532172000774],[122.493852783000179,12.498520225000762],[122.493855231000211,12.498508278000751],[122.493857679000143,12.498498720000759],[122.493865022000136,12.498484384000816],[122.493877260000161,12.498470048000785],[122.493882155000122,12.498465270000834],[122.493894392000072,12.498462881000725],[122.493906629000193,12.498462881000725],[122.49391886500014,12.498470050000785],[122.493923760000101,12.498477218000756],[122.493923759000111,12.498489165000768],[122.493916417000122,12.498498723000848],[122.493909074000129,12.49850828000084],[122.493901730000147,12.498534563000794],[122.493901730000147,12.498539342000834],[122.49391151900025,12.498560847000748],[122.493918861000239,12.498568016000808],[122.493926202000125,12.49857996300082],[122.493935992000146,12.49858235300084],[122.49394578100015,12.498584743000771],[122.493960465000214,12.498594301000763],[122.493970255000136,12.498601469000823],[122.493972702000164,12.498601470000734],[122.493987386000128,12.498613417000835],[122.493989833000242,12.498615807000766],[122.493999623000164,12.498620586000806],[122.494011860000199,12.498618197000786],[122.494021650000121,12.498613419000746],[122.494026545000168,12.498608640000795],[122.494038782000203,12.498601472000823],[122.494051019000153,12.498596694000783],[122.494058362000146,12.498589526000812],[122.494077943000164,12.498546517000717],[122.494077944000168,12.498534570000794],[122.494082839000129,12.498522623000783],[122.494092629000221,12.498513066000791],[122.494107314000189,12.498508288000751],[122.49411710400021,12.49850112000078],[122.494124447000189,12.498491563000789],[122.49412934200015,12.498479616000777],[122.494136685000143,12.498470059000786],[122.494144027000118,12.498460501000794],[122.494156265000157,12.498455723000843],[122.494168501000189,12.498458113000774],[122.49417339600015,12.498465281000746],[122.494178290000121,12.498477229000757],[122.494180737000136,12.498486786000838],[122.494200315000157,12.4985035130008],[122.49420765800015,12.4985035130008],[122.494215000000139,12.49849873500076],[122.4942198950001,12.498486788000749],[122.494219896000189,12.498472451000806],[122.494222344000121,12.498458115000775],[122.494224792000139,12.498450947000803],[122.494237030000093,12.498436611000772]],[[122.500052521433744,12.496229609166862],[122.49986846119576,12.496229267636325],[122.499868808841683,12.496048413355174],[122.499989092123059,12.496048636556187],[122.499989072659687,12.496058764396265],[122.500052849490885,12.496058882720638],[122.500052521433744,12.496229609166862]],[[122.500172457362311,12.496410686576374],[122.500172437905519,12.496420814416362],[122.500052154448724,12.496420591290578],[122.500052173910234,12.496410463450767],[122.500172457362311,12.496410686576374]],[[122.49048033376485,12.49675424494062],[122.490480687951745,12.49657339092912],[122.490664748165926,12.496573738880832],[122.490665102219424,12.496392884861693],[122.490849162311122,12.496393232682577],[122.491033222408419,12.496393580377605],[122.491032868610816,12.496574434407135],[122.4910325148076,12.496755288434178],[122.491032160998969,12.496936142458823],[122.490848100517894,12.496935794748163],[122.490664040042319,12.496935446911737],[122.490479979572342,12.496935098949633],[122.49048033376485,12.49675424494062]]],[[[122.569789511000153,12.496757909000786],[122.570338706000115,12.496433884000799],[122.570695505000245,12.496279692000742],[122.571185384000188,12.495939516000751],[122.571514066619812,12.495687748922874],[122.571537417655819,12.495458591482222],[122.571405979628523,12.495458382499178],[122.571405681722212,12.495639238629606],[122.571221620032674,12.495638945846474],[122.57103755834784,12.495638652937577],[122.57103785650996,12.495457796815854],[122.570853794957657,12.495457503785632],[122.570669733410043,12.495457210629732],[122.570485671867061,12.495456917348067],[122.570485373321162,12.495637773456734],[122.570301311654902,12.495637480045039],[122.570117249993345,12.495637186507667],[122.570116951186947,12.495818042605054],[122.569932889402111,12.495817748937563],[122.569932590463011,12.4959986050282],[122.569932291519294,12.49617946111635],[122.569931992570957,12.496360317202102],[122.569931693617832,12.496541173285367],[122.569747631325939,12.496540879474702],[122.569747332240297,12.496721735551217],[122.56956326982511,12.496721441610346],[122.569379207414642,12.496721147543886],[122.569378908068416,12.496902003609121],[122.569194845534753,12.496901709412542],[122.569010783005709,12.496901415090198],[122.569010483398884,12.497082271144242],[122.568826420746561,12.49708197669178],[122.568642358098955,12.49708168211364],[122.56845829545604,12.497081387409823],[122.568457995460733,12.497262243448235],[122.568273932694538,12.497261948614211],[122.568089869932976,12.49726165365451],[122.56808956967707,12.497442509681731],[122.567905506792314,12.497442214591912],[122.567721443912262,12.497441919376326],[122.567537381036928,12.497441624035064],[122.567537080392441,12.497622480046653],[122.567353017393899,12.497622184575272],[122.56735271661681,12.497803040580022],[122.567168653494917,12.497802744978523],[122.566984590377814,12.497802449251258],[122.566800527265329,12.497802153398228],[122.566616464157548,12.497801857419608],[122.56643240105457,12.497801561315134],[122.566432702471417,12.497620705332499],[122.56624863950104,12.497620409106789],[122.566064576535453,12.497620112755312],[122.566064878203477,12.497439256779073],[122.56588081537042,12.497438960306271],[122.565880513574498,12.497619816278158],[122.565880211773774,12.497800672247559],[122.56569614868954,12.497800375640198],[122.565512085610095,12.49780007890716],[122.565328022535439,12.497799782048444],[122.565328324719943,12.497618926092278],[122.565144261777903,12.497618629112237],[122.565143959465416,12.497799485063963],[122.565143657148127,12.497980341013202],[122.565143354826233,12.498161196960043],[122.565143052499536,12.498342052904396],[122.565142750168036,12.498522908846352],[122.564958686590941,12.49852261171843],[122.564774623018565,12.498522314464742],[122.564774459102836,12.498620285468318],[122.564947955000221,12.498634394000794],[122.56503542600008,12.498648624000817],[122.565114813000164,12.498626146000822],[122.565487353000179,12.498548976000832],[122.565684161000121,12.498534735000719],[122.565851813000222,12.498520495000784],[122.565953861000139,12.498499141000794],[122.566026752000212,12.498477789000804],[122.566128800000229,12.4984208530008],[122.566208979000194,12.498363918000797],[122.56632560400017,12.49829274800077],[122.566434942000242,12.498257160000756],[122.56683224600016,12.498223730000833],[122.567244429000155,12.497955452000751],[122.567553063000204,12.497722727000768],[122.568851999000216,12.497180364000746],[122.569789511000153,12.496757909000786]]],[[[122.564256097000168,12.498726750000797],[122.56437359807056,12.49870252280437],[122.56422212935388,12.4987022778667],[122.56403806567252,12.498701980105684],[122.564037952771898,12.498769344849512],[122.564256097000168,12.498726750000797]]],[[[122.544841788000184,12.505648827000835],[122.544852944000127,12.505646105000787],[122.544869677000179,12.505643383000828],[122.544897566000088,12.505635216000774],[122.544914300000144,12.505627048000809],[122.544928244000147,12.505618881000755],[122.544936611000125,12.50561071300079],[122.544950556000217,12.505599822000777],[122.544964501000209,12.505588932000764],[122.544978445000211,12.505583487000758],[122.544986812000104,12.505580765000799],[122.545000757000111,12.505583488000847],[122.545014701000099,12.505583489000758],[122.545028645000187,12.505580766000799],[122.545042590000193,12.505580767000799],[122.545050957000171,12.50557804400084],[122.54506211200021,12.505575322000793],[122.545076057000202,12.505572600000745],[122.545090001000204,12.505569878000786],[122.545098368000097,12.505569878000786],[122.5451123120001,12.50556443300078],[122.545126257000192,12.505558988000773],[122.545142991000148,12.505553543000856],[122.545151357000137,12.505548098000849],[122.545165302000214,12.505542653000843],[122.545179246000217,12.505539931000795],[122.545183161872018,12.505539385029261],[122.545209924000176,12.505534487000789],[122.545226658000146,12.505534487000789],[122.545237813000185,12.505534488000789],[122.545254546000137,12.505534488000789],[122.545268491000229,12.505534489000789],[122.545274069000158,12.505534489000789],[122.545293591000089,12.505537212000748],[122.545307535000092,12.505539936000796],[122.545332634000118,12.505553550000768],[122.54534379000016,12.505561719000822],[122.545352156000135,12.505569887000787],[122.545360522000124,12.505578056000752],[122.545377255000176,12.505588947000765],[122.545388411000204,12.505594393000772],[122.545402355000206,12.505597116000819],[122.545416299000209,12.505599839000778],[122.545430244000116,12.505599840000778],[122.545446977000168,12.505602563000737],[122.545469288000149,12.505602564000826],[122.545480444000177,12.505602564000826],[122.545494388000179,12.505602565000826],[122.545511121000231,12.505605288000785],[122.54551669900016,12.505605288000785],[122.545533433000131,12.505605289000785],[122.545552955000147,12.505608012000744],[122.545566899000136,12.505608013000744],[122.545578055000178,12.505608013000744],[122.54559199900018,12.505610736000792],[122.545603155000208,12.505610737000792],[122.545628255000238,12.505616183000798],[122.545642199000241,12.505616183000798],[122.545656143000159,12.505616184000798],[122.545670088000151,12.505616184000798],[122.545675666000164,12.505616185000799],[122.545701688373228,12.505618908000757],[122.545706343000134,12.505618908000757],[122.545714714877903,12.505620270794813],[122.545727726203069,12.505621632000805],[122.545737021000093,12.505621632000805],[122.545753755000149,12.505624355000764],[122.545767699000152,12.505624356000764],[122.545784433000193,12.505621634000716],[122.545798377000196,12.505618911000758],[122.545812322000202,12.505616189000799],[122.54582347800023,12.505610744000792],[122.545840211000112,12.505608022000745],[122.545856945000153,12.505605300000786],[122.545882045000198,12.505610746000793],[122.545893200000137,12.505610746000793],[122.545907145000228,12.50561347000084],[122.545918300000167,12.505618916000758],[122.545932245000088,12.505621639000806],[122.545943400000112,12.505624362000765],[122.545960134000168,12.505624362000765],[122.545967851477755,12.505624362923227],[122.545968500000157,12.505624363000765],[122.545976867000135,12.505624363000765],[122.545993600000187,12.505627086000812],[122.54600754500018,12.505627087000812],[122.546018701000222,12.505627087000812],[122.546035434000089,12.505629810000771],[122.546052167000141,12.505629811000771],[122.54607168275183,12.50563253400073],[122.546074479000126,12.50563253400073],[122.546091212000178,12.505635258000778],[122.546105157000184,12.505635258000778],[122.546112912260526,12.505636772456805],[122.546130257000215,12.505637982000826],[122.546141412000253,12.505640705000785],[122.54615256800011,12.505640705000785],[122.546160935000174,12.505640705000785],[122.54617488000018,12.505640706000785],[122.546188824000168,12.505637984000737],[122.546205558000224,12.505637984000737],[122.546219502000227,12.505637985000737],[122.546233447000134,12.505637985000737],[122.546244603000176,12.505640708000785],[122.54625296900015,12.505640708000785],[122.546264125000192,12.505640709000785],[122.546280859000149,12.505637987000826],[122.546300381000165,12.505635265000778],[122.546340277000098,12.505621473000792],[122.54634706900012,12.505617053000782],[122.54635839000008,12.505610422000855],[122.546367447000208,12.505601580000834],[122.546378769000171,12.505592739000813],[122.546390090000131,12.505586108000797],[122.546417247063303,12.505573957059477],[122.546424053000095,12.50557063500076],[122.546426321905429,12.505569896846689],[122.546444431000182,12.505561794000828],[122.546469337000204,12.505555163000812],[122.546478394000147,12.505550743000802],[122.546491980000127,12.505546322000791],[122.546503301000172,12.505541902000781],[122.54652367800017,12.50553748100077],[122.546550849000113,12.50553306100076],[122.546562170000158,12.505535272000765],[122.5465712270002,12.505535272000765],[122.546582547000156,12.505535273000765],[122.546593868000201,12.505535273000765],[122.546605189000161,12.50553306300076],[122.546621039000229,12.505530853000755],[122.546636888000208,12.50552864300075],[122.54665651002928,12.505521275970741],[122.546659530000127,12.505519802000817],[122.546666323000153,12.505517592000812],[122.546682173000136,12.505508750000791],[122.546688965000172,12.505506540000786],[122.5467161360002,12.505486647000827],[122.546725193000142,12.505480015000812],[122.546734250000185,12.505468963000785],[122.546743307000128,12.505460122000764],[122.546750100000168,12.505449070000827],[122.546761422000117,12.505435807000795],[122.546768215000156,12.505424755000769],[122.546770479000159,12.505415913000748],[122.546770480000163,12.505402650000805],[122.546765952000229,12.505393808000784],[122.54676142300012,12.505382756000847],[122.546756895000101,12.505371703000732],[122.546750104000068,12.505351809000773],[122.546747840000151,12.505340757000836],[122.546747840000151,12.50533412500082],[122.546747840000151,12.505323073000794],[122.546752369000174,12.505312021000767],[122.546756898000098,12.505303179000835],[122.546763691000137,12.505292127000809],[122.546775012000097,12.505276654000772],[122.546786333000227,12.505265602000835],[122.546790862000165,12.505256760000814],[122.546795391000174,12.505250129000798],[122.546797655000191,12.505243497000782],[122.546797655000191,12.505230234000839],[122.546797656000194,12.505214761000802],[122.546799920000112,12.505205919000781],[122.54680444900022,12.505194867000755],[122.546811242000246,12.505186025000823],[122.546820299000103,12.505181605000812],[122.546831620000162,12.505177184000802],[122.546838413000188,12.505179395000807],[122.546849733000144,12.505186026000823],[122.54685652600017,12.505194869000755],[122.546863318000206,12.505205921000782],[122.546865582000123,12.505216973000808],[122.546870110000228,12.505225816000829],[122.546872374000159,12.50523465700085],[122.546879166000181,12.505245710000787],[122.546888223000224,12.505250131000798],[122.546899544000183,12.505250132000798],[122.546908601000126,12.505245711000788],[122.546919922000086,12.505241290000777],[122.546928979000214,12.505234659000761],[122.546943688998596,12.505226926894606],[122.54694935700013,12.505223607000824],[122.546958414000173,12.505219187000725],[122.546965207000198,12.505212555000798],[122.54699011300022,12.505194872000756],[122.546999170000163,12.505190451000745],[122.547008227000205,12.505186031000823],[122.547019548000165,12.505183821000818],[122.547026341000191,12.505179400000808],[122.54703766200015,12.505174979000797],[122.547046719000107,12.505168348000781],[122.547053512000133,12.505161717000766],[122.547060305000159,12.505157296000755],[122.547069362000201,12.505146244000818],[122.547071627000122,12.505137402000797],[122.547076155000141,12.505128560000776],[122.547078420000148,12.505119718000755],[122.547080684000164,12.505110877000822],[122.547092006000213,12.505090983000775],[122.547107856000096,12.505071089000817],[122.54711917800023,12.505062247000795],[122.547128234000184,12.505057826000785],[122.547148613000189,12.505051195000769],[122.547157669000129,12.505048985000764],[122.547166726000171,12.505046775000759],[122.547196177000117,12.505052017000748],[122.54720523400016,12.505056438000759],[122.547209762000179,12.505060859000769],[122.547209762000179,12.505071911000796],[122.547212026000096,12.505080753000817],[122.547209761000175,12.505091805000843],[122.547210789442758,12.505107878472463],[122.547212025000107,12.505113910000807],[122.547212024000103,12.505127173000838],[122.547214288000205,12.505138225000776],[122.547218816000125,12.505149278000802],[122.547223345000148,12.505155909000818],[122.547232401000187,12.505162541000834],[122.547248250000166,12.50516917300085],[122.547259571000126,12.505171384000766],[122.54727542000019,12.505171384000766],[122.547286741000249,12.505169174000761],[122.547313912000178,12.505153701000813],[122.54732296900022,12.505142649000787],[122.547327497887181,12.505138227725441],[122.54733768725572,12.505126623010563],[122.547338819000203,12.505124966000745],[122.547341082480543,12.505122756174734],[122.547354668000096,12.505107283000791],[122.547363725000224,12.50509844100077],[122.547370518000164,12.505096231000765],[122.547399954000198,12.505052022000749],[122.547404483000122,12.505029918000785],[122.547402219000205,12.505018865000848],[122.547399955000202,12.505007813000821],[122.547399955000202,12.504996761000795],[122.547399956000106,12.504990129000779],[122.547406748000142,12.504979077000753],[122.547415805000085,12.504972446000826],[122.547431655000153,12.504972446000826],[122.547438447000189,12.504974657000743],[122.547445240000215,12.504976868000748],[122.547456560000171,12.504985710000769],[122.547467881000216,12.504992342000785],[122.547479202000176,12.5049989730008],[122.547488258000129,12.505005605000816],[122.547499579000089,12.505007816000822],[122.547510900000134,12.505007816000822],[122.547522221000094,12.505005606000816],[122.547529014000133,12.505001185000806],[122.547540335000093,12.50499455400079],[122.547551656000223,12.504987923000774],[122.547576563000064,12.504965819000811],[122.547605998000193,12.504945925000852],[122.547635433000224,12.50492824200081],[122.547649018000115,12.5049238220008],[122.547662603000163,12.504919401000789],[122.547673924000122,12.504919401000789],[122.547685245000082,12.504919402000789],[122.547696566000141,12.504921613000795],[122.54770562200018,12.504926034000805],[122.547723736000165,12.504941507000842],[122.547730528000187,12.504948139000769],[122.547735052040096,12.504953660667448],[122.547746377000166,12.504965823000811],[122.547764490000162,12.504976876000837],[122.547773547000105,12.504979087000754],[122.547784868000065,12.504979087000754],[122.547805246000152,12.504972456000827],[122.547823359000148,12.504963615000806],[122.547834681000111,12.504954773000785],[122.547846002000156,12.504948142000769],[122.547852795000182,12.504941511000753],[122.547861852000224,12.504932669000732],[122.547868644000246,12.504926038000805],[122.547875437000101,12.50491940700079],[122.547891287000169,12.504903934000753],[122.547900344000126,12.504895092000732],[122.547911665000086,12.5048862500008],[122.547918458000112,12.504877409000779],[122.547927515000154,12.504868567000846],[122.547947893000142,12.504850884000804],[122.547984121000127,12.504826569000747],[122.547997707000093,12.504822149000825],[122.548011292000155,12.504817728000814],[122.548031670000242,12.504815518000809],[122.548087249000218,12.50479489000079],[122.548094042000244,12.50479489000079],[122.5481051456062,12.504794890981605],[122.548105363000204,12.50479489100079],[122.548114419000157,12.50479489100079],[122.548125740000117,12.50479489100079],[122.548134797000245,12.504792681000785],[122.548143854000102,12.50479047100078],[122.54815291000024,12.504788261000774],[122.548161967000183,12.504786050000769],[122.548171024000226,12.504781630000759],[122.548182345000185,12.504777209000748],[122.54819366600023,12.504772788000738],[122.548208958354195,12.504760070356022],[122.548211780000216,12.50475731600079],[122.548215886000563,12.504754309376684],[122.548224239412392,12.504747362741417],[122.548225365000107,12.504746264000763],[122.548228582769795,12.504743750837664],[122.548239520471469,12.504734655126191],[122.548243479000092,12.504730791000815],[122.548254800000223,12.504721949000794],[122.548261593000078,12.504713107000773],[122.548270650000205,12.504706476000758],[122.548275178000139,12.504699845000831],[122.548284235000182,12.50469100300081],[122.548291028000207,12.504684372000794],[122.548295556000227,12.504679951000783],[122.548304613000084,12.504673320000768],[122.548315934000129,12.504664479000747],[122.548324018725552,12.504659742855582],[122.548345369000259,12.504644585000788],[122.548356690000219,12.504633533000762],[122.548363483000244,12.50462469100083],[122.548369146398713,12.504618056605397],[122.548381597000244,12.504602587000777],[122.548388390000085,12.504589324000746],[122.548392918000204,12.504580483000813],[122.548399711000229,12.504567220000782],[122.548404240000153,12.50455837800085],[122.548411033000193,12.504547326000734],[122.548415561000212,12.504540695000808],[122.548424618000155,12.504520801000849],[122.548433675000197,12.504511959000828],[122.548440468000223,12.504505328000812],[122.548451789000183,12.504496486000791],[122.548469903000168,12.504489855000775],[122.548478959000121,12.50448764500077],[122.548490280000081,12.504485435000765],[122.548506130000149,12.50448322500076],[122.548551413000169,12.50448764700077],[122.54858764000015,12.504494279000786],[122.548601225000198,12.504494279000786],[122.548612546000157,12.504496490000792],[122.548621603000115,12.504498701000797],[122.548624325463521,12.504499586843574],[122.548639716000096,12.504503122000807],[122.548651037000155,12.504503122000807],[122.548660094000184,12.504503123000807],[122.54866688600022,12.504503123000807],[122.548680471000097,12.504500913000802],[122.548700849000184,12.504494282000786],[122.548712170000144,12.504487650000771],[122.548721227000186,12.504481019000755],[122.548741605000089,12.504458915000791],[122.548752926000148,12.50445007300077],[122.548761983000176,12.50444565300076],[122.548773304000136,12.504441232000749],[122.548786889000198,12.504439022000744],[122.548798210000157,12.504439022000744],[122.5488253810001,12.504430181000812],[122.548834438000227,12.504421339000791],[122.54884802300019,12.50441249700077],[122.548857080000147,12.504401445000743],[122.548866137000189,12.504390393000806],[122.548875194000132,12.50437934100078],[122.548881987000158,12.504366078000748],[122.548886516000181,12.504339553000774],[122.548886516000181,12.504328500000748],[122.548881988000161,12.50431744800081],[122.548875196000139,12.504310816000794],[122.548866139000182,12.504301974000773],[122.548857083000144,12.504293132000752],[122.548848026000201,12.504282080000815],[122.548843498000181,12.504271027000788],[122.548845763000102,12.504262185000767],[122.54885482000023,12.504257765000757],[122.548866140000186,12.504257765000757],[122.548875197000129,12.504255555000752],[122.548884254000171,12.50425113400083],[122.548893311000128,12.504244503000814],[122.548902368000157,12.504237871000798],[122.548909161000196,12.504233450000788],[122.548915953000218,12.504224609000767],[122.548922746000159,12.504215767000835],[122.548925011000165,12.504206925000814],[122.548929539000099,12.504195873000787],[122.548929540000103,12.504184820000761],[122.548929540000103,12.504171558000818],[122.548929540000103,12.504160505000792],[122.548929540000103,12.504149453000766],[122.548918221000136,12.504103033000744],[122.548906900000091,12.504083138000786],[122.54890010800024,12.504074296000764],[122.548891051000112,12.504065454000832],[122.548884259000175,12.504056612000811],[122.54887293800013,12.50404777000079],[122.548867858000236,12.503991411000834],[122.548876097000118,12.503975324000836],[122.548888456000171,12.503959238000748],[122.54890081400012,12.503947173000727],[122.548913173000173,12.503939130000772],[122.548925531000123,12.503919022000796],[122.548966727000249,12.503866741000733],[122.548979085000113,12.503854676000801],[122.548991444000166,12.503842611000779],[122.549007922000186,12.503830546000847],[122.549018219793211,12.503824514414861],[122.549044997000152,12.503806417000716],[122.549061474000183,12.503798374000761],[122.549077952000118,12.503786309000828],[122.549094430000153,12.503774244000807],[122.549110908000188,12.503762179000786],[122.549123267000141,12.503750115000765],[122.549139745000176,12.503742072000721],[122.54915622300021,12.503730007000788],[122.549193298000162,12.503709899000812],[122.549209776000197,12.503697834000791],[122.549242731000163,12.503673705000748],[122.549263329000183,12.503661640000816],[122.549279807000133,12.503649575000795],[122.549292165000168,12.503637510000774],[122.549308643000117,12.503625445000841],[122.549325121000152,12.50361338000082],[122.54933748000019,12.503601316000799],[122.549353958000225,12.503593272000755],[122.549366316000089,12.503581208000822],[122.549378675000142,12.503573164000779],[122.549391033000092,12.503565121000824],[122.549486180000144,12.5034886200008],[122.549760969000147,12.503153280000765],[122.550207502000148,12.502784406000798],[122.55068838300015,12.502449064000851],[122.550997521000227,12.502080189000795],[122.551203612000236,12.50174484700076],[122.551375356000236,12.501375970000792],[122.551890585000137,12.500872956000739],[122.552371466000139,12.500738818000832],[122.552783650000137,12.500470543000839],[122.553058439000225,12.500168734000825],[122.553367577000131,12.499732786000814],[122.553638003972679,12.499324758947958],[122.553745412000126,12.499162699000808],[122.554020201000128,12.498693215000776],[122.554398036000123,12.498357869000829],[122.554672825000125,12.498123126000769],[122.555057524000162,12.497751756000772],[122.555239824000139,12.4976876830008],[122.555305452000155,12.497659206000753],[122.555400249000186,12.497680563000833],[122.555451293000147,12.497730398000781],[122.555487753000136,12.497794471000843],[122.555597134000223,12.497872782000838],[122.55584613800022,12.497874791000827],[122.556012423000212,12.497854848000776],[122.556355909000203,12.497821314000843],[122.556901062000193,12.497714089000764],[122.557095586000131,12.497706784000782],[122.557252702000156,12.497706782000781],[122.557484635000165,12.497706781000781],[122.557604342000204,12.497735997000801],[122.557611825000208,12.49782365000077],[122.557611826000212,12.497896694000774],[122.5576342720002,12.497977043000761],[122.557656717000185,12.498020869000834],[122.557709090000259,12.498050086000765],[122.55779138800014,12.498042781000782],[122.557866205000209,12.498013562000763],[122.557923303000138,12.497979551000791],[122.557952470000146,12.497929716000753],[122.558176387000202,12.497620105000804],[122.558829011000199,12.497251223000747],[122.5595159840002,12.496949409000733],[122.559943776469282,12.496886760999901],[122.559807662566655,12.496886538688399],[122.559807968565792,12.496705682853912],[122.559808274560211,12.496524827016939],[122.559808580549856,12.496343971177657],[122.559808886534682,12.496163115335888],[122.559809192514734,12.495982259491631],[122.559809498489969,12.495801403644977],[122.559809804460428,12.495620547795925],[122.55981011042617,12.495439691944386],[122.559810416387023,12.495258836090448],[122.559626355250828,12.495258535397111],[122.559626661334875,12.495077679545217],[122.55944260033128,12.495077378730732],[122.559442906538507,12.494896522880881],[122.559258845667699,12.49489622194516],[122.559259151997949,12.494715366097351],[122.559075091259928,12.494715065040394],[122.559075397713272,12.494534209194716],[122.558891337107937,12.494533908016612],[122.558707276507306,12.494533606712741],[122.558523215911478,12.494533305283193],[122.558522909074256,12.494714161115459],[122.558338848355319,12.494713859555704],[122.55833854138541,12.494894715381042],[122.558154480543379,12.49489441369108],[122.557970419706137,12.49489411187553],[122.557786358873699,12.494893809934213],[122.557602298045964,12.49489350786722],[122.557602605527549,12.49471265206],[122.557418544832686,12.494712349871859],[122.557234484142541,12.494712047558041],[122.557234791875132,12.494531191757305],[122.557050731317759,12.494530889322339],[122.557051039173459,12.494350033523736],[122.557051347024355,12.494169177722734],[122.556867286727666,12.494168875171061],[122.55668322643568,12.494168572493711],[122.556499166148569,12.494168269690684],[122.556498857913979,12.494349125478097],[122.556314797503688,12.494348822544863],[122.556130737098286,12.494348519485952],[122.555946676697758,12.494348216301274],[122.555762616302033,12.494347912991008],[122.555578555911111,12.494347609554977],[122.555394495525064,12.494347305993267],[122.555394186518114,12.494528161751104],[122.555210126008973,12.494527858059188],[122.555209816869237,12.494708713810097],[122.555025756236986,12.494708409987973],[122.554841695609625,12.494708106040173],[122.554841386209205,12.494888961779536],[122.554657325458749,12.494888657701528],[122.554657015925628,12.495069513433963],[122.554472955052063,12.49506920922566],[122.554288894183301,12.49506890489168],[122.554104833319414,12.495068600432022],[122.55410452339764,12.495249456148381],[122.553920462410744,12.495249151558427],[122.553736401428552,12.495248846842886],[122.553552340451333,12.495248542001578],[122.553368279478917,12.495248237034504],[122.553368589912282,12.495067381336353],[122.553184529072652,12.495067076248221],[122.553000468237897,12.495066771034411],[122.553000778922268,12.494885915342921],[122.553001089601835,12.494705059648945],[122.553001400276528,12.494524203952571],[122.553001710946319,12.494343348253798],[122.553002021611334,12.494162492552627],[122.553002332271362,12.49398163684897],[122.553002642926685,12.493800781142914],[122.553002953577035,12.493619925434372],[122.553003264222582,12.493439069723431],[122.553003574863254,12.493258214010092],[122.553187634418947,12.493258519178339],[122.553187944926918,12.493077663457983],[122.553188255429916,12.49289680773523],[122.553004196130033,12.492896502576043],[122.552820136835024,12.492896197291268],[122.552820447589028,12.492715341575176],[122.552636388426805,12.492715036169164],[122.552452329269371,12.492714730637564],[122.552268270116826,12.492714424980287],[122.55208421096917,12.492714119197332],[122.551900151826317,12.492713813288701],[122.55190046321492,12.492532957592948],[122.551716404204925,12.492532651563257],[122.551716715716552,12.492351795869636],[122.551717027223276,12.492170940173706],[122.551532968473964,12.492170634027397],[122.55134890972937,12.492170327755501],[122.551349221487015,12.491989472066232],[122.551165162875279,12.491989165673187],[122.55098110426843,12.491988859154555],[122.550797045666471,12.491988552510156],[122.550796733525146,12.492169408185747],[122.550980792255004,12.492169714834676],[122.550980480236674,12.492350570512309],[122.550980168213385,12.492531426187634],[122.550979856185378,12.492712281860472],[122.551163915303817,12.49271258839749],[122.551163603398734,12.492893444072459],[122.551163291488763,12.493074299745031],[122.551162979573917,12.493255155415204],[122.551162667654268,12.49343601108289],[122.551346727289186,12.493436317512439],[122.551346415492546,12.493617173182345],[122.551346103690946,12.493798028849765],[122.551345791884543,12.493978884514698],[122.551161731865847,12.493978578071383],[122.551161419926657,12.494159433729388],[122.551161107982594,12.494340289384995],[122.551160796033642,12.494521145038027],[122.551160484079801,12.494702000688749],[122.551160172121072,12.494882856337073],[122.551159860157455,12.49506371198291],[122.551159548188963,12.49524456762626],[122.551159236215668,12.495425423267212],[122.550975175178507,12.495425116661627],[122.550974863072341,12.495605972295563],[122.550790801912257,12.495605665559681],[122.550790489673304,12.495786521186689],[122.550606428390111,12.495786214320512],[122.550606116018386,12.495967069940415],[122.550422054612085,12.495966762944031],[122.550421742107488,12.496147618556916],[122.550237680578277,12.496147311430148],[122.550237367940795,12.496328167036106],[122.550053306288476,12.496327859779042],[122.550052993518321,12.496508715377983],[122.549868931742893,12.496508407990623],[122.549868618839852,12.496689263582548],[122.549684556941429,12.496688956064892],[122.549684243905517,12.4968698116498],[122.549500181884071,12.496869504001848],[122.549499868715372,12.49705035957974],[122.549315806570831,12.497050051801493],[122.54913174443125,12.497049743897568],[122.548947682296472,12.497049435867877],[122.548947368739036,12.497230291429515],[122.548763306481334,12.497229983269529],[122.548579244228421,12.497229674983865],[122.548395181980496,12.497229366572435],[122.548211119737445,12.497229058035328],[122.548211433806657,12.497048202492076],[122.548027371696477,12.497047893833821],[122.548027685888712,12.496867038292789],[122.548028000076059,12.49668618274927],[122.548028314258517,12.496505327203353],[122.548028628436086,12.496324471655038],[122.548028942608681,12.496143616104325],[122.548029256776402,12.495962760551125],[122.547845195438668,12.495962451794815],[122.547845509729399,12.495781596243747],[122.547661448524636,12.495781287366379],[122.547477387324662,12.495780978363245],[122.547293326129747,12.495780669234522],[122.547293011455238,12.495961524771646],[122.547108950137229,12.495961215512539],[122.546924888824194,12.495960906127754],[122.546740827515961,12.495960596617204],[122.546556766212788,12.495960286981065],[122.546556451021615,12.496141142497317],[122.546372389595433,12.496140832730793],[122.546188328174125,12.496140522838504],[122.546004266757791,12.496140212820537],[122.54600395117788,12.496321068320535],[122.545819889638537,12.496320758172272],[122.545819573925741,12.496501613665165],[122.545635512263388,12.496501303386607],[122.545451450606009,12.496500992982194],[122.545267388953505,12.496500682452192],[122.545267072851971,12.496681537928831],[122.545083011076542,12.496681227268445],[122.545082694842122,12.496862082737978],[122.544898632943699,12.496861771947207],[122.544714571050051,12.496861461030759],[122.544530509161575,12.496861149988634],[122.544530825779773,12.496680294533045],[122.544531142392998,12.496499439074968],[122.544531459001249,12.496318583614494],[122.544531775604611,12.496137728151622],[122.544532092202999,12.495956872686262],[122.544716153451915,12.495957183705206],[122.544716469917432,12.49577632823283],[122.544900531043325,12.49577663912139],[122.54490084737597,12.495595783641908],[122.545084908378954,12.495596094400172],[122.545085224578727,12.495415238913674],[122.545085540773528,12.495234383424689],[122.545085856963453,12.495053527933306],[122.545269917587518,12.495053838551948],[122.545270233644572,12.49487298305346],[122.545086173148391,12.494872672439437],[122.544902112657098,12.494872361699736],[122.544901796344263,12.495053217188987],[122.544717735730046,12.495052906318902],[122.544717419284325,12.495233761801048],[122.544533358547099,12.495233450800667],[122.544533041968506,12.495414306275707],[122.544348981108357,12.495413995144942],[122.544348664396907,12.495594850612965],[122.544348347680383,12.495775706078502],[122.544164286569313,12.495775394812823],[122.544163969720017,12.495956250271254],[122.543979908485937,12.49595593887519],[122.543979591503771,12.496136794326604],[122.543795530146767,12.496136482800244],[122.543611468794651,12.496136171148118],[122.543611151551701,12.496317026587809],[122.543610834303706,12.496497882025013],[122.543610517050809,12.496678737459819],[122.543610199792852,12.496859592892138],[122.543609882530021,12.497040448322148],[122.543609565262201,12.497221303749582],[122.543609247989423,12.497402159174706],[122.543425185746813,12.497401847364307],[122.543424868341077,12.497582702782326],[122.543424550930439,12.497763558197859],[122.543424233514841,12.497944413610993],[122.543240170893242,12.497944101660972],[122.543239853344772,12.498124957067001],[122.543239535791315,12.498305812470631],[122.543239218232813,12.498486667871775],[122.543055155232409,12.498486355782044],[122.543054837541021,12.498667211176082],[122.543054519844674,12.498848066567811],[122.542870456593278,12.498847754342988],[122.542870138763959,12.499028609727523],[122.54268607538954,12.499028297372314],[122.54268575742735,12.499209152749833],[122.542501693929935,12.49920884026424],[122.542501375834789,12.499389695634653],[122.542317312214436,12.499389383018586],[122.542133248598972,12.499389070276932],[122.541949184988496,12.499388757409422],[122.541948866504498,12.499569612763404],[122.541764802770999,12.499569299765509],[122.541580739042558,12.499568986641849],[122.541396675319007,12.499568673392512],[122.541396356446171,12.499749528729973],[122.541212292599695,12.499749215350251],[122.541028228758194,12.499748901844763],[122.540844164921666,12.49974858821342],[122.540660101090111,12.499748274456488],[122.540659781700356,12.499929129772811],[122.540475717745878,12.499928815885406],[122.540291653796373,12.499928501872235],[122.540107589851843,12.499928187733298],[122.539923525912286,12.499927873468684],[122.539739461977788,12.499927559078303],[122.539739782007388,12.499746703785339],[122.539555718205861,12.4997463892739],[122.539556038358469,12.499565533983246],[122.5393719746899,12.499565219350748],[122.539372294965531,12.499384364062314],[122.53937261523609,12.499203508771481],[122.539372935501589,12.499022653478251],[122.539373255762214,12.498841798182534],[122.539373576017766,12.49866094288433],[122.539373896268259,12.498480087583816],[122.539374216513778,12.498299232280816],[122.539374536754323,12.498118376975418],[122.539558599399186,12.498118691570346],[122.539558919506774,12.497937836257753],[122.539559239609375,12.497756980942762],[122.53955955970693,12.497576125625374],[122.539375497445945,12.497575811044479],[122.539375817666411,12.4973949557294],[122.539376137881916,12.497214100411833],[122.539376458092434,12.49703324509178],[122.539376778297893,12.496852389769328],[122.539192716553657,12.496852075081586],[122.539008654814381,12.496851760268077],[122.538824593080165,12.496851445328803],[122.538824913664527,12.496670590018075],[122.538640852063196,12.496670274957831],[122.538640531350936,12.49685113026394],[122.538640210633702,12.497031985567562],[122.538456148781634,12.497031670372225],[122.538455827931358,12.497212525668742],[122.538271765956267,12.497212210342932],[122.53827144497312,12.497393065632343],[122.538455507076193,12.497393380962771],[122.538639569184141,12.497393696167522],[122.538639889911494,12.497212840868785],[122.538823951896532,12.497213155943063],[122.538823631297248,12.497394011246596],[122.539007693415243,12.497394326199904],[122.539007372938883,12.497575181505658],[122.539007052457464,12.497756036809013],[122.539006731970986,12.497936892109882],[122.539006411479619,12.498117747408353],[122.539006090983193,12.498298602704336],[122.538822028225354,12.498298287727581],[122.538821707595957,12.498479143016459],[122.538821386961516,12.498659998302939],[122.538637323952855,12.498659683191002],[122.538637003185443,12.498840538470288],[122.538636682413056,12.499021393747176],[122.538636361635611,12.499202249021666],[122.538452298248046,12.49920193376993],[122.538451977337644,12.499382789037226],[122.538451656422254,12.499563644302123],[122.538267592783711,12.499563328915206],[122.538267271735279,12.499744184172998],[122.538083207973884,12.499743868655608],[122.538082886792495,12.499924723906206],[122.537898822908005,12.499924408258432],[122.537898501593645,12.500105263501924],[122.53789818027424,12.500286118742929],[122.537714116138929,12.500285802959974],[122.537713794686454,12.500466658193874],[122.537529730428218,12.500466342280356],[122.537345666174957,12.500466026241162],[122.537161601926769,12.500465710076201],[122.536977537683455,12.500465393785474],[122.53697721571416,12.500646248998146],[122.536793151348007,12.500645932576946],[122.536609086986829,12.500645616030068],[122.536608764756494,12.50082647123075],[122.536424700272406,12.500826154553399],[122.536240635793362,12.500825837750194],[122.536240313302002,12.501006692939063],[122.536056248700035,12.501006376005472],[122.535872184103141,12.501006058946116],[122.535688119511221,12.501005741760904],[122.535687796630825,12.501186596933165],[122.535503731916066,12.501186279617569],[122.535319667206281,12.501185962176118],[122.53531934406486,12.501366817336477],[122.535135279232151,12.501366499764641],[122.535134955957759,12.501547354917806],[122.53495089100204,12.501547037215408],[122.534950567594606,12.501727892361378],[122.53476650251605,12.501727574528507],[122.534582437442467,12.50172725656987],[122.534582113773908,12.501908111703939],[122.534398048577486,12.501907793614828],[122.534213983386053,12.501907475399863],[122.534029918199664,12.50190715705922],[122.533845853018434,12.501906838592811],[122.533661787842178,12.501906520000547],[122.533661463528631,12.502087375108504],[122.533647769241412,12.50208735140018],[122.53365465000013,12.502091989000794],[122.533663162000124,12.502099953000743],[122.533674489989508,12.502113598234663],[122.533677765000178,12.502117367000762],[122.533685828000216,12.502127255000781],[122.533689499000175,12.502138193000798],[122.533696665000235,12.50215193100078],[122.533703831000111,12.502165669000762],[122.533710997000171,12.502179406000744],[122.533721614237933,12.502193913188728],[122.533723628000146,12.502196383000816],[122.533725150893346,12.502198745501678],[122.533739306000115,12.502218085000747],[122.533746920000212,12.502229898000747],[122.533751489000238,12.502236986000801],[122.533756058000165,12.502244074000766],[122.533765372000147,12.502266386000747],[122.533769941000159,12.5022734740008],[122.533776032000219,12.502282925000783],[122.533780152000205,12.502291937000818],[122.533781404000138,12.50230436100078],[122.533785075000168,12.502315299000797],[122.533841272352461,12.502372324459019],[122.533846459000188,12.502376481000796],[122.533861511000197,12.502391971000835],[122.533868051000113,12.502399497000836],[122.53387504000024,12.502405098000766],[122.533892511000175,12.50241910100077],[122.533903443000199,12.502425578000773],[122.533913926000182,12.502433980000758],[122.53392682900018,12.502440895000797],[122.533933369000096,12.502448420000798],[122.533940358000237,12.502454022000817],[122.533950841000205,12.502462423000802],[122.533957830000162,12.502468025000821],[122.533964818000214,12.502473626000752],[122.533975302000101,12.502482027000736],[122.533987307000203,12.502492792000828],[122.5339947450002,12.502496468000777],[122.534007648000113,12.502503383000727],[122.534011142000139,12.502506184000781],[122.534035874000224,12.502515726000771],[122.534045731000248,12.502517916000775],[122.534068314000166,12.502518884000766],[122.534079069000157,12.502517224000806],[122.53408324097262,12.502517137397549],[122.534098158000148,12.502515391000744],[122.534108464000113,12.502515656000766],[122.534117247000125,12.50251355900077],[122.534126478000175,12.502509536000792],[122.534139027000151,12.502500178000817],[122.534149156000097,12.502492306000788],[122.534158836000188,12.50248635900074],[122.5341676190002,12.502484261000832],[122.534176402000128,12.502482164000837],[122.534180793000147,12.50248111500075],[122.534187156000129,12.502480504000788],[122.53419853600019,12.502485056000809],[122.534205974000187,12.502488732000847],[122.534210094000173,12.502497745000793],[122.534210719000129,12.502503957000775],[122.534211971000232,12.502516381000737],[122.534220388000222,12.50254254300077],[122.534227554000097,12.502556281000841],[122.53423015100023,12.502562931000769],[122.534236243000109,12.502572382000752],[122.534240812000135,12.502579470000805],[122.534245380000158,12.50258655700077],[122.534252995000159,12.50259837100077],[122.534257563000182,12.502605459000824],[122.534261683000167,12.50261447100077],[122.534271718000113,12.502624798000825],[122.534283275000092,12.502637487000809],[122.534292235000123,12.502643526000776],[122.534302718000191,12.502651927000761],[122.534309707000148,12.50265752900078],[122.53432019000013,12.502665930000765],[122.534325207000194,12.502671093000837],[122.53433219600015,12.502676695000767],[122.534343576000197,12.502681247000789],[122.53435450800022,12.502687724000792],[122.534364365000229,12.502689913000795],[122.534376194000146,12.502692541000746],[122.534386051000155,12.502694731000839],[122.534406663000084,12.502695261000794],[122.534419389000163,12.502694039000781],[122.534422724692504,12.502693969757326],[122.534429605081655,12.502693416478126],[122.534432115000158,12.502692817000769],[122.534446812000127,12.502692033000793],[122.534452726000168,12.502693347000813],[122.534477729000201,12.50269282800077],[122.534486064000092,12.502692655000756],[122.534503337612321,12.502693254291861],[122.534506676000191,12.502693185000799],[122.534516981000152,12.502693450000733],[122.534529259000109,12.502694153000791],[122.534537145000144,12.502695904000758],[122.53454503000026,12.502697656000814],[122.534556859000176,12.502700284000765],[122.534568894615077,12.502704981656008],[122.534572182000105,12.50270571200077],[122.534583562000165,12.502710264000791],[122.534592971000137,12.502714378000777],[122.534600408000131,12.502718055000814],[122.534613311000129,12.502724970000765],[122.534618777000233,12.502728208000766],[122.534629709000242,12.502734685000769],[122.534640192000225,12.502743087000754],[122.534647180000178,12.502748688000773],[122.534661335000109,12.502768027000775],[122.534669259127867,12.502782940769217],[122.534671547000158,12.502786490000792],[122.534677190000096,12.502797865000757],[122.534689101000097,12.502826828000755],[122.534693670000124,12.502833916000808],[122.534699762000187,12.502843366000791],[122.53470433000021,12.502850454000756],[122.534715262000219,12.502856931000759],[122.534724222000165,12.502862970000725],[122.534738022000155,12.502866036000801],[122.534747880000168,12.502868225000805],[122.534758186000218,12.502868490000738],[122.534761041992638,12.502868718712632],[122.534780769000136,12.502869458000818],[122.534802278000143,12.50286613800081],[122.534812583000189,12.502866403000743],[122.534825758000125,12.502863257000838],[122.534829601888447,12.502863177208132],[122.534838239550936,12.502861539933194],[122.534840904000134,12.502860548000791],[122.534846109825423,12.50286004811719],[122.53486791102209,12.502855915685283],[122.534871196000154,12.502855131000787],[122.53488634100016,12.502852422000741],[122.53489709600008,12.502850763000781],[122.534907850000167,12.502849103000822],[122.534915196254346,12.502848711147339],[122.534944056000143,12.502844999000748],[122.534977843000192,12.502842383000798],[122.535001391563114,12.502842630924524],[122.5350048170002,12.502842302000792],[122.53501263872738,12.502842749211416],[122.535023743124682,12.502842865996753],[122.535025429000129,12.502842831000835],[122.5350337630002,12.502842658000821],[122.535042098000176,12.502842485000807],[122.535054375000215,12.502843188000776],[122.535064589719411,12.502842565940062],[122.535067101000195,12.502841966000764],[122.535081798000178,12.502841183000788],[122.535090133000153,12.502841010000774],[122.535100439000203,12.502841274000795],[122.535104387535398,12.502842151275049],[122.535118630000198,12.502843291000785],[122.535128488000126,12.502845481000788],[122.535136373000242,12.502847232000756],[122.535143811000154,12.502850909000793],[122.535152771000185,12.50285694800076],[122.535164151000231,12.502861500000781],[122.535173111000177,12.502867539000748],[122.5351840430002,12.502874016000751],[122.535194526000168,12.502882418000825],[122.535220099738055,12.502897205917494],[122.535223827000195,12.50289904800078],[122.535231264000188,12.502902725000817],[122.53523545918884,12.502906087034225],[122.535245690000139,12.502912002000786],[122.535259160000109,12.502922920000801],[122.535262266000089,12.502922919000801],[122.535266926000219,12.502924435000837],[122.535274692000144,12.502925951000785],[122.535280905000121,12.502928983000769],[122.535287118000113,12.502928982000769],[122.535293331000176,12.502930498000806],[122.535298012015758,12.502931258998649],[122.535303680683072,12.502932013000843],[122.535308863000125,12.502932013000843],[122.53531662900015,12.50293352800079],[122.535323620366839,12.502934665223018],[122.535326467429869,12.502935043917249],[122.535332161000099,12.502935043000738],[122.535339928000212,12.502936559000775],[122.535349247000184,12.502938074000811],[122.535358566000156,12.502938073000811],[122.53536633200018,12.502939589000759],[122.535369527088378,12.502940212221967],[122.53537798172971,12.502941103688334],[122.53538652400016,12.502941103000795],[122.535397397000168,12.502942618000832],[122.535406716000139,12.50294413300078],[122.535419142000109,12.502944132000779],[122.535423526538978,12.502944845270578],[122.535442440000168,12.502945646000816],[122.535463406042055,12.502948676501022],[122.535467291000089,12.5029486760008],[122.535472941189923,12.502950054672644],[122.535484377000174,12.502951707000785],[122.535492143000198,12.502953223000821],[122.535498356000176,12.502954739000769],[122.535504570582532,12.502956254886763],[122.535524761000147,12.502960801000738],[122.535534080000119,12.502963833000722],[122.535562039000212,12.502972928000853],[122.535585338000089,12.502980508000769],[122.535608637000237,12.502991120000759],[122.535621584004772,12.502999424253778],[122.535625723000152,12.503001733000838],[122.53563349000008,12.50300628100077],[122.535639703000143,12.503010829000791],[122.535650576000165,12.50301689400076],[122.535653683000149,12.503019926000745],[122.535663003000209,12.503025990000802],[122.535672323000185,12.503033571000808],[122.535675427453327,12.503036601502702],[122.535681644364757,12.503041911365651],[122.535684749000239,12.503044184000798],[122.535690963000221,12.503048733000819],[122.535700283000182,12.503057830000772],[122.535708049000121,12.503062378000793],[122.535725136000195,12.503077540000804],[122.535748792898502,12.503098532275567],[122.535753096000121,12.503101799000769],[122.535759321262645,12.503107874659323],[122.535776397000177,12.503123026000749],[122.535781057000122,12.50312757400077],[122.5357841684839,12.503131623603556],[122.535788043636899,12.503135910217642],[122.535790377000097,12.50313818800076],[122.535795037000213,12.503142736000781],[122.535799697000158,12.503148801000838],[122.535805911000139,12.503153350000771],[122.535810571000169,12.50315941500074],[122.5358152310001,12.503165480000797],[122.535821445000082,12.503170028000818],[122.535835425000172,12.50318519000083],[122.535857172000206,12.503209450000794],[122.535860280000193,12.503215515000763],[122.535864940000138,12.503220064000784],[122.535869600000169,12.503224612000805],[122.535882027000213,12.503238258000779],[122.535885918289821,12.503242815624303],[122.535894454000172,12.503251904000754],[122.535902221000114,12.503261001000796],[122.535908435000096,12.503270099000838],[122.535916202000195,12.503277680000755],[122.535923968000134,12.503285261000761],[122.535928284384184,12.503290316510727],[122.535944162000206,12.503306488000741],[122.535958142000112,12.503317101000819],[122.53597056900017,12.503330747000794],[122.535979889000146,12.503338328000799],[122.535984550000165,12.503342876000731],[122.53598921000011,12.503347425000841],[122.536000083000218,12.503355006000758],[122.536004055698911,12.503358883218416],[122.536008287625108,12.503362149284678],[122.53601095600014,12.5033641030008],[122.536017170000122,12.503368651000821],[122.536018898954339,12.503370338771722],[122.536032767455538,12.50338104204066],[122.536038916000138,12.50338532900078],[122.536045986826025,12.503391244331228],[122.536056003000226,12.503398974000755],[122.536062216000204,12.503402006000739],[122.536068429000096,12.50340655500076],[122.536082409000187,12.503415651000802],[122.536088622000165,12.503418683000787],[122.536108815000148,12.50343232900085],[122.536120918608489,12.503438993304714],[122.536122795000239,12.503439909000766],[122.536126148378798,12.503441872585883],[122.536150464303716,12.503455259863303],[122.53615386100023,12.503456586000725],[122.536161628000173,12.503461134000835],[122.536169394000098,12.503465682000767],[122.536177160000207,12.50346871400084],[122.536183489575734,12.503472420310766],[122.536189415230993,12.503475253150773],[122.536202013000221,12.503480842000778],[122.536209990924149,12.503485089640618],[122.536224744997753,12.503492143026138],[122.536226866000234,12.503492971000805],[122.536236185000121,12.503497519000826],[122.536245505000096,12.503502067000758],[122.536254825000157,12.503505099000831],[122.536264144000128,12.503509647000763],[122.536272039759098,12.503513499995664],[122.536275474497103,12.503514979837513],[122.536281231000203,12.503517227000769],[122.536285305185373,12.503519215346524],[122.536293392476651,12.503522699720557],[122.536299870000235,12.503524807000774],[122.536304286039766,12.503527393164591],[122.536329070948653,12.503538071634166],[122.536344915000143,12.503544515000806],[122.536351617702806,12.503547785804612],[122.536357934243426,12.503550507258518],[122.536362001000143,12.503552095000812],[122.536364878320654,12.503553499083795],[122.536377959783053,12.503559135174678],[122.536391513000098,12.503564223000838],[122.536408600000172,12.503571803000755],[122.536417919000144,12.503576351000776],[122.536427239000204,12.50357938200076],[122.536434343957268,12.503582849860182],[122.536446647869028,12.503587717824169],[122.536456751000159,12.503591510000787],[122.536475391000195,12.503599090000792],[122.536491205641084,12.503606256399911],[122.536492477000095,12.503606670000798],[122.536497144131758,12.503608947480958],[122.536505282653351,12.503612635525938],[122.536520436000188,12.503618798000824],[122.536537522000188,12.503626378000741],[122.536544064803905,12.503630210009851],[122.536546557359401,12.503631339533969],[122.536554608000174,12.503633958000746],[122.536562375000102,12.503638507000767],[122.536579461000187,12.503644570000825],[122.536588520864512,12.503649623760635],[122.536594994000225,12.503652151000741],[122.536601207000217,12.503656699000762],[122.536608974000146,12.503659731000747],[122.536616740000255,12.503662763000731],[122.536629045657364,12.503669435166929],[122.536636700586243,12.503672937154873],[122.536644700000082,12.503676407000794],[122.536650913000145,12.503679439000779],[122.536661786000167,12.503685504000748],[122.536672659000175,12.503691568000717],[122.536683532000183,12.503697632000774],[122.536694405000105,12.503702180000795],[122.536709939000147,12.503709761000801],[122.536719258000119,12.503714309000733],[122.536728578000179,12.503718857000754],[122.536737898522674,12.503724542917025],[122.536744418883274,12.503727770408721],[122.536748771000163,12.503729469000833],[122.536753794883779,12.503732411404131],[122.536759781563291,12.503735374730782],[122.536767411000113,12.503738566000786],[122.536773624000176,12.50374159800077],[122.536777662055314,12.503744225336186],[122.536790711000165,12.503750694000813],[122.536819597000161,12.50376498200084],[122.536825810000238,12.503769530000772],[122.536829439474289,12.503773072446931],[122.536836453394756,12.503778837377419],[122.536838237000197,12.503780143000762],[122.536849111000123,12.503789241000804],[122.536870858000142,12.503802886000779],[122.536882041144509,12.503811072635083],[122.536886391000181,12.503813499000769],[122.536895711000156,12.503821079000774],[122.536951640939762,12.50385565277333],[122.536954737000158,12.503857466000765],[122.536957833528078,12.503859480737409],[122.536988911000222,12.503878691000834],[122.537015317000197,12.503890820000771],[122.53703007094164,12.503899157139839],[122.537035510000081,12.50390143200085],[122.537044829000152,12.503907496000819],[122.537071235000198,12.503919625000757],[122.537096061723105,12.503932497836177],[122.537097642000163,12.50393326900082],[122.537098006754974,12.503933506326268],[122.53712741959265,12.503948756747283],[122.537130261000115,12.503949945000778],[122.537136474000093,12.503952978000763],[122.537142687000156,12.503956010000747],[122.537148900000147,12.503959042000821],[122.537159774000159,12.503965106000789],[122.537170647000167,12.503971170000758],[122.537176860000145,12.503972686000795],[122.537183073000122,12.503975718000779],[122.537189286000199,12.503978750000764],[122.537195499000177,12.503981782000748],[122.537201712000154,12.503984814000733],[122.537207926000136,12.503987846000806],[122.537218799000158,12.503992394000738],[122.537229672000166,12.503998458000796],[122.537235885000143,12.503999974000832],[122.537259068917152,12.504010178981071],[122.537260737000253,12.504010586000822],[122.537267579873358,12.504013925115851],[122.537276765018447,12.504017967997791],[122.537285590000081,12.504021198000812],[122.537292686218805,12.504024975784143],[122.537315102000221,12.504034842000786],[122.53732752900018,12.504040906000755],[122.537333742000158,12.504043938000828],[122.537357041000135,12.504056066000766],[122.537363082302974,12.504059751453154],[122.537388107000211,12.504072743000814],[122.537400534000184,12.504080323000819],[122.537404622178414,12.504083173408196],[122.537414511342661,12.504089418948015],[122.53741762000017,12.504090936000809],[122.537422067114576,12.504094190824864],[122.537440920000236,12.504106097000731],[122.537451794000162,12.504113678000826],[122.53745800700014,12.504118226000758],[122.537467327000201,12.504125807000763],[122.537478200000123,12.504133387000769],[122.537487520000099,12.504140968000774],[122.537496841000063,12.50414854900078],[122.53750305400014,12.504151581000764],[122.537512374000102,12.504157645000822],[122.537523247000209,12.504165226000827],[122.537527907000154,12.504168258000812],[122.537537227000115,12.504175839000728],[122.537572953000236,12.504197064000797],[122.537614893000153,12.504225870000782],[122.537625766000161,12.50423193400084],[122.537636639000169,12.504237999000809],[122.537652172000222,12.504247095000762],[122.537663045000144,12.504251643000783],[122.537673919000241,12.504257707000752],[122.537680844310074,12.504261569327566],[122.537697218000119,12.504269835000779],[122.537703431000196,12.504271351000815],[122.537732944000155,12.504284995000789],[122.537759349000197,12.504292574000795],[122.537771210528405,12.50429698426708],[122.537771775000081,12.504297122000727],[122.537772395594757,12.504297424856512],[122.537783068260353,12.504301392789428],[122.537784201000122,12.504301669000748],[122.53779196800015,12.504304701000732],[122.537798181000213,12.504306217000769],[122.537804394000204,12.504307732000806],[122.537808521800883,12.504309343575857],[122.53783700938375,12.50431733202789],[122.537841672000084,12.504318343000795],[122.537848282475636,12.504320493214136],[122.537900601885056,12.504335164556855],[122.537906909000156,12.50433653200079],[122.53791312100023,12.504338047000738],[122.537927101000136,12.504342595000759],[122.537934867000246,12.504342594000759],[122.537965930984697,12.504349224657494],[122.537973698000172,12.504350171000764],[122.537984571000095,12.504353203000749],[122.53799699700015,12.504354718000785],[122.538009422000201,12.504356233000822],[122.538015635000178,12.50435774900077],[122.538026508000101,12.504357747000769],[122.538070691770614,12.50436357176846],[122.538073105000137,12.504363807000827],[122.538073843913864,12.504363987299092],[122.538083977000156,12.504365323000775],[122.538105723000172,12.504369869000795],[122.538113489000111,12.50437290100078],[122.538127468000198,12.504374416000816],[122.538135235000126,12.504375931000764],[122.538144554000098,12.504377447000801],[122.538153874000159,12.504380478000785],[122.538156987694265,12.504381997511613],[122.538163187627276,12.504384266567756],[122.538166300000128,12.504385026000717],[122.538169411046297,12.504386544219335],[122.538181833000166,12.504391090000775],[122.538199440704176,12.504399177040524],[122.538202025000146,12.504400186000817],[122.538208239000127,12.504403218000801],[122.538265674000172,12.504403658000838],[122.538278100000142,12.504405173000785],[122.538288973000149,12.504406688000822],[122.538299845000154,12.504406687000733],[122.538304736193027,12.504407217054956],[122.53833401600015,12.504408199000769],[122.538349549000102,12.504409714000806],[122.538357315000212,12.504411230000843],[122.538366635000173,12.50441274500079],[122.538380614000175,12.504414260000738],[122.538389934000151,12.504415775000775],[122.538400806000169,12.504417290000811],[122.538408573000183,12.504418806000759],[122.538415562936905,12.504420511014311],[122.538444418655516,12.504424867585238],[122.538448957000156,12.504424867000816],[122.538456723000166,12.504426382000853],[122.538464490000109,12.504427898000801],[122.538504875000157,12.50443850800079],[122.538539047000143,12.504450635000817],[122.53854992000015,12.504455183000838],[122.538556133000142,12.504458215000822],[122.538567006000235,12.504462763000754],[122.538573220000217,12.504465795000739],[122.538579433000194,12.504467311000775],[122.538590306000117,12.504471859000796],[122.538596519000194,12.504473374000744],[122.538602732000172,12.504476406000817],[122.538613605000094,12.504479438000802],[122.538619818000171,12.504480953000749],[122.538625165786115,12.504483040613321],[122.538653990000157,12.504491564000739],[122.538681925756165,12.504501662057974],[122.538683503000101,12.504502175000729],[122.538695929000156,12.504506723000839],[122.538705248000127,12.504508238000787],[122.538753430341799,12.504523571540291],[122.538759613000096,12.504524912000745],[122.538767379000205,12.504527944000818],[122.538776699000181,12.504530976000803],[122.538790678000183,12.504534007000787],[122.538794863314592,12.504535640819912],[122.538806211000136,12.504538554000719],[122.53881863700019,12.504541585000792],[122.538819838428736,12.504542054062293],[122.538865235000216,12.50455371100073],[122.538899407000116,12.50456432200072],[122.538919217323098,12.504573420743457],[122.538922706000179,12.504574934000798],[122.538925801728837,12.50457644474424],[122.538941650572227,12.504583723596339],[122.53894600600016,12.504585545000788],[122.538952219000137,12.504588577000773],[122.538959985000162,12.504590093000809],[122.538975518000115,12.504596157000778],[122.538991051000153,12.504602220000747],[122.539026777000174,12.504618896000794],[122.539036096000146,12.504623444000815],[122.539042310000127,12.5046264760008],[122.53905784300008,12.50463708900079],[122.53906560900019,12.504640121000774],[122.539070949687456,12.504643248263045],[122.539076905508637,12.504646046990695],[122.539081142000228,12.504647701000779],[122.539084980124628,12.504649841371061],[122.539099782000179,12.504656797000822],[122.539107549000107,12.504661345000754],[122.539118422000215,12.504667409000811],[122.539122863347231,12.504670660126935],[122.539130071715718,12.504674989621032],[122.5391355080002,12.504678022000801],[122.539143275000129,12.504682570000822],[122.539151042000157,12.504687118000755],[122.539160362000217,12.504693182000812],[122.539166575000195,12.504697731000745],[122.539172788000172,12.504702279000766],[122.539179002000154,12.504706827000787],[122.539188322000214,12.504714408000792],[122.539194535000206,12.504718956000813],[122.539200749000187,12.504723505000834],[122.539210069000148,12.504731086000751],[122.539216282000226,12.504735634000772],[122.539219110143989,12.504738393579826],[122.539232630624724,12.504748798581486],[122.539233369000129,12.504749279000835],[122.539241136000243,12.504755344000804],[122.539250456000204,12.504761408000773],[122.539273756000185,12.504776569000784],[122.53928307600016,12.504782633000753],[122.539289289000138,12.504787182000774],[122.539293950000257,12.504791730000795],[122.539303270000232,12.504797794000764],[122.539309483000125,12.504802343000785],[122.539310370216199,12.504802992454964],[122.53931761269402,12.504807959865181],[122.539326570000199,12.504812955000775],[122.539330525900525,12.504816816667494],[122.539339314794844,12.504822844721106],[122.539340550000119,12.504823568000765],[122.539351423000213,12.50483114900077],[122.539356083000158,12.504835697000791],[122.539362297000139,12.504841762000849],[122.539370064000153,12.504849343000766],[122.539374724000098,12.504853891000787],[122.539380938000079,12.504859956000844],[122.539386071774814,12.504866220147823],[122.539393365000137,12.50487360200073],[122.539398025000168,12.504879667000788],[122.539402686000102,12.504885732000757],[122.539407855607607,12.504892795866338],[122.539415114000064,12.504902410000804],[122.539433699996366,12.504932962151836],[122.539436863000176,12.504937284000759],[122.539439710261533,12.504942841979458],[122.539444631000109,12.504950930000822],[122.539452398000222,12.504960028000776],[122.539457058000167,12.504966092000833],[122.539461718000197,12.504970641000765],[122.539469485000126,12.504979738000808],[122.53947414600016,12.504984287000829],[122.539478806000091,12.504990352000798],[122.53948346600022,12.504994900000819],[122.539489680000202,12.505002481000824],[122.539495894000183,12.505008546000793],[122.539500554000114,12.505013094000814],[122.539508321000227,12.505020675000731],[122.539514534000205,12.505026740000789],[122.539519195000153,12.505032805000758],[122.539528515000129,12.5050419020008],[122.53953472900011,12.505047967000769],[122.539540942000173,12.505054031000737],[122.539548709000201,12.50506312900078],[122.539554923000182,12.505069193000748],[122.539561137000163,12.505075258000806],[122.539568904000092,12.50508435500076],[122.539584092935982,12.505098731592588],[122.539590651000111,12.505104066000792],[122.539596865000092,12.505110130000761],[122.539603078000169,12.505116195000729],[122.539610845000183,12.505123776000824],[122.539615506000132,12.505128324000756],[122.539620166000162,12.505132873000777],[122.539627933000091,12.505138937000746],[122.53963182099703,12.505142732386529],[122.539643466000129,12.505152583000809],[122.539654340000141,12.505158647000778],[122.539660553000218,12.505163195000799],[122.539668320000146,12.50516774400082],[122.539672980000176,12.505170776000805],[122.539679193000154,12.505175324000826],[122.539685407000221,12.505179872000758],[122.539702494000124,12.505195034000769],[122.539708707000116,12.505198066000753],[122.539754697000092,12.505221715000756],[122.539810735000202,12.50524562600078],[122.5401004510002,12.505178893000766],[122.540134507000175,12.505187207000832],[122.540177077000138,12.505178897000766],[122.540211132000209,12.505178899000766],[122.540245189000174,12.505170589000789],[122.54027924500015,12.505162279000812],[122.540313301000225,12.505153969000746],[122.540347357000201,12.505145659000769],[122.540389928000167,12.505129037000815],[122.540423984000228,12.505120727000838],[122.540466555000194,12.505095794000818],[122.540500611000169,12.505087483000841],[122.540551696000136,12.505062550000821],[122.540577238000211,12.505054240000755],[122.540619809000177,12.505029306000734],[122.540653866000156,12.50501268400078],[122.540687923000135,12.50498775000076],[122.540730493000183,12.504971129000806],[122.540764550000162,12.504954507000763],[122.540798606000138,12.504937885000809],[122.540841177000203,12.504921263000766],[122.540875233000179,12.504904641000811],[122.540917803000141,12.504888019000857],[122.540960374000207,12.504871398000814],[122.541002945000173,12.504846464000794],[122.541037001000149,12.504829842000751],[122.541079571000211,12.504813220000797],[122.541122142000177,12.504796599000754],[122.541156198000152,12.504779977000799],[122.541190255000132,12.504763355000756],[122.541215797000191,12.504746732000802],[122.541258367000168,12.504730110000759],[122.541283910000146,12.504713488000805],[122.541326480000208,12.504696866000851],[122.541369051000174,12.50467193300083],[122.541411621000151,12.50464699900081],[122.541454192000202,12.50462206500079],[122.541496763000168,12.50459713200077],[122.541539333000145,12.504580510000816],[122.541581903000207,12.504563888000773],[122.541615960000172,12.50454726600073],[122.541650015000158,12.504538956000752],[122.541692585000206,12.504538958000841],[122.541726640000192,12.504538960000753],[122.54176920900025,12.504547274000819],[122.541803265000226,12.504547275000819],[122.541837320000113,12.50454727700073],[122.541871376000088,12.504538967000753],[122.541913946000136,12.504522345000799],[122.541956517000116,12.504497411000779],[122.541982060000095,12.504472476000759],[122.542007602000069,12.504447542000738],[122.542041659000134,12.504422608000807],[122.542075715000109,12.504405986000764],[122.542109772000174,12.50438936300081],[122.542143828000064,12.504381053000744],[122.542186397000123,12.504381055000833],[122.542228966000181,12.504389369000721],[122.542271535000154,12.50438937100081],[122.542314105000116,12.504381061000833],[122.542348161000191,12.50436443900079],[122.542382218000157,12.504347816000836],[122.542416273000143,12.504347818000747],[122.5424503280002,12.504364443000791],[122.542467354000195,12.504397692000788],[122.542531732000185,12.504405078000778],[122.542547198000221,12.504401304000821],[122.542562665000176,12.504397529000775],[122.542578131000113,12.504389980000772],[122.542593598000153,12.504386206000815],[122.542616798000125,12.504382432000769],[122.542636130000204,12.504382433000769],[122.542651597000159,12.504382434000769],[122.542674796000128,12.504382435000769],[122.542694129000211,12.504386210000815],[122.542721195000141,12.504393761000818],[122.542744389521474,12.504404330173644],[122.542755994000174,12.504408862000824],[122.542779193000229,12.504420188000784],[122.542794658000176,12.504431513000744],[122.542813991000187,12.504442839000793],[122.542833323000181,12.504457939000799],[122.542868122000129,12.504473040000805],[122.542879721000205,12.504480590000808],[122.542895187000241,12.504491915000768],[122.542910653000092,12.504503241000817],[122.542922252000167,12.504514566000777],[122.542933851000157,12.504525891000826],[122.542945450000133,12.504540991000832],[122.542953183000151,12.504556090000749],[122.542957049000123,12.504574965000801],[122.542964781000137,12.504590065000807],[122.542972513000237,12.50460893900077],[122.542980245000166,12.504631589000779],[122.542987978000099,12.504646689000785],[122.542984110000134,12.504665563000836],[122.542972510000155,12.504680662000753],[122.542960910000176,12.504691986000802],[122.542953176000154,12.504707085000808],[122.542949308000189,12.504722184000814],[122.542949307000185,12.50474860800078],[122.542949306000182,12.504763708000786],[122.542953172000153,12.504778808000792],[122.542957038000111,12.504797682000754],[122.542960904000168,12.504816557000806],[122.54296477000014,12.504831656000723],[122.542968635000193,12.504846756000818],[122.542980235000172,12.504861856000824],[122.542995701000208,12.504869406000827],[122.543011167000159,12.504865632000781],[122.543026634000185,12.504861858000735],[122.543045967000097,12.504861859000824],[122.543065300000194,12.504865634000781],[122.54308076600023,12.504873185000784],[122.543096232000181,12.504884510000833],[122.543107831000157,12.504895835000793],[122.543119430000147,12.504910935000799],[122.543134896000183,12.504922260000759],[122.543146495000158,12.504937360000765],[122.543158094000233,12.504952460000771],[122.543169694000213,12.504963785000731],[122.543185160000078,12.50497511000078],[122.543200626000115,12.50498643600074],[122.543216092000151,12.504997761000789],[122.543231558000187,12.505012861000795],[122.543247024000124,12.505024186000844],[122.543258623000114,12.505035511000804],[122.54327408900015,12.505046837000764],[122.543293422000147,12.505058162000813],[122.54330888700018,12.505073262000819],[122.543335953000209,12.505088363000736],[122.543351419000146,12.505103463000831],[122.543370751000239,12.505118563000748],[122.543397816000166,12.505152538000806],[122.543417149000177,12.505163864000766],[122.543436482000175,12.505175189000814],[122.543455815000087,12.505182740000818],[122.543467414000162,12.505190290000732],[122.543479013000137,12.505209165000783],[122.543482879000194,12.505224265000789],[122.543486745000251,12.505239364000795],[122.543486744000063,12.505265788000761],[122.543486743000159,12.505284663000813],[122.543494476000177,12.505303537000776],[122.543502209000195,12.505314862000736],[122.543513808000171,12.505333737000788],[122.54352540700016,12.505348837000794],[122.543544740000158,12.505360163000754],[122.543560206000194,12.505371488000891],[122.543571806000173,12.505375263000849],[122.543591139000185,12.505382814000763],[122.543610472000182,12.505386590000809],[122.543629805000094,12.505390365000766],[122.543637543424211,12.505392254202894],[122.543683938000129,12.505401692000726],[122.543699404000165,12.505409243000729],[122.543718737000162,12.505420568000778],[122.543753536000111,12.505439444000741],[122.543776736000169,12.505443220000787],[122.543796069000166,12.50545077100079],[122.543811536000121,12.50545077100079],[122.543827002000157,12.505454547000836],[122.543846336000243,12.505454548000747],[122.543857936000222,12.505454548000747],[122.543877269000134,12.505454549000747],[122.543900469000192,12.505454550000747],[122.543912069000172,12.505454551000836],[122.543931403000173,12.505454552000836],[122.543950736000184,12.505454552000836],[122.543962336000163,12.505454553000748],[122.543973936000143,12.505454553000748],[122.543997136000115,12.505458329000794],[122.544016469000198,12.505465880000797],[122.544031936000152,12.5054734300008],[122.544043535000128,12.50548475600076],[122.544055135000107,12.505499856000766],[122.544062868000225,12.505511181000726],[122.544078334000261,12.505526281000821],[122.544089933000151,12.505548931000741],[122.54409766600017,12.505560256000789],[122.544109266000149,12.505579131000752],[122.544120865000224,12.505594231000758],[122.544128598000157,12.50561310600081],[122.544144064000193,12.505620656000813],[122.544159531000219,12.505628207000727],[122.544275647000148,12.505627024000807],[122.544284013000137,12.50562430200076],[122.544300745593574,12.505618857187359],[122.544306325000207,12.505616134000794],[122.544317480000146,12.505613412000836],[122.544342580000091,12.505610690000788],[122.544359314000147,12.505610691000788],[122.544373258000149,12.505610692000788],[122.544389991000202,12.505613415000747],[122.544417880000196,12.505621584000801],[122.544434613000163,12.505627030000808],[122.544448557000067,12.505632476000814],[122.54446250100024,12.505637922000821],[122.544473656000108,12.50564064500078],[122.54449038900016,12.505646091000786],[122.544518278000155,12.50565426100084],[122.544546166000146,12.505662430000806],[122.544562900000201,12.505665153000765],[122.544585210000093,12.505670599000771],[122.544593577000256,12.505670600000771],[122.544613099000188,12.505670600000771],[122.544621466000166,12.505670601000771],[122.544640988000182,12.505667879000812],[122.54465214400021,12.505667879000812],[122.544668877000177,12.505665157000765],[122.544688399000194,12.505659712000847],[122.544705133000164,12.5056569900008],[122.544724655000181,12.505654268000752],[122.544738599000169,12.505654269000752],[122.54475533300014,12.505651547000793],[122.544763699000214,12.505651547000793],[122.544786010000195,12.505651548000793],[122.544797166000222,12.505651548000793],[122.544813899000104,12.505651549000794],[122.544827844000181,12.505648827000835],[122.544841788000184,12.505648827000835]],[[122.553734850468032,12.496153125342788],[122.553918912089799,12.496153430081067],[122.554102973716368,12.496153734693758],[122.554103283662386,12.495972878989567],[122.554287345165847,12.495973183471962],[122.554471406674196,12.495973487828591],[122.554471716359458,12.495792632112854],[122.554655777744784,12.495792936339365],[122.554839839134914,12.49579324044011],[122.555023900529847,12.495793544415088],[122.555024209826428,12.495612688683364],[122.555208271098252,12.495612992528136],[122.555392332374964,12.49561329624723],[122.555392023334264,12.495794151988102],[122.555576084743663,12.495794455586049],[122.555760146157951,12.49579475905823],[122.555759837368242,12.495975614805763],[122.555943898915316,12.495975918156796],[122.555943590248617,12.496156773906373],[122.556127651928392,12.496157077136258],[122.556127343384887,12.496337932887966],[122.556127034836592,12.496518788637188],[122.556126726283409,12.496699644384011],[122.555942664219856,12.496699341140536],[122.555942355533887,12.496880196880431],[122.555758293347154,12.496879893506661],[122.555757984528498,12.497060749239628],[122.555573922218656,12.49706044573565],[122.555573613267129,12.497241301461601],[122.555389550834192,12.497240997827417],[122.555205488406045,12.497240694067466],[122.555021425982787,12.497240390181839],[122.554837363564417,12.497240086170534],[122.554653301150751,12.497239782033462],[122.554469238741959,12.497239477770714],[122.554468929017986,12.497420333467],[122.5542848664861,12.497420029073956],[122.554100803959102,12.497419724555234],[122.553916741436908,12.497419419910747],[122.553732678919587,12.497419115140582],[122.55354861640707,12.497418810244652],[122.553364553899428,12.497418505223044],[122.553364864391057,12.497237649554025],[122.553180802016215,12.497237344411269],[122.553181112630938,12.497056488744382],[122.552997050388967,12.497056183480391],[122.552997361126714,12.496875327815635],[122.552997671859742,12.496694472148482],[122.553181733845847,12.496694777403325],[122.553182044446018,12.496513921729155],[122.553366106309099,12.496514226853703],[122.553366416776569,12.496333371172517],[122.55355047851647,12.496333676166858],[122.553550788851155,12.496152820478743],[122.553734850468032,12.496153125342788]],[[122.544714254554876,12.497042316488569],[122.544713938054713,12.497223171943981],[122.544713621549661,12.497404027396906],[122.54471330503965,12.497584882847432],[122.544712988524651,12.497765738295561],[122.544528925996332,12.497765427230165],[122.544344863472972,12.497765116039092],[122.544345180243852,12.49758426060029],[122.544529242639214,12.497584571786744],[122.544529559277223,12.497403716340836],[122.544345497009743,12.497403405159089],[122.544345813770761,12.497222549715401],[122.544346130526804,12.497041694269315],[122.544530192538403,12.497042005441825],[122.544714254554876,12.497042316488569]],[[122.549498929179819,12.497592926298671],[122.549499242363254,12.497412070728062],[122.549683304768479,12.497412378389781],[122.549867367178678,12.497412685925822],[122.549867054251138,12.49759354150549],[122.54986674131878,12.497774397082848],[122.549866428381463,12.49795525265772],[122.549682365587486,12.497954945108001],[122.549498302798298,12.497954637432516],[122.549498615991496,12.497773781866792],[122.549498929179819,12.497592926298671]]],[[[122.563669427006872,12.499006212834027],[122.563672361000101,12.499004493000774],[122.563774406000192,12.49890486000079],[122.563795277878285,12.498882443549517],[122.563669634959282,12.498882240107987],[122.563669427006872,12.499006212834027]]],[[[122.563485267666834,12.499062797860025],[122.563485227193169,12.499086916184607],[122.563513149000158,12.499097819000768],[122.56357265278811,12.499062939422254],[122.563485267666834,12.499062797860025]]],[[[122.533459539141376,12.501915053973542],[122.533477684174585,12.501927660702448],[122.53347772267098,12.501906201282607],[122.533446720061349,12.501906147587691],[122.533459510859998,12.501915034202513],[122.533459539141376,12.501915053973542]]]]}}
]
}
