{
"type": "FeatureCollection",
"name": "SYSTRA ID_342",
"crs": { "type": "name", "properties": { "name": "urn:ogc:def:crs:OGC:1.3:CRS84" } },
"xy_coordinate_resolution": 1e-15,
"features": [
{"type":"Feature","properties":{"fid":109,"HAZ":1.0,"layer":"Leyte_StormSurge_SSA4","path":"/Users/jhannaroseverzo/Downloads/Leyte/Leyte_StormSurge_SSA4.shp","Risk Level":"Low","fid_2":342,"SYSTRA ID":"342","DAR ID":"262","Target Year":"2029","Bridge Category":"Original List","Bridge Name":"ROMUALDEZ BRIDGE","Coordinates Y":"10.8206227","Coordinates X":"125.00053","Region":"VIII","Province":"LEYTE","ARC 2026":"Macarthur ARC","LINEAR METER IVF 2026":"44","EIRR 2026":"0.75","NEW/REPLACEMENT BRIDGE 2026":"new","Visited by SYSTRA":"No","Selected for 2nd Visit of SYSTRA":"No","Final Funder":"No Funder","2023 IVF URL":"https://drive.google.com/open?id=11-Qmtr9ctxa6Pi8HKK4Gck0DPIb5Uh2r","2026 IVF URL":"https://drive.google.com/open?id=11-Qmtr9ctxa6Pi8HKK4Gck0DPIb5Uh2r"},"geometry":{"type":"MultiPolygon","coordinates":[[[[124.986585371534332,10.777652855443772],[124.986376540916694,10.77765419465711],[124.986311254756586,10.777674234415109],[124.98631290468721,10.777925774213401],[124.986587150405782,10.777924015454751],[124.986861396076932,10.777922256453717],[124.987135641700661,10.777920497210211],[124.987133862338851,10.777649337289738],[124.987132371831834,10.777422190376248],[124.9865849606404,10.777590219676535],[124.986585371534332,10.777652855443772]]],[[[124.987420565914931,10.779545696869949],[124.987694812915052,10.779543936869803],[124.987969059867666,10.779542176627274],[124.988243306772858,10.779540416142183],[124.988245087447581,10.779811575846296],[124.988519334550475,10.779809815073435],[124.988517553630615,10.779538655414619],[124.988515772758191,10.779267495750741],[124.988513991933189,10.778996336081889],[124.98878823825298,10.778994575202535],[124.988786457230262,10.778723415574007],[124.988512211155623,10.778725176408063],[124.988237965033534,10.778726936999647],[124.987963718863938,10.778728697348757],[124.98768947264692,10.778730457455485],[124.987691252688904,10.77900161726529],[124.987417006179214,10.779003377174842],[124.987418786023397,10.779274537024882],[124.987420565914931,10.779545696869949]]],[[[124.986872071772552,10.779549216142822],[124.986873851221148,10.77982037607342],[124.986875630717066,10.780091535998956],[124.986877410260519,10.780362695919518],[124.986603162382423,10.780364455328048],[124.986604941728075,10.780635615288844],[124.986879189851308,10.780633855835017],[124.986880969489519,10.780905015745542],[124.987155217810638,10.780903256003946],[124.987156997741593,10.781174415864111],[124.987431246260513,10.781172655834656],[124.987429466084322,10.780901496019787],[124.987703714310584,10.780899735793245],[124.987977962489339,10.780897975324141],[124.987976181870124,10.780626815594804],[124.987974401298345,10.780355655860404],[124.987700153610049,10.780357416238914],[124.987425905874332,10.780359176374951],[124.987151658091094,10.780360936268515],[124.987149878302517,10.78008977639325],[124.987148098561264,10.779818616512923],[124.98714631886746,10.779547456627622],[124.987144539221063,10.779276296737258],[124.986870292371393,10.779278056207161],[124.986596045474286,10.779279815434681],[124.986597824630223,10.77955097541555],[124.986872071772552,10.779549216142822]]],[[[124.988253991532687,10.781167374291453],[124.988252210620743,10.780896214612476],[124.987977962489339,10.780897975324141],[124.98797974315606,10.781169135048415],[124.988253991532687,10.781167374291453]]],[[[124.990729357738033,10.782236153599975],[124.990731141094784,10.782507312845787],[124.991005390222909,10.782505549436991],[124.991003606620922,10.782234390236564],[124.990729357738033,10.782236153599975]]],[[[124.989090991268256,10.783331366728873],[124.98881674107183,10.783333128575897],[124.988818522901454,10.783604288119072],[124.989092773343273,10.783602526226662],[124.989090991268256,10.783331366728873]]],[[[124.988001114856999,10.784423051347666],[124.987726863489343,10.784424812405721],[124.987728644527508,10.784695972109922],[124.988002896140472,10.784694211006659],[124.988001114856999,10.784423051347666]]],[[[124.988293183600859,10.787132885956904],[124.988018929827035,10.78713464771058],[124.98802071158498,10.787405807319214],[124.988294965604297,10.78740404552024],[124.988293183600859,10.787132885956904]]],[[[124.988571001872359,10.787673442991593],[124.988569219576092,10.787402283478617],[124.988294965604297,10.78740404552024],[124.98829674765507,10.787675205078514],[124.988571001872359,10.787673442991593]]],[[[124.989123075880912,10.7882122369192],[124.989124858810442,10.788483396326484],[124.989399113621488,10.788481633375543],[124.98939733044655,10.788210474013646],[124.989123075880912,10.7882122369192]]],[[[124.990497916595075,10.788745738320568],[124.990223661728521,10.788747502287496],[124.989949406814461,10.788749266011862],[124.989951190575241,10.789020425272952],[124.990225445734708,10.789018661503288],[124.990499700846755,10.789016897490974],[124.990497916595075,10.788745738320568]]],[[[124.990773955911195,10.789015133235921],[124.990499700846755,10.789016897490974],[124.990501485145955,10.789288056656407],[124.990775740455788,10.789286292355968],[124.990773955911195,10.789015133235921]]],[[[124.990777525048003,10.789557451470952],[124.991051780555807,10.789555686882565],[124.9910499957182,10.789284527812878],[124.990775740455788,10.789286292355968],[124.990777525048003,10.789557451470952]]],[[[124.990788233598664,10.79118440605534],[124.990513976570469,10.791186170673303],[124.990515761249711,10.791457329798412],[124.990790018523498,10.791455565135063],[124.991064275749665,10.791453800229064],[124.991062490579438,10.791182641194638],[124.990788233598664,10.79118440605534]]],[[[124.989416947982406,10.791193226717674],[124.989418731679692,10.791464386024238],[124.98969298914345,10.791462622331935],[124.989691205200671,10.791191463070668],[124.989416947982406,10.791193226717674]]],[[[124.98887199986342,10.7917390720729],[124.988597742011706,10.791740835082372],[124.988599525067457,10.792011994514791],[124.988873783164664,10.792010231460022],[124.98887199986342,10.7917390720729]]],[[[124.986805455487172,10.794464061944428],[124.986970011865125,10.794463004857477],[124.986969774261141,10.794426850236579],[124.987079478490401,10.794426145465849],[124.987353739030539,10.79442438336898],[124.987351956683653,10.794153223772692],[124.987626216930792,10.794151461478293],[124.987624434385737,10.793880301922329],[124.987622651888131,10.793609142361301],[124.987348392132148,10.793610904565107],[124.987346609927457,10.793339744953808],[124.987236906110056,10.79334044974923],[124.987235361656246,10.793105444732895],[124.98750962097283,10.793103682710811],[124.987507838709433,10.792832523117188],[124.987233579638328,10.792834285094063],[124.986959320519887,10.792836046828199],[124.986685061353938,10.792837808319508],[124.986686842880687,10.793108968048934],[124.98641258342181,10.793110729342711],[124.986410802140554,10.792839569568077],[124.986136542879834,10.792841330573818],[124.986134761891492,10.792570170748824],[124.985860502828928,10.792571931466529],[124.985862283571592,10.79284309133682],[124.985864064361678,10.79311425120196],[124.985865845199285,10.793385411062214],[124.985867626084243,10.793656570917317],[124.985869407016537,10.793927730767447],[124.986143667306919,10.793925969823434],[124.986141886129047,10.793654810018602],[124.986416146126516,10.793653048876969],[124.986690406076463,10.793651287492686],[124.986964665979073,10.793649525865487],[124.986964428394018,10.793613371242547],[124.987074132328658,10.793612666526172],[124.987074369926788,10.793648821146625],[124.987075914335122,10.793883826177705],[124.987076151939632,10.793919980797625],[124.987077696389093,10.794154985824353],[124.986967992257973,10.794155690576964],[124.986966447893693,10.793920685534516],[124.986692187745504,10.793922447207013],[124.986417927549965,10.793924208636593],[124.986419709020851,10.794195368391154],[124.986421253000557,10.794430373507677],[124.986256696585386,10.794431430299664],[124.986258477997481,10.794702590071989],[124.986148773613053,10.794703294569427],[124.986147229804956,10.794468289418088],[124.985982673341738,10.794469346067878],[124.985982435855618,10.794433191425309],[124.985708175078329,10.794434952308126],[124.985709955999255,10.794706112170957],[124.985874512618608,10.794705055643202],[124.985874750097977,10.794741210287636],[124.985876531219887,10.795012370117604],[124.986150792492609,10.79501060899258],[124.98642505371798,10.79500884762464],[124.98642481616676,10.794972692992996],[124.986534520630499,10.794971988380272],[124.986532976483375,10.794736983288175],[124.986697533037088,10.794735926319706],[124.986697295459493,10.79469977169348],[124.986806999806078,10.794699067001709],[124.986805455487172,10.794464061944428]]],[[[124.988448997387536,10.794146173138216],[124.988450780716747,10.794417332553227],[124.988725041019663,10.794415569242307],[124.988999301275058,10.79441380568856],[124.988997517454678,10.794142646364232],[124.988723257444775,10.794144409872594],[124.988721473917494,10.793873250497906],[124.988447214105747,10.793875013718143],[124.988448997387536,10.794146173138216]]],[[[124.985159653381643,10.794438473345366],[124.985157872999309,10.794167313386968],[124.985432133625793,10.794165553035015],[124.985433914253704,10.794436712948116],[124.985708175078329,10.794434952308126],[124.98570639420484,10.794163792440234],[124.985704613378772,10.793892632567278],[124.98570283260014,10.793621472689349],[124.985428572512163,10.793623233193625],[124.985154312376849,10.793624993455072],[124.9848800521942,10.793626753473781],[124.984881832236184,10.793897913487513],[124.98460757176052,10.793899673308601],[124.984609351604249,10.794170833362479],[124.984335090835671,10.794172592986037],[124.984336870481258,10.79444375308006],[124.984062609419752,10.794445512505998],[124.984064388867097,10.794716672640256],[124.983790127512663,10.794718431868663],[124.983791906761766,10.794989592043066],[124.983517645114333,10.794991351073854],[124.98351942416528,10.795262511288403],[124.983245162224932,10.795264270121571],[124.983246941077553,10.795535430376354],[124.982972678844263,10.795537189011814],[124.982974457498642,10.795808349306743],[124.982700194972352,10.795810107744582],[124.98270197342849,10.796081268079657],[124.982976236200372,10.796079509596698],[124.982978014949424,10.796350669881591],[124.983252277919533,10.796348911110506],[124.983254056961613,10.796620071345128],[124.98325583605093,10.796891231574776],[124.983530099465042,10.796889472470447],[124.983804362831719,10.796887713123201],[124.983802583251148,10.796616552984059],[124.983800803717827,10.796345392839765],[124.984075066546012,10.796343633340197],[124.984349329326761,10.796341873597711],[124.984347549349621,10.79607071353886],[124.984621811837371,10.796068953598667],[124.98462003166189,10.79579779358005],[124.984894293856712,10.795796033442326],[124.984892513483089,10.795524873463854],[124.985166775384812,10.79552311312851],[124.985164994812948,10.795251953190274],[124.985163214288505,10.794980793246975],[124.985161433811399,10.794709633298702],[124.985159653381643,10.794438473345366]]],[[[124.993844396521226,10.79713046684175],[124.993842607896511,10.796859308367143],[124.993840819319402,10.796588149887562],[124.9938390307899,10.796316991402829],[124.993564769619141,10.796318759554143],[124.99329050840079,10.79632052746263],[124.99328872041005,10.796049368882063],[124.993014459389755,10.796051136502246],[124.993016247134818,10.796322295128199],[124.993018034927488,10.796593453749178],[124.993019822767678,10.796864612365095],[124.993294084524891,10.796862844608665],[124.993568346234497,10.796861076609318],[124.993570134613549,10.7971322351294],[124.993844396521226,10.79713046684175]]],[[[124.991924562168478,10.797142839754756],[124.992198824361523,10.79714107292434],[124.992197037210659,10.79686991417724],[124.992195250107301,10.796598755425077],[124.992193463051549,10.796327596667851],[124.991919201595337,10.79632936336202],[124.991920988405511,10.796600522164631],[124.991922775263191,10.79687168096218],[124.991924562168478,10.797142839754756]]],[[[124.983811481627853,10.797972353629767],[124.984085745929875,10.79797059385886],[124.984083965914095,10.797699433784999],[124.984358229923117,10.797697673816383],[124.984356449709097,10.797426513782668],[124.984354669542412,10.797155353743978],[124.984352889423164,10.796884193700226],[124.98407862615116,10.796885953533216],[124.983804362831719,10.796887713123201],[124.983806142459812,10.797158873257459],[124.983531878847373,10.797160632649824],[124.98353365827704,10.797431792824138],[124.983259394371672,10.797433552018884],[124.983257615187682,10.797162391799361],[124.982983351480556,10.797164150705981],[124.982709087726178,10.797165909369774],[124.982710866418927,10.797437069679713],[124.98243660237155,10.797438828145797],[124.982438380865958,10.797709988495882],[124.982440159407716,10.797981148840904],[124.982714423946362,10.797979390284492],[124.98271620278112,10.798250550579333],[124.982990467518178,10.798248791734796],[124.982992246645864,10.798519951979365],[124.983266511581249,10.798518192846792],[124.983540776469297,10.798516433471214],[124.98354255613576,10.798787593620393],[124.983816821222135,10.798785833956778],[124.983815041310095,10.798514673852807],[124.983813261445306,10.798243513743774],[124.983811481627853,10.797972353629767]],[[124.982985130418967,10.797435310970712],[124.98298690940473,10.79770647123047],[124.982712645159012,10.79770822998459],[124.982710866418927,10.797437069679713],[124.982985130418967,10.797435310970712]],[[124.983537217278496,10.797974113157757],[124.983538996850271,10.798245273317061],[124.9832647322079,10.798247032647343],[124.983262952881788,10.797975872442919],[124.983537217278496,10.797974113157757]]],[[[124.993028762682442,10.798220405369182],[124.993303025667828,10.798218637385556],[124.993304814039234,10.798489795925889],[124.993579077222776,10.79848802765396],[124.993577288605707,10.798216869159102],[124.993575500036314,10.79794571065927],[124.993301237344113,10.79794747884025],[124.993026974604305,10.797949246778401],[124.993028762682442,10.798220405369182]]],[[[124.985736675500448,10.798773509509626],[124.985462410745711,10.798775270873659],[124.985188145943553,10.798777031994774],[124.984913881094059,10.798778792873062],[124.984639616197128,10.798780553508344],[124.984641396893608,10.799051713471627],[124.984643177637608,10.799322873429848],[124.984644958428859,10.799594033383006],[124.984646739267532,10.79986519333119],[124.984921005147228,10.799863432514986],[124.985195270979588,10.799861671455776],[124.985193489649475,10.799590511598097],[124.985191708366798,10.799319351735356],[124.985465973660297,10.799317590523735],[124.985464192179293,10.799046430701228],[124.985738457179693,10.799044669291899],[124.985740238906459,10.799315829069197],[124.986014504105185,10.799314067371743],[124.986016286124965,10.799585227098682],[124.986290551521932,10.799583465113013],[124.986564816871564,10.799581702884428],[124.986563034360358,10.799310543247994],[124.986561251896589,10.799039383606587],[124.986559469480241,10.798768223960028],[124.986557687111315,10.798497064308496],[124.986283422744449,10.798498826355981],[124.986009158330162,10.79850058816055],[124.986010940207748,10.798771747902677],[124.985736675500448,10.798773509509626]]],[[[124.983547895419179,10.799601074037732],[124.983822161242642,10.799599314238492],[124.983820381188494,10.79932815414962],[124.984094646718873,10.799326394152583],[124.984092866466312,10.799055234103946],[124.984091086261174,10.798784074050157],[124.983816821222135,10.798785833956778],[124.983818601181696,10.799056994055686],[124.983544335849558,10.799058753764598],[124.983546115610693,10.799329913903652],[124.983547895419179,10.799601074037732]]],[[[124.983273629548364,10.799602833594054],[124.983275409158509,10.799873993768369],[124.98327718881599,10.800145153937532],[124.983551455178244,10.800143394290792],[124.983549675275086,10.799872234166838],[124.983547895419179,10.799601074037732],[124.983273629548364,10.799602833594054]]],[[[124.986839082173674,10.799579940412926],[124.986840864977978,10.799851099999088],[124.986842647829803,10.800122259580188],[124.986568382036168,10.800124022142196],[124.986294116195197,10.800125784461375],[124.986295898602933,10.800396944128007],[124.986021632468777,10.800398706249389],[124.986023414678272,10.800669865956255],[124.986025196935103,10.800941025658059],[124.986299463560684,10.800939263446082],[124.986301246110614,10.801210423097526],[124.986575512934621,10.801208660597336],[124.986573730138844,10.8009375009911],[124.986847996669667,10.800935738293202],[124.987122263152969,10.800933975352297],[124.987120479913187,10.800662815831593],[124.987394746103305,10.800661052693069],[124.987669012246073,10.80065928931154],[124.987667228562302,10.800388129876456],[124.987665444925952,10.800116970436221],[124.987663661337024,10.799845810991012],[124.987389395931444,10.799847574236651],[124.987387612635715,10.799576414741082],[124.987113347428448,10.799578177698507],[124.986839082173674,10.799579940412926]]],[[[124.983280748272989,10.800687474260847],[124.983278968520821,10.800416314101721],[124.983004701865568,10.800418073550752],[124.983006481371973,10.800689233755087],[124.983280748272989,10.800687474260847]]],[[[124.981920085429351,10.802323231506946],[124.981921864284104,10.802594391856765],[124.982196133094703,10.802592633018179],[124.982197912242455,10.802863793317815],[124.982199691437557,10.803134953612389],[124.982201470680096,10.8034061139019],[124.982475740180718,10.803404354684773],[124.98247751971634,10.803675514924102],[124.982751789415474,10.80367375541876],[124.98275356924421,10.803944915607907],[124.98302783914184,10.803943155814352],[124.983029619263675,10.804214315953228],[124.983031399432832,10.80448547608713],[124.983305669774737,10.804483715960153],[124.983307450237092,10.804754876043695],[124.983309230746883,10.805026036122264],[124.983311011303911,10.805297196195859],[124.983585282335937,10.805295435690251],[124.983587063186249,10.805566595713486],[124.983588844083812,10.805837755731748],[124.983590625028796,10.806108915744947],[124.983592406021131,10.806380075753172],[124.983866677989298,10.806378314823636],[124.983868459274817,10.80664947478159],[124.984142731441395,10.806647713563752],[124.984417003560722,10.806645952102819],[124.984418785385358,10.806917111965294],[124.98442056725743,10.807188271822707],[124.984422349176839,10.807459431675056],[124.984696621986373,10.807457669835316],[124.984698404199065,10.807728829637483],[124.984700186459179,10.807999989434499],[124.984701968766643,10.808271149226542],[124.984703751121529,10.808542309013522],[124.984705533523751,10.808813468795439],[124.98470731597331,10.809084628572382],[124.98498159021095,10.809082866218208],[124.984983372953877,10.809354025944792],[124.984985155744241,10.809625185666402],[124.98498693858194,10.809896345382949],[124.985261213510043,10.809894582649878],[124.985262996641111,10.810165742316155],[124.985537271767711,10.810163979294604],[124.985539055192064,10.810435138910609],[124.98581333051726,10.810433375600578],[124.985815114235066,10.810704535166312],[124.98581689800028,10.810975694726984],[124.986091173770021,10.810973931083264],[124.986092957828618,10.811245090593665],[124.986094741934636,10.811516250098915],[124.986096526088076,10.811787409599191],[124.986370802548294,10.811785645576574],[124.986372586995103,10.81205680502649],[124.986646863654002,10.812055040715393],[124.98692114026538,10.812053276161024],[124.986922925251676,10.812324435515372],[124.986924710285393,10.812595594864657],[124.986926495366546,10.812866754208969],[124.987200772668572,10.812864989275525],[124.987202558043165,10.813136148569477],[124.987204343465294,10.813407307858366],[124.987478621211849,10.813405542591056],[124.987480406927432,10.813676701829674],[124.987482192690521,10.813947861063141],[124.987483978500947,10.814219020291635],[124.987485764358908,10.814490179515154],[124.987487550264277,10.814761338733522],[124.987489336217095,10.815032497946827],[124.987491122217421,10.815303657155159],[124.98721684274841,10.815305422739549],[124.987218628550053,10.815576581988115],[124.987220414399204,10.815847741231618],[124.98749469436035,10.815845975556723],[124.987492908265168,10.815574816358517],[124.987767187932775,10.815573050485558],[124.987765401638995,10.815301891327586],[124.988039681013049,10.815300125256652],[124.988037894520588,10.815028966138915],[124.988036108075633,10.814757807016203],[124.988310386910129,10.814756040792592],[124.988308600266492,10.814484881710115],[124.988582878807435,10.814483115288617],[124.988581091965301,10.814211956246375],[124.988855370212704,10.814210189626902],[124.988853583171959,10.813939030624983],[124.989127861125823,10.813937263807535],[124.989126073886581,10.813666104845939],[124.989400351546891,10.813664337830605],[124.989398564109052,10.813393178909244],[124.989124286694761,10.813394945879281],[124.989122499550461,10.81312378690756],[124.988848222334681,10.813125553588939],[124.988573945071465,10.813127320027135],[124.988572158466638,10.812856160959758],[124.988297881401934,10.812857927109384],[124.988296095090661,10.812586767991558],[124.988021818224553,10.812588533852704],[124.988020032206819,10.812317374684518],[124.988018246236422,10.812046215511359],[124.987743969814858,10.81204798103855],[124.987742184138,10.81177682181503],[124.987467907914933,10.811778587053741],[124.987466122531544,10.811507427779951],[124.987191846506974,10.811509192730181],[124.987190061417039,10.811238033405942],[124.98691578559108,10.811239798067692],[124.986914000794584,10.810968638693094],[124.986639725167137,10.810970403066364],[124.986637940664011,10.810699243641494],[124.98663615620832,10.810428084211651],[124.986634371800051,10.810156924776745],[124.986632587439217,10.809885765336777],[124.986358312748166,10.809887529285675],[124.986084038009778,10.809889292991478],[124.986082254188247,10.809618133455942],[124.986080470414137,10.809346973915343],[124.986078686687463,10.80907581436977],[124.985804412639453,10.809077577696588],[124.985530138544021,10.809079340780222],[124.985528355356635,10.808808181139081],[124.9855265722166,10.808537021492878],[124.985524789124,10.808265861841612],[124.985799062481718,10.808264098893691],[124.985800845820165,10.80853525849966],[124.986075119376395,10.808533495263347],[124.986349392885089,10.80853173178394],[124.986347609054761,10.808260572268477],[124.9866218822702,10.808258808591095],[124.98662009824136,10.807987649115866],[124.986345825271869,10.807989412747951],[124.986344041536313,10.807718253222362],[124.986069768765319,10.807720016565966],[124.985795495946917,10.807721779666565],[124.985797279190592,10.80799293928257],[124.985523006078822,10.807994702185283],[124.985521223081065,10.807723542523892],[124.985246950167806,10.807725305138213],[124.985245167463233,10.80745414542664],[124.985243384806196,10.807182985709915],[124.985241602196496,10.806911825988216],[124.985239819634216,10.806640666261455],[124.985238037119274,10.80636950652972],[124.985512308803138,10.806367744141706],[124.985786580439552,10.80636598151051],[124.985784797480264,10.806094821864217],[124.985510526089783,10.806096584450117],[124.985508743423765,10.805825424753465],[124.98523447223161,10.805827187051062],[124.985232689858961,10.805556027304139],[124.985506960805182,10.805554265051839],[124.985505178234021,10.805283105345151],[124.985230907533563,10.805284867552242],[124.984956636785753,10.805286629516239],[124.984954854753639,10.805015469713982],[124.984680584204341,10.805017231389677],[124.984682365990523,10.805288391237141],[124.984408095147955,10.805290152715038],[124.984406313607522,10.805018992822276],[124.984132042963381,10.805020754011871],[124.984130261716231,10.804749594068927],[124.984128480516333,10.804478434121009],[124.984126699363856,10.804207274168029],[124.983852429409907,10.804209034978815],[124.983850648550543,10.803937874975563],[124.983848867738601,10.80366671496725],[124.983574598228827,10.803668475444702],[124.983572817710069,10.803397315386206],[124.983571037238661,10.803126155322559],[124.983296768173062,10.80312791546659],[124.983294987994839,10.80285675535276],[124.983020719127751,10.802858515208488],[124.983018939242626,10.802587355044476],[124.983017159404753,10.802316194875402],[124.983291427780316,10.802314435110002],[124.983289647744016,10.802043274981074],[124.983287867755152,10.801772114847083],[124.983013599871185,10.801773874522066],[124.983011820175335,10.801502714337893],[124.982737552489795,10.801504473724663],[124.982735773087029,10.801233313490307],[124.983010040526906,10.801231554148657],[124.983008260925729,10.800960393954359],[124.983006481371973,10.800689233755087],[124.982732214423621,10.80069099300632],[124.982457947427932,10.800692752014548],[124.982456168412952,10.800421591719886],[124.98218190161559,10.800423350439988],[124.981907634771062,10.800425108917175],[124.981633367879112,10.800426867151444],[124.981635146156904,10.800698027581642],[124.981636924482032,10.800969188006867],[124.981638702854426,10.801240348427029],[124.981640481274141,10.801511508842129],[124.981642259741207,10.801782669252255],[124.981644038255524,10.802053829657318],[124.981645816817178,10.802324990057318],[124.981920085429351,10.802323231506946]]],[[[124.986123294080087,10.815854801498212],[124.986121509215295,10.815583642073609],[124.98584722926303,10.815585406486758],[124.985849013881705,10.815856565956658],[124.985850798547816,10.816127725421495],[124.986125078992217,10.816125960917841],[124.986126863951853,10.816397120332407],[124.986128648958839,10.816668279741911],[124.986130434013262,10.816939439146353],[124.986132219115106,10.81721059854582],[124.986134004264471,10.817481757940225],[124.986135789461173,10.817752917329479],[124.986410071334916,10.817751152310947],[124.986408285892011,10.817479992966902],[124.986406500496628,10.817208833617794],[124.986404715148666,10.816937674263624],[124.98640292984804,10.816666514904391],[124.98640114459495,10.816395355540184],[124.986399359389267,10.816124196170826],[124.98667363973891,10.816122431180627],[124.986947920041018,10.816120665946979],[124.98722220029579,10.816118900470059],[124.987220414399204,10.815847741231618],[124.98694613439055,10.815849506663241],[124.986671854334546,10.815851271851503],[124.986397574231034,10.815853036796494],[124.986123294080087,10.815854801498212]]],[[[124.986684353161237,10.817749387048966],[124.986410071334916,10.817751152310947],[124.986411856825157,10.81802231164993],[124.986686138897682,10.818020546342741],[124.986684353161237,10.817749387048966]]],[[[124.988066484095995,10.819367511417063],[124.988068271347942,10.819638670454065],[124.988342554612672,10.819636903414928],[124.988344342158342,10.819908062401481],[124.98861862562174,10.819906295073597],[124.98889290903773,10.819904527502263],[124.988891120999739,10.819633368606304],[124.988889333009269,10.819362209705194],[124.988615050085698,10.819363977185933],[124.988613262388782,10.819092818234463],[124.988338979663894,10.819094585426456],[124.98806469689157,10.819096352374999],[124.988066484095995,10.819367511417063]]],[[[124.986962206952668,10.818289940035605],[124.986963993030088,10.818561099274046],[124.986965779155028,10.818832258507335],[124.986967565327305,10.819103417735651],[124.986969351547103,10.819374576958904],[124.986971137814322,10.819645736177094],[124.986972924129063,10.819916895390222],[124.98697471049114,10.820188054598376],[124.986976496900652,10.820459213801467],[124.986978283357686,10.820730372999407],[124.986980069862142,10.821001532192462],[124.986981856414019,10.821272691380365],[124.986707571434764,10.821274457474303],[124.986705785129075,10.821003298241102],[124.986431500348587,10.821005064046382],[124.986433286408072,10.82127622332488],[124.986435072514979,10.821547382598315],[124.986436858669308,10.821818541866687],[124.986438644871072,10.822089701130086],[124.986440431120172,10.822360860388422],[124.986442217416794,10.822632019641695],[124.986444003760852,10.822903178889906],[124.986718290265031,10.822901412767724],[124.986992576721775,10.822899646402004],[124.986994363605831,10.823170805554646],[124.986996150537237,10.823441964702226],[124.987270437439051,10.823440198002462],[124.987272224664267,10.823711357099771],[124.986997937516165,10.823713123844744],[124.986999724542514,10.823984282982199],[124.98700151161637,10.824255442114591],[124.987275799257063,10.824253675279024],[124.987274011936904,10.823982516191929],[124.987548299283873,10.823980749158121],[124.987546511764947,10.82370959011126],[124.987820798818106,10.8237078228793],[124.987819011100399,10.823436663872585],[124.987817223430113,10.823165504860896],[124.987815435807263,10.822894345844233],[124.987813648231935,10.822623186822419],[124.987811860704028,10.822352027795631],[124.987810073223642,10.822080868763781],[124.987535787647971,10.822082635723959],[124.987261502024865,10.822084402440598],[124.987259715084406,10.821813243313091],[124.987257928191369,10.82154208418061],[124.987256141345853,10.821270925042977],[124.987254354547673,10.820999765900282],[124.987528639185882,10.820997999364831],[124.987526852189021,10.82072684026237],[124.987252567797015,10.820728606752613],[124.987250781093877,10.820457447599882],[124.987248994438076,10.820186288442088],[124.987247207829796,10.81991512927932],[124.987245421268938,10.8196439701114],[124.987519704676032,10.819642203802346],[124.987517917916492,10.81937104467475],[124.987792201029961,10.819369278167631],[124.987790414071654,10.81909811908027],[124.98806469689157,10.819096352374999],[124.988062909734481,10.81882519332796],[124.988061122624998,10.81855403427577],[124.988059335562852,10.818282875218607],[124.988057548548326,10.818011716156381],[124.987783266713038,10.818013482680374],[124.987781479992037,10.817742323567789],[124.98750719835553,10.817744089803124],[124.987508984830399,10.818015248961007],[124.987234702900253,10.818017014998279],[124.986960420922685,10.81801878079219],[124.986686138897682,10.818020546342741],[124.986687924681462,10.818291705631452],[124.986962206952668,10.818289940035605]]],[[[124.986729010803174,10.824528367879424],[124.987003298737577,10.82452660124201],[124.98700151161637,10.824255442114591],[124.986727223928256,10.824257208706708],[124.98645293619262,10.824258975055287],[124.986178648409648,10.824260741160415],[124.986180434791976,10.824531900423636],[124.986454722821335,10.824530134273299],[124.986729010803174,10.824528367879424]]],[[[124.986492252980938,10.830224476684233],[124.986490465356127,10.829953317572269],[124.986488677778752,10.829682158455242],[124.986214385068521,10.829683925465869],[124.986216172399423,10.829955084628104],[124.985941879395298,10.829956851440311],[124.985667586343737,10.829958618008803],[124.985669373229314,10.830229777256569],[124.985943666527248,10.830228010642781],[124.985945453706634,10.830499169840188],[124.986219747203705,10.830497402937475],[124.986217959777846,10.830226243785276],[124.986492252980938,10.830224476684233]]],[[[124.983995051620923,10.825901818910463],[124.983996836317147,10.826172978505419],[124.983998621060778,10.826444138095223],[124.984000405851674,10.826715297680053],[124.984002190689992,10.826986457259821],[124.984003975575746,10.827257616834526],[124.984278266447717,10.82725585217997],[124.984280051627195,10.827527011704404],[124.984005760508836,10.827528776404169],[124.984007545489362,10.827799935968748],[124.984009330517125,10.828071095528355],[124.983735038858669,10.828072860074997],[124.983736823687579,10.828344019674748],[124.983738608563741,10.828615179269438],[124.983740393487324,10.828886338859064],[124.984014685885015,10.828884574176708],[124.98428897823527,10.828882809250903],[124.984290763699036,10.82915396874505],[124.984292549210252,10.829425128234135],[124.984294334768791,10.829696287718157],[124.984020041679301,10.829698052779765],[124.984021827038816,10.829969212303933],[124.983747533655432,10.829970977167122],[124.983749318815896,10.830242136731524],[124.983751104023696,10.830513296290864],[124.983752889278833,10.830784455845141],[124.983754674581505,10.831055615394444],[124.983480380164892,10.83105738019475],[124.983206085701042,10.831059144751517],[124.983207870558019,10.831330304386086],[124.983209655462417,10.83160146401568],[124.983211440414166,10.831872623640212],[124.983213225413238,10.832143783259681],[124.983215010459659,10.832414942874088],[124.983216795553517,10.832686102483521],[124.983491091496361,10.832684337655593],[124.983492876884029,10.832955497214666],[124.983218580694711,10.832957262087803],[124.983220365883241,10.83322842168711],[124.983222151119193,10.833499581281355],[124.983223936402496,10.833770740870538],[124.983225721733135,10.834041900454658],[124.98322750711111,10.834313060033715],[124.983229292536521,10.834584219607798],[124.983231078009268,10.83485537917673],[124.983232863529352,10.835126538740688],[124.983234649096786,10.835397698299584],[124.983236434711642,10.835668857853417],[124.983238220373835,10.835940017402187],[124.983240006083363,10.836211176945895],[124.983241791840328,10.83648233648454],[124.983243577644643,10.836753496018211],[124.983517877285678,10.836751730512159],[124.983519663383973,10.837022889995559],[124.983521449529604,10.837294049473808],[124.983523235722672,10.837565208947083],[124.983525021962976,10.837836368415296],[124.983526808250716,10.838107527878446],[124.983528594585891,10.838378687336622],[124.983530380968389,10.838649846789647],[124.983532167398238,10.838921006237697],[124.983257865784196,10.838922772105327],[124.983259652014738,10.839193931593524],[124.9832614382928,10.839465091076658],[124.983263224618113,10.839736250554729],[124.982988922216606,10.839738016314179],[124.982990708342697,10.840009175832307],[124.98299249451604,10.84028033534555],[124.982718191573895,10.840282100951523],[124.98271997754793,10.840553260504823],[124.982994280736804,10.840551494853642],[124.982996067004919,10.840822654356671],[124.98299785332037,10.841093813854638],[124.983272156955294,10.841092047869147],[124.983273943564811,10.841363207316931],[124.983548247399042,10.841361441042338],[124.983550034302738,10.841632600439851],[124.983824338336262,10.841630833876156],[124.983826125534037,10.841901993223399],[124.983827912779134,10.842173152565579],[124.983553608252052,10.842174919219691],[124.983555395297842,10.842446078602016],[124.983557182390982,10.842717237979279],[124.983558969531472,10.84298839735148],[124.98356075671937,10.843259556718618],[124.98383506223341,10.843257789883673],[124.983836849715402,10.84352894920054],[124.984111155428735,10.843527182076404],[124.984112943204977,10.843798341343089],[124.984387249117717,10.843796573929762],[124.984389037188038,10.844067733146087],[124.98439082530578,10.844338892357349],[124.984392613470945,10.844610051563549],[124.98439440168346,10.844881210764775],[124.984668708535978,10.844879442926633],[124.984943015341074,10.844877674844419],[124.984941226634916,10.844606515733698],[124.98493943797618,10.844335356618004],[124.98493764936488,10.844064197497158],[124.984935860801002,10.843793038371338],[124.98493407228456,10.843521879240456],[124.984932283815454,10.843250720104422],[124.985206589092513,10.84324895204983],[124.9852048004241,10.842977792954031],[124.985203011803037,10.842706633853169],[124.985201223229481,10.842435474747333],[124.984926918692707,10.842437242666211],[124.98492870701952,10.842708401817344],[124.984654402188667,10.842710169537625],[124.984380097310307,10.842711937013924],[124.984378309476952,10.842440777772286],[124.984376521690947,10.842169618525585],[124.984374733952365,10.84189845927391],[124.984100429766869,10.841900226370601],[124.984098642322451,10.841629067068656],[124.984096854925383,10.841357907761559],[124.983822551185924,10.84135967452394],[124.983820764082921,10.841088515166572],[124.983818977027354,10.84081735580423],[124.983817190019209,10.840546196436826],[124.983815403058415,10.840275037064359],[124.983813616144957,10.84000387768674],[124.983811829278835,10.839732718304237],[124.98381004246022,10.839461558916582],[124.983808255688871,10.839190399523865],[124.983806468965042,10.838919240126174],[124.984080770484312,10.838917473770756],[124.984078983561176,10.838646314413211],[124.984077196685362,10.838375155050603],[124.984075409856999,10.838103995682932],[124.984349710588987,10.838102229219334],[124.984347923561302,10.837831069891898],[124.984346136581053,10.83755991055931],[124.984071836342352,10.837561676932403],[124.984070049656083,10.837290517549544],[124.984068263017249,10.837019358161623],[124.984342562762748,10.837017591879036],[124.984340775924693,10.836746432531349],[124.984066476425753,10.836748198768728],[124.984064689881691,10.83647703937077],[124.984062903384952,10.836205879967661],[124.983788604331792,10.836207645870907],[124.983786818129062,10.835936486417527],[124.983785031973738,10.835665326959173],[124.984059330533697,10.835663561146522],[124.984057544179166,10.835392401728313],[124.984055757872071,10.835121242305043],[124.984053971612212,10.834850082876798],[124.984052185399875,10.834578923443402],[124.984050399234889,10.834307764005032],[124.984324696514619,10.834305998174617],[124.984598993747014,10.834304232100575],[124.984597207136332,10.834033072747559],[124.984595420573086,10.833761913389569],[124.984321123833709,10.833763679373195],[124.984319337564358,10.833492519964846],[124.984045041024117,10.833494285659548],[124.984043255048661,10.833223126200927],[124.984041469120555,10.832951966737244],[124.984039683239857,10.832680807268588],[124.984313979040508,10.8326790417096],[124.984312192960701,10.832407882281089],[124.984037897406509,10.832409647794869],[124.983763601804995,10.832411413064932],[124.983761816265542,10.832140253540942],[124.983760030773439,10.831869094011889],[124.983758245328758,10.831597934477774],[124.984032540190867,10.831596169343335],[124.984030754547049,10.831325009849365],[124.984305049115264,10.831323244516508],[124.984579343636142,10.831321478939934],[124.984577557546828,10.831050319531407],[124.984851851773797,10.831048553756414],[124.984850065485347,10.830777394388122],[124.984575771504836,10.830779160117817],[124.984573985510295,10.830508000699165],[124.984848279244417,10.830506235014678],[124.985122572931019,10.830504469086563],[124.985120786491052,10.830233309753353],[124.985119000098322,10.829962150415081],[124.985117213753128,10.829690991071747],[124.984842920805747,10.829692756864237],[124.984841134754348,10.829421597470631],[124.984566842006018,10.829423362974197],[124.984565056248428,10.82915220353032],[124.984839348750299,10.829150438071963],[124.984837562793757,10.828879278668321],[124.984835776884466,10.828608119259528],[124.984561484875357,10.82860988462738],[124.984559699259975,10.828338725168404],[124.98455791369193,10.828067565704366],[124.984556128171306,10.827796406235176],[124.984830419441266,10.827794641003038],[124.984828633721605,10.827523481574172],[124.984826848049465,10.827252322140154],[124.984825062424576,10.826981162701163],[124.984823276847195,10.826710003257109],[124.984821491317163,10.826438843807992],[124.984819705834553,10.826167684353813],[124.984817920399294,10.825896524894571],[124.985092209897331,10.82589475973553],[124.985090424263205,10.825623600316522],[124.985364713467362,10.825621834959239],[124.98536292763427,10.825350675580378],[124.985637216544887,10.825348910024765],[124.985635430512843,10.825077750686226],[124.985909719129651,10.825075984932283],[124.985907932898755,10.82480482563389],[124.986182221221824,10.824803059681795],[124.986180434791976,10.824531900423636],[124.98590614671528,10.824533666330524],[124.985631858591063,10.824535431993873],[124.985357570419509,10.824537197413683],[124.985359356110308,10.824808356807644],[124.985085067645031,10.824810122029213],[124.984810779132332,10.824811887007332],[124.984812564377975,10.825083046486736],[124.984538275571637,10.825084811266525],[124.984540060618329,10.825355970786074],[124.984265771518182,10.825357735367621],[124.984267556365921,10.825628894927405],[124.984269341261083,10.825900054482037],[124.983995051620923,10.825901818910463]]],[[[124.984643674419061,10.84108321428355],[124.984645462262179,10.841354373505204],[124.984919765859445,10.841352606011142],[124.984917977769683,10.841081446834785],[124.984916189727258,10.840810287653365],[124.984641886623379,10.840812055056833],[124.984367583472078,10.840813822216585],[124.984369371021117,10.841084981488422],[124.984643674419061,10.84108321428355]]],[[[124.98468480680323,10.847319875102443],[124.984410497729286,10.847321643347815],[124.984136188608005,10.847323411349027],[124.984134400215723,10.847052252148156],[124.984132611870791,10.846781092942223],[124.984406920498415,10.846779325031427],[124.984681229078632,10.84677755687656],[124.984955537611498,10.846775788477711],[124.985229846096843,10.846774019834879],[124.985504154534766,10.846772250947975],[124.985778462925339,10.846770481817089],[124.98605277126849,10.84676871244222],[124.986327079564219,10.84676694282328],[124.986601387812414,10.846765172960357],[124.9868756960132,10.846763402853362],[124.986873905247265,10.846492244094982],[124.986599597293392,10.84649401415659],[124.986597806821806,10.84622285534785],[124.986323499067254,10.846224625120268],[124.986321708889903,10.845953466261079],[124.986047401334744,10.845955235744217],[124.986045611451658,10.845684076834758],[124.985771304095906,10.845685846028616],[124.985773093732078,10.845957004983372],[124.985498786082061,10.845958773978456],[124.985496996692618,10.845687614978491],[124.985222689241994,10.845689383684295],[124.985220900146814,10.845418224634059],[124.984946592895497,10.845419993050673],[124.984672285596844,10.845421761223303],[124.984397978250769,10.845423529151951],[124.984399766605478,10.8456946883379],[124.984674074198381,10.845692920364044],[124.984948381743862,10.845691152146205],[124.98495017063965,10.845962311236676],[124.984951959582858,10.846233470322083],[124.984677651543734,10.846235238630427],[124.984679440287465,10.846506397755981],[124.984405131954091,10.846508165865639],[124.984403343457174,10.846237006694789],[124.984129035323193,10.846238774515079],[124.98412724712054,10.845967615293958],[124.984125458965224,10.845696456067774],[124.984123670857258,10.845425296836616],[124.984121882796714,10.845154137600307],[124.984396189943396,10.84515236996085],[124.98439440168346,10.844881210764775],[124.984120094783592,10.844882978358935],[124.983845787836302,10.844884745709201],[124.983571480841675,10.844886512815485],[124.983297173799613,10.844888279677697],[124.98329896107235,10.845159439054694],[124.983300748392509,10.845430598426628],[124.983302535759918,10.845701757793499],[124.983576843542451,10.845699990795573],[124.983578631204111,10.845971150112263],[124.983580418913121,10.846242309423801],[124.983582206669553,10.846513468730276],[124.983583994473406,10.846784628031688],[124.98358578232461,10.847055787328127],[124.983860091293835,10.847054019860089],[124.983861879439289,10.847325179106257],[124.983863667632079,10.847596338347362],[124.983865455872305,10.847867497583316],[124.983867244159867,10.848138656814296],[124.98414155406924,10.848136888921353],[124.984415863931076,10.848135120784427],[124.984417652759817,10.848406279919928],[124.984419441635964,10.848677439050277],[124.984421230559462,10.848948598175653],[124.984423019530482,10.849219757295877],[124.984697330332466,10.849217988733958],[124.984699119597735,10.849489147803911],[124.984973430599297,10.849487378952713],[124.984975220158816,10.849758537972395],[124.984977009765856,10.850029696987015],[124.985251321213809,10.85002792780115],[124.985253111115114,10.850299086765499],[124.985527422762544,10.850297317290266],[124.98552563261434,10.850026158371215],[124.985523842513473,10.8497549994471],[124.985522052460126,10.849483840517923],[124.985520262454202,10.849212681583683],[124.985518472495627,10.848941522644381],[124.98551668258456,10.848670363700016],[124.985514892720829,10.848399204750677],[124.985513102904633,10.848128045796187],[124.98551131313576,10.847856886836635],[124.985237003710452,10.847858655904549],[124.985235214235928,10.847587496894725],[124.984960905009928,10.847589265673271],[124.984959115829653,10.847318106613177],[124.98468480680323,10.847319875102443]]],[[[124.985529212958184,10.850568476204344],[124.985803524805206,10.850566706439743],[124.985801734362568,10.850295547571051],[124.985527422762544,10.850297317290266],[124.985529212958184,10.850568476204344]]],[[[124.985812477729738,10.851922500707619],[124.986086790763977,10.851920730472639],[124.986084999837288,10.851649571674468],[124.986083208957922,10.851378412871235],[124.986081418126091,10.851107254062939],[124.986079627341681,10.85083609524958],[124.985805315295266,10.850837865303461],[124.985807105832677,10.851109024162117],[124.985808896417595,10.851380183015621],[124.985810687049948,10.851651341864152],[124.985536374215201,10.851653111809764],[124.985262061333003,10.851654881511216],[124.98526385151888,10.851926040445189],[124.985265641752164,10.8521971993741],[124.985267432032899,10.852468358297948],[124.985541745655908,10.852466588460693],[124.985539955128274,10.852195429582142],[124.985538164647977,10.85192427069844],[124.985812477729738,10.851922500707619]]],[[[124.985274593629896,10.853552993942802],[124.985272803159546,10.853281835039116],[124.985271012736533,10.853010676130456],[124.985269222360955,10.852739517216733],[124.984994908443511,10.852741286855036],[124.984996698572004,10.853012445814056],[124.984998488748005,10.853283604767924],[124.985000278971441,10.853554763716819],[124.985274593629896,10.853552993942802]]],[[[124.986931233295792,10.855169321856447],[124.986656917439802,10.855171093367296],[124.986658709477339,10.855442252009148],[124.986660501562397,10.855713410645937],[124.986934817912484,10.855711639044582],[124.986933025580427,10.855440480453002],[124.986931233295792,10.855169321856447]]],[[[124.986886225717413,10.859426983854966],[124.986611905969426,10.859428756011699],[124.986613698686256,10.859699914586137],[124.986888018681412,10.859698142384197],[124.986886225717413,10.859426983854966]]],[[[124.986615491450493,10.859971073155602],[124.986341171160731,10.859972845158502],[124.986342963725306,10.860244003768113],[124.986617284262266,10.860242231719916],[124.986615491450493,10.859971073155602]]],[[[124.987730712275791,10.862675566304411],[124.987732506551097,10.86294672463691],[124.988006829322615,10.862944950913963],[124.988281152046611,10.86294317694659],[124.988279357276866,10.862672018704686],[124.988553679706257,10.862670244538272],[124.988551884736836,10.862399086336602],[124.988550089814851,10.862127928129869],[124.988275767879998,10.862129702205689],[124.988273973252703,10.861858543948596],[124.988272178673014,10.861587385686441],[124.988270384140762,10.861316227419223],[124.988268589656116,10.861045069146943],[124.987994268662547,10.861046842797059],[124.98799606290001,10.861318001114725],[124.987997857185093,10.86158915942724],[124.987999651517597,10.861860317734692],[124.988001445897623,10.862131476037082],[124.987727123867728,10.862133249624137],[124.987728918047992,10.862404407966849],[124.987730712275791,10.862675566304411]]],[[[124.986638801705197,10.863496134097147],[124.986913125161152,10.863494361261225],[124.986911331532625,10.863223202802871],[124.986909537951604,10.862952044339544],[124.986907744418019,10.862680885871065],[124.986633421703786,10.862682658571273],[124.986631628464892,10.862411500052435],[124.986629835273433,10.862140341528622],[124.986355513006131,10.86214211389381],[124.986353720109364,10.861870955319638],[124.986351927260117,10.861599796740315],[124.986350134458206,10.861328638156017],[124.986348341703817,10.861057479566657],[124.986346548996863,10.860786320972235],[124.986072227918115,10.860788092866688],[124.985797906791944,10.860789864516804],[124.98579611462678,10.860518705826724],[124.985794322509122,10.860247547131582],[124.9857925304389,10.859976388431466],[124.985790738416014,10.859705229726199],[124.985788946440636,10.859434071015869],[124.986063266331001,10.85943229959215],[124.986061474155974,10.859161140922055],[124.986059682028284,10.858889982246897],[124.9860578899481,10.858618823566676],[124.986332209049579,10.858617052034422],[124.986330416769746,10.858345893394436],[124.986329162202097,10.858156082343381],[124.986402313842405,10.858155609914085],[124.986401776157919,10.858074262323644],[124.986602943097125,10.858072963063389],[124.986601688389754,10.857883152040579],[124.986674839951547,10.85788267955817],[124.98667430220712,10.857801331979807],[124.986875468930307,10.857800032573536],[124.986873676298572,10.857528874008956],[124.987147994269321,10.857527101924966],[124.98742231219245,10.857525329596815],[124.987420519114053,10.857254171117678],[124.987694836742662,10.857252398590575],[124.987969154323849,10.857250625819134],[124.987970947896514,10.857521784207588],[124.988245265677179,10.857520011146601],[124.988519583410508,10.857518237841276],[124.988517789343661,10.857247079543505],[124.988243471857515,10.857248852803444],[124.988241678085274,10.856977694455225],[124.988239884360553,10.856706536101942],[124.988514201352515,10.856704762932598],[124.988512407428217,10.85643360461955],[124.988510613551341,10.856162446301528],[124.988508819722085,10.855891287978356],[124.988783135925345,10.855889514700831],[124.988781341896512,10.855618356417981],[124.989055657805253,10.855616582941504],[124.989053863576842,10.855345424698889],[124.989328179190977,10.855343651023549],[124.989326923086423,10.855153840282469],[124.989326384763089,10.855072492821257],[124.989600700082605,10.855070718947054],[124.989598905455225,10.854799560785086],[124.98959711087528,10.854528402617966],[124.989322796049763,10.854530176401486],[124.989048481176724,10.854531949940757],[124.989050275262571,10.85480310819856],[124.988849110810989,10.854804408672067],[124.988775960095012,10.854804881538968],[124.988777753981296,10.855076039837005],[124.988503438519132,10.855077812978639],[124.988505232206023,10.855348971316911],[124.988230916449339,10.855350744259592],[124.988232709936554,10.855621902638187],[124.988234503471304,10.85589306101172],[124.987960187173002,10.855894833800836],[124.987961980508175,10.856165992214603],[124.987687663915352,10.856167764804766],[124.987413347275023,10.85616953715077],[124.987139030587258,10.856171309252435],[124.986864713852057,10.85617308110994],[124.986590397069264,10.856174852723196],[124.986389231398476,10.856176151751015],[124.986387977050384,10.855986340680154],[124.986386185164989,10.855715182003131],[124.986384393326929,10.855444023321045],[124.986382601536391,10.855172864633897],[124.986108285585459,10.855174635656248],[124.986106494089441,10.854903476918828],[124.985832178338171,10.854905247651722],[124.98555786253938,10.854907018140455],[124.985556071584796,10.854635859307379],[124.985554280677732,10.85436470046924],[124.985552489818005,10.854093541626039],[124.985550699005799,10.853822382777864],[124.985276384147767,10.853824152841337],[124.985278174712974,10.85409531173481],[124.985003859560507,10.854097081599331],[124.985005649926151,10.854368240533038],[124.985007440339203,10.854639399461682],[124.984733124645231,10.854641169172549],[124.98473491485872,10.854912328141339],[124.985009230799704,10.854910558385264],[124.985011021307614,10.855181717303783],[124.985285337448175,10.85517994725825],[124.985287128250619,10.855451106126409],[124.985561444590843,10.85544933579142],[124.985563235687621,10.855720494609308],[124.985837552227508,10.855718723984772],[124.985839343618892,10.85598988275239],[124.986113660358356,10.855988111838396],[124.98611545204426,10.856259270555565],[124.986117243777514,10.85653042926776],[124.986118498019025,10.856720240363224],[124.986045346715258,10.856720712663467],[124.986045884234699,10.856802060278689],[124.985844718077544,10.856803359024688],[124.985846509658657,10.857074517771967],[124.985847763793672,10.857264328892121],[124.985774612345395,10.857264801151331],[124.98577640394133,10.857535959902073],[124.985849555455431,10.857535487630784],[124.985850092963247,10.857616835251424],[124.985851884686639,10.857887993983603],[124.986053051568632,10.857886695104821],[124.98605430593004,10.858076506191047],[124.985779987275322,10.858078277388547],[124.98578177901355,10.858349436124101],[124.985507460064298,10.85835120712256],[124.985509251602778,10.858622365898349],[124.985234932358921,10.858624136697678],[124.985236723697724,10.858895295513701],[124.984962404159361,10.858897066114078],[124.984964195298417,10.859168224970247],[124.984965986484909,10.859439383821353],[124.985240306517639,10.859437613130471],[124.98524209799865,10.859708771931306],[124.985243889527169,10.859979930727079],[124.984969569000256,10.859981701508378],[124.984971360329027,10.860252860344385],[124.984973151705233,10.860524019175241],[124.984974943128776,10.860795178001034],[124.98497673459984,10.861066336821764],[124.984978526118326,10.861337495637521],[124.985252847881142,10.861335724629914],[124.985254639694233,10.861606883395311],[124.98525643155476,10.861878042155556],[124.985530753764607,10.861876270813106],[124.985532545919739,10.862147429523169],[124.985534338122307,10.862418588228081],[124.985536130372296,10.862689746927931],[124.985537922669721,10.862960905622717],[124.985263599471068,10.862962677146268],[124.985265287128101,10.863218033176063],[124.986640013297148,10.863679321438504],[124.986638801705197,10.863496134097147]]],[[[124.999980435351588,10.795970009367725],[124.999982229328921,10.796241166838691],[125.000256489351514,10.796239393010762],[125.000254695128618,10.795968235585359],[124.999980435351588,10.795970009367725]]],[[[125.000258283622202,10.796510550431101],[124.999984023353932,10.796512324304594],[124.99970976303797,10.796514097935169],[124.999711556865094,10.796785255441662],[124.999985817426733,10.796783481765523],[125.000260077940595,10.796781707846467],[125.000258283622202,10.796510550431101]]],[[[125.000898400206921,10.810336019059882],[125.000896603008982,10.810064861987797],[125.000622330547074,10.810066638626811],[125.000624127499094,10.810337795744548],[125.000898400206921,10.810336019059882]]],[[[125.000629518641645,10.811151267067206],[125.000627721546365,10.810880109964657],[125.000901994746073,10.810878333188864],[125.000900197452651,10.810607176126904],[125.000625924498792,10.810608952857134],[125.000624127499094,10.810337795744548],[125.000349854743476,10.810339572185942],[125.000075581940067,10.810341348384242],[124.999801309088966,10.810343124339358],[124.999803105350864,10.810614281588634],[124.999804901660539,10.810885438833026],[124.99980669801792,10.811156596072355],[125.00008097160692,10.811154819980459],[125.000355245148128,10.811153043645469],[125.000357042045152,10.811424200788519],[125.000631315784617,10.811422424164693],[125.000905589476375,10.811420647297684],[125.000903792087371,10.81114949024585],[125.000629518641645,10.811151267067206]]]]}},
{"type":"Feature","properties":{"fid":110,"HAZ":2.0,"layer":"Leyte_StormSurge_SSA4","path":"/Users/jhannaroseverzo/Downloads/Leyte/Leyte_StormSurge_SSA4.shp","Risk Level":"Medium","fid_2":342,"SYSTRA ID":"342","DAR ID":"262","Target Year":"2029","Bridge Category":"Original List","Bridge Name":"ROMUALDEZ BRIDGE","Coordinates Y":"10.8206227","Coordinates X":"125.00053","Region":"VIII","Province":"LEYTE","ARC 2026":"Macarthur ARC","LINEAR METER IVF 2026":"44","EIRR 2026":"0.75","NEW/REPLACEMENT BRIDGE 2026":"new","Visited by SYSTRA":"No","Selected for 2nd Visit of SYSTRA":"No","Final Funder":"No Funder","2023 IVF URL":"https://drive.google.com/open?id=11-Qmtr9ctxa6Pi8HKK4Gck0DPIb5Uh2r","2026 IVF URL":"https://drive.google.com/open?id=11-Qmtr9ctxa6Pi8HKK4Gck0DPIb5Uh2r"},"geometry":{"type":"MultiPolygon","coordinates":[[[[124.987133862338851,10.777649337289738],[124.987135641700661,10.777920497210211],[124.987409887276954,10.777918737724232],[124.987411666931422,10.778189897594434],[124.987685912705416,10.778188137820774],[124.987687692652457,10.778459297640616],[124.98768947264692,10.778730457455485],[124.987963718863938,10.778728697348757],[124.988237965033534,10.778726936999647],[124.988512211155623,10.778725176408063],[124.988786457230262,10.778723415574007],[124.98878823825298,10.778994575202535],[124.988513991933189,10.778996336081889],[124.988515772758191,10.779267495750741],[124.988517553630615,10.779538655414619],[124.988519334550475,10.779809815073435],[124.988245087447581,10.779811575846296],[124.988243306772858,10.779540416142183],[124.987969059867666,10.779542176627274],[124.987694812915052,10.779543936869803],[124.987420565914931,10.779545696869949],[124.987418786023397,10.779274537024882],[124.987144539221063,10.779276296737258],[124.98714631886746,10.779547456627622],[124.987148098561264,10.779818616512923],[124.987149878302517,10.78008977639325],[124.987151658091094,10.780360936268515],[124.987425905874332,10.780359176374951],[124.987700153610049,10.780357416238914],[124.987974401298345,10.780355655860404],[124.987976181870124,10.780626815594804],[124.987977962489339,10.780897975324141],[124.988252210620743,10.780896214612476],[124.988250429756306,10.780625054928525],[124.988524677594881,10.780623294019684],[124.988522896532643,10.780352134375967],[124.988521115517841,10.780080974727188],[124.988795362818536,10.780079213666557],[124.989069610071795,10.780077452363454],[124.989067828614054,10.779806292800295],[124.989342075574584,10.779804531300016],[124.989616322487663,10.779802769557264],[124.989890569353236,10.77980100757204],[124.989888787207249,10.779529848139887],[124.990163033780178,10.779528085957576],[124.99016125143639,10.779256926565747],[124.990435497716646,10.77925516418626],[124.99070974394931,10.779253401564389],[124.990707961162684,10.778982242258181],[124.99098220710259,10.778980479439223],[124.990980424118248,10.778709320173427],[124.990978641181428,10.778438160902567],[124.990976858292129,10.778167001626734],[124.990702613087805,10.778168764309623],[124.990700830491164,10.777897604983341],[124.990699047942115,10.777626445652086],[124.990697265440502,10.777355286315856],[124.990423020924169,10.777357048620203],[124.990148776360215,10.777358810682166],[124.989874531748924,10.777360572501745],[124.989600287090042,10.777362334078852],[124.989598505616584,10.777091174556105],[124.989324261155389,10.777092935845442],[124.989322479974589,10.776821776272424],[124.989286594074201,10.776822006706148],[124.987835287391533,10.777206428602458],[124.987132371831834,10.777422190376248],[124.987133862338851,10.777649337289738]],[[124.989055359738529,10.777908175717585],[124.988781114446894,10.777909936658133],[124.988779333613991,10.777638777009443],[124.989053578660489,10.777637016114191],[124.989327823659465,10.777635254976644],[124.989602068610921,10.777633493596536],[124.989603850179321,10.777904653109246],[124.989329604982643,10.777906414534652],[124.989055359738529,10.777908175717585]],[[124.989060703257493,10.778721654497478],[124.98933494923719,10.778719893178565],[124.989336730750352,10.77899105271641],[124.989062484525419,10.778992814080709],[124.989060703257493,10.778721654497478]],[[124.989610976927764,10.778989291109728],[124.98988522305774,10.778987529260483],[124.989887005108784,10.779258688702761],[124.989612758733571,10.779260450597214],[124.989338512310937,10.779262212249282],[124.989336730750352,10.77899105271641],[124.989610976927764,10.778989291109728]]],[[[124.991268936932428,10.780876830779892],[124.990994689323358,10.780878594159024],[124.990720441666866,10.780880357295594],[124.990722224786026,10.781151516566542],[124.99099647268784,10.781149753384586],[124.991270720542133,10.781147989960068],[124.991268936932428,10.780876830779892]]],[[[124.988528239861807,10.781165613292018],[124.988802488143492,10.78116385205011],[124.988800706741088,10.780892692461816],[124.988526458704627,10.780894453658426],[124.988252210620743,10.780896214612476],[124.988253991532687,10.781167374291453],[124.988528239861807,10.781165613292018]]],[[[125.00333757898926,10.781070159207914],[125.003339373437669,10.781341316380363],[125.003341167933868,10.781612473547749],[125.003615414133662,10.781610699119501],[125.003613619392141,10.781339541997767],[125.003611824698424,10.78106838487097],[125.00333757898926,10.781070159207914]]],[[[124.992369496122251,10.781412092830841],[124.992095248212806,10.781413857270724],[124.992097032653405,10.781685016304706],[124.992371280808072,10.781683251819349],[124.992369496122251,10.781412092830841]]],[[[124.991824568694,10.781957939621719],[124.991550320198982,10.781959703667429],[124.991552104244064,10.782230862782058],[124.991826352984404,10.782229098691051],[124.991824568694,10.781957939621719]]],[[[124.990731141094784,10.782507312845787],[124.990456891919152,10.782509076012111],[124.990458675078102,10.782780235298247],[124.990732924499056,10.782778472086537],[124.990731141094784,10.782507312845787]]],[[[124.989363459144514,10.783058445181823],[124.989365241417332,10.783329604639288],[124.989639491518901,10.783327842307141],[124.98963770900076,10.783056682895062],[124.989363459144514,10.783058445181823]]],[[[124.988818522901454,10.783604288119072],[124.988544272412113,10.783606049768832],[124.988546054043937,10.783877209352241],[124.9888203047785,10.783875447657095],[124.988818522901454,10.783604288119072]]],[[[124.988271803261853,10.783878970804825],[124.988273584695776,10.784150130428468],[124.988547835723182,10.784148368930587],[124.988546054043937,10.783877209352241],[124.988271803261853,10.783878970804825]]],[[[125.001986077797667,10.784061758385452],[125.001987871545396,10.78433291573074],[125.002262120437081,10.784331142058775],[125.002260326444045,10.784059984759139],[125.001986077797667,10.784061758385452]]],[[[124.988001114856999,10.784423051347666],[124.988275366177149,10.784421290047138],[124.988273584695776,10.784150130428468],[124.987999333620948,10.784151891683788],[124.988001114856999,10.784423051347666]]],[[[125.001442960276222,10.784878777204895],[125.001441166923655,10.784607619778427],[125.001439373618766,10.784336462346985],[125.001437580361667,10.784065304910481],[125.001435787152261,10.783794147468914],[125.001161538607946,10.783795920321889],[125.001163331571945,10.784067077809109],[125.000889082734531,10.784068850465175],[125.000614833849326,10.78407062287868],[125.000616626370487,10.784341780451964],[125.000618418939325,10.784612938020274],[125.000620211555969,10.78488409558361],[125.000622004220375,10.785155253141795],[125.00089625408684,10.785153480545858],[125.001170503905612,10.785151707707449],[125.00144475367668,10.7851499346263],[125.001442960276222,10.784878777204895]]],[[[124.987737550429827,10.786051770555613],[124.987735769154526,10.785780610876547],[124.987733987926561,10.785509451192418],[124.987732206746117,10.785238291503315],[124.987457954594987,10.785240052454611],[124.987459735530123,10.7855112121891],[124.987461516512681,10.785782371918437],[124.987463297542675,10.7860535316428],[124.987737550429827,10.786051770555613]]],[[[125.00089984004957,10.785695795556091],[125.000901633102558,10.785966953053613],[125.000903426203337,10.786238110546073],[125.00117767700354,10.786236337525231],[125.001175883657368,10.785965180078335],[125.001450134164472,10.785963406860407],[125.001724384623785,10.785961633399918],[125.001726178460601,10.786232790755598],[125.002000429117444,10.786231017006806],[125.001998635035321,10.785959859696778],[125.001996841000803,10.785688702381687],[125.001995047014148,10.785417545061623],[125.001720797093427,10.785419318673458],[125.001446547124829,10.785421092042732],[125.001448340620755,10.785692249454101],[125.001174090359058,10.785694022626377],[125.00089984004957,10.785695795556091]]],[[[125.000629175355357,10.786239883324352],[125.00063096825852,10.786511040857402],[125.000905219351822,10.786509268033559],[125.000903426203337,10.786238110546073],[125.000629175355357,10.786239883324352]]],[[[124.988571001872359,10.787673442991593],[124.988572784216046,10.787944602499508],[124.988847038631135,10.787942840124551],[124.98884525604204,10.787671680661933],[124.988571001872359,10.787673442991593]]],[[[124.989121292998888,10.787941077506943],[124.988847038631135,10.787942840124551],[124.988848821267752,10.788213999582105],[124.989123075880912,10.7882122369192],[124.98939733044655,10.788210474013646],[124.98939554731912,10.787939314646685],[124.989121292998888,10.787941077506943]]],[[[124.989671584964753,10.788208710865351],[124.98939733044655,10.788210474013646],[124.989399113621488,10.788481633375543],[124.989673368385098,10.788479870181952],[124.989671584964753,10.788208710865351]]],[[[124.989949406814461,10.788749266011862],[124.989947623101187,10.788478106745622],[124.989673368385098,10.788479870181952],[124.989675151852865,10.78875102949349],[124.989949406814461,10.788749266011862]]],[[[124.990497916595075,10.788745738320568],[124.990499700846755,10.789016897490974],[124.990773955911195,10.789015133235921],[124.990772171414108,10.788743974110901],[124.990497916595075,10.788745738320568]]],[[[125.00201657800767,10.788671432570837],[125.002014783495397,10.788400275306106],[125.001740530875409,10.788402049419762],[125.001466278207545,10.788403823290768],[125.001192025491903,10.788405596919212],[125.000917772728471,10.788407370304917],[125.000915979245676,10.788136212852692],[125.001190231763616,10.78813443951255],[125.001188438083219,10.787863282100915],[125.001462690307974,10.787861508563775],[125.001736942485024,10.787859734783897],[125.001735148361504,10.787588577458504],[125.001733354285776,10.787317420127959],[125.001459102599526,10.787319193816533],[125.001184850865585,10.787320967262456],[125.001183057328447,10.787049809835722],[125.001181263839001,10.786778652403925],[125.000907012548069,10.786780425515982],[125.000908805792022,10.787051582993431],[125.000634554208006,10.78705335590849],[125.000636347254343,10.787324513426441],[125.000362095377128,10.787326286144413],[125.000363888225849,10.787597443702953],[125.000638140348457,10.787595670939329],[125.000639933490362,10.787866828447243],[125.000641726679959,10.788137985950094],[125.000367474066536,10.788139758804846],[125.000365681122346,10.787868601256431],[125.000091428706455,10.787870373822969],[125.000089636055449,10.787599216223928],[124.999815383837358,10.787600988502252],[124.999813591479366,10.787329830852585],[124.999539339458977,10.787331602842606],[124.999374788223761,10.787332665920232],[124.999265087390725,10.787333374590066],[124.999266640339513,10.787568377965759],[124.999266879257831,10.787604532330949],[124.999102327846757,10.78760559529027],[124.998992626896566,10.787606303881322],[124.998994179673929,10.787841307292098],[124.998994418565957,10.787877461662617],[124.998996210283124,10.788148619438939],[124.998998002047912,10.788419777210198],[124.99927225514547,10.788418005523134],[124.999274047203528,10.788689163243856],[124.999548300498802,10.788687391268578],[124.999550092849873,10.788958548938584],[124.999824346342848,10.788956776675093],[125.000098599788146,10.788955004168862],[125.000372853185638,10.788953231419981],[125.000374646320793,10.789224388948323],[125.000648899916001,10.789222615911228],[125.00065069334444,10.789493773388855],[125.000924947137264,10.789492000063458],[125.001199200882397,10.789490226495321],[125.001200994849512,10.789761383876758],[125.001202788864219,10.790032541253222],[125.001204582926817,10.790303698624534],[125.001206377037178,10.790574855990961],[125.000932122310161,10.790576629741441],[125.000657867535452,10.79057840324927],[125.000656073916062,10.790307245791716],[125.000654280344463,10.790036088329099],[125.000380026012863,10.790037861503063],[125.000381819339069,10.790309019011243],[125.00010756471427,10.790310791988031],[125.000109357842675,10.790581949536712],[125.000111151018857,10.790853107080419],[125.00038540613464,10.790851334012505],[125.000387199604006,10.791122491505497],[125.000661454917491,10.79112071814928],[125.000935710183185,10.791118944550234],[125.000937504191327,10.791390101947126],[125.001211759654822,10.791388328059778],[125.001213553956248,10.791659485405955],[125.001487809617444,10.791657711230304],[125.00148601507054,10.791386553929691],[125.001484220571413,10.791115396624015],[125.001758475693748,10.791113622296841],[125.00175668099692,10.790842465031844],[125.00203093582607,10.790840690507494],[125.002029140931526,10.790569533283087],[125.002027346084773,10.790298376053528],[125.002025551285797,10.790027218818995],[125.002023756534598,10.789756061579489],[125.00202196183119,10.789484904334831],[125.002020167175573,10.789213747085199],[125.002018372567733,10.788942589830505],[125.00201657800767,10.788671432570837]]],[[[124.994065012976719,10.788993943246247],[124.994066800466697,10.789265101821485],[124.994068588004282,10.789536260391571],[124.99434284294145,10.789534492890759],[124.994617097830996,10.789532725147296],[124.994615309802526,10.78926156666807],[124.994889564398974,10.789259798727343],[124.994887776172703,10.78898864028853],[124.994613521821648,10.788990408183782],[124.994339267422987,10.788992175836384],[124.994065012976719,10.788993943246247]]],[[[124.998189572414631,10.790594353897362],[124.998191363872451,10.790865511760014],[124.997917108374935,10.790867282886193],[124.997918899634968,10.791138440789258],[124.998193155377976,10.791136669617515],[124.998194946931193,10.791407827470042],[124.998469202871902,10.791406056010086],[124.998467411073193,10.791134898203122],[124.998465619322275,10.790863740391096],[124.998463827618949,10.790592582574007],[124.998189572414631,10.790594353897362]]],[[[124.99957519077725,10.792754755791009],[124.999300933799773,10.792756528449829],[124.99930272662121,10.793027686089903],[124.999304519490536,10.793298843725005],[124.999030261974198,10.793300616232123],[124.999032054645625,10.793571773907725],[124.999306312407455,10.793570001355043],[124.999308105372165,10.793841158980019],[124.999582363331797,10.793839386139034],[124.999856621243737,10.793837613055221],[124.999854827787956,10.793566455521372],[125.000129085406527,10.793564682240294],[125.000403342977407,10.793562908716478],[125.00067760050058,10.793561134949922],[125.000951857975977,10.793559360940538],[125.000950063585748,10.79328820358397],[125.000948269243196,10.793017046222339],[125.000946474948535,10.792745888855734],[125.000672218209786,10.792747662728338],[125.000397961423261,10.792749436358203],[125.000123704588958,10.792751209745241],[124.99984944770695,10.792752982889539],[124.99957519077725,10.792754755791009]]],[[[124.986417927549965,10.793924208636593],[124.986692187745504,10.793922447207013],[124.986966447893693,10.793920685534516],[124.986964665979073,10.793649525865487],[124.986690406076463,10.793651287492686],[124.986416146126516,10.793653048876969],[124.986141886129047,10.793654810018602],[124.986143667306919,10.793925969823434],[124.986417927549965,10.793924208636593]]],[[[124.985871187996253,10.794198890612513],[124.986145448532227,10.794197129623292],[124.986143667306919,10.793925969823434],[124.985869407016537,10.793927730767447],[124.985871187996253,10.794198890612513]]],[[[124.998490708177172,10.794659949301163],[124.998216449289927,10.794661721307705],[124.998218241463178,10.794932879094773],[124.99822003368422,10.795204036876779],[124.998494293062535,10.795202264779199],[124.998768552393258,10.795200492438791],[124.999042811676176,10.795198719855556],[124.999041018718486,10.794927562210152],[124.999039225808488,10.794656404559774],[124.998764967016641,10.794658177051883],[124.998490708177172,10.794659949301163]]],[[[125.000254695128618,10.795968235585359],[125.000252900953498,10.795697078154983],[124.999978641422061,10.795698851891697],[124.999980435351588,10.795970009367725],[125.000254695128618,10.795968235585359]]],[[[124.999706175526882,10.795971782907174],[124.999707969258523,10.796242940423703],[124.999982229328921,10.796241166838691],[124.999980435351588,10.795970009367725],[124.999706175526882,10.795971782907174]]],[[[124.999985817426733,10.796783481765523],[124.999711556865094,10.796785255441662],[124.999713350740009,10.797056412943093],[124.999987611547226,10.79705463922139],[125.000261872306751,10.797052865256681],[125.000260077940595,10.796781707846467],[124.999985817426733,10.796783481765523]]],[[[124.983531878847373,10.797160632649824],[124.983806142459812,10.797158873257459],[124.983804362831719,10.796887713123201],[124.983530099465042,10.796889472470447],[124.98325583605093,10.796891231574776],[124.983257615187682,10.797162391799361],[124.983259394371672,10.797433552018884],[124.98353365827704,10.797431792824138],[124.983531878847373,10.797160632649824]]],[[[124.982985130418967,10.797435310970712],[124.982710866418927,10.797437069679713],[124.982712645159012,10.79770822998459],[124.98298690940473,10.79770647123047],[124.982985130418967,10.797435310970712]]],[[[124.983262952881788,10.797975872442919],[124.9832647322079,10.798247032647343],[124.983538996850271,10.798245273317061],[124.983537217278496,10.797974113157757],[124.983262952881788,10.797975872442919]]],[[[124.99043310846092,10.803895549523265],[124.990431321749696,10.803624390601904],[124.990429535085994,10.80335323167548],[124.990427748469813,10.803082072743994],[124.990153480590109,10.803083838963254],[124.990151694267198,10.802812679981407],[124.98987742658575,10.802814445912276],[124.989879212662899,10.803085604939508],[124.989604944688168,10.803087370672756],[124.98960673056699,10.803358529740311],[124.989608516493234,10.803629688802804],[124.989610302467099,10.803900847860234],[124.989336033707488,10.803902613486546],[124.989337819482927,10.804173772584299],[124.989339605305972,10.80444493167699],[124.989613874557193,10.804443165960084],[124.989615660673508,10.804714325002326],[124.989889930123056,10.804712558997029],[124.989888143760979,10.804441400000083],[124.990162412917172,10.804439633796989],[124.99043668202593,10.804437867350977],[124.990434895219664,10.804166708439652],[124.99043310846092,10.803895549523265]]],[[[124.990723461782309,10.806334212582399],[124.990449191000224,10.806335979589029],[124.99045097818663,10.806607138460031],[124.990452765420542,10.806878297325969],[124.990727036694324,10.806876530228568],[124.990725249214563,10.806605371408015],[124.990723461782309,10.806334212582399]]],[[[125.00116907802699,10.809791928074194],[125.001167280678587,10.809520771037636],[125.00089300875635,10.809522547828529],[125.000891211701756,10.809251390741345],[125.000616939977661,10.809253167243579],[125.000342668205889,10.80925494350263],[125.000068396386226,10.809256719518586],[124.999794124518871,10.80925849529136],[124.999519852603825,10.80926027082095],[124.99952164842874,10.809531428136129],[124.999247376220069,10.809533203468188],[124.998973103963507,10.809534978557064],[124.998974899344333,10.809806135958308],[124.998700626794246,10.809807910849564],[124.998702421976816,10.810079068291309],[124.998428149133005,10.810080842985034],[124.998429944117433,10.81035200046728],[124.998431739149467,10.810623157944374],[124.998157465766084,10.810624932486043],[124.998159260599877,10.810896090003727],[124.998161055481461,10.811167247516348],[124.998162850410722,10.811438405023996],[124.998437124532003,10.811436630345725],[124.998438919755003,10.811707787802746],[124.998440715025694,10.811978945254705],[124.998714989591321,10.811977170242123],[124.998989264109184,10.811975394986447],[124.998991059919518,10.812246552342216],[124.999265334635709,10.812244776797705],[124.999539609304108,10.81224300101001],[124.999813883924816,10.812241224979044],[125.000088158497817,10.812239448704894],[125.000086361703367,10.811968291531379],[125.000360635982659,10.81196651505952],[125.000634910214075,10.811964738344567],[125.000909184397713,10.811962961386342],[125.000907386913141,10.811691804344544],[125.001181660803056,10.811690027188789],[125.001179863120342,10.811418870187492],[125.00117806548532,10.811147713181221],[125.001176267898089,10.810876556169887],[125.001174470358634,10.810605399153491],[125.001172672866971,10.810334242132122],[125.001446945479245,10.810332464961178],[125.001445147789426,10.810061307980309],[125.001443350147298,10.809790150994466],[125.00116907802699,10.809791928074194]],[[125.000349854743476,10.810339572185942],[125.000624127499094,10.810337795744548],[125.000625924498792,10.810608952857134],[125.000900197452651,10.810607176126904],[125.000901994746073,10.810878333188864],[125.000903792087371,10.81114949024585],[125.000905589476375,10.811420647297684],[125.000631315784617,10.811422424164693],[125.000357042045152,10.811424200788519],[125.000355245148128,10.811153043645469],[125.00008097160692,10.811154819980459],[124.99980669801792,10.811156596072355],[124.999804901660539,10.810885438833026],[124.999803105350864,10.810614281588634],[124.999801309088966,10.810343124339358],[125.000075581940067,10.810341348384242],[125.000349854743476,10.810339572185942]],[[125.000622330547074,10.810066638626811],[125.000896603008982,10.810064861987797],[125.000898400206921,10.810336019059882],[125.000624127499094,10.810337795744548],[125.000622330547074,10.810066638626811]]],[[[125.001999087067333,10.810871223653859],[125.001724814058676,10.810873001402385],[125.001726612137873,10.811144158322502],[125.001728410264761,10.811415315237557],[125.002002683765383,10.811413537397726],[125.002004482186081,10.811684694262155],[125.002278755884859,10.811682916133488],[125.002276957218129,10.811411759314801],[125.002551230623098,10.811409980988604],[125.002549431758226,10.811138824210417],[125.002823704869371,10.811137045686777],[125.002821905806428,10.810865888949181],[125.002820106791191,10.810594732206521],[125.002818307823816,10.810323575458888],[125.002816508904218,10.810052418706192],[125.002542236776804,10.810054197047311],[125.0022679646017,10.810055975145335],[125.002269763029332,10.810327131989336],[125.001995490560418,10.810328909889741],[125.00199728878998,10.810600066774331],[125.001999087067333,10.810871223653859]]],[[[125.001208631778283,10.815757381601795],[125.000934354197824,10.815759159441715],[125.000936152399049,10.81603031640784],[125.00093795064798,10.816301473368902],[125.000939748944688,10.816572630324902],[125.000941547289187,10.81684378727584],[125.000943345681463,10.817114944221803],[125.001217624492412,10.817113166153888],[125.001219423178597,10.817384323049136],[125.001493702187787,10.817382544692297],[125.001495501167952,10.81765370153683],[125.001497300195808,10.81792485837639],[125.001771579649542,10.817923079684974],[125.001769780375483,10.817651922891066],[125.001767981149285,10.817380766092096],[125.001766181970879,10.817109609288064],[125.001764382840349,10.816838452478969],[125.001762583757426,10.816567295664811],[125.002036861932879,10.816565516958207],[125.002035062651714,10.816294360184639],[125.002033263418411,10.816023203406008],[125.002031464232815,10.815752046622404],[125.002029665095179,10.815480889833736],[125.001755387904169,10.81548266835782],[125.001481110665381,10.81548444663872],[125.00148290931088,10.815755603518603],[125.001208631778283,10.815757381601795]]],[[[124.999613298807233,10.823360444517135],[124.99961509711477,10.823631601569858],[124.999616895470197,10.823902758617429],[124.999618693873217,10.824173915660026],[124.999892979324287,10.824172137623819],[125.000167264727565,10.824170359343984],[125.000441550082968,10.8241685808207],[125.000715835390679,10.824166802053966],[125.000990120650698,10.824165023043694],[125.001264405862841,10.824163243789972],[125.001538691027193,10.824161464292711],[125.001812976143768,10.824159684552001],[125.001811175770413,10.823888527874267],[125.002085460592909,10.823886747935671],[125.002083660021043,10.823615591298438],[125.002081859497039,10.823344434656143],[125.002080059020827,10.823073278008874],[125.002078258592405,10.822802121356453],[125.001803974754893,10.822803901112529],[125.001529690869688,10.822805680625155],[125.001527890981635,10.822534523876456],[125.001253607294842,10.82253630309998],[125.001255406936707,10.822807459894243],[125.000981122955835,10.822809238919969],[125.000706838927286,10.822811017702247],[125.000432554850946,10.822812796240985],[125.000434353801793,10.823083953167053],[125.000160069431388,10.823085731507906],[124.999885785013277,10.823087509605397],[124.999887583519325,10.82335866661753],[124.999613298807233,10.823360444517135]]],[[[124.994984547844624,10.82854262939977],[124.994710257593667,10.828544403780768],[124.994435967295004,10.828546177918049],[124.994437761828337,10.828817335739579],[124.994712052373359,10.828815561556823],[124.994713847200671,10.829086719327815],[124.994988137944475,10.829084944855957],[124.994986342870789,10.828813787130439],[124.995260633320527,10.828812012460428],[124.995258838047974,10.828540854775323],[124.994984547844624,10.82854262939977]]],[[[124.989780186599901,10.829660935326121],[124.989505894459342,10.829662705260098],[124.989507684747437,10.829933863878679],[124.989509475083054,10.830205022492198],[124.989783767716546,10.830203252467538],[124.98978197713447,10.829932093899316],[124.989780186599901,10.829660935326121]]],[[[125.002684479313587,10.831475568563572],[125.002958770890942,10.831473786616449],[125.002956968241094,10.831202630257572],[125.002955165639023,10.83093147389372],[125.002680874554514,10.830933255749539],[125.002682676910112,10.831204412159131],[125.002408385531339,10.831206193816975],[125.002410187688341,10.831477350267068],[125.002684479313587,10.831475568563572]]],[[[124.993632830467206,10.831534236127446],[124.993634624785059,10.8318053940298],[124.993360331338707,10.831807167738003],[124.993362125457693,10.83207832568068],[124.993363919624201,10.832349483618383],[124.993365713838401,10.832620641550935],[124.993367508100206,10.832891799478514],[124.993369302409519,10.833162957401029],[124.993095007683124,10.833164731092712],[124.993096801793584,10.833435889055551],[124.993098595951651,10.833707047013416],[124.993372891171077,10.833705273230873],[124.993374685623309,10.833976431138201],[124.993376480123061,10.834247589040555],[124.993378274670505,10.834518746937757],[124.99338006926547,10.834789904829986],[124.993654365423424,10.834788130622005],[124.993928661533786,10.83478635617022],[124.993930456669474,10.835057513966436],[124.993932251852769,10.835328671757679],[124.994206548408627,10.835326896971317],[124.994208343886172,10.835598054712023],[124.994210139411237,10.835869212447665],[124.994211934984079,10.836140370178246],[124.994213730604443,10.836411527903763],[124.994215526272512,10.836682685624307],[124.994489824013556,10.836680910366855],[124.99449161997579,10.836952068036862],[124.994493415985701,10.837223225701717],[124.994495212043233,10.837494383361598],[124.994497008148358,10.837765541016417],[124.994498804301188,10.838036698666173],[124.994500600501524,10.838307856310866],[124.994502396749652,10.838579013950497],[124.994776696169367,10.838577238131094],[124.99477849271166,10.838848395720188],[124.995052792330412,10.838846619611505],[124.995327091901558,10.838844843258929],[124.995601391425012,10.838843066662637],[124.995599594142689,10.838571909209879],[124.995873893371879,10.838570132415168],[124.996148192553292,10.838568355376651],[124.996146394825459,10.838297198009869],[124.996420693712622,10.838295420773022],[124.996418895785837,10.838024263446741],[124.996417097906658,10.837753106115397],[124.996415300075171,10.837481948778901],[124.996141001927953,10.837483725879235],[124.99613920439073,10.837212568492291],[124.995864906442378,10.837214345303344],[124.99586310919949,10.836943187865774],[124.995588811450077,10.836944964387548],[124.995314513652986,10.836946740665606],[124.995312716950906,10.836675583132024],[124.995038419352767,10.836677359120714],[124.995036622945022,10.836406201536683],[124.994762325545835,10.836407977236181],[124.99476052943217,10.836136819601524],[124.994758733366297,10.835865661961805],[124.995033030272381,10.835863886353255],[124.995031234007556,10.835592728754037],[124.995029437790336,10.835321571149755],[124.995303734155598,10.835319795388351],[124.995301937739427,10.835048637824482],[124.995300141371047,10.83477748025555],[124.995574437195501,10.834775704341379],[124.995572640628154,10.834504546812859],[124.995570844108428,10.834233389279277],[124.995296548776992,10.834235165102498],[124.995294752551516,10.833964007518379],[124.995292956373646,10.833692849929285],[124.995291160243468,10.83342169233504],[124.995289364160897,10.833150534735733],[124.995015069767916,10.83315231013334],[124.995013273979509,10.832881152483495],[124.995011478238709,10.832609994828676],[124.994737184291068,10.832611769891617],[124.994735388844518,10.832340612186261],[124.994733593445488,10.832069454475842],[124.994731798094151,10.831798296760361],[124.994730002790433,10.831527139039817],[124.994728207534394,10.8312559813143],[124.994726412325974,10.830984823583631],[124.994452119809537,10.830986598130096],[124.994450324895183,10.830715440348978],[124.994176032577528,10.830717214606342],[124.993901740212266,10.830718988620077],[124.993903534633759,10.830990146492145],[124.993629241974418,10.830991920307639],[124.993631036196973,10.831263078220118],[124.993632830467206,10.831534236127446]],[[124.994738979785311,10.832882927591911],[124.994464685543591,10.83288470245661],[124.994466480838966,10.833155860197316],[124.994468276181948,10.833427017933047],[124.994742570916785,10.833425242977398],[124.994744366553945,10.833696400662593],[124.994746162238783,10.833967558342636],[124.994471867010915,10.833969333389145],[124.994197571735455,10.833971108192028],[124.993923276412374,10.833972882751105],[124.993921481467112,10.833701724934727],[124.993919686569456,10.833430567113197],[124.9936453916918,10.833432341337698],[124.993643597088322,10.833161183465631],[124.993917891719505,10.833159409286605],[124.993916096917062,10.83288825145495],[124.993914302162324,10.832617093618321],[124.994188596252869,10.83261531928644],[124.994462890295821,10.832613544710842],[124.994737184291068,10.832611769891617],[124.994738979785311,10.832882927591911]]],[[[125.003261915268808,10.835810504748963],[125.002987619795007,10.83581228767024],[125.00271332427333,10.835814070347801],[125.00271512748985,10.836085226666267],[125.002716930754232,10.836356382979758],[125.002718734066391,10.836627539288187],[125.002720537426427,10.836898695591554],[125.002994833934423,10.836896912731472],[125.003269130394557,10.836895129627496],[125.003267326541305,10.836623973415524],[125.003265522736029,10.836352817198399],[125.003263718978431,10.836081660976213],[125.003261915268808,10.835810504748963]]],[[[125.003003852684969,10.838252693944192],[125.003002048839193,10.837981537711791],[125.00327634628573,10.837979754425206],[125.003274542241172,10.837708598233394],[125.003000245041278,10.837710381474238],[125.002725947793522,10.837712164471366],[125.002727751344878,10.837983320754482],[125.002729554944011,10.838254477032535],[125.003003852684969,10.838252693944192]]],[[[125.002745789489012,10.84069488330773],[125.002747593566511,10.840966039535246],[125.0027493976919,10.841237195757699],[125.003023698146166,10.84123541216718],[125.00329799855264,10.841233628332677],[125.003296193933878,10.840962472201529],[125.003294389362978,10.840691316065406],[125.003292584839954,10.840420159924133],[125.003018285173596,10.840421943621589],[125.003020089449976,10.840693099808515],[125.002745789489012,10.84069488330773]]],[[[124.988803022539386,10.847835638986755],[124.989077331347687,10.847833866746356],[124.989351640108538,10.847832094261886],[124.98934984693112,10.847560935931519],[124.989348053801109,10.847289777596089],[124.989073745533986,10.847291549989876],[124.988799437219441,10.847293322139592],[124.988801229855611,10.847564480565705],[124.988803022539386,10.847835638986755]]],[[[124.994298178490553,10.8491559353009],[124.99457248758182,10.849154157952409],[124.994574285735439,10.849425315389713],[124.994848595025928,10.849423537751765],[124.995122904268712,10.849421759869657],[124.995121105621351,10.849150602523213],[124.995395414569614,10.849148824442508],[124.995393615722946,10.848877667136566],[124.995119307021497,10.848879445171796],[124.995117508469434,10.848608287815228],[124.995115709964978,10.848337130453686],[124.994841401709678,10.848338908153895],[124.994839603499742,10.848067750741727],[124.99456529544365,10.84806952815239],[124.994290987339951,10.84807130531907],[124.994292785056146,10.848342462822099],[124.994294582819947,10.848613620320066],[124.994296380631454,10.848884777813058],[124.994298178490553,10.8491559353009]]],[[[125.000609079108912,10.849386150972759],[125.000535930236623,10.849386626400278],[125.000535389175738,10.849305279466467],[125.000533585670652,10.849034123017173],[125.000531782213272,10.848762966562727],[125.000529978803669,10.848491810103308],[125.000528175441943,10.848220653638826],[125.000526372127908,10.847949497169282],[125.000524568861664,10.847678340694586],[125.000522765643296,10.847407184214916],[125.00024845914426,10.847408966580549],[124.99997415259746,10.847410748702021],[124.999699846002855,10.8474125305796],[124.999425539360487,10.847414312213107],[124.999151232670314,10.847416093602543],[124.999153034654569,10.847687250310209],[124.998878727669805,10.847689031501226],[124.998880529454922,10.847960188249303],[124.998882331287732,10.848231344992318],[124.998884133168247,10.848502501730358],[124.998885935096538,10.848773658463248],[124.998887737072621,10.849044815191164],[124.998889539096396,10.849315971913928],[124.998891341167962,10.849587128631629],[124.998893143287304,10.849858285344357],[124.998894945454339,10.850129442051934],[124.998896747669065,10.850400598754447],[124.998898549931582,10.850671755451987],[124.99890035224189,10.850942912144376],[124.998902154599975,10.851214068831791],[124.998903957005751,10.851485225514054],[124.998905759459234,10.851756382191343],[124.998907561960493,10.852027538863481],[124.998909364509529,10.852298695530646],[124.998911167106357,10.852569852192659],[124.998912969750876,10.852841008849698],[124.999187281427012,10.852839226792884],[124.99918547853548,10.852568070181498],[124.999459789916827,10.852566287926177],[124.999457986826172,10.852295131355202],[124.999531136453953,10.852294656058067],[124.999531677395908,10.852376003026251],[124.999533480566853,10.852647159583459],[124.999535283785491,10.852918316135693],[124.999809595427436,10.852916533511866],[125.000083907021676,10.85291475064388],[125.000082103309026,10.852643594182862],[125.000356414608476,10.852641811116278],[125.000354610696704,10.852370654695761],[125.000352806832623,10.85209949827027],[125.000627117590369,10.852097715050743],[125.000625313527252,10.851826558665753],[125.000623509511826,10.8515554022757],[125.000897819727797,10.851553618903228],[125.000896015513234,10.851282462553677],[125.000894211346463,10.851011306199062],[125.000892407227482,10.850740149839474],[125.000890603156279,10.850468993474735],[125.000888799132937,10.850197837104933],[125.000886995157302,10.849926680730068],[125.000612686422912,10.849928463828892],[125.000610882741981,10.849657307403401],[125.000609079108912,10.849386150972759]]],[[[124.997638524664708,10.856455826529462],[124.997364209429463,10.856457607791977],[124.997362407566371,10.856186450941138],[124.997088092530433,10.856188231913929],[124.996813777446803,10.856190012642472],[124.996815578815813,10.856461169584261],[124.996817380232528,10.856732326521076],[124.996819181696921,10.85700348345274],[124.997093497521732,10.857001702587684],[124.997367813298851,10.856999921478291],[124.997366011340262,10.856728764637666],[124.997640326822591,10.856726983329587],[124.997638524664708,10.856455826529462]]],[[[125.000646965439785,10.855080434951766],[125.000645160850951,10.854809278622465],[125.000370847623259,10.854811062297895],[125.00036904332913,10.854539905917967],[125.000094730300745,10.854541689303584],[125.000092926301392,10.854270532872942],[125.000091122349914,10.853999376437237],[124.999816809767751,10.854001159487566],[124.99954249713781,10.854002942293736],[124.999544300595289,10.854274098820657],[124.999269987670559,10.854275881428229],[124.999271249946347,10.854465691025869],[124.999198099778908,10.854466166355156],[124.998923786620765,10.85446794868535],[124.998925589599509,10.854739105306862],[124.998926130502483,10.854820452292365],[124.998724967253935,10.854821759222752],[124.998726770113663,10.855092915871086],[124.998452456304577,10.85509469788278],[124.998454258964998,10.855365854571616],[124.998456061673195,10.855637011255478],[124.998457864429099,10.855908167934189],[124.998459667232694,10.856179324607837],[124.998733982029876,10.856177542413977],[124.998735785128346,10.856448699036999],[124.998737588274523,10.856719855655047],[124.998739391468462,10.856991012267944],[124.998740653732625,10.857180821894005],[124.998667502880849,10.857181297214499],[124.998669306090079,10.857452453831037],[124.998394990118896,10.857454236173844],[124.998120674099923,10.85745601827249],[124.997846358033172,10.857457800126888],[124.99757204191873,10.857459581736947],[124.997297725756596,10.857461363102846],[124.997023409546756,10.857463144224408],[124.996749093289139,10.85746492510172],[124.996474776983902,10.857466705734783],[124.996200460630902,10.857468486123597],[124.996202261663996,10.857739643144789],[124.996204062744795,10.858010800160919],[124.996478379591991,10.858009019681067],[124.996480180967566,10.858280176646659],[124.996481982390847,10.8585513336071],[124.99675629968452,10.85854955279196],[124.996758101402591,10.858820709701863],[124.997032418895756,10.858818928597],[124.997105570219148,10.858818453594385],[124.997106110837819,10.858899800649077],[124.997380428344655,10.858898019221094],[124.997654745803715,10.858896237548773],[124.997929063215167,10.858894455632203],[124.997928522374025,10.858813108618456],[124.998129688391018,10.858811801734433],[124.998128426318445,10.85862199205739],[124.998201577544847,10.85862151680271],[124.998201036644019,10.858540169801131],[124.998402202444737,10.858538862771358],[124.998400399291654,10.858267706129595],[124.998674716004189,10.858265923650009],[124.998747867119491,10.858265448280932],[124.99874840815427,10.858346795256665],[124.998750211634743,10.858617951839186],[124.998752015162822,10.858889108416644],[124.998753818738777,10.85916026498904],[124.998755622362424,10.859431421556462],[124.999029940077108,10.859429638571591],[124.999304257744086,10.859427855342382],[124.999578575363202,10.859426071868924],[124.999852892934612,10.859424288151128],[125.000127210458245,10.859422504189084],[125.000401527934088,10.859420719982701],[125.000675845362153,10.859418935531981],[125.000950162742427,10.859417150837011],[125.000948357141695,10.859145994634364],[125.00094655158874,10.858874838426654],[125.000944746083576,10.858603682213793],[125.000942940626274,10.858332525995959],[125.000941135216763,10.858061369772972],[125.000939329855044,10.857790213545012],[125.000937524541101,10.85751905731199],[125.000935719274935,10.857247901073816],[125.000933914056645,10.856976744830668],[125.000932108886062,10.856705588582368],[125.00093030376334,10.856434432329095],[125.00092849868841,10.856163276070671],[125.000926693661256,10.855892119807184],[125.000924888681979,10.855620963538723],[125.000923083750394,10.85534980726511],[125.000921278866684,10.855078650986435],[125.000646965439785,10.855080434951766]]],[[[124.989937865909951,10.86455947572292],[124.989936069371666,10.864288317783529],[124.989934272880788,10.864017159838987],[124.990208596261155,10.864015383979439],[124.990206799570714,10.86374422607522],[124.990205002927794,10.863473068165938],[124.98993068004188,10.863474843934714],[124.989928883693736,10.863203685974984],[124.989927087393127,10.862932528010191],[124.989925291140025,10.862661370040335],[124.990199613284219,10.862659594407628],[124.990197816831454,10.862388436478096],[124.98992349493443,10.862390212065417],[124.989921698776456,10.862119054085436],[124.990196020426211,10.862117278543501],[124.990194224068574,10.861846120603754],[124.990468545423539,10.861844344862778],[124.990466748866226,10.861573186963355],[124.990741069926415,10.861571411023426],[124.990739273169439,10.861300253164327],[124.990737476460083,10.861029095300253],[124.990463155894261,10.86103087114941],[124.99046135947961,10.860759713234888],[124.990459563112466,10.860488555315214],[124.990185242993491,10.86049033082935],[124.990183446921037,10.860219172859317],[124.990457766792929,10.860217397390567],[124.990455970520898,10.859946239460768],[124.990454174296488,10.859675081525907],[124.990452378119599,10.859403923586072],[124.990450581990217,10.859132765641085],[124.990448785908441,10.858861607691125],[124.990446989874187,10.858590449736013],[124.990721308215655,10.858588674295152],[124.990719511981908,10.858317516380364],[124.990993830028685,10.85831574074064],[124.990992033595276,10.858044582866174],[124.991266351347434,10.858042807027498],[124.991264554714547,10.857771649193356],[124.990990237209488,10.857773424986647],[124.990988440871291,10.857502267102056],[124.990714123565795,10.857504042605711],[124.990712327522218,10.857232884670672],[124.990710531526247,10.856961726730571],[124.9907092743573,10.856771916169524],[124.990708735577698,10.856690568785407],[124.990983052142013,10.856688793417998],[124.990981255993972,10.856417635513157],[124.991255572263583,10.856415859946797],[124.991529888485587,10.856414084136187],[124.991528091890984,10.856142926317055],[124.991802407818383,10.856141150307671],[124.992076723698176,10.856139374054038],[124.992351039530348,10.856137597556156],[124.992625355314928,10.856135820814025],[124.992899671051987,10.856134043827645],[124.993173986741354,10.856132266597104],[124.9934483023832,10.856130489122314],[124.993450100707179,10.856401646623478],[124.993724416548417,10.856399868859054],[124.993998732341964,10.856398090850291],[124.994000531207817,10.856669248255532],[124.994274847200856,10.856667469957223],[124.994276646361314,10.856938627311926],[124.994550962553745,10.856936848723805],[124.994825278698571,10.856935069891524],[124.995099594795789,10.856933290814904],[124.99509779489405,10.856662133596537],[124.994823479043916,10.856663912627681],[124.994821679436967,10.856392755358776],[124.994547363786239,10.856394534100197],[124.994545564473981,10.856123376780843],[124.994271249022745,10.85612515523254],[124.994269450005191,10.855853997862649],[124.993995134753334,10.855855776024711],[124.993993336030485,10.855584618604283],[124.993719020978034,10.855586396476621],[124.993717222549776,10.855315239005655],[124.993442907696817,10.855317016588359],[124.993441109563264,10.855045859066944],[124.993166794909683,10.855047636360013],[124.993164997070835,10.854776478788061],[124.992890682616661,10.854778255791494],[124.992616368114881,10.854780032550678],[124.992342053565494,10.854781809065702],[124.992067738968586,10.854783585336566],[124.991793424323987,10.854785361363181],[124.991519109631867,10.854787137145635],[124.991244794892154,10.854788912683841],[124.990970480104906,10.854790687977886],[124.990696165270066,10.854792463027682],[124.990694369702013,10.854521305042105],[124.99042005506665,10.854523079802355],[124.990145740383767,10.854524854318445],[124.989871425653277,10.854526628590285],[124.98959711087528,10.854528402617966],[124.989598905455225,10.854799560785086],[124.989600700082605,10.855070718947054],[124.989326384763089,10.855072492821257],[124.989326923086423,10.855153840282469],[124.989125758434199,10.855155140978376],[124.98912396422071,10.854883982739224],[124.988849648991689,10.854885756158414],[124.988849110810989,10.854804408672067],[124.98884785507272,10.854614597868903],[124.988573540043191,10.854616370998546],[124.988571746418828,10.854345212658586],[124.988297431588862,10.854346985498683],[124.988295638258933,10.854075827108453],[124.988293844976525,10.853804668713071],[124.988292051741624,10.853533510312715],[124.988290258554258,10.853262351907208],[124.9885645723962,10.853260579248388],[124.988562779009257,10.852989420883205],[124.988837092556778,10.852987648025611],[124.988835298970344,10.852716489700661],[124.988833505431515,10.852445331370649],[124.988559192377991,10.852447104137649],[124.988557399133597,10.852175945757278],[124.988555605936725,10.851904787371843],[124.988553812787359,10.851633628981347],[124.98827950042724,10.851635401368206],[124.988277707572308,10.851364242927261],[124.988275914764898,10.851093084481342],[124.988274122004995,10.85082192603036],[124.988272329292528,10.850550767574315],[124.988270536627581,10.850279609113208],[124.987996225454694,10.850281381029333],[124.987994433084182,10.850010222517867],[124.987992640761092,10.849739064001248],[124.987990848485509,10.849467905479656],[124.987989056257462,10.849196746953002],[124.987987264076835,10.848925588421285],[124.98798547194373,10.848654429884505],[124.987983679858132,10.848383271342662],[124.987981887820055,10.848112112795757],[124.987980095829329,10.847840954243789],[124.987705786831057,10.84784272550808],[124.987703995134751,10.847571566905753],[124.987702203485966,10.847300408298363],[124.987700411884617,10.84702924968591],[124.987698620330775,10.846758091068395],[124.987696828824369,10.846486932445906],[124.987695037365469,10.846215773818265],[124.987420729800718,10.846217544566702],[124.987418938636168,10.845946385888702],[124.987417147519054,10.845675227205728],[124.987415356449361,10.845404068517603],[124.987689663273628,10.845402297905146],[124.987687872004628,10.845131139257255],[124.987962178534659,10.845129368446113],[124.987960387066352,10.844858209838545],[124.988234693302033,10.844856438828717],[124.988232901634419,10.844585280261384],[124.988231110014326,10.844314121688988],[124.988505415708929,10.844312350525861],[124.988779721356096,10.844310579118751],[124.988777929289867,10.844039420631976],[124.989052234642784,10.844037649026181],[124.989050442377248,10.843766490579728],[124.989048650159319,10.843495332128125],[124.98904685798891,10.843224173671548],[124.989045065865923,10.842953015209819],[124.989043273790557,10.842681856743116],[124.989041481762598,10.842410698271351],[124.98903968978226,10.842139539794523],[124.988765386156587,10.842141311082884],[124.988763594470399,10.841870152555696],[124.988761802831746,10.841598994023446],[124.989036105963862,10.84159722282568],[124.989034314125988,10.841326064333664],[124.98903252233562,10.841054905836586],[124.989030730592788,10.840783747334534],[124.989028938897363,10.84051258882733],[124.989027147249558,10.840241430315064],[124.989301449100751,10.840239659100156],[124.989299657253724,10.839968500628213],[124.989025355649176,10.839970271797824],[124.989023564096314,10.839699113275522],[124.989021772590974,10.839427954748068],[124.989296073702135,10.839426183669229],[124.989294281997658,10.839155025182098],[124.989292490340702,10.838883866689905],[124.989018189722842,10.83888563767815],[124.98874388905746,10.83888740842259],[124.988742097941312,10.83861624983474],[124.9887403068726,10.838345091241738],[124.988738515851395,10.838073932643763],[124.989012815776846,10.838072162035392],[124.989011024556518,10.837801003477651],[124.988736724877725,10.837802774040725],[124.988734933951562,10.837531615432713],[124.989009233383698,10.837529844914936],[124.989283532768425,10.837528074153354],[124.989281741396482,10.837256915630874],[124.989556040487031,10.837255144670873],[124.989830339530158,10.837253373467068],[124.989828547712534,10.836982215030208],[124.989826755942417,10.836711056588374],[124.989824964219821,10.836439898141389],[124.989823172544746,10.83616873968943],[124.990097470553948,10.836166968423274],[124.99037176851553,10.836165196913313],[124.990646066429605,10.836163425159548],[124.990920364296159,10.836161653162065],[124.990918571682371,10.835890494886499],[124.99119286925476,10.835888722690598],[124.991191076441922,10.835617564455443],[124.991189283676619,10.835346406215049],[124.991187490958822,10.835075247969769],[124.991185698288632,10.834804089719338],[124.991183905665949,10.834532931463844],[124.991182113090886,10.834261773203377],[124.990907816997762,10.834263545126962],[124.990906024716764,10.833992386815957],[124.990631728822677,10.833994158450441],[124.990357432881083,10.833995929841208],[124.99035922466895,10.834267088242896],[124.990361016504522,10.83453824663961],[124.990362808387516,10.834809405031173],[124.990364600318031,10.835080563417673],[124.990366392296153,10.835351721799199],[124.990092095074246,10.835353493173002],[124.990093886853231,10.835624651594852],[124.989819589337245,10.835626422770325],[124.989821380917277,10.835897581232409],[124.989547083107126,10.835899352209463],[124.989545291773737,10.835628193701993],[124.989543500487855,10.83535703518946],[124.9892692031233,10.835358805832115],[124.989267412131511,10.835087647269223],[124.989265621187229,10.834816488701268],[124.989263830290369,10.83454533012825],[124.988989533618067,10.83454710039112],[124.988987743015286,10.834275941767654],[124.98926203944103,10.83427417155017],[124.989260248639212,10.834003012967116],[124.989534544770976,10.834001242551214],[124.989808840855233,10.833999471891595],[124.990083136891869,10.83399770098826],[124.990081345397982,10.833726542536212],[124.990079553951702,10.833455384079013],[124.990077762552843,10.83318422561684],[124.989803467255712,10.833185996384106],[124.989529171911045,10.833187766907656],[124.989527381052739,10.832916608349649],[124.989525590241954,10.832645449786668],[124.989251295342797,10.832647219975819],[124.989249504826091,10.832376061362389],[124.988975210125886,10.832377831262527],[124.988973419903076,10.832106672598737],[124.988699125401922,10.832108442209861],[124.988697335473091,10.831837283495712],[124.988695545591867,10.831566124776501],[124.988693755757993,10.831294966052138],[124.988691965971711,10.831023807322801],[124.988690176232865,10.83075264858849],[124.988415882916541,10.830754417729324],[124.988141589552697,10.830756186626441],[124.987867296141431,10.830757955280021],[124.987865507189511,10.830486796404667],[124.988139800354304,10.830485027796385],[124.988138011203347,10.830213868961266],[124.988136222099911,10.829942710121085],[124.988410514724436,10.829940941359858],[124.988408725421948,10.82966978256],[124.988406936167067,10.82939862375499],[124.988405146959622,10.829127464945007],[124.988403357799598,10.828856306129961],[124.988401568687181,10.828585147309852],[124.988675860032117,10.828583378531661],[124.988674070720663,10.828312219751787],[124.988399779622199,10.828313988484769],[124.988125488476143,10.828315756974035],[124.988123699705056,10.828044598098504],[124.988121910981391,10.827773439217999],[124.987847620280661,10.827775207373044],[124.987845831850905,10.827504048442179],[124.98784404346857,10.827232889506163],[124.98756975321318,10.827234657327075],[124.987567965124654,10.826963498340788],[124.987293675068116,10.826965265872865],[124.9872918872735,10.826694106836218],[124.98756617708365,10.826692339349439],[124.987564389090068,10.826421180353027],[124.987838678606423,10.826419412668006],[124.987836890413973,10.826148253711828],[124.987835102269059,10.825877094750588],[124.987833314171567,10.825605935784374],[124.987831526121496,10.825334776813097],[124.988105814605078,10.825333009065726],[124.98810402635614,10.825061850134684],[124.988102238154738,10.824790691198579],[124.988376526098207,10.824788923298353],[124.988374737697939,10.824517764402572],[124.988649025347598,10.824515996304193],[124.988647236748548,10.824244837448646],[124.988645448197019,10.823973678588036],[124.988919735306581,10.823971910336802],[124.988917946556185,10.823700751516515],[124.989192233372023,10.823698983067128],[124.98919044442286,10.823427824287077],[124.989188655521204,10.823156665501962],[124.989186866666984,10.822885506711874],[124.98918507786037,10.822614347916723],[124.989459363643519,10.822612579405163],[124.989457574638138,10.822341420650336],[124.989455785680263,10.822070261890357],[124.9897300709235,10.822068493226119],[124.990004356119201,10.822066724318343],[124.990002566716271,10.821795565644074],[124.990276851618177,10.821793796538234],[124.990275062016636,10.821522637904287],[124.990549346624817,10.821520868600473],[124.990547556824509,10.821249710006761],[124.990273272462531,10.821251479265367],[124.990271482956032,10.820980320621295],[124.99026969349697,10.820709161972161],[124.990267904085499,10.820438003318053],[124.989993620414708,10.820439772197052],[124.989991831296877,10.820168613492584],[124.989990042226651,10.819897454782964],[124.989988253203933,10.819626296068371],[124.989713970224145,10.81962806456794],[124.989712181495065,10.819356905802898],[124.989437898713959,10.819358674013721],[124.989436110278604,10.81908751519823],[124.989161827696179,10.819089283120395],[124.989160039554449,10.818818124254545],[124.989434321890769,10.818816356377766],[124.989432533550442,10.818545197552329],[124.989706815593038,10.818543429477486],[124.989705027054029,10.818272270692283],[124.989979308802987,10.818270502419466],[124.989977520065295,10.817999343674586],[124.98997573137521,10.817728184924643],[124.989973942732647,10.817457026169638],[124.989972154137504,10.81718586740957],[124.989970365589969,10.816914708644529],[124.989968577089869,10.816643549874424],[124.989966788637275,10.816372391099257],[124.989965000232303,10.816101232319028],[124.989963211874752,10.815830073533736],[124.990237491361071,10.815828305425764],[124.990235702804924,10.815557146680884],[124.990233914296383,10.815285987930853],[124.990508193243045,10.815284219670382],[124.990506404535907,10.815013060960673],[124.990780683188945,10.815011292502227],[124.990778894283295,10.814740133832842],[124.990777105425082,10.814468975158483],[124.991051383538547,10.814467206547537],[124.991049594481822,10.814196047913502],[124.991323872301564,10.81419427910458],[124.991322083046427,10.813923120510868],[124.991596360572629,10.813921351504149],[124.991594571118981,10.81365019295076],[124.991592781712839,10.813379034392398],[124.991318504678688,10.813380803308345],[124.991044227597015,10.81338257198102],[124.991042438730545,10.813111413326823],[124.991040649911582,10.812840254667563],[124.99103886114014,10.812569096003241],[124.990764584748945,10.812570864296575],[124.990762796271127,10.812299705581893],[124.990761007840746,10.812028546862148],[124.990759219457885,10.811757388137252],[124.990484943757252,10.811759156051334],[124.990483155667931,10.811487997276078],[124.990481367626117,10.811216838495849],[124.990479579631838,10.810945679710557],[124.990477791685151,10.810674520920202],[124.990476003785901,10.810403362124784],[124.990474215934171,10.810132203324393],[124.990199941661899,10.810133970722976],[124.990198154103624,10.809862811872136],[124.989923880029764,10.809864578982239],[124.989649605908397,10.809866345849247],[124.989375331739424,10.809868112472984],[124.989373544966554,10.809596953481101],[124.989371758241219,10.809325794484156],[124.989097484516677,10.809327560774115],[124.989095698084796,10.809056401726721],[124.989093911700323,10.808785242674354],[124.9890921253633,10.808514083616924],[124.989090339073869,10.80824292455452],[124.989088552831873,10.807971765486965],[124.9890867666373,10.807700606414436],[124.989084980490333,10.807429447336844],[124.989083194390801,10.807158288254278],[124.989081408338691,10.806887129166562],[124.989079622334188,10.806615970073871],[124.989353893599628,10.806614204237327],[124.989352107396712,10.806343045184871],[124.98907783637712,10.806344810976118],[124.989076050467474,10.80607365187339],[124.988801779646224,10.806075417376245],[124.988799994030032,10.80580425822307],[124.988798208461276,10.805533099064832],[124.988523938084199,10.805534864233998],[124.988249667659701,10.80553662916007],[124.987975397187768,10.805538393843047],[124.987973612404062,10.805267234543855],[124.987971827667707,10.8049960752396],[124.987697557639947,10.804997839588978],[124.987695773196961,10.804726680234364],[124.987421503367614,10.80472844429535],[124.987419719217812,10.804457284890464],[124.987693988801396,10.804455520874775],[124.987692204453253,10.804184361510213],[124.987966473743555,10.804182597296816],[124.988240742986434,10.804180832840323],[124.988238958194117,10.803909673561293],[124.98823717344932,10.8036385142772],[124.988511442153069,10.803636749668385],[124.988785710809381,10.803634984816476],[124.989059979418187,10.80363321972165],[124.989334247979471,10.80363145438373],[124.98933246229889,10.80336029527594],[124.989330676665915,10.803089136162999],[124.989604944688168,10.803087370672756],[124.989603158856866,10.802816211600227],[124.989601373072986,10.802545052522635],[124.989599587336627,10.802273893439981],[124.98959780164779,10.802002734352353],[124.989596016006459,10.801731575259574],[124.989594230412649,10.80146041616182],[124.989592444866275,10.801189257059093],[124.989590659367508,10.800918097951214],[124.989864925376168,10.800916332580787],[124.989866711120698,10.80118749164328],[124.989868496912834,10.80145865070071],[124.989870282752392,10.801729809753077],[124.989872068639485,10.802000968800471],[124.99014633558366,10.801999203005582],[124.990148121763923,10.802270362002616],[124.990422388906353,10.802268595919426],[124.990696656001248,10.802266829593229],[124.990694869329374,10.801995670686967],[124.990693082705008,10.801724511775642],[124.990967349260885,10.801722745297212],[124.991241615769141,10.801720978575776],[124.99123982870087,10.80144981975025],[124.991514094915857,10.801448052831283],[124.991512307649344,10.801176894045991],[124.991510520430339,10.800905735255725],[124.991236254706791,10.800907502084009],[124.990961988935723,10.800909268669287],[124.990960202255664,10.800638109783186],[124.990958415623226,10.800366950892112],[124.990956629038308,10.800095791995975],[124.990954842500898,10.799824633094776],[124.990953056011008,10.799553474188514],[124.99095126956864,10.799282315277278],[124.990677005224327,10.799284081347412],[124.990675219075143,10.799012922385728],[124.990400954929001,10.79901468816756],[124.990402740832423,10.799285847174541],[124.990128476393082,10.799287612758754],[124.990130262098361,10.799558771806147],[124.990132047851148,10.799829930848478],[124.99013383365137,10.800101089885747],[124.98985956842742,10.800102855363111],[124.989857782872861,10.799831696280457],[124.989855997365751,10.799560537192828],[124.989581732585705,10.799562302336504],[124.989579947371766,10.799291143198516],[124.989578162205447,10.799019984055466],[124.989852426494153,10.799018219002384],[124.989850641129578,10.798747059899569],[124.98957637708655,10.798748824907353],[124.989574592015174,10.798477665754177],[124.98957280699122,10.798206506595939],[124.989847070542908,10.798204741678926],[124.990121334047089,10.798202976519086],[124.990119548579315,10.797931817446468],[124.990393811790383,10.797930052089097],[124.990668074953859,10.79792828648872],[124.9909423380698,10.797926520645515],[124.99094055191263,10.797655361703992],[124.991105109612008,10.797654302108736],[124.991105347783176,10.797690456630868],[124.99137961061021,10.797688690438342],[124.991381397166791,10.79795984930659],[124.991655660191881,10.797958082825762],[124.991657447041661,10.798229241643561],[124.991931710264907,10.79822747487443],[124.992205973440633,10.798225707862471],[124.992480236568838,10.798223940607595],[124.992482024203156,10.798495099284175],[124.992591729539342,10.798494392296018],[124.992593278946075,10.798729396462544],[124.992595066767436,10.799000555111501],[124.992869330533267,10.798998787386335],[124.992871118647997,10.799269945984932],[124.992872906810149,10.799541104578378],[124.9931471710198,10.799539336519523],[124.993145382611885,10.799268177971463],[124.993419646528267,10.799266409715077],[124.993693910397042,10.799264641215775],[124.993968174218196,10.799262872473555],[124.993966385120885,10.798991714056768],[124.993964596070995,10.798720555634919],[124.993962807068812,10.798449397208095],[124.99396101811422,10.798178238776121],[124.993959229207249,10.797907080339172],[124.993849524175786,10.797907787774349],[124.993847973913375,10.797672783775866],[124.993846185193547,10.797401625311295],[124.993845946701114,10.797365470849027],[124.993955651536027,10.797364763450176],[124.994229913589891,10.797362994783185],[124.994228124580061,10.797091836376612],[124.994226335617839,10.796820677964977],[124.993952074055215,10.796822446541018],[124.993950523872655,10.796587442540847],[124.994115080688218,10.796586381447945],[124.994113291913038,10.796315223008687],[124.994111503185479,10.796044064564455],[124.994109714505598,10.795772906115161],[124.994107925873251,10.795501747660804],[124.994106137288497,10.795230589201473],[124.993941581209782,10.795231650158041],[124.993941342755022,10.795195495692752],[124.993939554371622,10.794924337200381],[124.994213814214987,10.794922568942397],[124.99421202563353,10.794651410490438],[124.994210237099765,10.794380252033505],[124.994484496404368,10.794378483623554],[124.994649051964302,10.794377422461018],[124.994649290485143,10.794413576912628],[124.994651079418233,10.794684735296197],[124.994652629865385,10.794919739224515],[124.994488074010746,10.794920800441584],[124.994489862885402,10.795191958843006],[124.994654418887379,10.795190897598669],[124.994654657427233,10.795227052048237],[124.994380397381633,10.795228820746225],[124.994382186211951,10.795499979160169],[124.994656446503143,10.795498210416707],[124.994930706746644,10.795496441430327],[124.995204966942609,10.795494672201208],[124.995203177375458,10.795223513923688],[124.995477437278154,10.795221744497127],[124.995587141225855,10.795221036658539],[124.995588692479288,10.795456040444215],[124.995590482431567,10.795727198653701],[124.995864742726042,10.795725428802324],[124.995862952528185,10.795454270638313],[124.995861401061944,10.795219266892072],[124.996025956940642,10.795218204915699],[124.99602416668435,10.79494704676954],[124.99629842619855,10.794945276660059],[124.996572685665072,10.794943506307749],[124.996846945083973,10.794941735712612],[124.996848736077027,10.795212893722258],[124.997122995693815,10.795211122838818],[124.997124786980052,10.795482280797927],[124.997399046794811,10.795480509626096],[124.997400838374318,10.795751667534667],[124.997675098386978,10.795749896074533],[124.997673306561808,10.795478738211436],[124.997947566281184,10.795476966554038],[124.997945774258113,10.795205808731531],[124.997943982282749,10.794934650903961],[124.997942190355076,10.794663493071329],[124.997940398475095,10.794392335233724],[124.997938606642734,10.794121177391055],[124.997936814858136,10.793850019543324],[124.997772259916289,10.793851082402991],[124.997772021035018,10.793814928019327],[124.997770229451788,10.793543770138555],[124.997495971455564,10.793545541325575],[124.997221713411633,10.793547312269766],[124.996947455320111,10.793549082971218],[124.996673197180897,10.793550853429842],[124.996671406627499,10.793279695362109],[124.996397148686157,10.793281465532431],[124.996122890697222,10.793283235460013],[124.995848632660497,10.793285005144856],[124.995738929432576,10.793285712950759],[124.995737378381733,10.793050709153803],[124.995463120491195,10.793052478459305],[124.995188862553064,10.793054247522068],[124.994914604567228,10.793056016342003],[124.994916154979649,10.793291020257175],[124.994751600037617,10.793292081456215],[124.99447734176286,10.793293849927096],[124.994203083440496,10.793295618155238],[124.994204871783836,10.793566776632332],[124.993930613168374,10.79356854466312],[124.993930851584949,10.793604699132405],[124.993821148112332,10.793605406279191],[124.993546889397479,10.793607173976113],[124.993548677205524,10.793878332556591],[124.993274418197387,10.79388010005616],[124.993276205807447,10.794151258677051],[124.993277993465114,10.794422417292878],[124.993552252964321,10.794420649702449],[124.993661956750643,10.794419942598207],[124.993663506390348,10.794654946672807],[124.993389246697433,10.794656714399661],[124.993114986956826,10.794658481883864],[124.992840727168698,10.794660249125151],[124.992842514522167,10.794931407804217],[124.992568254440855,10.794933174848151],[124.992570041596352,10.795204333567629],[124.992295781221941,10.79520610041412],[124.99229601948015,10.795242254915735],[124.992186315304011,10.795242961588766],[124.992184528486021,10.794971802806405],[124.992182741715553,10.794700644018981],[124.992180954992605,10.794429485226495],[124.992179168317264,10.794158326429034],[124.99217738168953,10.793887167626512],[124.992451640887822,10.793885401098166],[124.992449854062016,10.793614242335966],[124.992724112967295,10.793612475610178],[124.992722325943518,10.79334131688848],[124.992996584555527,10.793339549965339],[124.993270843120087,10.79333778279937],[124.99326905565276,10.79306662416338],[124.993267268233041,10.792795465522417],[124.993541526258923,10.792793698204569],[124.993539738641232,10.792522539603929],[124.993537951071133,10.792251380998316],[124.993812208558353,10.792249613528501],[124.994086465997952,10.792247845816036],[124.994084677984389,10.79197668729622],[124.994082890018433,10.791705528771431],[124.994081102100097,10.791434370241578],[124.994079314229353,10.791163211706664],[124.993805057771723,10.791164979237408],[124.993530801266573,10.791166746525413],[124.993256544713816,10.791168513570678],[124.993258331848068,10.791439672241928],[124.992984075002212,10.79144143908993],[124.992985861938593,10.791712597801503],[124.992987648922494,10.791983756508014],[124.992989435953902,10.792254915209551],[124.992991223033002,10.792526073906025],[124.992716965157484,10.792527840692919],[124.992718752038613,10.792798999429806],[124.992444493869996,10.792800766019347],[124.992442707234446,10.792529607237075],[124.992168449263886,10.792531373538491],[124.991894191245734,10.792533139597079],[124.991892405148775,10.792261980718973],[124.991890619099323,10.791990821835803],[124.99161636152472,10.79199258756088],[124.991342103902511,10.791994353043219],[124.991340318391664,10.791723194064215],[124.991614575768381,10.791721428627351],[124.991612790059548,10.791450269688671],[124.99188704714318,10.791448504054454],[124.992161304179277,10.79144673817741],[124.99215951802698,10.791175579324527],[124.992157731922305,10.790904420466671],[124.991883475377179,10.790906186252943],[124.991881689565503,10.79063502734455],[124.991879903801433,10.790363868431271],[124.991878118084799,10.790092709512841],[124.991603862228629,10.790094474920128],[124.9916056476997,10.790365633883944],[124.991607433218363,10.790636792842697],[124.991609218784546,10.790907951796388],[124.991334962144393,10.790909717097183],[124.991336747512605,10.791180876091197],[124.991062490579438,10.791182641194638],[124.991064275749665,10.791453800229064],[124.990790018523498,10.791455565135063],[124.990515761249711,10.791457329798412],[124.990513976570469,10.791186170673303],[124.990239719494667,10.791187935048438],[124.98996546237143,10.791189699180922],[124.989691205200671,10.791191463070668],[124.98969298914345,10.791462622331935],[124.989418731679692,10.791464386024238],[124.989144474168413,10.791466149473891],[124.989146257667628,10.791737308820689],[124.98887199986342,10.7917390720729],[124.988873783164664,10.792010231460022],[124.988599525067457,10.792011994514791],[124.988325266922729,10.792013757326821],[124.988051008730565,10.792015519896111],[124.988052791342668,10.792286679414151],[124.98777853285759,10.79228844178591],[124.987780315271635,10.792559601344273],[124.987506056493544,10.79256136351859],[124.987507838709433,10.792832523117188],[124.98750962097283,10.793103682710811],[124.987235361656246,10.793105444732895],[124.987236906110056,10.79334044974923],[124.987237143721487,10.793376604366753],[124.98696288411189,10.793378366191394],[124.986964428394018,10.793613371242547],[124.986964665979073,10.793649525865487],[124.987074369926788,10.793648821146625],[124.987238925834177,10.793647763995548],[124.987240707994374,10.79391892361928],[124.987076151939632,10.793919980797625],[124.986966447893693,10.793920685534516],[124.986967992257973,10.794155690576964],[124.986968229855648,10.794191845198572],[124.986969774261141,10.794426850236579],[124.986805217902827,10.794427907319889],[124.986805455487172,10.794464061944428],[124.986695751225767,10.794464766620479],[124.986697295459493,10.79469977169348],[124.98653273892549,10.794700828658218],[124.986532976483375,10.794736983288175],[124.986423272104815,10.794737687885178],[124.98642481616676,10.794972692992996],[124.986260259456898,10.794973749839251],[124.985985998235961,10.794975511055402],[124.985984217022036,10.794704351242842],[124.985874512618608,10.794705055643202],[124.985709955999255,10.794706112170957],[124.985708175078329,10.794434952308126],[124.985433914253704,10.794436712948116],[124.985432133625793,10.794165553035015],[124.985157872999309,10.794167313386968],[124.985159653381643,10.794438473345366],[124.985161433811399,10.794709633298702],[124.985163214288505,10.794980793246975],[124.985164994812948,10.795251953190274],[124.985166775384812,10.79552311312851],[124.984892513483089,10.795524873463854],[124.984894293856712,10.795796033442326],[124.98462003166189,10.79579779358005],[124.984621811837371,10.796068953598667],[124.984347549349621,10.79607071353886],[124.984349329326761,10.796341873597711],[124.984075066546012,10.796343633340197],[124.983800803717827,10.796345392839765],[124.983802583251148,10.796616552984059],[124.983804362831719,10.796887713123201],[124.98407862615116,10.796885953533216],[124.984352889423164,10.796884193700226],[124.984354669542412,10.797155353743978],[124.984356449709097,10.797426513782668],[124.984358229923117,10.797697673816383],[124.984083965914095,10.797699433784999],[124.984085745929875,10.79797059385886],[124.983811481627853,10.797972353629767],[124.983813261445306,10.798243513743774],[124.983815041310095,10.798514673852807],[124.983816821222135,10.798785833956778],[124.984091086261174,10.798784074050157],[124.984092866466312,10.799055234103946],[124.984094646718873,10.799326394152583],[124.983820381188494,10.79932815414962],[124.983822161242642,10.799599314238492],[124.983547895419179,10.799601074037732],[124.983549675275086,10.799872234166838],[124.983551455178244,10.800143394290792],[124.98327718881599,10.800145153937532],[124.983278968520821,10.800416314101721],[124.983280748272989,10.800687474260847],[124.983006481371973,10.800689233755087],[124.983008260925729,10.800960393954359],[124.983010040526906,10.801231554148657],[124.982735773087029,10.801233313490307],[124.982737552489795,10.801504473724663],[124.983011820175335,10.801502714337893],[124.983013599871185,10.801773874522066],[124.983287867755152,10.801772114847083],[124.983289647744016,10.802043274981074],[124.983291427780316,10.802314435110002],[124.983017159404753,10.802316194875402],[124.983018939242626,10.802587355044476],[124.983020719127751,10.802858515208488],[124.983294987994839,10.80285675535276],[124.983296768173062,10.80312791546659],[124.983571037238661,10.803126155322559],[124.983572817710069,10.803397315386206],[124.983574598228827,10.803668475444702],[124.983848867738601,10.80366671496725],[124.983850648550543,10.803937874975563],[124.983852429409907,10.804209034978815],[124.984126699363856,10.804207274168029],[124.984128480516333,10.804478434121009],[124.984130261716231,10.804749594068927],[124.984132042963381,10.805020754011871],[124.984406313607522,10.805018992822276],[124.984408095147955,10.805290152715038],[124.984682365990523,10.805288391237141],[124.984680584204341,10.805017231389677],[124.984954854753639,10.805015469713982],[124.984956636785753,10.805286629516239],[124.985230907533563,10.805284867552242],[124.985505178234021,10.805283105345151],[124.985506960805182,10.805554265051839],[124.985232689858961,10.805556027304139],[124.98523447223161,10.805827187051062],[124.985508743423765,10.805825424753465],[124.985510526089783,10.806096584450117],[124.985784797480264,10.806094821864217],[124.985786580439552,10.80636598151051],[124.985512308803138,10.806367744141706],[124.985238037119274,10.80636950652972],[124.985239819634216,10.806640666261455],[124.985241602196496,10.806911825988216],[124.985243384806196,10.807182985709915],[124.985245167463233,10.80745414542664],[124.985246950167806,10.807725305138213],[124.985521223081065,10.807723542523892],[124.985523006078822,10.807994702185283],[124.985797279190592,10.80799293928257],[124.985795495946917,10.807721779666565],[124.986069768765319,10.807720016565966],[124.986344041536313,10.807718253222362],[124.986345825271869,10.807989412747951],[124.98662009824136,10.807987649115866],[124.9866218822702,10.808258808591095],[124.986347609054761,10.808260572268477],[124.986349392885089,10.80853173178394],[124.986075119376395,10.808533495263347],[124.985800845820165,10.80853525849966],[124.985799062481718,10.808264098893691],[124.985524789124,10.808265861841612],[124.9855265722166,10.808537021492878],[124.985528355356635,10.808808181139081],[124.985530138544021,10.809079340780222],[124.985804412639453,10.809077577696588],[124.986078686687463,10.80907581436977],[124.986080470414137,10.809346973915343],[124.986082254188247,10.809618133455942],[124.986084038009778,10.809889292991478],[124.986358312748166,10.809887529285675],[124.986632587439217,10.809885765336777],[124.986634371800051,10.810156924776745],[124.98663615620832,10.810428084211651],[124.986637940664011,10.810699243641494],[124.986639725167137,10.810970403066364],[124.986914000794584,10.810968638693094],[124.98691578559108,10.811239798067692],[124.987190061417039,10.811238033405942],[124.987191846506974,10.811509192730181],[124.987466122531544,10.811507427779951],[124.987467907914933,10.811778587053741],[124.987742184138,10.81177682181503],[124.987743969814858,10.81204798103855],[124.988018246236422,10.812046215511359],[124.988020032206819,10.812317374684518],[124.988021818224553,10.812588533852704],[124.988296095090661,10.812586767991558],[124.988297881401934,10.812857927109384],[124.988572158466638,10.812856160959758],[124.988573945071465,10.813127320027135],[124.988848222334681,10.813125553588939],[124.989122499550461,10.81312378690756],[124.989124286694761,10.813394945879281],[124.989398564109052,10.813393178909244],[124.989400351546891,10.813664337830605],[124.989126073886581,10.813666104845939],[124.989127861125823,10.813937263807535],[124.988853583171959,10.813939030624983],[124.988855370212704,10.814210189626902],[124.988581091965301,10.814211956246375],[124.988582878807435,10.814483115288617],[124.988308600266492,10.814484881710115],[124.988310386910129,10.814756040792592],[124.988036108075633,10.814757807016203],[124.988037894520588,10.815028966138915],[124.988039681013049,10.815300125256652],[124.987765401638995,10.815301891327586],[124.987767187932775,10.815573050485558],[124.987492908265168,10.815574816358517],[124.98749469436035,10.815845975556723],[124.987220414399204,10.815847741231618],[124.98722220029579,10.816118900470059],[124.986947920041018,10.816120665946979],[124.98667363973891,10.816122431180627],[124.986399359389267,10.816124196170826],[124.98640114459495,10.816395355540184],[124.98640292984804,10.816666514904391],[124.986404715148666,10.816937674263624],[124.986406500496628,10.817208833617794],[124.986408285892011,10.817479992966902],[124.986410071334916,10.817751152310947],[124.986684353161237,10.817749387048966],[124.986686138897682,10.818020546342741],[124.986960420922685,10.81801878079219],[124.987234702900253,10.818017014998279],[124.987508984830399,10.818015248961007],[124.98750719835553,10.817744089803124],[124.987781479992037,10.817742323567789],[124.987783266713038,10.818013482680374],[124.988057548548326,10.818011716156381],[124.988059335562852,10.818282875218607],[124.988061122624998,10.81855403427577],[124.988062909734481,10.81882519332796],[124.98806469689157,10.819096352374999],[124.987790414071654,10.81909811908027],[124.987792201029961,10.819369278167631],[124.987517917916492,10.81937104467475],[124.987519704676032,10.819642203802346],[124.987245421268938,10.8196439701114],[124.987247207829796,10.81991512927932],[124.987248994438076,10.820186288442088],[124.987250781093877,10.820457447599882],[124.987252567797015,10.820728606752613],[124.987526852189021,10.82072684026237],[124.987528639185882,10.820997999364831],[124.987254354547673,10.820999765900282],[124.987256141345853,10.821270925042977],[124.987257928191369,10.82154208418061],[124.987259715084406,10.821813243313091],[124.987261502024865,10.822084402440598],[124.987535787647971,10.822082635723959],[124.987810073223642,10.822080868763781],[124.987811860704028,10.822352027795631],[124.987813648231935,10.822623186822419],[124.987815435807263,10.822894345844233],[124.987817223430113,10.823165504860896],[124.987819011100399,10.823436663872585],[124.987820798818106,10.8237078228793],[124.987546511764947,10.82370959011126],[124.987548299283873,10.823980749158121],[124.987274011936904,10.823982516191929],[124.987275799257063,10.824253675279024],[124.98700151161637,10.824255442114591],[124.987003298737577,10.82452660124201],[124.986729010803174,10.824528367879424],[124.986454722821335,10.824530134273299],[124.986180434791976,10.824531900423636],[124.986182221221824,10.824803059681795],[124.985907932898755,10.82480482563389],[124.985909719129651,10.825075984932283],[124.985635430512843,10.825077750686226],[124.985637216544887,10.825348910024765],[124.98536292763427,10.825350675580378],[124.985364713467362,10.825621834959239],[124.985090424263205,10.825623600316522],[124.985092209897331,10.82589475973553],[124.984817920399294,10.825896524894571],[124.984819705834553,10.826167684353813],[124.984821491317163,10.826438843807992],[124.984823276847195,10.826710003257109],[124.984825062424576,10.826981162701163],[124.984826848049465,10.827252322140154],[124.984828633721605,10.827523481574172],[124.984830419441266,10.827794641003038],[124.984556128171306,10.827796406235176],[124.98455791369193,10.828067565704366],[124.984559699259975,10.828338725168404],[124.984561484875357,10.82860988462738],[124.984835776884466,10.828608119259528],[124.984837562793757,10.828879278668321],[124.984839348750299,10.829150438071963],[124.984565056248428,10.82915220353032],[124.984566842006018,10.829423362974197],[124.984841134754348,10.829421597470631],[124.984842920805747,10.829692756864237],[124.985117213753128,10.829690991071747],[124.985119000098322,10.829962150415081],[124.985120786491052,10.830233309753353],[124.985122572931019,10.830504469086563],[124.984848279244417,10.830506235014678],[124.984573985510295,10.830508000699165],[124.984575771504836,10.830779160117817],[124.984850065485347,10.830777394388122],[124.984851851773797,10.831048553756414],[124.984577557546828,10.831050319531407],[124.984579343636142,10.831321478939934],[124.984305049115264,10.831323244516508],[124.984030754547049,10.831325009849365],[124.984032540190867,10.831596169343335],[124.983758245328758,10.831597934477774],[124.983760030773439,10.831869094011889],[124.983761816265542,10.832140253540942],[124.983763601804995,10.832411413064932],[124.984037897406509,10.832409647794869],[124.984312192960701,10.832407882281089],[124.984313979040508,10.8326790417096],[124.984039683239857,10.832680807268588],[124.984041469120555,10.832951966737244],[124.984043255048661,10.833223126200927],[124.984045041024117,10.833494285659548],[124.984319337564358,10.833492519964846],[124.984321123833709,10.833763679373195],[124.984595420573086,10.833761913389569],[124.984597207136332,10.834033072747559],[124.984598993747014,10.834304232100575],[124.984324696514619,10.834305998174617],[124.984050399234889,10.834307764005032],[124.984052185399875,10.834578923443402],[124.984053971612212,10.834850082876798],[124.984055757872071,10.835121242305043],[124.984057544179166,10.835392401728313],[124.984059330533697,10.835663561146522],[124.983785031973738,10.835665326959173],[124.983786818129062,10.835936486417527],[124.983788604331792,10.836207645870907],[124.984062903384952,10.836205879967661],[124.984064689881691,10.83647703937077],[124.984066476425753,10.836748198768728],[124.984340775924693,10.836746432531349],[124.984342562762748,10.837017591879036],[124.984068263017249,10.837019358161623],[124.984070049656083,10.837290517549544],[124.984071836342352,10.837561676932403],[124.984346136581053,10.83755991055931],[124.984347923561302,10.837831069891898],[124.984349710588987,10.838102229219334],[124.984075409856999,10.838103995682932],[124.984077196685362,10.838375155050603],[124.984078983561176,10.838646314413211],[124.984080770484312,10.838917473770756],[124.983806468965042,10.838919240126174],[124.983808255688871,10.839190399523865],[124.98381004246022,10.839461558916582],[124.983811829278835,10.839732718304237],[124.983813616144957,10.84000387768674],[124.983815403058415,10.840275037064359],[124.983817190019209,10.840546196436826],[124.983818977027354,10.84081735580423],[124.983820764082921,10.841088515166572],[124.983822551185924,10.84135967452394],[124.984096854925383,10.841357907761559],[124.984098642322451,10.841629067068656],[124.984100429766869,10.841900226370601],[124.984374733952365,10.84189845927391],[124.984376521690947,10.842169618525585],[124.984378309476952,10.842440777772286],[124.984380097310307,10.842711937013924],[124.984654402188667,10.842710169537625],[124.98492870701952,10.842708401817344],[124.984926918692707,10.842437242666211],[124.985201223229481,10.842435474747333],[124.985203011803037,10.842706633853169],[124.9852048004241,10.842977792954031],[124.985206589092513,10.84324895204983],[124.984932283815454,10.843250720104422],[124.98493407228456,10.843521879240456],[124.984935860801002,10.843793038371338],[124.98493764936488,10.844064197497158],[124.98493943797618,10.844335356618004],[124.984941226634916,10.844606515733698],[124.984943015341074,10.844877674844419],[124.984668708535978,10.844879442926633],[124.98439440168346,10.844881210764775],[124.984396189943396,10.84515236996085],[124.984121882796714,10.845154137600307],[124.984123670857258,10.845425296836616],[124.984125458965224,10.845696456067774],[124.984399766605478,10.8456946883379],[124.984397978250769,10.845423529151951],[124.984672285596844,10.845421761223303],[124.984946592895497,10.845419993050673],[124.985220900146814,10.845418224634059],[124.985222689241994,10.845689383684295],[124.985496996692618,10.845687614978491],[124.985498786082061,10.845958773978456],[124.985773093732078,10.845957004983372],[124.985771304095906,10.845685846028616],[124.986045611451658,10.845684076834758],[124.986047401334744,10.845955235744217],[124.986321708889903,10.845953466261079],[124.986323499067254,10.846224625120268],[124.986597806821806,10.84622285534785],[124.986599597293392,10.84649401415659],[124.986873905247265,10.846492244094982],[124.9868756960132,10.846763402853362],[124.986601387812414,10.846765172960357],[124.986327079564219,10.84676694282328],[124.98605277126849,10.84676871244222],[124.985778462925339,10.846770481817089],[124.985504154534766,10.846772250947975],[124.985229846096843,10.846774019834879],[124.984955537611498,10.846775788477711],[124.984681229078632,10.84677755687656],[124.984406920498415,10.846779325031427],[124.984132611870791,10.846781092942223],[124.984134400215723,10.847052252148156],[124.984136188608005,10.847323411349027],[124.984410497729286,10.847321643347815],[124.98468480680323,10.847319875102443],[124.984959115829653,10.847318106613177],[124.984960905009928,10.847589265673271],[124.985235214235928,10.847587496894725],[124.985237003710452,10.847858655904549],[124.98551131313576,10.847856886836635],[124.985513102904633,10.848128045796187],[124.985514892720829,10.848399204750677],[124.98551668258456,10.848670363700016],[124.985518472495627,10.848941522644381],[124.985520262454202,10.849212681583683],[124.985522052460126,10.849483840517923],[124.985523842513473,10.8497549994471],[124.98552563261434,10.850026158371215],[124.985527422762544,10.850297317290266],[124.985801734362568,10.850295547571051],[124.985803524805206,10.850566706439743],[124.985805315295266,10.850837865303461],[124.986079627341681,10.85083609524958],[124.986081418126091,10.851107254062939],[124.986083208957922,10.851378412871235],[124.986084999837288,10.851649571674468],[124.986086790763977,10.851920730472639],[124.985812477729738,10.851922500707619],[124.985538164647977,10.85192427069844],[124.985539955128274,10.852195429582142],[124.985541745655908,10.852466588460693],[124.985267432032899,10.852468358297948],[124.985269222360955,10.852739517216733],[124.985271012736533,10.853010676130456],[124.985272803159546,10.853281835039116],[124.985274593629896,10.853552993942802],[124.985276384147767,10.853824152841337],[124.985550699005799,10.853822382777864],[124.985552489818005,10.854093541626039],[124.985554280677732,10.85436470046924],[124.985556071584796,10.854635859307379],[124.98555786253938,10.854907018140455],[124.985832178338171,10.854905247651722],[124.986106494089441,10.854903476918828],[124.986108285585459,10.855174635656248],[124.986382601536391,10.855172864633897],[124.986384393326929,10.855444023321045],[124.986386185164989,10.855715182003131],[124.986387977050384,10.855986340680154],[124.986389231398476,10.856176151751015],[124.986389768983287,10.856257499352115],[124.986391560963725,10.856528658019013],[124.986393352991499,10.856799816680848],[124.986667670377273,10.856798045142554],[124.986669462699652,10.85706920375403],[124.986671255069467,10.857340362360443],[124.986673047486789,10.857611520961793],[124.98667430220712,10.857801331979807],[124.986601150665052,10.857801804458575],[124.986601688389754,10.857883152040579],[124.986400521577394,10.857884451277563],[124.986401776157919,10.858074262323644],[124.986328624537336,10.858074734749387],[124.986329162202097,10.858156082343381],[124.986330416769746,10.858345893394436],[124.986332209049579,10.858617052034422],[124.9860578899481,10.858618823566676],[124.986059682028284,10.858889982246897],[124.986061474155974,10.859161140922055],[124.986063266331001,10.85943229959215],[124.985788946440636,10.859434071015869],[124.985790738416014,10.859705229726199],[124.9857925304389,10.859976388431466],[124.985794322509122,10.860247547131582],[124.98579611462678,10.860518705826724],[124.985797906791944,10.860789864516804],[124.986072227918115,10.860788092866688],[124.986346548996863,10.860786320972235],[124.986348341703817,10.861057479566657],[124.986350134458206,10.861328638156017],[124.986351927260117,10.861599796740315],[124.986353720109364,10.861870955319638],[124.986355513006131,10.86214211389381],[124.986629835273433,10.862140341528622],[124.986631628464892,10.862411500052435],[124.986633421703786,10.862682658571273],[124.986907744418019,10.862680885871065],[124.986909537951604,10.862952044339544],[124.986911331532625,10.863223202802871],[124.986913125161152,10.863494361261225],[124.986638801705197,10.863496134097147],[124.986640013297148,10.863679321438504],[124.986687319869745,10.863695195120965],[124.988408751694791,10.864199230521496],[124.988793096390069,10.864295714463472],[124.988838774385854,10.86429541895891],[124.989113098203561,10.864293644031683],[124.989113644835882,10.864376183318711],[124.989938022640118,10.864583130939447],[124.989937865909951,10.86455947572292]],[[124.987869085140858,10.831029114150311],[124.98787087418782,10.831300273015628],[124.987872663282204,10.831571431875883],[124.987598369083997,10.831573200421637],[124.987600157979429,10.831844359322126],[124.987601946922297,10.832115518217552],[124.987327652183637,10.832117286610274],[124.987325863487342,10.83184612766955],[124.98705156894772,10.831847895773347],[124.98704978054532,10.831576736782264],[124.987047992190341,10.831305577786118],[124.987322286236932,10.831303809772916],[124.987320497683001,10.831032650817093],[124.987594791435697,10.83103088260556],[124.98759300268263,10.830759723689884],[124.987867296141431,10.830757955280021],[124.987869085140858,10.831029114150311]],[[124.987962904698136,10.803640278643009],[124.987688635899445,10.803642042765812],[124.987414367053319,10.803643806645521],[124.987416151060756,10.803914966065594],[124.98714188192136,10.803916729747595],[124.98714009815977,10.803645570282313],[124.986865829218786,10.803647333676011],[124.986591560230295,10.803649096826703],[124.986589777007751,10.803377937265854],[124.986864045750394,10.803376174160459],[124.986862262329524,10.803105014639755],[124.987136530778898,10.803103251336651],[124.987410799180836,10.803101487790453],[124.987685067535438,10.80309972400125],[124.987959335842532,10.803097959969129],[124.987961120246624,10.803369119308556],[124.988235388751946,10.803367354988044],[124.98823717344932,10.8036385142772],[124.987962904698136,10.803640278643009]],[[124.9918959773902,10.792804298470124],[124.991897763582202,10.793075457338194],[124.991623505025444,10.793077223244815],[124.99162529101946,10.793348382153209],[124.991351032169618,10.793350147862476],[124.99134924642118,10.793078988908697],[124.991347460720164,10.792807829949854],[124.991345675066768,10.792536670986038],[124.991619933180047,10.792534905412928],[124.991894191245734,10.792533139597079],[124.9918959773902,10.792804298470124]],[[124.991352817965662,10.793621306811193],[124.991078558822792,10.793623072323019],[124.991076773272241,10.793351913328916],[124.991351032169618,10.793350147862476],[124.991352817965662,10.793621306811193]],[[124.991627077061096,10.793619541056628],[124.99162886315024,10.793890699954986],[124.991354603809214,10.793892465754936],[124.991352817965662,10.793621306811193],[124.991627077061096,10.793619541056628]],[[124.991080344420681,10.793894231312148],[124.990806084984726,10.793895996626532],[124.990531825501151,10.793897761698176],[124.990530040394248,10.793626602618364],[124.990528255334951,10.793355443533489],[124.990802514327356,10.793353678552617],[124.990804299632231,10.793624837592105],[124.991078558822792,10.793623072323019],[124.991080344420681,10.793894231312148]],[[124.991071416905953,10.79253843631632],[124.991073202313871,10.792809595325522],[124.990798943860057,10.792811360458451],[124.990797158697731,10.792540201403863],[124.990795373582912,10.792269042344213],[124.991069631545656,10.792267277302056],[124.991343889460879,10.792265512017071],[124.991345675066768,10.792536670986038],[124.991071416905953,10.79253843631632]],[[124.987232916671587,10.817745855795099],[124.986958634940123,10.817747621543713],[124.986956849004983,10.817476462290173],[124.986682567472215,10.817478227750218],[124.986680781830714,10.817207068446407],[124.986678996236549,10.816935909137445],[124.986677210689905,10.816664749823598],[124.986951491484248,10.816662984499445],[124.986949705738922,10.816391825225743],[124.987223986239727,10.816390059703526],[124.98722577223117,10.81666121893193],[124.987500052930741,10.816659453121144],[124.987501839215724,10.816930612299188],[124.987503625548229,10.81720177147217],[124.987505411928169,10.817472930640179],[124.98750719835553,10.817744089803124],[124.987232916671587,10.817745855795099]],[[124.988338979663894,10.819094585426456],[124.988613262388782,10.819092818234463],[124.988615050085698,10.819363977185933],[124.988889333009269,10.819362209705194],[124.988891120999739,10.819633368606304],[124.98889290903773,10.819904527502263],[124.98861862562174,10.819906295073597],[124.988344342158342,10.819908062401481],[124.988342554612672,10.819636903414928],[124.988068271347942,10.819638670454065],[124.988066484095995,10.819367511417063],[124.98806469689157,10.819096352374999],[124.988338979663894,10.819094585426456]],[[124.987898694339862,10.793878539430398],[124.987788990363924,10.793879244456303],[124.987787445402162,10.793644239527275],[124.988061705115058,10.793642476928941],[124.988063250289528,10.793877481818711],[124.987898694339862,10.793878539430398]],[[124.98819613741874,10.79740184935288],[124.988194353813043,10.797130689947995],[124.988468616619542,10.797128926426666],[124.988470400470831,10.797400085786343],[124.988472184369641,10.797671245140958],[124.988197921071972,10.797673008752881],[124.98819613741874,10.79740184935288]],[[124.988746447619974,10.797669481286118],[124.988748231811883,10.797940640590372],[124.989022495260372,10.797938876447407],[124.989024279745465,10.798210035701302],[124.989026064277979,10.798481194950135],[124.989027848858015,10.798752354193994],[124.988753584672523,10.798754118472939],[124.988479320439595,10.798755882509056],[124.988481104575726,10.799027041838535],[124.988206840049614,10.799028805676944],[124.98820505615916,10.798757646302168],[124.988203272316127,10.798486486922418],[124.988201488520616,10.798215327537605],[124.988475752309725,10.798213563835088],[124.988473968315972,10.797942404490509],[124.988472184369641,10.797671245140958],[124.988746447619974,10.797669481286118]],[[124.98546062935948,10.798504111041115],[124.985186364802985,10.798505872116934],[124.985184583709852,10.79823471223412],[124.984910319351684,10.798236473021813],[124.98490853855165,10.797965313088728],[124.985182802664141,10.797963552346154],[124.985457066729282,10.797961791360841],[124.98545884802067,10.798232951203509],[124.98546062935948,10.798504111041115]],[[124.985195270979588,10.799861671455776],[124.984921005147228,10.799863432514986],[124.984646739267532,10.79986519333119],[124.984644958428859,10.799594033383006],[124.984643177637608,10.799322873429848],[124.984641396893608,10.799051713471627],[124.984639616197128,10.798780553508344],[124.984913881094059,10.798778792873062],[124.985188145943553,10.798777031994774],[124.985462410745711,10.798775270873659],[124.985736675500448,10.798773509509626],[124.986010940207748,10.798771747902677],[124.986009158330162,10.79850058816055],[124.986283422744449,10.798498826355981],[124.986557687111315,10.798497064308496],[124.986559469480241,10.798768223960028],[124.986561251896589,10.799039383606587],[124.986563034360358,10.799310543247994],[124.986564816871564,10.799581702884428],[124.986290551521932,10.799583465113013],[124.986016286124965,10.799585227098682],[124.986014504105185,10.799314067371743],[124.985740238906459,10.799315829069197],[124.985738457179693,10.799044669291899],[124.985464192179293,10.799046430701228],[124.985465973660297,10.799317590523735],[124.985191708366798,10.799319351735356],[124.985193489649475,10.799590511598097],[124.985195270979588,10.799861671455776]],[[124.986840864977978,10.799851099999088],[124.986839082173674,10.799579940412926],[124.987113347428448,10.799578177698507],[124.987387612635715,10.799576414741082],[124.987389395931444,10.799847574236651],[124.987663661337024,10.799845810991012],[124.987665444925952,10.800116970436221],[124.987667228562302,10.800388129876456],[124.987669012246073,10.80065928931154],[124.987394746103305,10.800661052693069],[124.987120479913187,10.800662815831593],[124.987122263152969,10.800933975352297],[124.986847996669667,10.800935738293202],[124.986573730138844,10.8009375009911],[124.986575512934621,10.801208660597336],[124.986301246110614,10.801210423097526],[124.986299463560684,10.800939263446082],[124.986025196935103,10.800941025658059],[124.986023414678272,10.800669865956255],[124.986021632468777,10.800398706249389],[124.986295898602933,10.800396944128007],[124.986294116195197,10.800125784461375],[124.986568382036168,10.800124022142196],[124.986842647829803,10.800122259580188],[124.986840864977978,10.799851099999088]],[[124.987573329532509,10.827776975284639],[124.987575117763399,10.828048134255827],[124.987300826721338,10.828049901969003],[124.987299038736822,10.827778742952606],[124.987573329532509,10.827776975284639]],[[124.986492252980938,10.830224476684233],[124.986217959777846,10.830226243785276],[124.986219747203705,10.830497402937475],[124.985945453706634,10.830499169840188],[124.985943666527248,10.830228010642781],[124.985669373229314,10.830229777256569],[124.985667586343737,10.829958618008803],[124.985941879395298,10.829956851440311],[124.986216172399423,10.829955084628104],[124.986214385068521,10.829683925465869],[124.986488677778752,10.829682158455242],[124.986490465356127,10.829953317572269],[124.986492252980938,10.830224476684233]],[[124.987623417939076,10.835369424568849],[124.987349120242172,10.835371193505225],[124.987347330976277,10.835100034625075],[124.987345541757819,10.834828875739952],[124.987619838961606,10.834827106894171],[124.987621628426538,10.835098265734086],[124.987623417939076,10.835369424568849]],[[124.987910245231134,10.837265766773982],[124.987912035369931,10.837536925523125],[124.987913825556319,10.837808084267117],[124.987639525687555,10.837809853854971],[124.987637735747796,10.837538695065593],[124.987635945855558,10.837267536271241],[124.987910245231134,10.837265766773982]],[[124.984643674419061,10.84108321428355],[124.984369371021117,10.841084981488422],[124.984367583472078,10.840813822216585],[124.984641886623379,10.840812055056833],[124.984916189727258,10.840810287653365],[124.984917977769683,10.841081446834785],[124.984919765859445,10.841352606011142],[124.984645462262179,10.841354373505204],[124.984643674419061,10.84108321428355]],[[124.986933025580427,10.855440480453002],[124.986934817912484,10.855711639044582],[124.986660501562397,10.855713410645937],[124.986658709477339,10.855442252009148],[124.986656917439802,10.855171093367296],[124.986931233295792,10.855169321856447],[124.986933025580427,10.855440480453002]],[[124.986886225717413,10.859426983854966],[124.986888018681412,10.859698142384197],[124.986613698686256,10.859699914586137],[124.986611905969426,10.859428756011699],[124.986886225717413,10.859426983854966]],[[124.986615491450493,10.859971073155602],[124.986617284262266,10.860242231719916],[124.986342963725306,10.860244003768113],[124.986341171160731,10.859972845158502],[124.986615491450493,10.859971073155602]],[[124.988268589656116,10.861045069146943],[124.988270384140762,10.861316227419223],[124.988272178673014,10.861587385686441],[124.988273973252703,10.861858543948596],[124.988275767879998,10.862129702205689],[124.988550089814851,10.862127928129869],[124.988551884736836,10.862399086336602],[124.988553679706257,10.862670244538272],[124.988279357276866,10.862672018704686],[124.988281152046611,10.86294317694659],[124.988006829322615,10.862944950913963],[124.987732506551097,10.86294672463691],[124.987730712275791,10.862675566304411],[124.987728918047992,10.862404407966849],[124.987727123867728,10.862133249624137],[124.988001445897623,10.862131476037082],[124.987999651517597,10.861860317734692],[124.987997857185093,10.86158915942724],[124.98799606290001,10.861318001114725],[124.987994268662547,10.861046842797059],[124.988268589656116,10.861045069146943]],[[124.989155175876022,10.793093105479453],[124.989429434860426,10.79309134175784],[124.989703693797324,10.793089577793399],[124.989701909569618,10.792818418562419],[124.989976168213502,10.792816654400625],[124.989977952686701,10.793087813586219],[124.989979737207491,10.793358972766839],[124.989705478072537,10.793360737019405],[124.989707262395271,10.793631896240349],[124.989433002967303,10.793633660295384],[124.989158743491728,10.793635424107681],[124.988884483968818,10.793637187677238],[124.988882700382732,10.793366028320225],[124.988608441057892,10.793367791601657],[124.988606657764819,10.793096632194374],[124.988332398638036,10.793098395187592],[124.988330615637977,10.792827235729948],[124.988604874519268,10.792825472782027],[124.988879133353038,10.792823709591278],[124.989153392139386,10.79282194615779],[124.989155175876022,10.793093105479453]],[[124.993934427936168,10.794147016161112],[124.993935977747554,10.794382020200629],[124.993826273993292,10.794382727399462],[124.993824724267171,10.794147723344224],[124.993934427936168,10.794147016161112]],[[124.990811441327111,10.79470947369979],[124.990537181106887,10.794711238907503],[124.99053539585752,10.79444007984279],[124.990261135835269,10.794441844762289],[124.990259350878915,10.794170685647128],[124.990533610655575,10.794168920773014],[124.990807870384643,10.794167155655984],[124.991082130066275,10.794165390296214],[124.99108391575929,10.794436549275218],[124.991085701499912,10.794707708249248],[124.990811441327111,10.79470947369979]],[[124.989253085907038,10.832918378584186],[124.989254876518871,10.83318953718749],[124.988980581079176,10.833191307223608],[124.988978790713901,10.832920148575006],[124.989253085907038,10.832918378584186]]],[[[125.005524358160869,10.779971330444202],[125.005250113767445,10.779973106295756],[125.005251909741133,10.780244263168623],[125.005253705762769,10.780515420036426],[125.005255501832195,10.780786576899256],[125.005529746961287,10.780784800910567],[125.005531543323912,10.781055957722593],[125.005805788650449,10.78105418144569],[125.006080033929024,10.781052404926402],[125.006078237076039,10.78078124820577],[125.005803992042601,10.780783024679405],[125.00580219548273,10.780511867907968],[125.005800398970635,10.780240711131558],[125.005798602506502,10.779969554350085],[125.005796806090146,10.779698397563639],[125.00607105014268,10.779696621272791],[125.006070810591453,10.779660467040294],[125.006069253528977,10.779425464527023],[125.005795009721766,10.779427240772129],[125.005520765866578,10.779429016774763],[125.005522322503978,10.77966401936726],[125.005522561989835,10.779700173612014],[125.005524358160869,10.779971330444202]]]]}},
{"type":"Feature","properties":{"fid":111,"HAZ":3.0,"layer":"Leyte_StormSurge_SSA4","path":"/Users/jhannaroseverzo/Downloads/Leyte/Leyte_StormSurge_SSA4.shp","Risk Level":"High","fid_2":342,"SYSTRA ID":"342","DAR ID":"262","Target Year":"2029","Bridge Category":"Original List","Bridge Name":"ROMUALDEZ BRIDGE","Coordinates Y":"10.8206227","Coordinates X":"125.00053","Region":"VIII","Province":"LEYTE","ARC 2026":"Macarthur ARC","LINEAR METER IVF 2026":"44","EIRR 2026":"0.75","NEW/REPLACEMENT BRIDGE 2026":"new","Visited by SYSTRA":"No","Selected for 2nd Visit of SYSTRA":"No","Final Funder":"No Funder","2023 IVF URL":"https://drive.google.com/open?id=11-Qmtr9ctxa6Pi8HKK4Gck0DPIb5Uh2r","2026 IVF URL":"https://drive.google.com/open?id=11-Qmtr9ctxa6Pi8HKK4Gck0DPIb5Uh2r"},"geometry":{"type":"MultiPolygon","coordinates":[[[[124.987240707994374,10.79391892361928],[124.987238925834177,10.793647763995548],[124.987074369926788,10.793648821146625],[124.986964665979073,10.793649525865487],[124.986966447893693,10.793920685534516],[124.987076151939632,10.793919980797625],[124.987240707994374,10.79391892361928]]],[[[124.988341314350023,10.794454192400401],[124.988339531112729,10.794183032967894],[124.98833774792287,10.793911873530412],[124.988063488011903,10.793913636416782],[124.988063250289528,10.793877481818711],[124.988061705115058,10.793642476928941],[124.987787445402162,10.793644239527275],[124.987788990363924,10.793879244456303],[124.98778922805343,10.793915399060413],[124.987791010752218,10.794186558588578],[124.988065270956184,10.79418479589965],[124.988067053947901,10.794455955377455],[124.988341314350023,10.794454192400401]]],[[[124.988472184369641,10.797671245140958],[124.988470400470831,10.797400085786343],[124.988468616619542,10.797128926426666],[124.988194353813043,10.797130689947995],[124.98819613741874,10.79740184935288],[124.988197921071972,10.797673008752881],[124.988472184369641,10.797671245140958]]],[[[124.98490853855165,10.797965313088728],[124.984910319351684,10.798236473021813],[124.985184583709852,10.79823471223412],[124.985186364802985,10.798505872116934],[124.98546062935948,10.798504111041115],[124.98545884802067,10.798232951203509],[124.985457066729282,10.797961791360841],[124.985182802664141,10.797963552346154],[124.98490853855165,10.797965313088728]]],[[[124.989024279745465,10.798210035701302],[124.989022495260372,10.797938876447407],[124.988748231811883,10.797940640590372],[124.988746447619974,10.797669481286118],[124.988472184369641,10.797671245140958],[124.988473968315972,10.797942404490509],[124.988475752309725,10.798213563835088],[124.988201488520616,10.798215327537605],[124.988203272316127,10.798486486922418],[124.98820505615916,10.798757646302168],[124.988206840049614,10.799028805676944],[124.988481104575726,10.799027041838535],[124.988479320439595,10.798755882509056],[124.988753584672523,10.798754118472939],[124.989027848858015,10.798752354193994],[124.989026064277979,10.798481194950135],[124.989024279745465,10.798210035701302]]],[[[124.986865829218786,10.803647333676011],[124.98714009815977,10.803645570282313],[124.98714188192136,10.803916729747595],[124.987416151060756,10.803914966065594],[124.987414367053319,10.803643806645521],[124.987688635899445,10.803642042765812],[124.987962904698136,10.803640278643009],[124.98823717344932,10.8036385142772],[124.988235388751946,10.803367354988044],[124.987961120246624,10.803369119308556],[124.987959335842532,10.803097959969129],[124.987685067535438,10.80309972400125],[124.987410799180836,10.803101487790453],[124.987136530778898,10.803103251336651],[124.986862262329524,10.803105014639755],[124.986864045750394,10.803376174160459],[124.986589777007751,10.803377937265854],[124.986591560230295,10.803649096826703],[124.986865829218786,10.803647333676011]]],[[[124.986682567472215,10.817478227750218],[124.986956849004983,10.817476462290173],[124.986958634940123,10.817747621543713],[124.987232916671587,10.817745855795099],[124.98750719835553,10.817744089803124],[124.987505411928169,10.817472930640179],[124.987503625548229,10.81720177147217],[124.987501839215724,10.816930612299188],[124.987500052930741,10.816659453121144],[124.98722577223117,10.81666121893193],[124.987223986239727,10.816390059703526],[124.986949705738922,10.816391825225743],[124.986951491484248,10.816662984499445],[124.986677210689905,10.816664749823598],[124.986678996236549,10.816935909137445],[124.986680781830714,10.817207068446407],[124.986682567472215,10.817478227750218]]],[[[124.987575117763399,10.828048134255827],[124.987573329532509,10.827776975284639],[124.987299038736822,10.827778742952606],[124.987300826721338,10.828049901969003],[124.987575117763399,10.828048134255827]]],[[[124.987598369083997,10.831573200421637],[124.987872663282204,10.831571431875883],[124.98787087418782,10.831300273015628],[124.987869085140858,10.831029114150311],[124.987867296141431,10.830757955280021],[124.98759300268263,10.830759723689884],[124.987594791435697,10.83103088260556],[124.987320497683001,10.831032650817093],[124.987322286236932,10.831303809772916],[124.987047992190341,10.831305577786118],[124.98704978054532,10.831576736782264],[124.98705156894772,10.831847895773347],[124.987325863487342,10.83184612766955],[124.987327652183637,10.832117286610274],[124.987601946922297,10.832115518217552],[124.987600157979429,10.831844359322126],[124.987598369083997,10.831573200421637]]],[[[124.987621628426538,10.835098265734086],[124.987619838961606,10.834827106894171],[124.987345541757819,10.834828875739952],[124.987347330976277,10.835100034625075],[124.987349120242172,10.835371193505225],[124.987623417939076,10.835369424568849],[124.987621628426538,10.835098265734086]]],[[[124.987912035369931,10.837536925523125],[124.987910245231134,10.837265766773982],[124.987635945855558,10.837267536271241],[124.987637735747796,10.837538695065593],[124.987639525687555,10.837809853854971],[124.987913825556319,10.837808084267117],[124.987912035369931,10.837536925523125]]],[[[124.988779333613991,10.777638777009443],[124.988781114446894,10.777909936658133],[124.989055359738529,10.777908175717585],[124.989329604982643,10.777906414534652],[124.989603850179321,10.777904653109246],[124.989602068610921,10.777633493596536],[124.989327823659465,10.777635254976644],[124.989053578660489,10.777637016114191],[124.988779333613991,10.777638777009443]]],[[[124.989336730750352,10.77899105271641],[124.98933494923719,10.778719893178565],[124.989060703257493,10.778721654497478],[124.989062484525419,10.778992814080709],[124.989336730750352,10.77899105271641]]],[[[124.989610976927764,10.778989291109728],[124.989336730750352,10.77899105271641],[124.989338512310937,10.779262212249282],[124.989612758733571,10.779260450597214],[124.989887005108784,10.779258688702761],[124.98988522305774,10.778987529260483],[124.989610976927764,10.778989291109728]]],[[[124.990797158697731,10.792540201403863],[124.990798943860057,10.792811360458451],[124.991073202313871,10.792809595325522],[124.991071416905953,10.79253843631632],[124.991345675066768,10.792536670986038],[124.991343889460879,10.792265512017071],[124.991069631545656,10.792267277302056],[124.990795373582912,10.792269042344213],[124.990797158697731,10.792540201403863]]],[[[124.991345675066768,10.792536670986038],[124.991347460720164,10.792807829949854],[124.99134924642118,10.793078988908697],[124.991351032169618,10.793350147862476],[124.99162529101946,10.793348382153209],[124.991623505025444,10.793077223244815],[124.991897763582202,10.793075457338194],[124.9918959773902,10.792804298470124],[124.991894191245734,10.792533139597079],[124.991619933180047,10.792534905412928],[124.991345675066768,10.792536670986038]]],[[[124.988330615637977,10.792827235729948],[124.988332398638036,10.793098395187592],[124.988606657764819,10.793096632194374],[124.988608441057892,10.793367791601657],[124.988882700382732,10.793366028320225],[124.988884483968818,10.793637187677238],[124.989158743491728,10.793635424107681],[124.989433002967303,10.793633660295384],[124.989707262395271,10.793631896240349],[124.989705478072537,10.793360737019405],[124.989979737207491,10.793358972766839],[124.989977952686701,10.793087813586219],[124.989976168213502,10.792816654400625],[124.989701909569618,10.792818418562419],[124.989703693797324,10.793089577793399],[124.989429434860426,10.79309134175784],[124.989155175876022,10.793093105479453],[124.989153392139386,10.79282194615779],[124.988879133353038,10.792823709591278],[124.988604874519268,10.792825472782027],[124.988330615637977,10.792827235729948]]],[[[124.991352817965662,10.793621306811193],[124.991351032169618,10.793350147862476],[124.991076773272241,10.793351913328916],[124.991078558822792,10.793623072323019],[124.991352817965662,10.793621306811193]]],[[[124.990530040394248,10.793626602618364],[124.990531825501151,10.793897761698176],[124.990806084984726,10.793895996626532],[124.991080344420681,10.793894231312148],[124.991078558822792,10.793623072323019],[124.990804299632231,10.793624837592105],[124.990802514327356,10.793353678552617],[124.990528255334951,10.793355443533489],[124.990530040394248,10.793626602618364]]],[[[124.991352817965662,10.793621306811193],[124.991354603809214,10.793892465754936],[124.99162886315024,10.793890699954986],[124.991627077061096,10.793619541056628],[124.991352817965662,10.793621306811193]]],[[[124.99108391575929,10.794436549275218],[124.991082130066275,10.794165390296214],[124.990807870384643,10.794167155655984],[124.990533610655575,10.794168920773014],[124.990259350878915,10.794170685647128],[124.990261135835269,10.794441844762289],[124.99053539585752,10.79444007984279],[124.990537181106887,10.794711238907503],[124.990811441327111,10.79470947369979],[124.991085701499912,10.794707708249248],[124.99108391575929,10.794436549275218]]],[[[124.98889161878769,10.794721825054662],[124.988893402611168,10.79499298438645],[124.988895186481997,10.795264143713176],[124.989169447478488,10.795262379871659],[124.989443708427373,10.795260615787402],[124.989441924065389,10.794989456551271],[124.989167663361997,10.794991220590319],[124.989165879292926,10.794720061303828],[124.98889161878769,10.794721825054662]]],[[[124.992580765528132,10.796831285778715],[124.992306503680055,10.796833052897611],[124.99230829092285,10.797104211627303],[124.992310078213166,10.797375370351844],[124.992311865551088,10.797646529071411],[124.992586128136182,10.797644761816269],[124.992584340552582,10.797373603142177],[124.992858602844393,10.797371835689503],[124.992856815062837,10.797100677055735],[124.992855027328687,10.796829518416903],[124.992580765528132,10.796831285778715]]],[[[124.989254876518871,10.83318953718749],[124.989253085907038,10.832918378584186],[124.988978790713901,10.832920148575006],[124.988980581079176,10.833191307223608],[124.989254876518871,10.83318953718749]]],[[[124.994471867010915,10.833969333389145],[124.994746162238783,10.833967558342636],[124.994744366553945,10.833696400662593],[124.994742570916785,10.833425242977398],[124.994468276181948,10.833427017933047],[124.994466480838966,10.833155860197316],[124.994464685543591,10.83288470245661],[124.994738979785311,10.832882927591911],[124.994737184291068,10.832611769891617],[124.994462890295821,10.832613544710842],[124.994188596252869,10.83261531928644],[124.993914302162324,10.832617093618321],[124.993916096917062,10.83288825145495],[124.993917891719505,10.833159409286605],[124.993643597088322,10.833161183465631],[124.9936453916918,10.833432341337698],[124.993919686569456,10.833430567113197],[124.993921481467112,10.833701724934727],[124.993923276412374,10.833972882751105],[124.994197571735455,10.833971108192028],[124.994471867010915,10.833969333389145]]],[[[124.989113098203561,10.864293644031683],[124.988838774385854,10.86429541895891],[124.988793096390069,10.864295714463472],[124.989113644835882,10.864376183318711],[124.989113098203561,10.864293644031683]]],[[[124.987419719217812,10.804457284890464],[124.987421503367614,10.80472844429535],[124.987695773196961,10.804726680234364],[124.987697557639947,10.804997839588978],[124.987971827667707,10.8049960752396],[124.987973612404062,10.805267234543855],[124.987975397187768,10.805538393843047],[124.988249667659701,10.80553662916007],[124.988523938084199,10.805534864233998],[124.988798208461276,10.805533099064832],[124.988799994030032,10.80580425822307],[124.988801779646224,10.806075417376245],[124.989076050467474,10.80607365187339],[124.98907783637712,10.806344810976118],[124.989352107396712,10.806343045184871],[124.989353893599628,10.806614204237327],[124.989079622334188,10.806615970073871],[124.989081408338691,10.806887129166562],[124.989083194390801,10.807158288254278],[124.989084980490333,10.807429447336844],[124.9890867666373,10.807700606414436],[124.989088552831873,10.807971765486965],[124.989090339073869,10.80824292455452],[124.9890921253633,10.808514083616924],[124.989093911700323,10.808785242674354],[124.989095698084796,10.809056401726721],[124.989097484516677,10.809327560774115],[124.989371758241219,10.809325794484156],[124.989373544966554,10.809596953481101],[124.989375331739424,10.809868112472984],[124.989649605908397,10.809866345849247],[124.989923880029764,10.809864578982239],[124.990198154103624,10.809862811872136],[124.990199941661899,10.810133970722976],[124.990474215934171,10.810132203324393],[124.990476003785901,10.810403362124784],[124.990477791685151,10.810674520920202],[124.990479579631838,10.810945679710557],[124.990481367626117,10.811216838495849],[124.990483155667931,10.811487997276078],[124.990484943757252,10.811759156051334],[124.990759219457885,10.811757388137252],[124.990761007840746,10.812028546862148],[124.990762796271127,10.812299705581893],[124.990764584748945,10.812570864296575],[124.99103886114014,10.812569096003241],[124.991040649911582,10.812840254667563],[124.991042438730545,10.813111413326823],[124.991044227597015,10.81338257198102],[124.991318504678688,10.813380803308345],[124.991592781712839,10.813379034392398],[124.991594571118981,10.81365019295076],[124.991596360572629,10.813921351504149],[124.991322083046427,10.813923120510868],[124.991323872301564,10.81419427910458],[124.991049594481822,10.814196047913502],[124.991051383538547,10.814467206547537],[124.990777105425082,10.814468975158483],[124.990778894283295,10.814740133832842],[124.990780683188945,10.815011292502227],[124.990506404535907,10.815013060960673],[124.990508193243045,10.815284219670382],[124.990233914296383,10.815285987930853],[124.990235702804924,10.815557146680884],[124.990237491361071,10.815828305425764],[124.989963211874752,10.815830073533736],[124.989965000232303,10.816101232319028],[124.989966788637275,10.816372391099257],[124.989968577089869,10.816643549874424],[124.989970365589969,10.816914708644529],[124.989972154137504,10.81718586740957],[124.989973942732647,10.817457026169638],[124.98997573137521,10.817728184924643],[124.989977520065295,10.817999343674586],[124.989979308802987,10.818270502419466],[124.989705027054029,10.818272270692283],[124.989706815593038,10.818543429477486],[124.989432533550442,10.818545197552329],[124.989434321890769,10.818816356377766],[124.989160039554449,10.818818124254545],[124.989161827696179,10.819089283120395],[124.989436110278604,10.81908751519823],[124.989437898713959,10.819358674013721],[124.989712181495065,10.819356905802898],[124.989713970224145,10.81962806456794],[124.989988253203933,10.819626296068371],[124.989990042226651,10.819897454782964],[124.989991831296877,10.820168613492584],[124.989993620414708,10.820439772197052],[124.990267904085499,10.820438003318053],[124.99026969349697,10.820709161972161],[124.990271482956032,10.820980320621295],[124.990273272462531,10.821251479265367],[124.990547556824509,10.821249710006761],[124.990549346624817,10.821520868600473],[124.990275062016636,10.821522637904287],[124.990276851618177,10.821793796538234],[124.990002566716271,10.821795565644074],[124.990004356119201,10.822066724318343],[124.9897300709235,10.822068493226119],[124.989455785680263,10.822070261890357],[124.989457574638138,10.822341420650336],[124.989459363643519,10.822612579405163],[124.98918507786037,10.822614347916723],[124.989186866666984,10.822885506711874],[124.989188655521204,10.823156665501962],[124.98919044442286,10.823427824287077],[124.989192233372023,10.823698983067128],[124.988917946556185,10.823700751516515],[124.988919735306581,10.823971910336802],[124.988645448197019,10.823973678588036],[124.988647236748548,10.824244837448646],[124.988649025347598,10.824515996304193],[124.988374737697939,10.824517764402572],[124.988376526098207,10.824788923298353],[124.988102238154738,10.824790691198579],[124.98810402635614,10.825061850134684],[124.988105814605078,10.825333009065726],[124.987831526121496,10.825334776813097],[124.987833314171567,10.825605935784374],[124.987835102269059,10.825877094750588],[124.987836890413973,10.826148253711828],[124.987838678606423,10.826419412668006],[124.987564389090068,10.826421180353027],[124.98756617708365,10.826692339349439],[124.9872918872735,10.826694106836218],[124.987293675068116,10.826965265872865],[124.987567965124654,10.826963498340788],[124.98756975321318,10.827234657327075],[124.98784404346857,10.827232889506163],[124.987845831850905,10.827504048442179],[124.987847620280661,10.827775207373044],[124.988121910981391,10.827773439217999],[124.988123699705056,10.828044598098504],[124.988125488476143,10.828315756974035],[124.988399779622199,10.828313988484769],[124.988674070720663,10.828312219751787],[124.988675860032117,10.828583378531661],[124.988401568687181,10.828585147309852],[124.988403357799598,10.828856306129961],[124.988405146959622,10.829127464945007],[124.988406936167067,10.82939862375499],[124.988408725421948,10.82966978256],[124.988410514724436,10.829940941359858],[124.988136222099911,10.829942710121085],[124.988138011203347,10.830213868961266],[124.988139800354304,10.830485027796385],[124.987865507189511,10.830486796404667],[124.987867296141431,10.830757955280021],[124.988141589552697,10.830756186626441],[124.988415882916541,10.830754417729324],[124.988690176232865,10.83075264858849],[124.988691965971711,10.831023807322801],[124.988693755757993,10.831294966052138],[124.988695545591867,10.831566124776501],[124.988697335473091,10.831837283495712],[124.988699125401922,10.832108442209861],[124.988973419903076,10.832106672598737],[124.988975210125886,10.832377831262527],[124.989249504826091,10.832376061362389],[124.989251295342797,10.832647219975819],[124.989525590241954,10.832645449786668],[124.989527381052739,10.832916608349649],[124.989529171911045,10.833187766907656],[124.989803467255712,10.833185996384106],[124.990077762552843,10.83318422561684],[124.990079553951702,10.833455384079013],[124.990081345397982,10.833726542536212],[124.990083136891869,10.83399770098826],[124.989808840855233,10.833999471891595],[124.989534544770976,10.834001242551214],[124.989260248639212,10.834003012967116],[124.98926203944103,10.83427417155017],[124.988987743015286,10.834275941767654],[124.988989533618067,10.83454710039112],[124.989263830290369,10.83454533012825],[124.989265621187229,10.834816488701268],[124.989267412131511,10.835087647269223],[124.9892692031233,10.835358805832115],[124.989543500487855,10.83535703518946],[124.989545291773737,10.835628193701993],[124.989547083107126,10.835899352209463],[124.989821380917277,10.835897581232409],[124.989819589337245,10.835626422770325],[124.990093886853231,10.835624651594852],[124.990092095074246,10.835353493173002],[124.990366392296153,10.835351721799199],[124.990364600318031,10.835080563417673],[124.990362808387516,10.834809405031173],[124.990361016504522,10.83453824663961],[124.99035922466895,10.834267088242896],[124.990357432881083,10.833995929841208],[124.990631728822677,10.833994158450441],[124.990906024716764,10.833992386815957],[124.990907816997762,10.834263545126962],[124.991182113090886,10.834261773203377],[124.991183905665949,10.834532931463844],[124.991185698288632,10.834804089719338],[124.991187490958822,10.835075247969769],[124.991189283676619,10.835346406215049],[124.991191076441922,10.835617564455443],[124.99119286925476,10.835888722690598],[124.990918571682371,10.835890494886499],[124.990920364296159,10.836161653162065],[124.990646066429605,10.836163425159548],[124.99037176851553,10.836165196913313],[124.990097470553948,10.836166968423274],[124.989823172544746,10.83616873968943],[124.989824964219821,10.836439898141389],[124.989826755942417,10.836711056588374],[124.989828547712534,10.836982215030208],[124.989830339530158,10.837253373467068],[124.989556040487031,10.837255144670873],[124.989281741396482,10.837256915630874],[124.989283532768425,10.837528074153354],[124.989009233383698,10.837529844914936],[124.988734933951562,10.837531615432713],[124.988736724877725,10.837802774040725],[124.989011024556518,10.837801003477651],[124.989012815776846,10.838072162035392],[124.988738515851395,10.838073932643763],[124.9887403068726,10.838345091241738],[124.988742097941312,10.83861624983474],[124.98874388905746,10.83888740842259],[124.989018189722842,10.83888563767815],[124.989292490340702,10.838883866689905],[124.989294281997658,10.839155025182098],[124.989296073702135,10.839426183669229],[124.989021772590974,10.839427954748068],[124.989023564096314,10.839699113275522],[124.989025355649176,10.839970271797824],[124.989299657253724,10.839968500628213],[124.989301449100751,10.840239659100156],[124.989027147249558,10.840241430315064],[124.989028938897363,10.84051258882733],[124.989030730592788,10.840783747334534],[124.98903252233562,10.841054905836586],[124.989034314125988,10.841326064333664],[124.989036105963862,10.84159722282568],[124.988761802831746,10.841598994023446],[124.988763594470399,10.841870152555696],[124.988765386156587,10.842141311082884],[124.98903968978226,10.842139539794523],[124.989041481762598,10.842410698271351],[124.989043273790557,10.842681856743116],[124.989045065865923,10.842953015209819],[124.98904685798891,10.843224173671548],[124.989048650159319,10.843495332128125],[124.989050442377248,10.843766490579728],[124.989052234642784,10.844037649026181],[124.988777929289867,10.844039420631976],[124.988779721356096,10.844310579118751],[124.988505415708929,10.844312350525861],[124.988231110014326,10.844314121688988],[124.988232901634419,10.844585280261384],[124.988234693302033,10.844856438828717],[124.987960387066352,10.844858209838545],[124.987962178534659,10.845129368446113],[124.987687872004628,10.845131139257255],[124.987689663273628,10.845402297905146],[124.987415356449361,10.845404068517603],[124.987417147519054,10.845675227205728],[124.987418938636168,10.845946385888702],[124.987420729800718,10.846217544566702],[124.987695037365469,10.846215773818265],[124.987696828824369,10.846486932445906],[124.987698620330775,10.846758091068395],[124.987700411884617,10.84702924968591],[124.987702203485966,10.847300408298363],[124.987703995134751,10.847571566905753],[124.987705786831057,10.84784272550808],[124.987980095829329,10.847840954243789],[124.987981887820055,10.848112112795757],[124.987983679858132,10.848383271342662],[124.98798547194373,10.848654429884505],[124.987987264076835,10.848925588421285],[124.987989056257462,10.849196746953002],[124.987990848485509,10.849467905479656],[124.987992640761092,10.849739064001248],[124.987994433084182,10.850010222517867],[124.987996225454694,10.850281381029333],[124.988270536627581,10.850279609113208],[124.988272329292528,10.850550767574315],[124.988274122004995,10.85082192603036],[124.988275914764898,10.851093084481342],[124.988277707572308,10.851364242927261],[124.98827950042724,10.851635401368206],[124.988553812787359,10.851633628981347],[124.988555605936725,10.851904787371843],[124.988557399133597,10.852175945757278],[124.988559192377991,10.852447104137649],[124.988833505431515,10.852445331370649],[124.988835298970344,10.852716489700661],[124.988837092556778,10.852987648025611],[124.988562779009257,10.852989420883205],[124.9885645723962,10.853260579248388],[124.988290258554258,10.853262351907208],[124.988292051741624,10.853533510312715],[124.988293844976525,10.853804668713071],[124.988295638258933,10.854075827108453],[124.988297431588862,10.854346985498683],[124.988571746418828,10.854345212658586],[124.988573540043191,10.854616370998546],[124.98884785507272,10.854614597868903],[124.988849110810989,10.854804408672067],[124.988849648991689,10.854885756158414],[124.98912396422071,10.854883982739224],[124.989125758434199,10.855155140978376],[124.989326923086423,10.855153840282469],[124.989400073862711,10.85515336726964],[124.989401868370805,10.855424525458343],[124.989676183998881,10.855422751460061],[124.989677978801495,10.855693909598404],[124.989679773651631,10.855965067731596],[124.989681568549372,10.856236225859814],[124.989683363494549,10.85650738398288],[124.989685158487319,10.856778542100972],[124.989959475303166,10.85677676763169],[124.990233792071493,10.856774992918158],[124.990508108792298,10.856773217960466],[124.9907092743573,10.856771916169524],[124.990710531526247,10.856961726730571],[124.990712327522218,10.857232884670672],[124.990714123565795,10.857504042605711],[124.990988440871291,10.857502267102056],[124.990990237209488,10.857773424986647],[124.991264554714547,10.857771649193356],[124.991266351347434,10.858042807027498],[124.990992033595276,10.858044582866174],[124.990993830028685,10.85831574074064],[124.990719511981908,10.858317516380364],[124.990721308215655,10.858588674295152],[124.990446989874187,10.858590449736013],[124.990448785908441,10.858861607691125],[124.990450581990217,10.859132765641085],[124.990452378119599,10.859403923586072],[124.990454174296488,10.859675081525907],[124.990455970520898,10.859946239460768],[124.990457766792929,10.860217397390567],[124.990183446921037,10.860219172859317],[124.990185242993491,10.86049033082935],[124.990459563112466,10.860488555315214],[124.99046135947961,10.860759713234888],[124.990463155894261,10.86103087114941],[124.990737476460083,10.861029095300253],[124.990739273169439,10.861300253164327],[124.990741069926415,10.861571411023426],[124.990466748866226,10.861573186963355],[124.990468545423539,10.861844344862778],[124.990194224068574,10.861846120603754],[124.990196020426211,10.862117278543501],[124.989921698776456,10.862119054085436],[124.98992349493443,10.862390212065417],[124.990197816831454,10.862388436478096],[124.990199613284219,10.862659594407628],[124.989925291140025,10.862661370040335],[124.989927087393127,10.862932528010191],[124.989928883693736,10.863203685974984],[124.98993068004188,10.863474843934714],[124.990205002927794,10.863473068165938],[124.990206799570714,10.86374422607522],[124.990208596261155,10.864015383979439],[124.989934272880788,10.864017159838987],[124.989936069371666,10.864288317783529],[124.989937865909951,10.86455947572292],[124.989938022640118,10.864583130939447],[124.990148879295546,10.86463606332425],[124.991905018315194,10.865005019868152],[124.993674459680491,10.865305531203107],[124.995454473786666,10.865537133967594],[124.9972423147141,10.86569947110311],[124.99903522447002,10.865792292404405],[125.000830437249306,10.865815454904643],[125.002625183706741,10.86576892309486],[125.004416695235122,10.865652768977478],[125.00620220824193,10.865467171953679],[125.007358511394102,10.865301380208974],[125.007328489961168,10.865138914999569],[125.007301760960829,10.86498065699962],[125.007277466960943,10.864831989999665],[125.007270083960776,10.864753311999728],[125.007267625961106,10.864742610999642],[125.007263528961033,10.864724777999676],[125.007260251960858,10.864710511999562],[125.007260607960887,10.864695439999558],[125.007256510960985,10.864677606999592],[125.007252414960746,10.864659773999627],[125.007248318960933,10.86464193999975],[125.007244222960864,10.864624106999607],[125.007240125961147,10.86460627299973],[125.007239661960924,10.864587635999698],[125.007235565960855,10.864569801999643],[125.007230649960803,10.864548402999738],[125.007227373960887,10.864534135999712],[125.007223277961174,10.864516301999657],[125.007218361960938,10.864494901999663],[125.007215085961022,10.864480635999726],[125.007211808961017,10.8644663689997],[125.007204080960918,10.864449340999712],[125.007200803960728,10.864435073999687],[125.007197525960734,10.864420806999661],[125.007190617960958,10.864407344999435],[125.007186520961056,10.864389511999647],[125.007182425961162,10.864371677999415],[125.007178329960922,10.864353844999627],[125.00717786496088,10.864335206999684],[125.007172949960733,10.864313807999601],[125.00716885296076,10.864295973999546],[125.007164757960865,10.864278139999669],[125.007161480961116,10.864263873999732],[125.007154571961166,10.864250411999684],[125.007149655961115,10.86422901199969],[125.007145560960865,10.864211178999724],[125.007140644960998,10.864189777999641],[125.007138186960702,10.864179078999733],[125.007133272960829,10.864157678999739],[125.007129175960841,10.864139844999684],[125.007125898960837,10.864125578999747],[125.007117351961114,10.864104983999731],[125.007112436960966,10.864083583999737],[125.007107520960915,10.864062183999565],[125.007103424960931,10.864044350999599],[125.00710014896076,10.864030083999396],[125.007096051961128,10.864012249999696],[125.007049488961087,10.863855487999693],[125.007044853960792,10.863835902999583],[125.007041763960899,10.863822846999568],[125.00703481196085,10.863793470999624],[125.006982701961164,10.863562561999615],[125.00678068796114,10.862620119999619],[125.00677836996104,10.862610326999608],[125.006774507960984,10.862594005999412],[125.006769873961133,10.862574421999568],[125.006766783960884,10.862561364999642],[125.006762920960924,10.862545044999713],[125.006759058960952,10.862528723999695],[125.006755196960995,10.862512402999677],[125.006751334961024,10.86249608299957],[125.006747471960878,10.862479762999641],[125.006742836960939,10.862460177999708],[125.006743070961136,10.862446362999719],[125.006739208960994,10.862430042999435],[125.006735346960951,10.862413721999594],[125.006734035960932,10.862393378999599],[125.006729400960893,10.862373794999577],[125.00672553896085,10.862357473999381],[125.00672499996098,10.862340394999656],[125.006721137961193,10.862324073999638],[125.006717275960867,10.862307753999708],[125.006716736961181,10.862290674999628],[125.006713647960922,10.862277617999702],[125.006709784961146,10.862261296999506],[125.006705922961174,10.862244976999577],[125.006702060961118,10.862228656999648],[125.006698198960976,10.862212336999718],[125.006693563961036,10.862192751999608],[125.006689701961079,10.86217643099959],[125.006685067960873,10.862156846999568],[125.006681976961062,10.862143789999642],[125.006678886960799,10.862130733999628],[125.006675025961201,10.862114413999699],[125.006670390961077,10.862094828999588],[125.006665755961052,10.862075244999389],[125.006663438961041,10.862065451999555],[125.006659575960981,10.862049131999626],[125.006654941961045,10.862029547999427],[125.006647755960984,10.862013985999383],[125.006644665960991,10.862000928999635],[125.006640030961236,10.861981344999613],[125.006639492961014,10.86196426599971],[125.006635630961043,10.861947944999692],[125.006632540960965,10.861934887999588],[125.006630624263948,10.861926788440964],[125.006628678961007,10.861918567999659],[125.006628139961052,10.861901488999578],[125.006623504961283,10.861881904999734],[125.006620414960935,10.86186884899972],[125.006615780960999,10.861849263999609],[125.006612690961276,10.861836207999417],[125.00661215196115,10.861819128999691],[125.006609062960976,10.861806071999588],[125.006604427961221,10.861786487999744],[125.00660056596098,10.861770167999637],[125.00659593096114,10.861750582999704],[125.006592068961169,10.861734262999597],[125.006588206961212,10.861717941999402],[125.006584343961066,10.861701621999472],[125.006580482961013,10.861685300999632],[125.006575074961091,10.861662452999695],[125.006569667961088,10.86163960399967],[125.006565805961046,10.861623283999741],[125.006561942960985,10.861606962999723],[125.006558080961028,10.861590642999616],[125.006553445961259,10.861571058999594],[125.006549584961036,10.861554738999665],[125.006548272960927,10.86153439499958],[125.006543637960988,10.861514810999736],[125.006541321960881,10.861505018999637],[125.006536686961027,10.861485433999704],[125.006533596960949,10.861472377999689],[125.006529734960992,10.861456056999671],[125.006525871961287,10.861439736999742],[125.006519458960852,10.861427439999702],[125.006515596961236,10.861411118999683],[125.006510961961126,10.861391533999573],[125.006508644960846,10.861381741999651],[125.006504781960871,10.861365421999722],[125.006497596961168,10.861349859999677],[125.006491416961097,10.86132374699956],[125.006465272961165,10.861272485999493],[125.006437607049904,10.861159035123599],[125.006411665961252,10.861053914999616],[125.006409348960972,10.861044122999694],[125.006405485961096,10.861027802999587],[125.006401624960873,10.861011482999658],[125.006394437961077,10.860995920999613],[125.006391348961088,10.860982863999688],[125.006387485961028,10.860966542999492],[125.006383624960804,10.860950222999563],[125.006379761960829,10.860933902999633],[125.006375899960872,10.860917581999615],[125.006372037961171,10.860901261999686],[125.00636817496094,10.860884940999668],[125.006361761961031,10.860872642999716],[125.006357899960804,10.860856322999609],[125.006357360960934,10.860839243999706],[125.006352726960813,10.860819658999596],[125.006348863961037,10.860803338999666],[125.006348324960982,10.860786259999585],[125.006344463961028,10.860769938999567],[125.00634137396095,10.860756882999553],[125.006337511960979,10.860740562999624],[125.006333648961103,10.860724242999694],[125.006329014961082,10.860704657999584],[125.006325924961004,10.860691601999392],[125.006322062961033,10.860675280999729],[125.006318200961076,10.860658960999622],[125.006318434961088,10.860645145999634],[125.00631534496101,10.860632088999708],[125.006311482961053,10.860615768999601],[125.006308392960975,10.860602712999409],[125.006304529961099,10.860586391999746],[125.006304763961296,10.86057257699958],[125.006300901960969,10.860556256999651],[125.006297811961247,10.860543199999725],[125.006298045961003,10.86052938599947],[125.006293411961067,10.860509800999715],[125.006294417960973,10.860499249999641],[125.006293879960836,10.860482170999738],[125.006293340960966,10.860465091999657],[125.006288706960845,10.860445507999636],[125.006288401961186,10.860414613999566],[125.006283766960792,10.860395029999722],[125.006283227960935,10.860377950999641],[125.006280138960847,10.860364893999716],[125.00627959996099,10.860347814999635],[125.006277282961065,10.860338022999713],[125.006276743960839,10.860320943999632],[125.006276977960852,10.860307128999644],[125.006272342961012,10.860287544999622],[125.006272576961024,10.860273729999633],[125.00627281096105,10.860259914999645],[125.006269720961143,10.860246857999719],[125.006272505961107,10.860229020999576],[125.00627196796097,10.860211941999673],[125.006272526456087,10.860206084463172],[125.006272597960944,10.86012578799965],[125.006272831960956,10.860111972999661],[125.006274844961041,10.860090871999603],[125.006272526961027,10.860081079999681],[125.006272760961039,10.860067264999692],[125.006272994961066,10.860053449999704],[125.006273227960989,10.860039634999538],[125.006273461961015,10.860025819999549],[125.006271378960832,10.860002212999639],[125.006270804622133,10.859962752916172],[125.006270535961121,10.859954239999666],[125.006270613768748,10.859949646356512],[125.006270230961192,10.859923345999597],[125.006266367961132,10.859907024999401],[125.006262506960994,10.859890704999472],[125.006262740961006,10.859876889999484],[125.006258104961077,10.859857304999728],[125.006255788961241,10.859847512999451],[125.006251153961117,10.859827928999607],[125.006248063961223,10.859814872999593],[125.006247525961001,10.859797793999689],[125.006242890961232,10.859778208999579],[125.006239027961001,10.859761887999561],[125.006238489961135,10.85974480899948],[125.00623385496111,10.859725224999636],[125.006234088961222,10.859711409999647],[125.006230225960991,10.859695088999629],[125.006226364961108,10.8596787689997],[125.006223274961215,10.859665712999686],[125.006216861961121,10.859653414999556],[125.006205812961014,10.859621532999583],[125.006193154961025,10.859538432999635],[125.00618983096102,10.859539191999609],[125.006185967961059,10.859522870999591],[125.006182105961088,10.859506550999662],[125.00618233996093,10.859492734999584],[125.006178477960972,10.859476414999655],[125.006173842961203,10.859456829999722],[125.006169980961246,10.859440509999615],[125.006169675960948,10.859409615999724],[125.00616581396099,10.859393294999705],[125.006166047961003,10.859379479999539],[125.006161412961248,10.859359895999695],[125.006160873961292,10.859342816999614],[125.006157012960884,10.859326495999596],[125.006156473961013,10.859309416999693],[125.006151838960989,10.859289831999583],[125.006147976961017,10.859273510999387],[125.006147437961246,10.859256431999661],[125.006144347960898,10.859243375999469],[125.006140486961115,10.85922705599954],[125.006137396961037,10.859213999999703],[125.006133534961066,10.859197678999507],[125.006132995961025,10.859180599999604],[125.006129133960968,10.859164279999675],[125.006124498960943,10.859144694999564],[125.006124732961055,10.859130879999576],[125.006120097961286,10.859111294999465],[125.006117008961027,10.859098238999628],[125.006113145961066,10.859081918999699],[125.006114152961061,10.859071367999626],[125.006109518961125,10.859051782999515],[125.006109751960963,10.859037967999527],[125.006107434961038,10.859028175999605],[125.006103571960992,10.859011854999586],[125.006102261961061,10.85899151299968],[125.006099171961068,10.858978455999576],[125.006094537960948,10.858958871999732],[125.006093998960992,10.858941792999651],[125.006091680960978,10.858931999999641],[125.006091142961111,10.858914921999471],[125.006088053961122,10.858901865999634],[125.006087514961166,10.858884786999553],[125.006082106960989,10.858861936999617],[125.006079790961152,10.858852145999606],[125.006075927961007,10.858835824999588],[125.006070520961003,10.858812976999651],[125.006066658961046,10.858796655999456],[125.006066119961091,10.85877957699973],[125.006062257961034,10.858763256999623],[125.006058395961063,10.858746936999694],[125.006054533961105,10.858730615999676],[125.00605067096096,10.858714295999746],[125.006045264961045,10.858691446999543],[125.006042174961053,10.85867838999944],[125.006038312961095,10.858662069999511],[125.006037001961076,10.858641726999693],[125.006033911961083,10.858628670999678],[125.006030049961126,10.85861234999966],[125.006025414961002,10.858592765999639],[125.006024104961071,10.858572422999643],[125.006021013961259,10.858559366999629],[125.006017151961032,10.85854304599961],[125.006015841961187,10.858522702999615],[125.006011978960956,10.858506381999597],[125.006009660960942,10.858496590999586],[125.006002475960969,10.858481028999719],[125.006000158961044,10.85847123699962],[125.005997068960966,10.858458180999605],[125.005993206961008,10.858441859999587],[125.005986020960947,10.858426297999721],[125.005980613960944,10.858403449999606],[125.005974200961035,10.858391150999566],[125.005967786961207,10.858378853999703],[125.005963152960916,10.858359268999592],[125.00595596696121,10.858343707999637],[125.005952104961239,10.85832738799953],[125.005944146961028,10.85830856099966],[125.00594105696122,10.858295504999646],[125.005936421961096,10.858275919999713],[125.00593410496117,10.858266127999613],[125.005926918961109,10.858250566999658],[125.005919733961136,10.858235004999614],[125.005917415961036,10.858225212999692],[125.005913553960895,10.858208891999674],[125.005909691961108,10.858192571999744],[125.005905057961172,10.858172986999634],[125.005898339961149,10.858129795999702],[125.005835111961247,10.857708172999722],[125.005837459961086,10.857685163999506],[125.005836640961107,10.857681596999655],[125.005832543961205,10.857663763999689],[125.005829267961033,10.857649497999574],[125.005829622961059,10.857634425999571],[125.00582997796117,10.857619354999656],[125.00583033296094,10.857604283999564],[125.005827055961291,10.857590016999538],[125.005823778961016,10.85757574999969],[125.005822850960939,10.857538473999625],[125.005820392961098,10.857527773999628],[125.005819928961145,10.857509136999596],[125.00581665196114,10.85749486999957],[125.005817006961252,10.857479798999655],[125.005812909961094,10.857461964999601],[125.00581244596124,10.857443327999569],[125.005809169961054,10.857429060999721],[125.00580589296122,10.857414793999695],[125.00580624796099,10.857399722999602],[125.005802151961362,10.857381889999637],[125.005801687961139,10.857363251999693],[125.005796771961002,10.857341851999522],[125.005793495961086,10.857327584999673],[125.005793850961211,10.857312513999581],[125.005790573961107,10.857298247999644],[125.005786477961124,10.85728041399959],[125.005783200961119,10.857266147999653],[125.00577910496105,10.85724831399942],[125.005774189961002,10.857226913999604],[125.005770094961107,10.857209080999638],[125.005768809960998,10.857186875999489],[125.00576635296089,10.857176175999669],[125.005762256961077,10.857158343999615],[125.005757341961029,10.857136942999531],[125.005753245961046,10.857119109999566],[125.005748330961083,10.857097709999572],[125.005744235961188,10.857079876999606],[125.005740957961009,10.85706560999958],[125.005736861961282,10.857047775999703],[125.005731946961063,10.85702637699962],[125.005727031961271,10.857004976999448],[125.005723754961181,10.8569907099996],[125.005719659961017,10.856972875999723],[125.005716382960927,10.856958609999609],[125.005712286961298,10.856940776999643],[125.005708190961045,10.856922942999589],[125.005703275961352,10.856901542999594],[125.005698360961205,10.856880143999689],[125.005694264961221,10.856862309999634],[125.005686536961122,10.856845280999735],[125.005682440961138,10.856827447999592],[125.005677525961346,10.856806047999598],[125.005673429961107,10.856788213999721],[125.005669334961112,10.856770380999578],[125.005666056961203,10.856756114999641],[125.005661961961124,10.856738280999409],[125.00565786596097,10.856720446999709],[125.005653769961341,10.856702614999655],[125.00564885396129,10.856681214999661],[125.005649209961135,10.856666142999657],[125.005644294961172,10.856644742999663],[125.005641017960997,10.856630476999726],[125.005636921961013,10.856612642999671],[125.00563282596103,10.856594809999706],[125.005627910961067,10.856573408999623],[125.005623814961083,10.856555575999479],[125.005621357961147,10.85654487599966],[125.005618079960968,10.856530609999723],[125.005612345961282,10.856505642999522],[125.005607431961053,10.856484241999439],[125.005603334961165,10.856466408999651],[125.005602051961318,10.85644420499959],[125.005600767961042,10.856421998999707],[125.005600303960918,10.856403361999675],[125.005597026961169,10.856389094999471],[125.005596917961071,10.856355385999436],[125.005592002960938,10.856333984999708],[125.005586268961352,10.856309017999685],[125.005591927960936,10.856267192999688],[125.005587476961097,10.856264429999726],[125.005587831961208,10.856249358999634],[125.005584554961032,10.856235091999608],[125.005584909961144,10.856220021999604],[125.00558081396116,10.856202187999727],[125.005581168961285,10.856187115999724],[125.005577891961011,10.856172848999698],[125.005573795961297,10.856155016999466],[125.005570519961296,10.856140749999618],[125.005563610961076,10.856127286999659],[125.00555670296103,10.856113824999611],[125.005549793961265,10.856100362999562],[125.005539253961274,10.856087704999581],[125.005531525960905,10.856070676999593],[125.00552743096101,10.856052842999716],[125.005520521960975,10.856039380999491],[125.005513612960939,10.85602591899962],[125.005509517961045,10.856008085999655],[125.005505420961057,10.8559902519996],[125.005501325961163,10.855972417999546],[125.005497229961179,10.855954585999669],[125.005493952961174,10.855940318999643],[125.005494552961224,10.855876466999689],[125.005491276961308,10.855862199999663],[125.005490812961085,10.855843562999631],[125.005486715961197,10.855825728999577],[125.005485023206276,10.855801740390255],[125.005483794961037,10.855796390999636],[125.005483329961095,10.855777753999604],[125.005480872960973,10.855767053999429],[125.005476776961174,10.85574921999973],[125.00547349996134,10.855734952999704],[125.005469403961186,10.855717120999472],[125.005465307961373,10.855699286999595],[125.005461212961123,10.855681453999452],[125.005458754961097,10.855670752999544],[125.005455477961007,10.855656486999607],[125.005451381961294,10.855638653999641],[125.00545091796107,10.85562001599952],[125.005445183961129,10.855595048999675],[125.005443900961026,10.855572844999614],[125.005440622961117,10.855558577999588],[125.005438165961081,10.855547877999591],[125.005437701961228,10.855529240999736],[125.005430328960969,10.855497139999656],[125.005395923961146,10.855347339999696],[125.005244289961027,10.85457589999946],[125.005240818961013,10.854560786999542],[125.005236479961269,10.854541894999578],[125.005229160961107,10.854527632999641],[125.005224821961022,10.854508740999677],[125.005220482961278,10.854489848999535],[125.005216144961096,10.85447095699957],[125.005215652961056,10.854451211999624],[125.005211312961052,10.85443231999966],[125.005206973961052,10.854413427999518],[125.00520176696098,10.854390756999507],[125.005199163961123,10.854379421999546],[125.005198672961072,10.8543596789996],[125.005194332961167,10.854340785999547],[125.005189125961081,10.854318114999714],[125.005184786961351,10.854299222999572],[125.005185162961197,10.854283257999583],[125.005181691961269,10.854268143999576],[125.00518206796103,10.854252177999498],[125.005178596961017,10.854237063999491],[125.005178104961246,10.854217319999634],[125.005178480961177,10.854201353999734],[125.005175876961317,10.854190018999596],[125.00517538596111,10.854170274999738],[125.005176628961024,10.854158086999618],[125.005172290961113,10.854139194999654],[125.005171798961427,10.854119450999619],[125.005171986854336,10.854111472547142],[125.005171682961148,10.854083739999595],[125.005172058961278,10.854067774999606],[125.005176281961184,10.854050956999636],[125.005175789961228,10.85403121199969],[125.005177033961061,10.85401902399957],[125.005179521961182,10.853994649999684],[125.005182877961104,10.853974052999668],[125.005186232961293,10.853953456999562],[125.005189588961301,10.853932858999634],[125.005189963960973,10.853916893999646],[125.005190339961104,10.853900927999391],[125.005190715961035,10.853884961999668],[125.00518637696112,10.853866069999704],[125.005182038961294,10.853847177999384],[125.005177698961205,10.853828285999597],[125.005174227961191,10.85381317199959],[125.005170756961164,10.853798057999583],[125.005167284961416,10.853782944999665],[125.005159967961248,10.853768683999462],[125.005156495961145,10.853753569999455],[125.005152156961131,10.853734677999668],[125.005148685961203,10.853719564999572],[125.005148193961162,10.853699819999449],[125.005143854961247,10.853680927999662],[125.005140383961233,10.853665813999655],[125.005136044961048,10.85364692199969],[125.00513170496113,10.853628029999548],[125.005127366961304,10.853609137999584],[125.005122159961147,10.853586467999662],[125.005117820961132,10.853567574999609],[125.005115592961218,10.853540273999748],[125.005112990961365,10.853528938999609],[125.005108650961262,10.853510046999645],[125.005105179961063,10.853494932999638],[125.005103819961306,10.853471409999734],[125.005100348961108,10.853456295999727],[125.005091294961161,10.85343447899961],[125.005087823961148,10.853419364999603],[125.005080504961072,10.853405102999666],[125.005077034961133,10.853389988999659],[125.005069715961426,10.853375727999634],[125.005064508960984,10.853353056999623],[125.005058057961079,10.853342573999733],[125.005050247961051,10.853308567999406],[125.005043779961312,10.853262797999705],[125.005044155961258,10.853246831999627],[125.005044530961115,10.853230865999727],[125.005040191961115,10.853211973999585],[125.0050358529612,10.853193081999621],[125.005031513961015,10.853174189999478],[125.00502717496127,10.853155296999603],[125.005023703961072,10.853140182999596],[125.005018496961,10.853117511999585],[125.005018872961116,10.853101546999596],[125.005014533961386,10.853082654999454],[125.005014417961291,10.853046943999608],[125.005010077961018,10.853028051999644],[125.005009586961151,10.853008307999609],[125.005005247961321,10.852989415999645],[125.00500475596111,10.852969670999698],[125.00500041696111,10.852950778999556],[125.004999924961155,10.85293103399961],[125.005001168960987,10.852918846999579],[125.00499769696124,10.852903732999572],[125.004997205961374,10.852883988999714],[125.004998449961207,10.852871800999594],[125.004997957961251,10.852852056999737],[125.004995354961224,10.852840721999598],[125.004995730961156,10.85282475499961],[125.004996106961102,10.852808789999621],[125.0049908999613,10.85278611899961],[125.004991274961142,10.85277015299971],[125.004986068961344,10.852747482999611],[125.00498644496119,10.852731516999711],[125.004983841961149,10.852720180999661],[125.004984265622355,10.852675086444282],[125.00498410196117,10.852668504999471],[125.004984476961212,10.852652539999482],[125.004981873961171,10.85264120399961],[125.004981382961304,10.852621459999575],[125.004977043961119,10.852602567999611],[125.004976551961349,10.852582822999665],[125.004971344961191,10.852560152999743],[125.004971720961393,10.852544186999665],[125.004967381961123,10.852525294999701],[125.004963910961195,10.852510180999694],[125.004964286961041,10.852494214999616],[125.004960814961208,10.852479101999698],[125.004961190960969,10.852463135999621],[125.004958964961233,10.852435833999671],[125.004956360961373,10.85242449899971],[125.004955868961062,10.852404754999675],[125.004951529961417,10.852385862999711],[125.004951413961138,10.852350151999687],[125.00494794296138,10.852335038999591],[125.004942735961222,10.852312367999581],[125.004943111961424,10.852296402999592],[125.004937036961195,10.852269953999624],[125.004934434961328,10.852258618999663],[125.004934810961274,10.852242652999585],[125.004929603961372,10.852219981999575],[125.004929978961144,10.852204015999675],[125.004924772961417,10.852181345999576],[125.00492216996129,10.852170009999703],[125.004917829961286,10.852151117999561],[125.004912622961299,10.85212844799964],[125.004913866961232,10.852116259999697],[125.004907792960992,10.852089810999551],[125.004905189961136,10.852078475999591],[125.004900849961132,10.852059583999626],[125.004896511961036,10.852040691999662],[125.004892172961391,10.85202179999952],[125.004887833961291,10.852002907999555],[125.004884361961189,10.851987794999637],[125.004877043961287,10.8519735329997],[125.004873572961273,10.851958418999693],[125.004865386961299,10.851940379999711],[125.004861047961029,10.851921487999746],[125.004853729961141,10.851907225999454],[125.004845542961434,10.851889185999561],[125.004842938961218,10.8518778509996],[125.004835621961419,10.851863589999574],[125.004827434961001,10.85184554999968],[125.004823096961175,10.851826657999716],[125.004814909961212,10.851808617999644],[125.00480970296131,10.851785946999634],[125.004806231961297,10.851770832999627],[125.004801892961112,10.851751940999662],[125.004797553961467,10.851733048999698],[125.004793214961197,10.851714156999734],[125.004788876961371,10.851695264999591],[125.004784536961182,10.851676372999449],[125.004779329961281,10.851653701999439],[125.004775859961441,10.851638588999698],[125.004771520961171,10.851619696999556],[125.004768048961424,10.851604582999549],[125.004768024118363,10.851604474813467],[125.004762842961341,10.851581911999538],[125.004758503961256,10.851563019999752],[125.004754164961341,10.85154412799961],[125.004754540961372,10.851528161999532],[125.004749454961129,10.851481874999521],[125.004732700961156,10.851426526999738],[125.004728361961241,10.851407634999596],[125.004728737961003,10.851391667999607],[125.004723530961286,10.851368997999685],[125.004723038961245,10.851349253999651],[125.004718699960975,10.851330361999686],[125.004714361961149,10.851311469999722],[125.004714736961446,10.851295502999733],[125.004711265961433,10.851280389999637],[125.004706058961446,10.851257718999626],[125.004706434961477,10.851241752999726],[125.004701227961135,10.851219081999716],[125.004696021961408,10.851196411999616],[125.004696397961439,10.851180445999717],[125.004692057961265,10.851161553999574],[125.004687718961165,10.85114266199961],[125.004683380961168,10.851123768999557],[125.004682888961128,10.8511040249997],[125.004677681961041,10.8510813549996],[125.004673342961397,10.851062462999636],[125.004669870961109,10.851047348999629],[125.004670247961229,10.851031382999551],[125.004665908961314,10.851012490999587],[125.004661569961129,10.850993598999622],[125.004660209961472,10.85097007499963],[125.004660585961318,10.850954109999641],[125.00465537996125,10.850931439999542],[125.004655754961007,10.850915472999553],[125.004656130961123,10.850899506999653],[125.004651791961479,10.850880614999689],[125.004652167961339,10.8508646499997],[125.004646961961257,10.850841978999689],[125.00464175496127,10.850819307999679],[125.004638282961167,10.850804193999672],[125.004637791961116,10.850784450999548],[125.004634320961102,10.850769336999541],[125.004629113961201,10.850746666999619],[125.004626509961341,10.850735330999747],[125.00462601796103,10.850715586999534],[125.004621679961119,10.850696694999748],[125.004617340961204,10.850677802999606],[125.00461386996119,10.850662688999599],[125.004613378961238,10.850642943999652],[125.004609038961235,10.850624051999688],[125.004605567961207,10.850608938999592],[125.00460036096122,10.850586267999581],[125.004595154961152,10.850563597999482],[125.004594662961281,10.850543852999714],[125.004590322961192,10.850524960999749],[125.004585984961281,10.850506068999607],[125.004581645961096,10.850487176999465],[125.004578174961338,10.850472063999547],[125.004573835961153,10.850453171999582],[125.004571232961297,10.850441836999622],[125.004570740961256,10.850422091999675],[125.004567268961154,10.850406977999668],[125.004561194961184,10.850380529999612],[125.004554252961142,10.850350301999597],[125.004552516961169,10.850342745999683],[125.004552893961289,10.850326778999694],[125.004547686961132,10.850304108999595],[125.004547194961177,10.85028436499956],[125.004542855961176,10.850265472999595],[125.004542363961136,10.850245727999649],[125.00453715696132,10.85022305799955],[125.00453753296118,10.85020709199965],[125.004534062961241,10.850191977999643],[125.004530590961139,10.850176863999636],[125.004526251961224,10.850157971999671],[125.004526627961255,10.850142006999683],[125.004523157961316,10.850126892999675],[125.004517950961159,10.850104221999665],[125.004517458961473,10.85008447799963],[125.004513987961275,10.850069364999534],[125.004510516961247,10.850054250999705],[125.004510892961363,10.850038284999627],[125.004506552961274,10.850019392999663],[125.004506929961224,10.850003425999674],[125.004504702961128,10.849976125999724],[125.004501230961196,10.849961011999717],[125.004497760961257,10.84994589799971],[125.004497268961302,10.849926153999675],[125.004496776961261,10.849906408999551],[125.004491569961189,10.849883737999718],[125.004490210961166,10.849860215999549],[125.004490445458742,10.849850258584656],[125.004487573961214,10.849764808999382],[125.0044841029612,10.84974969499973],[125.004483610961245,10.849729950999695],[125.004479271961245,10.849711058999731],[125.004474932961145,10.849692166999588],[125.004470593961415,10.849673273999713],[125.004470969961261,10.849657307999635],[125.004466630961346,10.849638415999671],[125.004462291961261,10.849619523999706],[125.004457952961161,10.849600631999564],[125.004453613961246,10.849581738999689],[125.004449274961246,10.849562846999547],[125.004444935961246,10.849543954999582],[125.004440596961146,10.849525062999618],[125.004436257961416,10.849506170999653],[125.004432786961218,10.849491056999646],[125.004432295961166,10.849471312999611],[125.004428823961334,10.849456198999604],[125.004429199961365,10.849440232999527],[125.004423992961378,10.849417561999516],[125.00442052196108,10.849402447999509],[125.004416182961435,10.849383555999545],[125.004411843961165,10.84936466399958],[125.004412219961196,10.849348697999503],[125.004408748961183,10.849333583999496],[125.004404409961168,10.849314691999709],[125.004403917961227,10.849294948999585],[125.004404293961429,10.849278981999596],[125.004399955961247,10.849260089999632],[125.004394748961445,10.84923741999971],[125.004395992961364,10.84922523199959],[125.004391653961363,10.849206339999625],[125.004388182961335,10.849191225999618],[125.004388558961281,10.84917526099963],[125.004384219961196,10.849156367999576],[125.004384594961138,10.849140402999588],[125.004381124961284,10.849125288999581],[125.00438150096123,10.849109322999681],[125.004378029961302,10.849094208999674],[125.004378117940348,10.849090463200803],[125.004378404961059,10.849078242999596],[125.00437878096119,10.849062277999607],[125.004374442961179,10.849043385999643],[125.004375194961241,10.849011453999665],[125.004371722961039,10.848996339999658],[125.004367384961128,10.848977446999605],[125.004362177961227,10.848954776999683],[125.00435917196107,10.848941688999489],[125.004357838961312,10.848935884999719],[125.004355235961285,10.84892454999958],[125.004351764961086,10.848909435999573],[125.00434655796127,10.848886765999652],[125.004342218961355,10.848867873999687],[125.004337011961198,10.848845202999676],[125.004332673961372,10.848826310999712],[125.004330069961156,10.848814975999574],[125.004324862961255,10.848792305999652],[125.004320524961159,10.848773413999687],[125.004320032961473,10.848753668999741],[125.004315693961203,10.848734776999422],[125.004316069961234,10.848718810999699],[125.004312598961391,10.848703696999692],[125.004311239961197,10.8486801749997],[125.004307767961436,10.848665061999426],[125.004307276961313,10.848645316999658],[125.00430765296116,10.84862935099958],[125.004303313961245,10.848610458999616],[125.004299726961221,10.848559634999674],[125.004296255961194,10.848544520999667],[125.004295763961153,10.848524776999632],[125.004295272961386,10.848505032999597],[125.004291801961188,10.84848991899959],[125.00429044196143,10.848466395999687],[125.004291685961348,10.848454207999566],[125.004287346961348,10.848435315999424],[125.004287722961109,10.848419350999436],[125.004284251961266,10.848404236999428],[125.004281289664192,10.848347352620976],[125.004280172961202,10.848333668999629],[125.004279802449659,10.848318799591613],[125.004278322961227,10.848290400999602],[125.004276354961235,10.848281832999604],[125.004273982961124,10.848271508999638],[125.004274358961254,10.848255543999649],[125.00426828496137,10.848229094999681],[125.004263077961198,10.84820642399967],[125.004258739961372,10.848187531999528],[125.004249569961246,10.848130002999653],[125.004225201961177,10.847964460999634],[125.004215701961186,10.847928548999683],[125.004215465961167,10.847910185999673],[125.004209717961146,10.847878771999738],[125.00420332796115,10.847797514999499],[125.004202753961366,10.847752917999628],[125.004202179961226,10.847708321999491],[125.004198967961145,10.847666380999485],[125.004193152961363,10.847629720999649],[125.004189940961098,10.847587780999731],[125.004186660961366,10.847540593999646],[125.004166814961494,10.847451632999658],[125.004158226961238,10.847407135999617],[125.004154716994336,10.84738356179383],[125.004152377961191,10.847367851999564],[125.004149166961369,10.847325911999647],[125.004151330961278,10.847286528999675],[125.004148152961378,10.847247211999708],[125.004142337961426,10.847210551999694],[125.004140736442423,10.8471991437291],[125.004132710417778,10.847147123500264],[125.004127799961466,10.847118900999661],[125.004125300876169,10.847099098971821],[125.004115067358768,10.847032771002482],[125.004113193961231,10.847022003999726],[125.004107344961369,10.846982719999673],[125.004098790961294,10.846940845999583],[125.004090168961113,10.846893724999504],[125.004078673961132,10.846830897999723],[125.004070085961317,10.846786399999594],[125.004058928961186,10.846749805999409],[125.004050475961378,10.846715801999615],[125.004044829961359,10.84669225899971],[125.004039081961494,10.846660844999597],[125.004036377961185,10.846658253999649],[125.004027785961185,10.846613366999577],[125.004016627961235,10.846576772999569],[125.004005369961376,10.84653230899962],[125.003988194961195,10.846443314999718],[125.003982311961238,10.846401407999714],[125.003973723961238,10.846356910999674],[125.003965068961506,10.846307166999644],[125.003959118961276,10.84626001299965],[125.003955771961088,10.846207579999664],[125.003955129961298,10.846157735999626],[125.003954486961518,10.846107892999676],[125.003954142961305,10.846081179999686],[125.003956610961339,10.846065405999624],[125.003958808961514,10.846028645999603],[125.003958436961227,10.845999789999702],[125.003960736961503,10.84597089899971],[125.003963867195793,10.845947245124851],[125.003967938961125,10.845907839999732],[125.003967499961263,10.845873735999575],[125.003967094961311,10.845842255999635],[125.003964017961323,10.845810808999609],[125.003966249961252,10.845776672999627],[125.003971152961114,10.845742502999641],[125.003973282961468,10.84570049599963],[125.003975514961297,10.84566635999947],[125.003974940961072,10.845621762999599],[125.003974399961479,10.845579788999679],[125.003973926961351,10.84554306299966],[125.003970579961518,10.845490628999585],[125.003964527961458,10.845435605999384],[125.003961113961267,10.845377924999674],[125.003960725365616,10.845347765149235],[125.003956921961091,10.845259907999591],[125.003948131961167,10.845199670999669],[125.003942214961384,10.845155140999537],[125.00393349296138,10.845100150999606],[125.003924667961272,10.845037289999468],[125.003918683961487,10.844987512999701],[125.003915370961479,10.844937702999665],[125.003912125961207,10.844893138999531],[125.003908710961369,10.844835458999555],[125.003905363961266,10.844783024999657],[125.003893665961371,10.84470445799964],[125.003887816961239,10.844665173999587],[125.003862755961293,10.844586101999617],[125.003843686961147,10.844557477999736],[125.003838175961221,10.844544426999633],[125.003827085961277,10.844513079999615],[125.003818599961377,10.844476452999693],[125.003810079961553,10.844437201999732],[125.003804197961429,10.844395294999551],[125.003800951961338,10.844350731999683],[125.003800512961391,10.844316627999703],[125.003799971961072,10.844274654999694],[125.003796658961249,10.844224844999658],[125.003796016961189,10.84417500099962],[125.003795307961227,10.84411991099968],[125.003794766961178,10.844077937999671],[125.003794327961316,10.844043834999603],[125.003791318961078,10.844017634999567],[125.003790879961386,10.843983530999409],[125.003790473961445,10.843952050999647],[125.00378479396106,10.843925883999702],[125.003781919961355,10.843910176999735],[125.003779012961388,10.843891846999639],[125.003775969961396,10.843863023999653],[125.003772859961316,10.843828952999587],[125.003769613961225,10.843784389999719],[125.003766469961235,10.843747695999703],[125.003766097961474,10.843718838999713],[125.003768363961214,10.843687325999682],[125.003775970961314,10.843655746999644],[125.003780806961529,10.843616329999669],[125.00378726496136,10.843495556999713],[125.003791930961214,10.843443022999629],[125.00379399396121,10.843395769999539],[125.00379365596126,10.843369535999678],[125.003793216961228,10.843335432999609],[125.003795447961409,10.843301295999716],[125.00379778096125,10.843275028999585],[125.003789242961076,10.843234283999678],[125.003791542961096,10.843205394999686],[125.003791170961321,10.843176537999696],[125.003790866961296,10.843152927999697],[125.003790596961451,10.843131940999648],[125.003790123961323,10.843095213999717],[125.003789650961195,10.843058487999699],[125.003791915961116,10.843026974999667],[125.003782753961431,10.842937880999578],[125.003782314961299,10.842903776999421],[125.003781807961261,10.842864426999718],[125.00378119996121,10.842817206999719],[125.003783329961479,10.842775200999618],[125.003782620961331,10.842720110999679],[125.003781978961271,10.84267026699964],[125.003784007961357,10.842620390999599],[125.003788876961309,10.842583597999663],[125.003790972961482,10.842538967999701],[125.003798073961278,10.842468037999694],[125.003800169961266,10.842423407999732],[125.003799494961484,10.842370940999743],[125.003796079961205,10.842313260999589],[125.003789960961228,10.842252989999665],[125.003789554961187,10.842221509999725],[125.003786545961205,10.842195308999599],[125.003780798961444,10.842163894999665],[125.003775050961238,10.842132480999553],[125.003763791961276,10.842088016999604],[125.00375006496121,10.842059325999628],[125.003738941961089,10.842025200999736],[125.003738738961161,10.842009460999677],[125.003738468961231,10.841988473999628],[125.00373806296119,10.841956993999688],[125.003742492961564,10.841886097999506],[125.003742019961166,10.841849370999576],[125.003741546961308,10.841812643999646],[125.00373846996132,10.841781196999619],[125.003737962961097,10.841741846999561],[125.003737523961235,10.841707743999493],[125.003737219961394,10.841684133999671],[125.003736814961442,10.841652653999553],[125.003733670961367,10.841615959999714],[125.003733196961505,10.841579233999695],[125.003735293961412,10.841534603999733],[125.003737525961057,10.841500466999662],[125.003742428961559,10.841466296999677],[125.003750069961214,10.84143734099959],[125.003755039961263,10.841408417999595],[125.003762647961182,10.841376837999647],[125.003767448961227,10.841334798999455],[125.003766975961369,10.841298071999702],[125.003769274961286,10.841269181999621],[125.003768869961348,10.841237701999681],[125.003765758961535,10.841203630999615],[125.003760045961329,10.84117484099972],[125.003754331961389,10.841146050999647],[125.003737663961246,10.841096405999714],[125.003720724961269,10.841025774999466],[125.003715010961244,10.840996983999659],[125.003709263961213,10.840965569999547],[125.00370338096134,10.840923662999543],[125.003697801961323,10.840905365999717],[125.003700405961183,10.840900085999635],[125.003686583961283,10.840863911999662],[125.003691756961274,10.840850728999726],[125.003691621961352,10.840840235999657],[125.003691452961164,10.840827118999549],[125.003688511961272,10.840806164999591],[125.00368553696147,10.840782587999684],[125.003679349961132,10.840717070999503],[125.003678707961342,10.840667227999553],[125.003678335961311,10.840638370999741],[125.003677761961271,10.840593774999604],[125.003677288961498,10.840557047999674],[125.003676916961282,10.840528190999507],[125.003676545961341,10.840499333999695],[125.00367617396131,10.840470477999617],[125.003675903961209,10.840449490999745],[125.003675497961169,10.840418010999628],[125.003675058961306,10.840383907999559],[125.003674585961278,10.840347180999629],[125.003678778961259,10.840257920999704],[125.003683681961135,10.840223750999719],[125.003696326961474,10.840168494999588],[125.003698693961226,10.840144851999675],[125.003700741636237,10.84013408983909],[125.003708465961324,10.840073888999576],[125.00371357096121,10.840055459999562],[125.003713367961367,10.840039718999591],[125.00371296296116,10.840008238999651],[125.003715092961428,10.839966232999551],[125.003717527961101,10.839947835999538],[125.003722598961517,10.839926782999484],[125.003726739961238,10.839921214999734],[125.00373354396126,10.839917873999546],[125.003737485961153,10.83991400299967],[125.003743397961543,10.83990626099974],[125.003753250961211,10.83989658299965],[125.003764515404185,10.839878605461614],[125.00377295896142,10.839863677999503],[125.003784782961063,10.83984625799966],[125.003804489961269,10.839780448999633],[125.003812372961121,10.839747544999575],[125.003810402961321,10.839722381999714],[125.003812372961121,10.839695283999603],[125.003812372961121,10.839664314999617],[125.003812372961121,10.839635281999435],[125.003818285961344,10.839606247999697],[125.003826168961197,10.839577214999693],[125.003828138961183,10.839550116999405],[125.003828138961183,10.83953076099958],[125.003828138961183,10.839511405999666],[125.003823243330174,10.839469504537011],[125.003822226961404,10.839463016999659],[125.003818285961344,10.83943011199969],[125.003814343961196,10.839393335999667],[125.003808431961247,10.839372044999593],[125.003804490961542,10.839346881999553],[125.003802519961468,10.83931978399962],[125.003780841961273,10.839263652999684],[125.003769017961361,10.839223005999607],[125.003767046961286,10.839197842999567],[125.003769017961361,10.839180422999547],[125.003767046961286,10.839165635999656],[125.003769017961361,10.839142408999599],[125.003765075961212,10.839076599999572],[125.003765075961212,10.839047566999568],[125.00376602873915,10.839038210343585],[125.003769017961361,10.839008854999562],[125.003765076961471,10.838944981999518],[125.003761134961323,10.838921754999639],[125.00375325196147,10.838896592999689],[125.003749310961155,10.838879132999665],[125.00374733996108,10.838857841999591],[125.003743398961277,10.838842356999642],[125.003743398961277,10.838821065999568],[125.003739456961227,10.838772676999739],[125.003732452268935,10.838727095796571],[125.003731573961275,10.838722351999571],[125.003727632961215,10.838697189999621],[125.003723691961156,10.838670091999688],[125.003717778961288,10.838642993999578],[125.00371382216143,10.838623562043445],[125.003703983961302,10.838577183999639],[125.003698071961352,10.838536537999651],[125.003684276961096,10.838488147999733],[125.003676394961246,10.838474598999412],[125.003672452961453,10.838459114999552],[125.003668511961394,10.838441694999709],[125.003666540961319,10.838428145999742],[125.003658657961196,10.838404918999686],[125.003648804961188,10.838372014999628],[125.00363895096126,10.838335238999605],[125.003629096961234,10.838294591999706],[125.003621214961115,10.838252008999646],[125.003617272961321,10.838215233999712],[125.003617272961321,10.838192006999655],[125.003621214961115,10.838170715999581],[125.003636980961531,10.838116519999538],[125.003642892961309,10.838079743999693],[125.003642892961309,10.838044903999652],[125.003644862961295,10.8380100639997],[125.003642892961309,10.837971351999428],[125.003631067961308,10.837857153999572],[125.003629097961323,10.837824248999603],[125.003625155961529,10.837802957999529],[125.003623185961189,10.837777794999667],[125.003611360961187,10.837723598999624],[125.003609390961387,10.837706178999426],[125.003611360961187,10.837685221999735],[125.003609390961387,10.837679414999698],[125.003605448961238,10.837665865999732],[125.00359953696146,10.837640703999604],[125.003593624961056,10.837594249999668],[125.003587712961277,10.83756908799954],[125.003583771961488,10.837549731999715],[125.003581799080521,10.83754004476399],[125.003578847086047,10.837526514490023],[125.00357391796129,10.837507148999656],[125.003569976961316,10.837485857999582],[125.003560122961389,10.837458759999649],[125.00353450396149,10.837365852999689],[125.003528591961356,10.837334883999702],[125.003524650961396,10.837305849999609],[125.003522679961222,10.837280687999659],[125.003522679961222,10.837259396999585],[125.003520709961421,10.837240040999582],[125.003518738961347,10.837218749999508],[125.003512826961213,10.837195522999629],[125.00350691496125,10.837166488999536],[125.003502972961286,10.83714326299939],[125.003495090961522,10.837114228999653],[125.003491148961373,10.837094873999739],[125.003485236961239,10.8370697109997],[125.003479324961276,10.837036806999642],[125.003473412961498,10.836998094999636],[125.003467500961108,10.836963254999418],[125.003463558961215,10.836936156999663],[125.00345961796134,10.83689938099964],[125.00345879121582,10.836885579257935],[125.003453705961377,10.83683163599963],[125.003447793961243,10.83680647399968],[125.00344385196145,10.836783246999445],[125.00343991096139,10.836754213999619],[125.00343991096139,10.836725179999704],[125.003437939961316,10.836698081999415],[125.003428086961307,10.836609045999509],[125.003422173961354,10.8365780769997],[125.00341429196132,10.836554849999644],[125.003406408961197,10.836529686999604],[125.003402466961319,10.836504524999654],[125.003401153162642,10.836477428445942],[125.003400495961245,10.836471619999685],[125.003400495961245,10.836463876999666],[125.003398525961259,10.836452263999682],[125.003394320961533,10.83640858899971],[125.003398261961237,10.836371812999687],[125.003394320961533,10.83634858599963],[125.003392349961459,10.836302131999695],[125.003389719157255,10.836271767572544],[125.003388408961214,10.836257613999564],[125.003386437961055,10.83623825899965],[125.00338446796134,10.836211160999717],[125.003380525961276,10.836184062999607],[125.003378555961291,10.836151157999637],[125.003368701961364,10.836073735999626],[125.003366731961464,10.836038895999408],[125.003365157867819,10.836006434213171],[125.003362789961315,10.835961472999664],[125.003365007961506,10.835916875999615],[125.003360088961273,10.835874024999711],[125.003359868961439,10.835856862999535],[125.003359620961234,10.835837555999625],[125.003354893961372,10.835809720999542],[125.00335002996151,10.835771159999638],[125.003345110961106,10.835728308999556],[125.00333991696111,10.835664004999742],[125.003335107961519,10.835629734999571],[125.00332814196129,10.83559763699958],[125.003321038961246,10.83555481299959],[125.003316174961455,10.835516251999685],[125.003302490961488,10.835471362999613],[125.003295415961517,10.835430683999711],[125.003294947961209,10.835394214999624],[125.003287953961163,10.835359970999633],[125.003281070961393,10.835334308999641],[125.003274187961367,10.83530864699965],[125.003260704321818,10.835241490112043],[125.003255584961238,10.835220845999579],[125.003253938272948,10.835207790983311],[125.003241515961506,10.835145922999686],[125.003236266961238,10.835077328999695],[125.00323148496129,10.835045203999613],[125.003224574961607,10.835017395999621],[125.003222031961315,10.834989534999714],[125.003219434961451,10.834957382999718],[125.003222811961379,10.834880098999541],[125.003219664961293,10.834805041999637],[125.003219168961422,10.834766426999551],[125.003218755961399,10.834734247999641],[125.003218397961277,10.834706358999732],[125.003220306961609,10.834684878999731],[125.00322003196132,10.834663426999732],[125.003217626961472,10.834646291999647],[125.003198914961345,10.83420955299966],[125.003192113961319,10.834190325999579],[125.003185258961466,10.834166808999676],[125.003175998961325,10.834126156999687],[125.003171271961278,10.834098322999694],[125.003170886961342,10.834068288999696],[125.003156927961513,10.834001947999624],[125.003145538961377,10.833965613999638],[125.00314086796125,10.833942069999644],[125.003136141961221,10.833914234999739],[125.00313346196144,10.833875647999477],[125.003130698961385,10.83383062399966],[125.003130543315493,10.833818464875907],[125.00312774396123,10.833770582999577],[125.003129212961355,10.833714778999578],[125.003126532961488,10.833676190999583],[125.003126119961195,10.833644011999674],[125.003127801584384,10.833611229067039],[125.00313267796156,10.833516164999665],[125.003138941961367,10.833166789999623],[125.003124996961361,10.833045833999741],[125.003117975961317,10.833009444999661],[125.00311548896137,10.832985873999576],[125.003108605961344,10.832960211999406],[125.003101667961559,10.832930259999593],[125.003096941961445,10.832902424999688],[125.003092159961312,10.832870299999605],[125.003089589961277,10.832840292999698],[125.003084836961321,10.832810312999705],[125.003082947109235,10.832789607861034],[125.003079906971664,10.832766413087288],[125.003077512961255,10.832750326999715],[125.003076858817309,10.832743157149313],[125.003070216961447,10.832692484999725],[125.003067079398349,10.832652201048973],[125.00306502296138,10.832628180999734],[125.003064986315849,10.832625329669096],[125.003062369961512,10.83259173799965],[125.003061962961382,10.832559952999596],[125.003061659961276,10.832536354999419],[125.003049884961371,10.832469986999612],[125.003047425961341,10.832448560999616],[125.003046031751794,10.832410392421096],[125.003044525961272,10.832392810999622],[125.003044057961503,10.832356340999624],[125.003041487961198,10.832326333999717],[125.003036706961424,10.832294208999635],[125.003036110540833,10.832288556314115],[125.003031883056238,10.832258859417262],[125.003029548961464,10.832247094999644],[125.003027116961519,10.832227813999381],[125.003026124258099,10.832218405471114],[125.003022279961485,10.832191398999655],[125.00302194996145,10.832165654999656],[125.00301744396161,10.832154982999484],[125.003017278961508,10.832142110999662],[125.003021426961226,10.832124894999659],[125.003034091961396,10.832090408999647],[125.003038184961369,10.832068901999733],[125.003040092961356,10.832047421999732],[125.003037578961496,10.832021705999558],[125.003032934961297,10.832000306999653],[125.003028208961254,10.831972472999482],[125.003025666961221,10.831944610999663],[125.003025335961283,10.831918867999576],[125.00302729996136,10.831901678999664],[125.003028843733944,10.83189442577844],[125.003033356961424,10.831862982999482],[125.003030924961223,10.831843702999663],[125.003028492961377,10.831824421999578],[125.00302819096126,10.831800823999579],[125.003027942961154,10.831781516999669],[125.003034357961411,10.831770708999485],[125.003047186961496,10.831749093999562],[125.003057722961486,10.831718924999642],[125.00307016696118,10.83166727599972],[125.003073571789415,10.831592145257204],[125.003073378961261,10.831577120999633],[125.00307506796149,10.831538478999633],[125.003076976961481,10.831516998999632],[125.003074379961262,10.831484846999636],[125.003073800961474,10.83143979599955],[125.003064045961295,10.831360528999653],[125.003058740961393,10.831287643999573],[125.003058410961359,10.831261899999753],[125.003060197961332,10.831230924999588],[125.003050552961597,10.831160238999601],[125.003045936961399,10.831140985999696],[125.003039025961272,10.831113177999704],[125.003034354961329,10.831089633999532],[125.003031867961383,10.831066062999625],[125.003029380961181,10.831042491999717],[125.003024681961321,10.831016802999635],[125.003019955961378,10.830988968999641],[125.003017468961261,10.830965397999556],[125.003014981961584,10.830941826999648],[125.003014733961294,10.83092251899965],[125.003014541961278,10.830907502999651],[125.003014414961356,10.830897640999545],[125.003014348961443,10.830892485999563],[125.002977660961434,10.830205890999686],[125.002968399961546,10.830092430999535],[125.002967128961274,10.830021440999701],[125.002965349961215,10.829922054999471],[125.002956215961248,10.829815694999553],[125.002946954961374,10.829702235999669],[125.002952021961349,10.829581427999621],[125.002949733961245,10.829453644999617],[125.002947191961212,10.829311664999594],[125.002938311961458,10.829219502999607],[125.002922204961365,10.82912746499963],[125.00292727196161,10.829006656999582],[125.002918009961292,10.828893197999697],[125.002900885961466,10.82874436799964],[125.002891496961311,10.828623808999701],[125.00289719896152,10.828538494999393],[125.002895546961383,10.828446207999662],[125.002900867961387,10.828339596999722],[125.002906188961376,10.828232985999605],[125.002904409961317,10.828133598999642],[125.002910365961455,10.82806248299962],[125.002908840961425,10.82797729399941],[125.002893240961555,10.827913651999651],[125.002884869961662,10.827849884999615],[125.002883979961311,10.827800190999412],[125.002883470961279,10.827771794999727],[125.002896943961318,10.827716620999603],[125.002889716961434,10.827716745999702],[125.002881725961302,10.827674275999563],[125.00288007396135,10.827581987999743],[125.00287893096143,10.827518095999608],[125.002870559961266,10.827454328999394],[125.002861679961342,10.827362165999673],[125.002867509961547,10.827283951999597],[125.002887159961489,10.827169991999583],[125.002892226961464,10.827049183999712],[125.002882711961476,10.826921525999452],[125.00288777996154,10.826800717999582],[125.002914275961516,10.826665336999483],[125.002926951961499,10.82656570099941],[125.002926061961247,10.826516007999473],[125.002917563961347,10.826445141999649],[125.002887000961294,10.826353354999604],[125.002913115961334,10.826196676999608],[125.002910573961557,10.826054696999584],[125.002892941961349,10.825877470999487],[125.002903456961505,10.825657151999643],[125.002921580961313,10.825458005999685],[125.002932731961351,10.825273180999581],[125.002937290961469,10.82512397699967],[125.002942865961217,10.825031564999662],[125.002919530961591,10.824939651999429],[125.002882375961534,10.824883483999578],[125.002859039961479,10.824791569999611],[125.002886384961513,10.824703801999632],[125.002928987961397,10.824660457999599],[125.002963601961326,10.824574643999604],[125.00296854196138,10.824446733999679],[125.002936962961172,10.824298151999642],[125.002969161961261,10.824077454999589],[125.002971941961491,10.823828861999537],[125.00295342096129,10.82360194099968],[125.002986381961435,10.823423840999688],[125.002983077961431,10.823239265999604],[125.002980408961477,10.823090185999703],[125.002991813961273,10.822919559999619],[125.003017292961417,10.822727386999617],[125.002992432961406,10.822550286999707],[125.002975817961271,10.82242985299969],[125.002966302961283,10.822302195999697],[125.002971464961533,10.822147567999693],[125.002999843961305,10.821842197999651],[125.002999852961494,10.821766084999659],[125.002999883961309,10.821682800999696],[125.003014047961329,10.821599520999733],[125.00301408996134,10.821488474999605],[125.003014130961517,10.821377427999742],[125.002985929961227,10.821210848999726],[125.002957733961196,10.821030387999627],[125.002943637961451,10.820933217999581],[125.002943668961194,10.820849932999707],[125.002915441961434,10.82075275699966],[125.002915477961253,10.820655591999703],[125.002915519961434,10.820544544999663],[125.002915571961267,10.820405737999636],[125.002915650961455,10.820197525999639],[125.002915718961106,10.82001707599963],[125.00291579696119,10.819808863999455],[125.002915853961284,10.8196561749997],[125.002930032961302,10.819531251999578],[125.002958338961335,10.819420215999628],[125.003000776961301,10.819309184999589],[125.003099783961233,10.81908712699969],[125.003142226961458,10.818962214999658],[125.003170542961314,10.818823415999631],[125.003184736961416,10.818656849999705],[125.003184799961517,10.81849027899969],[125.003184877961516,10.818282064999693],[125.00314258096131,10.818018310999719],[125.003086109961075,10.817865599999607],[125.003057897961227,10.817726778999578],[125.003043833961399,10.817546319999657],[125.003029768961213,10.81736585999947],[125.003029831961484,10.817199286999632],[125.0030157519612,10.817060469999603],[125.00302992496114,10.816949425999653],[125.003044098961325,10.816838380999613],[125.003058277961088,10.816713454999579],[125.003072440961361,10.816630171999705],[125.003114929961242,10.816387028999571],[125.003114971961239,10.816275982999443],[125.00310088696132,10.816151049999675],[125.003100906141981,10.816100555624683],[125.003100944961233,10.815998360999387],[125.003115138961519,10.815831795999728],[125.003115185961263,10.815706868999605],[125.003129359961278,10.815595827999388],[125.003143548961205,10.815443143999545],[125.003157732961498,10.815304340999695],[125.003157784961232,10.81516553399949],[125.003143694961395,10.815054481999717],[125.003122581914354,10.814839357565095],[125.003115535961285,10.814776855999661],[125.00310146096119,10.81462416299955],[125.003073270961252,10.814429821999546],[125.003030947961307,10.814235474999542],[125.003002752961194,10.81405501499971],[125.002988688961366,10.8138745589997],[125.002988755961454,10.813694108999513],[125.002988808961376,10.813555299999663],[125.003002981961387,10.813444258999624],[125.003003023961213,10.813333211999584],[125.003003075961217,10.813194403999645],[125.00297486396137,10.813055584999617],[125.002960763961184,10.812972294999653],[125.00296081096154,10.81284736699962],[125.002974973961201,10.812764085999746],[125.002989800961458,10.812710060999628],[125.003002983961395,10.812638821999684],[125.002994485961224,10.812567955999683],[125.002964559961228,10.812511663999643],[125.002956569961455,10.812469193999682],[125.002976599961343,10.812376532999743],[125.002967338961369,10.812263072999414],[125.002965686961232,10.812170785999683],[125.002978489961322,10.812078248999576],[125.002984445961189,10.812007133999643],[125.002976455961502,10.811964664999593],[125.00298292096106,10.8119219459997],[125.002996739961318,10.811886200999673],[125.003003331961239,10.811850581999657],[125.003008779961519,10.811751069999595],[125.00304326396126,10.811658158999634],[125.003050363961222,10.81165093499957],[125.003078256961132,10.811593642999625],[125.003091821961277,10.81154369999949],[125.003098285961201,10.811500980999597],[125.003097396961394,10.81145128799966],[125.003103988961314,10.811415667999732],[125.003103479961268,10.811387271999692],[125.003110452961224,10.811372948999662],[125.003138853961261,10.81134405299958],[125.003172971961064,10.811230638999611],[125.003205931961304,10.811052538999618],[125.003187094961177,10.810808214999653],[125.003186459961469,10.810772718999736],[125.003199643961239,10.810701476999704],[125.003198245961201,10.810623386999637],[125.00319735596122,10.810573692999611],[125.003196466961242,10.810523998999585],[125.003203185961254,10.810495476999712],[125.003192781961459,10.810318123999693],[125.003145478961372,10.810098800999398],[125.003185664961407,10.809920574999396],[125.003217988961424,10.809706978999664],[125.003236112961318,10.809507830999706],[125.003240798961173,10.809365725999584],[125.00323204596107,10.809280661999651],[125.00320922096131,10.809217144999636],[125.003171559961217,10.809132580999389],[125.003141887961434,10.809090486999636],[125.00311957096136,10.809055365999662],[125.003089517961442,10.808991973999568],[125.00308025796113,10.808878514999684],[125.003077334961233,10.808715237999408],[125.003058940961225,10.808495417999694],[125.003098236961193,10.808267500999577],[125.003153004961192,10.808096125999697],[125.003208534961175,10.807967344999611],[125.003250499960998,10.80788850699966],[125.003270910961177,10.80781714299944],[125.003269512961239,10.807739052999551],[125.003261395961189,10.807689484999536],[125.003288089961359,10.80756539399966],[125.003279972961124,10.807515824999733],[125.003270712961339,10.807402362999582],[125.003253843961275,10.807267728999634],[125.003222773961099,10.807147542999459],[125.003227078961189,10.806984138999617],[125.003195500961155,10.80683555699958],[125.003193594961175,10.806729070999651],[125.003228460961225,10.806657455999677],[125.003255589961427,10.806557568999672],[125.003288675961144,10.806386567999468],[125.003313898961181,10.806180195999623],[125.003331894961249,10.805973949999611],[125.003371948961188,10.805659272999421],[125.003359570961237,10.805542781999641],[125.003370980961463,10.805408891999576],[125.003393752961401,10.805263848999388],[125.003450617961221,10.8050797659997],[125.003456349961155,10.804940295999707],[125.003484806961112,10.804784096999661],[125.00353598996108,10.804605590999458],[125.003541706961116,10.804505171999587],[125.003604294961136,10.804203933999709],[125.003598700961305,10.803975195999612],[125.003573249961235,10.803771300999706],[125.003556204961072,10.803704221999574],[125.003550520961042,10.803687451999608],[125.003533535961324,10.803458280999742],[125.003550677961059,10.80326824899965],[125.003556391961268,10.803206767999626],[125.003601950961396,10.803106175999652],[125.003653200961097,10.803005585999678],[125.003664650961156,10.80281072599972],[125.00368742996109,10.802770844999529],[125.003738651961243,10.802742915999616],[125.003841077961013,10.80273736399969],[125.00396625596089,10.802754176999571],[125.004023163961065,10.802737428999606],[125.004108535961208,10.802687155999621],[125.004154085961247,10.802609680999694],[125.004171171961062,10.802569801999681],[125.004182576961199,10.802502733999638],[125.004205365961226,10.802425247999622],[125.004285045961069,10.802380561999655],[125.004433017961233,10.802307951999509],[125.004467183960955,10.802240891999645],[125.004478599961004,10.802145875999599],[125.004478640961096,10.802034088999676],[125.004478677961018,10.801933479999612],[125.00445593196109,10.801894345999571],[125.004427522961223,10.801782547999736],[125.004410509961062,10.801626039999576],[125.004393478960978,10.80151983599967],[125.00437643396117,10.801452757999627],[125.00439923396101,10.801346567999722],[125.004410307961038,10.801281714999597],[125.004415468961028,10.801176050999558],[125.004210319961103,10.799855558999546],[125.004159507961162,10.79921488499965],[125.004161947960924,10.798846613999643],[125.004175719960998,10.798806079999665],[125.004230756961107,10.79877907299965],[125.004258289961157,10.798725029999709],[125.004299575961298,10.798684504999642],[125.00434086096125,10.798643980999664],[125.004382145961202,10.798603455999597],[125.004460164960989,10.798341404999675],[125.004472141961003,10.79830615399969],[125.004484123961291,10.798259150999442],[125.004496110961128,10.798200396999732],[125.004496129961126,10.798153389999662],[125.004508111961044,10.798106386999592],[125.004508129960968,10.7980593799997],[125.004508148961051,10.798012372999629],[125.00449620396104,10.797965361999736],[125.004472304961112,10.797894841999586],[125.004472323961025,10.797847834999693],[125.004472341961019,10.797800827999623],[125.004460396961193,10.79775381699973],[125.00446042096101,10.797695057999576],[125.004448475961183,10.797648046999683],[125.004436530961172,10.797601034999701],[125.00441262296097,10.797554018999719],[125.00440068196113,10.797495255999564],[125.004400700961043,10.797448249999583],[125.004400719960955,10.79740124299969],[125.004388774961129,10.79735423199962],[125.004364870961012,10.797295463999731],[125.004340962961081,10.797248447999571],[125.004329017961069,10.797201436999678],[125.004305109961123,10.797154420999696],[125.004281201961192,10.797107405999625],[125.00425729396126,10.797060389999643],[125.004233389961144,10.797001621999399],[125.004221445961051,10.796954610999684],[125.004221468961134,10.796895852999441],[125.004233455961057,10.796837099999642],[125.004239446079154,10.796813602458929],[125.004257424961096,10.796731343999596],[125.00428136596112,10.7966960979997],[125.004305310961058,10.79664910099963],[125.004341219961006,10.796602107999739],[125.004377128961053,10.796555115999581],[125.004401073960992,10.796508117999601],[125.004413055961265,10.796461116999708],[125.004437001960937,10.79641411899955],[125.004460946961061,10.796367121999658],[125.004460969961144,10.796308363999593],[125.004484915961172,10.796261366999701],[125.004496897961104,10.796214364999543],[125.004508884960941,10.796155610999655],[125.004520870961215,10.796096857999679],[125.004520894961217,10.796038099999613],[125.004520912960871,10.795991092999721],[125.004520940961044,10.79592058399966],[125.004520968960961,10.795850073999688],[125.004509028960953,10.795791310999711],[125.004497088961031,10.795732548999645],[125.004497112961033,10.795673789999668],[125.004485172961111,10.795615027999602],[125.004473232961189,10.795556264999625],[125.004473255961273,10.79549750699956],[125.004473283961104,10.79542699699941],[125.004449375960903,10.795379980999606],[125.00443743596098,10.795321218999717],[125.004425486961054,10.795285958999642],[125.004413541961128,10.795238947999749],[125.0043896389612,10.795180179999683],[125.004365730960998,10.795133164999612],[125.004365758961001,10.79506265499964],[125.004365772961179,10.795027399999654],[125.004365795961263,10.7949686409995],[125.004290104961214,10.794642180999666],[125.004297563960947,10.79462611999967],[125.004357109960992,10.794567672999719],[125.004416655961037,10.794509224999679],[125.004476201961168,10.794450777999728],[125.00451591496099,10.794372832999585],[125.004555627960983,10.794294888999708],[125.004615181960844,10.794216951999566],[125.004674734961156,10.794139014999601],[125.004754113961241,10.794100064999576],[125.004813643960929,10.794080597999653],[125.004873181960875,10.794041640999716],[125.004952567960871,10.79398320199941],[125.005012113960916,10.793924754999637],[125.005047722689952,10.793878153862554],[125.005071666960873,10.793846817999494],[125.005111386960877,10.793749383999604],[125.005131257961096,10.793671431999726],[125.005131642960862,10.792696944999655],[125.005191740961038,10.791238025999647],[125.005510132961092,10.788840908999461],[125.005848450960755,10.785683474999516],[125.005867748960839,10.785607768999647],[125.005877408960657,10.785541522999672],[125.005896706961011,10.785465816999626],[125.005916014960746,10.785361717999628],[125.005916036960741,10.785304933999726],[125.005925706960923,10.785210295999534],[125.005935369960923,10.785134586999753],[125.005935391960932,10.785077802999673],[125.00591616196067,10.784973690999585],[125.005906548960937,10.784916903999417],[125.005925846960935,10.784841197999548],[125.005974028960836,10.784812822999598],[125.006070379960818,10.784793927999722],[125.006185995960792,10.784784502999386],[125.006263066960685,10.78479399399955],[125.006296776682717,10.784798736264708],[125.006407573960558,10.78481297099961],[125.006475021960895,10.784794066999645],[125.006571381960697,10.784746779999551],[125.006609960960702,10.784633224999659],[125.006629257960611,10.784557519999701],[125.006667867960601,10.784358789999601],[125.006696847960868,10.784150592999694],[125.006696878960696,10.784065417999486],[125.006687282960783,10.783961310999665],[125.006687303960618,10.783904526999585],[125.006677686960614,10.783857203999489],[125.006668080960793,10.783781488999708],[125.006648839960633,10.78370577099966],[125.006648870960717,10.783620595999629],[125.006639257960813,10.78356380899946],[125.006610392960823,10.78345969499955],[125.006581520960566,10.783374509999518],[125.006571910960744,10.783308258999632],[125.006562300960667,10.783242007999569],[125.006552697960672,10.783156828999537],[125.006523822960588,10.783081107999578],[125.006504577960854,10.783014852999692],[125.006485333960867,10.782948598999539],[125.006475726960872,10.78287288399958],[125.00646611296078,10.782816096999589],[125.006446868960793,10.782749841999703],[125.00643724796079,10.782711982999679],[125.006427634960801,10.782655195999688],[125.006427651960706,10.78260787599968],[125.006427671960893,10.782551091999423],[125.006437332960886,10.782475383999731],[125.00642771296063,10.782437524999708],[125.006427725960719,10.782399668999595],[125.006437373960807,10.782361815999572],[125.006437387960631,10.782323959999459],[125.006427786960813,10.782229316999711],[125.006418172960721,10.782172529999542],[125.006398931960817,10.782096810999583],[125.006389314960998,10.782049487999664],[125.006389334960744,10.781992702999673],[125.006398982960647,10.781954850999384],[125.006437596960737,10.781737192999671],[125.006491084960629,10.78160095299959],[125.006522595960661,10.781476624999605],[125.00653203696065,10.78134175899946],[125.006531797036203,10.781320646230593],[125.006530076960743,10.781169282999578],[125.006528054960754,10.780991417999516],[125.006531580960868,10.780818881999629],[125.006524439960899,10.780673415999672],[125.006484010960932,10.780495971999557],[125.006494371960898,10.780441951999705],[125.006503866960628,10.780311772999681],[125.006513982960925,10.780236193999734],[125.006523546960921,10.780112105999592],[125.006522014960964,10.779977358999723],[125.006526031960675,10.779847941999584],[125.006524744960842,10.779734754999723],[125.00652386757352,10.779657532048223],[125.006523458960643,10.779621567999683],[125.00652180396068,10.779476040999633],[125.006530877960643,10.779308834999654],[125.00655074196095,10.779125338999748],[125.006559999960558,10.778974302999686],[125.006563831960705,10.778828716999541],[125.006573150960762,10.778683069999659],[125.006577289960745,10.778564432999701],[125.006592462960583,10.778451064999736],[125.006618977960642,10.778369915999505],[125.00669449396068,10.778254997999589],[125.006759721960833,10.7782003769996],[125.006830006960783,10.778107964999592],[125.006878283960788,10.778010404999602],[125.00686029196072,10.777875836999748],[125.00688600896062,10.77772461899967],[125.006884722960692,10.777611430999542],[125.006921850960566,10.777404819999589],[125.007078601960657,10.777144443999717],[125.007187123960762,10.776955077999681],[125.007221367449958,10.77682069667388],[125.007271575960729,10.776623663999615],[125.007283662960575,10.776528963999596],[125.00727163896056,10.776457930999669],[125.00725962896054,10.776351384999735],[125.007271714960822,10.776256684999538],[125.007271754960655,10.776150143999516],[125.007283840960682,10.776055443999674],[125.007295926960524,10.775960744999743],[125.007299986999669,10.775928932514171],[125.005605219936058,10.775708329980771],[125.003817926006732,10.775545946020959],[125.002025561764768,10.775453056514614],[125.000230889652059,10.775429804849082],[124.998436675680423,10.775476227083059],[124.996645685174073,10.7755922518897],[124.994860678513248,10.775777700665058],[124.993084406885274,10.776032287801639],[124.991319608049494,10.77635562112671],[124.989569002122693,10.776747202504644],[124.989286594074201,10.776822006706148],[124.989322479974589,10.776821776272424],[124.989324261155389,10.777092935845442],[124.989598505616584,10.777091174556105],[124.989600287090042,10.777362334078852],[124.989874531748924,10.777360572501745],[124.990148776360215,10.777358810682166],[124.990423020924169,10.777357048620203],[124.990697265440502,10.777355286315856],[124.990699047942115,10.777626445652086],[124.990700830491164,10.777897604983341],[124.990702613087805,10.778168764309623],[124.990976858292129,10.778167001626734],[124.990978641181428,10.778438160902567],[124.990980424118248,10.778709320173427],[124.99098220710259,10.778980479439223],[124.990707961162684,10.778982242258181],[124.99070974394931,10.779253401564389],[124.990435497716646,10.77925516418626],[124.99016125143639,10.779256926565747],[124.990163033780178,10.779528085957576],[124.989888787207249,10.779529848139887],[124.989890569353236,10.77980100757204],[124.989616322487663,10.779802769557264],[124.989342075574584,10.779804531300016],[124.989067828614054,10.779806292800295],[124.989069610071795,10.780077452363454],[124.988795362818536,10.780079213666557],[124.988521115517841,10.780080974727188],[124.988522896532643,10.780352134375967],[124.988524677594881,10.780623294019684],[124.988250429756306,10.780625054928525],[124.988252210620743,10.780896214612476],[124.988526458704627,10.780894453658426],[124.988800706741088,10.780892692461816],[124.988802488143492,10.78116385205011],[124.98907673637774,10.781162090565729],[124.989350984564567,10.781160328838787],[124.989625232703787,10.781158566869372],[124.989899480795586,10.781156804657396],[124.990173728839949,10.781155042202947],[124.990447976836791,10.781153279505936],[124.990722224786026,10.781151516566542],[124.990720441666866,10.780880357295594],[124.990994689323358,10.780878594159024],[124.991268936932428,10.780876830779892],[124.991543184493977,10.780875067158288],[124.99181743200792,10.780873303294211],[124.99181921610807,10.781144462383615],[124.992093463819813,10.78114269823168],[124.992095248212806,10.781413857270724],[124.992369496122251,10.781412092830841],[124.992371280808072,10.781683251819349],[124.992097032653405,10.781685016304706],[124.99209881714151,10.781956175333626],[124.991824568694,10.781957939621719],[124.991826352984404,10.782229098691051],[124.991552104244064,10.782230862782058],[124.991277855456218,10.782232626630591],[124.991003606620922,10.782234390236564],[124.991005390222909,10.782505549436991],[124.990731141094784,10.782507312845787],[124.990732924499056,10.782778472086537],[124.990458675078102,10.782780235298247],[124.990184425609641,10.782781998267307],[124.99018620857079,10.783053157593766],[124.989911958809586,10.78305492036565],[124.98963770900076,10.783056682895062],[124.989639491518901,10.783327842307141],[124.989365241417332,10.783329604639288],[124.989090991268256,10.783331366728873],[124.989092773343273,10.783602526226662],[124.988818522901454,10.783604288119072],[124.9888203047785,10.783875447657095],[124.988546054043937,10.783877209352241],[124.988547835723182,10.784148368930587],[124.988273584695776,10.784150130428468],[124.988275366177149,10.784421290047138],[124.988001114856999,10.784423051347666],[124.988002896140472,10.784694211006659],[124.987728644527508,10.784695972109922],[124.987730425613094,10.78496713180915],[124.987732206746117,10.785238291503315],[124.987733987926561,10.785509451192418],[124.987735769154526,10.785780610876547],[124.987737550429827,10.786051770555613],[124.98773933175265,10.786322930229705],[124.987741113122908,10.786594089898735],[124.987742894540588,10.786865249562702],[124.988017148116526,10.786863488096973],[124.988018929827035,10.78713464771058],[124.988293183600859,10.787132885956904],[124.988294965604297,10.78740404552024],[124.988569219576092,10.787402283478617],[124.988571001872359,10.787673442991593],[124.98884525604204,10.787671680661933],[124.988847038631135,10.787942840124551],[124.989121292998888,10.787941077506943],[124.98939554731912,10.787939314646685],[124.98939733044655,10.788210474013646],[124.989671584964753,10.788208710865351],[124.989673368385098,10.788479870181952],[124.989947623101187,10.788478106745622],[124.989949406814461,10.788749266011862],[124.990223661728521,10.788747502287496],[124.990497916595075,10.788745738320568],[124.990772171414108,10.788743974110901],[124.990773955911195,10.789015133235921],[124.990775740455788,10.789286292355968],[124.9910499957182,10.789284527812878],[124.991051780555807,10.789555686882565],[124.991326036016204,10.789553922051351],[124.991327821146726,10.789825081070589],[124.991602076805009,10.789823315951338],[124.991603862228629,10.790094474920128],[124.991878118084799,10.790092709512841],[124.991879903801433,10.790363868431271],[124.991881689565503,10.79063502734455],[124.991883475377179,10.790906186252943],[124.992157731922305,10.790904420466671],[124.99215951802698,10.791175579324527],[124.992161304179277,10.79144673817741],[124.99188704714318,10.791448504054454],[124.991612790059548,10.791450269688671],[124.991614575768381,10.791721428627351],[124.991340318391664,10.791723194064215],[124.991342103902511,10.791994353043219],[124.99161636152472,10.79199258756088],[124.991890619099323,10.791990821835803],[124.991892405148775,10.792261980718973],[124.991894191245734,10.792533139597079],[124.992168449263886,10.792531373538491],[124.992442707234446,10.792529607237075],[124.992444493869996,10.792800766019347],[124.992718752038613,10.792798999429806],[124.992716965157484,10.792527840692919],[124.992991223033002,10.792526073906025],[124.992989435953902,10.792254915209551],[124.992987648922494,10.791983756508014],[124.992985861938593,10.791712597801503],[124.992984075002212,10.79144143908993],[124.993258331848068,10.791439672241928],[124.993256544713816,10.791168513570678],[124.993530801266573,10.791166746525413],[124.993805057771723,10.791164979237408],[124.994079314229353,10.791163211706664],[124.994081102100097,10.791434370241578],[124.994082890018433,10.791705528771431],[124.994084677984389,10.79197668729622],[124.994086465997952,10.792247845816036],[124.993812208558353,10.792249613528501],[124.993537951071133,10.792251380998316],[124.993539738641232,10.792522539603929],[124.993541526258923,10.792793698204569],[124.993267268233041,10.792795465522417],[124.99326905565276,10.79306662416338],[124.993270843120087,10.79333778279937],[124.992996584555527,10.793339549965339],[124.992722325943518,10.79334131688848],[124.992724112967295,10.793612475610178],[124.992449854062016,10.793614242335966],[124.992451640887822,10.793885401098166],[124.99217738168953,10.793887167626512],[124.992179168317264,10.794158326429034],[124.992180954992605,10.794429485226495],[124.992182741715553,10.794700644018981],[124.992184528486021,10.794971802806405],[124.992186315304011,10.795242961588766],[124.99229601948015,10.795242254915735],[124.992460575730192,10.795241194833313],[124.992734836108866,10.795239427835032],[124.993009096439934,10.795237660594012],[124.993007308885211,10.794966501947897],[124.993281568923095,10.794964734509435],[124.993283356723495,10.795235893110075],[124.993557616959436,10.795234125383399],[124.99383187714777,10.795232357413806],[124.993941581209782,10.795231650158041],[124.993943131186114,10.795466654180061],[124.993944919664713,10.795737812662306],[124.993946708190933,10.796008971139578],[124.993948496764759,10.796280129611787],[124.993950285386191,10.796551288078934],[124.993950523872655,10.796587442540847],[124.993952074055215,10.796822446541018],[124.994226335617839,10.796820677964977],[124.994228124580061,10.797091836376612],[124.994229913589891,10.797362994783185],[124.993955651536027,10.797364763450176],[124.993845946701114,10.797365470849027],[124.993681389434457,10.797366531874339],[124.993683178000637,10.797637690366798],[124.993684966614438,10.797908848854195],[124.993849524175786,10.797907787774349],[124.993959229207249,10.797907080339172],[124.99396101811422,10.798178238776121],[124.993962807068812,10.798449397208095],[124.993964596070995,10.798720555634919],[124.993966385120885,10.798991714056768],[124.993968174218196,10.799262872473555],[124.993693910397042,10.799264641215775],[124.993419646528267,10.799266409715077],[124.993145382611885,10.799268177971463],[124.9931471710198,10.799539336519523],[124.992872906810149,10.799541104578378],[124.992871118647997,10.799269945984932],[124.992869330533267,10.798998787386335],[124.992595066767436,10.799000555111501],[124.992593278946075,10.798729396462544],[124.992591729539342,10.798494392296018],[124.992591491172234,10.798458237808525],[124.992589703446001,10.798187079149443],[124.992587915767288,10.797915920485387],[124.992313652936531,10.797917687786004],[124.992039390058352,10.797919454843615],[124.991765127132467,10.797921221658399],[124.991763340238364,10.797650062853123],[124.991489077510636,10.797651829379603],[124.991487290909632,10.797380670523879],[124.991213028380059,10.797382436762145],[124.991214814735386,10.797653595663256],[124.991105109612008,10.797654302108736],[124.99094055191263,10.797655361703992],[124.9909423380698,10.797926520645515],[124.990668074953859,10.79792828648872],[124.990393811790383,10.797930052089097],[124.990119548579315,10.797931817446468],[124.990121334047089,10.798202976519086],[124.989847070542908,10.798204741678926],[124.98957280699122,10.798206506595939],[124.989574592015174,10.798477665754177],[124.98957637708655,10.798748824907353],[124.989850641129578,10.798747059899569],[124.989852426494153,10.799018219002384],[124.989578162205447,10.799019984055466],[124.989579947371766,10.799291143198516],[124.989581732585705,10.799562302336504],[124.989855997365751,10.799560537192828],[124.989857782872861,10.799831696280457],[124.98985956842742,10.800102855363111],[124.99013383365137,10.800101089885747],[124.990132047851148,10.799829930848478],[124.990130262098361,10.799558771806147],[124.990128476393082,10.799287612758754],[124.990402740832423,10.799285847174541],[124.990400954929001,10.79901468816756],[124.990675219075143,10.799012922385728],[124.990677005224327,10.799284081347412],[124.99095126956864,10.799282315277278],[124.990953056011008,10.799553474188514],[124.990954842500898,10.799824633094776],[124.990956629038308,10.800095791995975],[124.990958415623226,10.800366950892112],[124.990960202255664,10.800638109783186],[124.990961988935723,10.800909268669287],[124.991236254706791,10.800907502084009],[124.991510520430339,10.800905735255725],[124.991512307649344,10.801176894045991],[124.991514094915857,10.801448052831283],[124.99123982870087,10.80144981975025],[124.991241615769141,10.801720978575776],[124.990967349260885,10.801722745297212],[124.990693082705008,10.801724511775642],[124.990694869329374,10.801995670686967],[124.990696656001248,10.802266829593229],[124.990422388906353,10.802268595919426],[124.990148121763923,10.802270362002616],[124.99014633558366,10.801999203005582],[124.989872068639485,10.802000968800471],[124.989870282752392,10.801729809753077],[124.989868496912834,10.80145865070071],[124.989866711120698,10.80118749164328],[124.989864925376168,10.800916332580787],[124.989590659367508,10.800918097951214],[124.989592444866275,10.801189257059093],[124.989594230412649,10.80146041616182],[124.989596016006459,10.801731575259574],[124.98959780164779,10.802002734352353],[124.989599587336627,10.802273893439981],[124.989601373072986,10.802545052522635],[124.989603158856866,10.802816211600227],[124.989604944688168,10.803087370672756],[124.989330676665915,10.803089136162999],[124.98933246229889,10.80336029527594],[124.989334247979471,10.80363145438373],[124.989059979418187,10.80363321972165],[124.988785710809381,10.803634984816476],[124.988511442153069,10.803636749668385],[124.98823717344932,10.8036385142772],[124.988238958194117,10.803909673561293],[124.988240742986434,10.804180832840323],[124.987966473743555,10.804182597296816],[124.987692204453253,10.804184361510213],[124.987693988801396,10.804455520874775],[124.987419719217812,10.804457284890464]],[[124.989879212662899,10.803085604939508],[124.98987742658575,10.802814445912276],[124.990151694267198,10.802812679981407],[124.990153480590109,10.803083838963254],[124.990427748469813,10.803082072743994],[124.990429535085994,10.80335323167548],[124.990431321749696,10.803624390601904],[124.99043310846092,10.803895549523265],[124.990434895219664,10.804166708439652],[124.99043668202593,10.804437867350977],[124.990162412917172,10.804439633796989],[124.989888143760979,10.804441400000083],[124.989889930123056,10.804712558997029],[124.989615660673508,10.804714325002326],[124.989613874557193,10.804443165960084],[124.989339605305972,10.80444493167699],[124.989337819482927,10.804173772584299],[124.989336033707488,10.803902613486546],[124.989610302467099,10.803900847860234],[124.989608516493234,10.803629688802804],[124.98960673056699,10.803358529740311],[124.989604944688168,10.803087370672756],[124.989879212662899,10.803085604939508]],[[124.998992626896566,10.787606303881322],[124.999102327846757,10.78760559529027],[124.999103880709299,10.787840598685236],[124.998994179673929,10.787841307292098],[124.998992626896566,10.787606303881322]],[[124.994887776172703,10.78898864028853],[124.994889564398974,10.789259798727343],[124.994615309802526,10.78926156666807],[124.994617097830996,10.789532725147296],[124.99434284294145,10.789534492890759],[124.994068588004282,10.789536260391571],[124.994066800466697,10.789265101821485],[124.994065012976719,10.788993943246247],[124.994339267422987,10.788992175836384],[124.994613521821648,10.788990408183782],[124.994887776172703,10.78898864028853]],[[124.998191363872451,10.790865511760014],[124.998189572414631,10.790594353897362],[124.998463827618949,10.790592582574007],[124.998465619322275,10.790863740391096],[124.998467411073193,10.791134898203122],[124.998469202871902,10.791406056010086],[124.998194946931193,10.791407827470042],[124.998193155377976,10.791136669617515],[124.997918899634968,10.791138440789258],[124.997917108374935,10.790867282886193],[124.998191363872451,10.790865511760014]],[[124.993277993465114,10.794422417292878],[124.993276205807447,10.794151258677051],[124.993274418197387,10.79388010005616],[124.993548677205524,10.793878332556591],[124.993546889397479,10.793607173976113],[124.993821148112332,10.793605406279191],[124.993930851584949,10.793604699132405],[124.994095406779664,10.793603638339441],[124.99436966539939,10.793601870156952],[124.994371453944083,10.793873028601094],[124.994097195078865,10.793874796829058],[124.994098983425573,10.794145955313613],[124.993934427936168,10.794147016161112],[124.993824724267171,10.794147723344224],[124.993826273993292,10.794382727399462],[124.993826512415907,10.794418881869191],[124.993661956750643,10.794419942598207],[124.993552252964321,10.794420649702449],[124.993277993465114,10.794422417292878]],[[124.996565523151915,10.793858874036818],[124.996839781588491,10.793857103623669],[124.997114039977475,10.79385533296778],[124.997388298318668,10.793853562069064],[124.997662556612255,10.793851790927608],[124.997772259916289,10.793851082402991],[124.997773812665869,10.794086085895035],[124.997775604344497,10.794357243765681],[124.997777396070816,10.794628401631265],[124.997503137092266,10.79463017300036],[124.9975049286207,10.794901330906534],[124.997230669349051,10.794903102078365],[124.996956410029625,10.794904873007368],[124.996682150662494,10.794906643693544],[124.996680359870894,10.794635485650858],[124.996406100701734,10.79463725604873],[124.996131841484882,10.794639026203775],[124.996133631785412,10.794910184337411],[124.995859372275376,10.794911954295191],[124.995861162377935,10.795183112469239],[124.995861401061944,10.795219266892072],[124.995862952528185,10.795454270638313],[124.995864742726042,10.795725428802324],[124.995590482431567,10.795727198653701],[124.995588692479288,10.795456040444215],[124.995587141225855,10.795221036658539],[124.995586902574715,10.795184882229666],[124.995585112717734,10.794913724010055],[124.9953108531124,10.794915493482179],[124.995036593459545,10.794917262711476],[124.995038382825271,10.795188421022036],[124.995040172238689,10.795459579327446],[124.994765912046972,10.795461348404864],[124.994764122879133,10.795190190053891],[124.994654418887379,10.795190897598669],[124.99465286839893,10.794955893674704],[124.994652629865385,10.794919739224515],[124.994762333758914,10.794919031697944],[124.994760544686372,10.794647873336935],[124.994758755661351,10.794376714970863],[124.994649051964302,10.794377422461018],[124.994647501599658,10.794142418523997],[124.99464571276178,10.793871260130302],[124.994643923971509,10.793600101731634],[124.994918182496022,10.793598333063578],[124.994916393507779,10.793327174705322],[124.994916154979649,10.793291020257175],[124.994914604567228,10.793056016342003],[124.995188862553064,10.793054247522068],[124.995463120491195,10.793052478459305],[124.995737378381733,10.793050709153803],[124.995738929432576,10.793285712950759],[124.995739168058932,10.793321867380698],[124.996013426147357,10.793320097786982],[124.99601521611774,10.793591255963339],[124.996289474404136,10.79358948608132],[124.996291264667718,10.79386064420714],[124.996565523151915,10.793858874036818]],[[124.990727036694324,10.806876530228568],[124.990452765420542,10.806878297325969],[124.99045097818663,10.806607138460031],[124.990449191000224,10.806335979589029],[124.990723461782309,10.806334212582399],[124.990725249214563,10.806605371408015],[124.990727036694324,10.806876530228568]],[[124.994984547844624,10.82854262939977],[124.995258838047974,10.828540854775323],[124.995260633320527,10.828812012460428],[124.994986342870789,10.828813787130439],[124.994988137944475,10.829084944855957],[124.994713847200671,10.829086719327815],[124.994712052373359,10.828815561556823],[124.994437761828337,10.828817335739579],[124.994435967295004,10.828546177918049],[124.994710257593667,10.828544403780768],[124.994984547844624,10.82854262939977]],[[124.98978197713447,10.829932093899316],[124.989783767716546,10.830203252467538],[124.989509475083054,10.830205022492198],[124.989507684747437,10.829933863878679],[124.989505894459342,10.829662705260098],[124.989780186599901,10.829660935326121],[124.98978197713447,10.829932093899316]],[[124.995291160243468,10.83342169233504],[124.995292956373646,10.833692849929285],[124.995294752551516,10.833964007518379],[124.995296548776992,10.834235165102498],[124.995570844108428,10.834233389279277],[124.995572640628154,10.834504546812859],[124.995574437195501,10.834775704341379],[124.995300141371047,10.83477748025555],[124.995301937739427,10.835048637824482],[124.995303734155598,10.835319795388351],[124.995029437790336,10.835321571149755],[124.995031234007556,10.835592728754037],[124.995033030272381,10.835863886353255],[124.994758733366297,10.835865661961805],[124.99476052943217,10.836136819601524],[124.994762325545835,10.836407977236181],[124.995036622945022,10.836406201536683],[124.995038419352767,10.836677359120714],[124.995312716950906,10.836675583132024],[124.995314513652986,10.836946740665606],[124.995588811450077,10.836944964387548],[124.99586310919949,10.836943187865774],[124.995864906442378,10.837214345303344],[124.99613920439073,10.837212568492291],[124.996141001927953,10.837483725879235],[124.996415300075171,10.837481948778901],[124.996417097906658,10.837753106115397],[124.996418895785837,10.838024263446741],[124.996420693712622,10.838295420773022],[124.996146394825459,10.838297198009869],[124.996148192553292,10.838568355376651],[124.995873893371879,10.838570132415168],[124.995599594142689,10.838571909209879],[124.995601391425012,10.838843066662637],[124.995327091901558,10.838844843258929],[124.995052792330412,10.838846619611505],[124.99477849271166,10.838848395720188],[124.994776696169367,10.838577238131094],[124.994502396749652,10.838579013950497],[124.994500600501524,10.838307856310866],[124.994498804301188,10.838036698666173],[124.994497008148358,10.837765541016417],[124.994495212043233,10.837494383361598],[124.994493415985701,10.837223225701717],[124.99449161997579,10.836952068036862],[124.994489824013556,10.836680910366855],[124.994215526272512,10.836682685624307],[124.994213730604443,10.836411527903763],[124.994211934984079,10.836140370178246],[124.994210139411237,10.835869212447665],[124.994208343886172,10.835598054712023],[124.994206548408627,10.835326896971317],[124.993932251852769,10.835328671757679],[124.993930456669474,10.835057513966436],[124.993928661533786,10.83478635617022],[124.993654365423424,10.834788130622005],[124.99338006926547,10.834789904829986],[124.993378274670505,10.834518746937757],[124.993376480123061,10.834247589040555],[124.993374685623309,10.833976431138201],[124.993372891171077,10.833705273230873],[124.993098595951651,10.833707047013416],[124.993096801793584,10.833435889055551],[124.993095007683124,10.833164731092712],[124.993369302409519,10.833162957401029],[124.993367508100206,10.832891799478514],[124.993365713838401,10.832620641550935],[124.993363919624201,10.832349483618383],[124.993362125457693,10.83207832568068],[124.993360331338707,10.831807167738003],[124.993634624785059,10.8318053940298],[124.993632830467206,10.831534236127446],[124.993631036196973,10.831263078220118],[124.993629241974418,10.830991920307639],[124.993903534633759,10.830990146492145],[124.993901740212266,10.830718988620077],[124.994176032577528,10.830717214606342],[124.994450324895183,10.830715440348978],[124.994452119809537,10.830986598130096],[124.994726412325974,10.830984823583631],[124.994728207534394,10.8312559813143],[124.994730002790433,10.831527139039817],[124.994731798094151,10.831798296760361],[124.994733593445488,10.832069454475842],[124.994735388844518,10.832340612186261],[124.994737184291068,10.832611769891617],[124.995011478238709,10.832609994828676],[124.995013273979509,10.832881152483495],[124.995015069767916,10.83315231013334],[124.995289364160897,10.833150534735733],[124.995291160243468,10.83342169233504]],[[124.98934984693112,10.847560935931519],[124.989351640108538,10.847832094261886],[124.989077331347687,10.847833866746356],[124.988803022539386,10.847835638986755],[124.988801229855611,10.847564480565705],[124.988799437219441,10.847293322139592],[124.989073745533986,10.847291549989876],[124.989348053801109,10.847289777596089],[124.98934984693112,10.847560935931519]],[[124.995395414569614,10.849148824442508],[124.995121105621351,10.849150602523213],[124.995122904268712,10.849421759869657],[124.994848595025928,10.849423537751765],[124.994574285735439,10.849425315389713],[124.99457248758182,10.849154157952409],[124.994298178490553,10.8491559353009],[124.994296380631454,10.848884777813058],[124.994294582819947,10.848613620320066],[124.994292785056146,10.848342462822099],[124.994290987339951,10.84807130531907],[124.99456529544365,10.84806952815239],[124.994839603499742,10.848067750741727],[124.994841401709678,10.848338908153895],[124.995115709964978,10.848337130453686],[124.995117508469434,10.848608287815228],[124.995119307021497,10.848879445171796],[124.995393615722946,10.848877667136566],[124.995395414569614,10.849148824442508]],[[124.997093497521732,10.857001702587684],[124.996819181696921,10.85700348345274],[124.996817380232528,10.856732326521076],[124.996815578815813,10.856461169584261],[124.996813777446803,10.856190012642472],[124.997088092530433,10.856188231913929],[124.997362407566371,10.856186450941138],[124.997364209429463,10.856457607791977],[124.997638524664708,10.856455826529462],[124.997640326822591,10.856726983329587],[124.997366011340262,10.856728764637666],[124.997367813298851,10.856999921478291],[124.997093497521732,10.857001702587684]],[[124.998128426318445,10.85862199205739],[124.99792726042827,10.858623298918054],[124.997928522374025,10.858813108618456],[124.997855371088818,10.85881358381647],[124.997581053738827,10.858815365654259],[124.99730673634113,10.858817147247709],[124.997105570219148,10.858818453594385],[124.997104308792373,10.858628643798326],[124.997102506794619,10.858357486942602],[124.997100704844655,10.858086330081726],[124.997375021610125,10.858084548790256],[124.997649338327918,10.858082767254537],[124.997923654997919,10.858080985474569],[124.997925457689249,10.858352142198843],[124.998199774558643,10.858350360129062],[124.998201036644019,10.858540169801131],[124.998127885437327,10.85854064505217],[124.998128426318445,10.85862199205739]],[[125.005906264185271,10.779661532840276],[125.00563202013673,10.779663308979512],[125.005522322503978,10.77966401936726],[125.005520765866578,10.779429016774763],[125.005795009721766,10.779427240772129],[125.006069253528977,10.779425464527023],[125.006070810591453,10.779660467040294],[125.005906264185271,10.779661532840276]],[[124.999265087390725,10.787333374590066],[124.999374788223761,10.787332665920232],[124.999376341257559,10.787567669280115],[124.999266640339513,10.787568377965759],[124.999265087390725,10.787333374590066]],[[125.000261872306751,10.797052865256681],[124.999987611547226,10.79705463922139],[124.999713350740009,10.797056412943093],[124.999711556865094,10.796785255441662],[124.99970976303797,10.796514097935169],[124.999707969258523,10.796242940423703],[124.999706175526882,10.795971782907174],[124.999980435351588,10.795970009367725],[124.999978641422061,10.795698851891697],[125.000252900953498,10.795697078154983],[125.000254695128618,10.795968235585359],[125.000256489351514,10.796239393010762],[125.000258283622202,10.796510550431101],[125.000260077940595,10.796781707846467],[125.000261872306751,10.797052865256681]],[[125.001446945479245,10.810332464961178],[125.001172672866971,10.810334242132122],[125.001174470358634,10.810605399153491],[125.001176267898089,10.810876556169887],[125.00117806548532,10.811147713181221],[125.001179863120342,10.811418870187492],[125.001181660803056,10.811690027188789],[125.000907386913141,10.811691804344544],[125.000909184397713,10.811962961386342],[125.000634910214075,10.811964738344567],[125.000360635982659,10.81196651505952],[125.000086361703367,10.811968291531379],[125.000088158497817,10.812239448704894],[124.999813883924816,10.812241224979044],[124.999539609304108,10.81224300101001],[124.999265334635709,10.812244776797705],[124.998991059919518,10.812246552342216],[124.998989264109184,10.811975394986447],[124.998714989591321,10.811977170242123],[124.998440715025694,10.811978945254705],[124.998438919755003,10.811707787802746],[124.998437124532003,10.811436630345725],[124.998162850410722,10.811438405023996],[124.998161055481461,10.811167247516348],[124.998159260599877,10.810896090003727],[124.998157465766084,10.810624932486043],[124.998431739149467,10.810623157944374],[124.998429944117433,10.81035200046728],[124.998428149133005,10.810080842985034],[124.998702421976816,10.810079068291309],[124.998700626794246,10.809807910849564],[124.998974899344333,10.809806135958308],[124.998973103963507,10.809534978557064],[124.999247376220069,10.809533203468188],[124.99952164842874,10.809531428136129],[124.999519852603825,10.80926027082095],[124.999794124518871,10.80925849529136],[125.000068396386226,10.809256719518586],[125.000342668205889,10.80925494350263],[125.000616939977661,10.809253167243579],[125.000891211701756,10.809251390741345],[125.00089300875635,10.809522547828529],[125.001167280678587,10.809520771037636],[125.00116907802699,10.809791928074194],[125.001443350147298,10.809790150994466],[125.001445147789426,10.810061307980309],[125.001446945479245,10.810332464961178]],[[125.00199728878998,10.810600066774331],[125.001995490560418,10.810328909889741],[125.002269763029332,10.810327131989336],[125.0022679646017,10.810055975145335],[125.002542236776804,10.810054197047311],[125.002816508904218,10.810052418706192],[125.002818307823816,10.810323575458888],[125.002820106791191,10.810594732206521],[125.002821905806428,10.810865888949181],[125.002823704869371,10.811137045686777],[125.002549431758226,10.811138824210417],[125.002551230623098,10.811409980988604],[125.002276957218129,10.811411759314801],[125.002278755884859,10.811682916133488],[125.002004482186081,10.811684694262155],[125.002002683765383,10.811413537397726],[125.001728410264761,10.811415315237557],[125.001726612137873,10.811144158322502],[125.001724814058676,10.810873001402385],[125.001999087067333,10.810871223653859],[125.00199728878998,10.810600066774331]],[[125.001217624492412,10.817113166153888],[125.000943345681463,10.817114944221803],[125.000941547289187,10.81684378727584],[125.000939748944688,10.816572630324902],[125.00093795064798,10.816301473368902],[125.000936152399049,10.81603031640784],[125.000934354197824,10.815759159441715],[125.001208631778283,10.815757381601795],[125.00148290931088,10.815755603518603],[125.001481110665381,10.81548444663872],[125.001755387904169,10.81548266835782],[125.002029665095179,10.815480889833736],[125.002031464232815,10.815752046622404],[125.002033263418411,10.816023203406008],[125.002035062651714,10.816294360184639],[125.002036861932879,10.816565516958207],[125.001762583757426,10.816567295664811],[125.001764382840349,10.816838452478969],[125.001766181970879,10.817109609288064],[125.001767981149285,10.817380766092096],[125.001769780375483,10.817651922891066],[125.001771579649542,10.817923079684974],[125.001497300195808,10.81792485837639],[125.001495501167952,10.81765370153683],[125.001493702187787,10.817382544692297],[125.001219423178597,10.817384323049136],[125.001217624492412,10.817113166153888]],[[125.002081859497039,10.823344434656143],[125.002083660021043,10.823615591298438],[125.002085460592909,10.823886747935671],[125.001811175770413,10.823888527874267],[125.001812976143768,10.824159684552001],[125.001538691027193,10.824161464292711],[125.001264405862841,10.824163243789972],[125.000990120650698,10.824165023043694],[125.000715835390679,10.824166802053966],[125.000441550082968,10.8241685808207],[125.000167264727565,10.824170359343984],[124.999892979324287,10.824172137623819],[124.999618693873217,10.824173915660026],[124.999616895470197,10.823902758617429],[124.99961509711477,10.823631601569858],[124.999613298807233,10.823360444517135],[124.999887583519325,10.82335866661753],[124.999885785013277,10.823087509605397],[125.000160069431388,10.823085731507906],[125.000434353801793,10.823083953167053],[125.000432554850946,10.822812796240985],[125.000706838927286,10.822811017702247],[125.000981122955835,10.822809238919969],[125.001255406936707,10.822807459894243],[125.001253607294842,10.82253630309998],[125.001527890981635,10.822534523876456],[125.001529690869688,10.822805680625155],[125.001803974754893,10.822803901112529],[125.002078258592405,10.822802121356453],[125.002080059020827,10.823073278008874],[125.002081859497039,10.823344434656143]],[[125.002410187688341,10.831477350267068],[125.002408385531339,10.831206193816975],[125.002682676910112,10.831204412159131],[125.002680874554514,10.830933255749539],[125.002955165639023,10.83093147389372],[125.002956968241094,10.831202630257572],[125.002958770890942,10.831473786616449],[125.002684479313587,10.831475568563572],[125.002410187688341,10.831477350267068]],[[125.003261915268808,10.835810504748963],[125.003263718978431,10.836081660976213],[125.003265522736029,10.836352817198399],[125.003267326541305,10.836623973415524],[125.003269130394557,10.836895129627496],[125.002994833934423,10.836896912731472],[125.002720537426427,10.836898695591554],[125.002718734066391,10.836627539288187],[125.002716930754232,10.836356382979758],[125.00271512748985,10.836085226666267],[125.00271332427333,10.835814070347801],[125.002987619795007,10.83581228767024],[125.003261915268808,10.835810504748963]],[[125.002727751344878,10.837983320754482],[125.002725947793522,10.837712164471366],[125.003000245041278,10.837710381474238],[125.003274542241172,10.837708598233394],[125.00327634628573,10.837979754425206],[125.003002048839193,10.837981537711791],[125.003003852684969,10.838252693944192],[125.002729554944011,10.838254477032535],[125.002727751344878,10.837983320754482]],[[125.003018285173596,10.840421943621589],[125.003292584839954,10.840420159924133],[125.003294389362978,10.840691316065406],[125.003296193933878,10.840962472201529],[125.00329799855264,10.841233628332677],[125.003023698146166,10.84123541216718],[125.0027493976919,10.841237195757699],[125.002747593566511,10.840966039535246],[125.002745789489012,10.84069488330773],[125.003020089449976,10.840693099808515],[125.003018285173596,10.840421943621589]],[[124.999778943008252,10.848306872211108],[124.999780745709529,10.848578028798691],[125.000055053352881,10.848576246660077],[125.000056856348948,10.848847403197034],[125.000331164191337,10.848845620768785],[125.000332967482009,10.849116777255027],[125.000334770820473,10.849387933736296],[125.000535930236623,10.849386626400278],[125.000537192728686,10.849576435910699],[125.000538996329425,10.849847592349867],[125.000540799977941,10.850118748784062],[125.000266491010038,10.850120531605597],[125.000268294459431,10.850391688080204],[125.000270097956601,10.850662844549838],[125.000271901501563,10.850934001014409],[125.000273705094216,10.851205157473828],[124.999999395090882,10.851206940233634],[125.000001198484497,10.851478096733643],[125.000003001925805,10.85174925322859],[124.999728691380767,10.851751035835452],[124.999730494622952,10.852022192370988],[124.999732297912814,10.852293348901373],[124.999531136453953,10.852294656058067],[124.999529874272753,10.852104846463892],[124.999255563323942,10.852106628706867],[124.999253760495577,10.85183547209397],[124.99925195771489,10.851564315475922],[124.999250154981993,10.851293158852901],[124.999248352296888,10.851022002224727],[124.99924654965946,10.85075084559158],[124.998972239897626,10.850752627362578],[124.998970437554902,10.850481470678716],[124.99896863525997,10.850210313989791],[124.99896683301273,10.849939157295893],[124.998965030813281,10.849668000596843],[124.998963228661609,10.849396843892819],[124.999237537188876,10.84939506234964],[124.999235734837981,10.849123905686117],[124.999233932534878,10.848852749017443],[124.999232130279552,10.848581592343795],[124.999506438018471,10.848579810693234],[124.999504635564023,10.848308654060087],[124.999778943008252,10.848306872211108]],[[125.000030059278785,10.855816600045184],[125.000031863484551,10.856087756459129],[125.000033667738094,10.856358912868011],[125.000307982434379,10.856357129241964],[125.000309786982811,10.856628285600131],[125.000311591578921,10.856899441953324],[125.000313396222822,10.857170598301366],[125.00058771161261,10.85716881429429],[125.000589516551472,10.857439970591706],[125.000591321538025,10.857711126884059],[125.000593126572468,10.857982283171349],[125.000594931654589,10.858253439453577],[125.000320615276536,10.858255223643084],[125.00032242015935,10.858526379965813],[125.000324225090054,10.858797536283479],[125.000049908169842,10.858799320319864],[125.00005171290114,10.859070476678031],[124.999777395686067,10.859072260515731],[124.999503078423203,10.859074044109093],[124.999501274186088,10.85880288765971],[124.99922695712263,10.858804670963259],[124.999225153180475,10.858533514463161],[124.998950836316325,10.858535297476898],[124.998949032668961,10.858264140926263],[124.998747867119491,10.858265448280932],[124.998746604721575,10.858075638668993],[124.99874480133667,10.857804482076347],[124.998742997999543,10.857533325478638],[124.998741194710107,10.857262168875778],[124.998740653732625,10.857180821894005],[124.998739391468462,10.856991012267944],[124.998737588274523,10.856719855655047],[124.998735785128346,10.856448699036999],[124.998733982029876,10.856177542413977],[124.998459667232694,10.856179324607837],[124.998457864429099,10.855908167934189],[124.998456061673195,10.855637011255478],[124.998454258964998,10.855365854571616],[124.998452456304577,10.85509469788278],[124.998726770113663,10.855092915871086],[124.998724967253935,10.854821759222752],[124.998926130502483,10.854820452292365],[124.998999280768231,10.854819977012372],[124.998997477709295,10.854548820404538],[124.999271790928802,10.854547037995562],[124.999271249946347,10.854465691025869],[124.999472412889276,10.854464383780801],[124.999474216362017,10.854735540311275],[124.99947601988265,10.855006696836597],[124.999750333439309,10.855004913926866],[124.999752137254632,10.855276070401562],[124.999753941117831,10.855547226871284],[125.00002825512081,10.855545443626177],[125.000030059278785,10.855816600045184]]]]}}
]
}
