{
"type": "FeatureCollection",
"name": "SYSTRA ID_241",
"crs": { "type": "name", "properties": { "name": "urn:ogc:def:crs:OGC:1.3:CRS84" } },
"xy_coordinate_resolution": 1e-15,
"features": [
{"type":"Feature","properties":{"fid":37,"HAZ":1.0,"layer":"Cagayan_StormSurge_SSA4","path":"/Users/jhannaroseverzo/Downloads/Cagayan/Cagayan_StormSurge_SSA4.shp","Risk Level":"Low","fid_2":241,"SYSTRA ID":"241","DAR ID":"88","Target Year":"2028","Bridge Category":"Original List","Bridge Name":"DAMMANG BRIDGE","Coordinates Y":"18.4350642","Coordinates X":"121.360524","Region":"II","Province":"CAGAYAN","ARC 2026":"Curbasta ARC","LINEAR METER IVF 2026":"30","EIRR 2026":"0.13","NEW/REPLACEMENT BRIDGE 2026":"replacement","Visited by SYSTRA":"No","Selected for 2nd Visit of SYSTRA":"Yes","Final Funder":"AFD","2023 IVF URL":"","2026 IVF URL":"https://drive.google.com/open?id=1SlLLEYSVFJ_64DASR1GcQML6RvadTDgq"},"geometry":{"type":"MultiPolygon","coordinates":[[[[121.364007681601848,18.455388773505327],[121.364197020228403,18.45539040713065],[121.364386358874683,18.455392040567148],[121.36438807038455,18.455211350399875],[121.364198731936156,18.455209716980519],[121.364200443624114,18.455029026826658],[121.364011105393416,18.455027393235529],[121.364009393507487,18.455208083372248],[121.364007681601848,18.455388773505327]]],[[[121.363629004407983,18.455385505687932],[121.363818342995017,18.455387139691087],[121.363820055098628,18.455206449575151],[121.36363071670948,18.455204815589138],[121.363629004407983,18.455385505687932]]],[[[121.350359816268252,18.456896855992216],[121.350170477308808,18.456895208423113],[121.349981138369444,18.456893560665094],[121.349791799449875,18.456891912718159],[121.349790072502046,18.457072601525986],[121.349979411619401,18.45707424949024],[121.350168750756836,18.45707589726549],[121.350358089914081,18.457077544851913],[121.350359816268252,18.456896855992216]]],[[[121.34467619156058,18.457208723426849],[121.34486553033706,18.457210376508609],[121.34486726245089,18.457029688153931],[121.344677923872382,18.45702803508949],[121.34467619156058,18.457208723426849]]],[[[121.34865403821594,18.457062709774036],[121.348464699238107,18.45706106048755],[121.348275360280169,18.45705941101215],[121.348086021342127,18.457057761347922],[121.348084292592986,18.457238449996765],[121.348273631728915,18.457240099678312],[121.348462970884825,18.457241749170944],[121.348652310060629,18.45724339847466],[121.34865403821594,18.457062709774036]]],[[[121.349220327707684,18.45724834525258],[121.34940966696324,18.457249993800723],[121.349411394326921,18.45706930503091],[121.349222055269237,18.457067656500087],[121.349220327707684,18.45724834525258]]],[[[121.350735042310319,18.457261528348528],[121.350924381725306,18.457263175385435],[121.350926107505529,18.457082486477599],[121.350736768288428,18.457080839457923],[121.350735042310319,18.457261528348528]]],[[[121.345431815246158,18.45739602302357],[121.34562115430046,18.457397675366987],[121.345622885642641,18.457216986946673],[121.345433546786225,18.457215334620486],[121.345431815246158,18.45739602302357]]],[[[121.347894953477052,18.457236800126303],[121.347705614380999,18.457235150066925],[121.347516275305026,18.457233499818631],[121.347326936248948,18.457231849381511],[121.347325206688097,18.457412537957612],[121.347514545942147,18.457414188412052],[121.347703885216106,18.457415838677576],[121.347893224510031,18.457417488754185],[121.347894953477052,18.457236800126303]]],[[[121.341836112314581,18.457183904532886],[121.341646773858287,18.457182248428744],[121.341645038359701,18.457362936485261],[121.3414556997255,18.457361280174883],[121.341453964008949,18.45754196821035],[121.341452228272331,18.457722656242353],[121.341641567302389,18.45772431258737],[121.341830906352428,18.45772596874356],[121.342020245422532,18.457727624710834],[121.342209584512631,18.457729280489193],[121.342398923622795,18.457730936078637],[121.342588262752955,18.457732591479164],[121.342777601903094,18.457734246690777],[121.342779336254154,18.457553558537448],[121.3425899973019,18.457551903343155],[121.342400658369726,18.457550247959947],[121.342402393096663,18.457369559837705],[121.342404127803533,18.457188871711821],[121.342593466339935,18.457190527060391],[121.342782804896331,18.457192182220044],[121.342972143472693,18.457193837190783],[121.34316148206905,18.457195491972605],[121.34316321596431,18.457014803773802],[121.342973877565839,18.457013149009299],[121.342784539187349,18.45701149405588],[121.342595200828839,18.457009838913546],[121.342405862490409,18.457008183582385],[121.342216524171974,18.457006528062308],[121.342214789287198,18.457187216174425],[121.342025450790857,18.457185560448114],[121.341836112314581,18.457183904532886]]],[[[121.346944798263337,18.457589925019896],[121.347134137675397,18.457591575869397],[121.347135867454028,18.457410887314257],[121.34694652823994,18.457409236481986],[121.346944798263337,18.457589925019896]]],[[[121.349786618546432,18.457433979130982],[121.3495972790531,18.457432330943352],[121.349407939579677,18.457430682566805],[121.349218600126136,18.457429034001432],[121.349216872524693,18.457609722746732],[121.34940621217612,18.457611371329335],[121.349595551847528,18.457613019723201],[121.349784891538746,18.457614667928063],[121.349786618546432,18.457433979130982]]],[[[121.348647125474798,18.457785464555126],[121.348836465264341,18.457787113721796],[121.348838193281622,18.4576064250146],[121.348648853689966,18.45760477586516],[121.348647125474798,18.457785464555126]]],[[[121.34997423125003,18.457616315944009],[121.349972504420322,18.457797004754767],[121.350161844349401,18.457798652599116],[121.350163570981209,18.457617963771128],[121.34997423125003,18.457616315944009]]],[[[121.34788803748927,18.457959554616426],[121.348077377396933,18.457961204556078],[121.348079106225924,18.457780515921623],[121.347889766516147,18.457778865999291],[121.34788803748927,18.457959554616426]]],[[[121.350349457844715,18.457980989096217],[121.350538798011641,18.457982636580056],[121.350540524267402,18.45780194772107],[121.350351184298447,18.457800300254551],[121.350161844349401,18.457798652599116],[121.350160117697769,18.457979341423552],[121.350349457844715,18.457980989096217]]],[[[121.348073919679166,18.458322581814151],[121.348263260002682,18.458324231599349],[121.348264988673577,18.458143542954858],[121.348075648548047,18.458141893186891],[121.348073919679166,18.458322581814151]]],[[[121.348640212414537,18.458508219278574],[121.348638484099624,18.45868890795051],[121.348827824878867,18.4586905572036],[121.348829552995895,18.458509868514344],[121.348640212414537,18.458508219278574]]],[[[121.346745077404549,18.458672405029525],[121.346743347090268,18.458853093524979],[121.346932687867891,18.458854744684455],[121.346934417984301,18.45867405617177],[121.346745077404549,18.458672405029525]]],[[[121.349015437739041,18.458872894970529],[121.349017165678077,18.458692206267685],[121.348827824878867,18.4586905572036],[121.348826096741945,18.458871245889124],[121.349015437739041,18.458872894970529]]],[[[121.347120298727106,18.459037084181467],[121.347122028665424,18.458856395655104],[121.346932687867891,18.458854744684455],[121.346930957731502,18.459035433193588],[121.347120298727106,18.459037084181467]]],[[[121.349204778756132,18.458874543863018],[121.349015437739041,18.458872894970529],[121.34901370978011,18.459053583669821],[121.349203050995172,18.45905523257963],[121.349204778756132,18.458874543863018]]],[[[121.349392392230129,18.459056881300434],[121.349203050995172,18.45905523257963],[121.349201323214231,18.45923592129251],[121.34939066464716,18.459237570030634],[121.349392392230129,18.459056881300434]]],[[[121.349960416054643,18.459061826329442],[121.349958689065517,18.459242515111512],[121.349769347572803,18.459240866940135],[121.349580006100084,18.459239218579842],[121.34939066464716,18.459237570030634],[121.34938893704431,18.459418258757193],[121.349578278695105,18.459419907323721],[121.349576551270232,18.459600596063957],[121.349765893138908,18.4596022444588],[121.349955235027565,18.459603892664639],[121.350144576936117,18.45960554068165],[121.350146303767147,18.459424851889544],[121.350148030578197,18.459244163093885],[121.350149757369351,18.459063474294673],[121.350339098703969,18.4590651220709],[121.350340825277257,18.458884433250727],[121.350151484140525,18.45888278549182],[121.349962143023788,18.458881137543909],[121.349960416054643,18.459061826329442]]],[[[121.351282354449125,18.459434735920293],[121.351471696299143,18.459436382597488],[121.351473421724549,18.459255693681037],[121.351284080072503,18.459254047021073],[121.351282354449125,18.459434735920293]]],[[[121.347116838790313,18.459398461223536],[121.347115108792039,18.459579149739152],[121.347304450401452,18.459580800590075],[121.347306180201755,18.45940011205705],[121.347307909982163,18.459219423520562],[121.347118568768707,18.459217772704367],[121.347116838790313,18.459398461223536]]],[[[121.359802757381473,18.459508649357353],[121.359992100125268,18.459510287532815],[121.3599938166426,18.459329597842316],[121.359804474096777,18.459327959683996],[121.359615131570678,18.459326321336761],[121.359425789064474,18.459324682800521],[121.359424071953313,18.459505372439594],[121.359613414657488,18.459507010992976],[121.359802757381473,18.459508649357353]]],[[[121.362071442875262,18.459889674741397],[121.362260786252506,18.459891310683979],[121.362259072051359,18.460072000569522],[121.362448415646384,18.460073636340329],[121.362637759261304,18.460075271922133],[121.362827102895864,18.460076907315109],[121.363016446550219,18.460078542519081],[121.363018159959537,18.459897852564971],[121.362828816503068,18.459896217378141],[121.362639473066494,18.459894582002306],[121.362450129649645,18.459892946437645],[121.362451843632996,18.459712256531319],[121.362262500433914,18.459710620794795],[121.362264214595442,18.459529930902058],[121.362074871614155,18.45952829499376],[121.361885528652579,18.459526658896458],[121.361887243190239,18.459345969034452],[121.361697900446444,18.459344332765376],[121.361508557722374,18.459342696307473],[121.361319215018099,18.459341059660566],[121.361129872333635,18.459339422824744],[121.361131587643399,18.459158733027664],[121.360942245176716,18.459157096020068],[121.360752902729743,18.459155458823467],[121.36056356030268,18.45915382143804],[121.360374217895327,18.459152183863697],[121.36018487550777,18.45915054610035],[121.359995533140122,18.459148908148087],[121.3599938166426,18.459329597842316],[121.360183159208319,18.459331235811721],[121.360372501793748,18.459332873592121],[121.360561844398987,18.459334511183695],[121.360751187024036,18.459336148586264],[121.360749471298604,18.459516838345419],[121.360938814141434,18.459518475576303],[121.36112815700406,18.459520112618183],[121.361317499886511,18.459521749471147],[121.361506842788657,18.459523386135196],[121.361696185710713,18.459525022610329],[121.361694470955271,18.45970571245164],[121.361883814095009,18.459707348755],[121.362073157254557,18.459708984869355],[121.362071442875262,18.459889674741397]]],[[[121.359233011939892,18.459684423315675],[121.35923129459114,18.459865112930412],[121.359420637671377,18.459866751707082],[121.359422354822243,18.459686062075114],[121.359424071953313,18.459505372439594],[121.359234729268934,18.459503733697385],[121.359233011939892,18.459684423315675]]],[[[121.34806008801003,18.459768090702649],[121.348058358961566,18.459948779297491],[121.348247701066668,18.459950429238297],[121.348249429917161,18.459769740626136],[121.34806008801003,18.459768090702649]]],[[[121.348435314519179,18.460132767616027],[121.34843704319168,18.459952078990188],[121.348247701066668,18.459950429238297],[121.34824597219621,18.460131117846906],[121.348435314519179,18.460132767616027]]],[[[121.359040233964095,18.460044163558869],[121.359038516377666,18.460224853149271],[121.35922785983405,18.46022649214914],[121.359229577222493,18.460045802541597],[121.35923129459114,18.459865112930412],[121.359041951530713,18.459863473964916],[121.359040233964095,18.460044163558869]]],[[[121.359415486100033,18.460408820581137],[121.359417203310315,18.460228130960093],[121.35922785983405,18.46022649214914],[121.359226142425868,18.46040718175313],[121.359415486100033,18.460408820581137]]],[[[121.363202363742516,18.460441557465717],[121.363391707832349,18.460443192326053],[121.36339342088516,18.460262502344943],[121.363204076993313,18.460260867501749],[121.363202363742516,18.460441557465717]]],[[[121.347111648735535,18.459940526759638],[121.34710991867739,18.460121215264508],[121.347108188599179,18.460301903765735],[121.347106458501074,18.460482592263411],[121.347104728382973,18.460663280757444],[121.347102998244893,18.460843969247925],[121.347101268086931,18.461024657734853],[121.347290611280044,18.461026308723977],[121.347479954493068,18.461027959524273],[121.347481684255087,18.460847271002795],[121.347292341240049,18.460845620219818],[121.347294071180144,18.460664931712106],[121.347295801100273,18.460484243200753],[121.347297531000407,18.460303554685758],[121.347299260880646,18.460122866167211],[121.347488603103869,18.460124516880999],[121.347490332766071,18.459943828341579],[121.347300990740891,18.459942177645111],[121.347302720581169,18.459761489119369],[121.347113378773784,18.459759838251216],[121.347111648735535,18.459940526759638]]],[[[121.359603112761974,18.460591148855038],[121.35979245667373,18.460592787322444],[121.359794173507865,18.460412097670581],[121.359604829794094,18.460410459220316],[121.359415486100033,18.460408820581137],[121.359413768869942,18.460589510198716],[121.359603112761974,18.460591148855038]]],[[[121.348619471318941,18.460676483104038],[121.348808814275813,18.460678132547109],[121.348810542612128,18.460497443897466],[121.348621199853326,18.460495794471715],[121.348619471318941,18.460676483104038]]],[[[121.352216990906157,18.460707790214364],[121.352406334241479,18.460709436067596],[121.352408058816451,18.460528747090127],[121.352218715679015,18.460527101254126],[121.352216990906157,18.460707790214364]]],[[[121.35979245667373,18.460592787322444],[121.359790739819772,18.460773476970665],[121.359980083949395,18.460775115266298],[121.360169428098828,18.460776753372926],[121.360167711621017,18.460957443051967],[121.360357055988132,18.460959080986822],[121.360546400375156,18.460960718732672],[121.360735744781977,18.460962356289695],[121.360737460665845,18.460781666559228],[121.360548116457011,18.460780029019435],[121.360358772267972,18.460778391290638],[121.360360488527988,18.460597701590903],[121.360171144556816,18.460596063690332],[121.359981800605368,18.460594425600846],[121.35979245667373,18.460592787322444]]],[[[121.350700518563613,18.46087530540515],[121.35088986193756,18.460876952787203],[121.351079205331501,18.460878599980251],[121.351080931312197,18.460697911127127],[121.350891588116227,18.460696263951309],[121.350702244940166,18.460694616586487],[121.350512901784072,18.460692969032749],[121.350323558647887,18.460691321290096],[121.350321831875291,18.460872010074297],[121.350511175209547,18.460873657834181],[121.350700518563613,18.46087530540515]]],[[[121.363386568555086,18.460985262247981],[121.363575913258643,18.460986896970738],[121.363577626172898,18.460806206983232],[121.363388281667312,18.460804572277617],[121.363386568555086,18.460985262247981]]],[[[121.352404609646698,18.460890125041512],[121.352402885031935,18.461070814011876],[121.352592228783195,18.461072459710653],[121.352593953199886,18.460891770723059],[121.352404609646698,18.460890125041512]]],[[[121.360923373502885,18.461144683401681],[121.361112718147211,18.461146320597926],[121.361114433654947,18.460965630836817],[121.360925089208507,18.460963993657714],[121.360735744781977,18.460962356289695],[121.360734028878284,18.46114304601652],[121.360923373502885,18.461144683401681]]],[[[121.346910194537855,18.461203695022693],[121.347099537908974,18.461205346218051],[121.347101268086931,18.461024657734853],[121.346911924913783,18.461023006556726],[121.346910194537855,18.461203695022693]]],[[[121.352779848315549,18.461254794221698],[121.35278157255425,18.461074105220515],[121.352592228783195,18.461072459710653],[121.352590504346509,18.461253148694606],[121.352779848315549,18.461254794221698]]],[[[121.363574200324663,18.461167586954602],[121.363572487370973,18.461348276934913],[121.363761832490297,18.461349911503039],[121.363763545246016,18.461169221505585],[121.363574200324663,18.461167586954602]]],[[[121.345015029549714,18.461367860965932],[121.345204372919056,18.461369514068032],[121.345206105096736,18.461188825761404],[121.345016761925379,18.461187172676624],[121.345015029549714,18.461367860965932]]],[[[121.346719120592837,18.461382732083337],[121.346717389978963,18.461563420524879],[121.346906733726044,18.461565071943792],[121.346908464141848,18.461384383485019],[121.346910194537855,18.461203695022693],[121.346720851186717,18.46120204363833],[121.346719120592837,18.461382732083337]]],[[[121.347096077493106,18.461566723173789],[121.347285421280063,18.46156837421487],[121.347287151300009,18.461387685721547],[121.347288881299974,18.461206997224583],[121.347099537908974,18.461205346218051],[121.347097807711023,18.461386034697785],[121.347096077493106,18.461566723173789]]],[[[121.348801900730876,18.461400887109619],[121.348800172294816,18.46158157574132],[121.348989516261369,18.461583225081807],[121.348991244499544,18.461402536432875],[121.348992972717639,18.46122184778039],[121.348803629147042,18.461220198474454],[121.348801900730876,18.461400887109619]]],[[[121.363949465051789,18.461532235893113],[121.363951177629332,18.46135154588216],[121.363761832490297,18.461349911503039],[121.363760119714769,18.46153060149685],[121.363949465051789,18.461532235893113]]],[[[121.344634610079382,18.461545242445837],[121.344823953606735,18.461546895943176],[121.344825686200352,18.461366207674828],[121.34463634287107,18.46136455419472],[121.344634610079382,18.461545242445837]]],[[[121.34577067154305,18.461555160595871],[121.3459600151903,18.46155681295954],[121.345961746596075,18.461376124587275],[121.345772403146881,18.461374472240927],[121.34577067154305,18.461555160595871]]],[[[121.350314924585973,18.461594765174954],[121.350504268712044,18.461596413003939],[121.350505995366234,18.461415724216895],[121.350316651438234,18.46141407640523],[121.350314924585973,18.461594765174954]]],[[[121.352774675480134,18.461796861203577],[121.352964020063084,18.461798506593446],[121.352965744163413,18.461617817585868],[121.352967468243932,18.461437128574559],[121.352778124057025,18.46143548321924],[121.352776399778534,18.46161617221323],[121.352774675480134,18.461796861203577]]],[[[121.343875502566632,18.461719314745078],[121.343877236170201,18.461538626566881],[121.343687892742864,18.461536972124787],[121.34368615894131,18.461717660285665],[121.343875502566632,18.461719314745078]]],[[[121.346526315419936,18.461742457337543],[121.346715659345094,18.46174410896278],[121.346717389978963,18.461563420524879],[121.346528046251777,18.461561768916962],[121.346526315419936,18.461742457337543]]],[[[121.343116393770089,18.461893383878941],[121.343305737533257,18.461895038922599],[121.343307471750819,18.461714350799912],[121.343118128185552,18.461712695773663],[121.343116393770089,18.461893383878941]]],[[[121.362235071158267,18.46260165859],[121.362236785636341,18.462420968754728],[121.362238500094691,18.462240278915903],[121.362240214533244,18.462059589073526],[121.362050868780116,18.462057952925242],[121.362052583396832,18.461877263096365],[121.362054297993836,18.461696573263847],[121.36186495265656,18.46169493696102],[121.361866667431727,18.461514247142002],[121.361677322312232,18.461512610667313],[121.36167903726556,18.461331920861973],[121.361489692363762,18.461330284215421],[121.36149140749535,18.461149594423581],[121.361302062811419,18.461147957605256],[121.361112718147211,18.461146320597926],[121.361111002619666,18.461327010355483],[121.361300347481858,18.461328647379954],[121.361298632132474,18.461509337151011],[121.361487977212448,18.46151097400362],[121.361486262041339,18.461691663788354],[121.361675607338995,18.461693300469101],[121.361673892346047,18.461873990267335],[121.361863237861584,18.461875626776308],[121.361861523046898,18.462056316588132],[121.361859808212301,18.462237006396226],[121.362049154143591,18.462238642750567],[121.36204743948727,18.462419332572249],[121.362045724811225,18.462600022390379],[121.362235071158267,18.46260165859]]],[[[121.351826227555947,18.461969320320787],[121.352015572237292,18.461970966672641],[121.352017297347487,18.461790277754769],[121.351827952864099,18.461788631420145],[121.351826227555947,18.461969320320787]]],[[[121.343682691278175,18.462079036596673],[121.343872035299441,18.462080691090726],[121.34387376894307,18.461900002919723],[121.34368442511979,18.46189834844299],[121.343682691278175,18.462079036596673]]],[[[121.345576132390619,18.46209557303467],[121.345765476611803,18.462097225639212],[121.345767208275504,18.461916537295014],[121.345577864252377,18.461914884707792],[121.345576132390619,18.46209557303467]]],[[[121.342548362600439,18.461888417614475],[121.342546627570982,18.462069105664153],[121.342357283689793,18.462067449847424],[121.34216793982867,18.462065793841692],[121.34216620438319,18.462246481853089],[121.342355548442285,18.462248137876141],[121.34254489252146,18.462249793710189],[121.342734236620615,18.462251449355321],[121.342923580739836,18.462253104811538],[121.34292531539333,18.462072416730773],[121.342735971472166,18.462070761291965],[121.342737706303637,18.461890073224879],[121.342548362600439,18.461888417614475]]],[[[121.348414568893702,18.462301030845701],[121.348603913612351,18.462302680633297],[121.348605642326234,18.462121992033303],[121.348416297805556,18.462120342263027],[121.348414568893702,18.462301030845701]]],[[[121.348793258350995,18.462304330231888],[121.348982603109533,18.462305979641474],[121.348984331427388,18.46212529100702],[121.348794986866821,18.462123641614664],[121.348793258350995,18.462304330231888]]],[[[121.346898081347049,18.462468514183833],[121.347087426103982,18.46247016550025],[121.347089156421745,18.462289477042187],[121.346899811862784,18.462287825743001],[121.346898081347049,18.462468514183833]]],[[[121.347275040741238,18.46265250509958],[121.347464385736203,18.462654156055486],[121.347466115677904,18.462473467566337],[121.347276770880995,18.46247181662784],[121.347275040741238,18.46265250509958]]],[[[121.352008671597417,18.462693722308071],[121.352198017090657,18.462695368539933],[121.352199742082533,18.462514679619218],[121.352010396787279,18.462513033404587],[121.352008671597417,18.462693722308071]]],[[[121.348595269743896,18.463206123579262],[121.348784615472411,18.463207773264184],[121.348786344088055,18.463027084664901],[121.348596998557426,18.46302543499721],[121.348595269743896,18.463206123579262]]],[[[121.352571534230009,18.463240727280677],[121.352569809554581,18.463421416221465],[121.352759155899591,18.463423061955414],[121.352760880377033,18.463242372997307],[121.352571534230009,18.463240727280677]]],[[[121.349159850490494,18.463572449324111],[121.349349196674908,18.463574098476748],[121.349350924736427,18.46339340983279],[121.349161578749985,18.463391760697473],[121.349159850490494,18.463572449324111]]],[[[121.352946777965116,18.463605396471966],[121.352948502264397,18.46342470750027],[121.352759155899591,18.463423061955414],[121.352757431402239,18.46360375090979],[121.352946777965116,18.463605396471966]]],[[[121.355599353460818,18.463447725287502],[121.35559763193362,18.463628414500249],[121.355786978794654,18.463630057227803],[121.355788700123867,18.463449367997914],[121.355599353460818,18.463447725287502]]],[[[121.351621352442805,18.463593873568357],[121.351619626737531,18.463774562415797],[121.351808973379008,18.463776209129051],[121.351810698886297,18.463595520264381],[121.351621352442805,18.463593873568357]]],[[[121.353134400426683,18.463787730830511],[121.353136124547888,18.463607041845137],[121.352946777965116,18.463605396471966],[121.352945053645854,18.463786085440109],[121.353134400426683,18.463787730830511]]],[[[121.355974604524548,18.463812389010009],[121.355976325675684,18.463631699766442],[121.355786978794654,18.463630057227803],[121.355785257445646,18.463810746454229],[121.355974604524548,18.463812389010009]]],[[[121.351996594711167,18.46395854453165],[121.35199832004038,18.463777855653301],[121.351808973379008,18.463776209129051],[121.351807247851823,18.46395689799008],[121.351996594711167,18.46395854453165]]],[[[121.353322023284292,18.463970065030871],[121.353323747227407,18.463789376031997],[121.353134400426683,18.463787730830511],[121.353132676285583,18.463968419812243],[121.353322023284292,18.463970065030871]]],[[[121.363925486891347,18.464061895669076],[121.36411483502026,18.464063530115965],[121.364116547676403,18.463882840138229],[121.363927199745561,18.463881205708393],[121.363925486891347,18.464061895669076]]],[[[121.349724433712879,18.4639387735611],[121.349722705987631,18.464119462228773],[121.349912052825928,18.464121110866266],[121.349913780353205,18.463940422181363],[121.349724433712879,18.4639387735611]]],[[[121.352185941590506,18.463960190884126],[121.352184216439454,18.464140879776153],[121.352373563536659,18.464142525956944],[121.352375288489725,18.463961837047687],[121.352185941590506,18.463960190884126]]],[[[121.355972883353701,18.463993078249935],[121.355971162162945,18.464173767486308],[121.355969440952308,18.46435445671904],[121.356158788645217,18.464356099137508],[121.356160509657784,18.464175409887545],[121.356162230650554,18.463994720633941],[121.356351577967231,18.463996362829032],[121.356353298742036,18.463815673554734],[121.356163951623429,18.463814031376874],[121.355974604524548,18.463812389010009],[121.355972883353701,18.463993078249935]]],[[[121.356730272660172,18.463999646652201],[121.35654092530379,18.463998004835119],[121.356351577967231,18.463996362829032],[121.356349857172518,18.464177052099778],[121.356539204707062,18.464178694123095],[121.356728552261501,18.464180335957408],[121.356917899835736,18.464181977602717],[121.356919620036436,18.464001288280368],[121.356730272660172,18.463999646652201]]],[[[121.352561185878855,18.464324860871578],[121.352562910653845,18.464144171948732],[121.352373563536659,18.464142525956944],[121.352371838563698,18.464323214862471],[121.352561185878855,18.464324860871578]]],[[[121.353322023284292,18.463970065030871],[121.353320299321268,18.464150754026281],[121.353318575338449,18.46433144301805],[121.353129227943711,18.464329797764872],[121.352939880568854,18.464328152322778],[121.352750533213907,18.46432650669168],[121.352748808617093,18.464507195628116],[121.352938156170012,18.464508841276444],[121.353127503742925,18.464510486735769],[121.353316851335634,18.464512132006178],[121.353506198948338,18.464513777087582],[121.353507922753082,18.464333088082135],[121.35350964653793,18.464152399073225],[121.353511370302883,18.463971710060584],[121.353322023284292,18.463970065030871]]],[[[121.355212050379478,18.46434788515548],[121.355401397992878,18.464349528329876],[121.355403119797543,18.464168839148748],[121.355213772382186,18.464167195991582],[121.355212050379478,18.46434788515548]]],[[[121.357105527407356,18.464364308394959],[121.35710724742988,18.464183619059021],[121.356917899835736,18.464181977602717],[121.35691617961524,18.464362666921424],[121.357105527407356,18.464364308394959]]],[[[121.346879044356044,18.464456086795217],[121.34706839129106,18.46445773830197],[121.347070121828466,18.464277049883432],[121.346880775091421,18.464275398393998],[121.346879044356044,18.464456086795217]]],[[[121.363920348210229,18.464603965529363],[121.363922061123674,18.464423275579517],[121.363732712618543,18.464421640909428],[121.363730999507013,18.464602330842133],[121.363920348210229,18.464603965529363]]],[[[121.347256007886827,18.464640078051936],[121.347257738246071,18.464459389619719],[121.34706839129106,18.46445773830197],[121.347066660733759,18.464638426716867],[121.347256007886827,18.464640078051936]]],[[[121.357480783738694,18.46472896950489],[121.357670131986438,18.464730610445873],[121.357671851454569,18.464549921065526],[121.357482503404881,18.464548280141774],[121.357480783738694,18.46472896950489]]],[[[121.353884894233246,18.464517066683378],[121.353695546580852,18.464515421979982],[121.353506198948338,18.464513777087582],[121.3535044751237,18.464694466089298],[121.353502751279166,18.464875155087551],[121.353692099307708,18.464876800014412],[121.35369382295427,18.464696110998929],[121.35388317080465,18.464697755719644],[121.353884894233246,18.464517066683378]]],[[[121.347443624878551,18.464822417643894],[121.34744535505979,18.464641729198],[121.347256007886827,18.464640078051936],[121.347254277507531,18.464820766480599],[121.347443624878551,18.464822417643894]]],[[[121.358997288357727,18.464561402240381],[121.358807940169228,18.464559762639482],[121.358618592000525,18.464558122849578],[121.358429243851631,18.464556482870758],[121.358239895722633,18.464554842702935],[121.358238176848531,18.464735532134796],[121.358427525175671,18.464737172319762],[121.35861687352255,18.464738812315812],[121.358615155024665,18.464919501778404],[121.358613436507071,18.465100191237354],[121.35861171796958,18.465280880692841],[121.358801066930354,18.465282520551401],[121.358802785269788,18.465101831078773],[121.358804503589411,18.464921141602591],[121.358993852174038,18.464922781237863],[121.359183200778389,18.464924420684042],[121.359372549402636,18.464926059941305],[121.359561898046607,18.464927699009564],[121.359563615554336,18.464747009461085],[121.359752964020132,18.464748648323198],[121.359754681309994,18.464567958754024],[121.359565333042184,18.464566319909054],[121.359567050510208,18.464385630353469],[121.359377702460264,18.464383991336724],[121.35937598479417,18.464564680875167],[121.359186636566051,18.464563041652276],[121.358997288357727,18.464561402240381]]],[[[121.363538224145216,18.464962075786367],[121.363727573224651,18.464963710696797],[121.363729286375687,18.464783020771286],[121.363539937494323,18.46478138587791],[121.363538224145216,18.464962075786367]]],[[[121.347631242266317,18.465004757077935],[121.34763297226948,18.464824068618274],[121.347443624878551,18.464822417643894],[121.347441894677331,18.465003106086236],[121.347631242266317,18.465004757077935]]],[[[121.348574522424741,18.46537438628269],[121.348385174339882,18.465372736201374],[121.348195826275017,18.465371085931054],[121.348194096805997,18.465551774431837],[121.348383445068933,18.465553424719388],[121.348381715778004,18.465734113233761],[121.348571064258891,18.465735763349539],[121.348760412759773,18.465737413276401],[121.348949761280636,18.465739063014258],[121.348951489977381,18.465558374448104],[121.348953218654231,18.465377685878309],[121.349142566798946,18.465379335392612],[121.34914429525783,18.465198646801944],[121.349333643224469,18.465200296110012],[121.349522991211003,18.465201945229076],[121.349524719253864,18.465021256600217],[121.349714067062322,18.465022905513045],[121.349715794887317,18.464842216863403],[121.349905142517599,18.464843865569996],[121.350094490167962,18.464845514087585],[121.350283837838219,18.46484716241617],[121.350473185528372,18.46484881055575],[121.350474912541216,18.464668121833455],[121.35047663953425,18.464487433107518],[121.350287292240139,18.464485785002399],[121.350289019411164,18.464305096290229],[121.35009967233502,18.464303448013425],[121.350101399684121,18.464122759314844],[121.349912052825928,18.464121110866266],[121.349910325278756,18.464301799547616],[121.349720978242487,18.464300150892804],[121.349531631226114,18.464298502049076],[121.349529903263004,18.464479190692234],[121.34934055606854,18.464477541642271],[121.349338827887394,18.464658230264646],[121.349149480514853,18.464656581008359],[121.349147752115826,18.464837269609863],[121.348958404565209,18.46483562014734],[121.348956675948145,18.465016308727883],[121.348954947311171,18.465196997304872],[121.348765599384507,18.465195347618884],[121.348763870529496,18.465376036174913],[121.348574522424741,18.46537438628269]]],[[[121.361835798451281,18.464766663333215],[121.361646449767619,18.464765026549973],[121.361644734438315,18.464945716287101],[121.361455385576392,18.464944079297712],[121.361453670029221,18.465124769014057],[121.361264320989036,18.465123131818522],[121.361262605224084,18.465303821514173],[121.361073256005739,18.465302184112581],[121.360883906807203,18.465300546521895],[121.360882190626313,18.46548123617962],[121.360692841249517,18.465479598382878],[121.36069112485076,18.465660288019908],[121.360501775295702,18.46565865001693],[121.360500058679165,18.465839339633177],[121.360310708945931,18.465837701424142],[121.360308992111442,18.466018391019606],[121.360307275257227,18.466199080611517],[121.360305558383203,18.466379770199875],[121.360303841489369,18.466560459784592],[121.360493192014857,18.466562098062283],[121.360491475299199,18.466742787660589],[121.360489758563816,18.466923477255254],[121.360488041808637,18.467104166846365],[121.360486325033563,18.467284856433835],[121.360675676371102,18.467286494591178],[121.360677392948034,18.467105804986478],[121.360679109505142,18.466925115378224],[121.360868460466364,18.466926753312279],[121.360870176805619,18.466746063683242],[121.36087189312515,18.466565374050653],[121.360873609424786,18.466384684414511],[121.360875325704697,18.466203994774727],[121.361064675893473,18.466205632451121],[121.361066391955518,18.466024942790554],[121.361255741966033,18.466026580260802],[121.361257457810211,18.465845890579541],[121.36144680764248,18.465847527843643],[121.361448523268876,18.465666838141598],[121.36163787292287,18.465668475199553],[121.3616395883314,18.465487785476814],[121.361828937807232,18.465489422328623],[121.362018287302774,18.465491058991429],[121.362020002295466,18.465310369230853],[121.362209351612748,18.465312005687512],[121.362398700949853,18.465313641955255],[121.362400415526693,18.465132952156754],[121.362589764685524,18.465134588218262],[121.362591479044497,18.464953898399067],[121.36278082802508,18.464955534254518],[121.362782542166357,18.464774844414627],[121.362593193383745,18.464773208576318],[121.362594907703183,18.464592518749928],[121.362596622002826,18.464411828919896],[121.362407273636151,18.464410192926866],[121.362408988114041,18.464229503110424],[121.362598336282744,18.464231139086312],[121.362600050542852,18.464050449249175],[121.36260176478315,18.463869759408396],[121.362603479003738,18.463689069563976],[121.362414131429063,18.463687433639514],[121.362415845827897,18.463506743808683],[121.36241756020685,18.463326053974299],[121.362419274566079,18.463145364136274],[121.362420988905512,18.462964674294696],[121.362422703225221,18.462783984449477],[121.362424417525034,18.462603294600704],[121.362235071158267,18.46260165859],[121.362233356660397,18.462782348421719],[121.362231642142703,18.462963038249796],[121.362229927605313,18.463143728074233],[121.362228213048013,18.463324417895116],[121.362226498471003,18.463505107712358],[121.362224783874183,18.463685797526047],[121.362223069257638,18.463866487336183],[121.362221354621298,18.464047177142678],[121.362219639965147,18.464227866945532],[121.362030291835964,18.464226230591724],[121.362028576962032,18.464406920373882],[121.362026862068305,18.464587610152488],[121.36183751356289,18.464585973575304],[121.361835798451281,18.464766663333215]]],[[[121.353879723887857,18.465059133781342],[121.354069072154246,18.465060778347425],[121.354070795424576,18.464880089301122],[121.353881447356244,18.464878444752269],[121.353879723887857,18.465059133781342]]],[[[121.355771485938234,18.465256260135515],[121.35596083460139,18.465257902828963],[121.356150183284342,18.465259545333407],[121.356151904396214,18.465078856101385],[121.355962555911233,18.465077213614173],[121.355964277201281,18.464896524395741],[121.355774928934267,18.464894881736754],[121.355585580687048,18.464893238888763],[121.355583859000873,18.465073928072734],[121.355773207446148,18.465075570937866],[121.355771485938234,18.465256260135515]]],[[[121.34800993750423,18.465008058494231],[121.347820589875283,18.465006407880541],[121.347818860050197,18.46518709635388],[121.348008207877129,18.465188746984889],[121.34800993750423,18.465008058494231]]],[[[121.348195826275017,18.465371085931054],[121.348197555724042,18.465190397426895],[121.348008207877129,18.465188746984889],[121.348006478230033,18.465369435471818],[121.348195826275017,18.465371085931054]]],[[[121.357663253915533,18.465453367931023],[121.357852602975257,18.465455008751746],[121.357854322324712,18.465274319368646],[121.357664973463059,18.465272678565153],[121.357663253915533,18.465453367931023]]],[[[121.347624322053903,18.465727510880431],[121.347622591950909,18.465908199322062],[121.347811940550031,18.465909850211176],[121.347813670454954,18.465729161752225],[121.347815400339996,18.465548473289722],[121.347817130205044,18.465367784823577],[121.347818860050197,18.46518709635388],[121.347629512243159,18.465185445533955],[121.347627782200036,18.465366133986333],[121.347626052136917,18.465546822435158],[121.347624322053903,18.465727510880431]]],[[[121.358799348571125,18.4654632100203],[121.358797630192001,18.465643899485734],[121.358986979568712,18.465645539189662],[121.35898869774978,18.465464849706997],[121.358799348571125,18.4654632100203]]],[[[121.362773971262541,18.465678293578286],[121.362963321055005,18.465679929313211],[121.362965035077266,18.465499239470567],[121.362775685482859,18.465497603752695],[121.362773971262541,18.465678293578286]]],[[[121.359174610962327,18.465827868200662],[121.359176328965233,18.465647178704497],[121.358986979568712,18.465645539189662],[121.358985261367835,18.465826228668597],[121.359174610962327,18.465827868200662]]],[[[121.362393557100688,18.465855711329088],[121.362582907051689,18.465857347459163],[121.362584621489788,18.465676657654356],[121.362395271736844,18.465675021541333],[121.362393557100688,18.465855711329088]]],[[[121.362204207169484,18.465854075010007],[121.362014857258089,18.465852438501923],[121.362013142205981,18.466033128251752],[121.362202492315532,18.466034764776978],[121.362204207169484,18.465854075010007]]],[[[121.356904137515841,18.465627492051922],[121.356902417136524,18.465808181341941],[121.356900696737412,18.465988870628319],[121.356898976318405,18.466169559911055],[121.357088326090803,18.466171201556541],[121.357086605850057,18.466351890852955],[121.357084885589416,18.466532580145639],[121.357274235777737,18.466534221636493],[121.357272515695357,18.466714910942855],[121.357270795592981,18.466895600245664],[121.357460146197326,18.466897241581798],[121.357461866101545,18.466716552261847],[121.357463585985968,18.466535862938255],[121.357465305850567,18.46635517361111],[121.357275955840407,18.46635353232649],[121.357277675883182,18.466172843012934],[121.357279395906062,18.465992153695737],[121.357281115909132,18.465811464374987],[121.35728283589232,18.465630775050684],[121.35728455585577,18.465450085722651],[121.357286275799254,18.465269396391154],[121.357096926997187,18.465267755020648],[121.357095206855561,18.465448444335003],[121.357093486694126,18.465629133645805],[121.356904137515841,18.465627492051922]]],[[[121.359362242752084,18.466010197053478],[121.359360524907643,18.466190886559591],[121.359549874937954,18.466192525747932],[121.359551592584339,18.466011836224677],[121.359362242752084,18.466010197053478]]],[[[121.361822076846451,18.466212181266567],[121.362011427134163,18.466213817997939],[121.362013142205981,18.466033128251752],[121.36182379211634,18.466031491537521],[121.361822076846451,18.466212181266567]]],[[[121.358601406328347,18.466365017349734],[121.358790756477333,18.466366657311323],[121.358792474935782,18.466185967860365],[121.358603124984768,18.466184327915919],[121.358601406328347,18.466365017349734]]],[[[121.359546439585685,18.466553904783694],[121.359735790031948,18.466555543817403],[121.359737507519881,18.466374854284201],[121.35973922498809,18.466194164747357],[121.359549874937954,18.466192525747932],[121.359548157271774,18.466373215267634],[121.359546439585685,18.466553904783694]]],[[[121.352163513073947,18.466309146198917],[121.352352862547562,18.466310792586565],[121.352354587739455,18.466130103720563],[121.352165238463911,18.466128457350145],[121.351975889208262,18.466126810790723],[121.351786539972494,18.466125164042296],[121.351784814186502,18.466305852856607],[121.351783088380515,18.466486541667276],[121.351781362554718,18.466667230474393],[121.351970712384571,18.466668877274511],[121.351972438012396,18.466488188450164],[121.351974163620227,18.466307499622264],[121.352163513073947,18.466309146198917]]],[[[121.352542212040973,18.466312438785298],[121.352540487027241,18.466493127664979],[121.352729836738703,18.466494773691849],[121.352731561554464,18.466314084794938],[121.352542212040973,18.466312438785298]]],[[[121.352917461832476,18.466677108440305],[121.352919186470075,18.466496419529715],[121.352729836738703,18.466494773691849],[121.352728111903147,18.466675462585119],[121.352917461832476,18.466677108440305]]],[[[121.353105087322376,18.466859443030575],[121.353106811781714,18.466678754106397],[121.352917461832476,18.466677108440305],[121.352915737174996,18.466857797347252],[121.353105087322376,18.466859443030575]]],[[[121.358219267925122,18.46672311564777],[121.358217548813073,18.466903805036377],[121.358215829681214,18.46708449442152],[121.358214110529545,18.467265183803022],[121.358403461629237,18.467266824228506],[121.358405180582835,18.467086134829863],[121.358406899516623,18.466905445427578],[121.358408618430616,18.466724756021652],[121.35859796895592,18.466726396206617],[121.358787319501118,18.466728036202579],[121.358789037999173,18.466547346758727],[121.358599687652045,18.466545706779996],[121.358410337324798,18.466544066612173],[121.358412056199086,18.466363377199141],[121.35822270608972,18.466361736859543],[121.358033356000149,18.466360096330941],[121.358031636729734,18.466540785709689],[121.358029917439524,18.466721475084796],[121.358219267925122,18.46672311564777]]],[[[121.357647777095522,18.467079572062556],[121.35764949682158,18.466898882729016],[121.357460146197326,18.466897241581798],[121.357458426273212,18.467077930898196],[121.357647777095522,18.467079572062556]]],[[[121.359728919881803,18.467278301914508],[121.359730637449047,18.467097612395605],[121.3595412864087,18.467095973310382],[121.359539568643385,18.467276662812143],[121.359728919881803,18.467278301914508]]],[[[121.35196380967426,18.467391632536017],[121.352153160316277,18.467393279216143],[121.352154885825612,18.467212590388954],[121.351965535381751,18.467210943726059],[121.35196380967426,18.467391632536017]]],[[[121.354046667830616,18.467409735621715],[121.354048391359399,18.467229046622219],[121.3538590407165,18.467227401849456],[121.353669690093497,18.467225756887601],[121.353667966168587,18.467406445852724],[121.353857316989647,18.467408090831722],[121.354046667830616,18.467409735621715]]],[[[121.357835408389761,18.46726190238504],[121.357837127937557,18.467081213037911],[121.357647777095522,18.467079572062556],[121.357646057349669,18.467260261392543],[121.35764433758392,18.467440950718888],[121.357642617798362,18.467621640041681],[121.357831969234667,18.467623281068551],[121.357833688822168,18.467442591728616],[121.357835408389761,18.46726190238504]]],[[[121.358400023662426,18.467628203015135],[121.358589375177971,18.467629843285899],[121.358591093973203,18.467449153877219],[121.35859281274864,18.467268464464986],[121.358403461629237,18.467266824228506],[121.358401742655644,18.467447513623597],[121.358400023662426,18.467628203015135]]],[[[121.360295256723049,18.467463907654263],[121.360293539710383,18.467644597217397],[121.360482891424169,18.467646235598028],[121.360484608238764,18.467465546017753],[121.360486325033563,18.467284856433835],[121.360296973715919,18.467283218087577],[121.360295256723049,18.467463907654263]]],[[[121.352340785646916,18.467575614548132],[121.352342510978175,18.467394925707264],[121.352153160316277,18.467393279216143],[121.352151434787046,18.46757396803978],[121.352340785646916,18.467575614548132]]],[[[121.35271948742654,18.467578906997733],[121.352908838346195,18.467580552939072],[121.35291056308327,18.467399864046513],[121.352721212361672,18.467398218122405],[121.35271948742654,18.467578906997733]]],[[[121.353476891224531,18.467585489628885],[121.353666242223767,18.467587134814206],[121.353667966168587,18.467406445852724],[121.353478615367408,18.467404800684633],[121.353476891224531,18.467585489628885]]],[[[121.35423429534076,18.467592069235877],[121.354423646419576,18.467593713665003],[121.354425369572127,18.467413024634688],[121.354236018691381,18.467411380222703],[121.35423429534076,18.467592069235877]]],[[[121.353285815884362,18.467764533178116],[121.353475167061774,18.467766178569583],[121.353476891224531,18.467585489628885],[121.353287540245191,18.467583844254648],[121.353285815884362,18.467764533178116]]],[[[121.35972376706124,18.467820370449544],[121.359913118913568,18.467822009414331],[121.359914836342256,18.467641319889122],[121.3597254846879,18.467639680941389],[121.35972376706124,18.467820370449544]]],[[[121.36010247078579,18.467823648190201],[121.360291822677823,18.467825286776979],[121.360293539710383,18.467644597217397],[121.360104188016422,18.467642958647762],[121.36010247078579,18.467823648190201]]],[[[121.358585937527977,18.467991222092511],[121.35877528945953,18.467992862208643],[121.358777008096411,18.467812172789927],[121.358778726713396,18.467631483367747],[121.358589375177971,18.467629843285899],[121.358587656362914,18.467810532691026],[121.358585937527977,18.467991222092511]]],[[[121.361429650290049,18.467654424665941],[121.361240298477327,18.467652787230421],[121.361238582435092,18.467833476875711],[121.361236866373133,18.468014166517449],[121.361426218582068,18.468015803987253],[121.361427934445956,18.467835114328373],[121.361429650290049,18.467654424665941]]],[[[121.352905388812388,18.467941930713444],[121.353094740148066,18.46794357650024],[121.35309646472686,18.467762887597555],[121.352907113589239,18.467761241828079],[121.352905388812388,18.467941930713444]]],[[[121.352526686200719,18.467938638572839],[121.352337334924812,18.46793699221903],[121.352335609533867,18.468117681049151],[121.352524961007845,18.46811932742019],[121.352526686200719,18.467938638572839]]],[[[121.355175883733168,18.468142356767686],[121.355177606153063,18.467961667679283],[121.354988254598723,18.467960023971713],[121.354986531980671,18.468140713042974],[121.355175883733168,18.468142356767686]]],[[[121.360288388553471,18.468186665885305],[121.360290105625552,18.468005976333007],[121.360100753535448,18.468004337728999],[121.360099036265211,18.468185027264244],[121.360288388553471,18.468186665885305]]],[[[121.361613855125171,18.468198130940522],[121.361615570810798,18.468017441268053],[121.361426218582068,18.468015803987253],[121.361424502698355,18.46819649364258],[121.361613855125171,18.468198130940522]]],[[[121.358016162403388,18.46816698995633],[121.358014442934547,18.468347679299018],[121.358203795202812,18.468349320016625],[121.358205514473497,18.468168630656706],[121.358016162403388,18.46816698995633]]],[[[121.351956906645441,18.46811438773997],[121.351955180838488,18.468295076531899],[121.351953455011625,18.468475765320274],[121.352142806841925,18.468477412103873],[121.352332158692221,18.468479058698467],[121.352521510562397,18.468480705103968],[121.352710862452483,18.468482351320464],[121.352712587487076,18.468301662463166],[121.352523235795061,18.4683000162639],[121.352333884122942,18.468298369875541],[121.352335609533867,18.468117681049151],[121.352146258079713,18.468116034489018],[121.351956906645441,18.46811438773997]]],[[[121.35877528945953,18.467992862208643],[121.358773570802853,18.468173551623718],[121.358771852126367,18.468354241035151],[121.35877013343007,18.468534930443031],[121.358580780904319,18.468533290275385],[121.358391428398377,18.468531649918646],[121.358389709286058,18.468712339288601],[121.358579061990056,18.468713979662393],[121.358768414713879,18.46871561984727],[121.358957767457582,18.468717259843054],[121.358959485975618,18.468536570421673],[121.358961204473943,18.468355880996651],[121.358962922952372,18.468175191567987],[121.358964641410893,18.46799450213577],[121.35877528945953,18.467992862208643]]],[[[121.358391428398377,18.468531649918646],[121.358393147490801,18.468350960545138],[121.358203795202812,18.468349320016625],[121.358202075912246,18.468530009372902],[121.358391428398377,18.468531649918646]]],[[[121.346460529010102,18.46860861465483],[121.346462260600973,18.468427926370939],[121.346463992171863,18.468247238083496],[121.346465723722773,18.468066549792322],[121.346655074578649,18.46806820202303],[121.346656805911508,18.467887513710984],[121.346658537224371,18.467706825395386],[121.346660268517354,18.467526137076234],[121.346849618799027,18.467527789065979],[121.346851349873873,18.467347100725867],[121.347040699977555,18.467348752509288],[121.347042430834435,18.467168064148392],[121.347231780759955,18.46716971572549],[121.347233511398784,18.466989027343633],[121.347422861146214,18.466990678714495],[121.347612210913638,18.466992329896353],[121.347613941136444,18.466811641476216],[121.347803290725793,18.46681329245175],[121.347805020730547,18.46663260401083],[121.347806750715336,18.466451915566356],[121.347808480680214,18.466271227118241],[121.347619131684979,18.466269576194577],[121.347617401522115,18.466450264625372],[121.34761567133927,18.466630953052615],[121.347426321967887,18.466629301905307],[121.347236972616585,18.466627650569084],[121.347235242017717,18.466808338958135],[121.347045892488239,18.466806687415588],[121.347044161671334,18.466987375783766],[121.346854811963766,18.466985724034895],[121.346665462276192,18.46698407209702],[121.346663731043179,18.467164760427007],[121.346474381177615,18.467163108282897],[121.346472649726536,18.467343796591923],[121.346470918255577,18.467524484897485],[121.346281568013779,18.467522832529642],[121.346279836324754,18.467703520814243],[121.346278104615763,18.467884209095292],[121.346276372886777,18.468064897372699],[121.346087022070861,18.468063244763982],[121.346085290123838,18.468243933020428],[121.345895939129747,18.468242280205388],[121.345894206964672,18.468422968440962],[121.345892474779603,18.468603656672983],[121.346081826169822,18.468605309522662],[121.346080094162843,18.468785997768361],[121.3462694457711,18.468787650446266],[121.346267713942282,18.468968338705732],[121.346457065768504,18.468969991211864],[121.346455334117763,18.469150679485008],[121.346265982093399,18.469149026961468],[121.346264250224621,18.469329715213739],[121.346453602446957,18.46933136775451],[121.346451870756255,18.469512056020459],[121.346641223196826,18.469513708389456],[121.346639491684215,18.469694396669084],[121.346637760151609,18.469875084945159],[121.346636028599008,18.470055773217592],[121.346634297026526,18.470236461486383],[121.346444943793614,18.470234809048108],[121.346443212002995,18.470415497296027],[121.346253858592078,18.470413844651429],[121.346252126583323,18.470594532878476],[121.346250394554758,18.470775221101881],[121.346248662506127,18.470955909321734],[121.346059308520836,18.470954256436173],[121.346057576254054,18.471134944635065],[121.346055843967392,18.471315632830493],[121.346054111660735,18.47149632102219],[121.34624346624031,18.471497973959622],[121.346245198348896,18.471317285750604],[121.346434552750296,18.471318938481712],[121.346436284640845,18.471138250251823],[121.346438016511314,18.470957562018292],[121.346439748361888,18.470776873781119],[121.346629102188984,18.470778526271264],[121.346818456036075,18.470780178572404],[121.347007809903161,18.470781830684452],[121.347009541139471,18.470601142391857],[121.346820187470456,18.47059949029704],[121.346821918884842,18.470418802018123],[121.346823650279333,18.470238113735565],[121.346825381653758,18.470057425449543],[121.346827113008203,18.46987673715979],[121.346828844342738,18.469696048866485],[121.346830575657293,18.469515360569538],[121.346832306951868,18.469334672269039],[121.346642954689472,18.469333020106276],[121.346644686162122,18.469152331819455],[121.346646417614792,18.46897164352908],[121.346648149047482,18.468790955235065],[121.346649880460276,18.468610266937407],[121.346460529010102,18.46860861465483]]],[[[121.354229125169539,18.468134136253727],[121.354039773516519,18.468132491583816],[121.354041497124882,18.467951802598709],[121.353852145689729,18.467950157757024],[121.35366279427447,18.467948512726334],[121.353661070269979,18.468129201677069],[121.353471718676545,18.468127556440145],[121.35328236710302,18.468125911014216],[121.353280642682492,18.468306599926848],[121.353091290930792,18.468304954294595],[121.353089566292326,18.468485643186444],[121.35290021436245,18.468483997347956],[121.352710862452483,18.468482351320464],[121.35270913739798,18.46866304017421],[121.352898489506018,18.468664686218933],[121.352896764629691,18.468845375086357],[121.35308611695568,18.468847020959306],[121.353084392257514,18.469027709840319],[121.353082667539468,18.469208398717779],[121.353272020281565,18.469210044436096],[121.353273744801569,18.469029355541405],[121.353275469301664,18.468848666643161],[121.353464821667444,18.468850312138013],[121.353466545949587,18.468669623218897],[121.353655898137205,18.468671268507514],[121.353654174053219,18.46885195744386],[121.353843526458704,18.468853602560703],[121.353841802552893,18.469034291510638],[121.353840078627172,18.469214980456933],[121.35402943144878,18.469216625419143],[121.35402770770132,18.469397314379115],[121.35402598393388,18.469578003335535],[121.354024260146545,18.469758692288313],[121.354022536339315,18.469939381237449],[121.354020812512275,18.470120070183032],[121.354210166344188,18.470121715042303],[121.354211889973243,18.469941026079489],[121.354213613582317,18.469760337113122],[121.35421533717151,18.469579648143114],[121.354217060740879,18.469398959169553],[121.354218784290367,18.46921827019235],[121.354220507819946,18.469037581211595],[121.354222231329643,18.468856892227198],[121.354223954819432,18.468676203239159],[121.354034602572128,18.468674558517645],[121.354036326240092,18.468493869543373],[121.354038049888246,18.468313180565371],[121.354227401739422,18.468314825252513],[121.354416753610408,18.468316469750562],[121.354415030358467,18.468497158762936],[121.354413307086631,18.468677847771669],[121.354411583794899,18.468858536776938],[121.354409860483273,18.469039225778477],[121.354408137151751,18.469219914776552],[121.354597490033044,18.469221559171661],[121.354786842934217,18.469223203377677],[121.354785119979013,18.469403892406572],[121.354974473098068,18.469405536440814],[121.355163826237103,18.469407180286051],[121.355353179395948,18.469408823942196],[121.355542532574773,18.469410467409425],[121.355544254737623,18.469229778311696],[121.355354901756954,18.469228134861787],[121.355356624098064,18.469047445777736],[121.355167271335361,18.469045802155964],[121.354977918592539,18.469044158345099],[121.354788565869526,18.469042514345318],[121.354599213166495,18.469040870156444],[121.354600936279965,18.468860181137586],[121.35460265937364,18.468679492115175],[121.354604382447405,18.468498803089211],[121.354606105501375,18.468318114059606],[121.354607828535364,18.468137425026359],[121.35441847684254,18.468135780734546],[121.354229125169539,18.468134136253727]]],[[[121.352889864925316,18.469568130519903],[121.352888139949513,18.469748819369386],[121.353077493265914,18.469750465328399],[121.353079218043661,18.469569776461775],[121.352889864925316,18.469568130519903]]],[[[121.356491019938886,18.469237992725912],[121.356301666858826,18.469236350221202],[121.356299945488317,18.469417039387675],[121.356110592230181,18.469415396676641],[121.35592123899184,18.469413753776603],[121.355731885773309,18.469412110687472],[121.355542532574773,18.469410467409425],[121.355540810391929,18.469591156503512],[121.355730163788721,18.469592799798789],[121.355728441784137,18.469773488906466],[121.355917795398781,18.469775132029969],[121.355916073572459,18.469955821151324],[121.355914351726327,18.470136510268947],[121.356103705757008,18.470138153237819],[121.356105427405069,18.469957464102965],[121.356294781257489,18.469959106865513],[121.356296502687599,18.469778417709875],[121.356298224097912,18.469597728550507],[121.3564875775741,18.469599371089679],[121.356489298766348,18.469418681909616],[121.356491019938886,18.469237992725912]]],[[[121.349478055097336,18.469899848315535],[121.34947632651614,18.470080536847227],[121.349665679870199,18.470082186243491],[121.349667408253325,18.469901497694568],[121.349669136616555,18.469720809142004],[121.349479783658623,18.469719159780201],[121.349478055097336,18.469899848315535]]],[[[121.35307404365075,18.470111843050901],[121.353263397383259,18.470113488855461],[121.353265122002739,18.4699327999788],[121.35326684660231,18.469752111098497],[121.353077493265914,18.469750465328399],[121.353075768468287,18.469931154191471],[121.35307404365075,18.470111843050901]]],[[[121.360458853939633,18.470175889344947],[121.360648208446278,18.470177527776737],[121.360649925340198,18.469996838229591],[121.360460571031524,18.469995199814942],[121.360458853939633,18.470175889344947]]],[[[121.363677883245586,18.470203716974481],[121.363867238088673,18.470205352192398],[121.36386895161489,18.470024662353929],[121.36367959696986,18.470023027153154],[121.363490242344639,18.470021391763286],[121.363488528422209,18.470202081567471],[121.363677883245586,18.470203716974481]]],[[[121.353451026694458,18.470295823361177],[121.353640380664828,18.470297468804869],[121.353642104907976,18.4701167798973],[121.353452751135677,18.470115134470927],[121.353263397383259,18.470113488855461],[121.353261672743983,18.47029417772848],[121.353451026694458,18.470295823361177]]],[[[121.353829734655093,18.470299114059468],[121.354019088665254,18.470300759124974],[121.354020812512275,18.470120070183032],[121.353831458700185,18.470118425134757],[121.353829734655093,18.470299114059468]]],[[[121.360267782142841,18.470354940233374],[121.360269499452698,18.470174250724153],[121.360080144985659,18.470172611914265],[121.360078427477745,18.470353301406345],[121.360267782142841,18.470354940233374]]],[[[121.353828010590121,18.470479802980627],[121.353829734655093,18.470299114059468],[121.353640380664828,18.470297468804869],[121.353638656401785,18.470478157708797],[121.353828010590121,18.470479802980627]]],[[[121.35931929069497,18.470527433627609],[121.359508645478996,18.470529073227976],[121.359698000282833,18.470530712639338],[121.35969971820677,18.470350023185183],[121.359510363601004,18.470348383791052],[121.359321009015119,18.470346744207827],[121.359131654449058,18.470345104435598],[121.358942299902793,18.470343464474276],[121.358940581186417,18.470524153859774],[121.359129935930753,18.470525793838238],[121.35931929069497,18.470527433627609]]],[[[121.347388248537357,18.470604446014299],[121.347389979357459,18.470423757683424],[121.347200625846639,18.470422105984024],[121.347011272355786,18.47042045409562],[121.347009541139471,18.470601142391857],[121.347198894828367,18.47060279429758],[121.347388248537357,18.470604446014299]]],[[[121.347763495107344,18.470969125600472],[121.347952849272403,18.470970776784551],[121.347954579538111,18.470790088409089],[121.347765225571209,18.470788437242241],[121.347763495107344,18.470969125600472]]],[[[121.358937143694348,18.470885532619935],[121.358935424918471,18.471066221994686],[121.359124780257176,18.471067862024665],[121.359126498834812,18.470887172632771],[121.358937143694348,18.470885532619935]]],[[[121.347949388680945,18.471332153524727],[121.348138743262211,18.47133380455444],[121.348140473369725,18.471153116168765],[121.347951118986629,18.47115146515646],[121.347949388680945,18.471332153524727]]],[[[121.359312417216202,18.471250191271032],[121.359501772792669,18.471251830940055],[121.359500054571555,18.471432520359038],[121.359689410365888,18.471434159856198],[121.359878766180117,18.471435799164265],[121.359877048335406,18.471616488613979],[121.360066404367501,18.471618127750183],[121.360255760419406,18.471619766697295],[121.360445116491121,18.471621405455313],[121.360634472582632,18.471623044024327],[121.360636189634917,18.471442354505957],[121.360446833741548,18.471440715954174],[121.360257477867904,18.471439077213208],[121.360259195296592,18.47125838772557],[121.3600698396409,18.471256748812742],[121.360071557247934,18.471076059338692],[121.359882201810109,18.471074420254002],[121.359883919595404,18.470893730793453],[121.359694564375545,18.4708920915369],[121.359505209175495,18.470890452091254],[121.359503490993987,18.471071141517431],[121.359314135615676,18.47106950186555],[121.359124780257176,18.471067862024665],[121.359123061659645,18.471248551412916],[121.359312417216202,18.471250191271032]]],[[[121.360827262382585,18.471263303329582],[121.360637906667378,18.471261664983945],[121.360636189634917,18.471442354505957],[121.360825545548167,18.471443992868736],[121.360827262382585,18.471263303329582]]],[[[121.347945928009821,18.471693530250516],[121.348135282987201,18.471695181314779],[121.348137013134703,18.471514492936386],[121.34794765835538,18.471512841889442],[121.347945928009821,18.471693530250516]]],[[[121.348875408448748,18.473508667958033],[121.349064765507137,18.473510318249669],[121.349066494863521,18.473329629820917],[121.348877138003289,18.473327979546511],[121.348875408448748,18.473508667958033]]],[[[121.349059577318229,18.474052383514433],[121.349248934990982,18.474054033668846],[121.34925066420908,18.473873345233521],[121.349061306734484,18.473871695096427],[121.349059577318229,18.474052383514433]]],[[[121.349042282058875,18.475859267496514],[121.349231641713146,18.475860917823677],[121.349233371130637,18.475680229424324],[121.349044011674621,18.475678579114479],[121.349042282058875,18.475859267496514]]],[[[121.354903822943456,18.476813784232299],[121.35490209935152,18.476994473127256],[121.355091460812076,18.476996117695382],[121.355093184205856,18.476815428783194],[121.355094907579655,18.476634739867364],[121.354905546515496,18.476633095333611],[121.354903822943456,18.476813784232299]]],[[[121.347894008360797,18.477114179410098],[121.348083369282492,18.477115830992879],[121.348085100028712,18.476935142722489],[121.347895739305159,18.476933491157027],[121.347894008360797,18.477114179410098]]],[[[121.347322462577651,18.477470599918938],[121.347133101339409,18.477468947545056],[121.347131369542382,18.477649635718279],[121.34732073097878,18.477651288109392],[121.347510092435172,18.477652940311412],[121.347699453911446,18.477654592324249],[121.34770118511392,18.477473904099156],[121.347702916296484,18.47729321587051],[121.347513555216523,18.477291563892223],[121.347511823835788,18.477472252103638],[121.347322462577651,18.477470599918938]]],[[[121.346752646729541,18.477646330368774],[121.346563285353014,18.477644677410293],[121.346561552941466,18.477825365527917],[121.34675091451615,18.477827018503717],[121.346752646729541,18.477646330368774]]],[[[121.346370458757079,18.478004400459863],[121.346559820509924,18.478006053642076],[121.346561552941466,18.477825365527917],[121.346372191386763,18.477823712363023],[121.346370458757079,18.478004400459863]]],[[[121.398318420704797,18.430924783717423],[121.398320094335631,18.430744090044509],[121.398130779501244,18.4307424925438],[121.398129105672879,18.430923186199927],[121.398318420704797,18.430924783717423]]],[[[121.398506062303667,18.431107074732417],[121.398507735756155,18.430926381046358],[121.398318420704797,18.430924783717423],[121.398316747054679,18.431105477386783],[121.398506062303667,18.431107074732417]]],[[[121.389784119856458,18.432478944778602],[121.389785802554712,18.432298251893947],[121.389596486814199,18.432296645753393],[121.389594803918342,18.432477338621261],[121.389784119856458,18.432478944778602]]],[[[121.389973435814042,18.432480550747382],[121.389784119856458,18.432478944778602],[121.389782437138848,18.432659637659704],[121.389971753294049,18.432661243645271],[121.389973435814042,18.432480550747382]]],[[[121.390534655978342,18.433208139294038],[121.390536337963823,18.43302744635627],[121.390347021354941,18.433025840902989],[121.39034533917193,18.433206533823881],[121.390534655978342,18.433208139294038]]],[[[121.391099243671022,18.433574340538211],[121.391288560950386,18.433575945287433],[121.391290242184112,18.433395252289536],[121.391100925102378,18.433393647557189],[121.391099243671022,18.433574340538211]]],[[[121.3916655147097,18.43375984724776],[121.391854832245045,18.433761451447822],[121.391856512905193,18.433580758403028],[121.391667195567564,18.433579154219842],[121.3916655147097,18.43375984724776]]],[[[121.384848408394163,18.433882662817297],[121.385037725426798,18.433884273825868],[121.385227042478789,18.43388588464579],[121.385416359550319,18.433887495277151],[121.38560567664139,18.433889105719775],[121.385794993751915,18.43389071597375],[121.385984310881881,18.433892326039075],[121.386173628031401,18.433893935915663],[121.386362945200361,18.43389554560369],[121.386552262388861,18.433897155103068],[121.386741579596816,18.433898764413708],[121.38674326561285,18.433718071827482],[121.386932582642643,18.433719680932597],[121.387121899691877,18.433721289849153],[121.387311216760565,18.433722898576971],[121.387312902164211,18.433542205936476],[121.387502219054809,18.433543814458858],[121.387691535964791,18.433545422792502],[121.387880852894298,18.433547030937497],[121.388070169843175,18.433548638893843],[121.388071854436788,18.433367946182294],[121.388261171207589,18.433369553933204],[121.388450487997744,18.433371161495288],[121.38863980480744,18.4333727688689],[121.388829121636576,18.433374376053685],[121.389018438485095,18.43337598304991],[121.389207755353141,18.433377589857486],[121.389397072240556,18.433379196476412],[121.389398755431202,18.433198503643361],[121.389400438602493,18.433017810806668],[121.389211122110325,18.433016204221492],[121.389212805459778,18.432835511398121],[121.38902348918468,18.432833904641083],[121.389025172712309,18.432653211830946],[121.388835856654282,18.432651604902134],[121.388646540615696,18.432649997784761],[121.388648224519201,18.432469305004734],[121.3884589086977,18.432467697715499],[121.388269592895639,18.432466090237615],[121.388080277113119,18.432464482571081],[121.387890961349967,18.432462874715899],[121.387701645606356,18.432461266672156],[121.387512329882185,18.432459658439676],[121.387323014177483,18.432458050018546],[121.387133698492221,18.432456441408856],[121.3869443828264,18.432454832610428],[121.38694269714432,18.432635525238666],[121.386753381300338,18.432633916234803],[121.386564065475909,18.432632307042201],[121.386374749670921,18.43263069766104],[121.386373063376439,18.43281139023501],[121.386183747393275,18.432809780648324],[121.385994431429665,18.432808170872988],[121.385992744720397,18.432988863409566],[121.385803428578612,18.432987253428706],[121.385614112456281,18.432985643259197],[121.385612425332241,18.433166335758472],[121.385423109031819,18.433164725383349],[121.385233792750867,18.433163114819667],[121.38523210521204,18.433343807281549],[121.385042788752912,18.433342196512253],[121.384853472313324,18.433340585554397],[121.384664155893176,18.433338974407803],[121.384662467742046,18.433519666815418],[121.384473151143737,18.433518055463299],[121.384283834564968,18.433516443922532],[121.384282145999066,18.433697136292842],[121.384092829242121,18.433695524546462],[121.38390351250473,18.43369391261152],[121.383901823523942,18.43387460494435],[121.383712506608475,18.433872992803796],[121.383710817410531,18.434053685116197],[121.383521500316888,18.434052072770118],[121.383519810901788,18.434232765062003],[121.38333049362997,18.434231152510311],[121.383328803997713,18.434411844781678],[121.383139486547819,18.434410232024373],[121.383137796698406,18.434590924275312],[121.383136106829454,18.43477161652261],[121.382946789003682,18.434770003542816],[121.38294509891756,18.434950695769686],[121.383134416940962,18.434952308766356],[121.38332373498389,18.434953921574287],[121.38332542467468,18.434773229313667],[121.383514742539433,18.434774841916074],[121.383516432013067,18.434594149634936],[121.383705749699658,18.434595762031819],[121.383707438956122,18.434415069730164],[121.383896756464637,18.434416681921434],[121.38389844550386,18.434235989599351],[121.384087762834213,18.434237601585096],[121.384277080184091,18.434239213382103],[121.384278768808528,18.434058521022628],[121.384468085980245,18.43406013261411],[121.384657403171502,18.434061744016944],[121.384659091381167,18.433881051619988],[121.384848408394163,18.433882662817297]]],[[[121.39374632996261,18.433958176281401],[121.393935647908989,18.43395977842302],[121.394124965874838,18.43396138037599],[121.394126644182634,18.433780687133044],[121.393937326414502,18.433779085196949],[121.393748008665739,18.433777483072117],[121.39374632996261,18.433958176281401]]],[[[121.388474064731994,18.430841462686015],[121.388284750708507,18.430839855359832],[121.388095436704575,18.430838247845088],[121.388093752383355,18.43101894060673],[121.387904438201247,18.431017332886462],[121.387715124038507,18.431015724977634],[121.387525809895294,18.431014116880068],[121.387524124961772,18.43119480958762],[121.387334810640397,18.431193201284529],[121.387145496338476,18.431191592792967],[121.387143810990253,18.431372285463127],[121.386954496510256,18.431370676765951],[121.3867651820497,18.431369067880127],[121.386575867608599,18.431367458805742],[121.386386553186952,18.431365849542708],[121.386384867028795,18.431546542141813],[121.386195552429072,18.431544932673255],[121.38600623784879,18.431543323016136],[121.385816923287962,18.431541713170279],[121.385627608746674,18.431540103135863],[121.385438294224841,18.431538492912797],[121.385248979722547,18.431536882501081],[121.385059665239694,18.431535271900717],[121.385061352781179,18.431354579419828],[121.384872038515411,18.431352968647779],[121.384682724269169,18.431351357687081],[121.384493410042481,18.431349746537734],[121.384495098157274,18.431169054104007],[121.384305784147656,18.431167442782886],[121.384116470157565,18.431165831273205],[121.384118158648079,18.430985138869676],[121.383928844875058,18.43098352718831],[121.383739531121591,18.430981915318206],[121.383550217387651,18.430980303259542],[121.383360903673164,18.430978691012317],[121.383171589978232,18.430977078576355],[121.382982276302826,18.430975465951832],[121.382792962646874,18.43097385313866],[121.382791272773119,18.431154545423794],[121.382601958939091,18.431152932405098],[121.382600268848179,18.431333624669804],[121.382598578737728,18.431514316930869],[121.382596888607736,18.431695009188381],[121.38259519845829,18.431875701442252],[121.382405883853323,18.431874088167316],[121.382216569267896,18.431872474703642],[121.382214878703664,18.43205316692012],[121.382025563940161,18.432051553250833],[121.381836249196184,18.432049939392986],[121.381834558217093,18.432230631572072],[121.381832867218563,18.432411323747516],[121.381831176200478,18.432592015919408],[121.381641860883192,18.432590401822107],[121.381640169647852,18.432771093973482],[121.38145085415249,18.432769479670657],[121.381452545585347,18.432588787536247],[121.381263230307141,18.432587173061648],[121.381073915048475,18.43258555839849],[121.381075606857124,18.432404866294277],[121.380886291815514,18.432403251459434],[121.380696976793544,18.432401636435852],[121.380695284589663,18.432582328506136],[121.380505969389702,18.43258071327703],[121.380504276968651,18.432761405326797],[121.380314961590429,18.432759789892078],[121.380313268952222,18.432940481921239],[121.380123953396023,18.432938866280995],[121.38012226054056,18.433119558289729],[121.380120567665656,18.43330025029482],[121.379931251733751,18.43329863443191],[121.379929558641507,18.433479326416485],[121.379927865529808,18.433660018397507],[121.379738549222196,18.433658402312108],[121.379736855893256,18.433839094272614],[121.379547539407483,18.433837477981601],[121.379545845861372,18.434018169921501],[121.379544152295637,18.434198861857848],[121.379354835434256,18.434197245344347],[121.379353141651279,18.434377937260088],[121.379351447848848,18.434558629172276],[121.379162130611661,18.434557012436198],[121.379160436591988,18.434737704327869],[121.379158742552676,18.434918396215899],[121.379157048493823,18.435099088100465],[121.379155354415445,18.435279779981389],[121.379153660317513,18.435460471858672],[121.379151966199956,18.435641163732402],[121.379150272062859,18.43582185560258],[121.379148577906221,18.436002547469116],[121.379146883729959,18.436183239332099],[121.379336202746146,18.436184856220766],[121.379334508747959,18.436365548097161],[121.379332814730333,18.436546239969914],[121.379331120693067,18.436726931839114],[121.379329426636261,18.436907623704673],[121.379327732559815,18.43708831556668],[121.379517052583921,18.437089932351519],[121.379515358685651,18.437270624226848],[121.379704678927098,18.437272240839913],[121.379706372627652,18.43709154894762],[121.379708066308666,18.436910857051686],[121.379709759970154,18.436730165152198],[121.379711453612003,18.43654947324907],[121.379713147234398,18.436368781342388],[121.37990246650692,18.436370397682072],[121.379904159911987,18.436189705754874],[121.379905853297586,18.436009013824123],[121.379907546663574,18.43582832188973],[121.379909240009923,18.435647629951696],[121.379910933336831,18.435466938010197],[121.379912626644185,18.435286246065058],[121.379914319931913,18.435105554116365],[121.379725002043088,18.435103937895342],[121.379726695508893,18.434923245960061],[121.379728388955172,18.434742554021049],[121.379730082381897,18.434561862078485],[121.379731775789097,18.434381170132458],[121.379733469176657,18.434200478182788],[121.379922786077302,18.434202094318991],[121.379924479247705,18.434021402348716],[121.380113795970189,18.434023018279394],[121.380115488923337,18.433842326288602],[121.38030480546773,18.433843942013578],[121.380306498203822,18.433663250002358],[121.380495814570139,18.43366486552172],[121.38049750708889,18.433484173489894],[121.380686823277117,18.433485788803733],[121.380688515578711,18.43330509675139],[121.380877831588862,18.433306711859615],[121.381067147618566,18.433308326779191],[121.381256463667796,18.433309941510206],[121.381445779736495,18.433311556052484],[121.381447471228057,18.43313086392882],[121.381636787118751,18.433132478265485],[121.381826103028899,18.433134092413589],[121.382015418958687,18.433135706372955],[121.382017109837761,18.432955014194846],[121.382206425589374,18.432956627948688],[121.382208116251292,18.432775935750151],[121.382397431824828,18.432777549298468],[121.382399122269589,18.432596857079414],[121.382588437665035,18.432598470422118],[121.382590127892641,18.432417778182547],[121.382779443109911,18.432419391319637],[121.382781133120361,18.43223869905955],[121.382970448159654,18.432240311991205],[121.382972137952933,18.4320596197106],[121.383161452814051,18.432061232436642],[121.383163142390174,18.43188054013552],[121.383352457073215,18.431882152656037],[121.383350767694623,18.432062844973945],[121.38354008259482,18.432064457322777],[121.383541771775796,18.431883764987905],[121.383731086497832,18.431885377131035],[121.383729397514472,18.432066069482872],[121.383727708511671,18.432246761831156],[121.383917023648479,18.432248373819476],[121.384106338804841,18.432249985619237],[121.384104650177733,18.432430677997719],[121.384293965551237,18.432432289625705],[121.384292277102304,18.43261298201751],[121.384481592692893,18.432614593473723],[121.384670908302922,18.432616204741375],[121.384860223932492,18.432617815820379],[121.385049539581601,18.432619426710733],[121.385238855250165,18.43262103741235],[121.385428170938269,18.432622647925406],[121.385429858201405,18.43244195543226],[121.385619173711333,18.432443565739792],[121.385808489240816,18.432445175858675],[121.385997804789653,18.432446785788908],[121.385999491440472,18.432266093241584],[121.386188806811234,18.432267702966293],[121.386378122201435,18.432269312502353],[121.386379808437567,18.432088619917547],[121.386569123649608,18.432090229248082],[121.386758438881273,18.432091838390058],[121.386947754132223,18.432093447343295],[121.387137069402783,18.432095056107883],[121.387138754828896,18.431914363452112],[121.38732806992121,18.431915972011264],[121.387517385033064,18.431917580381679],[121.387706700164372,18.431919188563533],[121.387896015315121,18.431920796556739],[121.387897699931301,18.431740103829913],[121.388087014903888,18.431741711617594],[121.38827632989593,18.431743319216626],[121.388465644907512,18.431744926627097],[121.388654959938449,18.431746533848919],[121.388844274988841,18.431748140882092],[121.388842591360856,18.431928833693295],[121.389031906628404,18.431930440554694],[121.389221221915321,18.431932047227445],[121.389219538663113,18.432112740068668],[121.389408854167101,18.432114346569644],[121.389407171093055,18.432295039424279],[121.389596486814199,18.432296645753393],[121.38959816969053,18.432115952881972],[121.38959985254759,18.431935260006998],[121.389410537221679,18.431933653711546],[121.389412220256901,18.431752960849806],[121.389413903272583,18.431572267984425],[121.389415586268811,18.431391575115491],[121.389417269245683,18.431210882243093],[121.389227954729705,18.431209275826316],[121.389229637884753,18.431028582967151],[121.389040323585931,18.4310269763786],[121.389042006919055,18.43084628353267],[121.388852692837219,18.430844676772434],[121.388663378774922,18.430843069823549],[121.388474064731994,18.430841462686015]]],[[[121.394501923932665,18.434145276988772],[121.394691242154295,18.434146878392582],[121.394692919888513,18.433966185102829],[121.394503601864599,18.433964583715895],[121.394501923932665,18.434145276988772]]],[[[121.394878882839336,18.434329172910552],[121.395068201297306,18.434330773953761],[121.395069878655647,18.434150080634076],[121.394880560395293,18.434148479607654],[121.394878882839336,18.434329172910552]]],[[[121.39544516128916,18.434514668823937],[121.395443484287412,18.434695362170089],[121.395632803198808,18.434696962680835],[121.395634480002926,18.434516269317896],[121.39544516128916,18.434514668823937]]],[[[121.395820445503887,18.434879256379105],[121.395822122129658,18.434698563002932],[121.395632803198808,18.434696962680835],[121.39563112637542,18.434877656040221],[121.395820445503887,18.434879256379105]]],[[[121.396008088204198,18.435061549918657],[121.396009764651708,18.43488085652934],[121.395820445503887,18.434879256379105],[121.395818768858746,18.435059949751636],[121.396008088204198,18.435061549918657]]],[[[121.396195731299926,18.435243843299492],[121.39619740756909,18.435063149896941],[121.396008088204198,18.435061549918657],[121.396006411737403,18.435242243304334],[121.396195731299926,18.435243843299492]]],[[[121.396383374790972,18.43542613652161],[121.396385050881804,18.435245443105913],[121.396195731299926,18.435243843299492],[121.396194055011392,18.435424536698402],[121.396383374790972,18.43542613652161]]],[[[121.396571018677278,18.43560842958501],[121.396572694589921,18.435427736156168],[121.396383374790972,18.43542613652161],[121.396381698680699,18.435606829933754],[121.396571018677278,18.43560842958501]]],[[[121.396758662958987,18.435790722489781],[121.396760338693298,18.435610029047705],[121.396571018677278,18.43560842958501],[121.396569342745352,18.435789123010387],[121.396758662958987,18.435790722489781]]],[[[121.397135628086104,18.435974614354539],[121.397324948555536,18.435976213284683],[121.397514269044237,18.435977812026088],[121.397703589552307,18.435979410578845],[121.397892910079747,18.435981008942953],[121.398082230626542,18.435982607118323],[121.398083904996341,18.435801913562472],[121.397894584647247,18.435800315403799],[121.397705264317523,18.435798717056478],[121.397515944007168,18.435797118520508],[121.397326623716083,18.435795519795889],[121.397137303444353,18.435793920882531],[121.397135628086104,18.435974614354539]]],[[[121.379320956058592,18.437811082978822],[121.379319261884376,18.437991774822887],[121.379508582896932,18.437993391692459],[121.379510276873447,18.437812699831429],[121.379511970830421,18.437632007966847],[121.379322650213282,18.437630391131204],[121.379320956058592,18.437811082978822]]],[[[121.379123163207964,18.438712925037276],[121.379121468738248,18.438893616846435],[121.379310790719714,18.438895233989477],[121.379312484991814,18.438714542163353],[121.37931417924429,18.438533850333588],[121.379315873477211,18.43835315850027],[121.379317567690606,18.438172466663399],[121.379128246499889,18.438170849588214],[121.379126552088778,18.438351541408121],[121.379124857658226,18.438532233224475],[121.379123163207964,18.438712925037276]]],[[[121.379116385211489,18.439435692252509],[121.379114690663428,18.43961638404728],[121.379304013435828,18.439618001258179],[121.379305707786173,18.439437309446355],[121.379307402116893,18.439256617631067],[121.379309096428074,18.439075925812048],[121.379119774248892,18.439074308652042],[121.37911807974001,18.439255000454096],[121.379116385211489,18.439435692252509]]],[[[121.379300624676418,18.439979384870991],[121.37948994786376,18.43998100192708],[121.379491642055569,18.439800310105486],[121.379493336227753,18.439619618280339],[121.379304013435828,18.439618001258179],[121.379302319065928,18.439798693066361],[121.379300624676418,18.439979384870991]]],[[[121.379483170901125,18.440703769177485],[121.379481476611531,18.440884460981138],[121.379670800807148,18.440886077933222],[121.379672494899026,18.440705386112604],[121.379674188971293,18.440524694288435],[121.379484865171193,18.44052307737028],[121.379483170901125,18.440703769177485]]],[[[121.379667412564743,18.44124746156362],[121.379856737175402,18.441249078360894],[121.379858431108659,18.441068386530596],[121.379669106695715,18.441066769750286],[121.379667412564743,18.44124746156362]]],[[[121.379653858812674,18.442692995941862],[121.379652164505572,18.442873687723043],[121.37965047017903,18.443054379500584],[121.379839796767129,18.443055996467322],[121.379841490895956,18.442875304672818],[121.379843185005257,18.44269461287476],[121.379844879095018,18.442513921073061],[121.379846573165139,18.44233322926781],[121.37984826721582,18.442152537459005],[121.379849961246777,18.44197184564656],[121.379851655258292,18.441791153830472],[121.379662330054515,18.441789536982395],[121.379660635845298,18.441970228781518],[121.379658941616441,18.442150920576999],[121.379657247368058,18.442331612368839],[121.379655553100221,18.442512304157127],[121.379653858812674,18.442692995941862]]],[[[121.375108337012193,18.442834824301407],[121.37511003606545,18.442654132927721],[121.374920710362687,18.44265251127602],[121.374919011111729,18.442833202632741],[121.375108337012193,18.442834824301407]]],[[[121.37510663793941,18.44301551567154],[121.375104938846988,18.44319620703812],[121.37529426516268,18.443197828552066],[121.375295964057301,18.443017137168432],[121.37510663793941,18.44301551567154]]],[[[121.379459449066502,18.443233454102042],[121.379648775832763,18.443235071274572],[121.37965047017903,18.443054379500584],[121.37946114361047,18.443052762345019],[121.379459449066502,18.443233454102042]]],[[[121.375290867314447,18.443559211308319],[121.375480194045281,18.443560832667455],[121.375481892781451,18.443380141274051],[121.375483591497911,18.443199449877184],[121.37529426516268,18.443197828552066],[121.375292566248334,18.443378519931969],[121.375290867314447,18.443559211308319]]],[[[121.379268427558557,18.443412528477282],[121.37907910063366,18.443410910910313],[121.379077405655011,18.443591602626302],[121.379266732777708,18.443593220210147],[121.379268427558557,18.443412528477282]]],[[[121.37566782223773,18.443743145244667],[121.375669520795725,18.443562453837853],[121.375480194045281,18.443560832667455],[121.375478495289471,18.443741524057305],[121.37566782223773,18.443743145244667]]],[[[121.375855450825682,18.443925457663429],[121.375857149205515,18.443744766243203],[121.37566782223773,18.443743145244667],[121.375666123660096,18.443923836647841],[121.375664425062922,18.444104528047461],[121.37585375242621,18.444106149080014],[121.376043079809236,18.444107769923828],[121.376044778010808,18.443927078490191],[121.375855450825682,18.443925457663429]]],[[[121.376039683347003,18.444469152780179],[121.376229011145071,18.444470773469273],[121.376230709188192,18.444290082025866],[121.376232407211788,18.444109390578905],[121.376043079809236,18.444107769923828],[121.376041381587939,18.444288461353825],[121.376039683347003,18.444469152780179]]],[[[121.37641664109789,18.444653085426271],[121.37641833896285,18.444472393969541],[121.376229011145071,18.444470773469273],[121.376227313082396,18.44465146490904],[121.37622561500001,18.444832156345253],[121.376223916898084,18.445012847777914],[121.376413245309166,18.445014468329163],[121.376414943213305,18.444833776879538],[121.37641664109789,18.444653085426271]]],[[[121.36308325486128,18.453031631647715],[121.363081542203346,18.453212321738338],[121.363079829525617,18.45339301182532],[121.363078116828078,18.453573701908748],[121.363076404110728,18.453754391988536],[121.363074691373669,18.453935082064771],[121.363072978616884,18.454115772137452],[121.363071265840304,18.454296462206493],[121.3630695530439,18.454477152271892],[121.363067840227799,18.454657842333738],[121.363066127391875,18.454838532392031],[121.36306441453624,18.455019222446683],[121.363253752668086,18.455020856982213],[121.363255465325921,18.454840166910419],[121.36325717796386,18.454659476835072],[121.36344651571973,18.454661111147491],[121.363448228140072,18.454480421051361],[121.363637565717866,18.454482055157722],[121.363826903315285,18.454483689075257],[121.363825191290815,18.454664379205582],[121.364014529106015,18.454666012951431],[121.36420386694094,18.454667646508277],[121.364202155292432,18.454848336669244],[121.364391493344954,18.454849970054404],[121.364580831417285,18.454851603250649],[121.364582542670021,18.454670913055399],[121.364584253902962,18.454490222856595],[121.364394916226402,18.454488589694634],[121.364396627637504,18.454307899509331],[121.364207290178626,18.454306266175507],[121.364209001767904,18.454125576003793],[121.364210713337371,18.453944885828438],[121.364021376293991,18.453943252339982],[121.36402308804162,18.453762562178127],[121.364024799769453,18.45358187201272],[121.363835463141655,18.453580238369632],[121.363837175047649,18.453399548217725],[121.363838886933834,18.453218858062264],[121.363649550721519,18.453217224264545],[121.363651262785879,18.453036534122585],[121.36365297483043,18.452855843977073],[121.363463639033696,18.452854210024721],[121.363465351256423,18.452673519892709],[121.363467063459339,18.452492829757055],[121.363656398860385,18.452494463675123],[121.36365468685527,18.452675153827919],[121.363844022473913,18.452676787574212],[121.363842310646973,18.452857477740508],[121.364031646483227,18.452859111315117],[121.364220982339276,18.452860744700899],[121.364222693770458,18.45268005450032],[121.364412029448346,18.452681687680133],[121.364601365146044,18.452683320671031],[121.364790700863466,18.452684953473103],[121.364980036600599,18.452686586086347],[121.365169372357528,18.452688218510676],[121.365167661915706,18.452868908796699],[121.365356997890245,18.452870541049343],[121.365355287626585,18.453051231348866],[121.365544623818721,18.453052863429736],[121.365542913733236,18.453233553742759],[121.365732250142983,18.453235185651856],[121.365733960030596,18.453054495321691],[121.365923296262267,18.453056127024819],[121.365925005932269,18.45287543667396],[121.366114341985764,18.452877068171119],[121.366116051438169,18.452696377799565],[121.366305387313503,18.452698009090756],[121.366307096548297,18.452517318698508],[121.366496432245469,18.452518949783819],[121.366685767962352,18.452520580680215],[121.366687476781664,18.452339890250219],[121.366876812320456,18.452341520940735],[121.366878520922171,18.452160830490044],[121.366880229504247,18.451980140035801],[121.366881938066513,18.451799449577916],[121.36669260312128,18.451797818938736],[121.366694311861721,18.451617128494352],[121.366696020582438,18.451436438046414],[121.366697729283445,18.451255747594924],[121.366699437964641,18.451075057139793],[121.366701146626198,18.45089436668102],[121.366511812690035,18.450892735938456],[121.366513521529768,18.450712045493184],[121.366324187811202,18.450710414578847],[121.366325896828926,18.450529724147163],[121.366136563327956,18.450528093061052],[121.366134854112346,18.450708783475683],[121.365945520433215,18.450707152183604],[121.365943811000079,18.450887842577629],[121.365942101547063,18.451068532967923],[121.36575276749204,18.451066901452911],[121.365563433456657,18.451065269748984],[121.365561723588328,18.451245960101531],[121.365372389374869,18.451244328191724],[121.36518305518112,18.45124269609309],[121.365181344897294,18.4514233864078],[121.364992010525469,18.451421754103198],[121.364802676173355,18.451420121609768],[121.364800965474046,18.451600811886731],[121.364611630943855,18.451599179187333],[121.364613341841064,18.451418488927423],[121.364615052718449,18.451237798664049],[121.364804386852953,18.451239431329252],[121.364806097512755,18.451058741045095],[121.364995431469083,18.45106037350433],[121.36499714191136,18.450879683199478],[121.365186475689612,18.450881315452744],[121.365375809487588,18.450882947517183],[121.365377519514382,18.450702257174584],[121.365566853134268,18.450703889033054],[121.365568562943452,18.45052319866976],[121.365757896385176,18.450524830322351],[121.365759605976848,18.450344139938274],[121.365948939240496,18.450345771384985],[121.365950648614472,18.450165080980302],[121.365952357968723,18.449984390571977],[121.366141690856495,18.449986021795578],[121.366143399993149,18.449805331366647],[121.366145109110178,18.449624640934076],[121.365955776618094,18.449623009744581],[121.365957485913199,18.449442319325509],[121.36595919518858,18.449261628902885],[121.366148527284892,18.449263260058096],[121.366150236342676,18.449082569614777],[121.366339568260912,18.449084200564108],[121.366341277101185,18.448903510100095],[121.36653060884133,18.448905140843546],[121.366532317463992,18.448724450358839],[121.366534026066944,18.448543759870489],[121.366535734650085,18.448363069378587],[121.366537443213602,18.448182378883132],[121.366726774182197,18.448184009369367],[121.366728482528103,18.448003318853218],[121.366917813318608,18.448004949133573],[121.367107144128838,18.44800657922519],[121.367105436178534,18.448187269775534],[121.367294767206275,18.448188899695378],[121.36748409825374,18.448190529426483],[121.367485805808371,18.448009838841944],[121.367487513343363,18.447829148253852],[121.367298182691499,18.447827518556942],[121.367299890404581,18.44764682798235],[121.367301598097953,18.447466137404206],[121.3673033057716,18.44728544682242],[121.36749263582989,18.447287076468083],[121.36749092835413,18.447467767066922],[121.367680258630031,18.447469396540811],[121.367678551332347,18.44765008715315],[121.367867881825674,18.447651716455354],[121.36786617470608,18.447832407081194],[121.367864467566761,18.44801309770348],[121.368053798475572,18.448014726850964],[121.368052091514343,18.448195417486751],[121.368050384533475,18.448376108118897],[121.368048677532798,18.448556798747401],[121.368046970512495,18.448737489372352],[121.368045263472382,18.44891817999375],[121.368043556412644,18.449098870611508],[121.367854224316957,18.449097241361528],[121.367852517039708,18.449277931958679],[121.367850809742649,18.449458622552189],[121.36784910242595,18.449639313142058],[121.36803843511521,18.449640942443285],[121.368036727976602,18.449821633046742],[121.368226060883387,18.449823262176196],[121.368415393809869,18.449824891116823],[121.368417100552804,18.449644200479259],[121.368606433301125,18.449645829214006],[121.368608139826534,18.449465138555837],[121.368797472396693,18.449466767084704],[121.368986804986562,18.449468395424745],[121.369176137596156,18.44947002357587],[121.369174431664305,18.449650714285287],[121.36936376449151,18.449652342264816],[121.369553097338326,18.449653970055429],[121.369742430204866,18.449655597657216],[121.369931763091031,18.449657225070176],[121.370121095996922,18.449658852294309],[121.370122800939598,18.449478161499627],[121.370312133667312,18.449479788517881],[121.370313838392391,18.449299097702593],[121.37050317094203,18.449300724514966],[121.370504875449583,18.449120033678984],[121.37069420782106,18.449121660285567],[121.370695912111188,18.44894096942889],[121.370885244304404,18.448942595829593],[121.37088694837702,18.44876190495231],[121.370888652429912,18.448581214071474],[121.371077984247165,18.448582840249244],[121.371079688082631,18.448402149347803],[121.371269019721794,18.448403775319694],[121.371270723339663,18.448223084397647],[121.371460054800664,18.448224710163657],[121.371649386281291,18.44822633574093],[121.371651089483933,18.448045644781136],[121.371840420786398,18.448047270152529],[121.372029752108489,18.448048895335184],[121.37221908345029,18.448050520328923],[121.372408414811716,18.448052145133925],[121.372597746192866,18.4480537697501],[121.372787077593657,18.448055394177448],[121.372976409014058,18.448057018416058],[121.372974707196178,18.448237709495046],[121.373164038834005,18.448239333561794],[121.373162337194373,18.448420024654105],[121.373351669049725,18.448421648549079],[121.373541000924703,18.448423272255315],[121.373539299660948,18.448603963378179],[121.373728631753451,18.448605586912464],[121.373730332819306,18.448424895772636],[121.373919664733634,18.44842651910113],[121.373921365581992,18.448245827940784],[121.373923066410796,18.448065136776709],[121.374112397948977,18.448066759882359],[121.37411409856027,18.447886068697766],[121.374115799151937,18.447705377509532],[121.374305130314241,18.447707000392427],[121.374306830688397,18.447526309183587],[121.374308531043013,18.447345617971195],[121.37431023137799,18.447164926755161],[121.374311931693356,18.446984235535574],[121.374501262083911,18.446985858161607],[121.37450296218185,18.446805166921415],[121.374692292394329,18.446806789341657],[121.374881622626361,18.446808411573073],[121.375070952878104,18.446810033615751],[121.375260283149473,18.446811655469602],[121.375449613440381,18.446813277134627],[121.375638943750928,18.446814898610914],[121.375637244839865,18.446995589953069],[121.375826575367924,18.446997211257582],[121.375824876635036,18.447177902613149],[121.376014207380422,18.447179523745799],[121.376015905915523,18.446998832373179],[121.376205236482647,18.447000453300127],[121.376206934800322,18.446819761906902],[121.376396265189371,18.44682138262797],[121.37639796328952,18.446640691214228],[121.376587293500322,18.446642311729505],[121.37658899138313,18.446461620295246],[121.376778321415756,18.446463240604732],[121.376780019081153,18.446282549149867],[121.376969348935603,18.446284169253651],[121.376971046383574,18.44610347777818],[121.377160376059777,18.446105097676174],[121.377349705755606,18.446106717385341],[121.377351402788435,18.445926025872389],[121.377540732306002,18.445927645375765],[121.377542429121405,18.445746953842207],[121.377731758460811,18.44574857313988],[121.377733455058873,18.445567881585717],[121.377922784220019,18.445569500677689],[121.378112113400888,18.445571119580745],[121.378301442601199,18.445572738295152],[121.378303138586332,18.445392046686543],[121.378492467608481,18.44539366519507],[121.37868179665017,18.445395283514948],[121.378683492220077,18.445214591868769],[121.378685187770444,18.445033900219126],[121.37887451643617,18.445035518316161],[121.378876211769196,18.444854826645912],[121.378877907082597,18.444674134972111],[121.378879602376372,18.444493443294668],[121.379068930468421,18.444495061152072],[121.379070625544855,18.444314369454112],[121.37907232060175,18.444133677752511],[121.379074015639105,18.443952986047357],[121.379075710656835,18.44377229433865],[121.379077405655011,18.443591602626302],[121.378888078551867,18.443589984853631],[121.378886383355976,18.443770676549015],[121.378884688140445,18.443951368240757],[121.378882992905289,18.444132059929036],[121.378881297650608,18.444312751613584],[121.378691969776071,18.444311133584318],[121.378690274303949,18.444491825248438],[121.378688578812387,18.444672516908916],[121.378686883301185,18.444853208565753],[121.3784975548528,18.444851590296857],[121.378495859124257,18.445032281933177],[121.37830653049771,18.445030663458578],[121.378117201890689,18.445029044795064],[121.377927873303307,18.4450274259429],[121.377738544735465,18.44502580690191],[121.377549216187163,18.445024187672093],[121.37754751945009,18.445204879220039],[121.377358190723712,18.44520325978452],[121.377168862016859,18.445201640160175],[121.377170559149434,18.445020948646246],[121.377172256262455,18.444840257128675],[121.37717395335595,18.444659565607552],[121.3773632814694,18.444661185180916],[121.377364978345469,18.444480493639187],[121.377366675201898,18.444299802093905],[121.377368372038788,18.444119110545071],[121.377179044518641,18.444117491022599],[121.376989717018034,18.444115871311389],[121.376988019785628,18.444296562826295],[121.376986322533597,18.444477254337649],[121.376796994657113,18.444475634403684],[121.376795297187655,18.444656325894432],[121.376793599698757,18.444837017381627],[121.376791902190135,18.445017708865269],[121.376602573739888,18.445016088691585],[121.376413245309166,18.445014468329163],[121.376411547385416,18.445195159775146],[121.376409849442027,18.445375851217577],[121.376408151479097,18.445556542656455],[121.376218822474627,18.445554922054313],[121.376217124294271,18.445735613472586],[121.376027795111725,18.445733992664653],[121.376026096713943,18.44591468406232],[121.376024398296536,18.446095375456434],[121.37602269985959,18.446276066846995],[121.376021001402933,18.446456758233914],[121.375831671448722,18.44645513716921],[121.375642341514236,18.446453515915767],[121.37564404036641,18.446272824562776],[121.375454710649265,18.446271203137471],[121.375265380951646,18.446269581523428],[121.375076051273766,18.446267959720558],[121.374886721615496,18.44626633772895],[121.374697391976781,18.446264715548516],[121.374699091798391,18.446084024276971],[121.37470079160029,18.445903333001784],[121.374702491382649,18.445722641723044],[121.374513162356948,18.445721019404854],[121.374514862317483,18.445540328139526],[121.374516562258293,18.445359636870645],[121.374518262179564,18.445178945598123],[121.374707590611862,18.445180567865332],[121.374896919063801,18.445182189943804],[121.375086247535279,18.445183811833449],[121.375087946843621,18.445003120506392],[121.375089646132238,18.444822429175694],[121.375091345401231,18.444641737841444],[121.375280673299045,18.44464335949128],[121.37547000121647,18.444644980952379],[121.375659329153535,18.44464660222474],[121.375661027809599,18.444465910835866],[121.375850355568488,18.444467531902436],[121.375852054007211,18.444286840493046],[121.375662726446023,18.44428521944344],[121.375664425062922,18.444104528047461],[121.375475097719161,18.444102906826082],[121.375285770395024,18.444101285415964],[121.375284071382637,18.444281976778015],[121.375094743880425,18.444280355162107],[121.375093044650598,18.444461046503552],[121.374903716970223,18.444459424681941],[121.374714389309389,18.444457802671504],[121.374716088934719,18.444277111364077],[121.374717788540408,18.444096420053008],[121.374528461294801,18.44409479788785],[121.374530161078667,18.443914106590281],[121.374531860842822,18.443733415289071],[121.374533560587437,18.443552723984308],[121.374344233954659,18.443551101681305],[121.374345933877436,18.443370410389953],[121.374156607462098,18.443368787915265],[121.374158307562951,18.443188096637325],[121.374160007644193,18.443007405355832],[121.374161707705795,18.442826714070698],[121.374163407747758,18.442646022782011],[121.374352733372007,18.442647645188575],[121.374542059015965,18.442649267406491],[121.374543758642815,18.442468576080145],[121.374733084108513,18.44247019809227],[121.374731384679478,18.442650889435669],[121.374920710362687,18.44265251127602],[121.374922409593935,18.442471819915745],[121.374924108805644,18.44229112855183],[121.374734783518022,18.442289506745407],[121.374736482907807,18.442108815394903],[121.374547157837512,18.442107193416795],[121.374548857405472,18.441926502079703],[121.374550556953793,18.441745810739057],[121.374361232298639,18.441744188606229],[121.374171907663111,18.441742566284574],[121.373982583047223,18.441740943774271],[121.373980882905684,18.441921635063846],[121.37379155811162,18.441920012347751],[121.373602233337266,18.441918389442918],[121.3736005327806,18.442099080695012],[121.373411207828084,18.442097457584389],[121.373409507054063,18.442278148815788],[121.373407806260346,18.442458840043635],[121.373406105446989,18.442639531267929],[121.373595430992808,18.442641154429534],[121.373593730357527,18.44282184566724],[121.373592029702706,18.443002536901304],[121.373781355663567,18.443004159908188],[121.373779655186837,18.443184851155753],[121.373777954690468,18.443365542399675],[121.37396728106647,18.443367165251839],[121.373965580748177,18.443547856509173],[121.374154907341691,18.443549479189652],[121.374153207201488,18.443730170460398],[121.37415150704183,18.443910861727591],[121.373962180052814,18.443909239013184],[121.373960479675645,18.444089930259771],[121.373771152508539,18.444088307339484],[121.373581825361072,18.444086684230459],[121.37339249823323,18.444085060932697],[121.373390797243118,18.444265752124661],[121.3732014699372,18.444264128621107],[121.373199768729677,18.444444819792466],[121.373010441245583,18.444443196083121],[121.372821113781114,18.444441572185038],[121.372819412158449,18.444622263318738],[121.372630084515819,18.444620639214865],[121.372440756892914,18.444619014922164],[121.372439054855022,18.444799706018205],[121.372249727053941,18.444798081519714],[121.372248024798623,18.444978772595238],[121.372246322523594,18.445159463667121],[121.37224462022894,18.445340154735362],[121.372242917914647,18.445520845800051],[121.372053589342087,18.445519221044698],[121.372051886810283,18.445699912088781],[121.371862558059661,18.445698287127637],[121.37167322932865,18.445696661977667],[121.371483900617278,18.445695036638959],[121.371294571925617,18.445693411111424],[121.371105243253595,18.445691785395063],[121.370915914601284,18.445690159489963],[121.37091761831978,18.44550946854811],[121.370728289884894,18.445507842471326],[121.37053896146972,18.445506216205715],[121.370540665564107,18.445325525294326],[121.370351337366358,18.44532389885703],[121.370353041638822,18.445143207959141],[121.370354745891646,18.444962517057611],[121.370165418109124,18.444960890465595],[121.370167122540124,18.444780199577565],[121.369977794975028,18.444778572813863],[121.369979499584105,18.444597881939334],[121.369790172236534,18.444596255003859],[121.369600844908575,18.444594627879646],[121.36941151760044,18.444593000566606],[121.369409812398061,18.444773691389976],[121.369408107176056,18.444954382209794],[121.369218779491945,18.44495275467391],[121.369029451827558,18.444951126949288],[121.368840124182881,18.44494949903584],[121.36865079655783,18.444947870933653],[121.368461468952603,18.44494624264264],[121.368272141366987,18.444944614162889],[121.368082813801095,18.4449429854944],[121.367893486254829,18.444941356637084],[121.367891779430906,18.445122047316747],[121.367702451706649,18.445120418253641],[121.367700744665214,18.445301108912609],[121.367511416762795,18.445299479643623],[121.367509709503835,18.445480170281986],[121.367508002225165,18.445660860916707],[121.36750629492677,18.445841551547964],[121.367504587608664,18.446022242175491],[121.367502880270834,18.446202932799466],[121.367313551399235,18.446201303256299],[121.367124222547432,18.446199673524394],[121.366934893715268,18.446198043603573],[121.366745564902814,18.446196413494103],[121.366556236110171,18.446194783195807],[121.36655452776364,18.446375473730786],[121.36636519879292,18.446373843226521],[121.366175869841825,18.446372212533607],[121.366174161079982,18.446552903030749],[121.365984831950897,18.446551272131956],[121.365795502841522,18.446549641044246],[121.365793793664366,18.44673033150373],[121.365792084467415,18.446911021959572],[121.365602754982163,18.44690939064893],[121.365601045567772,18.447090081084077],[121.365411715904457,18.447088449567556],[121.365410006272455,18.447269139982009],[121.365408296620757,18.447449830392909],[121.365406586949234,18.447630520800168],[121.365404877258086,18.447811211203874],[121.365215546823293,18.447809579430135],[121.365026216408211,18.44780794746757],[121.364836886012853,18.447806315316267],[121.364835175708421,18.447987005664995],[121.364833465384365,18.448167696010259],[121.36464413461313,18.448166063635934],[121.364642424071377,18.448346753960326],[121.364453093122137,18.448345121380122],[121.364263762192635,18.448343488611002],[121.364262051235471,18.448524178897735],[121.364072720127879,18.448522545922735],[121.364071008953218,18.448703236188685],[121.364260340258696,18.448704869180826],[121.36425862926211,18.448885559460276],[121.3644479607851,18.448887192280733],[121.364637292327899,18.448888824912363],[121.364826623890323,18.448890457355166],[121.364824913467501,18.4490711476824],[121.364823203024869,18.449251838005992],[121.364633871066673,18.449250205528994],[121.364632160406515,18.449430895831981],[121.364630449726562,18.449611586131326],[121.364819782080446,18.449613218642519],[121.364818071578583,18.449793908955453],[121.364816361056981,18.449974599264745],[121.364814650515683,18.450155289570397],[121.364812939954561,18.450335979872495],[121.364811229373728,18.450516670171041],[121.364809518773185,18.450697360465945],[121.364620185232241,18.450695727852079],[121.364618474414087,18.450876418126288],[121.36442914069508,18.450874785306542],[121.36442742965923,18.451055475560057],[121.364238095762133,18.451053842534254],[121.364236384508771,18.451234532767074],[121.364234673235615,18.451415222996342],[121.364045338962555,18.451413589747517],[121.364043627471773,18.451594279956002],[121.363854293020637,18.451592646501208],[121.363856004709206,18.451411956309776],[121.363666670475666,18.451410322683298],[121.363664958589126,18.451591012857588],[121.363663246682961,18.451771703028324],[121.363661534756886,18.45195239319542],[121.363659822811186,18.452133083358962],[121.363470487805913,18.45213144947509],[121.363281152820448,18.45212981540239],[121.363282865161921,18.451949125273131],[121.363093530394053,18.451947491028747],[121.362904195645996,18.451945856595447],[121.36290590836343,18.451765166496831],[121.362716573832984,18.451763531891846],[121.362714860917663,18.451944221973321],[121.362713147982532,18.452124912051243],[121.362902482908751,18.452126546690511],[121.362900770151711,18.452307236781934],[121.362899057374946,18.452487926869715],[121.363088392716662,18.452489561354351],[121.363086680117974,18.452670251455721],[121.3632760156773,18.452671885768673],[121.363274303256773,18.452852575883544],[121.363084967499574,18.452850941553539],[121.36308325486128,18.453031631647715]],[[121.365171082779554,18.452507528221012],[121.364981747220511,18.452505895813825],[121.364792411681265,18.452504263217723],[121.364794122479339,18.452323572958701],[121.364604787157603,18.452321940190824],[121.364606498133767,18.452141249945392],[121.364795833257617,18.452142882696126],[121.36479754401617,18.45196219242991],[121.364986878961844,18.451963824974676],[121.364988589502801,18.451783134687766],[121.365177924270398,18.451784767026563],[121.365367259057621,18.451786399176534],[121.365556593864653,18.451788031137678],[121.365554883917369,18.451968721475925],[121.365553173950261,18.452149411810531],[121.36574250917279,18.452151043617043],[121.36593184441503,18.45215267523464],[121.365930134823884,18.452333365599888],[121.366119470283735,18.45233499704571],[121.36611776087085,18.452515687424459],[121.365928425213127,18.452514055961494],[121.365739089575115,18.452512424309614],[121.365737379746662,18.452693114650614],[121.365548043930559,18.452691482792765],[121.365358708134195,18.452689850746179],[121.365169372357528,18.452688218510676],[121.365171082779554,18.452507528221012]],[[121.364609920026936,18.451779869443602],[121.364420585318669,18.451778236538235],[121.364422296433474,18.45159754629902],[121.364611630943855,18.451599179187333],[121.364609920026936,18.451779869443602]],[[121.365960904444165,18.449080938476619],[121.365771572565365,18.449079307149635],[121.365582240706289,18.449077675633824],[121.365392908867008,18.449076043929185],[121.365394618696357,18.448895353550615],[121.365205287074602,18.448893721674292],[121.365015955472643,18.448892089609053],[121.365017665677868,18.448711399261125],[121.36482833429352,18.44870976702429],[121.364639002928797,18.448708134598629],[121.364449671583884,18.448706501984141],[121.364451382362873,18.448525811683908],[121.364640713509985,18.448527444281254],[121.364830044676822,18.448529076689862],[121.365019375863469,18.448530708909644],[121.365208707069826,18.448532340940599],[121.365206997082112,18.448713031309222],[121.36539632850598,18.448714663168403],[121.365585659949659,18.448716294838846],[121.365774991413062,18.448717926320462],[121.365776700807288,18.448537235900591],[121.365966032092601,18.448538867176239],[121.365967741269316,18.448358176735585],[121.365969450426221,18.448177486291467],[121.366158781335656,18.448179117344093],[121.366157072376552,18.448359807805442],[121.366155363397638,18.448540498263149],[121.366153654399099,18.448721188717304],[121.36615194538075,18.448901879167817],[121.366150236342676,18.449082569614777],[121.365960904444165,18.449080938476619]],[[121.366363490228878,18.446554533740805],[121.366552819397398,18.446556164262123],[121.366551111011432,18.446736854789908],[121.366361781645111,18.446735224251537],[121.366172452298414,18.446733593524428],[121.366174161079982,18.446552903030749],[121.366363490228878,18.446554533740805]],[[121.365790375250825,18.447091712411773],[121.365788666014424,18.447272402860509],[121.365786956758313,18.447453093305516],[121.365785247482478,18.447633783746969],[121.365595917206036,18.447632152368026],[121.365597626679673,18.447451461943626],[121.365599336133585,18.447270771515672],[121.365601045567772,18.447090081084077],[121.365790375250825,18.447091712411773]],[[121.365594207712604,18.447812842788785],[121.365592498199547,18.447993533205992],[121.365403167547143,18.447991901603938],[121.365404877258086,18.447811211203874],[121.365594207712604,18.447812842788785]],[[121.365781828871661,18.447995164619218],[121.365780119536581,18.448175855049925],[121.365590788666665,18.448174223619556],[121.365592498199547,18.447993533205992],[121.365781828871661,18.447995164619218]],[[121.363279440459181,18.452310505528096],[121.363090105295541,18.452308871249429],[121.363091817854695,18.452128181140864],[121.363281152820448,18.45212981540239],[121.363279440459181,18.452310505528096]],[[121.369974385697986,18.445139954552175],[121.36997268102985,18.445320645415958],[121.369783352891176,18.445319018412359],[121.369785057757028,18.44513832756563],[121.369595729835865,18.445136700390169],[121.369597434879793,18.44495600955694],[121.369786762603241,18.444957636715259],[121.369976090346327,18.44495926368484],[121.369974385697986,18.445139954552175]],[[121.373189561072024,18.445528966745211],[121.373000232401324,18.445527342933726],[121.37299853085851,18.445708034062985],[121.372809202009549,18.445706410045709],[121.372619873180227,18.445704785839606],[121.372430544370616,18.445703161444765],[121.372432246506833,18.445522470366665],[121.372433948623325,18.445341779284924],[121.372435650720178,18.44516108819963],[121.372437352797419,18.444980397110783],[121.372626680815927,18.4449820214375],[121.372816008854059,18.444983645575391],[121.373005336911831,18.444985269524633],[121.373194664989214,18.444986893284959],[121.373192963703175,18.445167584442018],[121.373382291997999,18.445169208030659],[121.373380590890022,18.445349899201041],[121.37337888976252,18.44553059036787],[121.373189561072024,18.445528966745211]],[[121.369774828266614,18.446222472592183],[121.369964157394278,18.446224099681135],[121.369962452608092,18.446404790523335],[121.369773123282641,18.446403163417418],[121.369774828266614,18.446222472592183]],[[121.369575267772703,18.447304990109497],[121.369764598067519,18.447306617489595],[121.369762892965426,18.447487308293248],[121.369952223477668,18.447488935501571],[121.369953928381975,18.447308244680865],[121.369955633266557,18.447127553856518],[121.369957338131428,18.446946863028618],[121.370146668070007,18.446948489996956],[121.37033599802821,18.446950116776556],[121.370525328006124,18.446951743367329],[121.370523623734641,18.447132434246388],[121.370521919443533,18.447313125121806],[121.370711249836674,18.447314751557947],[121.370709545723642,18.447495442446776],[121.370707841590985,18.447676133332141],[121.370706137438617,18.447856824213865],[121.370516806451903,18.447855197726653],[121.370515102082109,18.448035888587771],[121.370325770917319,18.44803426189468],[121.370324066329914,18.448214952735192],[121.370134734987033,18.448213325836221],[121.369945403663706,18.448211698748512],[121.36975607236019,18.448210071471976],[121.369754367159672,18.448390762257688],[121.369565035677979,18.448389134775272],[121.369375704215997,18.44838750710403],[121.369377409812117,18.448206816352513],[121.369379115388597,18.448026125597266],[121.369380820945437,18.447845434838555],[121.369191490096583,18.447843807029646],[121.369193195831414,18.447663116284346],[121.369003865200156,18.447661488303751],[121.369005571113163,18.447480797571952],[121.36900727700646,18.447300106836511],[121.368817946790429,18.447298478701285],[121.368819652861887,18.447117787979256],[121.368821358913635,18.446937097253763],[121.368823064945659,18.446756406524628],[121.368824770958057,18.446575715791852],[121.368826476950645,18.446395025055523],[121.3690158061777,18.446396653105484],[121.369017511952862,18.44621596234855],[121.369206841001741,18.446217590192632],[121.369396170070345,18.446219217847975],[121.369394464690771,18.446399908639016],[121.369392759291486,18.446580599426504],[121.369391053872576,18.446761290210439],[121.369389348433941,18.446941980990733],[121.369578678313445,18.446943608525551],[121.369576973052887,18.447124299319345],[121.369575267772703,18.447304990109497]],[[121.368060626123352,18.4472919642722],[121.368249956260527,18.447293593162644],[121.368439286417498,18.447295221864351],[121.368437579930728,18.447475912548544],[121.368435873424232,18.447656603229184],[121.368246542871759,18.447654974493371],[121.368057212338897,18.447653345568821],[121.368058919240895,18.447472654922286],[121.368060626123352,18.4472919642722]],[[121.364040204430992,18.451955660362312],[121.364229539297625,18.451957293662474],[121.364418874184054,18.451958926773809],[121.364417163029813,18.452139617005741],[121.364227827945498,18.452137983877353],[121.364038492880979,18.45213635056005],[121.364040204430992,18.451955660362312]]],[[[121.366856307561321,18.454509806068536],[121.366666969647895,18.454508175173029],[121.366477631754265,18.454506544088694],[121.366288293880345,18.454504912815445],[121.366098956026065,18.454503281353279],[121.36590961819158,18.454501649702287],[121.365907908343942,18.454682340020817],[121.365718570331296,18.454680708163856],[121.36552923233846,18.45467907611798],[121.36552752207524,18.454859766398673],[121.365338183904143,18.454858134146829],[121.365148845752856,18.454856501706068],[121.365147135074139,18.455037191949014],[121.365145424375626,18.455217882188407],[121.365143713657389,18.455398572424158],[121.365142002919441,18.455579262656357],[121.365331341862458,18.455580895165419],[121.365520680825099,18.455582527485742],[121.365518970463285,18.455763217748494],[121.365329631302671,18.455761585411118],[121.365140292161769,18.455759952884915],[121.365138581384301,18.45594064310983],[121.365327920723075,18.455942275653175],[121.365517260081589,18.455943908007693],[121.365706599459898,18.455945540173207],[121.365895938857918,18.455947172149894],[121.366085278275662,18.455948803937666],[121.366083568468085,18.456129494244561],[121.366272908103426,18.456131125860558],[121.36627119847401,18.456311816180953],[121.366460538327047,18.456313447625089],[121.366649878199894,18.456315078880397],[121.36683921809238,18.45631670994679],[121.366840927128038,18.456136019575148],[121.367030266842349,18.456137650435483],[121.36721960657637,18.456139281106992],[121.367221315196559,18.455958590697602],[121.367410654752319,18.455960221163142],[121.36759999432789,18.455961851439767],[121.367789333923184,18.455963481527476],[121.367791041929806,18.455782791063196],[121.36798038134684,18.455784420945026],[121.367982089135864,18.455603730460052],[121.367792749916717,18.455602100595364],[121.367603410717294,18.455600470541849],[121.367605118882366,18.455419780087428],[121.36741577990054,18.455418149862052],[121.367417488243873,18.45523745942122],[121.367419196567397,18.455056768976746],[121.367420904871295,18.45487607852872],[121.367422613155384,18.454695388077052],[121.367233274984912,18.45469375773115],[121.367234983447261,18.454513067292982],[121.367045645494485,18.454511436775217],[121.366856307561321,18.454509806068536]]],[[[121.364382935795703,18.455753420891035],[121.364572274857551,18.455755054172812],[121.364573986209066,18.455574363995591],[121.364575697540758,18.455393673814729],[121.364386358874683,18.455392040567148],[121.364384647345091,18.455572730730868],[121.364382935795703,18.455753420891035]]],[[[121.368551814087084,18.455427928381113],[121.368362475006762,18.455426299100136],[121.368173135946066,18.455424669630332],[121.367983796905165,18.455423039971613],[121.367982089135864,18.455603730460052],[121.368171428374737,18.455605360135912],[121.36836076763332,18.455606989622769],[121.368550106911613,18.455608618920799],[121.368548399716346,18.455789309456932],[121.36873773921225,18.455790938583188],[121.368927078727864,18.455792567520529],[121.369116418263118,18.455794196268954],[121.369305757818168,18.455795824828463],[121.36930746422172,18.455615134224029],[121.369118124864642,18.455613505681573],[121.368928785527274,18.455611876950201],[121.368739446209545,18.455610248030002],[121.368741153187216,18.455429557473174],[121.368551814087084,18.455427928381113]]],[[[121.364759902765968,18.455937377456483],[121.364761613939208,18.455756687265762],[121.364572274857551,18.455755054172812],[121.364570563486339,18.45593574434648],[121.364759902765968,18.455937377456483]]],[[[121.369302344951919,18.456157206026408],[121.369491684922465,18.456158834431196],[121.369493391167481,18.455978143816903],[121.369495097392857,18.455797453199057],[121.369305757818168,18.455795824828463],[121.369304051394906,18.455976515429256],[121.369302344951919,18.456157206026408]]],[[[121.364947531070143,18.456119700581969],[121.364949242065222,18.455939010377659],[121.364759902765968,18.455937377456483],[121.364758191572918,18.456118067643651],[121.364947531070143,18.456119700581969]]],[[[121.367976965709744,18.45614580190405],[121.36797867353819,18.455965111426359],[121.367789333923184,18.455963481527476],[121.367787625896838,18.456144171988115],[121.367976965709744,18.45614580190405]]],[[[121.368923665069886,18.456153948650261],[121.368921958211416,18.456334639209754],[121.369111298340499,18.456336268009338],[121.369300638489207,18.456337896620095],[121.369302344951919,18.456157206026408],[121.369113005001083,18.456155577432792],[121.368923665069886,18.456153948650261]]],[[[121.367026849147152,18.456499031209411],[121.36721618927713,18.456500661915026],[121.36721789793657,18.45631997151283],[121.367028558004662,18.456318340824268],[121.36683921809238,18.45631670994679],[121.366837509036984,18.456497400314792],[121.367026849147152,18.456499031209411]]],[[[121.367403820945384,18.4566829828476],[121.367593161312584,18.456684613192525],[121.367594869596061,18.456503922759687],[121.367405529426648,18.456502292431814],[121.36721618927713,18.456500661915026],[121.367214480597795,18.456681352313669],[121.367403820945384,18.4566829828476]]],[[[121.367780793594392,18.456866933794874],[121.367782501699594,18.456686243348535],[121.367593161312584,18.456684613192525],[121.367591453009481,18.456865303621722],[121.367780793594392,18.456866933794874]]],[[[121.368727496814557,18.456875081826901],[121.368916837517673,18.456876710866648],[121.368918544435303,18.456696020317903],[121.368729203930073,18.456694391295297],[121.368727496814557,18.456875081826901]]],[[[121.369104471501132,18.457059030279638],[121.369293812441668,18.457060658958607],[121.369295518983066,18.456879968379308],[121.369106178240514,18.456878339717392],[121.369104471501132,18.457059030279638]]],[[[121.369481447038595,18.457242978041371],[121.369670788216439,18.457244606359563],[121.369672494381689,18.457063915749799],[121.369483153401816,18.457062287448661],[121.369481447038595,18.457242978041371]]],[[[121.370230283715344,18.45815294343161],[121.37023198938526,18.457972252788629],[121.370233695035466,18.457791562142006],[121.370044353204719,18.457789934339313],[121.370042647356627,18.457970624968883],[121.370040941488739,18.458151315594812],[121.370039235601212,18.458332006217187],[121.370228578025802,18.45833363407095],[121.370230283715344,18.45815294343161]]],[[[121.369657138185374,18.45869013110844],[121.369846480966388,18.458691759374229],[121.369848187091222,18.458511068776101],[121.369658844508194,18.458509440527454],[121.369657138185374,18.45869013110844]]],[[[121.369466088883485,18.458869193214205],[121.369276745943935,18.458867564553533],[121.369275039185823,18.459048255093307],[121.369273332408,18.459228945629441],[121.369271625610537,18.459409636162022],[121.369460969144015,18.459411264873854],[121.369650312697203,18.45941289339677],[121.369652019098794,18.459232202830083],[121.369462675743577,18.45923057432422],[121.369464382323443,18.459049883771034],[121.369466088883485,18.458869193214205]]],[[[121.365670681042317,18.459740035145483],[121.365860024597112,18.459741667481172],[121.366049368171701,18.459743299627945],[121.366051078373999,18.459562609392904],[121.365861734997381,18.459560977263184],[121.365672391640558,18.459559344944548],[121.365670681042317,18.459740035145483]]],[[[121.369837950046772,18.45959521231087],[121.369839656270116,18.459414521730771],[121.369650312697203,18.45941289339677],[121.369648606275973,18.459593583959816],[121.369646899835033,18.459774274519308],[121.369645193374367,18.459954965075248],[121.369834537541109,18.459956593460408],[121.369836243803803,18.459775902887415],[121.369837950046772,18.45959521231087]]],[[[121.369454142548904,18.460134027036418],[121.369643486893992,18.460135655627546],[121.369645193374367,18.459954965075248],[121.369455849227251,18.459953336501172],[121.369454142548904,18.460134027036418]]],[[[121.37475749278218,18.459998865156685],[121.374759193897688,18.459818174140935],[121.374760894993486,18.459637483121632],[121.374571550711451,18.459635859682827],[121.374382206448971,18.459634236055194],[121.374192862206186,18.459632612238646],[121.374191160516474,18.459813303206968],[121.374189458807123,18.459993994171647],[121.374378803445836,18.459995618022301],[121.374377101914831,18.460176309000392],[121.374375400364116,18.46035699997493],[121.374373698793761,18.460537690945827],[121.374563044046127,18.460539314658547],[121.374561342654118,18.460720005642944],[121.374750688124095,18.460721629183713],[121.374752389318033,18.460540938182351],[121.374754090492345,18.460360247177348],[121.374755791647118,18.460179556168793],[121.37475749278218,18.459998865156685]]],[[[121.36869505787574,18.460308201245873],[121.368696765365613,18.460127510782392],[121.368507421119119,18.460125881246597],[121.368318076892237,18.460124251521798],[121.368316369006408,18.460304941951083],[121.368505713431162,18.460306571692936],[121.36869505787574,18.460308201245873]]],[[[121.369075453917873,18.460130769287325],[121.369073746823929,18.460311459784823],[121.369263091327568,18.460313088770924],[121.369452435850917,18.46031471756811],[121.369454142548904,18.460134027036418],[121.369264798223611,18.460132398256285],[121.369075453917873,18.460130769287325]]],[[[121.365665549129204,18.460282105726439],[121.365663838452008,18.460462795912896],[121.365853182798688,18.460464428316975],[121.365854893277913,18.460283738113464],[121.365856603737342,18.460103047906223],[121.365667259786591,18.460101415536339],[121.365665549129204,18.460282105726439]]],[[[121.366231871551221,18.460467692558385],[121.366233581634503,18.46028700232068],[121.366235291698061,18.460106312079333],[121.366237001741808,18.459925621834344],[121.366047657949608,18.459923989859433],[121.366045947707889,18.46010468008728],[121.366044237446346,18.460285370311574],[121.366042527165106,18.460466060532138],[121.366040816864043,18.460646750749238],[121.365851472299752,18.460645118517022],[121.365849761781007,18.460825808713427],[121.366039106543354,18.460827440962785],[121.366228451325526,18.460829073023227],[121.366226741183013,18.461009763250186],[121.366225031020775,18.461190453473591],[121.3664143762186,18.461192085379224],[121.366416086182866,18.461011395138765],[121.366605431202345,18.461013026838341],[121.366794776241647,18.461014658349001],[121.366796485790232,18.460833968070794],[121.366607140948915,18.460832336577187],[121.366417796127323,18.460830704894665],[121.366419506052054,18.460650014647012],[121.366230161448229,18.460648382792627],[121.366231871551221,18.460467692558385]]],[[[121.36831295317559,18.460666322798819],[121.368314661100854,18.460485632376727],[121.368316369006408,18.460304941951083],[121.368127024601279,18.460303312020315],[121.368125316497753,18.460484002428906],[121.368123608374503,18.460664692833944],[121.368121900231543,18.460845383235341],[121.368311245230601,18.460847013217357],[121.36831295317559,18.460666322798819]]],[[[121.365472783230132,18.460641853485665],[121.365471072315529,18.460822543647875],[121.365660417038356,18.460824176275064],[121.365662127755087,18.460643486095801],[121.365472783230132,18.460641853485665]]],[[[121.365281727612327,18.460820910831593],[121.365092382928921,18.460819277826484],[121.365090671598551,18.460999967950858],[121.365280016479929,18.461001600973109],[121.365281727612327,18.460820910831593]]],[[[121.365658706301915,18.461004866450775],[121.365848051242622,18.46100649890619],[121.365849761781007,18.460825808713427],[121.365660417038356,18.460824176275064],[121.365658706301915,18.461004866450775]]],[[[121.367930846891554,18.461024443445112],[121.368120192068872,18.461026073633185],[121.368121900231543,18.460845383235341],[121.36793255525221,18.46084375306441],[121.367930846891554,18.461024443445112]]],[[[121.364899615188847,18.461179024843371],[121.365088960248471,18.46118065807168],[121.365090671598551,18.460999967950858],[121.364901326736899,18.460998334739692],[121.364899615188847,18.461179024843371]]],[[[121.367361102503523,18.4612002420733],[121.367550447819752,18.461201872845262],[121.367739793155607,18.461203503428219],[121.36774150173396,18.461022813068123],[121.367552156596076,18.461021182502218],[121.367362811477918,18.461019551747309],[121.367173466379384,18.461017920803485],[121.366984121300646,18.461016289670745],[121.366982411930408,18.461196979962541],[121.367171757207103,18.461198611112334],[121.367361102503523,18.4612002420733]]],[[[121.36489790362107,18.461359714943498],[121.364899615188847,18.461179024843371],[121.364710270149018,18.461177391426148],[121.364708558383171,18.461358081509132],[121.36489790362107,18.461359714943498]]],[[[121.365465939453031,18.461364614112835],[121.365464228459473,18.461545304260657],[121.365653573974285,18.461546936956324],[121.365842919508836,18.461548569463076],[121.366032265063183,18.461550201780824],[121.366033975462827,18.461369511581665],[121.365844630106452,18.46136787928106],[121.365655284769886,18.461366246791449],[121.365656995545848,18.461185556622933],[121.365658706301915,18.461004866450775],[121.365469361381116,18.461003233806444],[121.365467650426979,18.46118392396146],[121.365465939453031,18.461364614112835]]],[[[121.374743883151865,18.461444393153275],[121.374933229433267,18.461446016573074],[121.374934930507848,18.461265325569137],[121.374745584424318,18.461263702166303],[121.374743883151865,18.461444393153275]]],[[[121.364517501181467,18.461537137948053],[121.364706846597613,18.461538771588476],[121.364708558383171,18.461358081509132],[121.364519213165096,18.461356447885763],[121.364517501181467,18.461537137948053]]],[[[121.365259481351217,18.463169882390812],[121.365448828628274,18.463171515429405],[121.365638175925056,18.463173148278994],[121.365639886898379,18.46299245814636],[121.365450539799568,18.462990825313913],[121.365261192720581,18.462989192292461],[121.36507184566122,18.462987559082094],[121.365070134093884,18.463168249163392],[121.365259481351217,18.463169882390812]]],[[[121.374916217608529,18.463252926415713],[121.374917918879291,18.463072235447569],[121.374919620130527,18.462891544475873],[121.37473027226504,18.462889920920095],[121.374728570815847,18.463070611874738],[121.374726869347015,18.463251302825828],[121.374725167858543,18.463431993773366],[121.374914516318043,18.463433617380215],[121.374916217608529,18.463252926415713]]],[[[121.364879075071229,18.463347305807392],[121.364880786856347,18.463166615746879],[121.364691439638449,18.46316498214145],[121.364502092440432,18.463163348347017],[121.364500380259287,18.463344038373336],[121.36468972765536,18.463345672184911],[121.364879075071229,18.463347305807392]]],[[[121.369991462757227,18.463391342184337],[121.369989756298693,18.46357203270253],[121.370179104464725,18.46357366105083],[121.370368452650482,18.463575289210215],[121.370366746568365,18.463755979758872],[121.370556094971718,18.463757607746306],[121.370745443394881,18.463759235544735],[121.370934791837584,18.46376086315416],[121.370936497325687,18.463580172554344],[121.371125845590143,18.463581799957801],[121.37112755086055,18.463401109337379],[121.371129256111246,18.463220418713316],[121.371130961342317,18.4630397280857],[121.370941613671974,18.463038100733403],[121.370943319081292,18.462857410119199],[121.370753971628645,18.46285578259495],[121.370752266021256,18.463036473192101],[121.370562918390178,18.463034845461795],[121.37037357077881,18.463033217542574],[121.370371864755754,18.463213908102066],[121.37018251696604,18.463212279976787],[121.370180810725287,18.463392970515585],[121.369991462757227,18.463391342184337]],[[121.370939908242931,18.463218791343966],[121.370938202794079,18.463399481950976],[121.370748854747418,18.463397854375568],[121.370559506720298,18.463396226611245],[121.370561212565093,18.463215536038341],[121.370750560394157,18.463217163785611],[121.370939908242931,18.463218791343966]]],[[[121.364309320484082,18.46352309437847],[121.364498668058417,18.463524728396102],[121.364500380259287,18.463344038373336],[121.364311032883009,18.463342404372845],[121.364309320484082,18.46352309437847]]],[[[121.364118260312836,18.463702150156852],[121.364307608065431,18.463703784380542],[121.364309320484082,18.46352309437847],[121.364119972929558,18.463521460171922],[121.364118260312836,18.463702150156852]]],[[[121.365818969068982,18.464078231634101],[121.365820679942999,18.463897541502355],[121.365822390797305,18.463716851367057],[121.365824101631802,18.463536161228117],[121.366013449364132,18.46353779373398],[121.366015159980932,18.463357103574346],[121.366016870577937,18.463176413411158],[121.365827523241634,18.463174780939578],[121.365638175925056,18.463173148278994],[121.365636464932024,18.463353838407897],[121.365634753919181,18.463534528533337],[121.365633042886614,18.463715218655135],[121.365443694995832,18.463713585754299],[121.365441983745484,18.463894275855402],[121.365631331834336,18.463895908773381],[121.365629620762348,18.464076598887985],[121.365627909670536,18.464257288999036],[121.365817258175241,18.464258921762205],[121.365818969068982,18.464078231634101]]],[[[121.369423418971351,18.463386456056657],[121.369421711918804,18.46356714652369],[121.369232363831557,18.463565517419461],[121.369043015764021,18.463563888126227],[121.368853667716195,18.463562258643989],[121.368851960049923,18.463742949056222],[121.368662611823666,18.463741319368015],[121.368473263617219,18.463739689490804],[121.368283915430496,18.463738059424589],[121.368094567263483,18.463736429169369],[121.368092858785403,18.463917119509748],[121.368091150287626,18.464097809846486],[121.368280498850666,18.464099440135811],[121.368278790531235,18.464280130486049],[121.368468139312057,18.464281760603512],[121.368469847433531,18.464101070236222],[121.36865919603602,18.464102700147539],[121.368848544658221,18.46410432986994],[121.369037893300145,18.464105959403248],[121.369227241961696,18.46410758874773],[121.36922894927136,18.463926898308497],[121.369418297754649,18.463928527446921],[121.369607646257663,18.463930156396252],[121.369796994780302,18.463931785156667],[121.369798701476242,18.463751094662722],[121.369800408152372,18.463570404165225],[121.369802114808877,18.463389713664085],[121.369612766880252,18.463388084954829],[121.369423418971351,18.463386456056657]]],[[[121.365627909670536,18.464257288999036],[121.365438561185655,18.464255656046863],[121.36544027247551,18.464074965952953],[121.365250924208311,18.464073332828828],[121.365061575960922,18.464071699515877],[121.365059864275111,18.464252389575591],[121.365058152569489,18.464433079631664],[121.365056440844143,18.464613769684185],[121.365054729099086,18.464794459733152],[121.365244078138559,18.464796093114582],[121.365433427197843,18.464797726307008],[121.365622776276737,18.464799359310518],[121.36562448742778,18.464618669210303],[121.365626198559028,18.464437979106446],[121.365627909670536,18.464257288999036]]],[[[121.366387014107275,18.464083128738423],[121.366576362492864,18.46408476072861],[121.366574652391208,18.464265450925105],[121.366572942269826,18.464446141118046],[121.366571232128649,18.464626831307346],[121.366569521967833,18.464807521493004],[121.366567811787206,18.464988211675198],[121.366566101586869,18.465168901853662],[121.366755451180396,18.46517053375743],[121.366944800793618,18.465172165472104],[121.36713415042658,18.465173796997863],[121.367132440800617,18.465354487224111],[121.36732179065126,18.465356118577919],[121.367320081203658,18.465536808817578],[121.367509431272083,18.465538439999435],[121.367507722002827,18.465719130252683],[121.367506012713761,18.465899820502202],[121.367316662249209,18.46589818928615],[121.367314952742362,18.466078879515063],[121.367125602099549,18.466077248092954],[121.36712389237492,18.466257938301172],[121.367122182630666,18.466438628505838],[121.367311533669607,18.466440259962141],[121.367313243215889,18.466259569740423],[121.36750259407647,18.466261200990669],[121.367504303404971,18.466080510748256],[121.367693654087219,18.466082141792356],[121.367883004789277,18.46608377264754],[121.367881295856904,18.466264462924059],[121.368070646776729,18.466266093607292],[121.368072355511046,18.466085403313631],[121.368261706252525,18.466087033790807],[121.368263414769061,18.465906343476451],[121.368265123265957,18.465725653158543],[121.368075772920591,18.465724022715563],[121.368077481595748,18.465543332411155],[121.368079190251279,18.465362642103194],[121.367889840321681,18.465361011505316],[121.367891549155459,18.465180321210767],[121.367702199443642,18.465178690441025],[121.36770390845578,18.464998000160065],[121.367705617448195,18.464817309875375],[121.367707326420884,18.464636619587132],[121.367709035373863,18.464455929295337],[121.367519686473841,18.464454298404892],[121.367330337593614,18.464452667325531],[121.367332046922925,18.464271977064289],[121.367521395605166,18.464273608126597],[121.367523104716682,18.46409291784466],[121.367712453220577,18.46409454870091],[121.36771416211441,18.463913858398367],[121.367524813808572,18.46391222755917],[121.367526522880652,18.463731537270039],[121.36733717479251,18.463729906258891],[121.367147826724008,18.463728275058827],[121.367149536172406,18.463547584800338],[121.366960188321769,18.463545953428412],[121.366770840490744,18.463544321867481],[121.366581492679458,18.463542690117546],[121.366392144887968,18.463541058178606],[121.366202797116188,18.463539426050751],[121.366013449364132,18.46353779373398],[121.366011738727607,18.463718483889885],[121.366010028071372,18.463899174042325],[121.36619937621947,18.463900806393379],[121.366201086677648,18.463720116223886],[121.366390434647485,18.463721748368794],[121.366388724387278,18.463902438555429],[121.366387014107275,18.464083128738423]],[[121.367328628244607,18.464633357583132],[121.367139279186034,18.464631726297714],[121.367140988733027,18.464451036057167],[121.367330337593614,18.464452667325531],[121.367328628244607,18.464633357583132]],[[121.367146117255885,18.463908965313852],[121.367144407768038,18.464089655565147],[121.367142698260395,18.464270345812977],[121.366953349617589,18.464268714372661],[121.366955059323203,18.464088024141972],[121.366956769009107,18.463907333907731],[121.366958478675301,18.463726643669848],[121.367147826724008,18.463728275058827],[121.367146117255885,18.463908965313852]]],[[[121.365619353915505,18.465160739500202],[121.365617642705303,18.465341429589671],[121.365615931475304,18.465522119675587],[121.365805281366178,18.465523752558394],[121.36580699239812,18.465343062455513],[121.365996342110748,18.465344695132263],[121.365998052924894,18.465164005008599],[121.365808703410337,18.465162372348903],[121.365810414402844,18.46498168223874],[121.365812125375541,18.464800992125024],[121.365622776276737,18.464799359310518],[121.365621065106069,18.464980049407181],[121.365619353915505,18.465160739500202]]],[[[121.369578626047783,18.467001893953455],[121.369389274178133,18.467000264714045],[121.369199922328207,18.466998635285631],[121.369010570497892,18.466997005668212],[121.369008862655321,18.467177696029285],[121.368819510646674,18.46717606620572],[121.368817802586307,18.467356756546099],[121.368816094506229,18.467537446882837],[121.368626742121165,18.467535816836161],[121.368625033823307,18.467716507152293],[121.368623325505823,18.467897197464783],[121.368621617168529,18.46807788777372],[121.368619908811525,18.468258578079105],[121.368809261988829,18.468260208193993],[121.368807553810257,18.468440898512789],[121.368996907205357,18.468442528455725],[121.369186260620168,18.468444158209657],[121.369375614054618,18.468445787774584],[121.369377321638993,18.468265097404629],[121.369566674895182,18.46826672676341],[121.369564967508865,18.468447417150507],[121.369754320982736,18.468449046337337],[121.36975261377485,18.468629736737846],[121.369941967466517,18.468631365752724],[121.369943674476332,18.468450675335163],[121.369945381466536,18.46826998491396],[121.369756028170997,18.468268355933187],[121.369757735339533,18.468087665525484],[121.369947088437002,18.468089294489204],[121.369948795387671,18.467908604060806],[121.369950502318801,18.467727913628856],[121.370139855039781,18.467729542369465],[121.370329207780458,18.467731170920981],[121.370330914295749,18.467550480451372],[121.370332620791316,18.467369789978122],[121.370143268446753,18.467368161460712],[121.369953916121915,18.467366532754209],[121.369764563816702,18.46736490385879],[121.369766270886743,18.467184213433057],[121.369767977937158,18.467003523003772],[121.369578626047783,18.467001893953455]]],[[[121.363314599991355,18.4685742377583],[121.36350395301217,18.468575873200216],[121.36369330605271,18.468577508453127],[121.36388265911296,18.468579143517033],[121.36407201219302,18.468580778391846],[121.364070299023055,18.468761468276146],[121.364259652320982,18.468763102979096],[121.364449005638633,18.468764737493043],[121.364638358976094,18.468766371817896],[121.364827712333266,18.468768005953745],[121.365017065710148,18.468769639900501],[121.365015353510785,18.468950329866779],[121.365204707105548,18.468951963641672],[121.36520299508453,18.46913265362145],[121.36539234889716,18.469134287224392],[121.365390637054503,18.46931497721776],[121.365579991084914,18.46931661064875],[121.365769345135035,18.469318243890736],[121.365958699205066,18.469319876943629],[121.366148053294708,18.469321509807518],[121.366146342224582,18.469502199865634],[121.366335696532104,18.469503832557571],[121.366333985640409,18.469684522629187],[121.366332274728904,18.469865212697162],[121.366330563797689,18.470045902761584],[121.366328852846749,18.470226592822453],[121.366327141876013,18.470407282879592],[121.366325430885638,18.470587972933266],[121.366323719875467,18.4707686629833],[121.366513075589324,18.47077029560587],[121.366702431322992,18.470771928039348],[121.366891787076383,18.470773560283821],[121.3668934974922,18.47059287018245],[121.367082853067231,18.470594502220777],[121.367272208662001,18.470596134070011],[121.367461564276468,18.47059776573024],[121.36746327407829,18.470417075574069],[121.367652629514325,18.470418707028152],[121.367654339098266,18.470238016851287],[121.367464983860373,18.470236385414346],[121.36746669362266,18.470055695250981],[121.367468403365322,18.469875005084063],[121.367657758207173,18.469876636486898],[121.367659467731968,18.469695946299286],[121.367661177237039,18.469515256108032],[121.367662886722471,18.469334565913226],[121.367852240989677,18.469336197075808],[121.367853950257242,18.469155506860307],[121.367855659505096,18.468974816641254],[121.36785736873324,18.468794126418558],[121.368046722425959,18.468795757340889],[121.368048431436321,18.468615067097499],[121.36785907794166,18.46861343619231],[121.367860787130354,18.46843274596251],[121.367671433853573,18.468431114885369],[121.367673143220614,18.46825042466898],[121.3674837901616,18.468248793419889],[121.367482080596488,18.468429483619225],[121.367292727359143,18.468427852163988],[121.36729101757615,18.46860854234254],[121.367289307773461,18.46878923251754],[121.367287597951133,18.468969922688988],[121.367285888108995,18.469150612856794],[121.367096534099005,18.469148981144251],[121.3670948240391,18.469329671291451],[121.366905469850764,18.469328039372762],[121.366716115682152,18.46932640726498],[121.366717826138199,18.469145717151974],[121.366528472187454,18.46914408487233],[121.366530182821847,18.468963394772825],[121.366531893436601,18.468782704669767],[121.366533604031559,18.468602014563068],[121.366722957388106,18.468603646791554],[121.366724667765283,18.46842295666416],[121.366726378122735,18.468242266533213],[121.366915731102878,18.468243898538411],[121.366917441242464,18.468063208386859],[121.367106794044261,18.46806484018591],[121.367296146865769,18.468066471795957],[121.367297856589602,18.467885781606569],[121.367299566293624,18.467705091413627],[121.367301275977923,18.467524401217045],[121.36730298564251,18.467343711016909],[121.367304695287388,18.467163020813132],[121.36730640491254,18.466982330605713],[121.367117053279415,18.466980699098162],[121.366927701666,18.466979067401606],[121.36692599164472,18.46715975757483],[121.366924281603715,18.467340447744412],[121.366922571543,18.467521137910353],[121.366733219355211,18.467519505973545],[121.366543867187048,18.467517873847644],[121.36654215671048,18.467698563975837],[121.366540446214117,18.467879254100477],[121.366351093669621,18.467877621751466],[121.366349382955477,18.468058311855412],[121.366347672221707,18.468239001955716],[121.366345961468113,18.468419692052468],[121.366344250694723,18.468600382145667],[121.366342539901709,18.468781072235224],[121.366153186386526,18.468779439611676],[121.366151475375645,18.468960129680539],[121.365962121682117,18.468958496850846],[121.365772768008398,18.468956863832148],[121.365771056581579,18.469137553863174],[121.365581702729514,18.46913592063833],[121.365583414354404,18.468955230624356],[121.365585125959484,18.468774540606741],[121.365395772523343,18.468772907226999],[121.365397484306769,18.468592217222973],[121.365208131088423,18.468590583671279],[121.365209843050195,18.468409893680754],[121.365020490049631,18.468408259957197],[121.364831137068862,18.468406626044636],[121.364641784107818,18.468404991942982],[121.364452431166583,18.468403357652324],[121.36426307824506,18.468401723172661],[121.36407372534326,18.468400088503994],[121.363884372461271,18.468398453646234],[121.363695019599078,18.468396818599469],[121.363696733125636,18.468216128742259],[121.363507380481323,18.468214493523543],[121.363318027856636,18.468212858115912],[121.363319741759696,18.468032168289255],[121.363130389352875,18.468030532709673],[121.36294103696595,18.468028896941085],[121.362751684598649,18.468027260983405],[121.362562332251244,18.46802562483672],[121.362564046926764,18.467844935075078],[121.36237469479714,18.467843298756531],[121.362376409650906,18.4676626090083],[121.362187057739249,18.467660972517891],[121.362185342687326,18.46784166224889],[121.361995990597322,18.467840025552334],[121.361994275327618,18.468020715262639],[121.361804923059353,18.468019078359848],[121.361803207571782,18.46819976804937],[121.361613855125171,18.468198130940522],[121.361612139419719,18.468378820609349],[121.361801492064401,18.468380457735339],[121.361799776537296,18.468561147417756],[121.36198912939976,18.468562784371883],[121.361987414050915,18.4687434740678],[121.362176767131331,18.468745110850065],[121.362175051960747,18.468925800559571],[121.362173336770439,18.469106490265435],[121.36217162156025,18.469287179967658],[121.362169906330337,18.469467869666328],[121.362168191080613,18.469648559361445],[121.361978837009787,18.469646922493471],[121.361977121542196,18.469827612167805],[121.361787767293123,18.469825975093684],[121.361598413063845,18.46982433783047],[121.361409058854292,18.469822700378252],[121.361407342772608,18.470003389997519],[121.361217988384794,18.470001752339154],[121.361219704664535,18.469821062736941],[121.361030350494602,18.469819424906625],[121.36084099634455,18.469817786887216],[121.360839279668596,18.469998476455146],[121.360837562972833,18.470179166019435],[121.361026917519183,18.470180804073038],[121.361025201001681,18.470361493650916],[121.361214555765898,18.470363131532658],[121.361212839426742,18.470543821124036],[121.361211123067775,18.470724510711861],[121.361209406689085,18.470905200296045],[121.361207690290513,18.471085889876676],[121.361018334733942,18.471084251926278],[121.361016618117489,18.471264941486126],[121.361205973872217,18.471266579453665],[121.36139532964674,18.471268217232112],[121.361584685441073,18.471269854821465],[121.361582969399095,18.471450544429274],[121.361581253337405,18.471631234033353],[121.361579537255906,18.471811923633879],[121.361577821154597,18.471992613230764],[121.361576105033492,18.472173302824096],[121.361574388892663,18.472353992413787],[121.361572672731938,18.472534681999925],[121.361383315550796,18.472533044290579],[121.361381599172205,18.472713733855933],[121.361379882773718,18.472894423417735],[121.361378166355593,18.473075112975895],[121.361376449917586,18.473255802530591],[121.361374733459769,18.473436492081557],[121.361564091631578,18.473438129876701],[121.361753449823183,18.473439767482752],[121.361755165884702,18.473259077897414],[121.361944523897975,18.473260715297229],[121.362133881930959,18.473262352507952],[121.362135597576454,18.473081662884777],[121.36213731320214,18.472900973258049],[121.362139028808016,18.47272028362768],[121.362140744394182,18.47253959399367],[121.361951387153624,18.472537956851514],[121.361953102918051,18.472357267231093],[121.361954818662753,18.472176577607119],[121.362144175506998,18.47217821471499],[121.362333532371053,18.472179851633857],[121.362522889254919,18.472181488363542],[121.362524604385442,18.47200079868459],[121.362526319496155,18.471820109001996],[121.362715676003518,18.471821745508393],[121.362717390896378,18.471641055805016],[121.362906747225395,18.471642692105267],[121.362908461900375,18.471462002381283],[121.362910176555459,18.47128131265357],[121.362911891190819,18.471100622922304],[121.363101246945362,18.471102258982125],[121.36310296136277,18.470921569230164],[121.363104675760553,18.470740879474562],[121.363106390138441,18.470560189715407],[121.363108104496604,18.47037949995261],[121.363109818834957,18.470198810186261],[121.363299173618728,18.470200445971368],[121.363300887739214,18.470019756184325],[121.363490242344639,18.470021391763286],[121.363491956247259,18.469840701955459],[121.363302601839905,18.469839066393639],[121.363113247452347,18.469837430642816],[121.363114961731384,18.469656740865631],[121.362925607561706,18.469655104942856],[121.362927322019075,18.46947441517926],[121.362929036456649,18.469293725412111],[121.363118390230198,18.469295361300603],[121.363120104449905,18.469114671512671],[121.363309458045109,18.469116307195016],[121.363311172046934,18.468935617386389],[121.363500525463877,18.468937252862588],[121.363502239247921,18.468756563033178],[121.36331288602905,18.468754927574121],[121.363314599991355,18.4685742377583]],[[121.362531464709576,18.471278039932542],[121.362529749658179,18.471458729625972],[121.362340393566754,18.471457092964766],[121.362338678297576,18.471637782637412],[121.362149322027804,18.47163614576997],[121.361959965777928,18.471634508713525],[121.361961681443404,18.471453819075073],[121.36196339708907,18.471273129433069],[121.361965112715026,18.471092439787512],[121.361966828321087,18.470911750138313],[121.362156183778623,18.470913387126281],[121.36234553925587,18.470915023925155],[121.362343824045936,18.471095713608637],[121.362533179741149,18.47109735023556],[121.362531464709576,18.471278039932542]]],[[[121.376332389018259,18.473745986221207],[121.376521748945024,18.473747609095486],[121.376523449571337,18.473566918182765],[121.376334089842629,18.47356529532545],[121.376332389018259,18.473745986221207]]],[[[121.377089828843083,18.473752476583854],[121.377088128791698,18.473933167543915],[121.377277488995034,18.473934789678875],[121.377279188848362,18.47375409870185],[121.377280888681966,18.473573407721183],[121.377091528874843,18.473571785620241],[121.37690216908743,18.473570163330205],[121.376900468857528,18.473750854276854],[121.377089828843083,18.473752476583854]]],[[[121.375951967983326,18.473923430763467],[121.376141328068982,18.473925054032897],[121.376143029111134,18.473744363157746],[121.375953669223534,18.47374273990528],[121.375951967983326,18.473923430763467]]],[[[121.377066026339108,18.476282149697859],[121.377064326013183,18.476462840607649],[121.377062625667634,18.476643531513798],[121.376873262511367,18.476641908935015],[121.376871561948036,18.476822599820558],[121.376869861365165,18.477003290702637],[121.376868160762569,18.477183981581074],[121.376866460140434,18.47736467245587],[121.376865606593313,18.47745536067103],[121.377055636187791,18.477386261719872],[121.377055824089396,18.477366295102509],[121.377057524513376,18.477185604210749],[121.37705922491773,18.477004913315348],[121.377248588490019,18.477006535738965],[121.377250288676592,18.476825844822958],[121.377251988843526,18.476645153903398],[121.377253688990933,18.476464462980285],[121.377255389118616,18.476283772053531],[121.37744475191775,18.47628539422011],[121.377446451827737,18.47610470327275],[121.377448151718099,18.475924012321837],[121.377449851588835,18.475743321367371],[121.377451551439933,18.475562630409264],[121.377453251271504,18.475381939447605],[121.377454951083436,18.475201248482303],[121.377644312713102,18.475202870357826],[121.377646012307252,18.475022179372008],[121.377647711881863,18.474841488382548],[121.377649411436764,18.474660797389536],[121.377460050401552,18.474659175564906],[121.377461750135154,18.474478484585216],[121.377463449849031,18.474297793601973],[121.377465149543383,18.474117102615178],[121.377466849217996,18.473936411624742],[121.377277488995034,18.473934789678875],[121.377275789122166,18.474115480652348],[121.377274089229758,18.474296171622179],[121.377272389317639,18.474476862588457],[121.377270689385981,18.474657553551182],[121.377268989434683,18.474838244510178],[121.377267289463859,18.475018935465709],[121.377265589473311,18.475199626417599],[121.377263889463222,18.475380317365936],[121.377262189433509,18.475561008310631],[121.377260489384241,18.475741699251774],[121.377258789315277,18.475922390189275],[121.377069426932167,18.475920767867532],[121.377067726645407,18.476101458784516],[121.377066026339108,18.476282149697859]]],[[[121.374790269087399,18.47662404808657],[121.37479197181105,18.476443357384348],[121.374793674515161,18.476262666678483],[121.374604311990751,18.476261041864245],[121.374602609088484,18.476441732553145],[121.374600906166592,18.476622423238403],[121.374599203225074,18.47680311392002],[121.374788566344037,18.476804738785241],[121.374790269087399,18.47662404808657]]],[[[121.374594094282557,18.477345185943378],[121.37459579728305,18.477164495272508],[121.374597500263832,18.476983804598085],[121.374408136966338,18.476982179526718],[121.374406433787328,18.477162870184177],[121.37440473058868,18.477343560837994],[121.374403027370391,18.477524251488258],[121.374401324132492,18.477704942134881],[121.374590688222767,18.477706567274282],[121.374588985163385,18.477887257934405],[121.374778349471441,18.477888882901677],[121.374776646590576,18.478069573575212],[121.374966011116513,18.478071198370355],[121.374995391103099,18.478071450428633],[121.375345829254783,18.477958851580965],[121.37534644251356,18.477893756668667],[121.375157078146614,18.477892132268853],[121.374967713799208,18.477890507679856],[121.374969416462207,18.477709816985715],[121.374780052332667,18.47770819222459],[121.374781755174183,18.47752750154395],[121.374592391262425,18.477525876610695],[121.374594094282557,18.477345185943378]]],[[[121.407060220197337,18.427384176100553],[121.406870908230175,18.427382587593449],[121.406681596282283,18.427380998897696],[121.40667993171202,18.427561693373967],[121.406869243857443,18.427563282086329],[121.407058556022236,18.42756487061013],[121.40705689182785,18.427745565116155],[121.406867579465526,18.427743976575655],[121.40686591505434,18.42792467106143],[121.407055227614279,18.427926259618538],[121.407244540193318,18.427927847987085],[121.407244953491258,18.427882968207573],[121.407156508501998,18.427384983954841],[121.407060220197337,18.427384176100553]]],[[[121.406696576549351,18.425754748450235],[121.406507266398677,18.425753159715935],[121.406505601804,18.425933854207749],[121.40631629147498,18.425932265268191],[121.406126981165329,18.425930676140073],[121.406125316156221,18.426111370594938],[121.405936005668224,18.426109781261562],[121.405934340442315,18.426290475696177],[121.405745029775971,18.426288886157543],[121.405743364333347,18.426469580571908],[121.405741698871438,18.42665027498272],[121.405552387829218,18.42664868522213],[121.405363076806182,18.42664709527298],[121.405361410929956,18.426827789646843],[121.405359745034346,18.427008484017154],[121.405170433635533,18.427006893845959],[121.405172099728659,18.426826199492435],[121.404982788546633,18.426824609149378],[121.40498445481802,18.42664391480891],[121.404795143852809,18.42664232429399],[121.40479347738389,18.42682301861776],[121.404604166240333,18.426821427897583],[121.404602499554514,18.427002122201102],[121.404600832849439,18.42718281650107],[121.40441152133009,18.427181225558936],[121.4044098544082,18.427361919838564],[121.404220542710405,18.427360328691172],[121.404218875571715,18.42754102295055],[121.404029563695673,18.427539431597811],[121.404027896340182,18.427720125836938],[121.403838584285793,18.427718534278942],[121.403836916713402,18.427899228497729],[121.403647604480753,18.427897636734475],[121.403458292267374,18.427896044782571],[121.403456624280565,18.42807673896441],[121.403267311888939,18.428075146807249],[121.403265643685231,18.428255840968838],[121.403076331115244,18.428254248606329],[121.40307466269465,18.428434942747579],[121.403072994254856,18.428615636885365],[121.402883681309007,18.428614044300812],[121.402882012652327,18.428794738418258],[121.402880343976292,18.428975432532152],[121.402691030654552,18.428973839725554],[121.402689361761716,18.429154533819109],[121.402687692849597,18.42933522790911],[121.402686023918193,18.429515921995559],[121.402684354967533,18.429696616078367],[121.40268268599759,18.429877310157622],[121.402681017008291,18.430058004233324],[121.402870331515643,18.430059597140108],[121.402868662704691,18.430240291228955],[121.403057977428944,18.430241883963788],[121.403056308796423,18.43042257806578],[121.403245623737575,18.430424170628751],[121.403243955283301,18.430604864743799],[121.403242286809771,18.430785558855295],[121.403052971473386,18.43078396625884],[121.403051302782956,18.430964660350085],[121.402861987268224,18.430963067548284],[121.402860318360894,18.43114376161919],[121.402858649434307,18.431324455686543],[121.402669333543699,18.431322862662785],[121.402667664400198,18.431503556709799],[121.402478348331158,18.431501963480606],[121.402289032281473,18.431500370062853],[121.402099716251072,18.431498776456451],[121.401910400239942,18.431497182661488],[121.401908730286607,18.431677876638069],[121.402098046495354,18.431679470449819],[121.40228736272347,18.431681064072919],[121.402285693146112,18.431861758079343],[121.40228402354947,18.432042452082214],[121.402094706926206,18.432040858425719],[121.402093037112678,18.432221552408251],[121.401903720311054,18.43221995854632],[121.40190205028054,18.432400652508601],[121.401712733300585,18.432399058441323],[121.40171106305327,18.432579752383266],[121.401521745894868,18.43257815811064],[121.401520075430568,18.432758852032332],[121.40133075809392,18.432757257554361],[121.401329087412634,18.432937951455624],[121.401327416712178,18.433118645353424],[121.401138098999468,18.433117050653319],[121.401136428082012,18.433297744530869],[121.401134757145201,18.433478438404688],[121.400945439056528,18.433476843482449],[121.400943767902831,18.433657537336106],[121.400942096729764,18.433838231186034],[121.400940425537428,18.434018925032497],[121.400938754325807,18.434199618875319],[121.400937083094746,18.434380312714588],[121.401126402171698,18.434381907720404],[121.40131572126792,18.43438350253766],[121.401317392103564,18.434202808664907],[121.40150671102144,18.434204403276727],[121.401508381640099,18.434023709383723],[121.401697700379543,18.434025303790108],[121.401699370781316,18.433844609876765],[121.401888689342414,18.433846204077803],[121.401890359527201,18.433665510144209],[121.402079677910038,18.433667104139811],[121.402081347877854,18.433486410185878],[121.402270666082245,18.433488003976134],[121.40227233583316,18.43330731000195],[121.402274005564806,18.433126616024126],[121.402463323393249,18.433128209592336],[121.402464992907909,18.432947515594261],[121.402654310557992,18.432949108957036],[121.402843628227274,18.432950702131251],[121.402845297327417,18.432770008096139],[121.403034614818438,18.432771601064918],[121.403223932328629,18.432773193845136],[121.403413249858204,18.432774786436617],[121.403411581350994,18.432955480521823],[121.403600899097455,18.432957072941353],[121.403599230768606,18.433137767039614],[121.403788548731953,18.433139359287281],[121.403977866714584,18.433140951346211],[121.403979534648101,18.432960257214464],[121.403790216863186,18.432958665172233],[121.403791884975064,18.432777971053632],[121.403793553067743,18.432597276931478],[121.403795221141067,18.432416582805683],[121.403605903968284,18.432414990624896],[121.403607572220039,18.432234296512245],[121.403609240452525,18.432053602396042],[121.40361090866574,18.431872908276198],[121.403800225245661,18.431874500406892],[121.40380189324199,18.431693806266797],[121.403991209643479,18.431695398192144],[121.403992877422894,18.431514704031798],[121.403994545183053,18.431334009867811],[121.404183861208665,18.431335601571114],[121.404185528751924,18.431154907386965],[121.404187196275913,18.430974213199175],[121.403997880645534,18.430972621529179],[121.403808565034524,18.430971029670623],[121.403619249442698,18.430969437623418],[121.403429933870143,18.430967845387652],[121.403431602165426,18.430787151263011],[121.403620917540266,18.430788743482168],[121.403810232934475,18.430790335512675],[121.403811900815157,18.430609641351086],[121.403622585618564,18.430608049337277],[121.403624253677592,18.430427355188833],[121.403625921717435,18.430246661036747],[121.403436606935358,18.430245068867773],[121.403438275153462,18.430064374728833],[121.403248960588272,18.430062782387907],[121.40305964604228,18.430061189858332],[121.403061314636346,18.429880495749234],[121.403062983211129,18.429699801636495],[121.403252297361803,18.429701394132675],[121.403441611531832,18.429702986440205],[121.403443279692112,18.429522292290606],[121.403632593683795,18.42952388439279],[121.403821907694748,18.429525476306413],[121.404011221724886,18.429527068031387],[121.404200535774393,18.429528659567801],[121.404389849843085,18.429530250915565],[121.404391516996071,18.429349556678837],[121.404393184129887,18.429168862438555],[121.404394851244419,18.428988168194632],[121.404396518339595,18.428807473947156],[121.404398185415573,18.428626779696128],[121.404399852472295,18.428446085441546],[121.404589165374716,18.428447676500475],[121.404590832214623,18.428266982225644],[121.404780144938783,18.428268573079315],[121.404778478296407,18.428449267370933],[121.404776811634932,18.42862996165891],[121.404775144954101,18.428810655943334],[121.404773478254072,18.428991350224205],[121.404771811534772,18.429172044501435],[121.404770144796117,18.429352738775112],[121.404768478038363,18.429533433045236],[121.404766811261254,18.429714127311719],[121.404765144464946,18.429894821574649],[121.404763477649283,18.430075515834027],[121.404761810814435,18.430256210089851],[121.404760143960317,18.430436904342034],[121.404949459074828,18.430438495207341],[121.404947792399142,18.430619189472669],[121.4049461257041,18.430799883734444],[121.404944458989775,18.430980577992578],[121.405133774716433,18.430982168719328],[121.405323090462346,18.43098375925743],[121.405512406227459,18.430985349606971],[121.405701722011841,18.430986939767863],[121.405891037815493,18.430988529740105],[121.405892703541639,18.430807835398483],[121.40608201916686,18.430809425165467],[121.406083684676275,18.430628730803594],[121.406085350166336,18.430448036438257],[121.40627466541558,18.430449625983197],[121.40627633068884,18.43026893159761],[121.406277995942816,18.430088237208381],[121.406279661177521,18.42990754281551],[121.406281326393042,18.429726848419175],[121.406092011934263,18.429725258940849],[121.40609367732813,18.42954456455757],[121.405904363086165,18.429542974907381],[121.405906028658379,18.429362280537248],[121.405907694211407,18.429181586163473],[121.405909359745067,18.429000891786057],[121.405911025259641,18.428820197405177],[121.40572171182724,18.42881860763304],[121.405723377520161,18.428637913265216],[121.405725043193712,18.428457218893751],[121.405535730175743,18.42845562896645],[121.405537396027739,18.42827493460813],[121.405539061860452,18.428094240246256],[121.405540727673895,18.427913545880742],[121.405542393468068,18.427732851511674],[121.405731705695729,18.427734441372362],[121.405733371273101,18.427553746983044],[121.40592268332243,18.427555336638385],[121.40611199539093,18.427556926105165],[121.406301307478714,18.427558515383385],[121.406490619585782,18.427560104472956],[121.406492284353561,18.427379410013383],[121.406681596282283,18.427380998897696],[121.406683260833347,18.427200304417873],[121.406684925365155,18.427019609934408],[121.406874236917901,18.427021198596854],[121.406875901232894,18.426840504093139],[121.407060080084634,18.426842049484808],[121.407025367724998,18.426646603608035],[121.406829196580631,18.425755861295816],[121.406696576549351,18.425754748450235]],[[121.404972790513753,18.427908775117135],[121.404783478165555,18.42790718448542],[121.404785144750107,18.427726490183055],[121.404786811315304,18.427545795877137],[121.404788477861402,18.427365101567755],[121.404790144388144,18.427184407254643],[121.404791810895617,18.427003712937978],[121.404981122255975,18.427005303486293],[121.404979455946048,18.427185997819656],[121.404977789616837,18.427366692149377],[121.404976123268355,18.427547386475545],[121.404974456900689,18.427728080798161],[121.404972790513753,18.427908775117135]],[[121.405708385591581,18.430264162446846],[121.405519070597677,18.430262572352746],[121.405520736642046,18.430081878030219],[121.405331421865029,18.430080287764078],[121.405333088087829,18.429899593454696],[121.405334754291275,18.429718899141672],[121.40552406867323,18.429720489374418],[121.405713383074271,18.429722079418514],[121.405711717265973,18.429902773764844],[121.405901031883914,18.429904363637078],[121.405899366253976,18.430085057996553],[121.405897700604754,18.430265752352387],[121.405708385591581,18.430264162446846]]],[[[121.40723455569352,18.429012015026519],[121.407232891542918,18.429192709520553],[121.407231227373146,18.429373404010946],[121.40704191321332,18.429371815509171],[121.407040248826746,18.429552509979402],[121.407229563184089,18.429554098497874],[121.407227898975847,18.429734792981161],[121.407226234748336,18.429915487460896],[121.40741554952011,18.429917075824115],[121.40741388547103,18.430097770316905],[121.40756688735658,18.430099053872212],[121.407419759114475,18.429013568821844],[121.40723455569352,18.429012015026519]]],[[[121.400023928714987,18.430758459063018],[121.399834613706602,18.430756863259884],[121.399832941656726,18.430937557066823],[121.399643626470095,18.430935961058342],[121.399645298717587,18.430755267268189],[121.399455983747927,18.430753671087846],[121.399266668797551,18.430752074718853],[121.399268341421006,18.430571380958543],[121.399079026687517,18.430569784417688],[121.399080699489247,18.430389090670612],[121.399082372271593,18.430208396919983],[121.399084045034598,18.430027703165713],[121.39908571777832,18.42984700940789],[121.398896403854579,18.429845412745355],[121.398898076776561,18.429664719000677],[121.398899749679259,18.429484025252446],[121.398710436170035,18.429482428434834],[121.398712109250994,18.429301734699749],[121.398522795958755,18.429300137710275],[121.398524469217975,18.429119443988423],[121.398335156142622,18.429117846827086],[121.398333482685871,18.42929854053224],[121.398144169432271,18.429296943165557],[121.398142495758535,18.429477636850372],[121.397953182326759,18.429476039278253],[121.397951508436137,18.429656732942728],[121.397949834526145,18.429837426603651],[121.397760520718407,18.429835828809487],[121.397758846591529,18.430016522449982],[121.397757172445282,18.430197216087013],[121.397755498279679,18.430377909720402],[121.397753824094707,18.43055860335015],[121.397943138692838,18.43056020121146],[121.397941464686127,18.430740894854441],[121.398130779501244,18.4307424925438],[121.398132453310239,18.430561798884032],[121.398134127099965,18.430381105220711],[121.39794481268018,18.430379507564837],[121.397946486648166,18.43019881391475],[121.398135800870421,18.430200411553837],[121.398325115111959,18.430202009004276],[121.398514429372838,18.430203606266154],[121.398516102728692,18.430022912562155],[121.398705416811325,18.430024509618598],[121.398894730913327,18.43002610648648],[121.39889305795262,18.430206800223964],[121.398703743653101,18.430205203339384],[121.398702070475494,18.430385897056528],[121.398700397278631,18.43056659077012],[121.398889711973396,18.430568187688273],[121.39888803895478,18.43074888141501],[121.399077353866531,18.430750478161212],[121.399075681026176,18.430931171901182],[121.399264996154812,18.430932768475522],[121.399454311302819,18.430934364861212],[121.399452638838426,18.431115058631026],[121.399641954203318,18.431116654844853],[121.39983126958758,18.431118250870121],[121.400020584991111,18.43111984670665],[121.400209900414012,18.43112144235462],[121.400399215856169,18.43112303781394],[121.400397544360516,18.431303731663867],[121.400586860019672,18.431305326951236],[121.400776175698098,18.431306922050045],[121.400774504578322,18.431487615929814],[121.40096382047372,18.431489210856672],[121.40096214953229,18.431669904749675],[121.401151465644588,18.43167149950467],[121.401340781776156,18.431673094070927],[121.401339111210703,18.431853787993774],[121.401528427559157,18.431855382388168],[121.401717743926994,18.431856976593913],[121.401907060314088,18.431858570611098],[121.401908730286607,18.431677876638069],[121.401719414097215,18.431676282637671],[121.401721084248081,18.431495588677787],[121.401531768275575,18.431493994505438],[121.401342452322268,18.431492400144528],[121.401344122849181,18.431311706214487],[121.401154807112846,18.431310111681626],[121.400965491395795,18.431308516960115],[121.400967162298585,18.431127823060006],[121.400777846798505,18.431126228166633],[121.400588531317709,18.431124633084611],[121.400590202596462,18.430943939214345],[121.400400887332552,18.430942343960371],[121.400211572088011,18.430940748517838],[121.400213243742641,18.430760054677414],[121.400023928714987,18.430758459063018]]],[[[121.39869537757194,18.431108671889401],[121.398506062303667,18.431107074732417],[121.398504388831824,18.431287768414922],[121.398693704297798,18.431289365588693],[121.39869537757194,18.431108671889401]]],[[[121.398881346687062,18.431471656286252],[121.398883019782943,18.431290962573815],[121.398693704297798,18.431289365588693],[121.398692031004202,18.431470059284344],[121.398881346687062,18.431471656286252]]],[[[121.399068989471573,18.431653946825094],[121.399070662389292,18.431473253099423],[121.398881346687062,18.431471656286252],[121.398879673571813,18.431652349995048],[121.399068989471573,18.431653946825094]]],[[[121.399256632651415,18.431836237205129],[121.399258305390788,18.431655543466402],[121.399068989471573,18.431653946825094],[121.399067316534669,18.431834640547123],[121.399256632651415,18.431836237205129]]],[[[121.39944427622649,18.432018527426536],[121.399445948787516,18.431837833674575],[121.399256632651415,18.431836237205129],[121.399254959892772,18.432016930940392],[121.39944427622649,18.432018527426536]]],[[[121.405688393928585,18.432432494237943],[121.405877711313195,18.432434084343591],[121.405879377193344,18.432253390030656],[121.40569006000635,18.432251799941707],[121.405688393928585,18.432432494237943]]],[[[121.399440931046442,18.432379914919622],[121.399439258427421,18.432560608660836],[121.39943758578913,18.432741302398409],[121.39943591313147,18.432921996132428],[121.399625230472651,18.432923592513678],[121.399626902932695,18.43274289876296],[121.39962857537337,18.432562205008601],[121.399630247794775,18.432381511250689],[121.399631920196811,18.432200817489136],[121.399633592579491,18.432020123724119],[121.39944427622649,18.432018527426536],[121.399442603646108,18.432199221174855],[121.399440931046442,18.432379914919622]]],[[[121.399621885494767,18.433284980004544],[121.39981120325055,18.433286576230628],[121.399812875551504,18.43310588247023],[121.399814547833202,18.432925188706278],[121.399625230472651,18.432923592513678],[121.399623557993351,18.433104286260843],[121.399621885494767,18.433284980004544]]],[[[121.399224846932384,18.435269417561134],[121.399414166823789,18.435271014348725],[121.399415839732626,18.435090320661335],[121.399417512622179,18.434909626970303],[121.399606832137536,18.434911223535671],[121.399608504810018,18.4347305298243],[121.399610177463245,18.434549836109376],[121.399611850097187,18.434369142390899],[121.399801169038867,18.434370738717437],[121.399802841455738,18.434190044978532],[121.399804513853326,18.434009351236163],[121.399806186231658,18.433828657490064],[121.399995504599744,18.433830253577771],[121.399997176761005,18.433649559811421],[121.399998848902982,18.433468866041519],[121.400000521025689,18.433288172267975],[121.39981120325055,18.433286576230628],[121.399809530930213,18.433467269987297],[121.39980785859062,18.433647963740501],[121.399618540439505,18.433646367480932],[121.399616867882841,18.433827061213798],[121.399615195306978,18.43400775494311],[121.399613522711675,18.434188448668781],[121.399424203986982,18.434186852170292],[121.399422531174778,18.434367545875713],[121.39942085834322,18.434548239577403],[121.399231539242464,18.43454664285678],[121.39922986619392,18.43472733653822],[121.399228193126106,18.434908030216196],[121.399226520038923,18.435088723890441],[121.399224846932384,18.435269417561134]]],[[[121.39903385373681,18.435448514235247],[121.399223173806561,18.435450111228274],[121.399224846932384,18.435269417561134],[121.399035527060335,18.435267820584894],[121.39903385373681,18.435448514235247]]],[[[121.398842860145905,18.435627610683586],[121.399032180394016,18.435629207882048],[121.39903385373681,18.435448514235247],[121.398844533686415,18.435446917053572],[121.398842860145905,18.435627610683586]]],[[[121.398651866159597,18.435806706906149],[121.398653539917177,18.435626013296474],[121.398464219707705,18.435624415720625],[121.398462545752508,18.435805109313602],[121.398651866159597,18.435806706906149]]]]}},
{"type":"Feature","properties":{"fid":38,"HAZ":2.0,"layer":"Cagayan_StormSurge_SSA4","path":"/Users/jhannaroseverzo/Downloads/Cagayan/Cagayan_StormSurge_SSA4.shp","Risk Level":"Medium","fid_2":241,"SYSTRA ID":"241","DAR ID":"88","Target Year":"2028","Bridge Category":"Original List","Bridge Name":"DAMMANG BRIDGE","Coordinates Y":"18.4350642","Coordinates X":"121.360524","Region":"II","Province":"CAGAYAN","ARC 2026":"Curbasta ARC","LINEAR METER IVF 2026":"30","EIRR 2026":"0.13","NEW/REPLACEMENT BRIDGE 2026":"replacement","Visited by SYSTRA":"No","Selected for 2nd Visit of SYSTRA":"Yes","Final Funder":"AFD","2023 IVF URL":"","2026 IVF URL":"https://drive.google.com/open?id=1SlLLEYSVFJ_64DASR1GcQML6RvadTDgq"},"geometry":{"type":"MultiPolygon","coordinates":[[[[121.344823953606735,18.461546895943176],[121.344634610079382,18.461545242445837],[121.344445266572109,18.461543588759493],[121.34425592308483,18.461541934884234],[121.344066579617518,18.46154028082006],[121.343877236170201,18.461538626566881],[121.343875502566632,18.461719314745078],[121.34368615894131,18.461717660285665],[121.343496815336081,18.461716005637246],[121.343307471750819,18.461714350799912],[121.343305737533257,18.461895038922599],[121.343116393770089,18.461893383878941],[121.34292705002683,18.461891728646457],[121.342737706303637,18.461890073224879],[121.342735971472166,18.462070761291965],[121.34292531539333,18.462072416730773],[121.34311465933456,18.462074071980666],[121.343304003295785,18.462075727041643],[121.34349334727699,18.462077381913616],[121.343682691278175,18.462079036596673],[121.34368442511979,18.46189834844299],[121.34387376894307,18.461900002919723],[121.344063112786344,18.461901657207541],[121.344252456649599,18.461903311306354],[121.344441800532834,18.461904965216252],[121.34463114443615,18.461906618937235],[121.34482048835936,18.461908272469213],[121.345009832302637,18.461909925812275],[121.345199176265893,18.461911578966422],[121.345388520249145,18.461913231931565],[121.345577864252377,18.461914884707792],[121.345767208275504,18.461916537295014],[121.34576893991931,18.461735848947264],[121.345579596094069,18.461734196377272],[121.345390252288809,18.461732543618364],[121.345200908503628,18.461730890670541],[121.345202640721283,18.461550202371107],[121.345391984308591,18.461551855301611],[121.345581327915781,18.461553508043199],[121.34577067154305,18.461555160595871],[121.345772403146881,18.461374472240927],[121.345583059717598,18.461372819705574],[121.34539371630828,18.461371166981305],[121.345204372919056,18.461369514068032],[121.345015029549714,18.461367860965932],[121.344825686200352,18.461366207674828],[121.344823953606735,18.461546895943176]]],[[[121.347503166632833,18.478375693106535],[121.347504898113399,18.47819500491315],[121.347694260184213,18.478196656977858],[121.347695991446642,18.4780159687636],[121.347697722688991,18.477835280545701],[121.347887084383487,18.477836932386765],[121.347888815407799,18.477656244147994],[121.347890546412117,18.477475555905581],[121.347892277396355,18.477294867659705],[121.348081638516291,18.477296519259717],[121.348083369282492,18.477115830992879],[121.347894008360797,18.477114179410098],[121.347704647458997,18.477112527638223],[121.347702916296484,18.47729321587051],[121.34770118511392,18.477473904099156],[121.347699453911446,18.477654592324249],[121.347510092435172,18.477652940311412],[121.34732073097878,18.477651288109392],[121.347131369542382,18.477649635718279],[121.346942008125978,18.477647983138073],[121.346752646729541,18.477646330368774],[121.34675091451615,18.477827018503717],[121.346561552941466,18.477825365527917],[121.346559820509924,18.478006053642076],[121.346370458757079,18.478004400459863],[121.3461810970242,18.478002747088556],[121.346180108955039,18.478105775355235],[121.347260934252716,18.478428955625329],[121.347502059314934,18.478491245634611],[121.347503166632833,18.478375693106535]]],[[[121.366172452298414,18.446733593524428],[121.366361781645111,18.446735224251537],[121.366551111011432,18.446736854789908],[121.366552819397398,18.446556164262123],[121.366363490228878,18.446554533740805],[121.366174161079982,18.446552903030749],[121.366172452298414,18.446733593524428]]],[[[121.365786956758313,18.447453093305516],[121.365788666014424,18.447272402860509],[121.365790375250825,18.447091712411773],[121.365601045567772,18.447090081084077],[121.365599336133585,18.447270771515672],[121.365597626679673,18.447451461943626],[121.365595917206036,18.447632152368026],[121.365785247482478,18.447633783746969],[121.365786956758313,18.447453093305516]]],[[[121.365208707069826,18.448532340940599],[121.365019375863469,18.448530708909644],[121.364830044676822,18.448529076689862],[121.364640713509985,18.448527444281254],[121.364451382362873,18.448525811683908],[121.364449671583884,18.448706501984141],[121.364639002928797,18.448708134598629],[121.36482833429352,18.44870976702429],[121.365017665677868,18.448711399261125],[121.365015955472643,18.448892089609053],[121.365205287074602,18.448893721674292],[121.365394618696357,18.448895353550615],[121.365392908867008,18.449076043929185],[121.365582240706289,18.449077675633824],[121.365771572565365,18.449079307149635],[121.365960904444165,18.449080938476619],[121.366150236342676,18.449082569614777],[121.36615194538075,18.448901879167817],[121.366153654399099,18.448721188717304],[121.366155363397638,18.448540498263149],[121.366157072376552,18.448359807805442],[121.366158781335656,18.448179117344093],[121.365969450426221,18.448177486291467],[121.365967741269316,18.448358176735585],[121.365966032092601,18.448538867176239],[121.365776700807288,18.448537235900591],[121.365774991413062,18.448717926320462],[121.365585659949659,18.448716294838846],[121.36539632850598,18.448714663168403],[121.365206997082112,18.448713031309222],[121.365208707069826,18.448532340940599]]],[[[121.364609920026936,18.451779869443602],[121.364611630943855,18.451599179187333],[121.364422296433474,18.45159754629902],[121.364420585318669,18.451778236538235],[121.364609920026936,18.451779869443602]]],[[[121.364227827945498,18.452137983877353],[121.364417163029813,18.452139617005741],[121.364418874184054,18.451958926773809],[121.364229539297625,18.451957293662474],[121.364040204430992,18.451955660362312],[121.364038492880979,18.45213635056005],[121.364227827945498,18.452137983877353]]],[[[121.363090105295541,18.452308871249429],[121.363279440459181,18.452310505528096],[121.363281152820448,18.45212981540239],[121.363091817854695,18.452128181140864],[121.363090105295541,18.452308871249429]]],[[[121.350356363540101,18.457258233707968],[121.350545702915213,18.457259881122706],[121.350735042310319,18.457261528348528],[121.350736768288428,18.457080839457923],[121.350547429091307,18.457079192249331],[121.350358089914081,18.457077544851913],[121.350168750756836,18.45707589726549],[121.350167024184884,18.457256586104315],[121.350356363540101,18.457258233707968]]],[[[121.350922655925089,18.457443864289719],[121.350924381725306,18.457263175385435],[121.350735042310319,18.457261528348528],[121.350733316312215,18.457442217235492],[121.350922655925089,18.457443864289719]]],[[[121.351108544293794,18.457806888987221],[121.351110269935816,18.457626200072902],[121.351111995557957,18.45744551115494],[121.350922655925089,18.457443864289719],[121.350920930105076,18.45762455319036],[121.350919204265068,18.45780524208736],[121.351108544293794,18.457806888987221]]],[[[121.346753728676788,18.457768962498427],[121.346943068266754,18.457770613554164],[121.3471324078767,18.457772264420985],[121.347134137675397,18.457591575869397],[121.346944798263337,18.457589925019896],[121.346755458871257,18.45758827398139],[121.346753728676788,18.457768962498427]]],[[[121.34940966696324,18.457249993800723],[121.349220327707684,18.45724834525258],[121.349030988472009,18.457246696515522],[121.348841649256329,18.457245047589549],[121.348652310060629,18.45724339847466],[121.348462970884825,18.457241749170944],[121.348273631728915,18.457240099678312],[121.348084292592986,18.457238449996765],[121.347894953477052,18.457236800126303],[121.347893224510031,18.457417488754185],[121.347703885216106,18.457415838677576],[121.347514545942147,18.457414188412052],[121.347325206688097,18.457412537957612],[121.347135867454028,18.457410887314257],[121.347134137675397,18.457591575869397],[121.347323477107352,18.457593226530072],[121.347321747506626,18.457773915098979],[121.347511087156448,18.457775565587969],[121.347509357733799,18.457956254170554],[121.347507628291083,18.458136942749498],[121.347696968356743,18.458138593084211],[121.347695239092019,18.458319281676921],[121.347884579375645,18.45832093183995],[121.348073919679166,18.458322581814151],[121.348075648548047,18.458141893186891],[121.347886308442398,18.458140243230009],[121.34788803748927,18.457959554616426],[121.347889766516147,18.457778865999291],[121.348079106225924,18.457780515921623],[121.348268445955597,18.45778216565504],[121.34845778570525,18.457783815199541],[121.348647125474798,18.457785464555126],[121.348648853689966,18.45760477586516],[121.348838193281622,18.4576064250146],[121.34902753289316,18.457608073975123],[121.349216872524693,18.457609722746732],[121.349218600126136,18.457429034001432],[121.349407939579677,18.457430682566805],[121.3495972790531,18.457432330943352],[121.34959900623879,18.45725164215995],[121.349788345534236,18.457253290330261],[121.349977684849563,18.457254938311745],[121.349979411619401,18.45707424949024],[121.349790072502046,18.457072601525986],[121.349600733404486,18.457070953372906],[121.349411394326921,18.45706930503091],[121.34940966696324,18.457249993800723]],[[121.348459514118389,18.457603126526894],[121.348270174566622,18.457601476999624],[121.348271903157766,18.457420788340745],[121.348461242511561,18.457422437850695],[121.348650581885252,18.457424087171731],[121.348648853689966,18.45760477586516],[121.348459514118389,18.457603126526894]]],[[[121.34467619156058,18.457208723426849],[121.344677923872382,18.45702803508949],[121.344488585313869,18.457026381836133],[121.344299246775421,18.45702472839395],[121.344109908256868,18.457023074762763],[121.343920569758382,18.457021420942748],[121.343731231279804,18.457019766933907],[121.343541892821293,18.457018112736062],[121.343352554382761,18.45701645834939],[121.34316321596431,18.457014803773802],[121.34316148206905,18.457195491972605],[121.342972143472693,18.457193837190783],[121.342782804896331,18.457192182220044],[121.342593466339935,18.457190527060391],[121.342404127803533,18.457188871711821],[121.342402393096663,18.457369559837705],[121.342400658369726,18.457550247959947],[121.3425899973019,18.457551903343155],[121.342779336254154,18.457553558537448],[121.342968675226388,18.457555213542825],[121.343158014218687,18.457556868359376],[121.343347353230982,18.457558522986922],[121.343536692263257,18.457560177425641],[121.343726031315512,18.457561831675445],[121.343915370387847,18.457563485736333],[121.344104709480163,18.457565139608306],[121.344294048592459,18.457566793291452],[121.344292315824845,18.457747481583425],[121.344481655155022,18.457749135094886],[121.344670994505265,18.45775078841752],[121.344860333875488,18.457752441551239],[121.344858601681636,18.457933129891618],[121.345047941269726,18.457934782853652],[121.345237280877896,18.457936435626859],[121.345235549060007,18.458117123998235],[121.345424888885958,18.458118776599846],[121.345614228731989,18.458120429012542],[121.345612497289977,18.458301117415004],[121.34580183735396,18.458302769656015],[121.345991177437838,18.458304421708199],[121.345989446371703,18.458485110141659],[121.346178786673534,18.458486762022247],[121.346368126995358,18.458488413713919],[121.346366396305186,18.458669102178376],[121.346555736844877,18.458670753698364],[121.346745077404549,18.458672405029525],[121.346934417984301,18.45867405617177],[121.346936148080729,18.458493367655354],[121.346746807698949,18.458491716530517],[121.346557467337163,18.458490065216676],[121.346559197809555,18.458309376731346],[121.346369857665721,18.458307725245909],[121.346180517541782,18.458306073571556],[121.346182248390051,18.458125385117224],[121.345992908484078,18.458123733271186],[121.345994639510238,18.457943044830621],[121.346183979218324,18.457944696659339],[121.34637331894632,18.457946348299053],[121.346562658694282,18.45794799974994],[121.346751998462238,18.457949651011823],[121.346753728676788,18.457768962498427],[121.346564389106717,18.457767311253775],[121.346375049556727,18.457765659820208],[121.346185710026631,18.457764008197813],[121.345996370516517,18.457762356386414],[121.345998101502715,18.457581667938566],[121.345808762210552,18.45758001595566],[121.345810493374742,18.457399327521578],[121.34562115430046,18.457397675366987],[121.345431815246158,18.45739602302357],[121.345433546786225,18.457215334620486],[121.345244207949875,18.457213682105472],[121.345054869133435,18.457212029401454],[121.34486553033706,18.457210376508609],[121.34467619156058,18.457208723426849]]],[[[121.348261531311806,18.458504920240287],[121.348450871853174,18.458506569853888],[121.348452600346178,18.458325881195719],[121.348263260002682,18.458324231599349],[121.348073919679166,18.458322581814151],[121.348072190790319,18.45850327043777],[121.348261531311806,18.458504920240287]]],[[[121.351292707890522,18.458350602471146],[121.351294433394429,18.458169913550432],[121.35129615887837,18.457989224626075],[121.351297884342401,18.457808535698078],[121.351108544293794,18.457806888987221],[121.351106818631777,18.457987577897899],[121.351105092949865,18.458168266805025],[121.351103367248058,18.458348955708509],[121.35110164152637,18.45852964460844],[121.351099915784687,18.458710333504818],[121.351098190023194,18.458891022397555],[121.351096464241721,18.459071711286651],[121.351094738440267,18.459252400172193],[121.351284080072503,18.459254047021073],[121.3512858056759,18.4590733581183],[121.351287531259487,18.458892669211885],[121.35128925682308,18.458711980301917],[121.351290982366791,18.458531291388308],[121.351292707890522,18.458350602471146]]],[[[121.348638484099624,18.45868890795051],[121.348640212414537,18.458508219278574],[121.348450871853174,18.458506569853888],[121.348449143340375,18.458687258508505],[121.348638484099624,18.45868890795051]]],[[[121.347122028665424,18.458856395655104],[121.347123758583948,18.45867570712501],[121.346934417984301,18.45867405617177],[121.346932687867891,18.458854744684455],[121.347122028665424,18.458856395655104]]],[[[121.348826096741945,18.458871245889124],[121.348827824878867,18.4586905572036],[121.348638484099624,18.45868890795051],[121.34863675576473,18.458869596618804],[121.348826096741945,18.458871245889124]]],[[[121.349015437739041,18.458872894970529],[121.348826096741945,18.458871245889124],[121.348824368585028,18.459051934571097],[121.34901370978011,18.459053583669821],[121.349015437739041,18.458872894970529]]],[[[121.34768659246896,18.459222724586382],[121.347688321833516,18.459042036011613],[121.347498980778056,18.45904038559048],[121.347309639742591,18.459038734980432],[121.347311369483023,18.458858046436749],[121.347122028665424,18.458856395655104],[121.347120298727106,18.459037084181467],[121.347118568768707,18.459217772704367],[121.347307909982163,18.459219423520562],[121.347497251215614,18.45922107414793],[121.34768659246896,18.459222724586382]]],[[[121.349201323214231,18.45923592129251],[121.349203050995172,18.45905523257963],[121.34901370978011,18.459053583669821],[121.349011981801283,18.459234272365471],[121.349201323214231,18.45923592129251]]],[[[121.347874204555794,18.459405063424189],[121.347875933742287,18.459224374835831],[121.34768659246896,18.459222724586382],[121.347684863084496,18.459403413157421],[121.347874204555794,18.459405063424189]]],[[[121.34938893704431,18.459418258757193],[121.34939066464716,18.459237570030634],[121.349201323214231,18.45923592129251],[121.349199595413396,18.459416610001838],[121.34938893704431,18.459418258757193]]],[[[121.350129034560283,18.461231739648515],[121.350127307529945,18.461412428404561],[121.350316651438234,18.46141407640523],[121.350318378270515,18.461233387631864],[121.350320105082886,18.461052698854857],[121.350321831875291,18.460872010074297],[121.350323558647887,18.460691321290096],[121.350512901784072,18.460692969032749],[121.350702244940166,18.460694616586487],[121.350891588116227,18.460696263951309],[121.350893314274913,18.460515575111774],[121.350895040413704,18.460334886268598],[121.3508967665325,18.460154197421868],[121.350707423950453,18.460152550108916],[121.350709150247326,18.459971861275775],[121.350710876524232,18.459791172439171],[121.350521534358023,18.459789524971765],[121.350523260812992,18.45960883614875],[121.350524987248079,18.459428147322182],[121.350526713663271,18.459247458491973],[121.350528440058568,18.459066769658211],[121.350717781432962,18.459068417056606],[121.350719507610293,18.458887728201972],[121.350721233767828,18.458707039343786],[121.350722959905369,18.458526350481868],[121.350724686022929,18.458345661616487],[121.350726412120679,18.458164972747465],[121.350728138198448,18.45798428387489],[121.350729864256238,18.457803594998673],[121.350731590294217,18.457622906118903],[121.350542250503267,18.457621258858531],[121.350543976719237,18.457440569992439],[121.35035463714614,18.457438922560382],[121.350165297592952,18.457437274939497],[121.349975958059744,18.457435627129698],[121.349786618546432,18.457433979130982],[121.349784891538746,18.457614667928063],[121.34997423125003,18.457616315944009],[121.350163570981209,18.457617963771128],[121.350161844349401,18.457798652599116],[121.350351184298447,18.457800300254551],[121.350540524267402,18.45780194772107],[121.350538798011641,18.457982636580056],[121.350537071735886,18.4581633254354],[121.35053534544025,18.458344014287103],[121.350533619124718,18.458524703135254],[121.350531892789292,18.458705391979851],[121.35053016643387,18.458886080820808],[121.350340825277257,18.458884433250727],[121.350339098703969,18.4590651220709],[121.350149757369351,18.459063474294673],[121.350148030578197,18.459244163093885],[121.350146303767147,18.459424851889544],[121.350144576936117,18.45960554068165],[121.349955235027565,18.459603892664639],[121.349765893138908,18.4596022444588],[121.349576551270232,18.459600596063957],[121.349578278695105,18.459419907323721],[121.34938893704431,18.459418258757193],[121.349387209421465,18.459598947480288],[121.349385481778725,18.459779636199652],[121.349574823825378,18.459781284800641],[121.349573096360629,18.459961973533773],[121.349762438625262,18.459963621963077],[121.34976071133859,18.460144310709886],[121.349950053821075,18.460145958967505],[121.349948326712408,18.460326647727904],[121.349946599583831,18.460507336484749],[121.349944872435273,18.460688025238042],[121.350134215531583,18.460689673358527],[121.350132488561101,18.460870362125409],[121.350130761570639,18.461051050888738],[121.350129034560283,18.461231739648515]]],[[[121.348061817038499,18.459587402104166],[121.348063546047001,18.459406713502041],[121.347874204555794,18.459405063424189],[121.347872475349249,18.459585752008994],[121.348061817038499,18.459587402104166]]],[[[121.351280628805853,18.459615424815873],[121.351278903142685,18.459796113707899],[121.351468245388659,18.459797760419644],[121.351469970853842,18.459617071510387],[121.351471696299143,18.459436382597488],[121.351282354449125,18.459434735920293],[121.351280628805853,18.459615424815873]]],[[[121.348249429917161,18.459769740626136],[121.348251158747658,18.459589052010422],[121.348061817038499,18.459587402104166],[121.34806008801003,18.459768090702649],[121.348249429917161,18.459769740626136]]],[[[121.348438771844187,18.459771390360707],[121.348249429917161,18.459769740626136],[121.348247701066668,18.459950429238297],[121.34843704319168,18.459952078990188],[121.348438771844187,18.459771390360707]]],[[[121.351464794398495,18.460159138227322],[121.351654137060308,18.460160784784613],[121.351655862367323,18.459980095865319],[121.351466519903482,18.459978449325259],[121.351464794398495,18.460159138227322]]],[[[121.348433585826797,18.460313456238225],[121.348622928367732,18.46031510583575],[121.348624656862143,18.460134417196233],[121.348626385336658,18.459953728553074],[121.34843704319168,18.459952078990188],[121.348435314519179,18.460132767616027],[121.348433585826797,18.460313456238225]]],[[[121.351841754613005,18.46034312008587],[121.35184347974193,18.460162431152987],[121.351654137060308,18.460160784784613],[121.351652411733312,18.460341473700264],[121.351841754613005,18.46034312008587]]],[[[121.365854893277913,18.460283738113464],[121.365853182798688,18.460464428316975],[121.365663838452008,18.460462795912896],[121.365662127755087,18.460643486095801],[121.365660417038356,18.460824176275064],[121.365849761781007,18.460825808713427],[121.365851472299752,18.460645118517022],[121.366040816864043,18.460646750749238],[121.366042527165106,18.460466060532138],[121.366044237446346,18.460285370311574],[121.366045947707889,18.46010468008728],[121.366047657949608,18.459923989859433],[121.366049368171701,18.459743299627945],[121.365860024597112,18.459741667481172],[121.365670681042317,18.459740035145483],[121.365668970424366,18.459920725342688],[121.365667259786591,18.460101415536339],[121.365856603737342,18.460103047906223],[121.365854893277913,18.460283738113464]]],[[[121.348810542612128,18.460497443897466],[121.348812270928562,18.460316755244271],[121.348622928367732,18.46031510583575],[121.348621199853326,18.460495794471715],[121.348810542612128,18.460497443897466]]],[[[121.35202937256156,18.46052545522921],[121.352031097512494,18.46034476628256],[121.351841754613005,18.46034312008587],[121.351840029464,18.460523809015289],[121.35202937256156,18.46052545522921]]],[[[121.347294071180144,18.460664931712106],[121.347292341240049,18.460845620219818],[121.347481684255087,18.460847271002795],[121.347483413997224,18.460666582477764],[121.347485143719368,18.460485893949091],[121.347486873421616,18.460305205416866],[121.347488603103869,18.460124516880999],[121.347299260880646,18.460122866167211],[121.347297531000407,18.460303554685758],[121.347295801100273,18.460484243200753],[121.347294071180144,18.460664931712106]]],[[[121.352216990906157,18.460707790214364],[121.352218715679015,18.460527101254126],[121.35202937256156,18.46052545522921],[121.352027647590731,18.460706144172217],[121.352216990906157,18.460707790214364]]],[[[121.351079205331501,18.460878599980251],[121.351268548745438,18.460880246984473],[121.351270274528062,18.46069955811403],[121.351080931312197,18.460697911127127],[121.351079205331501,18.460878599980251]]],[[[121.352406334241479,18.460709436067596],[121.352216990906157,18.460707790214364],[121.352215266113305,18.46088847917105],[121.352404609646698,18.460890125041512],[121.352406334241479,18.460709436067596]]],[[[121.348994700915853,18.461041159124264],[121.348996429094157,18.460860470464585],[121.348998157252495,18.460679781801264],[121.348808814275813,18.460678132547109],[121.348807085919518,18.460858821193199],[121.348805357543228,18.461039509835558],[121.348803629147042,18.461220198474454],[121.348992972717639,18.46122184778039],[121.348994700915853,18.461041159124264]]],[[[121.351456166574621,18.461062582683724],[121.35145789217917,18.460881893799602],[121.351268548745438,18.460880246984473],[121.351266822942819,18.461060935851275],[121.351456166574621,18.461062582683724]]],[[[121.347290611280044,18.461026308723977],[121.347101268086931,18.461024657734853],[121.347099537908974,18.461205346218051],[121.347288881299974,18.461206997224583],[121.347290611280044,18.461026308723977]]],[[[121.35164551022622,18.461064229327256],[121.351456166574621,18.461062582683724],[121.351454440950079,18.461243271564204],[121.351643784799748,18.461244918224967],[121.35164551022622,18.461064229327256]]],[[[121.352401160397363,18.461251502978598],[121.352590504346509,18.461253148694606],[121.352592228783195,18.461072459710653],[121.352402885031935,18.461070814011876],[121.352401160397363,18.461251502978598]]],[[[121.351831403420746,18.461427253608203],[121.351833128669227,18.461246564696815],[121.351643784799748,18.461244918224967],[121.351642059353296,18.461425607119125],[121.351831403420746,18.461427253608203]]],[[[121.352778124057025,18.46143548321924],[121.352779848315549,18.461254794221698],[121.352590504346509,18.461253148694606],[121.352588779889928,18.461433837674917],[121.352587055413551,18.461614526651676],[121.352585330917179,18.461795215624793],[121.352774675480134,18.461796861203577],[121.352776399778534,18.46161617221323],[121.352778124057025,18.46143548321924]]],[[[121.346336971514845,18.461740805523391],[121.346526315419936,18.461742457337543],[121.346528046251777,18.461561768916962],[121.346338702544656,18.461560117120129],[121.346149358857446,18.461558465134292],[121.3459600151903,18.46155681295954],[121.34577067154305,18.461555160595871],[121.34576893991931,18.461735848947264],[121.345958283764531,18.461737501328251],[121.346147627629662,18.461739153520323],[121.346336971514845,18.461740805523391]]],[[[121.350313197713817,18.461775453941126],[121.350502542037859,18.461777101787341],[121.350504268712044,18.461596413003939],[121.350314924585973,18.461594765174954],[121.350313197713817,18.461775453941126]]],[[[121.352017297347487,18.461790277754769],[121.352019022437773,18.461609588833344],[121.35182967815237,18.46160794251595],[121.351827952864099,18.461788631420145],[121.352017297347487,18.461790277754769]]],[[[121.347658919922395,18.462113741292502],[121.347848264363222,18.462115391818529],[121.348037608824043,18.46211704215564],[121.348035879516246,18.462297730703764],[121.348225224195019,18.462299380869279],[121.348414568893702,18.462301030845701],[121.348416297805556,18.462120342263027],[121.348226953304859,18.462118692303836],[121.348228682394705,18.46193800373484],[121.34803933811196,18.461936353603964],[121.348041067379796,18.461755665048557],[121.347851723315017,18.461754014745996],[121.347853452760944,18.461573326204356],[121.347664108914032,18.461571675730198],[121.3474747650871,18.461570025067036],[121.347285421280063,18.46156837421487],[121.347096077493106,18.461566723173789],[121.347097807711023,18.461386034697785],[121.347099537908974,18.461205346218051],[121.346910194537855,18.461203695022693],[121.346908464141848,18.461384383485019],[121.346906733726044,18.461565071943792],[121.346717389978963,18.461563420524879],[121.346715659345094,18.46174410896278],[121.346526315419936,18.461742457337543],[121.346524584568115,18.461923145754572],[121.346713928691258,18.461924797397039],[121.346903272834282,18.461926448850591],[121.347092616997386,18.461928100115227],[121.347281961180386,18.461929751190858],[121.347280231100484,18.462110439673435],[121.347469575501449,18.46211209057747],[121.347658919922395,18.462113741292502]]],[[[121.350499088629718,18.462138479343487],[121.350688433369697,18.462140127035248],[121.350690159885687,18.46195943824172],[121.350691886381881,18.46177874944464],[121.350502542037859,18.461777101787341],[121.350500815343779,18.46195779056719],[121.350499088629718,18.462138479343487]]],[[[121.352771226823762,18.462158239173615],[121.352960571802654,18.462159884597945],[121.352962295942859,18.461979195597472],[121.352964020063084,18.461798506593446],[121.352774675480134,18.461796861203577],[121.352772951161938,18.461977550190461],[121.352771226823762,18.462158239173615]]],[[[121.345767208275504,18.461916537295014],[121.345765476611803,18.462097225639212],[121.345954820852981,18.462098878054839],[121.34614416511414,18.462100530281461],[121.346333509395279,18.462102182319168],[121.346522853696413,18.462103834167959],[121.346524584568115,18.461923145754572],[121.346335240465052,18.4619214939231],[121.346145896381884,18.461919841902713],[121.345956552318796,18.461918189693321],[121.345767208275504,18.461916537295014]]],[[[121.348984331427388,18.46212529100702],[121.348982603109533,18.462305979641474],[121.348793258350995,18.462304330231888],[121.348603913612351,18.462302680633297],[121.348414568893702,18.462301030845701],[121.348412839961938,18.462481719424822],[121.348602184878573,18.462483369229648],[121.348791529815202,18.462485018845559],[121.348980874771712,18.462486668272465],[121.349170219748203,18.462488317510367],[121.349171947888067,18.462307628862145],[121.349173676007936,18.462126940210371],[121.34917540410791,18.461946251554956],[121.34917713218789,18.461765562895987],[121.349178860247989,18.461584874233377],[121.348989516261369,18.461583225081807],[121.348987788003384,18.461763913727097],[121.348986059725334,18.461944602368835],[121.348984331427388,18.46212529100702]]],[[[121.346710467323703,18.46228617425481],[121.346899811862784,18.462287825743001],[121.346901542358523,18.462107137298617],[121.346712198017428,18.462105485827745],[121.346522853696413,18.462103834167959],[121.346521122804617,18.462284522577704],[121.346710467323703,18.46228617425481]]],[[[121.352203192006527,18.462153301767042],[121.352013847107216,18.462151655586872],[121.352012121957145,18.46233234449755],[121.352010396787279,18.462513033404587],[121.352199742082533,18.462514679619218],[121.352201467054442,18.462333990694862],[121.352203192006527,18.462153301767042]]],[[[121.353146468857375,18.462522907857842],[121.353148192839313,18.462342218847333],[121.353149916801442,18.462161529833271],[121.352960571802654,18.462159884597945],[121.352958847642554,18.462340573594776],[121.352957123462645,18.462521262588055],[121.353146468857375,18.462522907857842]]],[[[121.347276770880995,18.46247181662784],[121.347278501000787,18.462291128152369],[121.347089156421745,18.462289477042187],[121.347087426103982,18.46247016550025],[121.347276770880995,18.46247181662784]]],[[[121.350876051791644,18.46232246334521],[121.350686706833713,18.462320815825134],[121.350684980277833,18.462501504611467],[121.350683253702073,18.462682193394159],[121.350872599055862,18.462683840948785],[121.35087432543375,18.462503152148773],[121.350876051791644,18.46232246334521]]],[[[121.347464385736203,18.462654156055486],[121.347653730751077,18.462655806822386],[121.347843075785931,18.462657457400283],[121.347844805331675,18.462476768876584],[121.347655460494806,18.462475118316007],[121.347466115677904,18.462473467566337],[121.347464385736203,18.462654156055486]]],[[[121.353334090468252,18.462705241962812],[121.353335814272015,18.462524552938625],[121.353146468857375,18.462522907857842],[121.353144744855555,18.46270359686471],[121.353334090468252,18.462705241962812]]],[[[121.352196292078972,18.462876057457006],[121.352385637790164,18.462877703517094],[121.352387362603878,18.46269701458279],[121.352389087397697,18.462516325644845],[121.352199742082533,18.462514679619218],[121.352198017090657,18.462695368539933],[121.352196292078972,18.462876057457006]]],[[[121.348221765915397,18.46266075798933],[121.348032420840667,18.462659107789264],[121.348030691472999,18.462839796326641],[121.348220036745801,18.462841446543937],[121.348409382038483,18.462843096572229],[121.348411111010208,18.462662408000391],[121.348221765915397,18.46266075798933]]],[[[121.350869146240498,18.463045218537971],[121.35105849201031,18.463046865938054],[121.351060218230018,18.462866177128006],[121.35106194442973,18.462685488314406],[121.350872599055862,18.462683840948785],[121.350870872658177,18.462864529745154],[121.350869146240498,18.463045218537971]]],[[[121.348596998557426,18.46302543499721],[121.348598727351074,18.462844746411694],[121.348409382038483,18.462843096572229],[121.348407653046777,18.463023785140603],[121.348596998557426,18.46302543499721]]],[[[121.352574983521166,18.462879349388267],[121.352385637790164,18.462877703517094],[121.352383912956469,18.463058392447934],[121.352573258885542,18.463060038336248],[121.352574983521166,18.462879349388267]]],[[[121.353330642800856,18.463066620000262],[121.353519988829404,18.463068264943821],[121.353521712474986,18.462887575909686],[121.353332366644494,18.462885930983269],[121.353330642800856,18.463066620000262]]],[[[121.348786344088055,18.463027084664901],[121.348784615472411,18.463207773264184],[121.348973961221006,18.46320942276019],[121.348975689638593,18.463028734143677],[121.348786344088055,18.463027084664901]]],[[[121.352760880377033,18.463242372997307],[121.352762604834496,18.463061684035736],[121.352573258885542,18.463060038336248],[121.352571534230009,18.463240727280677],[121.352760880377033,18.463242372997307]]],[[[121.353707611410343,18.463250598746189],[121.353709334877834,18.463069909698376],[121.353519988829404,18.463068264943821],[121.353518265163927,18.463248953974315],[121.353707611410343,18.463250598746189]]],[[[121.366392144887968,18.463541058178606],[121.366581492679458,18.463542690117546],[121.366770840490744,18.463544321867481],[121.366960188321769,18.463545953428412],[121.367149536172406,18.463547584800338],[121.367151245601093,18.463366894538208],[121.366961897948428,18.463365263183334],[121.366772550315474,18.463363631639456],[121.366774260120479,18.463182941407968],[121.366584912705221,18.463181309692228],[121.366395565309773,18.463179677787483],[121.36620621793395,18.463178045693823],[121.366207928313258,18.462997355509941],[121.366018581155217,18.462995723244418],[121.365829234016985,18.462994090789891],[121.365830944772512,18.462813400636563],[121.365641597851976,18.462811768010173],[121.365452250951236,18.462810135194779],[121.365262904070136,18.46280850219047],[121.365073557208831,18.462806868997156],[121.364884210367251,18.462805235614926],[121.364694863545466,18.462803602043692],[121.364693151601813,18.462984292094347],[121.364503804601782,18.462982658317056],[121.364502092440432,18.463163348347017],[121.364691439638449,18.46316498214145],[121.364880786856347,18.463166615746879],[121.365070134093884,18.463168249163392],[121.36507184566122,18.462987559082094],[121.365261192720581,18.462989192292461],[121.365450539799568,18.462990825313913],[121.365639886898379,18.46299245814636],[121.365638175925056,18.463173148278994],[121.365827523241634,18.463174780939578],[121.366016870577937,18.463176413411158],[121.366015159980932,18.463357103574346],[121.366013449364132,18.46353779373398],[121.366202797116188,18.463539426050751],[121.366392144887968,18.463541058178606]]],[[[121.351055039511223,18.463408243547313],[121.351244385696987,18.463409890793031],[121.351246111758499,18.463229201972858],[121.351247837800031,18.463048513149221],[121.35105849201031,18.463046865938054],[121.351056765770721,18.46322755474446],[121.351055039511223,18.463408243547313]]],[[[121.349161578749985,18.463391760697473],[121.349350924736427,18.46339340983279],[121.349352652777952,18.463212721185279],[121.349163306989482,18.463211072067281],[121.348973961221006,18.46320942276019],[121.348972232783424,18.463390111373151],[121.349161578749985,18.463391760697473]]],[[[121.352948502264397,18.46342470750027],[121.352950226543868,18.463244018525021],[121.352760880377033,18.463242372997307],[121.352759155899591,18.463423061955414],[121.352948502264397,18.46342470750027]]],[[[121.353896957676653,18.463252243329059],[121.353707611410343,18.463250598746189],[121.353705887922942,18.46343128779036],[121.353895234387224,18.463432932390461],[121.353896957676653,18.463252243329059]]],[[[121.349540270742764,18.463395058779192],[121.349350924736427,18.46339340983279],[121.349349196674908,18.463574098476748],[121.349538542879316,18.46357574744038],[121.349540270742764,18.463395058779192]]],[[[121.363345447931991,18.46532182045873],[121.363347161518689,18.465141130574608],[121.363536510776385,18.465142765691184],[121.363538224145216,18.464962075786367],[121.363539937494323,18.46478138587791],[121.363729286375687,18.464783020771286],[121.363730999507013,18.464602330842133],[121.363732712618543,18.464421640909428],[121.363922061123674,18.464423275579517],[121.363923774017422,18.464242585626117],[121.363925486891347,18.464061895669076],[121.363927199745561,18.463881205708393],[121.364116547676403,18.463882840138229],[121.364118260312836,18.463702150156852],[121.364119972929558,18.463521460171922],[121.364309320484082,18.46352309437847],[121.364311032883009,18.463342404372845],[121.364500380259287,18.463344038373336],[121.364502092440432,18.463163348347017],[121.36431274526214,18.463161714363579],[121.364123398103573,18.463160080191226],[121.36412511066095,18.462979390195549],[121.364314457621461,18.462981024350761],[121.364316169961157,18.4628003343343],[121.364505516743407,18.462801968283454],[121.364507228865236,18.462621278246388],[121.36469657546931,18.462622911989484],[121.364885922093123,18.462624545543576],[121.365075268736632,18.462626178908753],[121.365264615399965,18.462627812084925],[121.365453962083009,18.462629445072182],[121.365455673195143,18.462448754945854],[121.36564501969994,18.462450387727053],[121.365834366224433,18.462452020319247],[121.366023712768751,18.462453652722438],[121.366022002250617,18.462634342900014],[121.36621134901263,18.46263597513143],[121.366400695794439,18.462637607173843],[121.366590042595874,18.462639239027251],[121.366779389417118,18.462640870691743],[121.366781099143168,18.462460180445778],[121.36659175251998,18.462458548798427],[121.366593462424291,18.462277858565962],[121.366404116018899,18.462276226746749],[121.366214769633117,18.462274594738531],[121.366216479913746,18.462093904536708],[121.366405826101456,18.462095536527784],[121.366407536164388,18.461914846305266],[121.366409246207525,18.461734156079107],[121.366410956230936,18.461553465849395],[121.366600301844429,18.461555097600307],[121.366602011650158,18.461374407349901],[121.36679135708539,18.461376038894755],[121.36698070254036,18.461377670250695],[121.367170048015126,18.46137930141763],[121.367359393509517,18.461380932395649],[121.367548739023633,18.461382563184664],[121.367550447819752,18.461201872845262],[121.367361102503523,18.4612002420733],[121.367171757207103,18.461198611112334],[121.366982411930408,18.461196979962541],[121.366984121300646,18.461016289670745],[121.366794776241647,18.461014658349001],[121.366605431202345,18.461013026838341],[121.366416086182866,18.461011395138765],[121.3664143762186,18.461192085379224],[121.366225031020775,18.461190453473591],[121.366223320838827,18.461371143693356],[121.366033975462827,18.461369511581665],[121.366032265063183,18.461550201780824],[121.365842919508836,18.461548569463076],[121.365653573974285,18.461546936956324],[121.365464228459473,18.461545304260657],[121.365465939453031,18.461364614112835],[121.365467650426979,18.46118392396146],[121.365469361381116,18.461003233806444],[121.365658706301915,18.461004866450775],[121.365660417038356,18.460824176275064],[121.365471072315529,18.460822543647875],[121.365281727612327,18.460820910831593],[121.365280016479929,18.461001600973109],[121.365090671598551,18.460999967950858],[121.365088960248471,18.46118065807168],[121.364899615188847,18.461179024843371],[121.36489790362107,18.461359714943498],[121.364708558383171,18.461358081509132],[121.364706846597613,18.461538771588476],[121.364517501181467,18.461537137948053],[121.364328155785216,18.461535504118714],[121.364138810408605,18.461533870100372],[121.363949465051789,18.461532235893113],[121.363760119714769,18.46153060149685],[121.363761832490297,18.461349911503039],[121.363572487370973,18.461348276934913],[121.363574200324663,18.461167586954602],[121.363575913258643,18.460986896970738],[121.363386568555086,18.460985262247981],[121.363388281667312,18.460804572277617],[121.363389994759643,18.460623882303612],[121.363391707832349,18.460443192326053],[121.363202363742516,18.460441557465717],[121.363204076993313,18.460260867501749],[121.36320579022437,18.460080177534049],[121.363016446550219,18.460078542519081],[121.362827102895864,18.460076907315109],[121.362637759261304,18.460075271922133],[121.362448415646384,18.460073636340329],[121.362259072051359,18.460072000569522],[121.362260786252506,18.459891310683979],[121.362071442875262,18.459889674741397],[121.362073157254557,18.459708984869355],[121.361883814095009,18.459707348755],[121.361694470955271,18.45970571245164],[121.361696185710713,18.459525022610329],[121.361506842788657,18.459523386135196],[121.361317499886511,18.459521749471147],[121.36112815700406,18.459520112618183],[121.360938814141434,18.459518475576303],[121.360749471298604,18.459516838345419],[121.360751187024036,18.459336148586264],[121.360561844398987,18.459334511183695],[121.360372501793748,18.459332873592121],[121.360183159208319,18.459331235811721],[121.3599938166426,18.459329597842316],[121.359992100125268,18.459510287532815],[121.359802757381473,18.459508649357353],[121.359613414657488,18.459507010992976],[121.359424071953313,18.459505372439594],[121.359422354822243,18.459686062075114],[121.359420637671377,18.459866751707082],[121.35923129459114,18.459865112930412],[121.359229577222493,18.460045802541597],[121.35922785983405,18.46022649214914],[121.359417203310315,18.460228130960093],[121.359415486100033,18.460408820581137],[121.359604829794094,18.460410459220316],[121.359794173507865,18.460412097670581],[121.35979245667373,18.460592787322444],[121.359981800605368,18.460594425600846],[121.360171144556816,18.460596063690332],[121.360360488527988,18.460597701590903],[121.360358772267972,18.460778391290638],[121.360548116457011,18.460780029019435],[121.360737460665845,18.460781666559228],[121.360735744781977,18.460962356289695],[121.360925089208507,18.460963993657714],[121.361114433654947,18.460965630836817],[121.361112718147211,18.461146320597926],[121.361302062811419,18.461147957605256],[121.36149140749535,18.461149594423581],[121.361489692363762,18.461330284215421],[121.36167903726556,18.461331920861973],[121.361677322312232,18.461512610667313],[121.361866667431727,18.461514247142002],[121.36186495265656,18.46169493696102],[121.362054297993836,18.461696573263847],[121.362052583396832,18.461877263096365],[121.362050868780116,18.462057952925242],[121.362240214533244,18.462059589073526],[121.362238500094691,18.462240278915903],[121.362236785636341,18.462420968754728],[121.362235071158267,18.46260165859],[121.362424417525034,18.462603294600704],[121.362422703225221,18.462783984449477],[121.362420988905512,18.462964674294696],[121.362419274566079,18.463145364136274],[121.36241756020685,18.463326053974299],[121.362415845827897,18.463506743808683],[121.362414131429063,18.463687433639514],[121.362603479003738,18.463689069563976],[121.36260176478315,18.463869759408396],[121.362600050542852,18.464050449249175],[121.362598336282744,18.464231139086312],[121.362408988114041,18.464229503110424],[121.362407273636151,18.464410192926866],[121.362596622002826,18.464411828919896],[121.362594907703183,18.464592518749928],[121.362593193383745,18.464773208576318],[121.362782542166357,18.464774844414627],[121.36278082802508,18.464955534254518],[121.362591479044497,18.464953898399067],[121.362589764685524,18.465134588218262],[121.362400415526693,18.465132952156754],[121.362398700949853,18.465313641955255],[121.362209351612748,18.465312005687512],[121.362020002295466,18.465310369230853],[121.362018287302774,18.465491058991429],[121.361828937807232,18.465489422328623],[121.3616395883314,18.465487785476814],[121.36163787292287,18.465668475199553],[121.361448523268876,18.465666838141598],[121.36144680764248,18.465847527843643],[121.361257457810211,18.465845890579541],[121.361255741966033,18.466026580260802],[121.361066391955518,18.466024942790554],[121.361064675893473,18.466205632451121],[121.360875325704697,18.466203994774727],[121.360873609424786,18.466384684414511],[121.36087189312515,18.466565374050653],[121.360870176805619,18.466746063683242],[121.360868460466364,18.466926753312279],[121.360679109505142,18.466925115378224],[121.360677392948034,18.467105804986478],[121.360675676371102,18.467286494591178],[121.360486325033563,18.467284856433835],[121.360484608238764,18.467465546017753],[121.360482891424169,18.467646235598028],[121.360672243157751,18.467647873789655],[121.360673959774289,18.467467184192238],[121.360863311329609,18.467468822177629],[121.360865027728366,18.467288132559428],[121.360866744107227,18.467107442937674],[121.36105609528623,18.467109080699778],[121.36105781144731,18.466928391057241],[121.361247162448052,18.466930028613199],[121.36124887839118,18.466749338949878],[121.361250594314583,18.466568649283005],[121.361252310218262,18.466387959612579],[121.36144166064463,18.466389596928106],[121.361443376330357,18.466208907236897],[121.361445091996359,18.466028217542046],[121.361634442046395,18.466029854634286],[121.361636157494544,18.46584916491874],[121.361825507366405,18.465850801804834],[121.361827222596673,18.465670112068505],[121.362016572290287,18.465671748748452],[121.362014857258089,18.465852438501923],[121.362204207169484,18.465854075010007],[121.362393557100688,18.465855711329088],[121.362395271736844,18.465675021541333],[121.362584621489788,18.465676657654356],[121.362773971262541,18.465678293578286],[121.362775685482859,18.465497603752695],[121.362965035077266,18.465499239470567],[121.363154384691569,18.465500874999346],[121.363156098496049,18.465320185136008],[121.363345447931991,18.46532182045873]],[[121.363751555540787,18.462434051412085],[121.363749842646598,18.462614741384314],[121.363560496141375,18.462613106696462],[121.363371149655862,18.462611471819518],[121.363181803190145,18.462609836753746],[121.363183516678347,18.462429146832765],[121.363185230146641,18.46224845690832],[121.363374576216316,18.462250091939897],[121.363563922305786,18.462251726782558],[121.363753268415067,18.462253361436215],[121.363751555540787,18.462434051412085]]],[[[121.35143200601928,18.463592226683417],[121.351433731902631,18.463411537849655],[121.351244385696987,18.463409890793031],[121.351242659615664,18.463590579609473],[121.35143200601928,18.463592226683417]]],[[[121.353136124547888,18.463607041845137],[121.353137848649183,18.463426352856299],[121.352948502264397,18.46342470750027],[121.352946777965116,18.463605396471966],[121.353136124547888,18.463607041845137]]],[[[121.354084580871501,18.463434576801557],[121.353895234387224,18.463432932390461],[121.353893511077999,18.463613621448221],[121.354082857760147,18.463615265876548],[121.354084580871501,18.463434576801557]]],[[[121.351621352442805,18.463593873568357],[121.35143200601928,18.463592226683417],[121.351430280115949,18.463772915513626],[121.351619626737531,18.463774562415797],[121.351621352442805,18.463593873568357]]],[[[121.353323747227407,18.463789376031997],[121.353325471150541,18.463608687029392],[121.353136124547888,18.463607041845137],[121.353134400426683,18.463787730830511],[121.353323747227407,18.463789376031997]]],[[[121.354270481529113,18.463797599204629],[121.354272204462291,18.46361691011596],[121.354082857760147,18.463615265876548],[121.354081134628998,18.463795954947987],[121.354270481529113,18.463797599204629]]],[[[121.351807247851823,18.46395689799008],[121.351808973379008,18.463776209129051],[121.351619626737531,18.463774562415797],[121.351617901012276,18.463955251259595],[121.351807247851823,18.46395689799008]]],[[[121.353513094047941,18.46379102104439],[121.353323747227407,18.463789376031997],[121.353322023284292,18.463970065030871],[121.353511370302883,18.463971710060584],[121.353513094047941,18.46379102104439]]],[[[121.354458105694121,18.463979932374524],[121.354647452832097,18.463981576270388],[121.354649175389028,18.463800887150811],[121.354459828449222,18.463799243272177],[121.354458105694121,18.463979932374524]]],[[[121.351994869362059,18.464139233406357],[121.352184216439454,18.464140879776153],[121.352185941590506,18.463960190884126],[121.351996594711167,18.46395854453165],[121.351807247851823,18.46395689799008],[121.351805522304744,18.464137586847556],[121.351994869362059,18.464139233406357]]],[[[121.354835077611,18.464163909110326],[121.354836799989869,18.463983219977248],[121.354647452832097,18.463981576270388],[121.354645730255172,18.464162265386236],[121.354835077611,18.464163909110326]]],[[[121.352371838563698,18.464323214862471],[121.352373563536659,18.464142525956944],[121.352184216439454,18.464140879776153],[121.352182491268422,18.464321568664449],[121.352371838563698,18.464323214862471]]],[[[121.353507922753082,18.464333088082135],[121.353506198948338,18.464513777087582],[121.353695546580852,18.464515421979982],[121.353884894233246,18.464517066683378],[121.354074241905636,18.464518711197858],[121.35407596511628,18.464338022140808],[121.353886617641948,18.464336377643559],[121.35369727018761,18.464334732957393],[121.353698993774401,18.464154043931163],[121.353700717341383,18.46397335490138],[121.353511370302883,18.463971710060584],[121.35350964653793,18.464152399073225],[121.353507922753082,18.464333088082135]]],[[[121.355022702785874,18.464346241792168],[121.355212050379478,18.46434788515548],[121.355213772382186,18.464167195991582],[121.355024424986652,18.464165552645412],[121.354835077611,18.464163909110326],[121.35483335521225,18.464344598239851],[121.355022702785874,18.464346241792168]]],[[[121.355590745626188,18.464351171315268],[121.355401397992878,18.464349528329876],[121.355399676168332,18.464530217507452],[121.355589023999698,18.464531860509986],[121.355778371850789,18.464533503323604],[121.35596771972186,18.464535145948219],[121.356157067612742,18.464536788383828],[121.356346415523518,18.464538430630522],[121.35653576345409,18.464540072688212],[121.356725111404572,18.464541714556898],[121.356914459374849,18.464543356236579],[121.357103807365021,18.464544997727256],[121.357293155375004,18.464546639029017],[121.357294875219367,18.46436594967949],[121.357105527407356,18.464364308394959],[121.35691617961524,18.464362666921424],[121.356917899835736,18.464181977602717],[121.356728552261501,18.464180335957408],[121.356539204707062,18.464178694123095],[121.356349857172518,18.464177052099778],[121.356351577967231,18.463996362829032],[121.356162230650554,18.463994720633941],[121.356160509657784,18.464175409887545],[121.356158788645217,18.464356099137508],[121.355969440952308,18.46435445671904],[121.355780093279307,18.464352814111656],[121.355590745626188,18.464351171315268]]],[[[121.365999763719344,18.464983314881383],[121.36600147449397,18.464802624750526],[121.366003185248971,18.464621934616027],[121.366004895984176,18.464441244478063],[121.366006606699656,18.46426055433637],[121.366008317395327,18.464079864191213],[121.366010028071372,18.463899174042325],[121.366011738727607,18.463718483889885],[121.366013449364132,18.46353779373398],[121.365824101631802,18.463536161228117],[121.365822390797305,18.463716851367057],[121.365820679942999,18.463897541502355],[121.365818969068982,18.464078231634101],[121.365817258175241,18.464258921762205],[121.365627909670536,18.464257288999036],[121.365626198559028,18.464437979106446],[121.36562448742778,18.464618669210303],[121.365622776276737,18.464799359310518],[121.365812125375541,18.464800992125024],[121.365810414402844,18.46498168223874],[121.365808703410337,18.465162372348903],[121.365998052924894,18.465164005008599],[121.365999763719344,18.464983314881383]]],[[[121.352748808617093,18.464507195628116],[121.352750533213907,18.46432650669168],[121.352561185878855,18.464324860871578],[121.352371838563698,18.464323214862471],[121.352370113570828,18.464503903764445],[121.352559461084056,18.464505549790783],[121.352748808617093,18.464507195628116]]],[[[121.367328628244607,18.464633357583132],[121.367330337593614,18.464452667325531],[121.367140988733027,18.464451036057167],[121.367139279186034,18.464631726297714],[121.367328628244607,18.464633357583132]]],[[[121.354261866565267,18.464701044593973],[121.354263589597736,18.464520355523245],[121.354074241905636,18.464518711197858],[121.354072518675011,18.464699400251266],[121.354261866565267,18.464701044593973]]],[[[121.357480783738694,18.46472896950489],[121.357482503404881,18.464548280141774],[121.357293155375004,18.464546639029017],[121.357291435510845,18.464727328374902],[121.357480783738694,18.46472896950489]]],[[[121.353881447356244,18.464878444752269],[121.353692099307708,18.464876800014412],[121.353502751279166,18.464875155087551],[121.3535044751237,18.464694466089298],[121.353506198948338,18.464513777087582],[121.353316851335634,18.464512132006178],[121.353127503742925,18.464510486735769],[121.352938156170012,18.464508841276444],[121.352748808617093,18.464507195628116],[121.35274708400037,18.464687884560998],[121.35293643175136,18.464689530226558],[121.353125779522244,18.464691175703113],[121.353124055281668,18.464871864666815],[121.353313403270434,18.464873509971685],[121.353311679208019,18.465054198949066],[121.353501027414737,18.465055844082073],[121.353690375641349,18.465057489026165],[121.353879723887857,18.465059133781342],[121.353881447356244,18.464878444752269]]],[[[121.355397954323976,18.464710906681386],[121.355396232459725,18.464891595851768],[121.355394510575579,18.465072285018508],[121.355583859000873,18.465073928072734],[121.355585580687048,18.464893238888763],[121.355774928934267,18.464894881736754],[121.355964277201281,18.464896524395741],[121.355965998471518,18.464715835173756],[121.355776650402476,18.464714192532],[121.355587302353328,18.464712549701151],[121.355397954323976,18.464710906681386]]],[[[121.354258420440544,18.465062422724504],[121.354069072154246,18.465060778347425],[121.353879723887857,18.465059133781342],[121.353878000399661,18.465239822806772],[121.354067348864035,18.465241467390086],[121.354256697348305,18.465243111784485],[121.35444604585247,18.46524475598979],[121.354447768746653,18.465064066912667],[121.35444949162094,18.464883377831992],[121.354451214475333,18.464702688747675],[121.354261866565267,18.464701044593973],[121.354260143512803,18.464881733661059],[121.354258420440544,18.465062422724504]]],[[[121.347631242266317,18.465004757077935],[121.347629512243159,18.465185445533955],[121.347818860050197,18.46518709635388],[121.347820589875283,18.465006407880541],[121.347631242266317,18.465004757077935]]],[[[121.355771485938234,18.465256260135515],[121.355773207446148,18.465075570937866],[121.355583859000873,18.465073928072734],[121.355582137294988,18.465254617253063],[121.355771485938234,18.465256260135515]]],[[[121.358045390337679,18.46509527057934],[121.358234739040981,18.465096910987683],[121.358233020107448,18.465277600408708],[121.358422369028617,18.465279240645277],[121.358420650273246,18.465459930079891],[121.35860999941228,18.465461570144598],[121.358608280835099,18.465642259592801],[121.358797630192001,18.465643899485734],[121.358799348571125,18.4654632100203],[121.358801066930354,18.465282520551401],[121.35861171796958,18.465280880692841],[121.358613436507071,18.465100191237354],[121.358615155024665,18.464919501778404],[121.35861687352255,18.464738812315812],[121.358427525175671,18.464737172319762],[121.358238176848531,18.464735532134796],[121.358048828541357,18.464733891760737],[121.357859480253993,18.464732251197763],[121.357670131986438,18.464730610445873],[121.357668412498512,18.464911299822578],[121.357857760964038,18.464912940591699],[121.358047109449473,18.464914581171815],[121.358045390337679,18.46509527057934]]],[[[121.358043671206175,18.465275959983224],[121.357854322324712,18.465274319368646],[121.357852602975257,18.465455008751746],[121.358041952054776,18.465456649383466],[121.358043671206175,18.465275959983224]]],[[[121.358229582180883,18.465638979240012],[121.358231301154106,18.465458289826181],[121.358041952054776,18.465456649383466],[121.358040232883482,18.465637338780155],[121.358229582180883,18.465638979240012]]],[[[121.358417212703117,18.465821308938374],[121.358418931498079,18.465640619510953],[121.358229582180883,18.465638979240012],[121.358227863187849,18.46581966865029],[121.358417212703117,18.465821308938374]]],[[[121.358985261367835,18.465826228668597],[121.358986979568712,18.465645539189662],[121.358797630192001,18.465643899485734],[121.358795911793067,18.465824588947527],[121.358985261367835,18.465826228668597]]],[[[121.358604843621379,18.466003638478462],[121.35860656223818,18.465822949037452],[121.358417212703117,18.465821308938374],[121.358415493888245,18.466001998362241],[121.358604843621379,18.466003638478462]]],[[[121.359172892939725,18.466008557693186],[121.359174610962327,18.465827868200662],[121.358985261367835,18.465826228668597],[121.358983543147161,18.466006918143979],[121.359172892939725,18.466008557693186]]],[[[121.36182379211634,18.466031491537521],[121.362013142205981,18.466033128251752],[121.362014857258089,18.465852438501923],[121.361825507366405,18.465850801804834],[121.36182379211634,18.466031491537521]]],[[[121.358792474935782,18.466185967860365],[121.358794193374322,18.466005278405678],[121.358604843621379,18.466003638478462],[121.358603124984768,18.466184327915919],[121.358792474935782,18.466185967860365]]],[[[121.352543937034895,18.466131749901976],[121.352354587739455,18.466130103720563],[121.352352862547562,18.466310792586565],[121.352542212040973,18.466312438785298],[121.352543937034895,18.466131749901976]]],[[[121.356150183284342,18.465259545333407],[121.35596083460139,18.465257902828963],[121.355771485938234,18.465256260135515],[121.355769764410425,18.465436949329433],[121.355768042862721,18.465617638519888],[121.355957391921919,18.465619281247708],[121.356146741000998,18.465620923786524],[121.356145019829611,18.465801613007709],[121.356334369126571,18.465803255374752],[121.356332648133261,18.465983944609615],[121.356521997648088,18.465985586804795],[121.356520276833038,18.466166276053247],[121.356709626565731,18.466167918076653],[121.356707905928857,18.466348607338695],[121.356706185272088,18.466529296597095],[121.35689553542089,18.466530938465869],[121.356893814942282,18.466711627737858],[121.356892094443879,18.466892317006295],[121.357081445008518,18.466893958720437],[121.357079724688276,18.467074648002463],[121.357269075470896,18.467076289544831],[121.357267355328901,18.467256978840446],[121.357456706329302,18.467258620211041],[121.357454986365568,18.467439309520156],[121.357453266381953,18.467619998825807],[121.357642617798362,18.467621640041681],[121.35764433758392,18.467440950718888],[121.357646057349669,18.467260261392543],[121.357647777095522,18.467079572062556],[121.357458426273212,18.467077930898196],[121.357460146197326,18.466897241581798],[121.357270795592981,18.466895600245664],[121.357272515695357,18.466714910942855],[121.357274235777737,18.466534221636493],[121.357084885589416,18.466532580145639],[121.357086605850057,18.466351890852955],[121.357088326090803,18.466171201556541],[121.356898976318405,18.466169559911055],[121.356900696737412,18.465988870628319],[121.356902417136524,18.465808181341941],[121.356904137515841,18.465627492051922],[121.357093486694126,18.465629133645805],[121.357095206855561,18.465448444335003],[121.357096926997187,18.465267755020648],[121.357286275799254,18.465269396391154],[121.357475624621202,18.465271037572656],[121.357664973463059,18.465272678565153],[121.357854322324712,18.465274319368646],[121.357856041654287,18.465093629981993],[121.357666692990691,18.465091989195642],[121.357477344346904,18.465090348220286],[121.357287995723013,18.465088707056015],[121.357098647118931,18.46508706570274],[121.356909298534646,18.46508542416046],[121.356911018834552,18.464904734856052],[121.356721670468232,18.464903093141999],[121.356532322121723,18.464901451238941],[121.356342973795094,18.464899809146878],[121.35615362548829,18.464898166865812],[121.355964277201281,18.464896524395741],[121.355962555911233,18.465077213614173],[121.356151904396214,18.465078856101385],[121.356150183284342,18.465259545333407]]],[[[121.361820361556767,18.466392870992149],[121.361822076846451,18.466212181266567],[121.36182379211634,18.466031491537521],[121.361634442046395,18.466029854634286],[121.361632726578549,18.466210544346279],[121.361631011090793,18.46639123405463],[121.361629295583327,18.466571923759339],[121.361818646247357,18.466573560714],[121.361820361556767,18.466392870992149]]],[[[121.352731561554464,18.466314084794938],[121.352729836738703,18.466494773691849],[121.352919186470075,18.466496419529715],[121.352920911087679,18.466315730615662],[121.352731561554464,18.466314084794938]]],[[[121.359360524907643,18.466190886559591],[121.359362242752084,18.466010197053478],[121.359172892939725,18.466008557693186],[121.359171174897213,18.466189247182157],[121.359169456834891,18.466369936667487],[121.359358807043392,18.466371576062063],[121.359357089159332,18.466552265560981],[121.359355371255461,18.466732955056258],[121.359353653331709,18.466913644547983],[121.359351935388148,18.467094334036155],[121.3595412864087,18.467095973310382],[121.35954300415419,18.466915283805069],[121.359544721879885,18.466734594296202],[121.359546439585685,18.466553904783694],[121.359548157271774,18.466373215267634],[121.359549874937954,18.466192525747932],[121.359360524907643,18.466190886559591]]],[[[121.353108536221242,18.466498065178666],[121.352919186470075,18.466496419529715],[121.352917461832476,18.466677108440305],[121.353106811781714,18.466678754106397],[121.353108536221242,18.466498065178666]]],[[[121.353292713208319,18.467041777462839],[121.353294437489566,18.466861088524983],[121.353296161750933,18.466680399583574],[121.353106811781714,18.466678754106397],[121.353105087322376,18.466859443030575],[121.353103362843072,18.467040131951201],[121.353292713208319,18.467041777462839]]],[[[121.361436513468604,18.466931665980152],[121.361434797703652,18.467112355656973],[121.36162414894207,18.467113992852063],[121.361625864508966,18.4669333031581],[121.361627580056052,18.466752613460496],[121.361438229213661,18.466750976299689],[121.361436513468604,18.466931665980152]]],[[[121.351041228718273,18.464853753840643],[121.351042955137189,18.464673065066567],[121.35085360758525,18.46467141751123],[121.350855334182242,18.464490728750743],[121.350665986848256,18.464489081023633],[121.350667713623238,18.464308392276912],[121.350478366507303,18.464306744378028],[121.350480093460376,18.464126055644897],[121.350290746562294,18.464124407574328],[121.350292473693543,18.463943718854875],[121.350103127013426,18.463942070612621],[121.350104854322652,18.463761381906846],[121.349915507860501,18.463759733492818],[121.349917235347903,18.463579044800721],[121.349727889103619,18.463577396215008],[121.349538542879316,18.46357574744038],[121.349536814995872,18.463756436097928],[121.349726161418246,18.463758084889875],[121.349724433712879,18.4639387735611],[121.349913780353205,18.463940422181363],[121.349912052825928,18.464121110866266],[121.350101399684121,18.464122759314844],[121.35009967233502,18.464303448013425],[121.350289019411164,18.464305096290229],[121.350287292240139,18.464485785002399],[121.35047663953425,18.464487433107518],[121.350474912541216,18.464668121833455],[121.350473185528372,18.46484881055575],[121.350283837838219,18.46484716241617],[121.350094490167962,18.464845514087585],[121.349905142517599,18.464843865569996],[121.349715794887317,18.464842216863403],[121.349714067062322,18.465022905513045],[121.349524719253864,18.465021256600217],[121.349522991211003,18.465201945229076],[121.349333643224469,18.465200296110012],[121.34914429525783,18.465198646801944],[121.349142566798946,18.465379335392612],[121.348953218654231,18.465377685878309],[121.348951489977381,18.465558374448104],[121.348949761280636,18.465739063014258],[121.348760412759773,18.465737413276401],[121.348571064258891,18.465735763349539],[121.348381715778004,18.465734113233761],[121.348383445068933,18.465553424719388],[121.348194096805997,18.465551774431837],[121.348195826275017,18.465371085931054],[121.348006478230033,18.465369435471818],[121.348008207877129,18.465188746984889],[121.347818860050197,18.46518709635388],[121.347817130205044,18.465367784823577],[121.347815400339996,18.465548473289722],[121.347813670454954,18.465729161752225],[121.347811940550031,18.465909850211176],[121.347810210625113,18.466090538666485],[121.347808480680214,18.466271227118241],[121.347806750715336,18.466451915566356],[121.347805020730547,18.46663260401083],[121.347803290725793,18.46681329245175],[121.347613941136444,18.466811641476216],[121.347612210913638,18.466992329896353],[121.347422861146214,18.466990678714495],[121.347233511398784,18.466989027343633],[121.347231780759955,18.46716971572549],[121.347042430834435,18.467168064148392],[121.347040699977555,18.467348752509288],[121.346851349873873,18.467347100725867],[121.346849618799027,18.467527789065979],[121.346660268517354,18.467526137076234],[121.346658537224371,18.467706825395386],[121.346656805911508,18.467887513710984],[121.346655074578649,18.46806820202303],[121.346465723722773,18.468066549792322],[121.346463992171863,18.468247238083496],[121.346462260600973,18.468427926370939],[121.346460529010102,18.46860861465483],[121.346649880460276,18.468610266937407],[121.346648149047482,18.468790955235065],[121.346646417614792,18.46897164352908],[121.346644686162122,18.469152331819455],[121.346642954689472,18.469333020106276],[121.346832306951868,18.469334672269039],[121.346830575657293,18.469515360569538],[121.346828844342738,18.469696048866485],[121.346827113008203,18.46987673715979],[121.346825381653758,18.470057425449543],[121.346823650279333,18.470238113735565],[121.346821918884842,18.470418802018123],[121.346820187470456,18.47059949029704],[121.347009541139471,18.470601142391857],[121.347011272355786,18.47042045409562],[121.347200625846639,18.470422105984024],[121.347389979357459,18.470423757683424],[121.347388248537357,18.470604446014299],[121.347577602266227,18.470606097541925],[121.347766956015079,18.470607748880457],[121.347768686438982,18.470427060515032],[121.347579332888273,18.47042540919373],[121.347581063490239,18.470244720842071],[121.347391710157581,18.470243069348996],[121.347393440937822,18.470062381011015],[121.347395171697968,18.469881692669393],[121.347396902438234,18.469701004324218],[121.347398633158605,18.469520315975402],[121.347400363858895,18.469339627623032],[121.347402094539206,18.469158939267022],[121.347403825199621,18.468978250907458],[121.347214473273482,18.468976599346348],[121.347216204111973,18.468795911000463],[121.347217934930484,18.468615222650936],[121.347407286460495,18.468616874177407],[121.347409017061054,18.468436185807096],[121.347410747641533,18.468255497433056],[121.347600098795397,18.468257148735972],[121.347601829157824,18.468076460341059],[121.347603559500371,18.467895771942594],[121.347792910278088,18.467897423021867],[121.347794640402583,18.467716734602529],[121.347983991002138,18.467718385475479],[121.347985720908667,18.467537697035269],[121.348175071330132,18.467539347701894],[121.348176801018624,18.467358659240812],[121.348366151262013,18.467360309701203],[121.348367880732454,18.467179621219159],[121.348557230797681,18.467181271473226],[121.348558960050241,18.4670005829704],[121.348560689282735,18.466819894463931],[121.34856241849532,18.466639205953822],[121.348751767986343,18.466640855967103],[121.348750038971815,18.466821544494444],[121.348939388680876,18.466823194335952],[121.349128738409931,18.466824843988455],[121.349130467028331,18.466644155426565],[121.349319816579225,18.466645804872744],[121.349509166150085,18.466647454130008],[121.349698515740855,18.466649103198268],[121.34988786535159,18.466650752077435],[121.350077214982235,18.466652400767686],[121.350075487354061,18.466833089415907],[121.350264837202658,18.466834737934384],[121.35045418707125,18.466836386263857],[121.350452459819223,18.467017074942987],[121.350641809905767,18.467018723100686],[121.350640082831816,18.467199411793494],[121.350829433136312,18.467201059779509],[121.350827706240622,18.467381748485906],[121.351017056763084,18.467383396300146],[121.351206407305526,18.467385043925383],[121.351395757867778,18.467386691361526],[121.351585108450109,18.467388338608664],[121.351583382326595,18.467569027380609],[121.351772733126793,18.467570674455974],[121.351962083946972,18.467572321342335],[121.352151434787046,18.46757396803978],[121.352153160316277,18.467393279216143],[121.35196380967426,18.467391632536017],[121.351965535381751,18.467210943726059],[121.351967261069248,18.467030254912459],[121.351968986736864,18.466849566095306],[121.351970712384571,18.466668877274511],[121.351781362554718,18.466667230474393],[121.351783088380515,18.466486541667276],[121.351784814186502,18.466305852856607],[121.351786539972494,18.466125164042296],[121.351975889208262,18.466126810790723],[121.352165238463911,18.466128457350145],[121.352354587739455,18.466130103720563],[121.352356312911468,18.465949414850918],[121.352166963833895,18.465947768497731],[121.352168689184069,18.465767079641765],[121.351979340324448,18.465765433116804],[121.351981065852698,18.465584744274427],[121.351791717211142,18.465583097577781],[121.351793442917469,18.465402408749082],[121.351604094493865,18.465400761880574],[121.351605820378367,18.465220073065641],[121.35141647217263,18.465218426025359],[121.351418198235208,18.465037737224016],[121.351228850247438,18.465036090012049],[121.351230576488177,18.464855401224295],[121.351041228718273,18.464853753840643]]],[[[121.354046667830616,18.467409735621715],[121.354236018691381,18.467411380222703],[121.354237742022192,18.467230691205977],[121.354048391359399,18.467229046622219],[121.354046667830616,18.467409735621715]]],[[[121.359536133053354,18.46763804180474],[121.3597254846879,18.467639680941389],[121.359727202294764,18.467458991429769],[121.359728919881803,18.467278301914508],[121.359539568643385,18.467276662812143],[121.359537850858274,18.467457352310173],[121.359536133053354,18.46763804180474]]],[[[121.361433081918889,18.467293045330241],[121.36124373050221,18.467291407929004],[121.36124201449968,18.467472097581489],[121.361240298477327,18.467652787230421],[121.361429650290049,18.467654424665941],[121.361431366114417,18.467473734999867],[121.361433081918889,18.467293045330241]]],[[[121.353478615367408,18.467404800684633],[121.353289264586138,18.467403155327627],[121.353287540245191,18.467583844254648],[121.353476891224531,18.467585489628885],[121.353478615367408,18.467404800684633]]],[[[121.354425369572127,18.467413024634688],[121.354423646419576,18.467593713665003],[121.354612997518203,18.467595357905214],[121.354614720472782,18.467414668857579],[121.354425369572127,18.467413024634688]]],[[[121.354800625860392,18.467777691017556],[121.354802348636724,18.467597001956332],[121.354612997518203,18.467595357905214],[121.354611274543814,18.467776046949208],[121.354800625860392,18.467777691017556]]],[[[121.35763917816773,18.467983018676431],[121.357828530000077,18.467984659737674],[121.357830249627284,18.467803970404933],[121.357831969234667,18.467623281068551],[121.357642617798362,18.467621640041681],[121.357640897992994,18.467802329360833],[121.35763917816773,18.467983018676431]]],[[[121.354988254598723,18.467960023971713],[121.35498997719688,18.4677793348969],[121.354800625860392,18.467777691017556],[121.354798903064179,18.467958380075139],[121.354988254598723,18.467960023971713]]],[[[121.349307717217798,18.467910624851363],[121.349305988657832,18.468091313405438],[121.349304260077886,18.468272001955782],[121.349493611431242,18.468273651368477],[121.349682962804494,18.468275300592079],[121.34987231419781,18.468276949626677],[121.350061665610937,18.468278598472271],[121.350063393398628,18.468097909852826],[121.350252744633679,18.468099558492096],[121.35044209588861,18.468101206942361],[121.350443823260193,18.467920518284814],[121.350254472203318,18.467918869851779],[121.350256199752977,18.46773818120791],[121.350066848914054,18.467736532603102],[121.350068576641974,18.467555843972821],[121.349879226021017,18.467554195196328],[121.34968987542004,18.467552546230742],[121.349688147296078,18.467733234826472],[121.34949879651694,18.467731585654651],[121.349497068175026,18.467912274229509],[121.349307717217798,18.467910624851363]]],[[[121.355177606153063,18.467961667679283],[121.355175883733168,18.468142356767686],[121.355365235505474,18.468144000303393],[121.355366957727398,18.46796331119776],[121.355177606153063,18.467961667679283]]],[[[121.358017881852319,18.467986300609912],[121.357828530000077,18.467984659737674],[121.357826810353075,18.468165349066862],[121.358016162403388,18.46816698995633],[121.358017881852319,18.467986300609912]]],[[[121.359333036701088,18.469081918168367],[121.359143683521637,18.469080278516309],[121.359145401881221,18.468899589084891],[121.359147120221095,18.468718899649833],[121.359336473004419,18.468720539267608],[121.359338191126326,18.468539849811854],[121.359339909228424,18.46835916035246],[121.359341627310727,18.468178470889512],[121.359343345373134,18.467997781422923],[121.359345063415816,18.467817091952782],[121.359155711622819,18.467815452420894],[121.359157429843762,18.467634762964252],[121.35915914804481,18.467454073504058],[121.359160866226048,18.467273384040311],[121.359162584387491,18.467092694572923],[121.358973233406545,18.467091054920687],[121.358974951746234,18.466910365466887],[121.358976670066042,18.466729676009447],[121.358978388366026,18.466548986548453],[121.358980106646214,18.466368297083907],[121.358790756477333,18.466366657311323],[121.358789037999173,18.466547346758727],[121.358787319501118,18.466728036202579],[121.35859796895592,18.466726396206617],[121.358408618430616,18.466724756021652],[121.358406899516623,18.466905445427578],[121.358405180582835,18.467086134829863],[121.358403461629237,18.467266824228506],[121.35859281274864,18.467268464464986],[121.358591093973203,18.467449153877219],[121.358589375177971,18.467629843285899],[121.358778726713396,18.467631483367747],[121.358777008096411,18.467812172789927],[121.35877528945953,18.467992862208643],[121.358964641410893,18.46799450213577],[121.358962922952372,18.468175191567987],[121.358961204473943,18.468355880996651],[121.358959485975618,18.468536570421673],[121.358957767457582,18.468717259843054],[121.358768414713879,18.46871561984727],[121.358579061990056,18.468713979662393],[121.358389709286058,18.468712339288601],[121.358387990153929,18.468893028654914],[121.358386271002004,18.469073718017675],[121.35857562410213,18.46907535842584],[121.358573905128367,18.46925604780219],[121.358763258446459,18.469257688038493],[121.358761539651042,18.469438377428432],[121.358759820835729,18.46961906681473],[121.358949174569844,18.4696207068964],[121.358947455932793,18.469801396296198],[121.359136809884774,18.469803036206006],[121.359326163856565,18.46980467592681],[121.359327882097404,18.46962398649255],[121.359329600318432,18.469443297054738],[121.359331318519665,18.469262607613373],[121.359333036701088,18.469081918168367]]],[[[121.359906249000929,18.468544767479372],[121.360095601665407,18.46854640632381],[121.360284954349794,18.468548044979244],[121.360286671461481,18.46836735543414],[121.360476023967607,18.468368993883338],[121.360477740861427,18.468188304317451],[121.360479457735451,18.468007614747922],[121.360481174589665,18.467826925174752],[121.360482891424169,18.467646235598028],[121.360293539710383,18.467644597217397],[121.360291822677823,18.467825286776979],[121.360290105625552,18.468005976333007],[121.360288388553471,18.468186665885305],[121.360099036265211,18.468185027264244],[121.359909683996861,18.46818338845409],[121.359911401465169,18.468002698935987],[121.359913118913568,18.467822009414331],[121.35972376706124,18.467820370449544],[121.359722049414685,18.46800105995397],[121.359720331748321,18.468181749454931],[121.359718614062231,18.468362438952163],[121.359907966508842,18.468364077968552],[121.359906249000929,18.468544767479372]]],[[[121.355552865254012,18.468326332769408],[121.355554587297675,18.468145643650185],[121.355365235505474,18.468144000303393],[121.355363513263754,18.468324689405474],[121.355552865254012,18.468326332769408]]],[[[121.355740495398678,18.468508665077149],[121.355742217264179,18.468327975944337],[121.355552865254012,18.468326332769408],[121.355551143190453,18.468507021885078],[121.355740495398678,18.468508665077149]]],[[[121.358014442934547,18.468347679299018],[121.358012723445995,18.468528368638154],[121.358202075912246,18.468530009372902],[121.358203795202812,18.468349320016625],[121.358014442934547,18.468347679299018]]],[[[121.355928125939471,18.468690997226705],[121.355929847626797,18.468510308080216],[121.355740495398678,18.468508665077149],[121.35573877351338,18.468689354206408],[121.355928125939471,18.468690997226705]]],[[[121.358389709286058,18.468712339288601],[121.358391428398377,18.468531649918646],[121.358202075912246,18.468530009372902],[121.358200356601856,18.468710698725715],[121.358389709286058,18.468712339288601]]],[[[121.356115756876491,18.468873329217988],[121.356117478385471,18.46869264005791],[121.355928125939471,18.468690997226705],[121.355926404232349,18.468871686369553],[121.356115756876491,18.468873329217988]]],[[[121.360651642214222,18.469816148678802],[121.36046228810369,18.469814510281385],[121.360460571031524,18.469995199814942],[121.360649925340198,18.469996838229591],[121.360839279668596,18.469998476455146],[121.36084099634455,18.469817786887216],[121.361030350494602,18.469819424906625],[121.361219704664535,18.469821062736941],[121.361217988384794,18.470001752339154],[121.361407342772608,18.470003389997519],[121.361409058854292,18.469822700378252],[121.361598413063845,18.46982433783047],[121.361787767293123,18.469825975093684],[121.361977121542196,18.469827612167805],[121.361978837009787,18.469646922493471],[121.362168191080613,18.469648559361445],[121.362169906330337,18.469467869666328],[121.36217162156025,18.469287179967658],[121.362173336770439,18.469106490265435],[121.362175051960747,18.468925800559571],[121.362176767131331,18.468745110850065],[121.361987414050915,18.4687434740678],[121.36198912939976,18.468562784371883],[121.361799776537296,18.468561147417756],[121.361801492064401,18.468380457735339],[121.361612139419719,18.468378820609349],[121.361613855125171,18.468198130940522],[121.361424502698355,18.46819649364258],[121.361426218582068,18.468015803987253],[121.361236866373133,18.468014166517449],[121.361238582435092,18.467833476875711],[121.361240298477327,18.467652787230421],[121.36105094668433,18.467651149605807],[121.36104923044411,18.467831839234044],[121.361047514183994,18.468012528858551],[121.361045797904168,18.468193218479595],[121.361044081604533,18.468373908096996],[121.361042365285087,18.468554597710757],[121.361040648945931,18.468735287320875],[121.361038932586879,18.46891597692753],[121.361037216208018,18.469096666530543],[121.361035499809347,18.469277356130004],[121.36103378339088,18.469458045725734],[121.360844429636956,18.469456407740697],[121.360842713000608,18.469637097315733],[121.360653359068436,18.46963545912455],[121.360651642214222,18.469816148678802]]],[[[121.356305109540429,18.468874971877419],[121.356115756876491,18.468873329217988],[121.356114035347517,18.469054018374514],[121.35630338820954,18.469055661051087],[121.356305109540429,18.468874971877419]]],[[[121.362526319496155,18.471820109001996],[121.362524604385442,18.47200079868459],[121.362522889254919,18.472181488363542],[121.362333532371053,18.472179851633857],[121.362144175506998,18.47217821471499],[121.361954818662753,18.472176577607119],[121.361953102918051,18.472357267231093],[121.361951387153624,18.472537956851514],[121.362140744394182,18.47253959399367],[121.362139028808016,18.47272028362768],[121.36213731320214,18.472900973258049],[121.362135597576454,18.473081662884777],[121.362133881930959,18.473262352507952],[121.361944523897975,18.473260715297229],[121.361755165884702,18.473259077897414],[121.361753449823183,18.473439767482752],[121.361564091631578,18.473438129876701],[121.361374733459769,18.473436492081557],[121.361376449917586,18.473255802530591],[121.361378166355593,18.473075112975895],[121.361379882773718,18.472894423417735],[121.361381599172205,18.472713733855933],[121.361383315550796,18.472533044290579],[121.361572672731938,18.472534681999925],[121.361574388892663,18.472353992413787],[121.361576105033492,18.472173302824096],[121.361577821154597,18.471992613230764],[121.361579537255906,18.471811923633879],[121.361581253337405,18.471631234033353],[121.361582969399095,18.471450544429274],[121.361584685441073,18.471269854821465],[121.36139532964674,18.471268217232112],[121.361205973872217,18.471266579453665],[121.361016618117489,18.471264941486126],[121.360827262382585,18.471263303329582],[121.360825545548167,18.471443992868736],[121.360636189634917,18.471442354505957],[121.360634472582632,18.471623044024327],[121.360445116491121,18.471621405455313],[121.360255760419406,18.471619766697295],[121.360066404367501,18.471618127750183],[121.359877048335406,18.471616488613979],[121.359878766180117,18.471435799164265],[121.359689410365888,18.471434159856198],[121.359500054571555,18.471432520359038],[121.359501772792669,18.471251830940055],[121.359312417216202,18.471250191271032],[121.359123061659645,18.471248551412916],[121.359124780257176,18.471067862024665],[121.358935424918471,18.471066221994686],[121.358933706122883,18.471246911365796],[121.358931987307386,18.471427600733264],[121.358930268472093,18.47160829009718],[121.359119624405068,18.471609930178673],[121.359117905748121,18.471790619556177],[121.35911618707128,18.471971308930041],[121.359305543420277,18.471972948856813],[121.359303824921781,18.472153638244265],[121.359302106403476,18.472334327628165],[121.359491463168581,18.472335967400216],[121.359489744828537,18.472516656797616],[121.359488026468682,18.472697346191463],[121.35967738364981,18.472698985808705],[121.359675665468217,18.472879675216141],[121.359865022867396,18.472881314661521],[121.359863304864149,18.473062004082458],[121.359861586841092,18.47324269349993],[121.360050944656294,18.4732443327905],[121.360049226811583,18.473425022221473],[121.360238584844751,18.473426661340181],[121.360236867178301,18.473607350784654],[121.360235149492041,18.473788040225575],[121.360424507941318,18.473789679189473],[121.360422790433404,18.473970368643894],[121.360612149100632,18.473972007435929],[121.360610431771065,18.474152696903939],[121.360799790656259,18.474154335524023],[121.360798073505038,18.474335025005622],[121.360796356334021,18.47451571448358],[121.360985715635238,18.474517352948855],[121.360983998642553,18.474698042440401],[121.361173358161722,18.474699680733725],[121.361171641347397,18.474880370238772],[121.361361001084617,18.474882008360144],[121.361359284448625,18.475062697878869],[121.361357567792837,18.475243387393952],[121.361546927946165,18.475245025360515],[121.361545211468723,18.475425714889099],[121.361734571839918,18.475427352683621],[121.361732855540907,18.475608042225794],[121.361922216130068,18.475609679848453],[121.362111576739139,18.47561131728202],[121.362300937367905,18.475612954526405],[121.362490298016496,18.475614591581696],[121.362679658684883,18.475616228447983],[121.362869019372994,18.475617865125088],[121.362870734483096,18.475437175480064],[121.363060094992846,18.475438811950934],[121.363249455522421,18.47544044823271],[121.363251170216316,18.475259758549939],[121.363440530567544,18.47526139462548],[121.363629890938483,18.47526303051184],[121.363819251329133,18.475264666209195],[121.364008611739592,18.475266301717458],[121.364006897838308,18.475446991468708],[121.363817537229693,18.475445355943393],[121.363815823110443,18.475626045673948],[121.363814108971397,18.475806735400951],[121.36400346997641,18.47580837096055],[121.364001756015782,18.475989060701053],[121.364191117238661,18.475990696088612],[121.364380478481351,18.475992331287078],[121.364569839743751,18.47599396629645],[121.364571553109826,18.47581327650461],[121.36476091419388,18.475814911307747],[121.364762627342088,18.475634221495213],[121.364951988247711,18.475635856092115],[121.364953701177953,18.475455166258797],[121.365143061905144,18.475456800649553],[121.365332422652131,18.475458434851127],[121.365521783418842,18.475460068863608],[121.365711144205278,18.475461702686996],[121.36590050501151,18.47546333632129],[121.365898793072034,18.47564402624014],[121.365897081112919,18.475824716155259],[121.366086442335174,18.475826349634655],[121.366275803577153,18.475827982924958],[121.366277515140041,18.475647292975555],[121.366279226683133,18.4754666030226],[121.366468587548525,18.475468236089526],[121.366470298873736,18.475287546115876],[121.366659659560781,18.475289178976656],[121.366849020267537,18.475290811648343],[121.36685073117664,18.475110121636856],[121.366852442066019,18.474929431621817],[121.366854152935687,18.474748741603136],[121.366855863785645,18.474568051580992],[121.367045223719515,18.474569683995195],[121.367046934351592,18.474388993952267],[121.367236294106931,18.474390626160325],[121.36742565388208,18.474392258179201],[121.367427364098134,18.474211568098525],[121.367616723694852,18.474213199911254],[121.367618433693039,18.474032509809884],[121.367807793111325,18.474034141416467],[121.367809502891546,18.473853451294492],[121.367998862131486,18.473855082694929],[121.368000571693841,18.473674392552258],[121.368189930755335,18.47367602374646],[121.368379289836469,18.473677654751658],[121.368380998982886,18.47349696457124],[121.368382708109593,18.47331627438718],[121.368572066814139,18.47331790516909],[121.368573775723064,18.473137214964336],[121.36857548461218,18.472956524756118],[121.368577193481585,18.472775834544258],[121.36857890233135,18.472595144328757],[121.36858061116132,18.472414454109703],[121.368582319971566,18.472233763887008],[121.368584028762186,18.47205307366076],[121.368585737533095,18.47187238343087],[121.368587446284181,18.471691693197428],[121.368589155015741,18.471511002960433],[121.368590863727405,18.471330312719708],[121.368780220272342,18.471331943124852],[121.36878192876631,18.471151252863521],[121.368971285132801,18.471152883062519],[121.368972993408903,18.470972192780582],[121.36897470166528,18.470791502495004],[121.369164057655283,18.470793132470803],[121.369165765693879,18.47061244216453],[121.36935512150545,18.470614071934182],[121.369544477336817,18.470615701514742],[121.369546184959475,18.470435011170899],[121.369735540612325,18.470436640545312],[121.369737248017216,18.470255950180775],[121.369926603491706,18.470257579349131],[121.369928310678816,18.470076888963899],[121.369930017846201,18.469896198575114],[121.369931724993862,18.469715508182688],[121.369742370113642,18.469713879065491],[121.369744077439748,18.469533188686476],[121.369933432121911,18.46953481778662],[121.369935139230137,18.469354127387088],[121.369936846318836,18.469173436983827],[121.370126200624398,18.46917506586086],[121.370127907495316,18.468994375436992],[121.370317261622532,18.468996004107879],[121.370318968275569,18.468815313663406],[121.370320674908896,18.468634623215291],[121.370510028659709,18.468636251663067],[121.370511735075254,18.468455561194347],[121.37051344147126,18.468274870722073],[121.370702794845485,18.468276498946739],[121.37070450102361,18.468095808453771],[121.37070620718211,18.467915117957162],[121.370895560179932,18.467916745958718],[121.37089726612065,18.467736055441502],[121.370898972041743,18.467555364920734],[121.370900677943027,18.467374674396325],[121.370902383824784,18.467193983868363],[121.370904089686803,18.467013293336759],[121.370714737679307,18.467011665420468],[121.370716443719687,18.466830974902365],[121.370527091929972,18.466829346814123],[121.370528798148698,18.466648656309431],[121.370339446576679,18.466647028049238],[121.370341152973836,18.466466337558046],[121.370151801619585,18.466464709125901],[121.369962450284973,18.466463080504663],[121.369964157058547,18.466282390044025],[121.369774805941717,18.466280761250836],[121.369585454844596,18.466279132268731],[121.369587161994488,18.466098441838557],[121.369397811115064,18.466096812684412],[121.369399518443387,18.465916122267739],[121.369210167781759,18.465914492941732],[121.369020817139827,18.465912863426631],[121.369022524844482,18.465732173040511],[121.369024232529497,18.46555148265066],[121.368834882303332,18.46554985298075],[121.368836590166694,18.465369162604578],[121.368647240158211,18.465367532762716],[121.368648948199919,18.465186842399866],[121.368650656221831,18.465006152033464],[121.3684613066292,18.465004522036793],[121.36846301482953,18.464823831683802],[121.368652364224104,18.46482546166342],[121.368654072206652,18.464644771289823],[121.368843421422866,18.464646401063472],[121.36903277065889,18.464648030648029],[121.369222119914554,18.46464966004358],[121.369411469190013,18.464651289250217],[121.36941317636068,18.464470598804766],[121.369602525457708,18.464472227805345],[121.369791874574531,18.46447385661692],[121.369981223710909,18.46447548523949],[121.369982930267838,18.464294794739327],[121.370172279225955,18.46429642315584],[121.370361628203781,18.464298051383349],[121.370550977201248,18.464299679421941],[121.370740326218424,18.46430130727153],[121.370742031963573,18.464120616699514],[121.370931380802404,18.464122244343134],[121.371120729660944,18.464123871797661],[121.371310078539125,18.464125499063272],[121.371311783670535,18.463944808436544],[121.371501132370284,18.463946435496098],[121.371502837283998,18.463765744848676],[121.371504542178087,18.46358505419779],[121.371693890501518,18.463586681034233],[121.371695595177911,18.463405990362652],[121.371697299834594,18.463225299687519],[121.371699004471651,18.463044609008744],[121.371509656742148,18.463042982223371],[121.371511361557552,18.462862291558007],[121.371513066353231,18.462681600889091],[121.371514771129199,18.462500910216622],[121.371516475885542,18.462320219540512],[121.371518180622246,18.462139528860849],[121.371328833902524,18.462137901971648],[121.371327128967835,18.462318592634347],[121.371137782069766,18.462316965539177],[121.371136076917395,18.462497656181181],[121.370946729841066,18.462496028879954],[121.370945024470998,18.462676719501353],[121.370755677216323,18.462675091994157],[121.370566329981273,18.462673464298046],[121.370564624195623,18.462854154881697],[121.370375276782227,18.462852526979528],[121.370185929388555,18.462850898888444],[121.370184223187152,18.463031589434436],[121.369994875615134,18.463029961137206],[121.369993169196036,18.463210651662592],[121.369803821445757,18.463209023159393],[121.369614473715103,18.46320739446719],[121.369425126004174,18.463205765586071],[121.369423418971351,18.463386456056657],[121.369612766880252,18.463388084954829],[121.369802114808877,18.463389713664085],[121.369800408152372,18.463570404165225],[121.369798701476242,18.463751094662722],[121.369796994780302,18.463931785156667],[121.369607646257663,18.463930156396252],[121.369418297754649,18.463928527446921],[121.36922894927136,18.463926898308497],[121.369227241961696,18.46410758874773],[121.369037893300145,18.464105959403248],[121.368848544658221,18.46410432986994],[121.36865919603602,18.464102700147539],[121.368469847433531,18.464101070236222],[121.368468139312057,18.464281760603512],[121.368278790531235,18.464280130486049],[121.368280498850666,18.464099440135811],[121.368091150287626,18.464097809846486],[121.368092858785403,18.463917119509748],[121.368094567263483,18.463736429169369],[121.368283915430496,18.463738059424589],[121.368473263617219,18.463739689490804],[121.368662611823666,18.463741319368015],[121.368851960049923,18.463742949056222],[121.368853667716195,18.463562258643989],[121.368664319688008,18.463560628972836],[121.368474971679532,18.463558999112678],[121.368285623690866,18.463557369063604],[121.368096275721825,18.463555738825438],[121.367906927772509,18.463554108398444],[121.367717579842903,18.463552477782358],[121.367528231933022,18.463550846977355],[121.367338884042852,18.463549215983349],[121.367149536172406,18.463547584800338],[121.367147826724008,18.463728275058827],[121.36733717479251,18.463729906258891],[121.367526522880652,18.463731537270039],[121.367524813808572,18.46391222755917],[121.36771416211441,18.463913858398367],[121.367712453220577,18.46409454870091],[121.367523104716682,18.46409291784466],[121.367521395605166,18.464273608126597],[121.367332046922925,18.464271977064289],[121.367330337593614,18.464452667325531],[121.367519686473841,18.464454298404892],[121.367709035373863,18.464455929295337],[121.367707326420884,18.464636619587132],[121.367705617448195,18.464817309875375],[121.36770390845578,18.464998000160065],[121.367702199443642,18.465178690441025],[121.367891549155459,18.465180321210767],[121.367889840321681,18.465361011505316],[121.368079190251279,18.465362642103194],[121.368077481595748,18.465543332411155],[121.368075772920591,18.465724022715563],[121.368265123265957,18.465725653158543],[121.368263414769061,18.465906343476451],[121.368261706252525,18.466087033790807],[121.368072355511046,18.466085403313631],[121.368070646776729,18.466266093607292],[121.367881295856904,18.466264462924059],[121.367883004789277,18.46608377264754],[121.367693654087219,18.466082141792356],[121.367504303404971,18.466080510748256],[121.36750259407647,18.466261200990669],[121.367313243215889,18.466259569740423],[121.367311533669607,18.466440259962141],[121.367122182630666,18.466438628505838],[121.367120472866603,18.466619318706861],[121.367118763082914,18.466800008904332],[121.367117053279415,18.466980699098162],[121.36730640491254,18.466982330605713],[121.367304695287388,18.467163020813132],[121.36730298564251,18.467343711016909],[121.367301275977923,18.467524401217045],[121.367299566293624,18.467705091413627],[121.367297856589602,18.467885781606569],[121.367296146865769,18.468066471795957],[121.367106794044261,18.46806484018591],[121.366917441242464,18.468063208386859],[121.366915731102878,18.468243898538411],[121.366726378122735,18.468242266533213],[121.366724667765283,18.46842295666416],[121.366722957388106,18.468603646791554],[121.366533604031559,18.468602014563068],[121.366531893436601,18.468782704669767],[121.366530182821847,18.468963394772825],[121.366528472187454,18.46914408487233],[121.366717826138199,18.469145717151974],[121.366716115682152,18.46932640726498],[121.366905469850764,18.469328039372762],[121.3670948240391,18.469329671291451],[121.367096534099005,18.469148981144251],[121.367285888108995,18.469150612856794],[121.367287597951133,18.468969922688988],[121.367289307773461,18.46878923251754],[121.36729101757615,18.46860854234254],[121.367292727359143,18.468427852163988],[121.367482080596488,18.468429483619225],[121.3674837901616,18.468248793419889],[121.367673143220614,18.46825042466898],[121.367671433853573,18.468431114885369],[121.367860787130354,18.46843274596251],[121.36785907794166,18.46861343619231],[121.368048431436321,18.468615067097499],[121.368046722425959,18.468795757340889],[121.36785736873324,18.468794126418558],[121.367855659505096,18.468974816641254],[121.367853950257242,18.469155506860307],[121.367852240989677,18.469336197075808],[121.367662886722471,18.469334565913226],[121.367661177237039,18.469515256108032],[121.367659467731968,18.469695946299286],[121.367657758207173,18.469876636486898],[121.367468403365322,18.469875005084063],[121.36746669362266,18.470055695250981],[121.367464983860373,18.470236385414346],[121.367654339098266,18.470238016851287],[121.367652629514325,18.470418707028152],[121.36746327407829,18.470417075574069],[121.367461564276468,18.47059776573024],[121.367272208662001,18.470596134070011],[121.367082853067231,18.470594502220777],[121.3668934974922,18.47059287018245],[121.366891787076383,18.470773560283821],[121.366702431322992,18.470771928039348],[121.366513075589324,18.47077029560587],[121.366323719875467,18.4707686629833],[121.366325430885638,18.470587972933266],[121.366327141876013,18.470407282879592],[121.366328852846749,18.470226592822453],[121.366330563797689,18.470045902761584],[121.366332274728904,18.469865212697162],[121.366333985640409,18.469684522629187],[121.366335696532104,18.469503832557571],[121.366146342224582,18.469502199865634],[121.366148053294708,18.469321509807518],[121.365958699205066,18.469319876943629],[121.365769345135035,18.469318243890736],[121.365579991084914,18.46931661064875],[121.365390637054503,18.46931497721776],[121.36539234889716,18.469134287224392],[121.36520299508453,18.46913265362145],[121.365204707105548,18.468951963641672],[121.365015353510785,18.468950329866779],[121.365017065710148,18.468769639900501],[121.364827712333266,18.468768005953745],[121.364638358976094,18.468766371817896],[121.364449005638633,18.468764737493043],[121.364259652320982,18.468763102979096],[121.364070299023055,18.468761468276146],[121.36407201219302,18.468580778391846],[121.36388265911296,18.468579143517033],[121.36369330605271,18.468577508453127],[121.36350395301217,18.468575873200216],[121.363314599991355,18.4685742377583],[121.36331288602905,18.468754927574121],[121.363502239247921,18.468756563033178],[121.363500525463877,18.468937252862588],[121.363311172046934,18.468935617386389],[121.363309458045109,18.469116307195016],[121.363120104449905,18.469114671512671],[121.363118390230198,18.469295361300603],[121.362929036456649,18.469293725412111],[121.362927322019075,18.46947441517926],[121.362925607561706,18.469655104942856],[121.363114961731384,18.469656740865631],[121.363113247452347,18.469837430642816],[121.363302601839905,18.469839066393639],[121.363491956247259,18.469840701955459],[121.363490242344639,18.470021391763286],[121.363300887739214,18.470019756184325],[121.363299173618728,18.470200445971368],[121.363109818834957,18.470198810186261],[121.363108104496604,18.47037949995261],[121.363106390138441,18.470560189715407],[121.363104675760553,18.470740879474562],[121.36310296136277,18.470921569230164],[121.363101246945362,18.471102258982125],[121.362911891190819,18.471100622922304],[121.362910176555459,18.47128131265357],[121.362908461900375,18.471462002381283],[121.362906747225395,18.471642692105267],[121.362717390896378,18.471641055805016],[121.362715676003518,18.471821745508393],[121.362526319496155,18.471820109001996]],[[121.364010325621166,18.475085611962566],[121.36401203948293,18.474904922204033],[121.364201399516901,18.474906557488918],[121.364203113160784,18.47472586770969],[121.364204826784871,18.47454517792691],[121.364206540389162,18.474364488140488],[121.364208253973715,18.474183798350513],[121.364209967538571,18.474003108556897],[121.364211681083603,18.473822418759728],[121.364213394608925,18.473641728959006],[121.364215108114436,18.473461039154643],[121.364216821600152,18.473280349346638],[121.364218535066144,18.47309965953508],[121.364220248512325,18.472918969719881],[121.364221961938796,18.472738279901129],[121.364223675345542,18.472557590078825],[121.364225388732493,18.472376900252879],[121.364227102099619,18.472196210423292],[121.364228815447049,18.47201552059024],[121.36441817233046,18.472017155412118],[121.364419885460009,18.471836465558283],[121.364421598569749,18.471655775700896],[121.364423311659777,18.471475085839867],[121.364612667968629,18.471476720421403],[121.364614380840791,18.47129603053968],[121.364616093693144,18.471115340654315],[121.364617806525771,18.470934650765397],[121.364619519338589,18.470753960872837],[121.364621232131697,18.470573270976725],[121.364622944905008,18.470392581077061],[121.36462465765868,18.470211891173754],[121.364435302736538,18.470210256711944],[121.364437015668372,18.470029566822227],[121.364438728580581,18.469848876928779],[121.364440441472993,18.469668187031868],[121.364442154345682,18.469487497131226],[121.364631508475384,18.469489131524558],[121.36482086262491,18.469490765728796],[121.365010216794232,18.469492399744031],[121.365199570983265,18.46949403357026],[121.365197858902917,18.469674723539292],[121.36538721330983,18.46967635719357],[121.365576567736454,18.469677990658756],[121.365574856032609,18.469858680658341],[121.365573144308968,18.470039370654373],[121.365762499151529,18.470041003964749],[121.365760787606305,18.470221693974281],[121.365759076041286,18.470402383980261],[121.365757364456542,18.47058307398251],[121.365946719913197,18.47058470715513],[121.365945008506799,18.470765397171057],[121.36594329708069,18.470946087183254],[121.365941585634857,18.471126777191987],[121.365752229583933,18.471125143968031],[121.365750517920233,18.471305833955981],[121.365748806236724,18.471486523940378],[121.365938162683861,18.471488157198529],[121.365936451178797,18.471668847196337],[121.365934739654008,18.471849537190682],[121.36593302810941,18.472030227181296],[121.365931316545101,18.472210917168358],[121.365929604961067,18.472391607151955],[121.365927893357323,18.472572297131823],[121.365926181733769,18.472752987108137],[121.365924470090405,18.47293367708081],[121.365922758427416,18.473114367049931],[121.365921046744617,18.473295057015498],[121.366110405192828,18.47329669025553],[121.366108693688474,18.47347738023451],[121.365919335042193,18.473475746977424],[121.365917623319874,18.473656436935709],[121.365915911577929,18.473837126890441],[121.365726552555074,18.473835493410068],[121.365724840595163,18.474016183344105],[121.365723128615628,18.47419687327459],[121.365533769216171,18.474195239570928],[121.365532057018683,18.47437592948063],[121.36534269744098,18.474374295570733],[121.365340985025526,18.474554985459829],[121.365151625269377,18.474553351343786],[121.365149912636056,18.474734041212098],[121.364960552701476,18.474732406889821],[121.36477119278662,18.47473077237845],[121.364769479737276,18.474911462208926],[121.364580119643975,18.474909827491409],[121.364578406376665,18.47509051730119],[121.364389046105117,18.475088882377438],[121.364387332619856,18.475269572166525],[121.364197972169862,18.475267937036538],[121.364008611739592,18.475266301717458],[121.364010325621166,18.475085611962566]],[[121.36367959696986,18.470023027153154],[121.36386895161489,18.470024662353929],[121.363867238088673,18.470205352192398],[121.363677883245586,18.470203716974481],[121.363488528422209,18.470202081567471],[121.363490242344639,18.470021391763286],[121.36367959696986,18.470023027153154]],[[121.370556094971718,18.463757607746306],[121.370366746568365,18.463755979758872],[121.370368452650482,18.463575289210215],[121.370179104464725,18.46357366105083],[121.369989756298693,18.46357203270253],[121.369991462757227,18.463391342184337],[121.370180810725287,18.463392970515585],[121.37018251696604,18.463212279976787],[121.370371864755754,18.463213908102066],[121.37037357077881,18.463033217542574],[121.370562918390178,18.463034845461795],[121.370752266021256,18.463036473192101],[121.370753971628645,18.46285578259495],[121.370943319081292,18.462857410119199],[121.370941613671974,18.463038100733403],[121.371130961342317,18.4630397280857],[121.371129256111246,18.463220418713316],[121.37112755086055,18.463401109337379],[121.371125845590143,18.463581799957801],[121.370936497325687,18.463580172554344],[121.370934791837584,18.46376086315416],[121.370745443394881,18.463759235544735],[121.370556094971718,18.463757607746306]],[[121.369564967508865,18.468447417150507],[121.369566674895182,18.46826672676341],[121.369377321638993,18.468265097404629],[121.369375614054618,18.468445787774584],[121.369186260620168,18.468444158209657],[121.368996907205357,18.468442528455725],[121.368807553810257,18.468440898512789],[121.368809261988829,18.468260208193993],[121.368619908811525,18.468258578079105],[121.368621617168529,18.46807788777372],[121.368623325505823,18.467897197464783],[121.368625033823307,18.467716507152293],[121.368626742121165,18.467535816836161],[121.368816094506229,18.467537446882837],[121.368817802586307,18.467356756546099],[121.368819510646674,18.46717606620572],[121.369008862655321,18.467177696029285],[121.369010570497892,18.466997005668212],[121.369199922328207,18.466998635285631],[121.369389274178133,18.467000264714045],[121.369578626047783,18.467001893953455],[121.369767977937158,18.467003523003772],[121.369766270886743,18.467184213433057],[121.369764563816702,18.46736490385879],[121.369953916121915,18.467366532754209],[121.370143268446753,18.467368161460712],[121.370332620791316,18.467369789978122],[121.370330914295749,18.467550480451372],[121.370329207780458,18.467731170920981],[121.370139855039781,18.467729542369465],[121.369950502318801,18.467727913628856],[121.369948795387671,18.467908604060806],[121.369947088437002,18.468089294489204],[121.369757735339533,18.468087665525484],[121.369756028170997,18.468268355933187],[121.369945381466536,18.46826998491396],[121.369943674476332,18.468450675335163],[121.369941967466517,18.468631365752724],[121.36975261377485,18.468629736737846],[121.369754320982736,18.468449046337337],[121.369564967508865,18.468447417150507]],[[121.366096712605056,18.474742209986999],[121.366286072658113,18.474743843174718],[121.366475432730894,18.474745476173254],[121.366473721464928,18.47492616615774],[121.366472010179237,18.475106856138584],[121.366282649710143,18.475105223105853],[121.366093289260789,18.47510358988394],[121.366095000942778,18.47492289993729],[121.366096712605056,18.474742209986999]]],[[[121.356491019938886,18.469237992725912],[121.356492741091444,18.469057303538655],[121.35630338820954,18.469055661051087],[121.356301666858826,18.469236350221202],[121.356491019938886,18.469237992725912]]],[[[121.355353179395948,18.469408823942196],[121.355163826237103,18.469407180286051],[121.354974473098068,18.469405536440814],[121.354785119979013,18.469403892406572],[121.354786842934217,18.469223203377677],[121.354597490033044,18.469221559171661],[121.354408137151751,18.469219914776552],[121.354409860483273,18.469039225778477],[121.354411583794899,18.468858536776938],[121.354413307086631,18.468677847771669],[121.354415030358467,18.468497158762936],[121.354416753610408,18.468316469750562],[121.354227401739422,18.468314825252513],[121.354038049888246,18.468313180565371],[121.354036326240092,18.468493869543373],[121.354034602572128,18.468674558517645],[121.354223954819432,18.468676203239159],[121.354222231329643,18.468856892227198],[121.354220507819946,18.469037581211595],[121.354218784290367,18.46921827019235],[121.354217060740879,18.469398959169553],[121.35421533717151,18.469579648143114],[121.354213613582317,18.469760337113122],[121.354211889973243,18.469941026079489],[121.354210166344188,18.470121715042303],[121.354020812512275,18.470120070183032],[121.354019088665254,18.470300759124974],[121.353829734655093,18.470299114059468],[121.353828010590121,18.470479802980627],[121.353638656401785,18.470478157708797],[121.353640380664828,18.470297468804869],[121.353451026694458,18.470295823361177],[121.353261672743983,18.47029417772848],[121.353263397383259,18.470113488855461],[121.35307404365075,18.470111843050901],[121.353075768468287,18.469931154191471],[121.353077493265914,18.469750465328399],[121.352888139949513,18.469748819369386],[121.352889864925316,18.469568130519903],[121.353079218043661,18.469569776461775],[121.353080942801512,18.469389087591509],[121.353082667539468,18.469208398717779],[121.353084392257514,18.469027709840319],[121.35308611695568,18.468847020959306],[121.352896764629691,18.468845375086357],[121.352898489506018,18.468664686218933],[121.35270913739798,18.46866304017421],[121.352710862452483,18.468482351320464],[121.352521510562397,18.468480705103968],[121.352332158692221,18.468479058698467],[121.352142806841925,18.468477412103873],[121.351953455011625,18.468475765320274],[121.351955180838488,18.468295076531899],[121.351956906645441,18.46811438773997],[121.352146258079713,18.468116034489018],[121.352335609533867,18.468117681049151],[121.352337334924812,18.46793699221903],[121.352526686200719,18.467938638572839],[121.352716037496606,18.467940284737644],[121.352905388812388,18.467941930713444],[121.352907113589239,18.467761241828079],[121.35309646472686,18.467762887597555],[121.353285815884362,18.467764533178116],[121.353287540245191,18.467583844254648],[121.353098189285745,18.467582198691407],[121.353099913824749,18.467401509781617],[121.353101638343858,18.467220820868185],[121.352912287800436,18.467219175150401],[121.35291056308327,18.467399864046513],[121.352908838346195,18.467580552939072],[121.35271948742654,18.467578906997733],[121.352530136526781,18.467577260867479],[121.352340785646916,18.467575614548132],[121.352339060295776,18.467756303385357],[121.352149709237821,18.467754656859775],[121.352147983668715,18.467935345676217],[121.351958632432513,18.467933698944311],[121.351769281216292,18.467932052023489],[121.351767555231163,18.468112740801828],[121.351765829226053,18.468293429576526],[121.351576477633685,18.46829178243215],[121.35157475141061,18.468472471186065],[121.351385399639994,18.468470823835364],[121.351383673198953,18.468651512568407],[121.351194321250176,18.468649865011471],[121.351004969321281,18.468648217265532],[121.350815617412366,18.468646569330588],[121.35062626552336,18.46864492120655],[121.350436913654235,18.468643272893509],[121.350247561805105,18.468641624391463],[121.35005820997587,18.468639975700324],[121.350056482128409,18.468820664309021],[121.349867130120998,18.468819015411647],[121.349677778133568,18.468817366325268],[121.349488426166047,18.468815717049797],[121.349299074218507,18.468814067585409],[121.349297345558796,18.468994756121365],[121.349107993433179,18.468993106450565],[121.348918641327359,18.46899145659085],[121.348729289241518,18.468989806541952],[121.348727559967728,18.469170495022574],[121.348538207703726,18.469168844767442],[121.348536478211898,18.469349533227103],[121.348534748700075,18.4695302216833],[121.348724101360105,18.469531871972983],[121.348722372026458,18.469712560442769],[121.348911724904539,18.469714210560678],[121.348909995748969,18.469894899044142],[121.348908266573503,18.470075587523965],[121.349097619867791,18.47007723748742],[121.349095890870402,18.470257925981009],[121.349094161853117,18.470438614470869],[121.349092432815851,18.470619302957264],[121.349090703758591,18.470799991440018],[121.34908897468145,18.470980679919219],[121.349278328986131,18.47098232978],[121.349467683310792,18.470983979451688],[121.349465954609869,18.471164667961798],[121.349655309152496,18.471166317461712],[121.349844663715103,18.471167966772533],[121.350034018297691,18.47116961589435],[121.350035746404245,18.47098892733246],[121.350225100808672,18.470990576247953],[121.350414455232894,18.470992224974442],[121.350416182923325,18.470811536374359],[121.350605537169486,18.470813184894524],[121.350794891435527,18.470814833225596],[121.35079661870985,18.4706341445875],[121.35098597279773,18.470635792712248],[121.35117532690559,18.470637440647991],[121.351364681033246,18.47063908839473],[121.351554035180897,18.470640735952376],[121.351552308699013,18.470821424659484],[121.351741663064615,18.470823072045356],[121.351931017450212,18.470824719242135],[121.352120371855705,18.47082636624982],[121.35211864594811,18.471007055005156],[121.352308000571639,18.471008701841068],[121.352497355215078,18.471010348487887],[121.352686709878313,18.471011994945702],[121.352684984545192,18.471192683749088],[121.352874339426478,18.471194330035129],[121.353063694327659,18.471195976132076],[121.353253049248821,18.471197622039931],[121.353442404189792,18.471199267758781],[121.353444128730487,18.471018578886472],[121.353633483493283,18.471020224399087],[121.353822838275988,18.47102186972252],[121.353824562400561,18.470841180812197],[121.354013917005091,18.470842825929395],[121.35420327162943,18.470844470857589],[121.354204995337895,18.470663781909163],[121.35420671902655,18.470483092957096],[121.354396073274657,18.470484737661824],[121.354397796745261,18.470304048688973],[121.354587150815107,18.470305693187377],[121.354776504904763,18.470307337496777],[121.354965859014399,18.470308981617084],[121.354967581870838,18.470128292589077],[121.355156935802214,18.470129936503149],[121.355346289753399,18.470131580228127],[121.355344567293088,18.470312269290595],[121.355342844812981,18.47049295834951],[121.355341122312879,18.470673647404872],[121.355530476878243,18.47067529099245],[121.355528754556488,18.470855980061312],[121.355527032214752,18.471036669126622],[121.355525309853206,18.47121735818838],[121.35571466503275,18.471219001638556],[121.355712942849465,18.471399690713902],[121.35590229824696,18.471401333992215],[121.355904020232174,18.471220644899638],[121.356093375451508,18.471222287971717],[121.356095097218684,18.471041598858356],[121.356096818966137,18.470860909741443],[121.356098540693608,18.470680220620977],[121.35610026240127,18.470499531496781],[121.356289616847974,18.470501174311021],[121.356478971314573,18.470502816936168],[121.356477250003124,18.470683506094737],[121.356666604687675,18.470685148548021],[121.356664883554487,18.47086583772009],[121.356663162401389,18.471046526888607],[121.356852517502062,18.471048169187259],[121.356854238456989,18.470867480001601],[121.356855959392121,18.470686790812302],[121.356857680307357,18.47050610161936],[121.356859401202783,18.470325412422866],[121.356861122078314,18.47014472322282],[121.356862842934035,18.469964034019132],[121.356864563769861,18.469783344811802],[121.356866284585891,18.469602655600919],[121.356676931069998,18.469601013439846],[121.356678652064275,18.469420324242552],[121.356680373038671,18.469239635041706],[121.356491019938886,18.469237992725912],[121.356489298766348,18.469418681909616],[121.3564875775741,18.469599371089679],[121.356298224097912,18.469597728550507],[121.356296502687599,18.469778417709875],[121.356294781257489,18.469959106865513],[121.356105427405069,18.469957464102965],[121.356103705757008,18.470138153237819],[121.355914351726327,18.470136510268947],[121.355916073572459,18.469955821151324],[121.355917795398781,18.469775132029969],[121.355728441784137,18.469773488906466],[121.355730163788721,18.469592799798789],[121.355540810391929,18.469591156503512],[121.355542532574773,18.469410467409425],[121.355353179395948,18.469408823942196]],[[121.349667408253325,18.469901497694568],[121.349665679870199,18.470082186243491],[121.34947632651614,18.470080536847227],[121.349478055097336,18.469899848315535],[121.349479783658623,18.469719159780201],[121.349669136616555,18.469720809142004],[121.349667408253325,18.469901497694568]]],[[[121.360081862473763,18.469991922418632],[121.360080144985659,18.470172611914265],[121.360269499452698,18.470174250724153],[121.360458853939633,18.470175889344947],[121.360460571031524,18.469995199814942],[121.360271216742731,18.46999356121129],[121.360081862473763,18.469991922418632]]],[[[121.35970143611091,18.470169333727476],[121.35969971820677,18.470350023185183],[121.35988907283236,18.470351662390311],[121.360078427477745,18.470353301406345],[121.360080144985659,18.470172611914265],[121.35989079053833,18.470170972915373],[121.35970143611091,18.470169333727476]]],[[[121.358751226461891,18.470522513692217],[121.358749507527662,18.470703203056932],[121.358938862450245,18.470704843241631],[121.358940581186417,18.470524153859774],[121.358942299902793,18.470343464474276],[121.358752945376324,18.470341824323949],[121.358751226461891,18.470522513692217]]],[[[121.347954579538111,18.470790088409089],[121.347956309783925,18.470609400029986],[121.347766956015079,18.470607748880457],[121.347765225571209,18.470788437242241],[121.347954579538111,18.470790088409089]]],[[[121.348140473369725,18.471153116168765],[121.348142203457357,18.470972427779625],[121.348143933525009,18.470791739386843],[121.347954579538111,18.470790088409089],[121.347952849272403,18.470970776784551],[121.347951118986629,18.47115146515646],[121.348140473369725,18.471153116168765]]],[[[121.347940736853246,18.472235595312242],[121.348130092425009,18.472237246428286],[121.348131822632354,18.47205655806064],[121.348133552819732,18.47187586968953],[121.348135282987201,18.471695181314779],[121.347945928009821,18.471693530250516],[121.347944197644281,18.471874218608036],[121.347942467258761,18.472054906961915],[121.347940736853246,18.472235595312242]]],[[[121.355514975266686,18.472301492483162],[121.355513252766059,18.472482181519695],[121.355702609332397,18.472483825090308],[121.355704331634882,18.472303136036544],[121.355706053917544,18.472122446979228],[121.355516697747433,18.472120803442987],[121.355514975266686,18.472301492483162]]],[[[121.348317717987555,18.47241958573656],[121.348319448016653,18.472238897355236],[121.348130092425009,18.472237246428286],[121.34812836219767,18.47241793479229],[121.348317717987555,18.47241958573656]]],[[[121.348505343946243,18.47260192488665],[121.348507073797251,18.472421236491737],[121.348317717987555,18.47241958573656],[121.348315987938392,18.472600274114242],[121.348505343946243,18.47260192488665]]],[[[121.348694699974075,18.472603575470142],[121.348505343946243,18.47260192488665],[121.348503614075241,18.47278261327801],[121.348692970301229,18.472784263878733],[121.348694699974075,18.472603575470142]]],[[[121.348878867537849,18.473147291131436],[121.348880597052428,18.472966602712631],[121.348691240608389,18.472964952283771],[121.348689510895667,18.473145640685257],[121.348878867537849,18.473147291131436]]],[[[121.354933120964617,18.473742072467086],[121.354934844198795,18.473561383507381],[121.354936567412992,18.473380694544034],[121.354747209935553,18.473379050131072],[121.354748933328011,18.473198361181403],[121.354750656700659,18.473017672228092],[121.354561299639244,18.47301602766041],[121.354563023190153,18.472835338720778],[121.354564746721152,18.472654649777503],[121.354375390075944,18.472653005055278],[121.354377113785119,18.472472316125593],[121.354187757357877,18.472470671231505],[121.354189481245399,18.472289982315409],[121.354000125036194,18.472288337249459],[121.353810768846799,18.472286691994505],[121.353621412677384,18.472285046550368],[121.353623137139294,18.472104357682412],[121.353433781187846,18.472102712066501],[121.353244425256278,18.472101066261498],[121.353246150094606,18.47192037742445],[121.353056794381089,18.471918731447584],[121.352867438687383,18.471917085281714],[121.352678083013672,18.47191543892675],[121.352488727359841,18.471913792382782],[121.352487001729102,18.472094481150908],[121.352297645897011,18.472092834400616],[121.352108290084828,18.472091187461231],[121.352106564037967,18.472271876191343],[121.352104837971211,18.472452564917813],[121.351915481782711,18.472450917754962],[121.351913755497819,18.47263160646056],[121.351912029193116,18.472812295162694],[121.351722672628284,18.4728106477762],[121.351720946105445,18.472991336457373],[121.35171921956281,18.473172025135081],[121.35171749300018,18.47335271380906],[121.351715766417655,18.473533402479486],[121.351714039815249,18.473714091146359],[121.351712313192849,18.473894779809591],[121.351710586550553,18.474075468469181],[121.351708859888362,18.474256157125307],[121.351707133206276,18.474436845777703],[121.351896491554299,18.474438493319361],[121.35189476505046,18.474619181985435],[121.352084123616535,18.47462082935532],[121.352082397290872,18.474801518035072],[121.352271756075083,18.474803165233006],[121.352461114879105,18.474804812241935],[121.352459388929844,18.474985500952595],[121.352648747952003,18.474987147789573],[121.352838106993957,18.474988794437547],[121.353027466055906,18.474990440896427],[121.353216825137736,18.474992087166125],[121.353406184239475,18.474993733246819],[121.353595543361095,18.474995379138331],[121.353597268121433,18.474814690324287],[121.353786627064807,18.474816336009564],[121.353788351607093,18.474635647174736],[121.353977710372206,18.474637292653689],[121.353979434696441,18.474456603797989],[121.354168793283208,18.474458249070619],[121.354170517389491,18.474277560194135],[121.354359875797996,18.474279205260441],[121.354361599686229,18.474098516363085],[121.354550957916572,18.474100161223067],[121.354552681586668,18.473919472304928],[121.354742039638751,18.473921116958675],[121.35474376309088,18.473740428019752],[121.354933120964617,18.473742072467086]]],[[[121.349061306734484,18.473871695096427],[121.34925066420908,18.473873345233521],[121.349252393407198,18.473692656794732],[121.349063036130758,18.473691006674869],[121.349061306734484,18.473871695096427]]],[[[121.349434834583946,18.474417060528442],[121.349245476495,18.474415410528572],[121.349243747217031,18.474596098953061],[121.349242017919167,18.474776787373909],[121.349240288601322,18.474957475791204],[121.349238559263583,18.475138164204946],[121.349236829905863,18.475318852614958],[121.349235100528247,18.475499541021506],[121.349424459806102,18.475501191124938],[121.34942618898566,18.475320502701159],[121.349427918145139,18.475139814273827],[121.349429647284722,18.474959125842854],[121.349431376404425,18.474778437408329],[121.349433105504133,18.474597748970162],[121.349434834583946,18.474417060528442]]],[[[121.349231641713146,18.475860917823677],[121.349042282058875,18.475859267496514],[121.349040552423247,18.476039955874906],[121.349038822767625,18.476220644249747],[121.349228182818194,18.47622229461146],[121.349229912275661,18.47604160621939],[121.349231641713146,18.475860917823677]]],[[[121.358317488659864,18.476301289578384],[121.358506849685128,18.476302930673643],[121.358508569432232,18.476122241437537],[121.358319208605209,18.476120600359508],[121.358129847797997,18.476118959092297],[121.358128127654496,18.476299648294031],[121.358317488659864,18.476301289578384]]],[[[121.348847732863277,18.476399682052907],[121.349037093092107,18.476401332621034],[121.349038822767625,18.476220644249747],[121.348849462737036,18.476218993699028],[121.348847732863277,18.476399682052907]]],[[[121.348656642562631,18.476578719628783],[121.348846002969623,18.476580370403234],[121.348847732863277,18.476399682052907],[121.348658372654427,18.476398031295776],[121.348656642562631,18.476578719628783]]],[[[121.348465551865587,18.476757756977463],[121.34865491245084,18.476759407958326],[121.348656642562631,18.476578719628783],[121.34846728217552,18.47657706866524],[121.348465551865587,18.476757756977463]]],[[[121.348274460772231,18.476936794098858],[121.34846382153566,18.476938445286045],[121.348465551865587,18.476757756977463],[121.348276191300315,18.476756105807507],[121.348274460772231,18.476936794098858]]],[[[121.348083369282492,18.477115830992879],[121.348272730224181,18.477117482386479],[121.348274460772231,18.476936794098858],[121.348085100028712,18.476935142722489],[121.348083369282492,18.477115830992879]]],[[[121.354912440604792,18.475910339703333],[121.354723080353224,18.475908695049409],[121.354533720121466,18.475907050206391],[121.354531996232609,18.476087739084917],[121.35434263582259,18.476086094035576],[121.354153275432466,18.476084448797053],[121.354151551127416,18.476265137637565],[121.35414982680247,18.476445826474436],[121.353960466035844,18.476444181012447],[121.353958741492846,18.476624869828445],[121.353957016929954,18.476805558640979],[121.353767655786825,18.476803912955436],[121.353765931005896,18.476984601747098],[121.353576569684606,18.476982955855142],[121.353574844685525,18.477163644625932],[121.353573119666549,18.477344333393258],[121.353571394627778,18.477525022156854],[121.353569669569012,18.477705710916897],[121.353759031683083,18.477707356877776],[121.353757306802677,18.477888045651497],[121.3539466691348,18.477889691440424],[121.354136031486817,18.477891337040258],[121.3541343069829,18.478072025844799],[121.354323669553054,18.478073671272682],[121.354513032143018,18.478075316511472],[121.354511308015603,18.478256005346832],[121.354700670823703,18.478257650413671],[121.354890033651614,18.478259295291416],[121.355079396499505,18.478260939980068],[121.355081120032381,18.478080251093015],[121.355082843545347,18.47789956220241],[121.35527220601665,18.477901206667418],[121.355273929311579,18.47772051775603],[121.355275652586613,18.477539828841],[121.355277375841752,18.477359139922417],[121.355279099077094,18.477178451000192],[121.355280822292528,18.476997762074326],[121.355282545488066,18.476817073144908],[121.355284268663709,18.476636384211936],[121.355285991819557,18.476455695275323],[121.355287714955409,18.476275006335158],[121.355289438071551,18.47609431739135],[121.355291161167699,18.475913628443902],[121.355101800876341,18.475911984168253],[121.354912440604792,18.475910339703333]],[[121.355094907579655,18.476634739867364],[121.355093184205856,18.476815428783194],[121.355091460812076,18.476996117695382],[121.35490209935152,18.476994473127256],[121.354903822943456,18.476813784232299],[121.354905546515496,18.476633095333611],[121.355094907579655,18.476634739867364]]],[[[121.359037823614386,18.480207664569086],[121.359795150241496,18.480228420399953],[121.359796287279693,18.48010888869554],[121.359606921953514,18.480107248563687],[121.359608640927902,18.479926559300136],[121.359419275819775,18.479924918996243],[121.359420994972595,18.479744229746281],[121.359231630082519,18.479742589270437],[121.359042265212238,18.479740948605411],[121.359040545663021,18.479921637821089],[121.358851180614494,18.479919996949739],[121.358849460847139,18.480100686144635],[121.359038826094007,18.480102327033126],[121.359037823614386,18.480207664569086]]],[[[121.39563112637542,18.434877656040221],[121.395632803198808,18.434696962680835],[121.395443484287412,18.434695362170089],[121.395441807266224,18.4348760555126],[121.39563112637542,18.434877656040221]]],[[[121.396569342745352,18.435789123010387],[121.396571018677278,18.43560842958501],[121.396381698680699,18.435606829933754],[121.396380022551156,18.435787523342256],[121.396569342745352,18.435789123010387]]],[[[121.398653539917177,18.435626013296474],[121.398651866159597,18.435806706906149],[121.39884118658604,18.435808304310047],[121.399030507031853,18.435809901525296],[121.399032180394016,18.435629207882048],[121.398842860145905,18.435627610683586],[121.398653539917177,18.435626013296474]]],[[[121.396947983192078,18.435792321780436],[121.396758662958987,18.435790722489781],[121.396756987205407,18.435971415928304],[121.396946307636114,18.435973015235746],[121.397135628086104,18.435974614354539],[121.397137303444353,18.435793920882531],[121.396947983192078,18.435792321780436]]],[[[121.398460871778042,18.435985802903026],[121.398650192382831,18.435987400512271],[121.398651866159597,18.435806706906149],[121.398462545752508,18.435805109313602],[121.39827322536479,18.435803511532317],[121.398083904996341,18.435801913562472],[121.398082230626542,18.435982607118323],[121.398271551192607,18.435984205104955],[121.398460871778042,18.435985802903026]]],[[[121.384638831577817,18.436049360146139],[121.384449512212399,18.43604774855741],[121.384451200834263,18.435867056216853],[121.384261881685987,18.435865444456351],[121.384260192866421,18.436046136780032],[121.384258504027386,18.436226829100072],[121.384447823570994,18.436228440894414],[121.384637143134128,18.436230052500019],[121.384638831577817,18.436049360146139]]],[[[121.379498418626881,18.439077542783316],[121.379500112720805,18.43889685094387],[121.379501806795204,18.438716159100693],[121.379503500849964,18.438535467254052],[121.379505194885184,18.43835477540377],[121.379506888900877,18.438174083549935],[121.379508582896932,18.437993391692459],[121.379319261884376,18.437991774822887],[121.379317567690606,18.438172466663399],[121.379315873477211,18.43835315850027],[121.37931417924429,18.438533850333588],[121.379312484991814,18.438714542163353],[121.379310790719714,18.438895233989477],[121.379309096428074,18.439075925812048],[121.379307402116893,18.439256617631067],[121.379305707786173,18.439437309446355],[121.379304013435828,18.439618001258179],[121.379493336227753,18.439619618280339],[121.379495030380312,18.439438926451551],[121.379496724513402,18.439258234619299],[121.379498418626881,18.439077542783316]]],[[[121.392370693256368,18.439367747090657],[121.392181369534697,18.43936614293527],[121.391992045832382,18.439364538591057],[121.391802722149421,18.439362934058195],[121.391801040867918,18.439543626988236],[121.391799359567031,18.439724319914724],[121.391797678246704,18.439905012837659],[121.391987002522782,18.43990661742097],[121.392176326818316,18.439908221815632],[121.392178007743141,18.439727528859123],[121.392179688648596,18.439546835898973],[121.392369012568068,18.439548440071235],[121.392370693256368,18.439367747090657]]],[[[121.390851057157633,18.439896987089949],[121.391040381336552,18.439898592616949],[121.391042063447799,18.439717899761337],[121.391043745539605,18.439537206902173],[121.390854421756018,18.439535601408835],[121.39066509799197,18.439533995726759],[121.390475774247292,18.439532389856033],[121.390474091562282,18.43971308266466],[121.390472408857903,18.439893775469734],[121.390661732998083,18.43989538137421],[121.390851057157633,18.439896987089949]]],[[[121.396896031958278,18.441393817227919],[121.397085358339694,18.441395416849865],[121.397087034278542,18.441214723485327],[121.396897708094841,18.441213123880168],[121.396896031958278,18.441393817227919]]],[[[121.385719058387252,18.442021874845743],[121.385529732380292,18.442020263831843],[121.385528044281742,18.442200956151883],[121.38533871809652,18.442199344932281],[121.385149391930838,18.44219773352394],[121.385147703417246,18.442378425806588],[121.385146014884114,18.442559118085594],[121.38495668834247,18.442557506454765],[121.384954999592168,18.442738198713343],[121.38495331082234,18.442918890968368],[121.384951622032958,18.443099583219752],[121.384949933224135,18.443280275467671],[121.385139260556883,18.443281887166091],[121.385137571926307,18.443462579427155],[121.385326899476397,18.443464190953801],[121.385516227045926,18.44346580229162],[121.38570555463491,18.443467413440612],[121.385707242672169,18.443286721128832],[121.385896570082906,18.443288332072299],[121.385898257902923,18.443107639740003],[121.3858999457034,18.442926947404064],[121.385901633484423,18.442746255064662],[121.386090960321383,18.442747865768677],[121.386092647885164,18.442567173408669],[121.386281974543778,18.44256878390707],[121.386283661890403,18.442388091526634],[121.386094335429405,18.442386481045197],[121.386096022954277,18.442205788678084],[121.386097710459609,18.442025096307418],[121.385908384413653,18.442023485670994],[121.385719058387252,18.442021874845743]]],[[[121.374733084108513,18.44247019809227],[121.374543758642815,18.442468576080145],[121.374542059015965,18.442649267406491],[121.374352733372007,18.442647645188575],[121.374163407747758,18.442646022782011],[121.374161707705795,18.442826714070698],[121.374160007644193,18.443007405355832],[121.374158307562951,18.443188096637325],[121.374156607462098,18.443368787915265],[121.374345933877436,18.443370410389953],[121.374344233954659,18.443551101681305],[121.374533560587437,18.443552723984308],[121.374531860842822,18.443733415289071],[121.374530161078667,18.443914106590281],[121.374528461294801,18.44409479788785],[121.374717788540408,18.444096420053008],[121.374716088934719,18.444277111364077],[121.374714389309389,18.444457802671504],[121.374903716970223,18.444459424681941],[121.375093044650598,18.444461046503552],[121.375094743880425,18.444280355162107],[121.375284071382637,18.444281976778015],[121.375285770395024,18.444101285415964],[121.375475097719161,18.444102906826082],[121.375664425062922,18.444104528047461],[121.375666123660096,18.443923836647841],[121.37566782223773,18.443743145244667],[121.375478495289471,18.443741524057305],[121.375480194045281,18.443560832667455],[121.375290867314447,18.443559211308319],[121.375292566248334,18.443378519931969],[121.37529426516268,18.443197828552066],[121.375104938846988,18.44319620703812],[121.37510663793941,18.44301551567154],[121.375108337012193,18.442834824301407],[121.374919011111729,18.442833202632741],[121.374920710362687,18.44265251127602],[121.374731384679478,18.442650889435669],[121.374733084108513,18.44247019809227]]],[[[121.398573177747636,18.444299302521078],[121.398571503062001,18.444479995958801],[121.398760832979519,18.444481594166767],[121.398762507467353,18.444300900712257],[121.398764181935832,18.444120207254194],[121.398574852413901,18.444118609079712],[121.398573177747636,18.444299302521078]]],[[[121.369974385697986,18.445139954552175],[121.369976090346327,18.44495926368484],[121.369786762603241,18.444957636715259],[121.369597434879793,18.44495600955694],[121.369595729835865,18.445136700390169],[121.369785057757028,18.44513832756563],[121.369783352891176,18.445319018412359],[121.36997268102985,18.445320645415958],[121.369974385697986,18.445139954552175]]],[[[121.385310014076111,18.445271113536826],[121.385499343623351,18.445272725043576],[121.385501032053369,18.445092032784554],[121.385311702703845,18.44509042129468],[121.385310014076111,18.445271113536826]]],[[[121.374518262179564,18.445178945598123],[121.374516562258293,18.445359636870645],[121.374514862317483,18.445540328139526],[121.374513162356948,18.445721019404854],[121.374702491382649,18.445722641723044],[121.37470079160029,18.445903333001784],[121.374699091798391,18.446084024276971],[121.374697391976781,18.446264715548516],[121.374886721615496,18.44626633772895],[121.375076051273766,18.446267959720558],[121.375265380951646,18.446269581523428],[121.375454710649265,18.446271203137471],[121.37564404036641,18.446272824562776],[121.375642341514236,18.446453515915767],[121.375831671448722,18.44645513716921],[121.376021001402933,18.446456758233914],[121.37602269985959,18.446276066846995],[121.376024398296536,18.446095375456434],[121.376026096713943,18.44591468406232],[121.376027795111725,18.445733992664653],[121.376217124294271,18.445735613472586],[121.376218822474627,18.445554922054313],[121.376408151479097,18.445556542656455],[121.376409849442027,18.445375851217577],[121.376411547385416,18.445195159775146],[121.376413245309166,18.445014468329163],[121.376223916898084,18.445012847777914],[121.37622561500001,18.444832156345253],[121.376227313082396,18.44465146490904],[121.376229011145071,18.444470773469273],[121.376039683347003,18.444469152780179],[121.376041381587939,18.444288461353825],[121.376043079809236,18.444107769923828],[121.37585375242621,18.444106149080014],[121.375664425062922,18.444104528047461],[121.375662726446023,18.44428521944344],[121.375852054007211,18.444286840493046],[121.375850355568488,18.444467531902436],[121.375661027809599,18.444465910835866],[121.375659329153535,18.44464660222474],[121.37547000121647,18.444644980952379],[121.375280673299045,18.44464335949128],[121.375091345401231,18.444641737841444],[121.375089646132238,18.444822429175694],[121.375087946843621,18.445003120506392],[121.375086247535279,18.445183811833449],[121.374896919063801,18.445182189943804],[121.374707590611862,18.445180567865332],[121.374518262179564,18.445178945598123]]],[[[121.372430544370616,18.445703161444765],[121.372619873180227,18.445704785839606],[121.372809202009549,18.445706410045709],[121.37299853085851,18.445708034062985],[121.373000232401324,18.445527342933726],[121.373189561072024,18.445528966745211],[121.37337888976252,18.44553059036787],[121.373380590890022,18.445349899201041],[121.373382291997999,18.445169208030659],[121.373192963703175,18.445167584442018],[121.373194664989214,18.444986893284959],[121.373005336911831,18.444985269524633],[121.372816008854059,18.444983645575391],[121.372626680815927,18.4449820214375],[121.372437352797419,18.444980397110783],[121.372435650720178,18.44516108819963],[121.372433948623325,18.445341779284924],[121.372432246506833,18.445522470366665],[121.372430544370616,18.445703161444765]]],[[[121.369962452608092,18.446404790523335],[121.369964157394278,18.446224099681135],[121.369774828266614,18.446222472592183],[121.369773123282641,18.446403163417418],[121.369962452608092,18.446404790523335]]],[[[121.391167461079988,18.446585831715062],[121.390978129564274,18.446584225754009],[121.390788798067931,18.446582619604218],[121.390599466590942,18.446581013265511],[121.390597783345854,18.446761705951214],[121.390408451690519,18.446760099406983],[121.390406768228175,18.446940792072258],[121.390217436394579,18.446939185322325],[121.390215752714894,18.447119877967172],[121.390026420702867,18.447118271011625],[121.389837088710294,18.447116663867252],[121.389835404615653,18.447297356474795],[121.389646072444648,18.447295749124809],[121.389644388132666,18.447476441711924],[121.389455055783316,18.447474834156235],[121.389453371254177,18.447655526722922],[121.389451686705499,18.447836219286057],[121.389641019450536,18.447837826875496],[121.389830352214943,18.44783943427602],[121.390019684998791,18.447841041487806],[121.390209017802178,18.447842648510676],[121.390398350624935,18.447844255344808],[121.390587683467132,18.447845861990114],[121.390589366828848,18.447665169325994],[121.390778699492714,18.447666775765597],[121.390968032175934,18.447668382016463],[121.391157364878609,18.447669988078502],[121.391159047627383,18.447489295360292],[121.391348380151712,18.447490901216629],[121.391350062683244,18.44731020847799],[121.391539395029142,18.447311814128714],[121.391541077343433,18.447131121369647],[121.391542759638355,18.446950428606939],[121.391353427688145,18.446948822989789],[121.391355110161328,18.446768130240315],[121.391165778428373,18.446766524451302],[121.391167461079988,18.446585831715062]]],[[[121.370525328006124,18.446951743367329],[121.37033599802821,18.446950116776556],[121.370146668070007,18.446948489996956],[121.369957338131428,18.446946863028618],[121.369955633266557,18.447127553856518],[121.369953928381975,18.447308244680865],[121.369952223477668,18.447488935501571],[121.369762892965426,18.447487308293248],[121.369764598067519,18.447306617489595],[121.369575267772703,18.447304990109497],[121.369576973052887,18.447124299319345],[121.369578678313445,18.446943608525551],[121.369389348433941,18.446941980990733],[121.369391053872576,18.446761290210439],[121.369392759291486,18.446580599426504],[121.369394464690771,18.446399908639016],[121.369396170070345,18.446219217847975],[121.369206841001741,18.446217590192632],[121.369017511952862,18.44621596234855],[121.3690158061777,18.446396653105484],[121.368826476950645,18.446395025055523],[121.368824770958057,18.446575715791852],[121.368823064945659,18.446756406524628],[121.368821358913635,18.446937097253763],[121.368819652861887,18.447117787979256],[121.368817946790429,18.447298478701285],[121.36900727700646,18.447300106836511],[121.369005571113163,18.447480797571952],[121.369003865200156,18.447661488303751],[121.369193195831414,18.447663116284346],[121.369191490096583,18.447843807029646],[121.369380820945437,18.447845434838555],[121.369379115388597,18.448026125597266],[121.369377409812117,18.448206816352513],[121.369375704215997,18.44838750710403],[121.369565035677979,18.448389134775272],[121.369754367159672,18.448390762257688],[121.36975607236019,18.448210071471976],[121.369945403663706,18.448211698748512],[121.370134734987033,18.448213325836221],[121.370324066329914,18.448214952735192],[121.370325770917319,18.44803426189468],[121.370515102082109,18.448035888587771],[121.370516806451903,18.447855197726653],[121.370706137438617,18.447856824213865],[121.370707841590985,18.447676133332141],[121.370709545723642,18.447495442446776],[121.370711249836674,18.447314751557947],[121.370521919443533,18.447313125121806],[121.370523623734641,18.447132434246388],[121.370525328006124,18.446951743367329]]],[[[121.393054054495352,18.447324652537716],[121.393052373744169,18.447505345427789],[121.393050692973617,18.447686038314309],[121.393240025889895,18.447687642299432],[121.393429358825543,18.447689246095727],[121.393618691780631,18.447690849703196],[121.393620371957695,18.447510156766317],[121.39362205211539,18.447329463825795],[121.393623732253729,18.447148770881721],[121.393434399892129,18.447147167324612],[121.393245067549969,18.447145563578765],[121.393055735227165,18.447143959644091],[121.393054054495352,18.447324652537716]]],[[[121.379849961246777,18.44197184564656],[121.37984826721582,18.442152537459005],[121.379846573165139,18.44233322926781],[121.379844879095018,18.442513921073061],[121.379843185005257,18.44269461287476],[121.379841490895956,18.442875304672818],[121.379839796767129,18.443055996467322],[121.37965047017903,18.443054379500584],[121.379648775832763,18.443235071274572],[121.379459449066502,18.443233454102042],[121.379270122319866,18.443231836740864],[121.379268427558557,18.443412528477282],[121.379266732777708,18.443593220210147],[121.379077405655011,18.443591602626302],[121.379075710656835,18.44377229433865],[121.379074015639105,18.443952986047357],[121.37907232060175,18.444133677752511],[121.379070625544855,18.444314369454112],[121.379068930468421,18.444495061152072],[121.378879602376372,18.444493443294668],[121.378877907082597,18.444674134972111],[121.378876211769196,18.444854826645912],[121.37887451643617,18.445035518316161],[121.378685187770444,18.445033900219126],[121.378683492220077,18.445214591868769],[121.37868179665017,18.445395283514948],[121.378492467608481,18.44539366519507],[121.378303138586332,18.445392046686543],[121.378301442601199,18.445572738295152],[121.378112113400888,18.445571119580745],[121.377922784220019,18.445569500677689],[121.377733455058873,18.445567881585717],[121.377731758460811,18.44574857313988],[121.377542429121405,18.445746953842207],[121.377540732306002,18.445927645375765],[121.377351402788435,18.445926025872389],[121.377349705755606,18.446106717385341],[121.377160376059777,18.446105097676174],[121.376971046383574,18.44610347777818],[121.376969348935603,18.446284169253651],[121.376780019081153,18.446282549149867],[121.376778321415756,18.446463240604732],[121.37658899138313,18.446461620295246],[121.376587293500322,18.446642311729505],[121.37639796328952,18.446640691214228],[121.376396265189371,18.44682138262797],[121.376206934800322,18.446819761906902],[121.376205236482647,18.447000453300127],[121.376015905915523,18.446998832373179],[121.376014207380422,18.447179523745799],[121.375824876635036,18.447177902613149],[121.375826575367924,18.446997211257582],[121.375637244839865,18.446995589953069],[121.375638943750928,18.446814898610914],[121.375449613440381,18.446813277134627],[121.375260283149473,18.446811655469602],[121.375070952878104,18.446810033615751],[121.374881622626361,18.446808411573073],[121.374692292394329,18.446806789341657],[121.37450296218185,18.446805166921415],[121.374501262083911,18.446985858161607],[121.374311931693356,18.446984235535574],[121.37431023137799,18.447164926755161],[121.374308531043013,18.447345617971195],[121.374306830688397,18.447526309183587],[121.374305130314241,18.447707000392427],[121.374115799151937,18.447705377509532],[121.37411409856027,18.447886068697766],[121.374112397948977,18.448066759882359],[121.373923066410796,18.448065136776709],[121.373921365581992,18.448245827940784],[121.373919664733634,18.44842651910113],[121.373730332819306,18.448424895772636],[121.373728631753451,18.448605586912464],[121.373539299660948,18.448603963378179],[121.373541000924703,18.448423272255315],[121.373351669049725,18.448421648549079],[121.373162337194373,18.448420024654105],[121.373164038834005,18.448239333561794],[121.372974707196178,18.448237709495046],[121.372976409014058,18.448057018416058],[121.372787077593657,18.448055394177448],[121.372597746192866,18.4480537697501],[121.372408414811716,18.448052145133925],[121.37221908345029,18.448050520328923],[121.372029752108489,18.448048895335184],[121.371840420786398,18.448047270152529],[121.371651089483933,18.448045644781136],[121.371649386281291,18.44822633574093],[121.371460054800664,18.448224710163657],[121.371270723339663,18.448223084397647],[121.371269019721794,18.448403775319694],[121.371079688082631,18.448402149347803],[121.371077984247165,18.448582840249244],[121.370888652429912,18.448581214071474],[121.37088694837702,18.44876190495231],[121.370885244304404,18.448942595829593],[121.370695912111188,18.44894096942889],[121.37069420782106,18.449121660285567],[121.370504875449583,18.449120033678984],[121.37050317094203,18.449300724514966],[121.370313838392391,18.449299097702593],[121.370312133667312,18.449479788517881],[121.370122800939598,18.449478161499627],[121.370121095996922,18.449658852294309],[121.369931763091031,18.449657225070176],[121.369742430204866,18.449655597657216],[121.369553097338326,18.449653970055429],[121.36936376449151,18.449652342264816],[121.369174431664305,18.449650714285287],[121.369176137596156,18.44947002357587],[121.368986804986562,18.449468395424745],[121.368797472396693,18.449466767084704],[121.368608139826534,18.449465138555837],[121.368606433301125,18.449645829214006],[121.368417100552804,18.449644200479259],[121.368415393809869,18.449824891116823],[121.368226060883387,18.449823262176196],[121.368036727976602,18.449821633046742],[121.36803843511521,18.449640942443285],[121.36784910242595,18.449639313142058],[121.367850809742649,18.449458622552189],[121.367852517039708,18.449277931958679],[121.367854224316957,18.449097241361528],[121.368043556412644,18.449098870611508],[121.368045263472382,18.44891817999375],[121.368046970512495,18.448737489372352],[121.368048677532798,18.448556798747401],[121.368050384533475,18.448376108118897],[121.368052091514343,18.448195417486751],[121.368053798475572,18.448014726850964],[121.367864467566761,18.44801309770348],[121.36786617470608,18.447832407081194],[121.367867881825674,18.447651716455354],[121.367678551332347,18.44765008715315],[121.367680258630031,18.447469396540811],[121.36749092835413,18.447467767066922],[121.36749263582989,18.447287076468083],[121.3673033057716,18.44728544682242],[121.367301598097953,18.447466137404206],[121.367299890404581,18.44764682798235],[121.367298182691499,18.447827518556942],[121.367487513343363,18.447829148253852],[121.367485805808371,18.448009838841944],[121.36748409825374,18.448190529426483],[121.367294767206275,18.448188899695378],[121.367105436178534,18.448187269775534],[121.367107144128838,18.44800657922519],[121.366917813318608,18.448004949133573],[121.366728482528103,18.448003318853218],[121.366726774182197,18.448184009369367],[121.366537443213602,18.448182378883132],[121.366535734650085,18.448363069378587],[121.366534026066944,18.448543759870489],[121.366532317463992,18.448724450358839],[121.36653060884133,18.448905140843546],[121.366341277101185,18.448903510100095],[121.366339568260912,18.449084200564108],[121.366150236342676,18.449082569614777],[121.366148527284892,18.449263260058096],[121.36595919518858,18.449261628902885],[121.365957485913199,18.449442319325509],[121.365955776618094,18.449623009744581],[121.366145109110178,18.449624640934076],[121.366143399993149,18.449805331366647],[121.366141690856495,18.449986021795578],[121.365952357968723,18.449984390571977],[121.365950648614472,18.450165080980302],[121.365948939240496,18.450345771384985],[121.365759605976848,18.450344139938274],[121.365757896385176,18.450524830322351],[121.365568562943452,18.45052319866976],[121.365566853134268,18.450703889033054],[121.365377519514382,18.450702257174584],[121.365375809487588,18.450882947517183],[121.365186475689612,18.450881315452744],[121.36499714191136,18.450879683199478],[121.364995431469083,18.45106037350433],[121.364806097512755,18.451058741045095],[121.364804386852953,18.451239431329252],[121.364615052718449,18.451237798664049],[121.364613341841064,18.451418488927423],[121.364611630943855,18.451599179187333],[121.364800965474046,18.451600811886731],[121.364802676173355,18.451420121609768],[121.364992010525469,18.451421754103198],[121.365181344897294,18.4514233864078],[121.36518305518112,18.45124269609309],[121.365372389374869,18.451244328191724],[121.365561723588328,18.451245960101531],[121.365563433456657,18.451065269748984],[121.36575276749204,18.451066901452911],[121.365942101547063,18.451068532967923],[121.365943811000079,18.450887842577629],[121.365945520433215,18.450707152183604],[121.366134854112346,18.450708783475683],[121.366136563327956,18.450528093061052],[121.366325896828926,18.450529724147163],[121.366324187811202,18.450710414578847],[121.366513521529768,18.450712045493184],[121.366511812690035,18.450892735938456],[121.366701146626198,18.45089436668102],[121.366699437964641,18.451075057139793],[121.366697729283445,18.451255747594924],[121.366696020582438,18.451436438046414],[121.366694311861721,18.451617128494352],[121.36669260312128,18.451797818938736],[121.366881938066513,18.451799449577916],[121.366880229504247,18.451980140035801],[121.366878520922171,18.452160830490044],[121.366876812320456,18.452341520940735],[121.366687476781664,18.452339890250219],[121.366685767962352,18.452520580680215],[121.366496432245469,18.452518949783819],[121.366307096548297,18.452517318698508],[121.366305387313503,18.452698009090756],[121.366116051438169,18.452696377799565],[121.366114341985764,18.452877068171119],[121.365925005932269,18.45287543667396],[121.365923296262267,18.453056127024819],[121.365733960030596,18.453054495321691],[121.365732250142983,18.453235185651856],[121.365542913733236,18.453233553742759],[121.365544623818721,18.453052863429736],[121.365355287626585,18.453051231348866],[121.365356997890245,18.452870541049343],[121.365167661915706,18.452868908796699],[121.365169372357528,18.452688218510676],[121.364980036600599,18.452686586086347],[121.364790700863466,18.452684953473103],[121.364601365146044,18.452683320671031],[121.364412029448346,18.452681687680133],[121.364222693770458,18.45268005450032],[121.364220982339276,18.452860744700899],[121.364031646483227,18.452859111315117],[121.363842310646973,18.452857477740508],[121.363844022473913,18.452676787574212],[121.36365468685527,18.452675153827919],[121.363656398860385,18.452494463675123],[121.363467063459339,18.452492829757055],[121.363465351256423,18.452673519892709],[121.363463639033696,18.452854210024721],[121.36365297483043,18.452855843977073],[121.363651262785879,18.453036534122585],[121.363649550721519,18.453217224264545],[121.363838886933834,18.453218858062264],[121.363837175047649,18.453399548217725],[121.363835463141655,18.453580238369632],[121.364024799769453,18.45358187201272],[121.36402308804162,18.453762562178127],[121.364021376293991,18.453943252339982],[121.364210713337371,18.453944885828438],[121.364209001767904,18.454125576003793],[121.364207290178626,18.454306266175507],[121.364396627637504,18.454307899509331],[121.364394916226402,18.454488589694634],[121.364584253902962,18.454490222856595],[121.364582542670021,18.454670913055399],[121.364580831417285,18.454851603250649],[121.364391493344954,18.454849970054404],[121.364202155292432,18.454848336669244],[121.36420386694094,18.454667646508277],[121.364014529106015,18.454666012951431],[121.363825191290815,18.454664379205582],[121.363826903315285,18.454483689075257],[121.363637565717866,18.454482055157722],[121.363448228140072,18.454480421051361],[121.36344651571973,18.454661111147491],[121.36325717796386,18.454659476835072],[121.363255465325921,18.454840166910419],[121.363253752668086,18.455020856982213],[121.363252039990613,18.455201547050454],[121.363441378340141,18.455203181414209],[121.363439665840758,18.45538387149595],[121.363629004407983,18.455385505687932],[121.36363071670948,18.455204815589138],[121.363820055098628,18.455206449575151],[121.364009393507487,18.455208083372248],[121.364011105393416,18.455027393235529],[121.364200443624114,18.455029026826658],[121.364198731936156,18.455209716980519],[121.36438807038455,18.455211350399875],[121.364386358874683,18.455392040567148],[121.364575697540758,18.455393673814729],[121.364573986209066,18.455574363995591],[121.364572274857551,18.455755054172812],[121.364761613939208,18.455756687265762],[121.364759902765968,18.455937377456483],[121.364949242065222,18.455939010377659],[121.365138581384301,18.45594064310983],[121.365140292161769,18.455759952884915],[121.365329631302671,18.455761585411118],[121.365518970463285,18.455763217748494],[121.365520680825099,18.455582527485742],[121.365331341862458,18.455580895165419],[121.365142002919441,18.455579262656357],[121.365143713657389,18.455398572424158],[121.365145424375626,18.455217882188407],[121.365147135074139,18.455037191949014],[121.365148845752856,18.454856501706068],[121.365338183904143,18.454858134146829],[121.36552752207524,18.454859766398673],[121.36552923233846,18.45467907611798],[121.365718570331296,18.454680708163856],[121.365907908343942,18.454682340020817],[121.36590961819158,18.454501649702287],[121.366098956026065,18.454503281353279],[121.366288293880345,18.454504912815445],[121.366477631754265,18.454506544088694],[121.366666969647895,18.454508175173029],[121.366856307561321,18.454509806068536],[121.367045645494485,18.454511436775217],[121.367234983447261,18.454513067292982],[121.367233274984912,18.45469375773115],[121.367422613155384,18.454695388077052],[121.367420904871295,18.45487607852872],[121.367419196567397,18.455056768976746],[121.367417488243873,18.45523745942122],[121.36741577990054,18.455418149862052],[121.367605118882366,18.455419780087428],[121.367603410717294,18.455600470541849],[121.367792749916717,18.455602100595364],[121.367982089135864,18.455603730460052],[121.367983796905165,18.455423039971613],[121.368173135946066,18.455424669630332],[121.368362475006762,18.455426299100136],[121.368551814087084,18.455427928381113],[121.368741153187216,18.455429557473174],[121.368739446209545,18.455610248030002],[121.368928785527274,18.455611876950201],[121.369118124864642,18.455613505681573],[121.36930746422172,18.455615134224029],[121.369305757818168,18.455795824828463],[121.369495097392857,18.455797453199057],[121.369493391167481,18.455978143816903],[121.369491684922465,18.456158834431196],[121.369302344951919,18.456157206026408],[121.369300638489207,18.456337896620095],[121.369111298340499,18.456336268009338],[121.368921958211416,18.456334639209754],[121.368923665069886,18.456153948650261],[121.368734325158499,18.456152319678814],[121.368544985266723,18.456150690518452],[121.368355645394686,18.456149061169263],[121.368166305542346,18.45614743163107],[121.367976965709744,18.45614580190405],[121.367787625896838,18.456144171988115],[121.367789333923184,18.455963481527476],[121.36759999432789,18.455961851439767],[121.367410654752319,18.455960221163142],[121.367221315196559,18.455958590697602],[121.36721960657637,18.456139281106992],[121.367030266842349,18.456137650435483],[121.366840927128038,18.456136019575148],[121.36683921809238,18.45631670994679],[121.367028558004662,18.456318340824268],[121.36721789793657,18.45631997151283],[121.36721618927713,18.456500661915026],[121.367405529426648,18.456502292431814],[121.367594869596061,18.456503922759687],[121.367593161312584,18.456684613192525],[121.367782501699594,18.456686243348535],[121.367971842106243,18.456687873315719],[121.368161182532688,18.456689503093987],[121.368350522978773,18.456691132683339],[121.368539863444568,18.456692762083776],[121.368729203930073,18.456694391295297],[121.368918544435303,18.456696020317903],[121.368916837517673,18.456876710866648],[121.369106178240514,18.456878339717392],[121.369295518983066,18.456879968379308],[121.369297225504823,18.456699277796545],[121.369107884960258,18.456697649151682],[121.369109591660191,18.456516958582331],[121.369298932006885,18.456518587210052],[121.369488272373289,18.456520215648947],[121.369677612759318,18.456521843898926],[121.369866953165072,18.45652347195999],[121.369868659053665,18.456342781318785],[121.370057999281244,18.456344409173969],[121.370059704952141,18.456163718512069],[121.370061410603498,18.455983027846617],[121.370063116235045,18.455802337177612],[121.370064821846967,18.455621646504966],[121.37025416130254,18.455623274103022],[121.370255866696851,18.45544258340977],[121.370257572071452,18.455261892712965],[121.370068233011736,18.455260265149015],[121.370069938564583,18.455079574465621],[121.369880599722478,18.455077946729897],[121.369691260900069,18.455076318805258],[121.369692966829078,18.454895628152418],[121.369694672738348,18.454714937495936],[121.36950533433145,18.454713309416487],[121.369507040418981,18.454532618773506],[121.369508746486801,18.454351928126972],[121.369319408495301,18.454350299892802],[121.369321114741282,18.454169609259679],[121.369131776967464,18.454167980853736],[121.36894243921337,18.454166352258877],[121.368944145835414,18.453985661656308],[121.368945852437918,18.453804971050097],[121.368756515099221,18.453803342300517],[121.368758221879801,18.453622651707807],[121.368568884758801,18.453621022786365],[121.368570591717557,18.453440332207155],[121.368572298656673,18.453259641624392],[121.36838296195107,18.453258012548229],[121.368193625265192,18.453256383283239],[121.36819533258037,18.45307569273103],[121.368197039875824,18.452895002175179],[121.368198747151567,18.452714311615686],[121.368388083243801,18.452715940829428],[121.368389790301933,18.45253525024933],[121.36857912621609,18.452536879257192],[121.368768462149774,18.452538508076227],[121.368770168792508,18.452357817458381],[121.368959504548116,18.452359446071448],[121.368961210973254,18.452178755432907],[121.3691505465506,18.452180383840094],[121.369152252758226,18.451999693180948],[121.369153958946029,18.451819002518249],[121.369343294147512,18.451820630702414],[121.369345000117804,18.451639940018932],[121.369534335141026,18.451641567997218],[121.36953604089372,18.451460877293218],[121.369725375738767,18.451462505065624],[121.369914710603439,18.451464132649114],[121.369916415940821,18.451283441907368],[121.370105750627332,18.451285069284978],[121.370295085333552,18.451286696473762],[121.370484420059498,18.451288323473719],[121.370486124783582,18.45110763267726],[121.370675459331267,18.451109259471338],[121.370864793898676,18.451110886076499],[121.371054128485795,18.451112512492834],[121.37124346309254,18.451114138720431],[121.371432797718924,18.451115764759113],[121.371434501434038,18.450935073873747],[121.371623835882247,18.450936699706549],[121.37181317035018,18.450938325350524],[121.372002504837738,18.450939950805672],[121.372191839344922,18.450941576071994],[121.372381173871815,18.4509432011494],[121.372382876577973,18.450762510175394],[121.37257221092662,18.450764135046921],[121.372761545294978,18.450765759729709],[121.372763247585723,18.450585068717956],[121.37295258177592,18.450586693194865],[121.373141915985656,18.450588317482858],[121.373331250215102,18.450589941582113],[121.373332951892664,18.450409250515737],[121.373522285943849,18.450410874409112],[121.37371162001476,18.450412498113661],[121.37390095410521,18.450414121629294],[121.374090288215385,18.450415744956189],[121.374279622345085,18.450417368094168],[121.374277921656784,18.450598059245543],[121.37446725600401,18.450599682211749],[121.37446555549397,18.450780373376624],[121.374463854964205,18.450961064537857],[121.374462154414815,18.451141755695449],[121.374460453845799,18.451322446849488],[121.374649789004096,18.451324069694902],[121.374648088613341,18.451504760862353],[121.374837423989163,18.451506383535904],[121.374839124182031,18.4513256923514],[121.375028459379607,18.451327314819071],[121.375030159355049,18.451146623614051],[121.375031859310866,18.450965932405389],[121.375221194132294,18.450967554650216],[121.3752228938706,18.450786863420948],[121.37522459358928,18.450606172188127],[121.375226293288407,18.450425480951665],[121.375227992967837,18.450244789711739],[121.375229692627627,18.450064098468083],[121.375231392267878,18.449883407220874],[121.375233091888404,18.449702715970112],[121.375234791489405,18.449522024715797],[121.37542412474771,18.449523646635729],[121.375425824131199,18.449342955360809],[121.375615157211342,18.449344577075038],[121.375616856377391,18.449163885779512],[121.375618555523815,18.448983194480345],[121.375807888227826,18.44898481597173],[121.375809587156823,18.448804124652046],[121.375998919682559,18.448805745937552],[121.37600061839413,18.448625054597262],[121.376189950741718,18.448626675677065],[121.376191649235764,18.448445984316169],[121.376380981405177,18.448447605190182],[121.376382679681811,18.448266913808769],[121.376572011672963,18.448268534476902],[121.376761343683739,18.448270154956209],[121.376763041545146,18.448089463537226],[121.376952373377677,18.448091083810741],[121.376954071021657,18.447910392371242],[121.377143402676012,18.447912012438966],[121.377332734349906,18.447913632317952],[121.37733443157866,18.447732940840794],[121.377523763074294,18.44773456051399],[121.377713094589566,18.447736179998358],[121.377714791403093,18.447555488483719],[121.377716488196995,18.447374796965526],[121.377905819336206,18.44737641622714],[121.377907515912781,18.447195724688342],[121.377909212469717,18.447015033145902],[121.377910909007028,18.446834341599999],[121.378100239572476,18.446835960621893],[121.378289570157378,18.446837579454961],[121.378478900761991,18.446839198099291],[121.378668231386058,18.446840816554793],[121.378857562029751,18.446842434821558],[121.378859257558545,18.446661743187104],[121.379048588023977,18.446663361248078],[121.379050283335332,18.446482669593195],[121.37905197862716,18.44630197793467],[121.37905367389935,18.446121286272504],[121.379055369151999,18.445940594606874],[121.379057064385009,18.445759902937514],[121.379058759598493,18.44557921126469],[121.379060454792437,18.445398519588224],[121.379249783892917,18.445400137341711],[121.379251478869435,18.445219445644639],[121.379253173826413,18.445038753944104],[121.379442502550845,18.445040371474835],[121.379440807791667,18.445221063192424],[121.379630136733525,18.445222680551382],[121.379628442152509,18.445403372282293],[121.379626747551967,18.445584064009562],[121.379625052931871,18.445764755733368],[121.379814382486671,18.445766372954392],[121.379812688044751,18.445947064691431],[121.380002017816878,18.445948681740681],[121.38019134760863,18.445950298601016],[121.380193041654863,18.445769606830048],[121.380382371268368,18.44577122348468],[121.38038406509726,18.445590531693195],[121.380573394532419,18.445592148142126],[121.380575088143971,18.445411456330035],[121.380576781735996,18.445230764514392],[121.380578475308482,18.445050072695196],[121.380580168861428,18.444869380872358],[121.38058186239482,18.444688689045968],[121.380583555908601,18.444507997215936],[121.380585249402827,18.444327305382352],[121.380586942877528,18.444146613545215],[121.380588636332675,18.443965921704436],[121.380590329768296,18.443785229860104],[121.380592023184278,18.443604538012131],[121.380593716580819,18.443423846160606],[121.380595409957721,18.443243154305527],[121.380597103315083,18.443062462446807],[121.380598796652905,18.442881770584535],[121.380600489971201,18.442701078718709],[121.380602183269943,18.442520386849242],[121.38060387654906,18.442339694976223],[121.38041455067372,18.442338078832204],[121.380416244131098,18.442157386972507],[121.380417937568936,18.441976695109258],[121.380419630987134,18.441796003242366],[121.380230305724652,18.441794386960503],[121.380231999321111,18.441613695107023],[121.380233692897946,18.441433003249902],[121.380235386455325,18.441252311389228],[121.380046061805601,18.44125069496943],[121.380047755541057,18.441070003122167],[121.380049449256987,18.440889311271263],[121.37986012502229,18.440887694696567],[121.379861818916382,18.440707002859074],[121.379863512790934,18.44052631101794],[121.379865206645945,18.440345619173254],[121.379675883024007,18.440344002460712],[121.379677577057194,18.440163310629348],[121.379679271070742,18.439982618794431],[121.37968096506475,18.439801926955873],[121.379682659039233,18.439621235113762],[121.379493336227753,18.439619618280339],[121.379491642055569,18.439800310105486],[121.37948994786376,18.43998100192708],[121.379488253652511,18.440161693745033],[121.379486559421622,18.440342385559433],[121.379484865171193,18.44052307737028],[121.379674188971293,18.440524694288435],[121.379672494899026,18.440705386112604],[121.379670800807148,18.440886077933222],[121.379669106695715,18.441066769750286],[121.379858431108659,18.441068386530596],[121.379856737175402,18.441249078360894],[121.379855043222605,18.441429770187728],[121.379853349250254,18.441610462010921],[121.379851655258292,18.441791153830472],[121.379849961246777,18.44197184564656]],[[121.367455066808049,18.451262268813601],[121.367456774697871,18.451081578290168],[121.367458482567983,18.450900887763094],[121.367460190418385,18.450720197232467],[121.367461898248962,18.450539506698199],[121.367463606060014,18.450358816160378],[121.367465313851255,18.450178125619004],[121.367654647094568,18.450179755349044],[121.367843980357591,18.450181384890346],[121.368033313640325,18.450183014242821],[121.368222646942783,18.450184643406381],[121.368220939942915,18.450365334016144],[121.36841027346297,18.45036696300793],[121.368408566641264,18.450547653631194],[121.368219232923408,18.450546024622266],[121.368217525884091,18.450726715224746],[121.368028191988159,18.450725086009939],[121.368026484731246,18.450905776591814],[121.367837150657138,18.450904147171126],[121.367835443182713,18.451084837732306],[121.367833735688649,18.451265528289934],[121.367644401238493,18.451263898646136],[121.367642693526832,18.451444589183158],[121.367640985795447,18.451625279716449],[121.36745165096923,18.451623649849719],[121.367453358898501,18.45144295933348],[121.367455066808049,18.451262268813601]],[[121.368937319228849,18.454708424045002],[121.368747980900636,18.454706795210157],[121.368749687779797,18.454526104635388],[121.368939025910038,18.454527733453268],[121.368937319228849,18.454708424045002]],[[121.368730911025878,18.456513700760052],[121.36854157073833,18.456512071565584],[121.368543278012396,18.456331381043839],[121.368732618102044,18.456333010221254],[121.368730911025878,18.456513700760052]]],[[[121.393983918799037,18.449139599986847],[121.394173253394953,18.449141203162306],[121.394362588010225,18.449142806148938],[121.394364267551168,18.448962113173511],[121.394365947072757,18.448781420194532],[121.394367626574905,18.448600727211911],[121.394178292553107,18.448599124275638],[121.393988958550679,18.448597521150539],[121.393987278652858,18.448778214099587],[121.393985598735668,18.448958907044993],[121.393983918799037,18.449139599986847]]],[[[121.369529217764537,18.45218364008781],[121.369718553401043,18.452185267928428],[121.369720259015011,18.452004577218123],[121.369530923576392,18.452002949394558],[121.369529217764537,18.45218364008781]]],[[[121.373883942381184,18.452221032641663],[121.37407327846995,18.452222656138556],[121.374262614578242,18.45222427944671],[121.374264315443298,18.452043588327577],[121.374074979532793,18.452041965036475],[121.373885643641913,18.452040341556547],[121.373883942381184,18.452221032641663]]],[[[121.373310828551638,18.452758234098138],[121.373500165175173,18.452759858212758],[121.373501866890564,18.452579167172495],[121.373503568586415,18.45239847612859],[121.373314232358652,18.452396852048075],[121.373312530465,18.452577543074927],[121.373310828551638,18.452758234098138]]],[[[121.372737711160312,18.453295433516331],[121.372548374021804,18.453293808595244],[121.372359036902935,18.453292183485242],[121.372357333921627,18.453472874409066],[121.372355630920595,18.453653565329247],[121.372544968435236,18.453655190473267],[121.372734305969516,18.453656815428371],[121.372736008574776,18.453476124474172],[121.372737711160312,18.453295433516331]]],[[[121.373861824203942,18.454570016420973],[121.373860122668219,18.45475070745573],[121.374049461527392,18.454752331190921],[121.374051162865214,18.454571640139022],[121.374240501546126,18.454573263668333],[121.374429840246762,18.45457488700864],[121.374431541169102,18.45439419591926],[121.374433242071888,18.45421350482615],[121.374622580396291,18.454215127943613],[121.374624281081481,18.454034436829986],[121.374434942954977,18.454032813729576],[121.374245604848085,18.454031190440251],[121.374056266760832,18.45402956696201],[121.374054565481984,18.454210258024656],[121.37386522721647,18.454208634340535],[121.373863525720026,18.454389325382575],[121.373861824203942,18.454570016420973]]],[[[121.377457564349044,18.454781526124236],[121.377455866553888,18.454962217478293],[121.377645205983796,18.454963837641674],[121.377646903580981,18.454783146270564],[121.377648601158612,18.454602454895902],[121.37745926212456,18.454600834766449],[121.377457564349044,18.454781526124236]]],[[[121.37291342866672,18.454742585946931],[121.372724089925413,18.454740961078514],[121.37253475120373,18.454739336021181],[121.372345412501687,18.454737710775021],[121.372343709363079,18.454918401670067],[121.372154370482775,18.454916776217939],[121.372152667126556,18.455097467092379],[121.371963328068077,18.455095841434371],[121.371961624494361,18.455276532288206],[121.371959920900906,18.455457223138399],[121.371770581466208,18.455455597257458],[121.371768877655242,18.455636288087046],[121.37195821728784,18.45563791398504],[121.37195651365505,18.455818604828128],[121.372145853505245,18.455820230554259],[121.372144150050801,18.456000921410759],[121.372333490118521,18.456002546965028],[121.372331786842324,18.456183237834939],[121.372521127127641,18.456184863217345],[121.372519424029718,18.456365554100756],[121.372708764532632,18.4563671793113],[121.372898105055185,18.456368804332929],[121.373087445597449,18.456370429165641],[121.373276786159352,18.456372053809439],[121.373278488465644,18.456191362857993],[121.373280190752226,18.456010671902906],[121.373469530937882,18.456012296323859],[121.373471233006953,18.455831605348166],[121.373472935056384,18.45565091436892],[121.373662274865822,18.455652538566941],[121.373663976697642,18.45547184756709],[121.373665678509852,18.455291156563685],[121.373667380302422,18.455110465556551],[121.373478041086656,18.45510884140969],[121.373479743057487,18.454928150416055],[121.373290404059318,18.454926526097243],[121.373101065080775,18.454924901589603],[121.373102767427753,18.454744210626433],[121.37291342866672,18.454742585946931]]],[[[121.374605572464432,18.456022038882441],[121.374607273346001,18.455841347804697],[121.374417933240352,18.455839724534201],[121.374228593154442,18.455838101074789],[121.374039253088142,18.455836477426462],[121.37403755161283,18.456017168453137],[121.374035850117878,18.456197859476259],[121.374225190580034,18.456199483158603],[121.374223489263443,18.456380174195136],[121.374412829943196,18.456381797705617],[121.374414531061902,18.456201106652031],[121.374603871563323,18.456202729956544],[121.374605572464432,18.456022038882441]]],[[[121.369672494381689,18.457063915749799],[121.369674200527314,18.456883225136394],[121.369484859745327,18.456881596852309],[121.369295518983066,18.456879968379308],[121.369293812441668,18.457060658958607],[121.369483153401816,18.457062287448661],[121.369672494381689,18.457063915749799]]],[[[121.369860129413908,18.457246234488927],[121.369861835381187,18.457065543862022],[121.369672494381689,18.457063915749799],[121.369670788216439,18.457244606359563],[121.369860129413908,18.457246234488927]]],[[[121.370047764841999,18.457428553069605],[121.370049470631102,18.457247862429288],[121.369860129413908,18.457246234488927],[121.369858423426834,18.457426925112102],[121.370047764841999,18.457428553069605]]],[[[121.375900360855155,18.459285837532896],[121.376089704878552,18.459287459615098],[121.376091404529816,18.459106768466032],[121.375902060704306,18.459105146400795],[121.375900360855155,18.459285837532896]]],[[[121.369462675743577,18.45923057432422],[121.369652019098794,18.459232202830083],[121.369650312697203,18.45941289339677],[121.369839656270116,18.459414521730771],[121.369837950046772,18.45959521231087],[121.369836243803803,18.459775902887415],[121.369834537541109,18.459956593460408],[121.369645193374367,18.459954965075248],[121.369643486893992,18.460135655627546],[121.369454142548904,18.460134027036418],[121.369452435850917,18.46031471756811],[121.369263091327568,18.460313088770924],[121.369073746823929,18.460311459784823],[121.36888440233993,18.460309830609805],[121.36869505787574,18.460308201245873],[121.368505713431162,18.460306571692936],[121.368316369006408,18.460304941951083],[121.368314661100854,18.460485632376727],[121.36831295317559,18.460666322798819],[121.368311245230601,18.460847013217357],[121.368121900231543,18.460845383235341],[121.368120192068872,18.461026073633185],[121.368309537265901,18.461027703632254],[121.368498882482655,18.461029333442408],[121.368500590249383,18.460848643010369],[121.368689935287776,18.460850272614465],[121.368691642836822,18.460669582161909],[121.368880987697054,18.460671211559948],[121.369070332576911,18.46067284076916],[121.369259677476492,18.460674469789367],[121.369261384411885,18.460493779281922],[121.36945072913322,18.460495408096072],[121.369640073874251,18.460497036721396],[121.369641780393977,18.460316346176292],[121.369831124956676,18.460317974595558],[121.370020469539085,18.46031960282582],[121.370022175643143,18.460138912242968],[121.370211520047306,18.46014054026735],[121.370213225933753,18.459959849663893],[121.37040257015957,18.459961477482217],[121.37040427582842,18.459780786858065],[121.370405981477461,18.459600096230361],[121.370407687106876,18.459419405599103],[121.370409392716581,18.459238714964204],[121.370411098306647,18.459058024325664],[121.370412803877002,18.458877333683571],[121.370414509427718,18.458696643037925],[121.370603852287516,18.458698270547963],[121.370605557620536,18.458517579881711],[121.370607262933859,18.458336889211818],[121.370608968227543,18.458156198538283],[121.370610673501588,18.457975507861196],[121.370612378755837,18.457794817180556],[121.370423036885839,18.457793189755694],[121.370424742318349,18.457612499088555],[121.370235400665948,18.457610871491831],[121.37023710627679,18.457430180838102],[121.370047764841999,18.457428553069605],[121.370046059033257,18.45760924370628],[121.370044353204719,18.457789934339313],[121.370233695035466,18.457791562142006],[121.37023198938526,18.457972252788629],[121.370230283715344,18.45815294343161],[121.370228578025802,18.45833363407095],[121.370039235601212,18.458332006217187],[121.370037529693974,18.458512696835921],[121.369848187091222,18.458511068776101],[121.369846480966388,18.458691759374229],[121.369657138185374,18.45869013110844],[121.369467795424001,18.458688502653825],[121.369466088883485,18.458869193214205],[121.369464382323443,18.459049883771034],[121.369462675743577,18.45923057432422]]],[[[121.376661135161726,18.458930942324386],[121.376659436124015,18.459111633527986],[121.376657737066765,18.459292324728032],[121.376847081168677,18.459293946054483],[121.376845382289687,18.459474637267942],[121.376843683391144,18.459655328477758],[121.377033027908638,18.459656949649222],[121.377222372445758,18.45965857063177],[121.37722407094833,18.459477879388025],[121.377225769431377,18.45929718814055],[121.377227467894798,18.45911649688961],[121.377038123951607,18.459114875957955],[121.37703982259336,18.458934184720427],[121.37685047886778,18.45893256361682],[121.376661135161726,18.458930942324386]]],[[[121.373239330450687,18.460347253832992],[121.373241033189259,18.460166562960506],[121.373242735908107,18.459985872084555],[121.37324443860733,18.459805181204874],[121.373055094284453,18.459803556237603],[121.373053391387245,18.45998424710023],[121.372864046886008,18.459982621927079],[121.372862343771203,18.460163312769101],[121.372672999091719,18.460161687389892],[121.372671295759218,18.460342378211308],[121.372669592407092,18.460523069029083],[121.372480247351277,18.460521443426941],[121.372478543781554,18.46070213422411],[121.372289198547392,18.460700508416],[121.372287494760059,18.460881199192563],[121.372098149347551,18.460879573178484],[121.372096445342535,18.461060263934442],[121.372285790953015,18.461061889965574],[121.37247513658312,18.461063515807702],[121.372476840192192,18.460882825017727],[121.372666185643951,18.460884450653886],[121.372667889035341,18.460703759843305],[121.372857234308839,18.460705385273496],[121.373046579601976,18.460707010514859],[121.373044876606542,18.460887701359457],[121.37323422211719,18.46088932642887],[121.373423567647649,18.460890951309278],[121.373612913197732,18.460892576000681],[121.373614615599237,18.460711885105013],[121.373616317981032,18.460531194205615],[121.373426972826991,18.460529569548228],[121.373428675387117,18.46034887866233],[121.373239330450687,18.460347253832992]]],[[[121.374549432360666,18.461984842432916],[121.374547730811628,18.462165533388625],[121.374546029242964,18.462346224340692],[121.374544327654675,18.462526915289118],[121.374542626046747,18.462707606233991],[121.374353278418511,18.462705982317168],[121.374351576592986,18.462886673241435],[121.374349874747736,18.46306736416215],[121.374348172882861,18.463248055079223],[121.374346470998361,18.463428745992655],[121.374344769094236,18.463609436902534],[121.374343067170486,18.46379012780886],[121.374341365227096,18.463970818711633],[121.374339663264081,18.464151509610765],[121.374337961281341,18.464332200506256],[121.374527310691718,18.464333824576112],[121.37471666012172,18.464335448456964],[121.374906009571347,18.464337072148901],[121.374907710959988,18.46415638120234],[121.375097060231184,18.464158004688219],[121.375098761402114,18.463977313721053],[121.375100462553419,18.463796622750333],[121.375289811448212,18.463798246013191],[121.375291512381921,18.463617555021866],[121.37529321329599,18.463436864026988],[121.375482561814366,18.463438487066913],[121.375484262510753,18.46325779605143],[121.375485963187501,18.463077105032305],[121.375487663844723,18.462896414009627],[121.37548936448222,18.462715722983308],[121.375678712228236,18.462717345766283],[121.375680412648123,18.462536654719447],[121.375682113048398,18.462355963668969],[121.375683813429035,18.462175272614939],[121.375685513790032,18.461994581557267],[121.375874860763687,18.461996204083292],[121.375876560907102,18.461815513005103],[121.375878261030877,18.461634821923273],[121.375879961135112,18.46145413083789],[121.37569061475547,18.461452508362846],[121.375692315038052,18.461271817290786],[121.375502968876006,18.461270194643792],[121.375504669336934,18.461089503585232],[121.375506369778236,18.46090881252303],[121.375508070199899,18.460728121457276],[121.375509770602036,18.46054743038788],[121.37532042525153,18.460545807619916],[121.375322125832,18.460365116563931],[121.37513278069919,18.460363493624016],[121.37513448145792,18.460182802581443],[121.375136182197025,18.460002111535317],[121.375325526933977,18.460003734441216],[121.375327227455486,18.459823043374485],[121.375328927957355,18.459642352304112],[121.375330628439684,18.459461661230275],[121.375332328902388,18.459280970152708],[121.375334029345382,18.459100279071677],[121.375523373112088,18.459101901703661],[121.375525073337556,18.458921210601936],[121.375526773543399,18.458740519496658],[121.375528473729617,18.458559828387738],[121.375530173896195,18.458379137275266],[121.375531874043162,18.458198446159241],[121.37553357417049,18.458017755039663],[121.375535274278278,18.457837063916354],[121.375536974366341,18.457656372789582],[121.375538674434878,18.457475681659169],[121.375349332449758,18.457474059180129],[121.375351032696543,18.457293368063127],[121.375352732923801,18.457112676942572],[121.375163391354178,18.457111054308633],[121.37497404980418,18.45710943148578],[121.374784708273808,18.45710780847401],[121.374595366763074,18.457106185273414],[121.3745936657442,18.457286876325934],[121.374591964705601,18.457467567374991],[121.374590263647363,18.457648258420406],[121.374400921562511,18.457646634979824],[121.374399220286676,18.457827326004544],[121.374397518991316,18.458008017025801],[121.374208176530132,18.458006393362286],[121.374206475017075,18.458187084362937],[121.374017132377631,18.458185460493542],[121.374015430647063,18.458366151473498],[121.373826087829272,18.458364527398135],[121.373824385881093,18.458545218357575],[121.373822683913289,18.458725909313372],[121.373633340719181,18.458724285015077],[121.373631638533766,18.458904975950269],[121.373629936328726,18.459085666881908],[121.373819279918692,18.45908729121431],[121.373817577891984,18.459267982159361],[121.37381587584558,18.45944867310077],[121.374005219851114,18.459450297278273],[121.374003517983041,18.459630988233094],[121.374001816095344,18.459811679184451],[121.374000114188021,18.459992370132078],[121.374189458807123,18.459993994171647],[121.374187757078047,18.460174685132774],[121.374186055329446,18.460355376090348],[121.37418435356112,18.460536067044192],[121.374182651773253,18.460716757994572],[121.374371997203866,18.46071838191326],[121.374370295594261,18.460899072877051],[121.374368593965116,18.461079763837201],[121.374366892316246,18.461260454793798],[121.374556238360427,18.461262078574553],[121.374554536889988,18.461442769544561],[121.374365190647751,18.461441145746754],[121.374363488959631,18.461621836696157],[121.374361787251871,18.461802527642007],[121.374360085524501,18.461983218584216],[121.374549432360666,18.461984842432916]],[[121.374191160516474,18.459813303206968],[121.374192862206186,18.459632612238646],[121.374382206448971,18.459634236055194],[121.374571550711451,18.459635859682827],[121.374760894993486,18.459637483121632],[121.374759193897688,18.459818174140935],[121.37475749278218,18.459998865156685],[121.374755791647118,18.460179556168793],[121.374754090492345,18.460360247177348],[121.374752389318033,18.460540938182351],[121.374750688124095,18.460721629183713],[121.374561342654118,18.460720005642944],[121.374563044046127,18.460539314658547],[121.374373698793761,18.460537690945827],[121.374375400364116,18.46035699997493],[121.374377101914831,18.460176309000392],[121.374378803445836,18.459995618022301],[121.374189458807123,18.459993994171647],[121.374191160516474,18.459813303206968]],[[121.374743883151865,18.461444393153275],[121.374745584424318,18.461263702166303],[121.374934930507848,18.461265325569137],[121.374933229433267,18.461446016573074],[121.374743883151865,18.461444393153275]],[[121.374919620130527,18.462891544475873],[121.374917918879291,18.463072235447569],[121.374916217608529,18.463252926415713],[121.374914516318043,18.463433617380215],[121.374725167858543,18.463431993773366],[121.374726869347015,18.463251302825828],[121.374728570815847,18.463070611874738],[121.37473027226504,18.462889920920095],[121.374919620130527,18.462891544475873]]],[[[121.36774150173396,18.461022813068123],[121.367739793155607,18.461203503428219],[121.367929138511187,18.461205133822261],[121.368118483886477,18.461206764027388],[121.368120192068872,18.461026073633185],[121.367930846891554,18.461024443445112],[121.36774150173396,18.461022813068123]]],[[[121.372094741317881,18.461240954686758],[121.371905395529055,18.461239328449658],[121.371903691286704,18.461420019181368],[121.371714345319617,18.461418392738299],[121.37171264085967,18.461599083449315],[121.371710936379998,18.461779774156867],[121.371900282743027,18.461781400634042],[121.371901987024728,18.461600709909437],[121.372091333209497,18.461602336180643],[121.372093037273501,18.461421645435522],[121.372094741317881,18.461240954686758]]],[[[121.369232363831557,18.463565517419461],[121.369421711918804,18.46356714652369],[121.369423418971351,18.463386456056657],[121.369234071082161,18.463384826969481],[121.369044723212596,18.4633831976933],[121.368855375362756,18.463381568228204],[121.368853667716195,18.463562258643989],[121.369043015764021,18.463563888126227],[121.369232363831557,18.463565517419461]]],[[[121.372586104073065,18.46937691470108],[121.372587808388431,18.469196224059253],[121.372777162969513,18.469197850289692],[121.372966517570305,18.469199476331127],[121.373155872190651,18.469201102183469],[121.373154168469569,18.469381792876366],[121.373343523307696,18.469383418556667],[121.373532878165435,18.469385044047964],[121.373534581490389,18.46920435332105],[121.373536284795705,18.469023662590583],[121.37353798808131,18.468842971856475],[121.373348633817756,18.468841346416248],[121.373350337281877,18.46866065569564],[121.373160983236104,18.468659030083373],[121.372971629209957,18.468657404282013],[121.372782275203434,18.468655778291737],[121.372780571145114,18.468836468961275],[121.372778867067169,18.46901715962726],[121.372589512684158,18.469015533413874],[121.372400158320858,18.469013907011394],[121.37239845382706,18.46919459763981],[121.372396749313552,18.469375288264494],[121.372586104073065,18.46937691470108]]],[[[121.378833124354941,18.469611172251859],[121.379022479979724,18.469612792277928],[121.379024177579652,18.469432101061894],[121.37902587515994,18.469251409842308],[121.379027572720616,18.469070718619168],[121.379029270261739,18.468890027392387],[121.37883991542931,18.468888407434264],[121.378841613148964,18.468707716220894],[121.378652258534217,18.468706096090642],[121.37846290393901,18.468704475771386],[121.378273549363442,18.468702855263036],[121.378271851049504,18.468883546425513],[121.378082496295491,18.468881925711194],[121.378080797763957,18.469062616853154],[121.378079099212798,18.469243307991562],[121.378268454363024,18.469244928739808],[121.378266755990282,18.469425619891538],[121.37845611135829,18.469427240467656],[121.378454413164093,18.469607931632797],[121.378643768749697,18.469609552036875],[121.378833124354941,18.469611172251859]]],[[[121.37048613677409,18.471165917848037],[121.370484430063229,18.471346608262845],[121.370482723332557,18.471527298674101],[121.370672080272556,18.471528927205632],[121.370861437232264,18.471530555548071],[121.37085973087818,18.471711245989791],[121.37104908805567,18.47171287416019],[121.371238445252885,18.471714502141584],[121.371240151210657,18.471533811665758],[121.371241857148803,18.47135312118629],[121.371052500347901,18.471351493239091],[121.370863143566623,18.471349865102709],[121.370864849881357,18.471169174653795],[121.370675493317862,18.471167546345463],[121.37048613677409,18.471165917848037]]],[[[121.376332389018259,18.473745986221207],[121.376334089842629,18.47356529532545],[121.37614473013366,18.473563672279042],[121.376143029111134,18.473744363157746],[121.376332389018259,18.473745986221207]]],[[[121.372169885943862,18.473348854099797],[121.371980526865229,18.47334722691048],[121.371791167806123,18.47334559953207],[121.371789462245985,18.473526290023084],[121.371600103008447,18.473524662438528],[121.371598397230443,18.473705352908848],[121.371409037814473,18.473703725118234],[121.371407331818688,18.473884415567948],[121.371405625803177,18.474065106014109],[121.371594985615459,18.474066733838828],[121.371593279778466,18.47424742429849],[121.371591573921776,18.474428114754421],[121.371780934149982,18.474429742424153],[121.371970294397912,18.474431369904792],[121.372159654665552,18.474432997196338],[121.372349014952732,18.474434624298791],[121.372538375259722,18.474436251212062],[121.37254008012566,18.474255560670954],[121.372729440254133,18.474257187378168],[121.372918800402132,18.474258813896288],[121.372920504852132,18.474078123317433],[121.373109864821799,18.474079749629407],[121.373111569053933,18.473899059029947],[121.373113273266341,18.473718368426933],[121.373114977459224,18.473537677820367],[121.372925618084025,18.473536051559375],[121.372927322455325,18.47335536096622],[121.372737963297993,18.473353734533276],[121.372548604160301,18.47335210791115],[121.372359245042219,18.47335048110002],[121.372169885943862,18.473348854099797]]],[[[121.37576260791721,18.473921807304855],[121.375573247870804,18.47392018365715],[121.375571546214573,18.474100874477678],[121.375760906459206,18.474102498142347],[121.37576260791721,18.473921807304855]]],[[[121.375380484115624,18.474279941423926],[121.375569844538703,18.474281565294742],[121.375571546214573,18.474100874477678],[121.37538218598965,18.474099250623915],[121.375380484115624,18.474279941423926]]],[[[121.375189421620377,18.474459008143423],[121.375378782221986,18.474460632220296],[121.375380484115624,18.474279941423926],[121.375191123712099,18.474278317364107],[121.375189421620377,18.474459008143423]]],[[[121.374998358728746,18.474638074636257],[121.375187719508958,18.474639698919276],[121.375189421620377,18.474459008143423],[121.375000061038321,18.474457383877457],[121.374998358728746,18.474638074636257]]],[[[121.374807295440888,18.474817140902427],[121.374996656399617,18.474818765391415],[121.374998358728746,18.474638074636257],[121.374808997968245,18.474636450164233],[121.374807295440888,18.474817140902427]]],[[[121.374616231756718,18.474996206941757],[121.374805592893892,18.47499783163698],[121.374807295440888,18.474817140902427],[121.37461793450187,18.474815516224258],[121.374616231756718,18.474996206941757]]],[[[121.374614528991941,18.475176897655793],[121.374616231756718,18.474996206941757],[121.374426870639084,18.47499458205753],[121.374425167676165,18.475175272754512],[121.374614528991941,18.475176897655793]]],[[[121.374416652566751,18.476078726185513],[121.374606014873379,18.476080351171881],[121.374607717736382,18.475899660475786],[121.374609420579674,18.475718969776228],[121.374420058669429,18.475717344823877],[121.37441835562791,18.475898035506471],[121.374416652566751,18.476078726185513]]],[[[121.377647711881863,18.474841488382548],[121.377646012307252,18.475022179372008],[121.377644312713102,18.475202870357826],[121.377454951083436,18.475201248482303],[121.377453251271504,18.475381939447605],[121.377451551439933,18.475562630409264],[121.377449851588835,18.475743321367371],[121.377448151718099,18.475924012321837],[121.377446451827737,18.47610470327275],[121.37744475191775,18.47628539422011],[121.377255389118616,18.476283772053531],[121.377253688990933,18.476464462980285],[121.377251988843526,18.476645153903398],[121.377250288676592,18.476825844822958],[121.377248588490019,18.477006535738965],[121.37705922491773,18.477004913315348],[121.377057524513376,18.477185604210749],[121.377055824089396,18.477366295102509],[121.377055636187791,18.477386261719872],[121.378005782038713,18.477040767735513],[121.378006042975116,18.47701302354206],[121.378007742368894,18.476832332558196],[121.378009441743131,18.476651641570779],[121.378198805016993,18.476653263014736],[121.378200504173449,18.476472572006713],[121.378202203310281,18.476291880995138],[121.378203902427487,18.476111189979921],[121.378205601525153,18.475930498961063],[121.378207300603179,18.475749807938652],[121.378396662905828,18.475751429108694],[121.378398361766074,18.475570738065766],[121.378400060606793,18.475390047019197],[121.378401759427874,18.475209355969074],[121.378403458229414,18.47502866491531],[121.378405157011329,18.474847973857994],[121.378215795699546,18.474846352772772],[121.378217494659978,18.474665661728867],[121.378219193600884,18.474484970681321],[121.378220892522151,18.474304279630221],[121.378031531824547,18.474302658406799],[121.378033230924331,18.474121967369022],[121.377843870444423,18.474120345973471],[121.377845569722822,18.473939654949106],[121.377847268981597,18.4737589639211],[121.377657908917527,18.473757342370472],[121.377659608354918,18.473576651355877],[121.377661307772684,18.473395960337729],[121.377471948124537,18.473394338631849],[121.377473647720834,18.473213647627023],[121.377284288290383,18.473212025749103],[121.377285988065282,18.473031334757689],[121.377096628852613,18.473029712707728],[121.377094928879558,18.473210403682089],[121.376905569488457,18.47320878142607],[121.376716210116811,18.47320715898087],[121.376714509728004,18.473387849917749],[121.376525150177926,18.473386227266491],[121.376335790647374,18.47338460442614],[121.376334089842629,18.47356529532545],[121.376523449571337,18.473566918182765],[121.376712809319571,18.473568540851076],[121.37690216908743,18.473570163330205],[121.377091528874843,18.473571785620241],[121.377280888681966,18.473573407721183],[121.377279188848362,18.47375409870185],[121.377277488995034,18.473934789678875],[121.377466849217996,18.473936411624742],[121.377465149543383,18.474117102615178],[121.377463449849031,18.474297793601973],[121.377461750135154,18.474478484585216],[121.377460050401552,18.474659175564906],[121.377649411436764,18.474660797389536],[121.377647711881863,18.474841488382548]]],[[[121.374966011116513,18.478071198370355],[121.374776646590576,18.478069573575212],[121.374778349471441,18.477888882901677],[121.374588985163385,18.477887257934405],[121.374590688222767,18.477706567274282],[121.374401324132492,18.477704942134881],[121.374403027370391,18.477524251488258],[121.37440473058868,18.477343560837994],[121.374406433787328,18.477162870184177],[121.374408136966338,18.476982179526718],[121.374218773688483,18.47698055426617],[121.374217070311317,18.477161244906664],[121.374027706854932,18.47715961943997],[121.374026003259885,18.477340310059859],[121.373836639624898,18.477338684387018],[121.37383493581207,18.477519374986301],[121.373833231979532,18.477700065581942],[121.373643867967857,18.477698439685991],[121.373642163917438,18.477879130261027],[121.373831528127354,18.477880756173942],[121.373829824255466,18.478061446762389],[121.373828120364038,18.478242137347284],[121.373826545381419,18.478409155754424],[121.374745184604222,18.478151843968313],[121.374995391103099,18.478071450428633],[121.374966011116513,18.478071198370355]]],[[[121.374599203225074,18.47680311392002],[121.374409840125736,18.476801488865618],[121.374408136966338,18.476982179526718],[121.374597500263832,18.476983804598085],[121.374599203225074,18.47680311392002]]],[[[121.407244540193318,18.427927847987085],[121.407055227614279,18.427926259618538],[121.40686591505434,18.42792467106143],[121.406867579465526,18.427743976575655],[121.406869243857443,18.427563282086329],[121.40667993171202,18.427561693373967],[121.406681596282283,18.427380998897696],[121.406492284353561,18.427379410013383],[121.406490619585782,18.427560104472956],[121.406301307478714,18.427558515383385],[121.40611199539093,18.427556926105165],[121.40592268332243,18.427555336638385],[121.405733371273101,18.427553746983044],[121.405731705695729,18.427734441372362],[121.405542393468068,18.427732851511674],[121.405540727673895,18.427913545880742],[121.405539061860452,18.428094240246256],[121.405537396027739,18.42827493460813],[121.405535730175743,18.42845562896645],[121.405725043193712,18.428457218893751],[121.405723377520161,18.428637913265216],[121.40572171182724,18.42881860763304],[121.405911025259641,18.428820197405177],[121.405909359745067,18.429000891786057],[121.405907694211407,18.429181586163473],[121.405906028658379,18.429362280537248],[121.405904363086165,18.429542974907381],[121.40609367732813,18.42954456455757],[121.406092011934263,18.429725258940849],[121.406281326393042,18.429726848419175],[121.406279661177521,18.42990754281551],[121.406277995942816,18.430088237208381],[121.40627633068884,18.43026893159761],[121.40627466541558,18.430449625983197],[121.406085350166336,18.430448036438257],[121.406083684676275,18.430628730803594],[121.40608201916686,18.430809425165467],[121.405892703541639,18.430807835398483],[121.405891037815493,18.430988529740105],[121.405701722011841,18.430986939767863],[121.405512406227459,18.430985349606971],[121.405323090462346,18.43098375925743],[121.405133774716433,18.430982168719328],[121.404944458989775,18.430980577992578],[121.4049461257041,18.430799883734444],[121.404947792399142,18.430619189472669],[121.404949459074828,18.430438495207341],[121.404760143960317,18.430436904342034],[121.404761810814435,18.430256210089851],[121.404763477649283,18.430075515834027],[121.404765144464946,18.429894821574649],[121.404766811261254,18.429714127311719],[121.404768478038363,18.429533433045236],[121.404770144796117,18.429352738775112],[121.404771811534772,18.429172044501435],[121.404773478254072,18.428991350224205],[121.404775144954101,18.428810655943334],[121.404776811634932,18.42862996165891],[121.404778478296407,18.428449267370933],[121.404780144938783,18.428268573079315],[121.404590832214623,18.428266982225644],[121.404589165374716,18.428447676500475],[121.404399852472295,18.428446085441546],[121.404398185415573,18.428626779696128],[121.404396518339595,18.428807473947156],[121.404394851244419,18.428988168194632],[121.404393184129887,18.429168862438555],[121.404391516996071,18.429349556678837],[121.404389849843085,18.429530250915565],[121.404200535774393,18.429528659567801],[121.404011221724886,18.429527068031387],[121.403821907694748,18.429525476306413],[121.403632593683795,18.42952388439279],[121.403443279692112,18.429522292290606],[121.403441611531832,18.429702986440205],[121.403252297361803,18.429701394132675],[121.403062983211129,18.429699801636495],[121.403061314636346,18.429880495749234],[121.40305964604228,18.430061189858332],[121.403248960588272,18.430062782387907],[121.403438275153462,18.430064374728833],[121.403436606935358,18.430245068867773],[121.403625921717435,18.430246661036747],[121.403624253677592,18.430427355188833],[121.403622585618564,18.430608049337277],[121.403811900815157,18.430609641351086],[121.403810232934475,18.430790335512675],[121.403620917540266,18.430788743482168],[121.403431602165426,18.430787151263011],[121.403429933870143,18.430967845387652],[121.403619249442698,18.430969437623418],[121.403808565034524,18.430971029670623],[121.403997880645534,18.430972621529179],[121.404187196275913,18.430974213199175],[121.404185528751924,18.431154907386965],[121.404183861208665,18.431335601571114],[121.403994545183053,18.431334009867811],[121.403992877422894,18.431514704031798],[121.403991209643479,18.431695398192144],[121.40380189324199,18.431693806266797],[121.403800225245661,18.431874500406892],[121.40361090866574,18.431872908276198],[121.403609240452525,18.432053602396042],[121.403607572220039,18.432234296512245],[121.403605903968284,18.432414990624896],[121.403795221141067,18.432416582805683],[121.403793553067743,18.432597276931478],[121.403791884975064,18.432777971053632],[121.403790216863186,18.432958665172233],[121.403979534648101,18.432960257214464],[121.403977866714584,18.433140951346211],[121.403788548731953,18.433139359287281],[121.403599230768606,18.433137767039614],[121.403600899097455,18.432957072941353],[121.403411581350994,18.432955480521823],[121.403413249858204,18.432774786436617],[121.403223932328629,18.432773193845136],[121.403034614818438,18.432771601064918],[121.402845297327417,18.432770008096139],[121.402843628227274,18.432950702131251],[121.402654310557992,18.432949108957036],[121.402464992907909,18.432947515594261],[121.402463323393249,18.433128209592336],[121.402274005564806,18.433126616024126],[121.40227233583316,18.43330731000195],[121.402270666082245,18.433488003976134],[121.402081347877854,18.433486410185878],[121.402079677910038,18.433667104139811],[121.401890359527201,18.433665510144209],[121.401888689342414,18.433846204077803],[121.401699370781316,18.433844609876765],[121.401697700379543,18.434025303790108],[121.401508381640099,18.434023709383723],[121.40150671102144,18.434204403276727],[121.401317392103564,18.434202808664907],[121.40131572126792,18.43438350253766],[121.401126402171698,18.434381907720404],[121.400937083094746,18.434380312714588],[121.400938754325807,18.434199618875319],[121.400940425537428,18.434018925032497],[121.400942096729764,18.433838231186034],[121.400943767902831,18.433657537336106],[121.400945439056528,18.433476843482449],[121.401134757145201,18.433478438404688],[121.401136428082012,18.433297744530869],[121.401138098999468,18.433117050653319],[121.401327416712178,18.433118645353424],[121.401329087412634,18.432937951455624],[121.40133075809392,18.432757257554361],[121.401520075430568,18.432758852032332],[121.401521745894868,18.43257815811064],[121.40171106305327,18.432579752383266],[121.401712733300585,18.432399058441323],[121.40190205028054,18.432400652508601],[121.401903720311054,18.43221995854632],[121.402093037112678,18.432221552408251],[121.402094706926206,18.432040858425719],[121.40228402354947,18.432042452082214],[121.402285693146112,18.431861758079343],[121.40228736272347,18.431681064072919],[121.402098046495354,18.431679470449819],[121.401908730286607,18.431677876638069],[121.401907060314088,18.431858570611098],[121.401717743926994,18.431856976593913],[121.401528427559157,18.431855382388168],[121.401339111210703,18.431853787993774],[121.401340781776156,18.431673094070927],[121.401151465644588,18.43167149950467],[121.40096214953229,18.431669904749675],[121.40096382047372,18.431489210856672],[121.400774504578322,18.431487615929814],[121.400776175698098,18.431306922050045],[121.400586860019672,18.431305326951236],[121.400397544360516,18.431303731663867],[121.400399215856169,18.43112303781394],[121.400209900414012,18.43112144235462],[121.400020584991111,18.43111984670665],[121.39983126958758,18.431118250870121],[121.399641954203318,18.431116654844853],[121.399452638838426,18.431115058631026],[121.399454311302819,18.430934364861212],[121.399264996154812,18.430932768475522],[121.399075681026176,18.430931171901182],[121.399077353866531,18.430750478161212],[121.39888803895478,18.43074888141501],[121.398889711973396,18.430568187688273],[121.398700397278631,18.43056659077012],[121.398702070475494,18.430385897056528],[121.398703743653101,18.430205203339384],[121.39889305795262,18.430206800223964],[121.398894730913327,18.43002610648648],[121.398705416811325,18.430024509618598],[121.398516102728692,18.430022912562155],[121.398514429372838,18.430203606266154],[121.398325115111959,18.430202009004276],[121.398135800870421,18.430200411553837],[121.397946486648166,18.43019881391475],[121.39794481268018,18.430379507564837],[121.398134127099965,18.430381105220711],[121.398132453310239,18.430561798884032],[121.398130779501244,18.4307424925438],[121.398320094335631,18.430744090044509],[121.398318420704797,18.430924783717423],[121.398507735756155,18.430926381046358],[121.398506062303667,18.431107074732417],[121.39869537757194,18.431108671889401],[121.398693704297798,18.431289365588693],[121.398883019782943,18.431290962573815],[121.398881346687062,18.431471656286252],[121.399070662389292,18.431473253099423],[121.399068989471573,18.431653946825094],[121.399258305390788,18.431655543466402],[121.399256632651415,18.431836237205129],[121.399445948787516,18.431837833674575],[121.39944427622649,18.432018527426536],[121.399633592579491,18.432020123724119],[121.399631920196811,18.432200817489136],[121.399630247794775,18.432381511250689],[121.39962857537337,18.432562205008601],[121.399626902932695,18.43274289876296],[121.399625230472651,18.432923592513678],[121.399814547833202,18.432925188706278],[121.399812875551504,18.43310588247023],[121.39981120325055,18.433286576230628],[121.400000521025689,18.433288172267975],[121.399998848902982,18.433468866041519],[121.399997176761005,18.433649559811421],[121.399995504599744,18.433830253577771],[121.399806186231658,18.433828657490064],[121.399804513853326,18.434009351236163],[121.399802841455738,18.434190044978532],[121.399801169038867,18.434370738717437],[121.399611850097187,18.434369142390899],[121.399610177463245,18.434549836109376],[121.399608504810018,18.4347305298243],[121.399606832137536,18.434911223535671],[121.399417512622179,18.434909626970303],[121.399415839732626,18.435090320661335],[121.399414166823789,18.435271014348725],[121.399224846932384,18.435269417561134],[121.399223173806561,18.435450111228274],[121.39903385373681,18.435448514235247],[121.399032180394016,18.435629207882048],[121.399221500661383,18.435630804891773],[121.399219827496935,18.435811498551807],[121.399030507031853,18.435809901525296],[121.399028833650334,18.435990595164903],[121.398839513006905,18.435988997932956],[121.398650192382831,18.435987400512271],[121.398648518586626,18.436168094114841],[121.398459197784206,18.436166496488809],[121.39826987700107,18.43616489867404],[121.398080556237289,18.436163300670621],[121.398082230626542,18.435982607118323],[121.397892910079747,18.435981008942953],[121.397703589552307,18.435979410578845],[121.397514269044237,18.435977812026088],[121.397324948555536,18.435976213284683],[121.397135628086104,18.435974614354539],[121.397133952708572,18.436155307822993],[121.396944632060794,18.436153708687502],[121.396755311432457,18.436152109363185],[121.396565990823404,18.436150509850219],[121.396567666794056,18.435969816432124],[121.396378346402159,18.435968216747206],[121.396380022551156,18.435787523342256],[121.39619070237616,18.435785923485565],[121.396192378703503,18.43560523009376],[121.396381698680699,18.435606829933754],[121.396383374790972,18.43542613652161],[121.396194055011392,18.435424536698402],[121.396195731299926,18.435243843299492],[121.396006411737403,18.435242243304334],[121.396008088204198,18.435061549918657],[121.395818768858746,18.435059949751636],[121.395820445503887,18.434879256379105],[121.39563112637542,18.434877656040221],[121.395629449532578,18.435058349395966],[121.395440130225765,18.435056748851558],[121.395441807266224,18.4348760555126],[121.395252488176496,18.434874454796418],[121.395254165395301,18.434693761470605],[121.395443484287412,18.434695362170089],[121.39544516128916,18.434514668823937],[121.395255842594651,18.434513068141239],[121.395257519774745,18.434332374808321],[121.395068201297306,18.434330773953761],[121.394878882839336,18.434329172910552],[121.394880560395293,18.434148479607654],[121.394691242154295,18.434146878392582],[121.394501923932665,18.434145276988772],[121.394503601864599,18.433964583715895],[121.394314283860027,18.433962982140223],[121.394124965874838,18.43396138037599],[121.393935647908989,18.43395977842302],[121.39374632996261,18.433958176281401],[121.393748008665739,18.433777483072117],[121.393558690936331,18.433775880758635],[121.393369373226378,18.433774278256504],[121.393180055535794,18.433772675565724],[121.39299073786465,18.433771072686294],[121.392801420212876,18.433769469618216],[121.392612102580458,18.433767866361489],[121.392422784967493,18.433766262916023],[121.392233467373899,18.433764659281998],[121.392044149799744,18.433763055459234],[121.391854832245045,18.433761451447822],[121.3916655147097,18.43375984724776],[121.391667195567564,18.433579154219842],[121.39147787824929,18.433577549847918],[121.391288560950386,18.433575945287433],[121.391099243671022,18.433574340538211],[121.391100925102378,18.433393647557189],[121.390911608039985,18.433392042636104],[121.390722290997061,18.433390437526459],[121.390723972804196,18.433209744575546],[121.390534655978342,18.433208139294038],[121.39034533917193,18.433206533823881],[121.390347021354941,18.433025840902989],[121.390157704765599,18.433024235261058],[121.390159387126872,18.4328435423534],[121.389970070754615,18.432841936539607],[121.389971753294049,18.432661243645271],[121.389782437138848,18.432659637659704],[121.389784119856458,18.432478944778602],[121.389594803918342,18.432477338621261],[121.389596486814199,18.432296645753393],[121.389407171093055,18.432295039424279],[121.389408854167101,18.432114346569644],[121.389219538663113,18.432112740068668],[121.389221221915321,18.431932047227445],[121.389031906628404,18.431930440554694],[121.388842591360856,18.431928833693295],[121.388844274988841,18.431748140882092],[121.388654959938449,18.431746533848919],[121.388465644907512,18.431744926627097],[121.38827632989593,18.431743319216626],[121.388087014903888,18.431741711617594],[121.387897699931301,18.431740103829913],[121.387896015315121,18.431920796556739],[121.387706700164372,18.431919188563533],[121.387517385033064,18.431917580381679],[121.38732806992121,18.431915972011264],[121.387138754828896,18.431914363452112],[121.387137069402783,18.432095056107883],[121.386947754132223,18.432093447343295],[121.386758438881273,18.432091838390058],[121.386569123649608,18.432090229248082],[121.386379808437567,18.432088619917547],[121.386378122201435,18.432269312502353],[121.386188806811234,18.432267702966293],[121.385999491440472,18.432266093241584],[121.385997804789653,18.432446785788908],[121.385808489240816,18.432445175858675],[121.385619173711333,18.432443565739792],[121.385429858201405,18.43244195543226],[121.385428170938269,18.432622647925406],[121.385238855250165,18.43262103741235],[121.385049539581601,18.432619426710733],[121.384860223932492,18.432617815820379],[121.384670908302922,18.432616204741375],[121.384481592692893,18.432614593473723],[121.384292277102304,18.43261298201751],[121.384293965551237,18.432432289625705],[121.384104650177733,18.432430677997719],[121.384106338804841,18.432249985619237],[121.383917023648479,18.432248373819476],[121.383727708511671,18.432246761831156],[121.383729397514472,18.432066069482872],[121.383731086497832,18.431885377131035],[121.383541771775796,18.431883764987905],[121.38354008259482,18.432064457322777],[121.383350767694623,18.432062844973945],[121.383352457073215,18.431882152656037],[121.383163142390174,18.43188054013552],[121.383161452814051,18.432061232436642],[121.382972137952933,18.4320596197106],[121.382970448159654,18.432240311991205],[121.382781133120361,18.43223869905955],[121.382779443109911,18.432419391319637],[121.382590127892641,18.432417778182547],[121.382588437665035,18.432598470422118],[121.382399122269589,18.432596857079414],[121.382397431824828,18.432777549298468],[121.382208116251292,18.432775935750151],[121.382206425589374,18.432956627948688],[121.382017109837761,18.432955014194846],[121.382015418958687,18.433135706372955],[121.381826103028899,18.433134092413589],[121.381636787118751,18.433132478265485],[121.381447471228057,18.43313086392882],[121.381445779736495,18.433311556052484],[121.381256463667796,18.433309941510206],[121.381067147618566,18.433308326779191],[121.380877831588862,18.433306711859615],[121.380688515578711,18.43330509675139],[121.380686823277117,18.433485788803733],[121.38049750708889,18.433484173489894],[121.380495814570139,18.43366486552172],[121.380306498203822,18.433663250002358],[121.38030480546773,18.433843942013578],[121.380115488923337,18.433842326288602],[121.380113795970189,18.434023018279394],[121.379924479247705,18.434021402348716],[121.379922786077302,18.434202094318991],[121.379733469176657,18.434200478182788],[121.379731775789097,18.434381170132458],[121.379730082381897,18.434561862078485],[121.379728388955172,18.434742554021049],[121.379726695508893,18.434923245960061],[121.379725002043088,18.435103937895342],[121.379914319931913,18.435105554116365],[121.379912626644185,18.435286246065058],[121.379910933336831,18.435466938010197],[121.379909240009923,18.435647629951696],[121.379907546663574,18.43582832188973],[121.379905853297586,18.436009013824123],[121.379904159911987,18.436189705754874],[121.37990246650692,18.436370397682072],[121.379713147234398,18.436368781342388],[121.379711453612003,18.43654947324907],[121.379709759970154,18.436730165152198],[121.379708066308666,18.436910857051686],[121.379706372627652,18.43709154894762],[121.379704678927098,18.437272240839913],[121.379515358685651,18.437270624226848],[121.379513664767856,18.437451316098624],[121.379511970830421,18.437632007966847],[121.379510276873447,18.437812699831429],[121.379508582896932,18.437993391692459],[121.379697903929113,18.437995008373292],[121.379699597707912,18.437814316495388],[121.379888918561932,18.437815932970608],[121.379890612123489,18.437635241072098],[121.380079932799433,18.437636857341616],[121.380081626143735,18.437456165422589],[121.380083319468511,18.437275473500009],[121.380272639768563,18.437277089546949],[121.380274332876084,18.437096397603764],[121.380463652997975,18.437098013445091],[121.38065297313949,18.437099629097769],[121.380654665832054,18.436918937117103],[121.380843985795408,18.436920552564168],[121.380845678270816,18.436739860562984],[121.381034998055995,18.436741475804347],[121.381036690314147,18.436560783782735],[121.381226009921164,18.436562398818484],[121.38122770196216,18.436381706776267],[121.381417021391101,18.436383321606403],[121.381418713214757,18.436202629543669],[121.381608032465607,18.436204244168191],[121.381609724072021,18.436023552085029],[121.38179904314471,18.436025166503939],[121.381800734534039,18.43584447440017],[121.381802425903757,18.435663782292849],[121.381991744600654,18.435665396489181],[121.381993435753202,18.435484704361343],[121.382182754271938,18.435486318352151],[121.382181063317006,18.435667010496953],[121.38217937234262,18.435847702638114],[121.381990053428567,18.435846088613467],[121.381988362236925,18.436026780734199],[121.381986671025757,18.436207472851201],[121.381797351735912,18.436205858604065],[121.381795660307588,18.436386550700639],[121.381606340839568,18.43638493624789],[121.381604649193989,18.436565628323947],[121.381415329547806,18.436564013665585],[121.381413637685071,18.436744705721125],[121.381224317860713,18.43674309085706],[121.381222625780737,18.436923782892173],[121.381033305778303,18.436922167822495],[121.381031613481071,18.437102859837001],[121.380842293300461,18.43710124456171],[121.380840600786073,18.437281936555699],[121.380651280427301,18.437280321074795],[121.380649587695572,18.437461013048267],[121.38046026715881,18.437459397361749],[121.380458574209825,18.437640089314705],[121.380456881241315,18.437820781264019],[121.380267560328676,18.437819165354924],[121.38026586714291,18.437999857283721],[121.380455188253251,18.438001473209781],[121.380453495245646,18.438182165151989],[121.380642816573243,18.438183780906275],[121.380832137920464,18.438185396471912],[121.38102145928714,18.438187011848811],[121.381023151701697,18.438006319855798],[121.381212472890297,18.438007935026995],[121.381401794098423,18.438009550009543],[121.381403486097938,18.437828857979138],[121.381592807127902,18.437830472756072],[121.381782128177406,18.437832087344269],[121.38197144924645,18.437833701743816],[121.381973140633391,18.437653009658966],[121.382162461524274,18.437654623852811],[121.382351782434682,18.437656237858096],[121.382353473406766,18.437475545735765],[121.382542794139013,18.437477159535348],[121.382544484893828,18.437296467392589],[121.382733805447913,18.437298080986558],[121.382735495985486,18.437117388823282],[121.382737186503618,18.436936696656453],[121.382738877002112,18.436756004485982],[121.38274056748115,18.436575312311959],[121.382929887264027,18.436576925649511],[121.382931577525824,18.436396233454971],[121.382933267768166,18.436215541256878],[121.382934957990884,18.436034849055144],[121.383124277200267,18.436036462153332],[121.383125967205913,18.43585576993117],[121.383127657191935,18.435675077705366],[121.383316976025512,18.435676690580976],[121.383318665794377,18.435495998334655],[121.383507984449793,18.435497611004742],[121.383509674001402,18.435316918737993],[121.383698992478742,18.435318531202466],[121.383888310975451,18.43532014347829],[121.38407762949177,18.435321755565464],[121.384079318430892,18.435141063244359],[121.384268636769065,18.43514267512592],[121.384457955126678,18.435144286818744],[121.384459643651013,18.434963594460246],[121.38464896183055,18.434965205947634],[121.384838280029442,18.434966817246284],[121.385027598247973,18.434968428356196],[121.385216916485945,18.434970039277548],[121.385215228752259,18.435150731703636],[121.385404547207386,18.435152342453126],[121.385402859651791,18.435333034892537],[121.385592178324075,18.435334645470252],[121.385781497015913,18.435336255859319],[121.385970815727106,18.435337866059736],[121.385972502689683,18.435157173569699],[121.386161821222714,18.435158783564592],[121.386351139775272,18.435160393370747],[121.386540458347383,18.435162002988253],[121.38672977693885,18.435163612417021],[121.386919095549871,18.435165221657229],[121.387108414180332,18.435166830708699],[121.387297732830334,18.43516843957152],[121.38748705149969,18.435170048245602],[121.387485366118526,18.435350740870732],[121.387296047251368,18.435349132179685],[121.387294361653034,18.435529824784297],[121.3871050426078,18.435528215887725],[121.387103356792224,18.435708908471909],[121.386914037568815,18.435707299369813],[121.386912351536068,18.43588799193348],[121.386723032134498,18.435886382625771],[121.386721345884695,18.43606707516901],[121.386532026304764,18.436065465655776],[121.386530339837805,18.436246158178587],[121.386528653351377,18.436426850697757],[121.386526966845508,18.436607543213373],[121.3865252803201,18.436788235725349],[121.386335959968974,18.436786625955964],[121.386334273226495,18.436967318447511],[121.386523593775252,18.436968928233771],[121.386712914343533,18.436970537831382],[121.386711227976846,18.437151230353127],[121.386709541590704,18.43733192287123],[121.386707855185108,18.437512615385781],[121.386518534023779,18.437511005737544],[121.386329212881904,18.43750939590057],[121.38632752606145,18.437690088377817],[121.386325839221442,18.437870780851423],[121.386324152361993,18.438051473321476],[121.386513474097001,18.438053083208988],[121.386511787415714,18.438233775692364],[121.386701109367877,18.438235385408102],[121.386890431339481,18.438236994935192],[121.386892117625266,18.438056302418065],[121.386893803891681,18.437875609897386],[121.386895490138457,18.437694917373154],[121.387084811536482,18.437696526660879],[121.387274132953962,18.437698135759867],[121.387275818785966,18.437517443198331],[121.387465140025185,18.437519052091794],[121.387466825640033,18.437338359509742],[121.38765614670109,18.437339968197591],[121.387845467781588,18.437341576696792],[121.387843782562072,18.437522269312595],[121.388033103859726,18.437523877639933],[121.388031418818471,18.43770457026897],[121.388029733757762,18.437885262894454],[121.388219055470287,18.437886871066805],[121.388408377202268,18.437888479050507],[121.38841006186756,18.437707786391272],[121.388411746513313,18.437527093728484],[121.38822242517675,18.437525485778533],[121.388224110000863,18.437344793129068],[121.388225794805507,18.437164100475961],[121.388036473883815,18.437162492371023],[121.388038158866635,18.436981799731239],[121.388039843830001,18.436801107087813],[121.388041528773925,18.436620414440835],[121.388230849102584,18.436622022495236],[121.388229164356375,18.436802715159089],[121.388418484902189,18.436804323041539],[121.388607805467458,18.436805930735428],[121.388609489818336,18.436625238037823],[121.388798810205344,18.436626845526099],[121.388988130611807,18.436628452825726],[121.388989814547827,18.436447760090818],[121.389179134776114,18.436449367184832],[121.389368455023771,18.436450974090196],[121.389370138545004,18.436270281318073],[121.389559458614499,18.436271888017913],[121.389748778703435,18.436273494529104],[121.389750461809896,18.436092801719678],[121.389939781720571,18.436094408025255],[121.390129101650615,18.436096014142183],[121.390318421600114,18.436097620070463],[121.390507741569152,18.436099225810004],[121.39050605925344,18.436279918686754],[121.39069537943945,18.436281524254433],[121.390884699645014,18.436283129633463],[121.391074019869933,18.436284734823843],[121.391072338127813,18.436465427747489],[121.391261658569803,18.436467032766007],[121.391450979031333,18.436468637595787],[121.391640299512133,18.436470242236918],[121.391829620012473,18.436471846689312],[121.391827939041647,18.436652539676817],[121.392017259759058,18.436654143957348],[121.392015578966493,18.436834836957999],[121.391826258051452,18.436833232660593],[121.391824577041717,18.437013925640905],[121.39163525594843,18.437012321137974],[121.391633574721624,18.437193014097858],[121.39144425344999,18.437191409389403],[121.391442572006113,18.437372102328858],[121.391440890542881,18.437552795264761],[121.39143920906011,18.437733488197022],[121.391628530924876,18.437735092955926],[121.391626849620437,18.437915785901421],[121.391625168296557,18.438096478843363],[121.39181449057611,18.438098083447191],[121.391812809430576,18.438278776402367],[121.391811128265587,18.43845946935399],[121.391809447081144,18.438640162301972],[121.39199876997327,18.438641766767599],[121.391997088967173,18.438822459728815],[121.392186412076285,18.438824064022491],[121.392188092884666,18.438643371044488],[121.392377415815588,18.43864497513264],[121.392566738765893,18.438646579032142],[121.392756061735639,18.438648182742817],[121.392754381520376,18.438828875771357],[121.392565058352929,18.438827272043806],[121.39256337792051,18.439007965051918],[121.392752701285673,18.439009568796344],[121.3927510210316,18.439190261817689],[121.392940344613834,18.439191865390164],[121.392942024670191,18.439011172351943],[121.393131348074178,18.439012775718894],[121.393133027913379,18.438832082660333],[121.393134707733211,18.43865138959822],[121.39294538472474,18.438649786264932],[121.392947064722833,18.438469093215964],[121.39294874470157,18.438288400163533],[121.393138067314709,18.438290003463248],[121.393139747076376,18.438109310390299],[121.393329069511083,18.43811091348449],[121.393327389947217,18.438291606574225],[121.39351671259908,18.438293209496464],[121.393515033213475,18.438473902599434],[121.393704356082509,18.43847550534981],[121.393702676875151,18.438656198465925],[121.393700997648438,18.438836891578486],[121.393699318402369,18.439017584687495],[121.393697639136832,18.439198277792862],[121.393508315476979,18.43919667497525],[121.39350663599447,18.439377368060278],[121.393504956492421,18.439558061141664],[121.393315632456506,18.439556458101741],[121.393313952737387,18.439737151162788],[121.393312272998898,18.439917844220194],[121.393310593240969,18.440098537274135],[121.393308913463585,18.440279230324347],[121.39349823829042,18.440280833431594],[121.393496558691481,18.440461526495039],[121.393685883735387,18.440463129430334],[121.393684204314695,18.440643822507013],[121.393873529575757,18.440645425270358],[121.393871850333511,18.44082611836027],[121.394061175811643,18.440827720951663],[121.39425050130923,18.440829323354318],[121.394439826826186,18.440830925568235],[121.394629152362498,18.440832527593415],[121.394630830813924,18.440651834436267],[121.394820156171889,18.440653436255833],[121.394821834406159,18.440472743078345],[121.395011159585778,18.440474344692475],[121.395012837602877,18.44029365149456],[121.395202162604249,18.440295252903166],[121.395203840404278,18.440114559684911],[121.395393165227119,18.440116160887992],[121.395582490069415,18.440117761902336],[121.395584167454672,18.439937068646866],[121.395773492118607,18.439938669455685],[121.395962816801926,18.439940270075766],[121.396152141504587,18.439941870507198],[121.396150464712548,18.440122563812938],[121.396339789632378,18.440124164072419],[121.396338113018786,18.440304857391304],[121.396336436385724,18.440485550706725],[121.396525761720341,18.440487150810952],[121.39652408526571,18.440667844139519],[121.396522408791739,18.440848537464532],[121.396333083061705,18.440846937326732],[121.396143757350956,18.440845337000194],[121.396142080462099,18.441026030287993],[121.396140403553886,18.441206723572328],[121.396329729660152,18.441208323932351],[121.396519055785689,18.441209924103724],[121.396520732298384,18.441029230785905],[121.396710058245574,18.441030830751753],[121.396899384212119,18.441032430528864],[121.397088710198034,18.441034030117148],[121.397278036203218,18.441035629516783],[121.397276360481527,18.44121632290166],[121.397465686703868,18.441217922129344],[121.397655012945577,18.4412195211682],[121.397844339206557,18.441221120018408],[121.397842664058714,18.441401813450003],[121.397840988891502,18.441582506877957],[121.397839313704935,18.441763200302447],[121.397837638499098,18.441943893723295],[121.398026965570452,18.441945492451733],[121.398025290542961,18.442126185885815],[121.398023615496186,18.442306879316256],[121.398212942982411,18.442308477889441],[121.398211268113997,18.442489171333115],[121.398400595817378,18.442490769734349],[121.398398921127381,18.442671463191079],[121.398588249047748,18.442673061420273],[121.39877757698757,18.442674659460728],[121.398966904946647,18.442676257312446],[121.399156232925108,18.442677854975425],[121.399345560922825,18.442679452449578],[121.399534888939911,18.442681049734993],[121.399536562443387,18.442500356177721],[121.399725890282028,18.442501953257612],[121.399915218139952,18.442503550148764],[121.399916891228557,18.442322856554455],[121.400106218908135,18.442324453240083],[121.400107891779584,18.442143759625434],[121.400297219280716,18.442145356105627],[121.400298891935094,18.44196466247055],[121.400300564570188,18.441783968831921],[121.400302237186011,18.441603275189827],[121.40030390978248,18.441422581544003],[121.400114583072337,18.44142098513078],[121.400116255847237,18.441240291498278],[121.399926929354265,18.441238694913014],[121.399928602307597,18.44105800129357],[121.39973927603161,18.441056404536354],[121.399549949774979,18.441054807590312],[121.399551623104458,18.440874114000799],[121.399362297064897,18.440872516882806],[121.399363970572807,18.440691823306437],[121.399365644061447,18.440511129726428],[121.399176318436574,18.44050953245327],[121.399177992103645,18.440328838886405],[121.398988666695942,18.440327241441206],[121.398990340541275,18.440146547887576],[121.398801015350642,18.440144950270337],[121.398802689374492,18.439964256729851],[121.398613364400831,18.43996265894075],[121.39861503860304,18.43978196541341],[121.398616712785866,18.439601271882516],[121.398427388227091,18.439599673938162],[121.398238063687657,18.43959807580498],[121.398239738246644,18.439417382304107],[121.398050413924196,18.439415783998975],[121.398052088661615,18.439235090511158],[121.397862764556251,18.439233492034163],[121.397673440470243,18.439231893368341],[121.397675115583709,18.439051199910544],[121.397485791714772,18.439049601072771],[121.397296467865189,18.439048002046349],[121.397107144034891,18.439046402831188],[121.396917820224047,18.43904480342729],[121.396919496109078,18.43886411003291],[121.396730172515205,18.438862510457149],[121.396731848578497,18.438681817075913],[121.396733524622505,18.438501123691125],[121.396544201443504,18.4384995239602],[121.396545877665773,18.438318830588646],[121.396356554703843,18.43831723068568],[121.396358231104472,18.438136537327271],[121.396168908359613,18.438134937252443],[121.396170584938574,18.437954243907267],[121.395981262410785,18.437952643660488],[121.395982939168093,18.437771950328457],[121.39579361685729,18.437770349909727],[121.395795293792943,18.43758965659093],[121.395605971699297,18.437588056000248],[121.395607648813296,18.437407362694685],[121.395418326936635,18.437405761932141],[121.395420004228981,18.437225068639723],[121.395230682569476,18.437223467705316],[121.395041360929255,18.437221866582171],[121.395043038597564,18.437041173319773],[121.395232360040083,18.437042774426132],[121.395421681501887,18.437044375343753],[121.395423358755508,18.43686368204423],[121.395425035989689,18.436682988741065],[121.395614357075601,18.436684589436464],[121.395616034092711,18.43650389611296],[121.395805355000277,18.436505496602923],[121.395803678180798,18.436686189943213],[121.395992999305349,18.436687790261225],[121.395991322664301,18.436868483614749],[121.396180644005923,18.436870083760898],[121.396178967543136,18.437050777127567],[121.396368289101829,18.437052377101764],[121.396557610679892,18.437053976887313],[121.396746932277225,18.437055576484124],[121.396936253894097,18.437057175892196],[121.396934578202689,18.43723786932237],[121.397123900036462,18.43723946855858],[121.397313221889675,18.437241067606053],[121.397311546574315,18.437421761066247],[121.397500868644514,18.437423359941768],[121.397690190734082,18.43742495862864],[121.397688515794783,18.437605652118677],[121.397877838101408,18.437607250633597],[121.398067160427317,18.437608848959869],[121.398256482772581,18.437610447097313],[121.398254808407046,18.437791140634157],[121.398444130969395,18.43779273859974],[121.398633453551,18.437794336376584],[121.398631779561526,18.437975029943271],[121.398821102360202,18.437976627548164],[121.398819428549075,18.438157321128084],[121.399008751564821,18.438158918561026],[121.399007077932126,18.438339612154092],[121.399005404279976,18.438520305743516],[121.399003730608555,18.438700999329388],[121.399002056917851,18.438881692911707],[121.399000383207792,18.439062386490473],[121.39881105920341,18.439060788973777],[121.39880938527628,18.439241482532204],[121.398807711329781,18.439422176086989],[121.398997035729593,18.43942377363717],[121.398995361961525,18.4396044672051],[121.399184686578309,18.43960606458333],[121.399183012988601,18.439786758164495],[121.399372337822456,18.439788355370773],[121.39956166267568,18.439789952388224],[121.39975098754816,18.439791549217027],[121.399749314532301,18.439972242844821],[121.399938639621865,18.439973839501583],[121.4001279647307,18.439975435969696],[121.400126292091073,18.440156129627333],[121.400315617416979,18.440157725923406],[121.400504942762154,18.440159322030741],[121.400694268126699,18.440160917949427],[121.400883593510599,18.440162513679287],[121.401072918913783,18.440164109220408],[121.401262244336237,18.440165704572792],[121.401260572863578,18.440346398327328],[121.401449898503103,18.440347993507761],[121.401639224161897,18.440349588499366],[121.401640895239041,18.440168894711434],[121.401451569777961,18.440167299736526],[121.401453241033536,18.43998660596165],[121.401263915789514,18.439985010814702],[121.401265587223449,18.43980431705306],[121.401267258638185,18.439623623287865],[121.401268930033567,18.439442929519029],[121.401079605402032,18.439441334233525],[121.401081276975845,18.439260640477833],[121.401082948530302,18.439079946718589],[121.400893624313554,18.439078351277832],[121.400895296046428,18.438897657531733],[121.400896967760048,18.438716963781992],[121.400898639454383,18.438536270028699],[121.400900311129362,18.438355576271853],[121.401089634555277,18.43835717164573],[121.401091306013271,18.438176477868545],[121.401092977451995,18.437995784087807],[121.40109464887135,18.437815090303427],[121.400905326038469,18.437813494979821],[121.40090699763627,18.437632801208586],[121.400908669214701,18.437452107433799],[121.400910340773848,18.437271413655459],[121.400912012313739,18.437090719873567],[121.400913683834261,18.436910026088032],[121.400915355335513,18.436729332298857],[121.400917026817396,18.436548638506217],[121.400918698280094,18.436367944709936],[121.400920369723352,18.436187250910102],[121.40110969077702,18.436188846083251],[121.401111362003292,18.436008152263078],[121.401300682878542,18.436009747230791],[121.401490003773048,18.436011342009767],[121.401488332942108,18.436192035863424],[121.401677654053614,18.436193630470449],[121.40167598340102,18.436374324337251],[121.401865304729498,18.436375918772324],[121.401863634255335,18.436556612652183],[121.402052955800798,18.436558206915304],[121.402051285504996,18.436738900808308],[121.40204961518991,18.436919594697759],[121.402238937150059,18.436921188805627],[121.402237267013319,18.437101882708223],[121.402426589190455,18.43710347664414],[121.40261591138686,18.437105070391318],[121.402614241626267,18.437285764323669],[121.402803564039658,18.437287357898896],[121.402992886472319,18.437288951285385],[121.403182208924264,18.437290544483137],[121.403371531395564,18.437292137492239],[121.403560853886049,18.437293730312604],[121.403750176395803,18.437295322944319],[121.403748507802092,18.437476016973392],[121.403746839189111,18.437656710998823],[121.403936162113567,18.437658303475196],[121.403937830528832,18.437477609433067],[121.404127153274842,18.437479201704004],[121.404128821473222,18.437298507641536],[121.404318144040801,18.437300099707127],[121.404507466627663,18.437301691584068],[121.404505798824701,18.437482385679843],[121.40469512162862,18.437483977384744],[121.404693454004089,18.437664671493664],[121.404882777024909,18.437666263026525],[121.40488110957881,18.43784695714859],[121.40487944211354,18.438027651267102],[121.404877774628986,18.438208345381973],[121.404876107125247,18.438389039493291],[121.404874439602153,18.438569733601057],[121.404685115592883,18.438568141984707],[121.404683447852804,18.438748836072222],[121.40468178009354,18.438929530156095],[121.404680112315006,18.439110224236416],[121.404490787731788,18.439108632381323],[121.404489119736184,18.439289326441305],[121.404487451721394,18.439470020497822],[121.404485783687321,18.439650714550609],[121.404675108863756,18.439652306455795],[121.404673441008114,18.439833000521727],[121.404671773133302,18.440013694584106],[121.40467010523912,18.440194388642933],[121.404859431027944,18.440195980409474],[121.404857763312293,18.440376674481357],[121.405047089318188,18.440378266075768],[121.405236415343268,18.440379857481531],[121.405425741387532,18.440381448698467],[121.405615067451166,18.440383039726754],[121.405804393534055,18.440384630566214],[121.405806060261,18.440203936410843],[121.405995386165372,18.440205527044956],[121.405997052675318,18.440024832869334],[121.405998719166092,18.439844138690159],[121.406000385637583,18.439663444507431],[121.406189710968022,18.439665034902802],[121.406191377222527,18.439484340699735],[121.406193043457776,18.439303646493205],[121.406382368411968,18.439305236666442],[121.406384034430317,18.439124542439572],[121.406573359206092,18.439126132407463],[121.406575025007456,18.438945438160342],[121.4067643496047,18.438947027922797],[121.406953674221128,18.438948617496514],[121.407142998856827,18.438950206881582],[121.407332323511795,18.438951796077824],[121.407521648185963,18.438953385085416],[121.407523312979507,18.438772690751431],[121.407691839855133,18.438774105020951],[121.407800793242913,18.437240370462298],[121.407853617680175,18.435467169313434],[121.407833460491076,18.433693355554535],[121.407740355005799,18.43192166442547],[121.407574447038215,18.430154827809861],[121.40756688735658,18.430099053872212],[121.40741388547103,18.430097770316905],[121.40741554952011,18.429917075824115],[121.407226234748336,18.429915487460896],[121.407227898975847,18.429734792981161],[121.407229563184089,18.429554098497874],[121.407040248826746,18.429552509979402],[121.40704191321332,18.429371815509171],[121.407231227373146,18.429373404010946],[121.407232891542918,18.429192709520553],[121.40723455569352,18.429012015026519],[121.407419759114475,18.429013568821844],[121.407335994647184,18.428395570022346],[121.407244953491258,18.427882968207573],[121.407244540193318,18.427927847987085]],[[121.401141440776541,18.432755662887651],[121.40113976989764,18.432936356772306],[121.400950452401915,18.432934761900249],[121.400948781306127,18.433115455764565],[121.400947110191055,18.433296149625328],[121.400757792319268,18.433294554531226],[121.400756120987225,18.433475248371561],[121.400754449635812,18.433655942208432],[121.400565131388149,18.433654346892197],[121.400566802937192,18.433473653072113],[121.400568474466951,18.433292959248387],[121.400570145977341,18.433112265421109],[121.40057181746846,18.432931571590188],[121.400382500030744,18.432929976152185],[121.400384171700125,18.432749282334498],[121.400194854479281,18.432747686724632],[121.400196526327107,18.432566992920002],[121.400385843350321,18.43256858851317],[121.400387514981148,18.432387894688379],[121.400576831826015,18.432389490076112],[121.400575160392805,18.432570183917779],[121.400764477454558,18.432571779133649],[121.400953794535681,18.432573374160871],[121.400955465573659,18.432392680285808],[121.401144782476436,18.432394275107683],[121.401143111636173,18.432574968999443],[121.401141440776541,18.432755662887651]],[[121.383712506608475,18.433872992803796],[121.383901823523942,18.43387460494435],[121.38390351250473,18.43369391261152],[121.384092829242121,18.433695524546462],[121.384282145999066,18.433697136292842],[121.384283834564968,18.433516443922532],[121.384473151143737,18.433518055463299],[121.384662467742046,18.433519666815418],[121.384664155893176,18.433338974407803],[121.384853472313324,18.433340585554397],[121.385042788752912,18.433342196512253],[121.38523210521204,18.433343807281549],[121.385233792750867,18.433163114819667],[121.385423109031819,18.433164725383349],[121.385612425332241,18.433166335758472],[121.385614112456281,18.432985643259197],[121.385803428578612,18.432987253428706],[121.385992744720397,18.432988863409566],[121.385994431429665,18.432808170872988],[121.386183747393275,18.432809780648324],[121.386373063376439,18.43281139023501],[121.386374749670921,18.43263069766104],[121.386564065475909,18.432632307042201],[121.386753381300338,18.432633916234803],[121.38694269714432,18.432635525238666],[121.3869443828264,18.432454832610428],[121.387133698492221,18.432456441408856],[121.387323014177483,18.432458050018546],[121.387512329882185,18.432459658439676],[121.387701645606356,18.432461266672156],[121.387890961349967,18.432462874715899],[121.388080277113119,18.432464482571081],[121.388269592895639,18.432466090237615],[121.3884589086977,18.432467697715499],[121.388648224519201,18.432469305004734],[121.388646540615696,18.432649997784761],[121.388835856654282,18.432651604902134],[121.389025172712309,18.432653211830946],[121.38902348918468,18.432833904641083],[121.389212805459778,18.432835511398121],[121.389211122110325,18.433016204221492],[121.389400438602493,18.433017810806668],[121.389398755431202,18.433198503643361],[121.389397072240556,18.433379196476412],[121.389207755353141,18.433377589857486],[121.389018438485095,18.43337598304991],[121.388829121636576,18.433374376053685],[121.38863980480744,18.4333727688689],[121.388450487997744,18.433371161495288],[121.388261171207589,18.433369553933204],[121.388071854436788,18.433367946182294],[121.388070169843175,18.433548638893843],[121.387880852894298,18.433547030937497],[121.387691535964791,18.433545422792502],[121.387502219054809,18.433543814458858],[121.387312902164211,18.433542205936476],[121.387311216760565,18.433722898576971],[121.387121899691877,18.433721289849153],[121.386932582642643,18.433719680932597],[121.38674326561285,18.433718071827482],[121.386741579596816,18.433898764413708],[121.386552262388861,18.433897155103068],[121.386362945200361,18.43389554560369],[121.386173628031401,18.433893935915663],[121.385984310881881,18.433892326039075],[121.385794993751915,18.43389071597375],[121.38560567664139,18.433889105719775],[121.385416359550319,18.433887495277151],[121.385227042478789,18.43388588464579],[121.385037725426798,18.433884273825868],[121.384848408394163,18.433882662817297],[121.384659091381167,18.433881051619988],[121.384657403171502,18.434061744016944],[121.384468085980245,18.43406013261411],[121.384278768808528,18.434058521022628],[121.384277080184091,18.434239213382103],[121.384087762834213,18.434237601585096],[121.38389844550386,18.434235989599351],[121.383896756464637,18.434416681921434],[121.383707438956122,18.434415069730164],[121.383705749699658,18.434595762031819],[121.383516432013067,18.434594149634936],[121.383514742539433,18.434774841916074],[121.38332542467468,18.434773229313667],[121.38332373498389,18.434953921574287],[121.383134416940962,18.434952308766356],[121.38294509891756,18.434950695769686],[121.382946789003682,18.434770003542816],[121.383136106829454,18.43477161652261],[121.383137796698406,18.434590924275312],[121.383139486547819,18.434410232024373],[121.383328803997713,18.434411844781678],[121.38333049362997,18.434231152510311],[121.383519810901788,18.434232765062003],[121.383521500316888,18.434052072770118],[121.383710817410531,18.434053685116197],[121.383712506608475,18.433872992803796]],[[121.392421104880853,18.433946956007713],[121.392610422691433,18.433948559469965],[121.392799740521468,18.433950162743479],[121.392798060810691,18.434130855865188],[121.39260874278304,18.434129252574799],[121.392419424774744,18.43412764909576],[121.392230106785902,18.434126045428073],[121.392231787089628,18.433945352356812],[121.392421104880853,18.433946956007713]],[[121.394312605730491,18.434143675396403],[121.394310927581571,18.434324368648941],[121.394121609201051,18.434322766851047],[121.394123287547671,18.434142073615295],[121.394312605730491,18.434143675396403]],[[121.400367454136699,18.434556220350423],[121.400365782274136,18.434736914132316],[121.400364110392303,18.434917607910656],[121.400174790799596,18.434916012099972],[121.400173118700778,18.435096705857973],[121.399983798929711,18.435095109841765],[121.399985471226245,18.43491441610055],[121.399987143503395,18.434733722355695],[121.400176462879131,18.43473531833833],[121.40017813493931,18.434554624573224],[121.400179806980219,18.434373930804476],[121.400181479001844,18.434193237032176],[121.400370797803816,18.434194832775979],[121.40037246960847,18.434014138983251],[121.400374141393755,18.433833445187059],[121.40056345981985,18.433835040708729],[121.400561788232181,18.434015734521708],[121.400560116625144,18.434196428331045],[121.400558444998936,18.43437712213683],[121.400369125979893,18.434375526564978],[121.400367454136699,18.434556220350423]],[[121.399982126613921,18.435275803579515],[121.399792806664507,18.435274207357871],[121.399794479178013,18.435093513636996],[121.399983798929711,18.435095109841765],[121.399982126613921,18.435275803579515]],[[121.399791134131732,18.435454901075282],[121.399601814003987,18.435453304648291],[121.399603486734463,18.435272610947667],[121.399792806664507,18.435274207357871],[121.399791134131732,18.435454901075282]],[[121.404333155179273,18.435673852833606],[121.404522475986923,18.435675444560179],[121.404520808357418,18.435856138688283],[121.404331487352067,18.435854546944924],[121.404142166365972,18.435852955012916],[121.404143834390894,18.435672260918206],[121.404333155179273,18.435673852833606]],[[121.397510919060394,18.436339199026502],[121.397512594061951,18.436158505528116],[121.397701914767737,18.436160104097659],[121.397700239963797,18.436340797612743],[121.397510919060394,18.436339199026502]],[[121.394099788931285,18.436671778589769],[121.393910468000442,18.436670176384823],[121.393721147088954,18.436668573991227],[121.393722826082964,18.436487880835589],[121.393533505388646,18.436486278270042],[121.393535184560918,18.436305585127727],[121.393345864083571,18.436303982390317],[121.393347543434189,18.436123289261236],[121.393158223174012,18.436121686351964],[121.393159902702877,18.435940993236027],[121.393349222765352,18.435942596128513],[121.393538542847267,18.435944198832349],[121.39353686371382,18.436124891981859],[121.393726184012806,18.436126494513744],[121.393915504331162,18.436128096856979],[121.394104824668972,18.436129699011566],[121.394106503209386,18.435949005811608],[121.394108181730445,18.435768312608097],[121.394297501692193,18.435769914540373],[121.394486821673496,18.435771516283911],[121.394485143547769,18.435952209521083],[121.394674463746043,18.435953811092759],[121.394863783963586,18.435955412475785],[121.394862106213907,18.436136105742889],[121.394860428444787,18.436316799006352],[121.394858750656212,18.436497492266263],[121.394857072848367,18.436678185522709],[121.394855395021153,18.436858878775425],[121.394853717174499,18.437039572024677],[121.39466439577069,18.437037970540842],[121.394475074386349,18.437036368868448],[121.39428575302145,18.437034767007226],[121.394287431461066,18.436854073808423],[121.394098110313237,18.436852471775428],[121.394099788931285,18.436671778589769]],[[121.404326483754787,18.436396629257651],[121.404324815850572,18.436577323354669],[121.404135494073742,18.43657573135587],[121.404137162175672,18.436395037275549],[121.404326483754787,18.436396629257651]],[[121.404514137646601,18.436578915164819],[121.40470345946197,18.436580506786232],[121.404892781296539,18.436582098218906],[121.405082103150463,18.436583689462932],[121.405080436017641,18.436764383623188],[121.405269758088451,18.436765974695263],[121.405268091134147,18.436946668868575],[121.405078768865621,18.436945077779892],[121.405077101694332,18.437125771932955],[121.40488777924736,18.437124180638836],[121.404889446616366,18.436943486502472],[121.40470012438638,18.436941895036401],[121.404510802175679,18.436940303381594],[121.404512469920817,18.436759609274983],[121.404323147927002,18.436758017448224],[121.404324815850572,18.436577323354669],[121.404514137646601,18.436578915164819]],[[121.394459969335898,18.438662607647554],[121.394461647752408,18.438481914464205],[121.394650970718331,18.43848351627107],[121.394649292499622,18.438664209471206],[121.394459969335898,18.438662607647554]],[[121.399943658018231,18.439431758557273],[121.399945330778294,18.439251064902034],[121.400134655096295,18.43925266130309],[121.400132982533847,18.439433354975115],[121.399943658018231,18.439431758557273]],[[121.405688393928585,18.432432494237943],[121.40569006000635,18.432251799941707],[121.405879377193344,18.432253390030656],[121.405877711313195,18.432434084343591],[121.405688393928585,18.432432494237943]],[[121.407544953545738,18.436423664083495],[121.407543289002206,18.43660435846402],[121.407353966898171,18.436602769673055],[121.407164644813406,18.436601180693351],[121.406975322747826,18.436599591524999],[121.406786000701516,18.436598002167909],[121.406596678674404,18.436596412622169],[121.406407356666548,18.436594822887692],[121.406409022396332,18.436414128607087],[121.406219700605376,18.436412538700658],[121.406221366513492,18.436231844433198],[121.406410688106746,18.436233434323018],[121.406412353797975,18.436052740035219],[121.40641401947002,18.435872045743956],[121.406603340687113,18.435873635411731],[121.406605006142186,18.435692941100129],[121.406794327180847,18.435694530562557],[121.406983648238793,18.435696119836336],[121.407172969315923,18.435697708921378],[121.407171304453797,18.435878403282985],[121.407169639572587,18.43605909764095],[121.407358961064318,18.436060686570649],[121.407357296361454,18.43624138094167],[121.407546618070171,18.436242969699329],[121.407544953545738,18.436423664083495]]],[[[121.407156508501998,18.427384983954841],[121.407060080084634,18.426842049484808],[121.406875901232894,18.426840504093139],[121.406874236917901,18.427021198596854],[121.406684925365155,18.427019609934408],[121.406683260833347,18.427200304417873],[121.406681596282283,18.427380998897696],[121.406870908230175,18.427382587593449],[121.407060220197337,18.427384176100553],[121.407156508501998,18.427384983954841]]],[[[121.404790144388144,18.427184407254643],[121.404788477861402,18.427365101567755],[121.404786811315304,18.427545795877137],[121.404785144750107,18.427726490183055],[121.404783478165555,18.42790718448542],[121.404972790513753,18.427908775117135],[121.404974456900689,18.427728080798161],[121.404976123268355,18.427547386475545],[121.404977789616837,18.427366692149377],[121.404979455946048,18.427185997819656],[121.404981122255975,18.427005303486293],[121.404791810895617,18.427003712937978],[121.404790144388144,18.427184407254643]]],[[[121.402411558871421,18.438729721756491],[121.40240988873957,18.438910415639992],[121.40259921291306,18.438912009554237],[121.402788537105735,18.438913603279833],[121.402790206842269,18.438732909362937],[121.402791876559434,18.438552215442488],[121.402793546257229,18.438371521518398],[121.402795215935853,18.438190827590756],[121.402605892533998,18.438189233932039],[121.402416569151342,18.438187640084585],[121.40222724578804,18.438186046048394],[121.402037922444023,18.438184451823552],[121.401848599119276,18.438182857409974],[121.401850269767067,18.438002163562356],[121.401660946659391,18.438000568976737],[121.401471623570984,18.437998974202468],[121.401469952527677,18.438179668016691],[121.401280629260839,18.438178073036987],[121.401278958000546,18.43835876683087],[121.4014682814651,18.43836036182736],[121.401466610383252,18.438541055634388],[121.401655934064777,18.438542650458839],[121.401845257765672,18.438544245094551],[121.40203458148585,18.438545839541526],[121.402032910977852,18.438726533395183],[121.402222234915001,18.438728127670206],[121.402411558871421,18.438729721756491]]],[[[121.402967843680386,18.439999360343023],[121.403157169098137,18.440000953791419],[121.403158838554802,18.439820259862621],[121.402969513334853,18.439818666430924],[121.402967843680386,18.439999360343023]]],[[[121.40258418263754,18.440538254494637],[121.402773508609869,18.440539848370602],[121.402771838680522,18.440720542251704],[121.402770168731976,18.440901236129164],[121.402959495118992,18.440902829849787],[121.403148821525363,18.44090442338176],[121.403150491078492,18.440723729470815],[121.403152160612336,18.440543035556406],[121.403153830126811,18.440362341638266],[121.402964504313744,18.440360748156564],[121.40277517851986,18.440359154485947],[121.402585852745332,18.440357560626769],[121.40258418263754,18.440538254494637]]],[[[121.405982053392535,18.441651080320703],[121.405792725906224,18.441649489553186],[121.405603398439183,18.44164789859693],[121.405601731360434,18.441828592706916],[121.405412403714877,18.441827001545224],[121.405410736419157,18.44200769563496],[121.405409069104152,18.442188389721142],[121.405407401769978,18.442369083803683],[121.405405734416433,18.442549777882672],[121.40559506285301,18.442551369111154],[121.405593395678068,18.44273206320311],[121.405782724331715,18.442733654259463],[121.405972053004547,18.442735245127079],[121.405973719783972,18.442554551001638],[121.406163048278273,18.442556141663729],[121.406352376791943,18.442557732137082],[121.406541705324798,18.442559322421697],[121.406543371491637,18.4423786282427],[121.406732699845975,18.44238021832188],[121.406734365795927,18.442199524122543],[121.406736031726524,18.442018829919654],[121.406737697638022,18.441838135713212],[121.406548369876987,18.441836545684037],[121.40655003596693,18.441655851490651],[121.406360708422881,18.441654261289436],[121.40617138089803,18.441652670899483],[121.405982053392535,18.441651080320703]]],[[[121.407056830821247,18.443286481104352],[121.40712778223633,18.442925660447859],[121.407106359833719,18.442925480590283],[121.406917030847637,18.442923890838664],[121.406915365018563,18.443104585040309],[121.406913699170204,18.443285279238314],[121.407056830821247,18.443286481104352]]],[[[121.403492417632847,18.44470218188215],[121.403494087195284,18.444521488013038],[121.403683417614815,18.444523081312752],[121.403685086960181,18.444342387423479],[121.40387441720118,18.444343980517669],[121.404063747461365,18.444345573423121],[121.404065416391958,18.44416487949681],[121.404254746473612,18.444166472196738],[121.404444076574634,18.444168064708016],[121.404633406694927,18.444169657030379],[121.404635075012848,18.443988963050423],[121.404824404954525,18.44399055516735],[121.40501373491557,18.443992147095539],[121.405015402818634,18.443811453078546],[121.405017070702513,18.443630759057999],[121.405206400287227,18.443632350764055],[121.405208067954035,18.443451656723258],[121.405209735601474,18.443270962678909],[121.405211403229828,18.443090268630918],[121.405213070838812,18.442909574579375],[121.405214738428612,18.442728880524189],[121.405025409832689,18.442727288901622],[121.405027077601019,18.442546594859582],[121.404837749222182,18.442545003064975],[121.40483941716893,18.442364309035991],[121.404650089007163,18.442362717069255],[121.404460760864666,18.442361124913692],[121.40446242918766,18.44218043091464],[121.40446409749147,18.441999736911857],[121.40446576577591,18.44181904290561],[121.404276438245986,18.441817450611403],[121.404087110735162,18.441815858128457],[121.404088779395934,18.441635164151965],[121.403899452102266,18.441633571496979],[121.40390112094147,18.441452877533631],[121.403711793864787,18.441451284706517],[121.403713462882507,18.441270590756314],[121.40352413602281,18.441268997757248],[121.403334809182468,18.441267404569356],[121.40314548236131,18.441265811192814],[121.402956155559522,18.441264217627445],[121.402766828776919,18.441262623873428],[121.40276849876409,18.441081930003072],[121.402579172198543,18.441080336077015],[121.402580842364245,18.440899642219804],[121.402582512510577,18.440718948359041],[121.402393186359816,18.440717354277552],[121.40220386022834,18.440715760007414],[121.402205530750805,18.440535066176494],[121.4020162048364,18.440533471734316],[121.401826878941264,18.4405318771034],[121.401825208023283,18.440712570900924],[121.401823537086017,18.440893264694807],[121.40182186612941,18.441073958485138],[121.401820195153519,18.441254652271915],[121.402009521839574,18.441256246969623],[121.402007851042214,18.441436940769545],[121.402197177945339,18.441438535295301],[121.402195507326326,18.44161922910828],[121.402006180225484,18.441617634565826],[121.402004509389386,18.441798328358555],[121.402002838534116,18.441979022147642],[121.402001167659478,18.442159715933265],[121.401999496765555,18.442340409715158],[121.401997825852376,18.442521103493586],[121.401808497782,18.442519508678728],[121.401806826651736,18.442700202436818],[121.401805155502217,18.442880896191355],[121.401803484333314,18.44306158994225],[121.401801813145156,18.443242283689504],[121.401800141937713,18.443422977433293],[121.401798470711,18.443603671173442],[121.401796799464933,18.443784364910037],[121.401795128199581,18.44396505864308],[121.401793456914959,18.444145752372481],[121.401791785610968,18.44432644609833],[121.40198111565914,18.444328041080343],[121.40197944453368,18.444508734819248],[121.401977773388865,18.444689428554689],[121.40197610222485,18.444870122286488],[121.401974431041481,18.445050816014646],[121.401972759838841,18.44523150973934],[121.401783428801778,18.445229914673661],[121.401781757382054,18.445410608378015],[121.401780085943074,18.445591302078729],[121.401778414484724,18.445771995775889],[121.401776743007105,18.445952689469497],[121.401966074835357,18.445954284601967],[121.402155406682894,18.4459558795457],[121.402157077764926,18.445775185818697],[121.402346409434017,18.445776780556816],[121.402535741122307,18.445778375106197],[121.402537411789467,18.445597681342246],[121.402726743299311,18.445599275686103],[121.402728413749315,18.445418581901812],[121.402730084180035,18.44523788811388],[121.402919415313562,18.445239482235515],[121.402921085527225,18.445058788427332],[121.403110416482221,18.445060382343531],[121.403112086478899,18.444879688515009],[121.403301417255378,18.444881282225683],[121.403303087034885,18.444700588376911],[121.403492417632847,18.44470218188215]]]]}},
{"type":"Feature","properties":{"fid":39,"HAZ":3.0,"layer":"Cagayan_StormSurge_SSA4","path":"/Users/jhannaroseverzo/Downloads/Cagayan/Cagayan_StormSurge_SSA4.shp","Risk Level":"High","fid_2":241,"SYSTRA ID":"241","DAR ID":"88","Target Year":"2028","Bridge Category":"Original List","Bridge Name":"DAMMANG BRIDGE","Coordinates Y":"18.4350642","Coordinates X":"121.360524","Region":"II","Province":"CAGAYAN","ARC 2026":"Curbasta ARC","LINEAR METER IVF 2026":"30","EIRR 2026":"0.13","NEW/REPLACEMENT BRIDGE 2026":"replacement","Visited by SYSTRA":"No","Selected for 2nd Visit of SYSTRA":"Yes","Final Funder":"AFD","2023 IVF URL":"","2026 IVF URL":"https://drive.google.com/open?id=1SlLLEYSVFJ_64DASR1GcQML6RvadTDgq"},"geometry":{"type":"MultiPolygon","coordinates":[[[[121.348461242511561,18.457422437850695],[121.348271903157766,18.457420788340745],[121.348270174566622,18.457601476999624],[121.348459514118389,18.457603126526894],[121.348648853689966,18.45760477586516],[121.348650581885252,18.457424087171731],[121.348461242511561,18.457422437850695]]],[[[121.345200908503628,18.461730890670541],[121.345390252288809,18.461732543618364],[121.345579596094069,18.461734196377272],[121.34576893991931,18.461735848947264],[121.34577067154305,18.461555160595871],[121.345581327915781,18.461553508043199],[121.345391984308591,18.461551855301611],[121.345202640721283,18.461550202371107],[121.345200908503628,18.461730890670541]]],[[[121.346145896381884,18.461919841902713],[121.346335240465052,18.4619214939231],[121.346524584568115,18.461923145754572],[121.346526315419936,18.461742457337543],[121.346336971514845,18.461740805523391],[121.346147627629662,18.461739153520323],[121.345958283764531,18.461737501328251],[121.34576893991931,18.461735848947264],[121.345767208275504,18.461916537295014],[121.345956552318796,18.461918189693321],[121.346145896381884,18.461919841902713]]],[[[121.361825507366405,18.465850801804834],[121.362014857258089,18.465852438501923],[121.362016572290287,18.465671748748452],[121.361827222596673,18.465670112068505],[121.361825507366405,18.465850801804834]]],[[[121.361636157494544,18.46584916491874],[121.361634442046395,18.466029854634286],[121.36182379211634,18.466031491537521],[121.361825507366405,18.465850801804834],[121.361636157494544,18.46584916491874]]],[[[121.39260874278304,18.434129252574799],[121.392798060810691,18.434130855865188],[121.392799740521468,18.433950162743479],[121.392610422691433,18.433948559469965],[121.392421104880853,18.433946956007713],[121.392231787089628,18.433945352356812],[121.392230106785902,18.434126045428073],[121.392419424774744,18.43412764909576],[121.39260874278304,18.434129252574799]]],[[[121.394123287547671,18.434142073615295],[121.394121609201051,18.434322766851047],[121.394310927581571,18.434324368648941],[121.394312605730491,18.434143675396403],[121.394123287547671,18.434142073615295]]],[[[121.395443484287412,18.434695362170089],[121.395254165395301,18.434693761470605],[121.395252488176496,18.434874454796418],[121.395441807266224,18.4348760555126],[121.395443484287412,18.434695362170089]]],[[[121.395441807266224,18.4348760555126],[121.395440130225765,18.435056748851558],[121.395629449532578,18.435058349395966],[121.39563112637542,18.434877656040221],[121.395441807266224,18.4348760555126]]],[[[121.396381698680699,18.435606829933754],[121.396192378703503,18.43560523009376],[121.39619070237616,18.435785923485565],[121.396380022551156,18.435787523342256],[121.396381698680699,18.435606829933754]]],[[[121.39884118658604,18.435808304310047],[121.398651866159597,18.435806706906149],[121.398650192382831,18.435987400512271],[121.398839513006905,18.435988997932956],[121.399028833650334,18.435990595164903],[121.399030507031853,18.435809901525296],[121.39884118658604,18.435808304310047]]],[[[121.396380022551156,18.435787523342256],[121.396378346402159,18.435968216747206],[121.396567666794056,18.435969816432124],[121.396565990823404,18.436150509850219],[121.396755311432457,18.436152109363185],[121.396944632060794,18.436153708687502],[121.397133952708572,18.436155307822993],[121.397135628086104,18.435974614354539],[121.396946307636114,18.435973015235746],[121.396756987205407,18.435971415928304],[121.396758662958987,18.435790722489781],[121.396569342745352,18.435789123010387],[121.396380022551156,18.435787523342256]]],[[[121.39826987700107,18.43616489867404],[121.398459197784206,18.436166496488809],[121.398648518586626,18.436168094114841],[121.398650192382831,18.435987400512271],[121.398460871778042,18.435985802903026],[121.398271551192607,18.435984205104955],[121.398082230626542,18.435982607118323],[121.398080556237289,18.436163300670621],[121.39826987700107,18.43616489867404]]],[[[121.397512594061951,18.436158505528116],[121.397510919060394,18.436339199026502],[121.397700239963797,18.436340797612743],[121.397701914767737,18.436160104097659],[121.397512594061951,18.436158505528116]]],[[[121.393538542847267,18.435944198832349],[121.393349222765352,18.435942596128513],[121.393159902702877,18.435940993236027],[121.393158223174012,18.436121686351964],[121.393347543434189,18.436123289261236],[121.393345864083571,18.436303982390317],[121.393535184560918,18.436305585127727],[121.393533505388646,18.436486278270042],[121.393722826082964,18.436487880835589],[121.393721147088954,18.436668573991227],[121.393910468000442,18.436670176384823],[121.394099788931285,18.436671778589769],[121.394098110313237,18.436852471775428],[121.394287431461066,18.436854073808423],[121.39428575302145,18.437034767007226],[121.394475074386349,18.437036368868448],[121.39466439577069,18.437037970540842],[121.394853717174499,18.437039572024677],[121.394855395021153,18.436858878775425],[121.394857072848367,18.436678185522709],[121.394858750656212,18.436497492266263],[121.394860428444787,18.436316799006352],[121.394862106213907,18.436136105742889],[121.394863783963586,18.435955412475785],[121.394674463746043,18.435953811092759],[121.394485143547769,18.435952209521083],[121.394486821673496,18.435771516283911],[121.394297501692193,18.435769914540373],[121.394108181730445,18.435768312608097],[121.394106503209386,18.435949005811608],[121.394104824668972,18.436129699011566],[121.393915504331162,18.436128096856979],[121.393726184012806,18.436126494513744],[121.39353686371382,18.436124891981859],[121.393538542847267,18.435944198832349]]],[[[121.394461647752408,18.438481914464205],[121.394459969335898,18.438662607647554],[121.394649292499622,18.438664209471206],[121.394650970718331,18.43848351627107],[121.394461647752408,18.438481914464205]]],[[[121.368033313640325,18.450183014242821],[121.367843980357591,18.450181384890346],[121.367654647094568,18.450179755349044],[121.367465313851255,18.450178125619004],[121.367463606060014,18.450358816160378],[121.367461898248962,18.450539506698199],[121.367460190418385,18.450720197232467],[121.367458482567983,18.450900887763094],[121.367456774697871,18.451081578290168],[121.367455066808049,18.451262268813601],[121.367453358898501,18.45144295933348],[121.36745165096923,18.451623649849719],[121.367640985795447,18.451625279716449],[121.367642693526832,18.451444589183158],[121.367644401238493,18.451263898646136],[121.367833735688649,18.451265528289934],[121.367835443182713,18.451084837732306],[121.367837150657138,18.450904147171126],[121.368026484731246,18.450905776591814],[121.368028191988159,18.450725086009939],[121.368217525884091,18.450726715224746],[121.368219232923408,18.450546024622266],[121.368408566641264,18.450547653631194],[121.36841027346297,18.45036696300793],[121.368220939942915,18.450365334016144],[121.368222646942783,18.450184643406381],[121.368033313640325,18.450183014242821]]],[[[121.368939025910038,18.454527733453268],[121.368749687779797,18.454526104635388],[121.368747980900636,18.454706795210157],[121.368937319228849,18.454708424045002],[121.368939025910038,18.454527733453268]]],[[[121.368543278012396,18.456331381043839],[121.36854157073833,18.456512071565584],[121.368730911025878,18.456513700760052],[121.368732618102044,18.456333010221254],[121.368543278012396,18.456331381043839]]],[[[121.363181803190145,18.462609836753746],[121.363371149655862,18.462611471819518],[121.363560496141375,18.462613106696462],[121.363749842646598,18.462614741384314],[121.363751555540787,18.462434051412085],[121.363753268415067,18.462253361436215],[121.363563922305786,18.462251726782558],[121.363374576216316,18.462250091939897],[121.363185230146641,18.46224845690832],[121.363183516678347,18.462429146832765],[121.363181803190145,18.462609836753746]]],[[[121.36534269744098,18.474374295570733],[121.365532057018683,18.47437592948063],[121.365533769216171,18.474195239570928],[121.365723128615628,18.47419687327459],[121.365724840595163,18.474016183344105],[121.365726552555074,18.473835493410068],[121.365915911577929,18.473837126890441],[121.365917623319874,18.473656436935709],[121.365919335042193,18.473475746977424],[121.366108693688474,18.47347738023451],[121.366110405192828,18.47329669025553],[121.365921046744617,18.473295057015498],[121.365922758427416,18.473114367049931],[121.365924470090405,18.47293367708081],[121.365926181733769,18.472752987108137],[121.365927893357323,18.472572297131823],[121.365929604961067,18.472391607151955],[121.365931316545101,18.472210917168358],[121.36593302810941,18.472030227181296],[121.365934739654008,18.471849537190682],[121.365936451178797,18.471668847196337],[121.365938162683861,18.471488157198529],[121.365748806236724,18.471486523940378],[121.365750517920233,18.471305833955981],[121.365752229583933,18.471125143968031],[121.365941585634857,18.471126777191987],[121.36594329708069,18.470946087183254],[121.365945008506799,18.470765397171057],[121.365946719913197,18.47058470715513],[121.365757364456542,18.47058307398251],[121.365759076041286,18.470402383980261],[121.365760787606305,18.470221693974281],[121.365762499151529,18.470041003964749],[121.365573144308968,18.470039370654373],[121.365574856032609,18.469858680658341],[121.365576567736454,18.469677990658756],[121.36538721330983,18.46967635719357],[121.365197858902917,18.469674723539292],[121.365199570983265,18.46949403357026],[121.365010216794232,18.469492399744031],[121.36482086262491,18.469490765728796],[121.364631508475384,18.469489131524558],[121.364442154345682,18.469487497131226],[121.364440441472993,18.469668187031868],[121.364438728580581,18.469848876928779],[121.364437015668372,18.470029566822227],[121.364435302736538,18.470210256711944],[121.36462465765868,18.470211891173754],[121.364622944905008,18.470392581077061],[121.364621232131697,18.470573270976725],[121.364619519338589,18.470753960872837],[121.364617806525771,18.470934650765397],[121.364616093693144,18.471115340654315],[121.364614380840791,18.47129603053968],[121.364612667968629,18.471476720421403],[121.364423311659777,18.471475085839867],[121.364421598569749,18.471655775700896],[121.364419885460009,18.471836465558283],[121.36441817233046,18.472017155412118],[121.364228815447049,18.47201552059024],[121.364227102099619,18.472196210423292],[121.364225388732493,18.472376900252879],[121.364223675345542,18.472557590078825],[121.364221961938796,18.472738279901129],[121.364220248512325,18.472918969719881],[121.364218535066144,18.47309965953508],[121.364216821600152,18.473280349346638],[121.364215108114436,18.473461039154643],[121.364213394608925,18.473641728959006],[121.364211681083603,18.473822418759728],[121.364209967538571,18.474003108556897],[121.364208253973715,18.474183798350513],[121.364206540389162,18.474364488140488],[121.364204826784871,18.47454517792691],[121.364203113160784,18.47472586770969],[121.364201399516901,18.474906557488918],[121.36401203948293,18.474904922204033],[121.364010325621166,18.475085611962566],[121.364008611739592,18.475266301717458],[121.364197972169862,18.475267937036538],[121.364387332619856,18.475269572166525],[121.364389046105117,18.475088882377438],[121.364578406376665,18.47509051730119],[121.364580119643975,18.474909827491409],[121.364769479737276,18.474911462208926],[121.36477119278662,18.47473077237845],[121.364960552701476,18.474732406889821],[121.365149912636056,18.474734041212098],[121.365151625269377,18.474553351343786],[121.365340985025526,18.474554985459829],[121.36534269744098,18.474374295570733]]],[[[121.366472010179237,18.475106856138584],[121.366473721464928,18.47492616615774],[121.366475432730894,18.474745476173254],[121.366286072658113,18.474743843174718],[121.366096712605056,18.474742209986999],[121.366095000942778,18.47492289993729],[121.366093289260789,18.47510358988394],[121.366282649710143,18.475105223105853],[121.366472010179237,18.475106856138584]]],[[[121.400576831826015,18.432389490076112],[121.400387514981148,18.432387894688379],[121.400385843350321,18.43256858851317],[121.400196526327107,18.432566992920002],[121.400194854479281,18.432747686724632],[121.400384171700125,18.432749282334498],[121.400382500030744,18.432929976152185],[121.40057181746846,18.432931571590188],[121.400570145977341,18.433112265421109],[121.400568474466951,18.433292959248387],[121.400566802937192,18.433473653072113],[121.400565131388149,18.433654346892197],[121.400754449635812,18.433655942208432],[121.400756120987225,18.433475248371561],[121.400757792319268,18.433294554531226],[121.400947110191055,18.433296149625328],[121.400948781306127,18.433115455764565],[121.400950452401915,18.432934761900249],[121.40113976989764,18.432936356772306],[121.401141440776541,18.432755662887651],[121.401143111636173,18.432574968999443],[121.401144782476436,18.432394275107683],[121.400955465573659,18.432392680285808],[121.400953794535681,18.432573374160871],[121.400764477454558,18.432571779133649],[121.400575160392805,18.432570183917779],[121.400576831826015,18.432389490076112]]],[[[121.40037246960847,18.434014138983251],[121.400370797803816,18.434194832775979],[121.400181479001844,18.434193237032176],[121.400179806980219,18.434373930804476],[121.40017813493931,18.434554624573224],[121.400176462879131,18.43473531833833],[121.399987143503395,18.434733722355695],[121.399985471226245,18.43491441610055],[121.399983798929711,18.435095109841765],[121.400173118700778,18.435096705857973],[121.400174790799596,18.434916012099972],[121.400364110392303,18.434917607910656],[121.400365782274136,18.434736914132316],[121.400367454136699,18.434556220350423],[121.400369125979893,18.434375526564978],[121.400558444998936,18.43437712213683],[121.400560116625144,18.434196428331045],[121.400561788232181,18.434015734521708],[121.40056345981985,18.433835040708729],[121.400374141393755,18.433833445187059],[121.40037246960847,18.434014138983251]]],[[[121.399794479178013,18.435093513636996],[121.399792806664507,18.435274207357871],[121.399982126613921,18.435275803579515],[121.399983798929711,18.435095109841765],[121.399794479178013,18.435093513636996]]],[[[121.399603486734463,18.435272610947667],[121.399601814003987,18.435453304648291],[121.399791134131732,18.435454901075282],[121.399792806664507,18.435274207357871],[121.399603486734463,18.435272610947667]]],[[[121.399030507031853,18.435809901525296],[121.399219827496935,18.435811498551807],[121.399221500661383,18.435630804891773],[121.399032180394016,18.435629207882048],[121.399030507031853,18.435809901525296]]],[[[121.404143834390894,18.435672260918206],[121.404142166365972,18.435852955012916],[121.404331487352067,18.435854546944924],[121.404520808357418,18.435856138688283],[121.404522475986923,18.435675444560179],[121.404333155179273,18.435673852833606],[121.404143834390894,18.435672260918206]]],[[[121.406219700605376,18.436412538700658],[121.406409022396332,18.436414128607087],[121.406407356666548,18.436594822887692],[121.406596678674404,18.436596412622169],[121.406786000701516,18.436598002167909],[121.406975322747826,18.436599591524999],[121.407164644813406,18.436601180693351],[121.407353966898171,18.436602769673055],[121.407543289002206,18.43660435846402],[121.407544953545738,18.436423664083495],[121.407546618070171,18.436242969699329],[121.407357296361454,18.43624138094167],[121.407358961064318,18.436060686570649],[121.407169639572587,18.43605909764095],[121.407171304453797,18.435878403282985],[121.407172969315923,18.435697708921378],[121.406983648238793,18.435696119836336],[121.406794327180847,18.435694530562557],[121.406605006142186,18.435692941100129],[121.406603340687113,18.435873635411731],[121.40641401947002,18.435872045743956],[121.406412353797975,18.436052740035219],[121.406410688106746,18.436233434323018],[121.406221366513492,18.436231844433198],[121.406219700605376,18.436412538700658]]],[[[121.404324815850572,18.436577323354669],[121.404326483754787,18.436396629257651],[121.404137162175672,18.436395037275549],[121.404135494073742,18.43657573135587],[121.404324815850572,18.436577323354669]]],[[[121.404892781296539,18.436582098218906],[121.40470345946197,18.436580506786232],[121.404514137646601,18.436578915164819],[121.404324815850572,18.436577323354669],[121.404323147927002,18.436758017448224],[121.404512469920817,18.436759609274983],[121.404510802175679,18.436940303381594],[121.40470012438638,18.436941895036401],[121.404889446616366,18.436943486502472],[121.40488777924736,18.437124180638836],[121.405077101694332,18.437125771932955],[121.405078768865621,18.436945077779892],[121.405268091134147,18.436946668868575],[121.405269758088451,18.436765974695263],[121.405080436017641,18.436764383623188],[121.405082103150463,18.436583689462932],[121.404892781296539,18.436582098218906]]],[[[121.399945330778294,18.439251064902034],[121.399943658018231,18.439431758557273],[121.400132982533847,18.439433354975115],[121.400134655096295,18.43925266130309],[121.399945330778294,18.439251064902034]]],[[[121.407523312979507,18.438772690751431],[121.407521648185963,18.438953385085416],[121.407332323511795,18.438951796077824],[121.407142998856827,18.438950206881582],[121.406953674221128,18.438948617496514],[121.4067643496047,18.438947027922797],[121.406575025007456,18.438945438160342],[121.406573359206092,18.439126132407463],[121.406384034430317,18.439124542439572],[121.406382368411968,18.439305236666442],[121.406193043457776,18.439303646493205],[121.406191377222527,18.439484340699735],[121.406189710968022,18.439665034902802],[121.406000385637583,18.439663444507431],[121.405998719166092,18.439844138690159],[121.405997052675318,18.440024832869334],[121.405995386165372,18.440205527044956],[121.405806060261,18.440203936410843],[121.405804393534055,18.440384630566214],[121.405615067451166,18.440383039726754],[121.405425741387532,18.440381448698467],[121.405236415343268,18.440379857481531],[121.405047089318188,18.440378266075768],[121.404857763312293,18.440376674481357],[121.404859431027944,18.440195980409474],[121.40467010523912,18.440194388642933],[121.404671773133302,18.440013694584106],[121.404673441008114,18.439833000521727],[121.404675108863756,18.439652306455795],[121.404485783687321,18.439650714550609],[121.404487451721394,18.439470020497822],[121.404489119736184,18.439289326441305],[121.404490787731788,18.439108632381323],[121.404680112315006,18.439110224236416],[121.40468178009354,18.438929530156095],[121.404683447852804,18.438748836072222],[121.404685115592883,18.438568141984707],[121.404874439602153,18.438569733601057],[121.404876107125247,18.438389039493291],[121.404877774628986,18.438208345381973],[121.40487944211354,18.438027651267102],[121.40488110957881,18.43784695714859],[121.404882777024909,18.437666263026525],[121.404693454004089,18.437664671493664],[121.40469512162862,18.437483977384744],[121.404505798824701,18.437482385679843],[121.404507466627663,18.437301691584068],[121.404318144040801,18.437300099707127],[121.404128821473222,18.437298507641536],[121.404127153274842,18.437479201704004],[121.403937830528832,18.437477609433067],[121.403936162113567,18.437658303475196],[121.403746839189111,18.437656710998823],[121.403748507802092,18.437476016973392],[121.403750176395803,18.437295322944319],[121.403560853886049,18.437293730312604],[121.403371531395564,18.437292137492239],[121.403182208924264,18.437290544483137],[121.402992886472319,18.437288951285385],[121.402803564039658,18.437287357898896],[121.402614241626267,18.437285764323669],[121.40261591138686,18.437105070391318],[121.402426589190455,18.43710347664414],[121.402237267013319,18.437101882708223],[121.402238937150059,18.436921188805627],[121.40204961518991,18.436919594697759],[121.402051285504996,18.436738900808308],[121.402052955800798,18.436558206915304],[121.401863634255335,18.436556612652183],[121.401865304729498,18.436375918772324],[121.40167598340102,18.436374324337251],[121.401677654053614,18.436193630470449],[121.401488332942108,18.436192035863424],[121.401490003773048,18.436011342009767],[121.401300682878542,18.436009747230791],[121.401111362003292,18.436008152263078],[121.40110969077702,18.436188846083251],[121.400920369723352,18.436187250910102],[121.400918698280094,18.436367944709936],[121.400917026817396,18.436548638506217],[121.400915355335513,18.436729332298857],[121.400913683834261,18.436910026088032],[121.400912012313739,18.437090719873567],[121.400910340773848,18.437271413655459],[121.400908669214701,18.437452107433799],[121.40090699763627,18.437632801208586],[121.400905326038469,18.437813494979821],[121.40109464887135,18.437815090303427],[121.401092977451995,18.437995784087807],[121.401091306013271,18.438176477868545],[121.401089634555277,18.43835717164573],[121.400900311129362,18.438355576271853],[121.400898639454383,18.438536270028699],[121.400896967760048,18.438716963781992],[121.400895296046428,18.438897657531733],[121.400893624313554,18.439078351277832],[121.401082948530302,18.439079946718589],[121.401081276975845,18.439260640477833],[121.401079605402032,18.439441334233525],[121.401268930033567,18.439442929519029],[121.401267258638185,18.439623623287865],[121.401265587223449,18.43980431705306],[121.401263915789514,18.439985010814702],[121.401453241033536,18.43998660596165],[121.401451569777961,18.440167299736526],[121.401640895239041,18.440168894711434],[121.401639224161897,18.440349588499366],[121.401449898503103,18.440347993507761],[121.401260572863578,18.440346398327328],[121.401262244336237,18.440165704572792],[121.401072918913783,18.440164109220408],[121.400883593510599,18.440162513679287],[121.400694268126699,18.440160917949427],[121.400504942762154,18.440159322030741],[121.400315617416979,18.440157725923406],[121.400126292091073,18.440156129627333],[121.4001279647307,18.439975435969696],[121.399938639621865,18.439973839501583],[121.399749314532301,18.439972242844821],[121.39975098754816,18.439791549217027],[121.39956166267568,18.439789952388224],[121.399372337822456,18.439788355370773],[121.399183012988601,18.439786758164495],[121.399184686578309,18.43960606458333],[121.398995361961525,18.4396044672051],[121.398997035729593,18.43942377363717],[121.398807711329781,18.439422176086989],[121.39880938527628,18.439241482532204],[121.39881105920341,18.439060788973777],[121.399000383207792,18.439062386490473],[121.399002056917851,18.438881692911707],[121.399003730608555,18.438700999329388],[121.399005404279976,18.438520305743516],[121.399007077932126,18.438339612154092],[121.399008751564821,18.438158918561026],[121.398819428549075,18.438157321128084],[121.398821102360202,18.437976627548164],[121.398631779561526,18.437975029943271],[121.398633453551,18.437794336376584],[121.398444130969395,18.43779273859974],[121.398254808407046,18.437791140634157],[121.398256482772581,18.437610447097313],[121.398067160427317,18.437608848959869],[121.397877838101408,18.437607250633597],[121.397688515794783,18.437605652118677],[121.397690190734082,18.43742495862864],[121.397500868644514,18.437423359941768],[121.397311546574315,18.437421761066247],[121.397313221889675,18.437241067606053],[121.397123900036462,18.43723946855858],[121.396934578202689,18.43723786932237],[121.396936253894097,18.437057175892196],[121.396746932277225,18.437055576484124],[121.396557610679892,18.437053976887313],[121.396368289101829,18.437052377101764],[121.396178967543136,18.437050777127567],[121.396180644005923,18.436870083760898],[121.395991322664301,18.436868483614749],[121.395992999305349,18.436687790261225],[121.395803678180798,18.436686189943213],[121.395805355000277,18.436505496602923],[121.395616034092711,18.43650389611296],[121.395614357075601,18.436684589436464],[121.395425035989689,18.436682988741065],[121.395423358755508,18.43686368204423],[121.395421681501887,18.437044375343753],[121.395232360040083,18.437042774426132],[121.395043038597564,18.437041173319773],[121.395041360929255,18.437221866582171],[121.395230682569476,18.437223467705316],[121.395420004228981,18.437225068639723],[121.395418326936635,18.437405761932141],[121.395607648813296,18.437407362694685],[121.395605971699297,18.437588056000248],[121.395795293792943,18.43758965659093],[121.39579361685729,18.437770349909727],[121.395982939168093,18.437771950328457],[121.395981262410785,18.437952643660488],[121.396170584938574,18.437954243907267],[121.396168908359613,18.438134937252443],[121.396358231104472,18.438136537327271],[121.396356554703843,18.43831723068568],[121.396545877665773,18.438318830588646],[121.396544201443504,18.4384995239602],[121.396733524622505,18.438501123691125],[121.396731848578497,18.438681817075913],[121.396730172515205,18.438862510457149],[121.396919496109078,18.43886411003291],[121.396917820224047,18.43904480342729],[121.397107144034891,18.439046402831188],[121.397296467865189,18.439048002046349],[121.397485791714772,18.439049601072771],[121.397675115583709,18.439051199910544],[121.397673440470243,18.439231893368341],[121.397862764556251,18.439233492034163],[121.398052088661615,18.439235090511158],[121.398050413924196,18.439415783998975],[121.398239738246644,18.439417382304107],[121.398238063687657,18.43959807580498],[121.398427388227091,18.439599673938162],[121.398616712785866,18.439601271882516],[121.39861503860304,18.43978196541341],[121.398613364400831,18.43996265894075],[121.398802689374492,18.439964256729851],[121.398801015350642,18.440144950270337],[121.398990340541275,18.440146547887576],[121.398988666695942,18.440327241441206],[121.399177992103645,18.440328838886405],[121.399176318436574,18.44050953245327],[121.399365644061447,18.440511129726428],[121.399363970572807,18.440691823306437],[121.399362297064897,18.440872516882806],[121.399551623104458,18.440874114000799],[121.399549949774979,18.441054807590312],[121.39973927603161,18.441056404536354],[121.399928602307597,18.44105800129357],[121.399926929354265,18.441238694913014],[121.400116255847237,18.441240291498278],[121.400114583072337,18.44142098513078],[121.40030390978248,18.441422581544003],[121.400302237186011,18.441603275189827],[121.400300564570188,18.441783968831921],[121.400298891935094,18.44196466247055],[121.400297219280716,18.442145356105627],[121.400107891779584,18.442143759625434],[121.400106218908135,18.442324453240083],[121.399916891228557,18.442322856554455],[121.399915218139952,18.442503550148764],[121.399725890282028,18.442501953257612],[121.399536562443387,18.442500356177721],[121.399534888939911,18.442681049734993],[121.399345560922825,18.442679452449578],[121.399156232925108,18.442677854975425],[121.398966904946647,18.442676257312446],[121.39877757698757,18.442674659460728],[121.398588249047748,18.442673061420273],[121.398398921127381,18.442671463191079],[121.398400595817378,18.442490769734349],[121.398211268113997,18.442489171333115],[121.398212942982411,18.442308477889441],[121.398023615496186,18.442306879316256],[121.398025290542961,18.442126185885815],[121.398026965570452,18.441945492451733],[121.397837638499098,18.441943893723295],[121.397839313704935,18.441763200302447],[121.397840988891502,18.441582506877957],[121.397842664058714,18.441401813450003],[121.397844339206557,18.441221120018408],[121.397655012945577,18.4412195211682],[121.397465686703868,18.441217922129344],[121.397276360481527,18.44121632290166],[121.397278036203218,18.441035629516783],[121.397088710198034,18.441034030117148],[121.396899384212119,18.441032430528864],[121.396710058245574,18.441030830751753],[121.396520732298384,18.441029230785905],[121.396519055785689,18.441209924103724],[121.396329729660152,18.441208323932351],[121.396140403553886,18.441206723572328],[121.396142080462099,18.441026030287993],[121.396143757350956,18.440845337000194],[121.396333083061705,18.440846937326732],[121.396522408791739,18.440848537464532],[121.39652408526571,18.440667844139519],[121.396525761720341,18.440487150810952],[121.396336436385724,18.440485550706725],[121.396338113018786,18.440304857391304],[121.396339789632378,18.440124164072419],[121.396150464712548,18.440122563812938],[121.396152141504587,18.439941870507198],[121.395962816801926,18.439940270075766],[121.395773492118607,18.439938669455685],[121.395584167454672,18.439937068646866],[121.395582490069415,18.440117761902336],[121.395393165227119,18.440116160887992],[121.395203840404278,18.440114559684911],[121.395202162604249,18.440295252903166],[121.395012837602877,18.44029365149456],[121.395011159585778,18.440474344692475],[121.394821834406159,18.440472743078345],[121.394820156171889,18.440653436255833],[121.394630830813924,18.440651834436267],[121.394629152362498,18.440832527593415],[121.394439826826186,18.440830925568235],[121.39425050130923,18.440829323354318],[121.394061175811643,18.440827720951663],[121.393871850333511,18.44082611836027],[121.393873529575757,18.440645425270358],[121.393684204314695,18.440643822507013],[121.393685883735387,18.440463129430334],[121.393496558691481,18.440461526495039],[121.39349823829042,18.440280833431594],[121.393308913463585,18.440279230324347],[121.393310593240969,18.440098537274135],[121.393312272998898,18.439917844220194],[121.393313952737387,18.439737151162788],[121.393315632456506,18.439556458101741],[121.393504956492421,18.439558061141664],[121.39350663599447,18.439377368060278],[121.393508315476979,18.43919667497525],[121.393697639136832,18.439198277792862],[121.393699318402369,18.439017584687495],[121.393700997648438,18.438836891578486],[121.393702676875151,18.438656198465925],[121.393704356082509,18.43847550534981],[121.393515033213475,18.438473902599434],[121.39351671259908,18.438293209496464],[121.393327389947217,18.438291606574225],[121.393329069511083,18.43811091348449],[121.393139747076376,18.438109310390299],[121.393138067314709,18.438290003463248],[121.39294874470157,18.438288400163533],[121.392947064722833,18.438469093215964],[121.39294538472474,18.438649786264932],[121.393134707733211,18.43865138959822],[121.393133027913379,18.438832082660333],[121.393131348074178,18.439012775718894],[121.392942024670191,18.439011172351943],[121.392940344613834,18.439191865390164],[121.3927510210316,18.439190261817689],[121.392752701285673,18.439009568796344],[121.39256337792051,18.439007965051918],[121.392565058352929,18.438827272043806],[121.392754381520376,18.438828875771357],[121.392756061735639,18.438648182742817],[121.392566738765893,18.438646579032142],[121.392377415815588,18.43864497513264],[121.392188092884666,18.438643371044488],[121.392186412076285,18.438824064022491],[121.391997088967173,18.438822459728815],[121.39199876997327,18.438641766767599],[121.391809447081144,18.438640162301972],[121.391811128265587,18.43845946935399],[121.391812809430576,18.438278776402367],[121.39181449057611,18.438098083447191],[121.391625168296557,18.438096478843363],[121.391626849620437,18.437915785901421],[121.391628530924876,18.437735092955926],[121.39143920906011,18.437733488197022],[121.391440890542881,18.437552795264761],[121.391442572006113,18.437372102328858],[121.39144425344999,18.437191409389403],[121.391633574721624,18.437193014097858],[121.39163525594843,18.437012321137974],[121.391824577041717,18.437013925640905],[121.391826258051452,18.436833232660593],[121.392015578966493,18.436834836957999],[121.392017259759058,18.436654143957348],[121.391827939041647,18.436652539676817],[121.391829620012473,18.436471846689312],[121.391640299512133,18.436470242236918],[121.391450979031333,18.436468637595787],[121.391261658569803,18.436467032766007],[121.391072338127813,18.436465427747489],[121.391074019869933,18.436284734823843],[121.390884699645014,18.436283129633463],[121.39069537943945,18.436281524254433],[121.39050605925344,18.436279918686754],[121.390507741569152,18.436099225810004],[121.390318421600114,18.436097620070463],[121.390129101650615,18.436096014142183],[121.389939781720571,18.436094408025255],[121.389750461809896,18.436092801719678],[121.389748778703435,18.436273494529104],[121.389559458614499,18.436271888017913],[121.389370138545004,18.436270281318073],[121.389368455023771,18.436450974090196],[121.389179134776114,18.436449367184832],[121.388989814547827,18.436447760090818],[121.388988130611807,18.436628452825726],[121.388798810205344,18.436626845526099],[121.388609489818336,18.436625238037823],[121.388607805467458,18.436805930735428],[121.388418484902189,18.436804323041539],[121.388229164356375,18.436802715159089],[121.388230849102584,18.436622022495236],[121.388041528773925,18.436620414440835],[121.388039843830001,18.436801107087813],[121.388038158866635,18.436981799731239],[121.388036473883815,18.437162492371023],[121.388225794805507,18.437164100475961],[121.388224110000863,18.437344793129068],[121.38822242517675,18.437525485778533],[121.388411746513313,18.437527093728484],[121.38841006186756,18.437707786391272],[121.388408377202268,18.437888479050507],[121.388219055470287,18.437886871066805],[121.388029733757762,18.437885262894454],[121.388031418818471,18.43770457026897],[121.388033103859726,18.437523877639933],[121.387843782562072,18.437522269312595],[121.387845467781588,18.437341576696792],[121.38765614670109,18.437339968197591],[121.387466825640033,18.437338359509742],[121.387465140025185,18.437519052091794],[121.387275818785966,18.437517443198331],[121.387274132953962,18.437698135759867],[121.387084811536482,18.437696526660879],[121.386895490138457,18.437694917373154],[121.386893803891681,18.437875609897386],[121.386892117625266,18.438056302418065],[121.386890431339481,18.438236994935192],[121.386701109367877,18.438235385408102],[121.386511787415714,18.438233775692364],[121.386513474097001,18.438053083208988],[121.386324152361993,18.438051473321476],[121.386325839221442,18.437870780851423],[121.38632752606145,18.437690088377817],[121.386329212881904,18.43750939590057],[121.386518534023779,18.437511005737544],[121.386707855185108,18.437512615385781],[121.386709541590704,18.43733192287123],[121.386711227976846,18.437151230353127],[121.386712914343533,18.436970537831382],[121.386523593775252,18.436968928233771],[121.386334273226495,18.436967318447511],[121.386335959968974,18.436786625955964],[121.3865252803201,18.436788235725349],[121.386526966845508,18.436607543213373],[121.386528653351377,18.436426850697757],[121.386530339837805,18.436246158178587],[121.386532026304764,18.436065465655776],[121.386721345884695,18.43606707516901],[121.386723032134498,18.435886382625771],[121.386912351536068,18.43588799193348],[121.386914037568815,18.435707299369813],[121.387103356792224,18.435708908471909],[121.3871050426078,18.435528215887725],[121.387294361653034,18.435529824784297],[121.387296047251368,18.435349132179685],[121.387485366118526,18.435350740870732],[121.38748705149969,18.435170048245602],[121.387297732830334,18.43516843957152],[121.387108414180332,18.435166830708699],[121.386919095549871,18.435165221657229],[121.38672977693885,18.435163612417021],[121.386540458347383,18.435162002988253],[121.386351139775272,18.435160393370747],[121.386161821222714,18.435158783564592],[121.385972502689683,18.435157173569699],[121.385970815727106,18.435337866059736],[121.385781497015913,18.435336255859319],[121.385592178324075,18.435334645470252],[121.385402859651791,18.435333034892537],[121.385404547207386,18.435152342453126],[121.385215228752259,18.435150731703636],[121.385216916485945,18.434970039277548],[121.385027598247973,18.434968428356196],[121.384838280029442,18.434966817246284],[121.38464896183055,18.434965205947634],[121.384459643651013,18.434963594460246],[121.384457955126678,18.435144286818744],[121.384268636769065,18.43514267512592],[121.384079318430892,18.435141063244359],[121.38407762949177,18.435321755565464],[121.383888310975451,18.43532014347829],[121.383698992478742,18.435318531202466],[121.383509674001402,18.435316918737993],[121.383507984449793,18.435497611004742],[121.383318665794377,18.435495998334655],[121.383316976025512,18.435676690580976],[121.383127657191935,18.435675077705366],[121.383125967205913,18.43585576993117],[121.383124277200267,18.436036462153332],[121.382934957990884,18.436034849055144],[121.382933267768166,18.436215541256878],[121.382931577525824,18.436396233454971],[121.382929887264027,18.436576925649511],[121.38274056748115,18.436575312311959],[121.382738877002112,18.436756004485982],[121.382737186503618,18.436936696656453],[121.382735495985486,18.437117388823282],[121.382733805447913,18.437298080986558],[121.382544484893828,18.437296467392589],[121.382542794139013,18.437477159535348],[121.382353473406766,18.437475545735765],[121.382351782434682,18.437656237858096],[121.382162461524274,18.437654623852811],[121.381973140633391,18.437653009658966],[121.38197144924645,18.437833701743816],[121.381782128177406,18.437832087344269],[121.381592807127902,18.437830472756072],[121.381403486097938,18.437828857979138],[121.381401794098423,18.438009550009543],[121.381212472890297,18.438007935026995],[121.381023151701697,18.438006319855798],[121.38102145928714,18.438187011848811],[121.380832137920464,18.438185396471912],[121.380642816573243,18.438183780906275],[121.380453495245646,18.438182165151989],[121.380455188253251,18.438001473209781],[121.38026586714291,18.437999857283721],[121.380267560328676,18.437819165354924],[121.380456881241315,18.437820781264019],[121.380458574209825,18.437640089314705],[121.38046026715881,18.437459397361749],[121.380649587695572,18.437461013048267],[121.380651280427301,18.437280321074795],[121.380840600786073,18.437281936555699],[121.380842293300461,18.43710124456171],[121.381031613481071,18.437102859837001],[121.381033305778303,18.436922167822495],[121.381222625780737,18.436923782892173],[121.381224317860713,18.43674309085706],[121.381413637685071,18.436744705721125],[121.381415329547806,18.436564013665585],[121.381604649193989,18.436565628323947],[121.381606340839568,18.43638493624789],[121.381795660307588,18.436386550700639],[121.381797351735912,18.436205858604065],[121.381986671025757,18.436207472851201],[121.381988362236925,18.436026780734199],[121.381990053428567,18.435846088613467],[121.38217937234262,18.435847702638114],[121.382181063317006,18.435667010496953],[121.382182754271938,18.435486318352151],[121.381993435753202,18.435484704361343],[121.381991744600654,18.435665396489181],[121.381802425903757,18.435663782292849],[121.381800734534039,18.43584447440017],[121.38179904314471,18.436025166503939],[121.381609724072021,18.436023552085029],[121.381608032465607,18.436204244168191],[121.381418713214757,18.436202629543669],[121.381417021391101,18.436383321606403],[121.38122770196216,18.436381706776267],[121.381226009921164,18.436562398818484],[121.381036690314147,18.436560783782735],[121.381034998055995,18.436741475804347],[121.380845678270816,18.436739860562984],[121.380843985795408,18.436920552564168],[121.380654665832054,18.436918937117103],[121.38065297313949,18.437099629097769],[121.380463652997975,18.437098013445091],[121.380274332876084,18.437096397603764],[121.380272639768563,18.437277089546949],[121.380083319468511,18.437275473500009],[121.380081626143735,18.437456165422589],[121.380079932799433,18.437636857341616],[121.379890612123489,18.437635241072098],[121.379888918561932,18.437815932970608],[121.379699597707912,18.437814316495388],[121.379697903929113,18.437995008373292],[121.379508582896932,18.437993391692459],[121.379506888900877,18.438174083549935],[121.379505194885184,18.43835477540377],[121.379503500849964,18.438535467254052],[121.379501806795204,18.438716159100693],[121.379500112720805,18.43889685094387],[121.379498418626881,18.439077542783316],[121.379496724513402,18.439258234619299],[121.379495030380312,18.439438926451551],[121.379493336227753,18.439619618280339],[121.379682659039233,18.439621235113762],[121.37968096506475,18.439801926955873],[121.379679271070742,18.439982618794431],[121.379677577057194,18.440163310629348],[121.379675883024007,18.440344002460712],[121.379865206645945,18.440345619173254],[121.379863512790934,18.44052631101794],[121.379861818916382,18.440707002859074],[121.37986012502229,18.440887694696567],[121.380049449256987,18.440889311271263],[121.380047755541057,18.441070003122167],[121.380046061805601,18.44125069496943],[121.380235386455325,18.441252311389228],[121.380233692897946,18.441433003249902],[121.380231999321111,18.441613695107023],[121.380230305724652,18.441794386960503],[121.380419630987134,18.441796003242366],[121.380417937568936,18.441976695109258],[121.380416244131098,18.442157386972507],[121.38041455067372,18.442338078832204],[121.38060387654906,18.442339694976223],[121.380602183269943,18.442520386849242],[121.380600489971201,18.442701078718709],[121.380598796652905,18.442881770584535],[121.380597103315083,18.443062462446807],[121.380595409957721,18.443243154305527],[121.380593716580819,18.443423846160606],[121.380592023184278,18.443604538012131],[121.380590329768296,18.443785229860104],[121.380588636332675,18.443965921704436],[121.380586942877528,18.444146613545215],[121.380585249402827,18.444327305382352],[121.380583555908601,18.444507997215936],[121.38058186239482,18.444688689045968],[121.380580168861428,18.444869380872358],[121.380578475308482,18.445050072695196],[121.380576781735996,18.445230764514392],[121.380575088143971,18.445411456330035],[121.380573394532419,18.445592148142126],[121.38038406509726,18.445590531693195],[121.380382371268368,18.44577122348468],[121.380193041654863,18.445769606830048],[121.38019134760863,18.445950298601016],[121.380002017816878,18.445948681740681],[121.379812688044751,18.445947064691431],[121.379814382486671,18.445766372954392],[121.379625052931871,18.445764755733368],[121.379626747551967,18.445584064009562],[121.379628442152509,18.445403372282293],[121.379630136733525,18.445222680551382],[121.379440807791667,18.445221063192424],[121.379442502550845,18.445040371474835],[121.379253173826413,18.445038753944104],[121.379251478869435,18.445219445644639],[121.379249783892917,18.445400137341711],[121.379060454792437,18.445398519588224],[121.379058759598493,18.44557921126469],[121.379057064385009,18.445759902937514],[121.379055369151999,18.445940594606874],[121.37905367389935,18.446121286272504],[121.37905197862716,18.44630197793467],[121.379050283335332,18.446482669593195],[121.379048588023977,18.446663361248078],[121.378859257558545,18.446661743187104],[121.378857562029751,18.446842434821558],[121.378668231386058,18.446840816554793],[121.378478900761991,18.446839198099291],[121.378289570157378,18.446837579454961],[121.378100239572476,18.446835960621893],[121.377910909007028,18.446834341599999],[121.377909212469717,18.447015033145902],[121.377907515912781,18.447195724688342],[121.377905819336206,18.44737641622714],[121.377716488196995,18.447374796965526],[121.377714791403093,18.447555488483719],[121.377713094589566,18.447736179998358],[121.377523763074294,18.44773456051399],[121.37733443157866,18.447732940840794],[121.377332734349906,18.447913632317952],[121.377143402676012,18.447912012438966],[121.376954071021657,18.447910392371242],[121.376952373377677,18.448091083810741],[121.376763041545146,18.448089463537226],[121.376761343683739,18.448270154956209],[121.376572011672963,18.448268534476902],[121.376382679681811,18.448266913808769],[121.376380981405177,18.448447605190182],[121.376191649235764,18.448445984316169],[121.376189950741718,18.448626675677065],[121.37600061839413,18.448625054597262],[121.375998919682559,18.448805745937552],[121.375809587156823,18.448804124652046],[121.375807888227826,18.44898481597173],[121.375618555523815,18.448983194480345],[121.375616856377391,18.449163885779512],[121.375615157211342,18.449344577075038],[121.375425824131199,18.449342955360809],[121.37542412474771,18.449523646635729],[121.375234791489405,18.449522024715797],[121.375233091888404,18.449702715970112],[121.375231392267878,18.449883407220874],[121.375229692627627,18.450064098468083],[121.375227992967837,18.450244789711739],[121.375226293288407,18.450425480951665],[121.37522459358928,18.450606172188127],[121.3752228938706,18.450786863420948],[121.375221194132294,18.450967554650216],[121.375031859310866,18.450965932405389],[121.375030159355049,18.451146623614051],[121.375028459379607,18.451327314819071],[121.374839124182031,18.4513256923514],[121.374837423989163,18.451506383535904],[121.374648088613341,18.451504760862353],[121.374649789004096,18.451324069694902],[121.374460453845799,18.451322446849488],[121.374462154414815,18.451141755695449],[121.374463854964205,18.450961064537857],[121.37446555549397,18.450780373376624],[121.37446725600401,18.450599682211749],[121.374277921656784,18.450598059245543],[121.374279622345085,18.450417368094168],[121.374090288215385,18.450415744956189],[121.37390095410521,18.450414121629294],[121.37371162001476,18.450412498113661],[121.373522285943849,18.450410874409112],[121.373332951892664,18.450409250515737],[121.373331250215102,18.450589941582113],[121.373141915985656,18.450588317482858],[121.37295258177592,18.450586693194865],[121.372763247585723,18.450585068717956],[121.372761545294978,18.450765759729709],[121.37257221092662,18.450764135046921],[121.372382876577973,18.450762510175394],[121.372381173871815,18.4509432011494],[121.372191839344922,18.450941576071994],[121.372002504837738,18.450939950805672],[121.37181317035018,18.450938325350524],[121.371623835882247,18.450936699706549],[121.371434501434038,18.450935073873747],[121.371432797718924,18.451115764759113],[121.37124346309254,18.451114138720431],[121.371054128485795,18.451112512492834],[121.370864793898676,18.451110886076499],[121.370675459331267,18.451109259471338],[121.370486124783582,18.45110763267726],[121.370484420059498,18.451288323473719],[121.370295085333552,18.451286696473762],[121.370105750627332,18.451285069284978],[121.369916415940821,18.451283441907368],[121.369914710603439,18.451464132649114],[121.369725375738767,18.451462505065624],[121.36953604089372,18.451460877293218],[121.369534335141026,18.451641567997218],[121.369345000117804,18.451639940018932],[121.369343294147512,18.451820630702414],[121.369153958946029,18.451819002518249],[121.369152252758226,18.451999693180948],[121.3691505465506,18.452180383840094],[121.368961210973254,18.452178755432907],[121.368959504548116,18.452359446071448],[121.368770168792508,18.452357817458381],[121.368768462149774,18.452538508076227],[121.36857912621609,18.452536879257192],[121.368389790301933,18.45253525024933],[121.368388083243801,18.452715940829428],[121.368198747151567,18.452714311615686],[121.368197039875824,18.452895002175179],[121.36819533258037,18.45307569273103],[121.368193625265192,18.453256383283239],[121.36838296195107,18.453258012548229],[121.368572298656673,18.453259641624392],[121.368570591717557,18.453440332207155],[121.368568884758801,18.453621022786365],[121.368758221879801,18.453622651707807],[121.368756515099221,18.453803342300517],[121.368945852437918,18.453804971050097],[121.368944145835414,18.453985661656308],[121.36894243921337,18.454166352258877],[121.369131776967464,18.454167980853736],[121.369321114741282,18.454169609259679],[121.369319408495301,18.454350299892802],[121.369508746486801,18.454351928126972],[121.369507040418981,18.454532618773506],[121.36950533433145,18.454713309416487],[121.369694672738348,18.454714937495936],[121.369692966829078,18.454895628152418],[121.369691260900069,18.455076318805258],[121.369880599722478,18.455077946729897],[121.370069938564583,18.455079574465621],[121.370068233011736,18.455260265149015],[121.370257572071452,18.455261892712965],[121.370255866696851,18.45544258340977],[121.37025416130254,18.455623274103022],[121.370064821846967,18.455621646504966],[121.370063116235045,18.455802337177612],[121.370061410603498,18.455983027846617],[121.370059704952141,18.456163718512069],[121.370057999281244,18.456344409173969],[121.369868659053665,18.456342781318785],[121.369866953165072,18.45652347195999],[121.369677612759318,18.456521843898926],[121.369488272373289,18.456520215648947],[121.369298932006885,18.456518587210052],[121.369109591660191,18.456516958582331],[121.369107884960258,18.456697649151682],[121.369297225504823,18.456699277796545],[121.369295518983066,18.456879968379308],[121.369484859745327,18.456881596852309],[121.369674200527314,18.456883225136394],[121.369672494381689,18.457063915749799],[121.369861835381187,18.457065543862022],[121.369860129413908,18.457246234488927],[121.370049470631102,18.457247862429288],[121.370047764841999,18.457428553069605],[121.37023710627679,18.457430180838102],[121.370235400665948,18.457610871491831],[121.370424742318349,18.457612499088555],[121.370423036885839,18.457793189755694],[121.370612378755837,18.457794817180556],[121.370610673501588,18.457975507861196],[121.370608968227543,18.458156198538283],[121.370607262933859,18.458336889211818],[121.370605557620536,18.458517579881711],[121.370603852287516,18.458698270547963],[121.370414509427718,18.458696643037925],[121.370412803877002,18.458877333683571],[121.370411098306647,18.459058024325664],[121.370409392716581,18.459238714964204],[121.370407687106876,18.459419405599103],[121.370405981477461,18.459600096230361],[121.37040427582842,18.459780786858065],[121.37040257015957,18.459961477482217],[121.370213225933753,18.459959849663893],[121.370211520047306,18.46014054026735],[121.370022175643143,18.460138912242968],[121.370020469539085,18.46031960282582],[121.369831124956676,18.460317974595558],[121.369641780393977,18.460316346176292],[121.369640073874251,18.460497036721396],[121.36945072913322,18.460495408096072],[121.369261384411885,18.460493779281922],[121.369259677476492,18.460674469789367],[121.369070332576911,18.46067284076916],[121.368880987697054,18.460671211559948],[121.368691642836822,18.460669582161909],[121.368689935287776,18.460850272614465],[121.368500590249383,18.460848643010369],[121.368498882482655,18.461029333442408],[121.368309537265901,18.461027703632254],[121.368120192068872,18.461026073633185],[121.368118483886477,18.461206764027388],[121.367929138511187,18.461205133822261],[121.367739793155607,18.461203503428219],[121.367550447819752,18.461201872845262],[121.367548739023633,18.461382563184664],[121.367359393509517,18.461380932395649],[121.367170048015126,18.46137930141763],[121.36698070254036,18.461377670250695],[121.36679135708539,18.461376038894755],[121.366602011650158,18.461374407349901],[121.366600301844429,18.461555097600307],[121.366410956230936,18.461553465849395],[121.366409246207525,18.461734156079107],[121.366407536164388,18.461914846305266],[121.366405826101456,18.462095536527784],[121.366216479913746,18.462093904536708],[121.366214769633117,18.462274594738531],[121.366404116018899,18.462276226746749],[121.366593462424291,18.462277858565962],[121.36659175251998,18.462458548798427],[121.366781099143168,18.462460180445778],[121.366779389417118,18.462640870691743],[121.366590042595874,18.462639239027251],[121.366400695794439,18.462637607173843],[121.36621134901263,18.46263597513143],[121.366022002250617,18.462634342900014],[121.366023712768751,18.462453652722438],[121.365834366224433,18.462452020319247],[121.36564501969994,18.462450387727053],[121.365455673195143,18.462448754945854],[121.365453962083009,18.462629445072182],[121.365264615399965,18.462627812084925],[121.365075268736632,18.462626178908753],[121.364885922093123,18.462624545543576],[121.36469657546931,18.462622911989484],[121.364507228865236,18.462621278246388],[121.364505516743407,18.462801968283454],[121.364316169961157,18.4628003343343],[121.364314457621461,18.462981024350761],[121.36412511066095,18.462979390195549],[121.364123398103573,18.463160080191226],[121.36431274526214,18.463161714363579],[121.364502092440432,18.463163348347017],[121.364503804601782,18.462982658317056],[121.364693151601813,18.462984292094347],[121.364694863545466,18.462803602043692],[121.364884210367251,18.462805235614926],[121.365073557208831,18.462806868997156],[121.365262904070136,18.46280850219047],[121.365452250951236,18.462810135194779],[121.365641597851976,18.462811768010173],[121.365830944772512,18.462813400636563],[121.365829234016985,18.462994090789891],[121.366018581155217,18.462995723244418],[121.366207928313258,18.462997355509941],[121.36620621793395,18.463178045693823],[121.366395565309773,18.463179677787483],[121.366584912705221,18.463181309692228],[121.366774260120479,18.463182941407968],[121.366772550315474,18.463363631639456],[121.366961897948428,18.463365263183334],[121.367151245601093,18.463366894538208],[121.367149536172406,18.463547584800338],[121.367338884042852,18.463549215983349],[121.367528231933022,18.463550846977355],[121.367717579842903,18.463552477782358],[121.367906927772509,18.463554108398444],[121.368096275721825,18.463555738825438],[121.368285623690866,18.463557369063604],[121.368474971679532,18.463558999112678],[121.368664319688008,18.463560628972836],[121.368853667716195,18.463562258643989],[121.368855375362756,18.463381568228204],[121.369044723212596,18.4633831976933],[121.369234071082161,18.463384826969481],[121.369423418971351,18.463386456056657],[121.369425126004174,18.463205765586071],[121.369614473715103,18.46320739446719],[121.369803821445757,18.463209023159393],[121.369993169196036,18.463210651662592],[121.369994875615134,18.463029961137206],[121.370184223187152,18.463031589434436],[121.370185929388555,18.462850898888444],[121.370375276782227,18.462852526979528],[121.370564624195623,18.462854154881697],[121.370566329981273,18.462673464298046],[121.370755677216323,18.462675091994157],[121.370945024470998,18.462676719501353],[121.370946729841066,18.462496028879954],[121.371136076917395,18.462497656181181],[121.371137782069766,18.462316965539177],[121.371327128967835,18.462318592634347],[121.371328833902524,18.462137901971648],[121.371518180622246,18.462139528860849],[121.371516475885542,18.462320219540512],[121.371514771129199,18.462500910216622],[121.371513066353231,18.462681600889091],[121.371511361557552,18.462862291558007],[121.371509656742148,18.463042982223371],[121.371699004471651,18.463044609008744],[121.371697299834594,18.463225299687519],[121.371695595177911,18.463405990362652],[121.371693890501518,18.463586681034233],[121.371504542178087,18.46358505419779],[121.371502837283998,18.463765744848676],[121.371501132370284,18.463946435496098],[121.371311783670535,18.463944808436544],[121.371310078539125,18.464125499063272],[121.371120729660944,18.464123871797661],[121.370931380802404,18.464122244343134],[121.370742031963573,18.464120616699514],[121.370740326218424,18.46430130727153],[121.370550977201248,18.464299679421941],[121.370361628203781,18.464298051383349],[121.370172279225955,18.46429642315584],[121.369982930267838,18.464294794739327],[121.369981223710909,18.46447548523949],[121.369791874574531,18.46447385661692],[121.369602525457708,18.464472227805345],[121.36941317636068,18.464470598804766],[121.369411469190013,18.464651289250217],[121.369222119914554,18.46464966004358],[121.36903277065889,18.464648030648029],[121.368843421422866,18.464646401063472],[121.368654072206652,18.464644771289823],[121.368652364224104,18.46482546166342],[121.36846301482953,18.464823831683802],[121.3684613066292,18.465004522036793],[121.368650656221831,18.465006152033464],[121.368648948199919,18.465186842399866],[121.368647240158211,18.465367532762716],[121.368836590166694,18.465369162604578],[121.368834882303332,18.46554985298075],[121.369024232529497,18.46555148265066],[121.369022524844482,18.465732173040511],[121.369020817139827,18.465912863426631],[121.369210167781759,18.465914492941732],[121.369399518443387,18.465916122267739],[121.369397811115064,18.466096812684412],[121.369587161994488,18.466098441838557],[121.369585454844596,18.466279132268731],[121.369774805941717,18.466280761250836],[121.369964157058547,18.466282390044025],[121.369962450284973,18.466463080504663],[121.370151801619585,18.466464709125901],[121.370341152973836,18.466466337558046],[121.370339446576679,18.466647028049238],[121.370528798148698,18.466648656309431],[121.370527091929972,18.466829346814123],[121.370716443719687,18.466830974902365],[121.370714737679307,18.467011665420468],[121.370904089686803,18.467013293336759],[121.370902383824784,18.467193983868363],[121.370900677943027,18.467374674396325],[121.370898972041743,18.467555364920734],[121.37089726612065,18.467736055441502],[121.370895560179932,18.467916745958718],[121.37070620718211,18.467915117957162],[121.37070450102361,18.468095808453771],[121.370702794845485,18.468276498946739],[121.37051344147126,18.468274870722073],[121.370511735075254,18.468455561194347],[121.370510028659709,18.468636251663067],[121.370320674908896,18.468634623215291],[121.370318968275569,18.468815313663406],[121.370317261622532,18.468996004107879],[121.370127907495316,18.468994375436992],[121.370126200624398,18.46917506586086],[121.369936846318836,18.469173436983827],[121.369935139230137,18.469354127387088],[121.369933432121911,18.46953481778662],[121.369744077439748,18.469533188686476],[121.369742370113642,18.469713879065491],[121.369931724993862,18.469715508182688],[121.369930017846201,18.469896198575114],[121.369928310678816,18.470076888963899],[121.369926603491706,18.470257579349131],[121.369737248017216,18.470255950180775],[121.369735540612325,18.470436640545312],[121.369546184959475,18.470435011170899],[121.369544477336817,18.470615701514742],[121.36935512150545,18.470614071934182],[121.369165765693879,18.47061244216453],[121.369164057655283,18.470793132470803],[121.36897470166528,18.470791502495004],[121.368972993408903,18.470972192780582],[121.368971285132801,18.471152883062519],[121.36878192876631,18.471151252863521],[121.368780220272342,18.471331943124852],[121.368590863727405,18.471330312719708],[121.368589155015741,18.471511002960433],[121.368587446284181,18.471691693197428],[121.368585737533095,18.47187238343087],[121.368584028762186,18.47205307366076],[121.368582319971566,18.472233763887008],[121.36858061116132,18.472414454109703],[121.36857890233135,18.472595144328757],[121.368577193481585,18.472775834544258],[121.36857548461218,18.472956524756118],[121.368573775723064,18.473137214964336],[121.368572066814139,18.47331790516909],[121.368382708109593,18.47331627438718],[121.368380998982886,18.47349696457124],[121.368379289836469,18.473677654751658],[121.368189930755335,18.47367602374646],[121.368000571693841,18.473674392552258],[121.367998862131486,18.473855082694929],[121.367809502891546,18.473853451294492],[121.367807793111325,18.474034141416467],[121.367618433693039,18.474032509809884],[121.367616723694852,18.474213199911254],[121.367427364098134,18.474211568098525],[121.36742565388208,18.474392258179201],[121.367236294106931,18.474390626160325],[121.367046934351592,18.474388993952267],[121.367045223719515,18.474569683995195],[121.366855863785645,18.474568051580992],[121.366854152935687,18.474748741603136],[121.366852442066019,18.474929431621817],[121.36685073117664,18.475110121636856],[121.366849020267537,18.475290811648343],[121.366659659560781,18.475289178976656],[121.366470298873736,18.475287546115876],[121.366468587548525,18.475468236089526],[121.366279226683133,18.4754666030226],[121.366277515140041,18.475647292975555],[121.366275803577153,18.475827982924958],[121.366086442335174,18.475826349634655],[121.365897081112919,18.475824716155259],[121.365898793072034,18.47564402624014],[121.36590050501151,18.47546333632129],[121.365711144205278,18.475461702686996],[121.365521783418842,18.475460068863608],[121.365332422652131,18.475458434851127],[121.365143061905144,18.475456800649553],[121.364953701177953,18.475455166258797],[121.364951988247711,18.475635856092115],[121.364762627342088,18.475634221495213],[121.36476091419388,18.475814911307747],[121.364571553109826,18.47581327650461],[121.364569839743751,18.47599396629645],[121.364380478481351,18.475992331287078],[121.364191117238661,18.475990696088612],[121.364001756015782,18.475989060701053],[121.36400346997641,18.47580837096055],[121.363814108971397,18.475806735400951],[121.363815823110443,18.475626045673948],[121.363817537229693,18.475445355943393],[121.364006897838308,18.475446991468708],[121.364008611739592,18.475266301717458],[121.363819251329133,18.475264666209195],[121.363629890938483,18.47526303051184],[121.363440530567544,18.47526139462548],[121.363251170216316,18.475259758549939],[121.363249455522421,18.47544044823271],[121.363060094992846,18.475438811950934],[121.362870734483096,18.475437175480064],[121.362869019372994,18.475617865125088],[121.362679658684883,18.475616228447983],[121.362490298016496,18.475614591581696],[121.362300937367905,18.475612954526405],[121.362111576739139,18.47561131728202],[121.361922216130068,18.475609679848453],[121.361732855540907,18.475608042225794],[121.361734571839918,18.475427352683621],[121.361545211468723,18.475425714889099],[121.361546927946165,18.475245025360515],[121.361357567792837,18.475243387393952],[121.361359284448625,18.475062697878869],[121.361361001084617,18.474882008360144],[121.361171641347397,18.474880370238772],[121.361173358161722,18.474699680733725],[121.360983998642553,18.474698042440401],[121.360985715635238,18.474517352948855],[121.360796356334021,18.47451571448358],[121.360798073505038,18.474335025005622],[121.360799790656259,18.474154335524023],[121.360610431771065,18.474152696903939],[121.360612149100632,18.473972007435929],[121.360422790433404,18.473970368643894],[121.360424507941318,18.473789679189473],[121.360235149492041,18.473788040225575],[121.360236867178301,18.473607350784654],[121.360238584844751,18.473426661340181],[121.360049226811583,18.473425022221473],[121.360050944656294,18.4732443327905],[121.359861586841092,18.47324269349993],[121.359863304864149,18.473062004082458],[121.359865022867396,18.472881314661521],[121.359675665468217,18.472879675216141],[121.35967738364981,18.472698985808705],[121.359488026468682,18.472697346191463],[121.359489744828537,18.472516656797616],[121.359491463168581,18.472335967400216],[121.359302106403476,18.472334327628165],[121.359303824921781,18.472153638244265],[121.359305543420277,18.471972948856813],[121.35911618707128,18.471971308930041],[121.359117905748121,18.471790619556177],[121.359119624405068,18.471609930178673],[121.358930268472093,18.47160829009718],[121.358931987307386,18.471427600733264],[121.358933706122883,18.471246911365796],[121.358935424918471,18.471066221994686],[121.358937143694348,18.470885532619935],[121.358938862450245,18.470704843241631],[121.358749507527662,18.470703203056932],[121.358751226461891,18.470522513692217],[121.358752945376324,18.470341824323949],[121.358942299902793,18.470343464474276],[121.359131654449058,18.470345104435598],[121.359321009015119,18.470346744207827],[121.359510363601004,18.470348383791052],[121.35969971820677,18.470350023185183],[121.35970143611091,18.470169333727476],[121.35989079053833,18.470170972915373],[121.360080144985659,18.470172611914265],[121.360081862473763,18.469991922418632],[121.360271216742731,18.46999356121129],[121.360460571031524,18.469995199814942],[121.36046228810369,18.469814510281385],[121.360651642214222,18.469816148678802],[121.360653359068436,18.46963545912455],[121.360842713000608,18.469637097315733],[121.360844429636956,18.469456407740697],[121.36103378339088,18.469458045725734],[121.361035499809347,18.469277356130004],[121.361037216208018,18.469096666530543],[121.361038932586879,18.46891597692753],[121.361040648945931,18.468735287320875],[121.361042365285087,18.468554597710757],[121.361044081604533,18.468373908096996],[121.361045797904168,18.468193218479595],[121.361047514183994,18.468012528858551],[121.36104923044411,18.467831839234044],[121.36105094668433,18.467651149605807],[121.361240298477327,18.467652787230421],[121.36124201449968,18.467472097581489],[121.36124373050221,18.467291407929004],[121.361433081918889,18.467293045330241],[121.361434797703652,18.467112355656973],[121.361436513468604,18.466931665980152],[121.361438229213661,18.466750976299689],[121.361627580056052,18.466752613460496],[121.361629295583327,18.466571923759339],[121.361631011090793,18.46639123405463],[121.361632726578549,18.466210544346279],[121.361634442046395,18.466029854634286],[121.361445091996359,18.466028217542046],[121.361443376330357,18.466208907236897],[121.36144166064463,18.466389596928106],[121.361252310218262,18.466387959612579],[121.361250594314583,18.466568649283005],[121.36124887839118,18.466749338949878],[121.361247162448052,18.466930028613199],[121.36105781144731,18.466928391057241],[121.36105609528623,18.467109080699778],[121.360866744107227,18.467107442937674],[121.360865027728366,18.467288132559428],[121.360863311329609,18.467468822177629],[121.360673959774289,18.467467184192238],[121.360672243157751,18.467647873789655],[121.360482891424169,18.467646235598028],[121.360481174589665,18.467826925174752],[121.360479457735451,18.468007614747922],[121.360477740861427,18.468188304317451],[121.360476023967607,18.468368993883338],[121.360286671461481,18.46836735543414],[121.360284954349794,18.468548044979244],[121.360095601665407,18.46854640632381],[121.359906249000929,18.468544767479372],[121.359907966508842,18.468364077968552],[121.359718614062231,18.468362438952163],[121.359720331748321,18.468181749454931],[121.359722049414685,18.46800105995397],[121.35972376706124,18.467820370449544],[121.3597254846879,18.467639680941389],[121.359536133053354,18.46763804180474],[121.359537850858274,18.467457352310173],[121.359539568643385,18.467276662812143],[121.3595412864087,18.467095973310382],[121.359351935388148,18.467094334036155],[121.359353653331709,18.466913644547983],[121.359355371255461,18.466732955056258],[121.359357089159332,18.466552265560981],[121.359358807043392,18.466371576062063],[121.359169456834891,18.466369936667487],[121.359171174897213,18.466189247182157],[121.359172892939725,18.466008557693186],[121.358983543147161,18.466006918143979],[121.358985261367835,18.465826228668597],[121.358795911793067,18.465824588947527],[121.358797630192001,18.465643899485734],[121.358608280835099,18.465642259592801],[121.35860999941228,18.465461570144598],[121.358420650273246,18.465459930079891],[121.358422369028617,18.465279240645277],[121.358233020107448,18.465277600408708],[121.358234739040981,18.465096910987683],[121.358045390337679,18.46509527057934],[121.358047109449473,18.464914581171815],[121.357857760964038,18.464912940591699],[121.357668412498512,18.464911299822578],[121.357670131986438,18.464730610445873],[121.357480783738694,18.46472896950489],[121.357291435510845,18.464727328374902],[121.357293155375004,18.464546639029017],[121.357103807365021,18.464544997727256],[121.356914459374849,18.464543356236579],[121.356725111404572,18.464541714556898],[121.35653576345409,18.464540072688212],[121.356346415523518,18.464538430630522],[121.356157067612742,18.464536788383828],[121.35596771972186,18.464535145948219],[121.355778371850789,18.464533503323604],[121.355589023999698,18.464531860509986],[121.355399676168332,18.464530217507452],[121.355401397992878,18.464349528329876],[121.355212050379478,18.46434788515548],[121.355022702785874,18.464346241792168],[121.35483335521225,18.464344598239851],[121.354835077611,18.464163909110326],[121.354645730255172,18.464162265386236],[121.354647452832097,18.463981576270388],[121.354458105694121,18.463979932374524],[121.354459828449222,18.463799243272177],[121.354270481529113,18.463797599204629],[121.354081134628998,18.463795954947987],[121.354082857760147,18.463615265876548],[121.353893511077999,18.463613621448221],[121.353895234387224,18.463432932390461],[121.353705887922942,18.46343128779036],[121.353707611410343,18.463250598746189],[121.353518265163927,18.463248953974315],[121.353519988829404,18.463068264943821],[121.353330642800856,18.463066620000262],[121.353332366644494,18.462885930983269],[121.353334090468252,18.462705241962812],[121.353144744855555,18.46270359686471],[121.353146468857375,18.462522907857842],[121.352957123462645,18.462521262588055],[121.352958847642554,18.462340573594776],[121.352960571802654,18.462159884597945],[121.352771226823762,18.462158239173615],[121.352772951161938,18.461977550190461],[121.352774675480134,18.461796861203577],[121.352585330917179,18.461795215624793],[121.352587055413551,18.461614526651676],[121.352588779889928,18.461433837674917],[121.352590504346509,18.461253148694606],[121.352401160397363,18.461251502978598],[121.352402885031935,18.461070814011876],[121.352404609646698,18.460890125041512],[121.352215266113305,18.46088847917105],[121.352216990906157,18.460707790214364],[121.352027647590731,18.460706144172217],[121.35202937256156,18.46052545522921],[121.351840029464,18.460523809015289],[121.351841754613005,18.46034312008587],[121.351652411733312,18.460341473700264],[121.351654137060308,18.460160784784613],[121.351464794398495,18.460159138227322],[121.351466519903482,18.459978449325259],[121.351468245388659,18.459797760419644],[121.351278903142685,18.459796113707899],[121.351280628805853,18.459615424815873],[121.351282354449125,18.459434735920293],[121.351284080072503,18.459254047021073],[121.351094738440267,18.459252400172193],[121.351096464241721,18.459071711286651],[121.351098190023194,18.458891022397555],[121.351099915784687,18.458710333504818],[121.35110164152637,18.45852964460844],[121.351103367248058,18.458348955708509],[121.351105092949865,18.458168266805025],[121.351106818631777,18.457987577897899],[121.351108544293794,18.457806888987221],[121.350919204265068,18.45780524208736],[121.350920930105076,18.45762455319036],[121.350922655925089,18.457443864289719],[121.350733316312215,18.457442217235492],[121.350735042310319,18.457261528348528],[121.350545702915213,18.457259881122706],[121.350356363540101,18.457258233707968],[121.350167024184884,18.457256586104315],[121.350168750756836,18.45707589726549],[121.349979411619401,18.45707424949024],[121.349977684849563,18.457254938311745],[121.349788345534236,18.457253290330261],[121.34959900623879,18.45725164215995],[121.3495972790531,18.457432330943352],[121.349786618546432,18.457433979130982],[121.349975958059744,18.457435627129698],[121.350165297592952,18.457437274939497],[121.35035463714614,18.457438922560382],[121.350543976719237,18.457440569992439],[121.350542250503267,18.457621258858531],[121.350731590294217,18.457622906118903],[121.350729864256238,18.457803594998673],[121.350728138198448,18.45798428387489],[121.350726412120679,18.458164972747465],[121.350724686022929,18.458345661616487],[121.350722959905369,18.458526350481868],[121.350721233767828,18.458707039343786],[121.350719507610293,18.458887728201972],[121.350717781432962,18.459068417056606],[121.350528440058568,18.459066769658211],[121.350526713663271,18.459247458491973],[121.350524987248079,18.459428147322182],[121.350523260812992,18.45960883614875],[121.350521534358023,18.459789524971765],[121.350710876524232,18.459791172439171],[121.350709150247326,18.459971861275775],[121.350707423950453,18.460152550108916],[121.3508967665325,18.460154197421868],[121.350895040413704,18.460334886268598],[121.350893314274913,18.460515575111774],[121.350891588116227,18.460696263951309],[121.351080931312197,18.460697911127127],[121.351270274528062,18.46069955811403],[121.351268548745438,18.460880246984473],[121.35145789217917,18.460881893799602],[121.351456166574621,18.461062582683724],[121.35164551022622,18.461064229327256],[121.351643784799748,18.461244918224967],[121.351833128669227,18.461246564696815],[121.351831403420746,18.461427253608203],[121.35182967815237,18.46160794251595],[121.352019022437773,18.461609588833344],[121.352017297347487,18.461790277754769],[121.352015572237292,18.461970966672641],[121.352013847107216,18.462151655586872],[121.352203192006527,18.462153301767042],[121.352201467054442,18.462333990694862],[121.352199742082533,18.462514679619218],[121.352389087397697,18.462516325644845],[121.352387362603878,18.46269701458279],[121.352385637790164,18.462877703517094],[121.352574983521166,18.462879349388267],[121.352573258885542,18.463060038336248],[121.352762604834496,18.463061684035736],[121.352760880377033,18.463242372997307],[121.352950226543868,18.463244018525021],[121.352948502264397,18.46342470750027],[121.353137848649183,18.463426352856299],[121.353136124547888,18.463607041845137],[121.353325471150541,18.463608687029392],[121.353323747227407,18.463789376031997],[121.353513094047941,18.46379102104439],[121.353511370302883,18.463971710060584],[121.353700717341383,18.46397335490138],[121.353698993774401,18.464154043931163],[121.35369727018761,18.464334732957393],[121.353886617641948,18.464336377643559],[121.35407596511628,18.464338022140808],[121.354074241905636,18.464518711197858],[121.354263589597736,18.464520355523245],[121.354261866565267,18.464701044593973],[121.354451214475333,18.464702688747675],[121.35444949162094,18.464883377831992],[121.354447768746653,18.465064066912667],[121.35444604585247,18.46524475598979],[121.354256697348305,18.465243111784485],[121.354067348864035,18.465241467390086],[121.353878000399661,18.465239822806772],[121.353879723887857,18.465059133781342],[121.353690375641349,18.465057489026165],[121.353501027414737,18.465055844082073],[121.353311679208019,18.465054198949066],[121.353313403270434,18.464873509971685],[121.353124055281668,18.464871864666815],[121.353125779522244,18.464691175703113],[121.35293643175136,18.464689530226558],[121.35274708400037,18.464687884560998],[121.352748808617093,18.464507195628116],[121.352559461084056,18.464505549790783],[121.352370113570828,18.464503903764445],[121.352371838563698,18.464323214862471],[121.352182491268422,18.464321568664449],[121.352184216439454,18.464140879776153],[121.351994869362059,18.464139233406357],[121.351805522304744,18.464137586847556],[121.351807247851823,18.46395689799008],[121.351617901012276,18.463955251259595],[121.351619626737531,18.463774562415797],[121.351430280115949,18.463772915513626],[121.35143200601928,18.463592226683417],[121.351242659615664,18.463590579609473],[121.351244385696987,18.463409890793031],[121.351055039511223,18.463408243547313],[121.351056765770721,18.46322755474446],[121.35105849201031,18.463046865938054],[121.350869146240498,18.463045218537971],[121.350870872658177,18.462864529745154],[121.350872599055862,18.462683840948785],[121.350683253702073,18.462682193394159],[121.350684980277833,18.462501504611467],[121.350686706833713,18.462320815825134],[121.350688433369697,18.462140127035248],[121.350499088629718,18.462138479343487],[121.350500815343779,18.46195779056719],[121.350502542037859,18.461777101787341],[121.350313197713817,18.461775453941126],[121.350314924585973,18.461594765174954],[121.350316651438234,18.46141407640523],[121.350127307529945,18.461412428404561],[121.350129034560283,18.461231739648515],[121.350130761570639,18.461051050888738],[121.350132488561101,18.460870362125409],[121.350134215531583,18.460689673358527],[121.349944872435273,18.460688025238042],[121.349946599583831,18.460507336484749],[121.349948326712408,18.460326647727904],[121.349950053821075,18.460145958967505],[121.34976071133859,18.460144310709886],[121.349762438625262,18.459963621963077],[121.349573096360629,18.459961973533773],[121.349574823825378,18.459781284800641],[121.349385481778725,18.459779636199652],[121.349387209421465,18.459598947480288],[121.34938893704431,18.459418258757193],[121.349199595413396,18.459416610001838],[121.349201323214231,18.45923592129251],[121.349011981801283,18.459234272365471],[121.34901370978011,18.459053583669821],[121.348824368585028,18.459051934571097],[121.348826096741945,18.458871245889124],[121.34863675576473,18.458869596618804],[121.348638484099624,18.45868890795051],[121.348449143340375,18.458687258508505],[121.348450871853174,18.458506569853888],[121.348261531311806,18.458504920240287],[121.348072190790319,18.45850327043777],[121.348073919679166,18.458322581814151],[121.347884579375645,18.45832093183995],[121.347695239092019,18.458319281676921],[121.347696968356743,18.458138593084211],[121.347507628291083,18.458136942749498],[121.347509357733799,18.457956254170554],[121.347511087156448,18.457775565587969],[121.347321747506626,18.457773915098979],[121.347323477107352,18.457593226530072],[121.347134137675397,18.457591575869397],[121.3471324078767,18.457772264420985],[121.346943068266754,18.457770613554164],[121.346753728676788,18.457768962498427],[121.346751998462238,18.457949651011823],[121.346562658694282,18.45794799974994],[121.34637331894632,18.457946348299053],[121.346183979218324,18.457944696659339],[121.345994639510238,18.457943044830621],[121.345992908484078,18.458123733271186],[121.346182248390051,18.458125385117224],[121.346180517541782,18.458306073571556],[121.346369857665721,18.458307725245909],[121.346559197809555,18.458309376731346],[121.346557467337163,18.458490065216676],[121.346746807698949,18.458491716530517],[121.346936148080729,18.458493367655354],[121.346934417984301,18.45867405617177],[121.347123758583948,18.45867570712501],[121.347122028665424,18.458856395655104],[121.347311369483023,18.458858046436749],[121.347309639742591,18.459038734980432],[121.347498980778056,18.45904038559048],[121.347688321833516,18.459042036011613],[121.34768659246896,18.459222724586382],[121.347875933742287,18.459224374835831],[121.347874204555794,18.459405063424189],[121.348063546047001,18.459406713502041],[121.348061817038499,18.459587402104166],[121.348251158747658,18.459589052010422],[121.348249429917161,18.459769740626136],[121.348438771844187,18.459771390360707],[121.34843704319168,18.459952078990188],[121.348626385336658,18.459953728553074],[121.348624656862143,18.460134417196233],[121.348622928367732,18.46031510583575],[121.348812270928562,18.460316755244271],[121.348810542612128,18.460497443897466],[121.348808814275813,18.460678132547109],[121.348998157252495,18.460679781801264],[121.348996429094157,18.460860470464585],[121.348994700915853,18.461041159124264],[121.348992972717639,18.46122184778039],[121.348991244499544,18.461402536432875],[121.348989516261369,18.461583225081807],[121.349178860247989,18.461584874233377],[121.34917713218789,18.461765562895987],[121.34917540410791,18.461946251554956],[121.349173676007936,18.462126940210371],[121.349171947888067,18.462307628862145],[121.349170219748203,18.462488317510367],[121.348980874771712,18.462486668272465],[121.348791529815202,18.462485018845559],[121.348602184878573,18.462483369229648],[121.348412839961938,18.462481719424822],[121.348414568893702,18.462301030845701],[121.348225224195019,18.462299380869279],[121.348035879516246,18.462297730703764],[121.348037608824043,18.46211704215564],[121.347848264363222,18.462115391818529],[121.347658919922395,18.462113741292502],[121.347469575501449,18.46211209057747],[121.347280231100484,18.462110439673435],[121.347281961180386,18.461929751190858],[121.347092616997386,18.461928100115227],[121.346903272834282,18.461926448850591],[121.346713928691258,18.461924797397039],[121.346524584568115,18.461923145754572],[121.346522853696413,18.462103834167959],[121.346712198017428,18.462105485827745],[121.346901542358523,18.462107137298617],[121.346899811862784,18.462287825743001],[121.347089156421745,18.462289477042187],[121.347278501000787,18.462291128152369],[121.347276770880995,18.46247181662784],[121.347466115677904,18.462473467566337],[121.347655460494806,18.462475118316007],[121.347844805331675,18.462476768876584],[121.347843075785931,18.462657457400283],[121.348032420840667,18.462659107789264],[121.348221765915397,18.46266075798933],[121.348411111010208,18.462662408000391],[121.348409382038483,18.462843096572229],[121.348598727351074,18.462844746411694],[121.348596998557426,18.46302543499721],[121.348786344088055,18.463027084664901],[121.348975689638593,18.463028734143677],[121.348973961221006,18.46320942276019],[121.349163306989482,18.463211072067281],[121.349352652777952,18.463212721185279],[121.349350924736427,18.46339340983279],[121.349540270742764,18.463395058779192],[121.349538542879316,18.46357574744038],[121.349727889103619,18.463577396215008],[121.349917235347903,18.463579044800721],[121.349915507860501,18.463759733492818],[121.350104854322652,18.463761381906846],[121.350103127013426,18.463942070612621],[121.350292473693543,18.463943718854875],[121.350290746562294,18.464124407574328],[121.350480093460376,18.464126055644897],[121.350478366507303,18.464306744378028],[121.350667713623238,18.464308392276912],[121.350665986848256,18.464489081023633],[121.350855334182242,18.464490728750743],[121.35085360758525,18.46467141751123],[121.351042955137189,18.464673065066567],[121.351041228718273,18.464853753840643],[121.351230576488177,18.464855401224295],[121.351228850247438,18.465036090012049],[121.351418198235208,18.465037737224016],[121.35141647217263,18.465218426025359],[121.351605820378367,18.465220073065641],[121.351604094493865,18.465400761880574],[121.351793442917469,18.465402408749082],[121.351791717211142,18.465583097577781],[121.351981065852698,18.465584744274427],[121.351979340324448,18.465765433116804],[121.352168689184069,18.465767079641765],[121.352166963833895,18.465947768497731],[121.352356312911468,18.465949414850918],[121.352354587739455,18.466130103720563],[121.352543937034895,18.466131749901976],[121.352542212040973,18.466312438785298],[121.352731561554464,18.466314084794938],[121.352920911087679,18.466315730615662],[121.352919186470075,18.466496419529715],[121.353108536221242,18.466498065178666],[121.353106811781714,18.466678754106397],[121.353296161750933,18.466680399583574],[121.353294437489566,18.466861088524983],[121.353292713208319,18.467041777462839],[121.353103362843072,18.467040131951201],[121.353101638343858,18.467220820868185],[121.353099913824749,18.467401509781617],[121.353098189285745,18.467582198691407],[121.353287540245191,18.467583844254648],[121.353289264586138,18.467403155327627],[121.353478615367408,18.467404800684633],[121.353667966168587,18.467406445852724],[121.353669690093497,18.467225756887601],[121.3538590407165,18.467227401849456],[121.354048391359399,18.467229046622219],[121.354237742022192,18.467230691205977],[121.354236018691381,18.467411380222703],[121.354425369572127,18.467413024634688],[121.354614720472782,18.467414668857579],[121.354612997518203,18.467595357905214],[121.354802348636724,18.467597001956332],[121.354800625860392,18.467777691017556],[121.35498997719688,18.4677793348969],[121.354988254598723,18.467960023971713],[121.355177606153063,18.467961667679283],[121.355366957727398,18.46796331119776],[121.355365235505474,18.468144000303393],[121.355554587297675,18.468145643650185],[121.355552865254012,18.468326332769408],[121.355742217264179,18.468327975944337],[121.355740495398678,18.468508665077149],[121.355929847626797,18.468510308080216],[121.355928125939471,18.468690997226705],[121.356117478385471,18.46869264005791],[121.356115756876491,18.468873329217988],[121.356305109540429,18.468874971877419],[121.35630338820954,18.469055661051087],[121.356492741091444,18.469057303538655],[121.356491019938886,18.469237992725912],[121.356680373038671,18.469239635041706],[121.356678652064275,18.469420324242552],[121.356676931069998,18.469601013439846],[121.356866284585891,18.469602655600919],[121.356864563769861,18.469783344811802],[121.356862842934035,18.469964034019132],[121.356861122078314,18.47014472322282],[121.356859401202783,18.470325412422866],[121.356857680307357,18.47050610161936],[121.356855959392121,18.470686790812302],[121.356854238456989,18.470867480001601],[121.356852517502062,18.471048169187259],[121.356663162401389,18.471046526888607],[121.356664883554487,18.47086583772009],[121.356666604687675,18.470685148548021],[121.356477250003124,18.470683506094737],[121.356478971314573,18.470502816936168],[121.356289616847974,18.470501174311021],[121.35610026240127,18.470499531496781],[121.356098540693608,18.470680220620977],[121.356096818966137,18.470860909741443],[121.356095097218684,18.471041598858356],[121.356093375451508,18.471222287971717],[121.355904020232174,18.471220644899638],[121.35590229824696,18.471401333992215],[121.355712942849465,18.471399690713902],[121.35571466503275,18.471219001638556],[121.355525309853206,18.47121735818838],[121.355527032214752,18.471036669126622],[121.355528754556488,18.470855980061312],[121.355530476878243,18.47067529099245],[121.355341122312879,18.470673647404872],[121.355342844812981,18.47049295834951],[121.355344567293088,18.470312269290595],[121.355346289753399,18.470131580228127],[121.355156935802214,18.470129936503149],[121.354967581870838,18.470128292589077],[121.354965859014399,18.470308981617084],[121.354776504904763,18.470307337496777],[121.354587150815107,18.470305693187377],[121.354397796745261,18.470304048688973],[121.354396073274657,18.470484737661824],[121.35420671902655,18.470483092957096],[121.354204995337895,18.470663781909163],[121.35420327162943,18.470844470857589],[121.354013917005091,18.470842825929395],[121.353824562400561,18.470841180812197],[121.353822838275988,18.47102186972252],[121.353633483493283,18.471020224399087],[121.353444128730487,18.471018578886472],[121.353442404189792,18.471199267758781],[121.353253049248821,18.471197622039931],[121.353063694327659,18.471195976132076],[121.352874339426478,18.471194330035129],[121.352684984545192,18.471192683749088],[121.352686709878313,18.471011994945702],[121.352497355215078,18.471010348487887],[121.352308000571639,18.471008701841068],[121.35211864594811,18.471007055005156],[121.352120371855705,18.47082636624982],[121.351931017450212,18.470824719242135],[121.351741663064615,18.470823072045356],[121.351552308699013,18.470821424659484],[121.351554035180897,18.470640735952376],[121.351364681033246,18.47063908839473],[121.35117532690559,18.470637440647991],[121.35098597279773,18.470635792712248],[121.35079661870985,18.4706341445875],[121.350794891435527,18.470814833225596],[121.350605537169486,18.470813184894524],[121.350416182923325,18.470811536374359],[121.350414455232894,18.470992224974442],[121.350225100808672,18.470990576247953],[121.350035746404245,18.47098892733246],[121.350034018297691,18.47116961589435],[121.349844663715103,18.471167966772533],[121.349655309152496,18.471166317461712],[121.349465954609869,18.471164667961798],[121.349467683310792,18.470983979451688],[121.349278328986131,18.47098232978],[121.34908897468145,18.470980679919219],[121.349090703758591,18.470799991440018],[121.349092432815851,18.470619302957264],[121.349094161853117,18.470438614470869],[121.349095890870402,18.470257925981009],[121.349097619867791,18.47007723748742],[121.348908266573503,18.470075587523965],[121.348909995748969,18.469894899044142],[121.348911724904539,18.469714210560678],[121.348722372026458,18.469712560442769],[121.348724101360105,18.469531871972983],[121.348534748700075,18.4695302216833],[121.348536478211898,18.469349533227103],[121.348538207703726,18.469168844767442],[121.348727559967728,18.469170495022574],[121.348729289241518,18.468989806541952],[121.348918641327359,18.46899145659085],[121.349107993433179,18.468993106450565],[121.349297345558796,18.468994756121365],[121.349299074218507,18.468814067585409],[121.349488426166047,18.468815717049797],[121.349677778133568,18.468817366325268],[121.349867130120998,18.468819015411647],[121.350056482128409,18.468820664309021],[121.35005820997587,18.468639975700324],[121.350247561805105,18.468641624391463],[121.350436913654235,18.468643272893509],[121.35062626552336,18.46864492120655],[121.350815617412366,18.468646569330588],[121.351004969321281,18.468648217265532],[121.351194321250176,18.468649865011471],[121.351383673198953,18.468651512568407],[121.351385399639994,18.468470823835364],[121.35157475141061,18.468472471186065],[121.351576477633685,18.46829178243215],[121.351765829226053,18.468293429576526],[121.351767555231163,18.468112740801828],[121.351769281216292,18.467932052023489],[121.351958632432513,18.467933698944311],[121.352147983668715,18.467935345676217],[121.352149709237821,18.467754656859775],[121.352339060295776,18.467756303385357],[121.352340785646916,18.467575614548132],[121.352151434787046,18.46757396803978],[121.351962083946972,18.467572321342335],[121.351772733126793,18.467570674455974],[121.351583382326595,18.467569027380609],[121.351585108450109,18.467388338608664],[121.351395757867778,18.467386691361526],[121.351206407305526,18.467385043925383],[121.351017056763084,18.467383396300146],[121.350827706240622,18.467381748485906],[121.350829433136312,18.467201059779509],[121.350640082831816,18.467199411793494],[121.350641809905767,18.467018723100686],[121.350452459819223,18.467017074942987],[121.35045418707125,18.466836386263857],[121.350264837202658,18.466834737934384],[121.350075487354061,18.466833089415907],[121.350077214982235,18.466652400767686],[121.34988786535159,18.466650752077435],[121.349698515740855,18.466649103198268],[121.349509166150085,18.466647454130008],[121.349319816579225,18.466645804872744],[121.349130467028331,18.466644155426565],[121.349128738409931,18.466824843988455],[121.348939388680876,18.466823194335952],[121.348750038971815,18.466821544494444],[121.348751767986343,18.466640855967103],[121.34856241849532,18.466639205953822],[121.348560689282735,18.466819894463931],[121.348558960050241,18.4670005829704],[121.348557230797681,18.467181271473226],[121.348367880732454,18.467179621219159],[121.348366151262013,18.467360309701203],[121.348176801018624,18.467358659240812],[121.348175071330132,18.467539347701894],[121.347985720908667,18.467537697035269],[121.347983991002138,18.467718385475479],[121.347794640402583,18.467716734602529],[121.347792910278088,18.467897423021867],[121.347603559500371,18.467895771942594],[121.347601829157824,18.468076460341059],[121.347600098795397,18.468257148735972],[121.347410747641533,18.468255497433056],[121.347409017061054,18.468436185807096],[121.347407286460495,18.468616874177407],[121.347217934930484,18.468615222650936],[121.347216204111973,18.468795911000463],[121.347214473273482,18.468976599346348],[121.347403825199621,18.468978250907458],[121.347402094539206,18.469158939267022],[121.347400363858895,18.469339627623032],[121.347398633158605,18.469520315975402],[121.347396902438234,18.469701004324218],[121.347395171697968,18.469881692669393],[121.347393440937822,18.470062381011015],[121.347391710157581,18.470243069348996],[121.347581063490239,18.470244720842071],[121.347579332888273,18.47042540919373],[121.347768686438982,18.470427060515032],[121.347766956015079,18.470607748880457],[121.347956309783925,18.470609400029986],[121.347954579538111,18.470790088409089],[121.348143933525009,18.470791739386843],[121.348142203457357,18.470972427779625],[121.348140473369725,18.471153116168765],[121.348138743262211,18.47133380455444],[121.348137013134703,18.471514492936386],[121.348135282987201,18.471695181314779],[121.348133552819732,18.47187586968953],[121.348131822632354,18.47205655806064],[121.348130092425009,18.472237246428286],[121.348319448016653,18.472238897355236],[121.348317717987555,18.47241958573656],[121.348507073797251,18.472421236491737],[121.348505343946243,18.47260192488665],[121.348694699974075,18.472603575470142],[121.348692970301229,18.472784263878733],[121.348691240608389,18.472964952283771],[121.348880597052428,18.472966602712631],[121.348878867537849,18.473147291131436],[121.348877138003289,18.473327979546511],[121.349066494863521,18.473329629820917],[121.349064765507137,18.473510318249669],[121.349063036130758,18.473691006674869],[121.349252393407198,18.473692656794732],[121.34925066420908,18.473873345233521],[121.349248934990982,18.474054033668846],[121.349247205752974,18.47423472210053],[121.349245476495,18.474415410528572],[121.349434834583946,18.474417060528442],[121.349433105504133,18.474597748970162],[121.349431376404425,18.474778437408329],[121.349429647284722,18.474959125842854],[121.349427918145139,18.475139814273827],[121.34942618898566,18.475320502701159],[121.349424459806102,18.475501191124938],[121.349235100528247,18.475499541021506],[121.349233371130637,18.475680229424324],[121.349231641713146,18.475860917823677],[121.349229912275661,18.47604160621939],[121.349228182818194,18.47622229461146],[121.349038822767625,18.476220644249747],[121.349037093092107,18.476401332621034],[121.348847732863277,18.476399682052907],[121.348846002969623,18.476580370403234],[121.348656642562631,18.476578719628783],[121.34865491245084,18.476759407958326],[121.348465551865587,18.476757756977463],[121.34846382153566,18.476938445286045],[121.348274460772231,18.476936794098858],[121.348272730224181,18.477117482386479],[121.348083369282492,18.477115830992879],[121.348081638516291,18.477296519259717],[121.347892277396355,18.477294867659705],[121.347890546412117,18.477475555905581],[121.347888815407799,18.477656244147994],[121.347887084383487,18.477836932386765],[121.347697722688991,18.477835280545701],[121.347695991446642,18.4780159687636],[121.347694260184213,18.478196656977858],[121.347504898113399,18.47819500491315],[121.347503166632833,18.478375693106535],[121.347502059314934,18.478491245634611],[121.349055356486119,18.478892510000566],[121.350867478099076,18.479288468844072],[121.352694502982388,18.479616220996299],[121.354533611962893,18.479875260538304],[121.356381967162918,18.480065187575292],[121.358236716389158,18.480185708856087],[121.359037823614386,18.480207664569086],[121.359038826094007,18.480102327033126],[121.358849460847139,18.480100686144635],[121.358851180614494,18.479919996949739],[121.359040545663021,18.479921637821089],[121.359042265212238,18.479740948605411],[121.359231630082519,18.479742589270437],[121.359420994972595,18.479744229746281],[121.359419275819775,18.479924918996243],[121.359608640927902,18.479926559300136],[121.359606921953514,18.480107248563687],[121.359796287279693,18.48010888869554],[121.359795150241496,18.480228420399953],[121.36009499754401,18.480236638227868],[121.361953943052214,18.480217896925087],[121.36381068429661,18.480129513692415],[121.365662356055012,18.479971624741378],[121.367506100932459,18.479744473540713],[121.369339073780864,18.479448410440856],[121.371158446099955,18.479083892133151],[121.372961410412017,18.478651480944421],[121.373826545381419,18.478409155754424],[121.373828120364038,18.478242137347284],[121.373829824255466,18.478061446762389],[121.373831528127354,18.477880756173942],[121.373642163917438,18.477879130261027],[121.373643867967857,18.477698439685991],[121.373833231979532,18.477700065581942],[121.37383493581207,18.477519374986301],[121.373836639624898,18.477338684387018],[121.374026003259885,18.477340310059859],[121.374027706854932,18.47715961943997],[121.374217070311317,18.477161244906664],[121.374218773688483,18.47698055426617],[121.374408136966338,18.476982179526718],[121.374409840125736,18.476801488865618],[121.374599203225074,18.47680311392002],[121.374600906166592,18.476622423238403],[121.374602609088484,18.476441732553145],[121.374604311990751,18.476261041864245],[121.374606014873379,18.476080351171881],[121.374416652566751,18.476078726185513],[121.37441835562791,18.475898035506471],[121.374420058669429,18.475717344823877],[121.374421761691337,18.475536654137731],[121.374423464693606,18.475355963447942],[121.374425167676165,18.475175272754512],[121.374426870639084,18.47499458205753],[121.374616231756718,18.474996206941757],[121.37461793450187,18.474815516224258],[121.374807295440888,18.474817140902427],[121.374808997968245,18.474636450164233],[121.374998358728746,18.474638074636257],[121.375000061038321,18.474457383877457],[121.375189421620377,18.474459008143423],[121.375191123712099,18.474278317364107],[121.375380484115624,18.474279941423926],[121.37538218598965,18.474099250623915],[121.375571546214573,18.474100874477678],[121.375573247870804,18.47392018365715],[121.37576260791721,18.473921807304855],[121.375951967983326,18.473923430763467],[121.375953669223534,18.47374273990528],[121.376143029111134,18.473744363157746],[121.37614473013366,18.473563672279042],[121.376334089842629,18.47356529532545],[121.376335790647374,18.47338460442614],[121.376525150177926,18.473386227266491],[121.376714509728004,18.473387849917749],[121.376716210116811,18.47320715898087],[121.376905569488457,18.47320878142607],[121.377094928879558,18.473210403682089],[121.377096628852613,18.473029712707728],[121.377285988065282,18.473031334757689],[121.377284288290383,18.473212025749103],[121.377473647720834,18.473213647627023],[121.377471948124537,18.473394338631849],[121.377661307772684,18.473395960337729],[121.377659608354918,18.473576651355877],[121.377657908917527,18.473757342370472],[121.377847268981597,18.4737589639211],[121.377845569722822,18.473939654949106],[121.377843870444423,18.474120345973471],[121.378033230924331,18.474121967369022],[121.378031531824547,18.474302658406799],[121.378220892522151,18.474304279630221],[121.378219193600884,18.474484970681321],[121.378217494659978,18.474665661728867],[121.378215795699546,18.474846352772772],[121.378405157011329,18.474847973857994],[121.378403458229414,18.47502866491531],[121.378401759427874,18.475209355969074],[121.378400060606793,18.475390047019197],[121.378398361766074,18.475570738065766],[121.378396662905828,18.475751429108694],[121.378207300603179,18.475749807938652],[121.378205601525153,18.475930498961063],[121.378203902427487,18.476111189979921],[121.378202203310281,18.476291880995138],[121.378200504173449,18.476472572006713],[121.378198805016993,18.476653263014736],[121.378009441743131,18.476651641570779],[121.378007742368894,18.476832332558196],[121.378006042975116,18.47701302354206],[121.378005782038713,18.477040767735513],[121.378244186771269,18.476954078517366],[121.379954015830464,18.476257797986438],[121.381633865286133,18.475497984699818],[121.383281143365465,18.474675810943889],[121.384893308651399,18.473792545221301],[121.386467874010179,18.472849550290224],[121.388002410434339,18.471848281057948],[121.389494550795021,18.470790282332061],[121.390941993497975,18.469677186432719],[121.392342506037551,18.468510710669801],[121.393693928443042,18.467292654688691],[121.394994176612116,18.466024897689067],[121.396241245526227,18.464709395520785],[121.397433212342918,18.463348177661551],[121.398568239360443,18.461943344081011],[121.399644576849852,18.460497061996104],[121.400660565750442,18.459011562522807],[121.401614640224309,18.457489137229384],[121.402505330066091,18.455932134596583],[121.403331262964286,18.454342956390217],[121.404091166610584,18.452724053951734],[121.404783870654114,18.451077924412651],[121.405408308497485,18.449407106838603],[121.405963518932154,18.447714178309042],[121.406448647610432,18.446001749938667],[121.406862948351929,18.444272462846712],[121.407056830821247,18.443286481104352],[121.406913699170204,18.443285279238314],[121.406915365018563,18.443104585040309],[121.406917030847637,18.442923890838664],[121.407106359833719,18.442925480590283],[121.40712778223633,18.442925660447859],[121.407205784282752,18.442528984080397],[121.407476628805412,18.440774002498767],[121.40767506639817,18.439010224623402],[121.407691839855133,18.438774105020951],[121.407523312979507,18.438772690751431]],[[121.369529217764537,18.45218364008781],[121.369530923576392,18.452002949394558],[121.369720259015011,18.452004577218123],[121.369718553401043,18.452185267928428],[121.369529217764537,18.45218364008781]],[[121.37407327846995,18.452222656138556],[121.373883942381184,18.452221032641663],[121.373885643641913,18.452040341556547],[121.374074979532793,18.452041965036475],[121.374264315443298,18.452043588327577],[121.374262614578242,18.45222427944671],[121.37407327846995,18.452222656138556]],[[121.373503568586415,18.45239847612859],[121.373501866890564,18.452579167172495],[121.373500165175173,18.452759858212758],[121.373310828551638,18.452758234098138],[121.373312530465,18.452577543074927],[121.373314232358652,18.452396852048075],[121.373503568586415,18.45239847612859]],[[121.372548374021804,18.453293808595244],[121.372737711160312,18.453295433516331],[121.372736008574776,18.453476124474172],[121.372734305969516,18.453656815428371],[121.372544968435236,18.453655190473267],[121.372355630920595,18.453653565329247],[121.372357333921627,18.453472874409066],[121.372359036902935,18.453292183485242],[121.372548374021804,18.453293808595244]],[[121.374240501546126,18.454573263668333],[121.374051162865214,18.454571640139022],[121.374049461527392,18.454752331190921],[121.373860122668219,18.45475070745573],[121.373861824203942,18.454570016420973],[121.373863525720026,18.454389325382575],[121.37386522721647,18.454208634340535],[121.374054565481984,18.454210258024656],[121.374056266760832,18.45402956696201],[121.374245604848085,18.454031190440251],[121.374434942954977,18.454032813729576],[121.374624281081481,18.454034436829986],[121.374622580396291,18.454215127943613],[121.374433242071888,18.45421350482615],[121.374431541169102,18.45439419591926],[121.374429840246762,18.45457488700864],[121.374240501546126,18.454573263668333]],[[121.373667380302422,18.455110465556551],[121.373665678509852,18.455291156563685],[121.373663976697642,18.45547184756709],[121.373662274865822,18.455652538566941],[121.373472935056384,18.45565091436892],[121.373471233006953,18.455831605348166],[121.373469530937882,18.456012296323859],[121.373280190752226,18.456010671902906],[121.373278488465644,18.456191362857993],[121.373276786159352,18.456372053809439],[121.373087445597449,18.456370429165641],[121.372898105055185,18.456368804332929],[121.372708764532632,18.4563671793113],[121.372519424029718,18.456365554100756],[121.372521127127641,18.456184863217345],[121.372331786842324,18.456183237834939],[121.372333490118521,18.456002546965028],[121.372144150050801,18.456000921410759],[121.372145853505245,18.455820230554259],[121.37195651365505,18.455818604828128],[121.37195821728784,18.45563791398504],[121.371768877655242,18.455636288087046],[121.371770581466208,18.455455597257458],[121.371959920900906,18.455457223138399],[121.371961624494361,18.455276532288206],[121.371963328068077,18.455095841434371],[121.372152667126556,18.455097467092379],[121.372154370482775,18.454916776217939],[121.372343709363079,18.454918401670067],[121.372345412501687,18.454737710775021],[121.37253475120373,18.454739336021181],[121.372724089925413,18.454740961078514],[121.37291342866672,18.454742585946931],[121.373102767427753,18.454744210626433],[121.373101065080775,18.454924901589603],[121.373290404059318,18.454926526097243],[121.373479743057487,18.454928150416055],[121.373478041086656,18.45510884140969],[121.373667380302422,18.455110465556551]],[[121.374603871563323,18.456202729956544],[121.374414531061902,18.456201106652031],[121.374412829943196,18.456381797705617],[121.374223489263443,18.456380174195136],[121.374225190580034,18.456199483158603],[121.374035850117878,18.456197859476259],[121.37403755161283,18.456017168453137],[121.374039253088142,18.455836477426462],[121.374228593154442,18.455838101074789],[121.374417933240352,18.455839724534201],[121.374607273346001,18.455841347804697],[121.374605572464432,18.456022038882441],[121.374603871563323,18.456202729956544]],[[121.373046579601976,18.460707010514859],[121.372857234308839,18.460705385273496],[121.372667889035341,18.460703759843305],[121.372666185643951,18.460884450653886],[121.372476840192192,18.460882825017727],[121.37247513658312,18.461063515807702],[121.372285790953015,18.461061889965574],[121.372096445342535,18.461060263934442],[121.372098149347551,18.460879573178484],[121.372287494760059,18.460881199192563],[121.372289198547392,18.460700508416],[121.372478543781554,18.46070213422411],[121.372480247351277,18.460521443426941],[121.372669592407092,18.460523069029083],[121.372671295759218,18.460342378211308],[121.372672999091719,18.460161687389892],[121.372862343771203,18.460163312769101],[121.372864046886008,18.459982621927079],[121.373053391387245,18.45998424710023],[121.373055094284453,18.459803556237603],[121.37324443860733,18.459805181204874],[121.373242735908107,18.459985872084555],[121.373241033189259,18.460166562960506],[121.373239330450687,18.460347253832992],[121.373428675387117,18.46034887866233],[121.373426972826991,18.460529569548228],[121.373616317981032,18.460531194205615],[121.373614615599237,18.460711885105013],[121.373612913197732,18.460892576000681],[121.373423567647649,18.460890951309278],[121.37323422211719,18.46088932642887],[121.373044876606542,18.460887701359457],[121.373046579601976,18.460707010514859]],[[121.375349332449758,18.457474059180129],[121.375538674434878,18.457475681659169],[121.375536974366341,18.457656372789582],[121.375535274278278,18.457837063916354],[121.37553357417049,18.458017755039663],[121.375531874043162,18.458198446159241],[121.375530173896195,18.458379137275266],[121.375528473729617,18.458559828387738],[121.375526773543399,18.458740519496658],[121.375525073337556,18.458921210601936],[121.375523373112088,18.459101901703661],[121.375334029345382,18.459100279071677],[121.375332328902388,18.459280970152708],[121.375330628439684,18.459461661230275],[121.375328927957355,18.459642352304112],[121.375327227455486,18.459823043374485],[121.375325526933977,18.460003734441216],[121.375136182197025,18.460002111535317],[121.37513448145792,18.460182802581443],[121.37513278069919,18.460363493624016],[121.375322125832,18.460365116563931],[121.37532042525153,18.460545807619916],[121.375509770602036,18.46054743038788],[121.375508070199899,18.460728121457276],[121.375506369778236,18.46090881252303],[121.375504669336934,18.461089503585232],[121.375502968876006,18.461270194643792],[121.375692315038052,18.461271817290786],[121.37569061475547,18.461452508362846],[121.375879961135112,18.46145413083789],[121.375878261030877,18.461634821923273],[121.375876560907102,18.461815513005103],[121.375874860763687,18.461996204083292],[121.375685513790032,18.461994581557267],[121.375683813429035,18.462175272614939],[121.375682113048398,18.462355963668969],[121.375680412648123,18.462536654719447],[121.375678712228236,18.462717345766283],[121.37548936448222,18.462715722983308],[121.375487663844723,18.462896414009627],[121.375485963187501,18.463077105032305],[121.375484262510753,18.46325779605143],[121.375482561814366,18.463438487066913],[121.37529321329599,18.463436864026988],[121.375291512381921,18.463617555021866],[121.375289811448212,18.463798246013191],[121.375100462553419,18.463796622750333],[121.375098761402114,18.463977313721053],[121.375097060231184,18.464158004688219],[121.374907710959988,18.46415638120234],[121.374906009571347,18.464337072148901],[121.37471666012172,18.464335448456964],[121.374527310691718,18.464333824576112],[121.374337961281341,18.464332200506256],[121.374339663264081,18.464151509610765],[121.374341365227096,18.463970818711633],[121.374343067170486,18.46379012780886],[121.374344769094236,18.463609436902534],[121.374346470998361,18.463428745992655],[121.374348172882861,18.463248055079223],[121.374349874747736,18.46306736416215],[121.374351576592986,18.462886673241435],[121.374353278418511,18.462705982317168],[121.374542626046747,18.462707606233991],[121.374544327654675,18.462526915289118],[121.374546029242964,18.462346224340692],[121.374547730811628,18.462165533388625],[121.374549432360666,18.461984842432916],[121.374360085524501,18.461983218584216],[121.374361787251871,18.461802527642007],[121.374363488959631,18.461621836696157],[121.374365190647751,18.461441145746754],[121.374554536889988,18.461442769544561],[121.374556238360427,18.461262078574553],[121.374366892316246,18.461260454793798],[121.374368593965116,18.461079763837201],[121.374370295594261,18.460899072877051],[121.374371997203866,18.46071838191326],[121.374182651773253,18.460716757994572],[121.37418435356112,18.460536067044192],[121.374186055329446,18.460355376090348],[121.374187757078047,18.460174685132774],[121.374189458807123,18.459993994171647],[121.374000114188021,18.459992370132078],[121.374001816095344,18.459811679184451],[121.374003517983041,18.459630988233094],[121.374005219851114,18.459450297278273],[121.37381587584558,18.45944867310077],[121.373817577891984,18.459267982159361],[121.373819279918692,18.45908729121431],[121.373629936328726,18.459085666881908],[121.373631638533766,18.458904975950269],[121.373633340719181,18.458724285015077],[121.373822683913289,18.458725909313372],[121.373824385881093,18.458545218357575],[121.373826087829272,18.458364527398135],[121.374015430647063,18.458366151473498],[121.374017132377631,18.458185460493542],[121.374206475017075,18.458187084362937],[121.374208176530132,18.458006393362286],[121.374397518991316,18.458008017025801],[121.374399220286676,18.457827326004544],[121.374400921562511,18.457646634979824],[121.374590263647363,18.457648258420406],[121.374591964705601,18.457467567374991],[121.3745936657442,18.457286876325934],[121.374595366763074,18.457106185273414],[121.374784708273808,18.45710780847401],[121.37497404980418,18.45710943148578],[121.375163391354178,18.457111054308633],[121.375352732923801,18.457112676942572],[121.375351032696543,18.457293368063127],[121.375349332449758,18.457474059180129]],[[121.37171264085967,18.461599083449315],[121.371714345319617,18.461418392738299],[121.371903691286704,18.461420019181368],[121.371905395529055,18.461239328449658],[121.372094741317881,18.461240954686758],[121.372093037273501,18.461421645435522],[121.372091333209497,18.461602336180643],[121.371901987024728,18.461600709909437],[121.371900282743027,18.461781400634042],[121.371710936379998,18.461779774156867],[121.37171264085967,18.461599083449315]],[[121.356893814942282,18.466711627737858],[121.35689553542089,18.466530938465869],[121.356706185272088,18.466529296597095],[121.356707905928857,18.466348607338695],[121.356709626565731,18.466167918076653],[121.356520276833038,18.466166276053247],[121.356521997648088,18.465985586804795],[121.356332648133261,18.465983944609615],[121.356334369126571,18.465803255374752],[121.356145019829611,18.465801613007709],[121.356146741000998,18.465620923786524],[121.355957391921919,18.465619281247708],[121.355768042862721,18.465617638519888],[121.355769764410425,18.465436949329433],[121.355771485938234,18.465256260135515],[121.355582137294988,18.465254617253063],[121.355583859000873,18.465073928072734],[121.355394510575579,18.465072285018508],[121.355396232459725,18.464891595851768],[121.355397954323976,18.464710906681386],[121.355587302353328,18.464712549701151],[121.355776650402476,18.464714192532],[121.355965998471518,18.464715835173756],[121.355964277201281,18.464896524395741],[121.35615362548829,18.464898166865812],[121.356342973795094,18.464899809146878],[121.356532322121723,18.464901451238941],[121.356721670468232,18.464903093141999],[121.356911018834552,18.464904734856052],[121.356909298534646,18.46508542416046],[121.357098647118931,18.46508706570274],[121.357287995723013,18.465088707056015],[121.357477344346904,18.465090348220286],[121.357666692990691,18.465091989195642],[121.357856041654287,18.465093629981993],[121.357854322324712,18.465274319368646],[121.358043671206175,18.465275959983224],[121.358041952054776,18.465456649383466],[121.358231301154106,18.465458289826181],[121.358229582180883,18.465638979240012],[121.358418931498079,18.465640619510953],[121.358417212703117,18.465821308938374],[121.35860656223818,18.465822949037452],[121.358604843621379,18.466003638478462],[121.358794193374322,18.466005278405678],[121.358792474935782,18.466185967860365],[121.358790756477333,18.466366657311323],[121.358980106646214,18.466368297083907],[121.358978388366026,18.466548986548453],[121.358976670066042,18.466729676009447],[121.358974951746234,18.466910365466887],[121.358973233406545,18.467091054920687],[121.359162584387491,18.467092694572923],[121.359160866226048,18.467273384040311],[121.35915914804481,18.467454073504058],[121.359157429843762,18.467634762964252],[121.359155711622819,18.467815452420894],[121.359345063415816,18.467817091952782],[121.359343345373134,18.467997781422923],[121.359341627310727,18.468178470889512],[121.359339909228424,18.46835916035246],[121.359338191126326,18.468539849811854],[121.359336473004419,18.468720539267608],[121.359147120221095,18.468718899649833],[121.359145401881221,18.468899589084891],[121.359143683521637,18.469080278516309],[121.359333036701088,18.469081918168367],[121.359331318519665,18.469262607613373],[121.359329600318432,18.469443297054738],[121.359327882097404,18.46962398649255],[121.359326163856565,18.46980467592681],[121.359136809884774,18.469803036206006],[121.358947455932793,18.469801396296198],[121.358949174569844,18.4696207068964],[121.358759820835729,18.46961906681473],[121.358761539651042,18.469438377428432],[121.358763258446459,18.469257688038493],[121.358573905128367,18.46925604780219],[121.35857562410213,18.46907535842584],[121.358386271002004,18.469073718017675],[121.358387990153929,18.468893028654914],[121.358389709286058,18.468712339288601],[121.358200356601856,18.468710698725715],[121.358202075912246,18.468530009372902],[121.358012723445995,18.468528368638154],[121.358014442934547,18.468347679299018],[121.358016162403388,18.46816698995633],[121.357826810353075,18.468165349066862],[121.357828530000077,18.467984659737674],[121.35763917816773,18.467983018676431],[121.357640897992994,18.467802329360833],[121.357642617798362,18.467621640041681],[121.357453266381953,18.467619998825807],[121.357454986365568,18.467439309520156],[121.357456706329302,18.467258620211041],[121.357267355328901,18.467256978840446],[121.357269075470896,18.467076289544831],[121.357079724688276,18.467074648002463],[121.357081445008518,18.466893958720437],[121.356892094443879,18.466892317006295],[121.356893814942282,18.466711627737858]],[[121.349688147296078,18.467733234826472],[121.34968987542004,18.467552546230742],[121.349879226021017,18.467554195196328],[121.350068576641974,18.467555843972821],[121.350066848914054,18.467736532603102],[121.350256199752977,18.46773818120791],[121.350254472203318,18.467918869851779],[121.350443823260193,18.467920518284814],[121.35044209588861,18.468101206942361],[121.350252744633679,18.468099558492096],[121.350063393398628,18.468097909852826],[121.350061665610937,18.468278598472271],[121.34987231419781,18.468276949626677],[121.349682962804494,18.468275300592079],[121.349493611431242,18.468273651368477],[121.349304260077886,18.468272001955782],[121.349305988657832,18.468091313405438],[121.349307717217798,18.467910624851363],[121.349497068175026,18.467912274229509],[121.34949879651694,18.467731585654651],[121.349688147296078,18.467733234826472]],[[121.373532878165435,18.469385044047964],[121.373343523307696,18.469383418556667],[121.373154168469569,18.469381792876366],[121.373155872190651,18.469201102183469],[121.372966517570305,18.469199476331127],[121.372777162969513,18.469197850289692],[121.372587808388431,18.469196224059253],[121.372586104073065,18.46937691470108],[121.372396749313552,18.469375288264494],[121.37239845382706,18.46919459763981],[121.372400158320858,18.469013907011394],[121.372589512684158,18.469015533413874],[121.372778867067169,18.46901715962726],[121.372780571145114,18.468836468961275],[121.372782275203434,18.468655778291737],[121.372971629209957,18.468657404282013],[121.373160983236104,18.468659030083373],[121.373350337281877,18.46866065569564],[121.373348633817756,18.468841346416248],[121.37353798808131,18.468842971856475],[121.373536284795705,18.469023662590583],[121.373534581490389,18.46920435332105],[121.373532878165435,18.469385044047964]],[[121.37104908805567,18.47171287416019],[121.37085973087818,18.471711245989791],[121.370861437232264,18.471530555548071],[121.370672080272556,18.471528927205632],[121.370482723332557,18.471527298674101],[121.370484430063229,18.471346608262845],[121.37048613677409,18.471165917848037],[121.370675493317862,18.471167546345463],[121.370864849881357,18.471169174653795],[121.370863143566623,18.471349865102709],[121.371052500347901,18.471351493239091],[121.371241857148803,18.47135312118629],[121.371240151210657,18.471533811665758],[121.371238445252885,18.471714502141584],[121.37104908805567,18.47171287416019]],[[121.355513252766059,18.472482181519695],[121.355514975266686,18.472301492483162],[121.355516697747433,18.472120803442987],[121.355706053917544,18.472122446979228],[121.355704331634882,18.472303136036544],[121.355702609332397,18.472483825090308],[121.355513252766059,18.472482181519695]],[[121.352104837971211,18.472452564917813],[121.352106564037967,18.472271876191343],[121.352108290084828,18.472091187461231],[121.352297645897011,18.472092834400616],[121.352487001729102,18.472094481150908],[121.352488727359841,18.471913792382782],[121.352678083013672,18.47191543892675],[121.352867438687383,18.471917085281714],[121.353056794381089,18.471918731447584],[121.353246150094606,18.47192037742445],[121.353244425256278,18.472101066261498],[121.353433781187846,18.472102712066501],[121.353623137139294,18.472104357682412],[121.353621412677384,18.472285046550368],[121.353810768846799,18.472286691994505],[121.354000125036194,18.472288337249459],[121.354189481245399,18.472289982315409],[121.354187757357877,18.472470671231505],[121.354377113785119,18.472472316125593],[121.354375390075944,18.472653005055278],[121.354564746721152,18.472654649777503],[121.354563023190153,18.472835338720778],[121.354561299639244,18.47301602766041],[121.354750656700659,18.473017672228092],[121.354748933328011,18.473198361181403],[121.354747209935553,18.473379050131072],[121.354936567412992,18.473380694544034],[121.354934844198795,18.473561383507381],[121.354933120964617,18.473742072467086],[121.35474376309088,18.473740428019752],[121.354742039638751,18.473921116958675],[121.354552681586668,18.473919472304928],[121.354550957916572,18.474100161223067],[121.354361599686229,18.474098516363085],[121.354359875797996,18.474279205260441],[121.354170517389491,18.474277560194135],[121.354168793283208,18.474458249070619],[121.353979434696441,18.474456603797989],[121.353977710372206,18.474637292653689],[121.353788351607093,18.474635647174736],[121.353786627064807,18.474816336009564],[121.353597268121433,18.474814690324287],[121.353595543361095,18.474995379138331],[121.353406184239475,18.474993733246819],[121.353216825137736,18.474992087166125],[121.353027466055906,18.474990440896427],[121.352838106993957,18.474988794437547],[121.352648747952003,18.474987147789573],[121.352459388929844,18.474985500952595],[121.352461114879105,18.474804812241935],[121.352271756075083,18.474803165233006],[121.352082397290872,18.474801518035072],[121.352084123616535,18.47462082935532],[121.35189476505046,18.474619181985435],[121.351896491554299,18.474438493319361],[121.351707133206276,18.474436845777703],[121.351708859888362,18.474256157125307],[121.351710586550553,18.474075468469181],[121.351712313192849,18.473894779809591],[121.351714039815249,18.473714091146359],[121.351715766417655,18.473533402479486],[121.35171749300018,18.47335271380906],[121.35171921956281,18.473172025135081],[121.351720946105445,18.472991336457373],[121.351722672628284,18.4728106477762],[121.351912029193116,18.472812295162694],[121.351913755497819,18.47263160646056],[121.351915481782711,18.472450917754962],[121.352104837971211,18.472452564917813]],[[121.373109864821799,18.474079749629407],[121.372920504852132,18.474078123317433],[121.372918800402132,18.474258813896288],[121.372729440254133,18.474257187378168],[121.37254008012566,18.474255560670954],[121.372538375259722,18.474436251212062],[121.372349014952732,18.474434624298791],[121.372159654665552,18.474432997196338],[121.371970294397912,18.474431369904792],[121.371780934149982,18.474429742424153],[121.371591573921776,18.474428114754421],[121.371593279778466,18.47424742429849],[121.371594985615459,18.474066733838828],[121.371405625803177,18.474065106014109],[121.371407331818688,18.473884415567948],[121.371409037814473,18.473703725118234],[121.371598397230443,18.473705352908848],[121.371600103008447,18.473524662438528],[121.371789462245985,18.473526290023084],[121.371791167806123,18.47334559953207],[121.371980526865229,18.47334722691048],[121.372169885943862,18.473348854099797],[121.372359245042219,18.47335048110002],[121.372548604160301,18.47335210791115],[121.372737963297993,18.473353734533276],[121.372927322455325,18.47335536096622],[121.372925618084025,18.473536051559375],[121.373114977459224,18.473537677820367],[121.373113273266341,18.473718368426933],[121.373111569053933,18.473899059029947],[121.373109864821799,18.474079749629407]],[[121.358317488659864,18.476301289578384],[121.358128127654496,18.476299648294031],[121.358129847797997,18.476118959092297],[121.358319208605209,18.476120600359508],[121.358508569432232,18.476122241437537],[121.358506849685128,18.476302930673643],[121.358317488659864,18.476301289578384]],[[121.355280822292528,18.476997762074326],[121.355279099077094,18.477178451000192],[121.355277375841752,18.477359139922417],[121.355275652586613,18.477539828841],[121.355273929311579,18.47772051775603],[121.35527220601665,18.477901206667418],[121.355082843545347,18.47789956220241],[121.355081120032381,18.478080251093015],[121.355079396499505,18.478260939980068],[121.354890033651614,18.478259295291416],[121.354700670823703,18.478257650413671],[121.354511308015603,18.478256005346832],[121.354513032143018,18.478075316511472],[121.354323669553054,18.478073671272682],[121.3541343069829,18.478072025844799],[121.354136031486817,18.477891337040258],[121.3539466691348,18.477889691440424],[121.353757306802677,18.477888045651497],[121.353759031683083,18.477707356877776],[121.353569669569012,18.477705710916897],[121.353571394627778,18.477525022156854],[121.353573119666549,18.477344333393258],[121.353574844685525,18.477163644625932],[121.353576569684606,18.476982955855142],[121.353765931005896,18.476984601747098],[121.353767655786825,18.476803912955436],[121.353957016929954,18.476805558640979],[121.353958741492846,18.476624869828445],[121.353960466035844,18.476444181012447],[121.35414982680247,18.476445826474436],[121.354151551127416,18.476265137637565],[121.354153275432466,18.476084448797053],[121.35434263582259,18.476086094035576],[121.354531996232609,18.476087739084917],[121.354533720121466,18.475907050206391],[121.354723080353224,18.475908695049409],[121.354912440604792,18.475910339703333],[121.355101800876341,18.475911984168253],[121.355291161167699,18.475913628443902],[121.355289438071551,18.47609431739135],[121.355287714955409,18.476275006335158],[121.355285991819557,18.476455695275323],[121.355284268663709,18.476636384211936],[121.355282545488066,18.476817073144908],[121.355280822292528,18.476997762074326]],[[121.384637143134128,18.436230052500019],[121.384447823570994,18.436228440894414],[121.384258504027386,18.436226829100072],[121.384260192866421,18.436046136780032],[121.384261881685987,18.435865444456351],[121.384451200834263,18.435867056216853],[121.384449512212399,18.43604774855741],[121.384638831577817,18.436049360146139],[121.384637143134128,18.436230052500019]],[[121.401850269767067,18.438002163562356],[121.401848599119276,18.438182857409974],[121.402037922444023,18.438184451823552],[121.40222724578804,18.438186046048394],[121.402416569151342,18.438187640084585],[121.402605892533998,18.438189233932039],[121.402795215935853,18.438190827590756],[121.402793546257229,18.438371521518398],[121.402791876559434,18.438552215442488],[121.402790206842269,18.438732909362937],[121.402788537105735,18.438913603279833],[121.40259921291306,18.438912009554237],[121.40240988873957,18.438910415639992],[121.402411558871421,18.438729721756491],[121.402222234915001,18.438728127670206],[121.402032910977852,18.438726533395183],[121.40203458148585,18.438545839541526],[121.401845257765672,18.438544245094551],[121.401655934064777,18.438542650458839],[121.401466610383252,18.438541055634388],[121.4014682814651,18.43836036182736],[121.401278958000546,18.43835876683087],[121.401280629260839,18.438178073036987],[121.401469952527677,18.438179668016691],[121.401471623570984,18.437998974202468],[121.401660946659391,18.438000568976737],[121.401850269767067,18.438002163562356]],[[121.392181369534697,18.43936614293527],[121.392370693256368,18.439367747090657],[121.392369012568068,18.439548440071235],[121.392179688648596,18.439546835898973],[121.392178007743141,18.439727528859123],[121.392176326818316,18.439908221815632],[121.391987002522782,18.43990661742097],[121.391797678246704,18.439905012837659],[121.391799359567031,18.439724319914724],[121.391801040867918,18.439543626988236],[121.391802722149421,18.439362934058195],[121.391992045832382,18.439364538591057],[121.392181369534697,18.43936614293527]],[[121.390474091562282,18.43971308266466],[121.390475774247292,18.439532389856033],[121.39066509799197,18.439533995726759],[121.390854421756018,18.439535601408835],[121.391043745539605,18.439537206902173],[121.391042063447799,18.439717899761337],[121.391040381336552,18.439898592616949],[121.390851057157633,18.439896987089949],[121.390661732998083,18.43989538137421],[121.390472408857903,18.439893775469734],[121.390474091562282,18.43971308266466]],[[121.402969513334853,18.439818666430924],[121.403158838554802,18.439820259862621],[121.403157169098137,18.440000953791419],[121.402967843680386,18.439999360343023],[121.402969513334853,18.439818666430924]],[[121.402771838680522,18.440720542251704],[121.402773508609869,18.440539848370602],[121.40258418263754,18.440538254494637],[121.402585852745332,18.440357560626769],[121.40277517851986,18.440359154485947],[121.402964504313744,18.440360748156564],[121.403153830126811,18.440362341638266],[121.403152160612336,18.440543035556406],[121.403150491078492,18.440723729470815],[121.403148821525363,18.44090442338176],[121.402959495118992,18.440902829849787],[121.402770168731976,18.440901236129164],[121.402771838680522,18.440720542251704]],[[121.396897708094841,18.441213123880168],[121.397087034278542,18.441214723485327],[121.397085358339694,18.441395416849865],[121.396896031958278,18.441393817227919],[121.396897708094841,18.441213123880168]],[[121.406732699845975,18.44238021832188],[121.406543371491637,18.4423786282427],[121.406541705324798,18.442559322421697],[121.406352376791943,18.442557732137082],[121.406163048278273,18.442556141663729],[121.405973719783972,18.442554551001638],[121.405972053004547,18.442735245127079],[121.405782724331715,18.442733654259463],[121.405593395678068,18.44273206320311],[121.40559506285301,18.442551369111154],[121.405405734416433,18.442549777882672],[121.405407401769978,18.442369083803683],[121.405409069104152,18.442188389721142],[121.405410736419157,18.44200769563496],[121.405412403714877,18.441827001545224],[121.405601731360434,18.441828592706916],[121.405603398439183,18.44164789859693],[121.405792725906224,18.441649489553186],[121.405982053392535,18.441651080320703],[121.40617138089803,18.441652670899483],[121.406360708422881,18.441654261289436],[121.40655003596693,18.441655851490651],[121.406548369876987,18.441836545684037],[121.406737697638022,18.441838135713212],[121.406736031726524,18.442018829919654],[121.406734365795927,18.442199524122543],[121.406732699845975,18.44238021832188]],[[121.385896570082906,18.443288332072299],[121.385707242672169,18.443286721128832],[121.38570555463491,18.443467413440612],[121.385516227045926,18.44346580229162],[121.385326899476397,18.443464190953801],[121.385137571926307,18.443462579427155],[121.385139260556883,18.443281887166091],[121.384949933224135,18.443280275467671],[121.384951622032958,18.443099583219752],[121.38495331082234,18.442918890968368],[121.384954999592168,18.442738198713343],[121.38495668834247,18.442557506454765],[121.385146014884114,18.442559118085594],[121.385147703417246,18.442378425806588],[121.385149391930838,18.44219773352394],[121.38533871809652,18.442199344932281],[121.385528044281742,18.442200956151883],[121.385529732380292,18.442020263831843],[121.385719058387252,18.442021874845743],[121.385908384413653,18.442023485670994],[121.386097710459609,18.442025096307418],[121.386096022954277,18.442205788678084],[121.386094335429405,18.442386481045197],[121.386283661890403,18.442388091526634],[121.386281974543778,18.44256878390707],[121.386092647885164,18.442567173408669],[121.386090960321383,18.442747865768677],[121.385901633484423,18.442746255064662],[121.3858999457034,18.442926947404064],[121.385898257902923,18.443107639740003],[121.385896570082906,18.443288332072299]],[[121.401972759838841,18.44523150973934],[121.401974431041481,18.445050816014646],[121.40197610222485,18.444870122286488],[121.401977773388865,18.444689428554689],[121.40197944453368,18.444508734819248],[121.40198111565914,18.444328041080343],[121.401791785610968,18.44432644609833],[121.401793456914959,18.444145752372481],[121.401795128199581,18.44396505864308],[121.401796799464933,18.443784364910037],[121.401798470711,18.443603671173442],[121.401800141937713,18.443422977433293],[121.401801813145156,18.443242283689504],[121.401803484333314,18.44306158994225],[121.401805155502217,18.442880896191355],[121.401806826651736,18.442700202436818],[121.401808497782,18.442519508678728],[121.401997825852376,18.442521103493586],[121.401999496765555,18.442340409715158],[121.402001167659478,18.442159715933265],[121.402002838534116,18.441979022147642],[121.402004509389386,18.441798328358555],[121.402006180225484,18.441617634565826],[121.402195507326326,18.44161922910828],[121.402197177945339,18.441438535295301],[121.402007851042214,18.441436940769545],[121.402009521839574,18.441256246969623],[121.401820195153519,18.441254652271915],[121.40182186612941,18.441073958485138],[121.401823537086017,18.440893264694807],[121.401825208023283,18.440712570900924],[121.401826878941264,18.4405318771034],[121.4020162048364,18.440533471734316],[121.402205530750805,18.440535066176494],[121.40220386022834,18.440715760007414],[121.402393186359816,18.440717354277552],[121.402582512510577,18.440718948359041],[121.402580842364245,18.440899642219804],[121.402579172198543,18.441080336077015],[121.40276849876409,18.441081930003072],[121.402766828776919,18.441262623873428],[121.402956155559522,18.441264217627445],[121.40314548236131,18.441265811192814],[121.403334809182468,18.441267404569356],[121.40352413602281,18.441268997757248],[121.403713462882507,18.441270590756314],[121.403711793864787,18.441451284706517],[121.40390112094147,18.441452877533631],[121.403899452102266,18.441633571496979],[121.404088779395934,18.441635164151965],[121.404087110735162,18.441815858128457],[121.404276438245986,18.441817450611403],[121.40446576577591,18.44181904290561],[121.40446409749147,18.441999736911857],[121.40446242918766,18.44218043091464],[121.404460760864666,18.442361124913692],[121.404650089007163,18.442362717069255],[121.40483941716893,18.442364309035991],[121.404837749222182,18.442545003064975],[121.405027077601019,18.442546594859582],[121.405025409832689,18.442727288901622],[121.405214738428612,18.442728880524189],[121.405213070838812,18.442909574579375],[121.405211403229828,18.443090268630918],[121.405209735601474,18.443270962678909],[121.405208067954035,18.443451656723258],[121.405206400287227,18.443632350764055],[121.405017070702513,18.443630759057999],[121.405015402818634,18.443811453078546],[121.40501373491557,18.443992147095539],[121.404824404954525,18.44399055516735],[121.404635075012848,18.443988963050423],[121.404633406694927,18.444169657030379],[121.404444076574634,18.444168064708016],[121.404254746473612,18.444166472196738],[121.404065416391958,18.44416487949681],[121.404063747461365,18.444345573423121],[121.40387441720118,18.444343980517669],[121.403685086960181,18.444342387423479],[121.403683417614815,18.444523081312752],[121.403494087195284,18.444521488013038],[121.403492417632847,18.44470218188215],[121.403303087034885,18.444700588376911],[121.403301417255378,18.444881282225683],[121.403112086478899,18.444879688515009],[121.403110416482221,18.445060382343531],[121.402921085527225,18.445058788427332],[121.402919415313562,18.445239482235515],[121.402730084180035,18.44523788811388],[121.402728413749315,18.445418581901812],[121.402726743299311,18.445599275686103],[121.402537411789467,18.445597681342246],[121.402535741122307,18.445778375106197],[121.402346409434017,18.445776780556816],[121.402157077764926,18.445775185818697],[121.402155406682894,18.4459558795457],[121.401966074835357,18.445954284601967],[121.401776743007105,18.445952689469497],[121.401778414484724,18.445771995775889],[121.401780085943074,18.445591302078729],[121.401781757382054,18.445410608378015],[121.401783428801778,18.445229914673661],[121.401972759838841,18.44523150973934]],[[121.398764181935832,18.444120207254194],[121.398762507467353,18.444300900712257],[121.398760832979519,18.444481594166767],[121.398571503062001,18.444479995958801],[121.398573177747636,18.444299302521078],[121.398574852413901,18.444118609079712],[121.398764181935832,18.444120207254194]],[[121.385499343623351,18.445272725043576],[121.385310014076111,18.445271113536826],[121.385311702703845,18.44509042129468],[121.385501032053369,18.445092032784554],[121.385499343623351,18.445272725043576]],[[121.391157364878609,18.447669988078502],[121.390968032175934,18.447668382016463],[121.390778699492714,18.447666775765597],[121.390589366828848,18.447665169325994],[121.390587683467132,18.447845861990114],[121.390398350624935,18.447844255344808],[121.390209017802178,18.447842648510676],[121.390019684998791,18.447841041487806],[121.389830352214943,18.44783943427602],[121.389641019450536,18.447837826875496],[121.389451686705499,18.447836219286057],[121.389453371254177,18.447655526722922],[121.389455055783316,18.447474834156235],[121.389644388132666,18.447476441711924],[121.389646072444648,18.447295749124809],[121.389835404615653,18.447297356474795],[121.389837088710294,18.447116663867252],[121.390026420702867,18.447118271011625],[121.390215752714894,18.447119877967172],[121.390217436394579,18.446939185322325],[121.390406768228175,18.446940792072258],[121.390408451690519,18.446760099406983],[121.390597783345854,18.446761705951214],[121.390599466590942,18.446581013265511],[121.390788798067931,18.446582619604218],[121.390978129564274,18.446584225754009],[121.391167461079988,18.446585831715062],[121.391165778428373,18.446766524451302],[121.391355110161328,18.446768130240315],[121.391353427688145,18.446948822989789],[121.391542759638355,18.446950428606939],[121.391541077343433,18.447131121369647],[121.391539395029142,18.447311814128714],[121.391350062683244,18.44731020847799],[121.391348380151712,18.447490901216629],[121.391159047627383,18.447489295360292],[121.391157364878609,18.447669988078502]],[[121.393054054495352,18.447324652537716],[121.393055735227165,18.447143959644091],[121.393245067549969,18.447145563578765],[121.393434399892129,18.447147167324612],[121.393623732253729,18.447148770881721],[121.39362205211539,18.447329463825795],[121.393620371957695,18.447510156766317],[121.393618691780631,18.447690849703196],[121.393429358825543,18.447689246095727],[121.393240025889895,18.447687642299432],[121.393050692973617,18.447686038314309],[121.393052373744169,18.447505345427789],[121.393054054495352,18.447324652537716]],[[121.393983918799037,18.449139599986847],[121.393985598735668,18.448958907044993],[121.393987278652858,18.448778214099587],[121.393988958550679,18.448597521150539],[121.394178292553107,18.448599124275638],[121.394367626574905,18.448600727211911],[121.394365947072757,18.448781420194532],[121.394364267551168,18.448962113173511],[121.394362588010225,18.449142806148938],[121.394173253394953,18.449141203162306],[121.393983918799037,18.449139599986847]],[[121.377455866553888,18.454962217478293],[121.377457564349044,18.454781526124236],[121.37745926212456,18.454600834766449],[121.377648601158612,18.454602454895902],[121.377646903580981,18.454783146270564],[121.377645205983796,18.454963837641674],[121.377455866553888,18.454962217478293]],[[121.375900360855155,18.459285837532896],[121.375902060704306,18.459105146400795],[121.376091404529816,18.459106768466032],[121.376089704878552,18.459287459615098],[121.375900360855155,18.459285837532896]],[[121.377038123951607,18.459114875957955],[121.377227467894798,18.45911649688961],[121.377225769431377,18.45929718814055],[121.37722407094833,18.459477879388025],[121.377222372445758,18.45965857063177],[121.377033027908638,18.459656949649222],[121.376843683391144,18.459655328477758],[121.376845382289687,18.459474637267942],[121.376847081168677,18.459293946054483],[121.376657737066765,18.459292324728032],[121.376659436124015,18.459111633527986],[121.376661135161726,18.458930942324386],[121.37685047886778,18.45893256361682],[121.37703982259336,18.458934184720427],[121.377038123951607,18.459114875957955]],[[121.378652258534217,18.468706096090642],[121.378841613148964,18.468707716220894],[121.37883991542931,18.468888407434264],[121.379029270261739,18.468890027392387],[121.379027572720616,18.469070718619168],[121.37902587515994,18.469251409842308],[121.379024177579652,18.469432101061894],[121.379022479979724,18.469612792277928],[121.378833124354941,18.469611172251859],[121.378643768749697,18.469609552036875],[121.378454413164093,18.469607931632797],[121.37845611135829,18.469427240467656],[121.378266755990282,18.469425619891538],[121.378268454363024,18.469244928739808],[121.378079099212798,18.469243307991562],[121.378080797763957,18.469062616853154],[121.378082496295491,18.468881925711194],[121.378271851049504,18.468883546425513],[121.378273549363442,18.468702855263036],[121.37846290393901,18.468704475771386],[121.378652258534217,18.468706096090642]]]]}}
]
}
