{
"type": "FeatureCollection",
"name": "SYSTRA ID_177",
"crs": { "type": "name", "properties": { "name": "urn:ogc:def:crs:OGC::CRS84" } },
"xy_coordinate_resolution": 1e-15,
"features": [
{"type":"Feature","properties":{"fid":49,"Var":1.0,"layer":"DavaoDelSur_Flood_5year","path":"C:/Users/cbposadas/Desktop/New folder/DavaoDelSur/DavaoDelSur_Flood_5year.shp","Risk Level":"Low","SYSTRA ID":"177","DAR ID":"340","Target Year":"2027","Bridge Category":"Original List","Bridge Name":"MALFIKAT BRIDGE","Coordinates Y":"6.6702774","Coordinates X":"125.0194859","Region":"XII","Province":"SULTAN KUDARAT","ARC 2026":"Columbio ARC","LINEAR METER IVF 2026":"35","EIRR 2026":"0.19","NEW/REPLACEMENT BRIDGE 2026":"new","Visited by SYSTRA":"No","Selected for 2nd Visit of SYSTRA":"No","Final Funder":"No Funder","2023 IVF URL":"https://drive.google.com/open?id=1ZG-t-s6dkt5CryqwF7EZUqi_Fvo9VlUt","2026 IVF URL":"https://docs.google.com/spreadsheets/u/1/d/1THmKJ6r6WEhPF1HwBJ8b_-LKlpn5LUSz/edit"},"geometry":{"type":"MultiPolygon","coordinates":[[[[125.062731927711567,6.660094555773978,0.0],[125.062730794676483,6.659823350026607,0.0],[125.062459549899444,6.659824482800926,0.0],[125.062280311250092,6.65982523125689,0.0],[125.062257203713145,6.660096538302253,0.0],[125.062460682785755,6.660095688594837,0.0],[125.062731927711567,6.660094555773978,0.0]]],[[[125.063021309949917,6.664432713587844,0.0],[125.063022443935978,6.664703919234939,0.0],[125.06329369129682,6.664702785325439,0.0],[125.063292557161986,6.664431579724885,0.0],[125.063021309949917,6.664432713587844,0.0]]],[[[125.060038719853949,6.664716382417603,0.0],[125.059767471927344,6.664717514541242,0.0],[125.059496223953573,6.664718646516111,0.0],[125.059497356051807,6.664989852764593,0.0],[125.059768604174351,6.664988720743271,0.0],[125.059769736468425,6.665259926942015,0.0],[125.060040984692932,6.665258794725472,0.0],[125.060039852249815,6.664987588573092,0.0],[125.060038719853949,6.664716382417603,0.0]]],[[[125.057872128878699,6.665539054811632,0.0],[125.057873260225094,6.665810261329232,0.0],[125.05814450907674,6.665809130061619,0.0],[125.058143377581487,6.665537923590471,0.0],[125.057872128878699,6.665539054811632,0.0]]],[[[125.055159639262669,6.665550358837081,0.0],[125.055160769120391,6.665821565818665,0.0],[125.055432018442502,6.66582043603955,0.0],[125.055430888435836,6.66554922910433,0.0],[125.055159639262669,6.665550358837081,0.0]]],[[[125.055161899025009,6.666092772797051,0.0],[125.055163028976693,6.66636397977224,0.0],[125.055434278596522,6.666362849900399,0.0],[125.055433148495979,6.666091642971574,0.0],[125.055161899025009,6.666092772797051,0.0]]],[[[125.061674140437262,6.666608027619682,0.0],[125.061673006865362,6.666336821762088,0.0],[125.061671873340529,6.666065615901386,0.0],[125.061670739862947,6.665794410037486,0.0],[125.061399491623703,6.665795543240084,0.0],[125.061400624952512,6.666066749150525,0.0],[125.061401758328302,6.666337955057767,0.0],[125.061402891751442,6.666609160961813,0.0],[125.061404025221563,6.66688036686275,0.0],[125.061675274056327,6.666879233474078,0.0],[125.061674140437262,6.666608027619682,0.0]]],[[[125.055707788809315,6.666904133635211,0.0],[125.055436538938565,6.666905263748636,0.0],[125.05543766918025,6.667176470667958,0.0],[125.055708919199759,6.66717534050817,0.0],[125.055707788809315,6.666904133635211,0.0]]],[[[125.05598129975867,6.667445417022923,0.0],[125.055980169172287,6.667174210199435,0.0],[125.055708919199759,6.66717534050817,0.0],[125.055710049637284,6.667446547378021,0.0],[125.05598129975867,6.667445417022923,0.0]]],[[[125.057608799499334,6.667438631765767,0.0],[125.057609931026292,6.667709838307524,0.0],[125.0578811809672,6.667708706863874,0.0],[125.05788004929147,6.667437500368391,0.0],[125.057608799499334,6.667438631765767,0.0]]],[[[125.056257073244581,6.668529113595491,0.0],[125.05652832386761,6.668527982757046,0.0],[125.05652719279513,6.668256776039073,0.0],[125.056526061769901,6.667985569317904,0.0],[125.056524930791568,6.667714362593537,0.0],[125.056253680615384,6.667715493292804,0.0],[125.05598243039212,6.667716623843124,0.0],[125.055983561072466,6.667987830660306,0.0],[125.056254811444674,6.667986700063534,0.0],[125.056255942321044,6.668257906831067,0.0],[125.056257073244581,6.668529113595491,0.0]]],[[[125.052728552940025,6.668001386207124,0.0],[125.052729681880336,6.668272593577286,0.0],[125.053000932965304,6.668271464720989,0.0],[125.052999803876133,6.66800025739719,0.0],[125.052728552940025,6.668001386207124,0.0]]],[[[125.047577028509338,6.668565221799828,0.0],[125.047575902351682,6.6682940135541,0.0],[125.047575307045037,6.668150643565331,0.0],[125.047304491571438,6.66825690051719,0.0],[125.047304650328797,6.668295139432158,0.0],[125.04730577633741,6.66856634772416,0.0],[125.047577028509338,6.668565221799828,0.0]]],[[[125.053274442620861,6.66881275026129,0.0],[125.05327331328867,6.66854154299016,0.0],[125.053272184003475,6.668270335715833,0.0],[125.053000932965304,6.668271464720989,0.0],[125.053002062101555,6.668542672041679,0.0],[125.053003191284887,6.668813879359083,0.0],[125.053274442620861,6.66881275026129,0.0]]],[[[125.062495825662722,6.6685030666373,0.0],[125.062496960058766,6.668774272329959,0.0],[125.062768209747347,6.668773138020069,0.0],[125.062767075202444,6.668501932373951,0.0],[125.062495825662722,6.6685030666373,0.0]]],[[[125.047577028509338,6.668565221799828,0.0],[125.047578154713804,6.668836430042359,0.0],[125.047579280964982,6.669107638281781,0.0],[125.047850533387816,6.669106512116131,0.0],[125.047849406987595,6.668835303922983,0.0],[125.047848280634284,6.668564095726549,0.0],[125.047577028509338,6.668565221799828,0.0]]],[[[125.056258204215098,6.668800320356717,0.0],[125.056259335232511,6.669071527114835,0.0],[125.056530586153443,6.669070396183575,0.0],[125.056529454986986,6.668799189471909,0.0],[125.056258204215098,6.668800320356717,0.0]]],[[[125.05354682343787,6.669082828236207,0.0],[125.053545693909754,6.668811621014549,0.0],[125.053274442620861,6.66881275026129,0.0],[125.053275571999933,6.669083957529311,0.0],[125.05354682343787,6.669082828236207,0.0]]],[[[125.056530586153443,6.669070396183575,0.0],[125.056531717366866,6.669341602892133,0.0],[125.056802968389761,6.669340471765563,0.0],[125.056801837027379,6.669069265103457,0.0],[125.056530586153443,6.669070396183575,0.0]]],[[[125.061685478749951,6.669320086021092,0.0],[125.061414228574833,6.669321219828363,0.0],[125.061415362516485,6.669592425697592,0.0],[125.061686612840461,6.669591291843781,0.0],[125.061685478749951,6.669320086021092,0.0]]],[[[125.056802968389761,6.669340471765563,0.0],[125.056804099799123,6.669611678424471,0.0],[125.057075350923881,6.66961054710259,0.0],[125.05707421936539,6.669339340490134,0.0],[125.056802968389761,6.669340471765563,0.0]]],[[[125.049752681645742,6.669912248376865,0.0],[125.050023934140526,6.669911120881079,0.0],[125.0502951865884,6.669909993236346,0.0],[125.050294058706967,6.669638785468725,0.0],[125.050022806408037,6.669639913067184,0.0],[125.049751554062212,6.669641040516695,0.0],[125.049480301669391,6.669642167817259,0.0],[125.049209049229859,6.669643294968876,0.0],[125.048937796743431,6.669644421971634,0.0],[125.048666544210022,6.669645548825355,0.0],[125.048665417269163,6.669374340777158,0.0],[125.048394164837987,6.669375467435747,0.0],[125.048122912359815,6.669376593945477,0.0],[125.048124039002772,6.669647802086133,0.0],[125.048395291629888,6.669646675530218,0.0],[125.048396418468514,6.669917883621491,0.0],[125.048667671197677,6.669916756870443,0.0],[125.048938923880044,6.669915629970448,0.0],[125.049210176515416,6.669914502921594,0.0],[125.049481429103892,6.669913375723703,0.0],[125.049752681645742,6.669912248376865,0.0]]],[[[125.057075350923881,6.66961054710259,0.0],[125.057076482529268,6.669881753712027,0.0],[125.057347733756004,6.669880622194747,0.0],[125.057346602001573,6.669609415631851,0.0],[125.057075350923881,6.66961054710259,0.0]]],[[[125.061687746978222,6.66986249766336,0.0],[125.061688881163235,6.670133703479832,0.0],[125.061960131737948,6.670132569384081,0.0],[125.061958997404076,6.66986136361415,0.0],[125.061687746978222,6.66986249766336,0.0]]],[[[125.057347733756004,6.669880622194747,0.0],[125.057348865557501,6.670151828754624,0.0],[125.057620116885914,6.670150697042033,0.0],[125.057618984935559,6.669879490528609,0.0],[125.057347733756004,6.669880622194747,0.0]]],[[[125.04758378643858,6.67019247120776,0.0],[125.047582659999989,6.66992126298095,0.0],[125.047581533608209,6.669650054751032,0.0],[125.047310280840591,6.669651180860105,0.0],[125.047311407083328,6.669922389136208,0.0],[125.047312084105144,6.670085415932982,0.0],[125.047586898581386,6.67094171105277,0.0],[125.047586039456348,6.670734887651787,0.0],[125.047584912923966,6.670463679431283,0.0],[125.04758378643858,6.67019247120776,0.0]]],[[[125.05056756706675,6.670180073160993,0.0],[125.050568695190833,6.670451280876034,0.0],[125.050839947842903,6.670450152840947,0.0],[125.050838819569876,6.670178945172091,0.0],[125.05056756706675,6.670180073160993,0.0]]],[[[125.057620116885914,6.670150697042033,0.0],[125.057621248883521,6.670421903552261,0.0],[125.057622380928024,6.670693110059291,0.0],[125.057893632507628,6.670691978104938,0.0],[125.057892500313997,6.670420771644271,0.0],[125.057891368167532,6.670149565180496,0.0],[125.057620116885914,6.670150697042033,0.0]]],[[[125.051112328917228,6.670720232276207,0.0],[125.05111345743326,6.670991439892394,0.0],[125.05138471028944,6.670990311466864,0.0],[125.051383581624364,6.670719103896862,0.0],[125.051112328917228,6.670720232276207,0.0]]],[[[125.058167148866161,6.671233258820565,0.0],[125.058166016429439,6.670962052412656,0.0],[125.057894764748241,6.670963184562408,0.0],[125.057623513019777,6.670964316563212,0.0],[125.057624645158427,6.671235523063936,0.0],[125.05789589703592,6.67123439101668,0.0],[125.058167148866161,6.671233258820565,0.0]]],[[[125.047607534731597,6.67100601128502,0.0],[125.047694460394979,6.671276863178822,0.0],[125.04785954627603,6.671276177547893,0.0],[125.047858419500997,6.671004969379969,0.0],[125.047607534731597,6.67100601128502,0.0]]],[[[125.058980904074716,6.671229861338092,0.0],[125.058709652385602,6.671230993981227,0.0],[125.058438400649507,6.671232126475325,0.0],[125.058439533282254,6.671503332833674,0.0],[125.058710785167293,6.671502200293035,0.0],[125.058982037005435,6.671501067603537,0.0],[125.059253288796512,6.671499934765003,0.0],[125.059252155716749,6.671228728546098,0.0],[125.058980904074716,6.671229861338092,0.0]]],[[[125.059525673816211,6.671770007946777,0.0],[125.059524540540338,6.671498801777521,0.0],[125.059253288796512,6.671499934765003,0.0],[125.059254421923256,6.67177114098071,0.0],[125.059525673816211,6.671770007946777,0.0]]],[[[125.052471979907594,6.671528211034862,0.0],[125.052200726941109,6.671529340148909,0.0],[125.051929473927814,6.671530469114008,0.0],[125.051930603031465,6.67180167658178,0.0],[125.052201856193889,6.671800547570407,0.0],[125.052473109309418,6.671799418410086,0.0],[125.052744362377865,6.671798289100729,0.0],[125.052743232827282,6.671527081771779,0.0],[125.052471979907594,6.671528211034862,0.0]]],[[[125.04786171444097,6.671798010482534,0.0],[125.047868311676879,6.671818566826539,0.0],[125.048133053832188,6.671817467097608,0.0],[125.04813192681469,6.671546258982265,0.0],[125.047860673097873,6.671547385712619,0.0],[125.04786171444097,6.671798010482534,0.0]]],[[[125.053016745146294,6.672068366921903,0.0],[125.053017874939982,6.672339574198184,0.0],[125.053289128212626,6.672338444498206,0.0],[125.053287998269994,6.672067237268199,0.0],[125.053016745146294,6.672068366921903,0.0]]],[[[125.06197034286518,6.672573421170548,0.0],[125.062241594733791,6.672572286507163,0.0],[125.062240459826512,6.672301080812372,0.0],[125.061969208106845,6.672302215429128,0.0],[125.061697956340112,6.672303349897025,0.0],[125.061699090949404,6.672574555684897,0.0],[125.06197034286518,6.672573421170548,0.0]]],[[[125.053561511577016,6.672608521829727,0.0],[125.053560381438373,6.672337314649281,0.0],[125.053289128212626,6.672338444498206,0.0],[125.053290258202324,6.672609651725105,0.0],[125.053561511577016,6.672608521829727,0.0]]],[[[125.062792046088333,6.674468455857409,0.0],[125.062793181671253,6.674739661433805,0.0],[125.063064434590572,6.674738525951164,0.0],[125.063063298858808,6.674467320421219,0.0],[125.062792046088333,6.674468455857409,0.0]]],[[[125.057646164735928,6.676388445975946,0.0],[125.057647297815777,6.676659652413254,0.0],[125.057918552674352,6.676658519437585,0.0],[125.057917419445289,6.67638731304664,0.0],[125.057646164735928,6.676388445975946,0.0]]],[[[125.051954325051824,6.677497032675718,0.0],[125.051683068711938,6.677498162510166,0.0],[125.051411812324986,6.677499292195489,0.0],[125.051412942163083,6.677770499686265,0.0],[125.051684198699064,6.677769369954579,0.0],[125.051955455187979,6.677768240073857,0.0],[125.052226711630269,6.677767110043921,0.0],[125.0522255813448,6.677495902692056,0.0],[125.051954325051824,6.677497032675718,0.0]]],[[[125.050599172273465,6.677773887986484,0.0],[125.050870428950233,6.677772758702173,0.0],[125.050869299410479,6.677501551118938,0.0],[125.050598042883024,6.677502680356885,0.0],[125.050326786308489,6.677503809445796,0.0],[125.0503279155499,6.677775017121669,0.0],[125.050599172273465,6.677773887986484,0.0]]],[[[125.055210529393889,6.67775466987325,0.0],[125.055211661366982,6.678025876712369,0.0],[125.055482917394485,6.678024744846657,0.0],[125.055481785272448,6.6777535380539,0.0],[125.055210529393889,6.67775466987325,0.0]]],[[[125.062806812345798,6.677994128104005,0.0],[125.062807948542087,6.678265333639279,0.0],[125.063079203399951,6.67826419755161,0.0],[125.063078067054533,6.677992992062877,0.0],[125.062806812345798,6.677994128104005,0.0]]],[[[125.059018315655834,6.680179666422949,0.0],[125.058747059046482,6.680180800598813,0.0],[125.058748193382129,6.680452006806083,0.0],[125.059019450140696,6.680450872583767,0.0],[125.059018315655834,6.680179666422949,0.0]]],[[[125.058475802390234,6.680181934625552,0.0],[125.058204545686735,6.680183068503077,0.0],[125.058205679724139,6.68045427480325,0.0],[125.058476936576668,6.680453140879274,0.0],[125.058475802390234,6.680181934625552,0.0]]],[[[125.059291841533252,6.680720944323405,0.0],[125.059290706852011,6.680449738212237,0.0],[125.059019450140696,6.680450872583767,0.0],[125.059020584672723,6.680722078741387,0.0],[125.059291841533252,6.680720944323405,0.0]]],[[[125.057935556759602,6.680726614921441,0.0],[125.058206813808425,6.680725481100226,0.0],[125.058205679724139,6.68045427480325,0.0],[125.057934422824346,6.680455408578102,0.0],[125.057935556759602,6.680726614921441,0.0]]],[[[125.063360688785352,6.680703910151554,0.0],[125.063361825751784,6.68097511556195,0.0],[125.063405957079226,6.680974930604881,0.0],[125.063475603495618,6.68070342855645,0.0],[125.063360688785352,6.680703910151554,0.0]]],[[[125.057935556759602,6.680726614921441,0.0],[125.057664299663614,6.68072774859353,0.0],[125.057393042520559,6.680728882116406,0.0],[125.057394176204369,6.681000088549539,0.0],[125.057665433496737,6.680998954980212,0.0],[125.05793669074184,6.680997821261671,0.0],[125.057935556759602,6.680726614921441,0.0]]],[[[125.062006680034898,6.681252003221506,0.0],[125.062007816349762,6.681523208858299,0.0],[125.062279073139322,6.681522072659697,0.0],[125.062277936675429,6.681250867069445,0.0],[125.062006680034898,6.681252003221506,0.0]]],[[[125.060921653001344,6.68125654633779,0.0],[125.060922788719353,6.681527752160567,0.0],[125.061194045697661,6.681526616558821,0.0],[125.061192909830524,6.681255410782495,0.0],[125.060921653001344,6.68125654633779,0.0]]],[[[125.061465302628704,6.681525480807861,0.0],[125.061466438692307,6.681796686534448,0.0],[125.061737695725583,6.681795550587734,0.0],[125.061736559512767,6.681524344907687,0.0],[125.061465302628704,6.681525480807861,0.0]]],[[[125.062827271097376,6.682875827253278,0.0],[125.062556013655708,6.682876963982921,0.0],[125.062557150552067,6.683148169507626,0.0],[125.062815730174307,6.683147085861799,0.0],[125.062828232954089,6.683105247089864,0.0],[125.062827271097376,6.682875827253278,0.0]]],[[[125.05468952735238,6.682909864226606,0.0],[125.054418268498068,6.682910996479298,0.0],[125.054419400916586,6.683182203397199,0.0],[125.05414814186598,6.683183335546951,0.0],[125.05414927418218,6.683454542508017,0.0],[125.054420533382086,6.683453410311903,0.0],[125.054691792534825,6.683452277966574,0.0],[125.054690659920198,6.683181071098233,0.0],[125.05468952735238,6.682909864226606,0.0]]],[[[125.062557150552067,6.683148169507626,0.0],[125.062285892914119,6.683149306134596,0.0],[125.06201463522892,6.683150442612352,0.0],[125.062015771873916,6.683421648226941,0.0],[125.06228702970833,6.683420511702644,0.0],[125.062558287495492,6.683419375029222,0.0],[125.062557150552067,6.683148169507626,0.0]]],[[[125.061745650535201,6.683693990259777,0.0],[125.062016908566079,6.683692853838243,0.0],[125.062015771873916,6.683421648226941,0.0],[125.061744513992338,6.683422784601935,0.0],[125.061745650535201,6.683693990259777,0.0]]],[[[125.061475528897873,6.683966332233283,0.0],[125.061746787125131,6.683965195914511,0.0],[125.061745650535201,6.683693990259777,0.0],[125.061474392456972,6.683695126532009,0.0],[125.061475528897873,6.683966332233283,0.0]]],[[[125.054151538955438,6.683996956420647,0.0],[125.054150406545361,6.683725749465887,0.0],[125.05387914714926,6.68372688155915,0.0],[125.053607887706264,6.683728013503022,0.0],[125.053609019817827,6.683999220550509,0.0],[125.053880279410123,6.683998088560185,0.0],[125.054151538955438,6.683996956420647,0.0]]],[[[125.059578990919476,6.684516694329269,0.0],[125.059580126456567,6.684787900346469,0.0],[125.059851385461684,6.684786764933105,0.0],[125.059850249775295,6.684515558962446,0.0],[125.059578990919476,6.684516694329269,0.0]]],[[[125.058493955024829,6.684521234304243,0.0],[125.058495089964794,6.684792440507249,0.0],[125.05876634915839,6.684791305690919,0.0],[125.058765214069211,6.684520099534454,0.0],[125.058493955024829,6.684521234304243,0.0]]],[[[125.056869802044105,6.685341659223533,0.0],[125.057141061818655,6.685340525210116,0.0],[125.057139927531239,6.685069318781335,0.0],[125.057138793290804,6.684798112349445,0.0],[125.05713765909735,6.684526905914358,0.0],[125.057408918376922,6.684525771890816,0.0],[125.057680177609598,6.684524637718149,0.0],[125.057951436795022,6.684523503396091,0.0],[125.058222695933551,6.684522368924818,0.0],[125.058221561190052,6.684251162672251,0.0],[125.057950302200922,6.684252297097072,0.0],[125.057679043164526,6.684253431372679,0.0],[125.057407784081335,6.684254565498983,0.0],[125.057136524950977,6.684255699476073,0.0],[125.056865265773453,6.68425683330386,0.0],[125.056866399770527,6.684528039788508,0.0],[125.056867533814767,6.684799246270047,0.0],[125.056868667905903,6.685070452748389,0.0],[125.056869802044105,6.685341659223533,0.0]]],[[[125.060936421011093,6.684782221786802,0.0],[125.060665162194439,6.684783357797287,0.0],[125.06039390333062,6.68478449365847,0.0],[125.060395039362874,6.685055699533028,0.0],[125.060666298375807,6.685054563625394,0.0],[125.060937557341859,6.685053427568367,0.0],[125.06120881626056,6.685052291362127,0.0],[125.061207679780495,6.684781085627102,0.0],[125.060936421011093,6.684782221786802,0.0]]],[[[125.056599676258273,6.685613999606045,0.0],[125.056870936229288,6.68561286569548,0.0],[125.056869802044105,6.685341659223533,0.0],[125.056598542222474,6.685342793087647,0.0],[125.056599676258273,6.685613999606045,0.0]]],[[[125.053887073961889,6.685625330500135,0.0],[125.054158334403112,6.685624198082597,0.0],[125.054157201711035,6.685352991146844,0.0],[125.054156069065854,6.685081784207981,0.0],[125.053884808923428,6.685082916532882,0.0],[125.05388594141921,6.685354123518107,0.0],[125.053614681080305,6.685355255740068,0.0],[125.053615813473684,6.685626462768458,0.0],[125.053616945914044,6.685897669793563,0.0],[125.053888206551647,6.685896537478965,0.0],[125.053887073961889,6.685625330500135,0.0]]],[[[125.056329550173928,6.685886339928872,0.0],[125.056600810341322,6.685885206121157,0.0],[125.056599676258273,6.685613999606045,0.0],[125.056328416240362,6.685615133367308,0.0],[125.056329550173928,6.685886339928872,0.0]]],[[[125.056059423790984,6.686158680192013,0.0],[125.056330684154659,6.686157546487238,0.0],[125.056329550173928,6.685886339928872,0.0],[125.056058289959637,6.685887473587194,0.0],[125.056059423790984,6.686158680192013,0.0]]],[[[125.056059423790984,6.686158680192013,0.0],[125.055788163380228,6.686159813747396,0.0],[125.055516902922392,6.686160947153476,0.0],[125.055518036502022,6.686432153847911,0.0],[125.055789297109243,6.686431020395468,0.0],[125.056060557669397,6.686429886793634,0.0],[125.056059423790984,6.686158680192013,0.0]]],[[[125.057416859764203,6.686424216544919,0.0],[125.057417994436477,6.68669542291135,0.0],[125.057689254863661,6.686694288367247,0.0],[125.057688120042087,6.686423082047267,0.0],[125.057416859764203,6.686424216544919,0.0]]],[[[125.058774296101404,6.686689748697629,0.0],[125.058775431567526,6.686960954828781,0.0],[125.059046691908648,6.686959819491624,0.0],[125.059045556293313,6.686688613406923,0.0],[125.058774296101404,6.686689748697629,0.0]]],[[[125.057960515243778,6.686693153673841,0.0],[125.057961650261632,6.68696435994426,0.0],[125.058232910743968,6.686963225055099,0.0],[125.05823177557663,6.686692018831132,0.0],[125.057960515243778,6.686693153673841,0.0]]],[[[125.056604212872557,6.686698825647754,0.0],[125.056332952257165,6.686699959594645,0.0],[125.056334086378939,6.686971166143509,0.0],[125.056605347143815,6.686970032150254,0.0],[125.056604212872557,6.686698825647754,0.0]]],[[[125.059603983619027,6.690483225973311,0.0],[125.059602847092506,6.690212020022813,0.0],[125.059331585053101,6.690213156216175,0.0],[125.059060322966261,6.690214292260145,0.0],[125.059061459193998,6.690485498303546,0.0],[125.059332721430138,6.690484362213124,0.0],[125.059603983619027,6.690483225973311,0.0]]],[[[125.057975274148717,6.690218834941931,0.0],[125.057976409778618,6.690490041171139,0.0],[125.058247672203137,6.690488905678373,0.0],[125.058246536423667,6.690217699495617,0.0],[125.057975274148717,6.690218834941931,0.0]]],[[[125.059063731790602,6.691027910380844,0.0],[125.059064868159552,6.691299116414741,0.0],[125.059336130844045,6.691297980184875,0.0],[125.05933499432561,6.691026774197518,0.0],[125.059063731790602,6.691027910380844,0.0]]],[[[125.056083245114465,6.691854018159916,0.0],[125.056082110295478,6.6915828116218,0.0],[125.05581084689662,6.691583946104886,0.0],[125.055539583450965,6.691585080438579,0.0],[125.055540717971169,6.691856287069421,0.0],[125.055811981566407,6.691855152689365,0.0],[125.056083245114465,6.691854018159916,0.0]]],[[[125.05933726740956,6.691569186169123,0.0],[125.059066004575669,6.691570322445441,0.0],[125.059067141038682,6.691841528472854,0.0],[125.059068277548946,6.692112734497248,0.0],[125.05906947584154,6.692112729477389,0.0],[125.059337423572671,6.691606448090653,0.0],[125.05933726740956,6.691569186169123,0.0]]],[[[125.058798150777065,6.692385076784636,0.0],[125.05891614039372,6.692384582550444,0.0],[125.059023038042298,6.692200472684998,0.0],[125.059068286942022,6.692114975877089,0.0],[125.059068277548946,6.692112734497248,0.0],[125.058797014369205,6.692113870716988,0.0],[125.058798150777065,6.692385076784636,0.0]]],[[[125.057440697763155,6.692119549573929,0.0],[125.057441833423795,6.692390755873746,0.0],[125.057713096988465,6.692389620354779,0.0],[125.057711961178526,6.692118414101413,0.0],[125.057440697763155,6.692119549573929,0.0]]],[[[125.058528023706046,6.69265741901225,0.0],[125.058529160058654,6.692928625119955,0.0],[125.058600432383543,6.692928326590118,0.0],[125.058758286384446,6.692656454577492,0.0],[125.058528023706046,6.69265741901225,0.0]]],[[[125.058260344387847,6.693514060289196,0.0],[125.058529669484656,6.693050201560865,0.0],[125.058529160058654,6.692928625119955,0.0],[125.058257896336144,6.69292976118009,0.0],[125.058259032586349,6.693200967331049,0.0],[125.058260168883535,6.6934721734789,0.0],[125.058260344387847,6.693514060289196,0.0]]]]}},
{"type":"Feature","properties":{"fid":50,"Var":2.0,"layer":"DavaoDelSur_Flood_5year","path":"C:/Users/cbposadas/Desktop/New folder/DavaoDelSur/DavaoDelSur_Flood_5year.shp","Risk Level":"Medium","SYSTRA ID":"177","DAR ID":"340","Target Year":"2027","Bridge Category":"Original List","Bridge Name":"MALFIKAT BRIDGE","Coordinates Y":"6.6702774","Coordinates X":"125.0194859","Region":"XII","Province":"SULTAN KUDARAT","ARC 2026":"Columbio ARC","LINEAR METER IVF 2026":"35","EIRR 2026":"0.19","NEW/REPLACEMENT BRIDGE 2026":"new","Visited by SYSTRA":"No","Selected for 2nd Visit of SYSTRA":"No","Final Funder":"No Funder","2023 IVF URL":"https://drive.google.com/open?id=1ZG-t-s6dkt5CryqwF7EZUqi_Fvo9VlUt","2026 IVF URL":"https://docs.google.com/spreadsheets/u/1/d/1THmKJ6r6WEhPF1HwBJ8b_-LKlpn5LUSz/edit"},"geometry":{"type":"MultiPolygon","coordinates":[[[[125.062455018825261,6.658739659593661,0.0],[125.062372741600669,6.658740003115228,0.0],[125.06234963398272,6.659011310144693,0.0],[125.062456151523023,6.659010865400185,0.0],[125.062455018825261,6.658739659593661,0.0]]],[[[125.064105163980528,6.664156971778991,0.0],[125.063833917058986,6.664158106041808,0.0],[125.063562670090278,6.664159240155944,0.0],[125.063563804326719,6.664430445713067,0.0],[125.063835051444372,6.66442931155239,0.0],[125.064106298514687,6.664428177242944,0.0],[125.064309184287453,6.664427328697478,0.0],[125.06427053178399,6.664156280175882,0.0],[125.064105163980528,6.664156971778991,0.0]]],[[[125.063292557161986,6.664431579724885,0.0],[125.06329369129682,6.664702785325439,0.0],[125.063564938610497,6.664701651267081,0.0],[125.063563804326719,6.664430445713067,0.0],[125.063292557161986,6.664431579724885,0.0]]],[[[125.063022443935978,6.664703919234939,0.0],[125.062751196527884,6.664705052995669,0.0],[125.062479949072724,6.66470618660754,0.0],[125.062481082808318,6.664977392344519,0.0],[125.062752330412252,6.664976258686107,0.0],[125.063023577969204,6.664975124878837,0.0],[125.063294825478906,6.664973990922797,0.0],[125.06329369129682,6.664702785325439,0.0],[125.063022443935978,6.664703919234939,0.0]]],[[[125.056288054479936,6.664732023577703,0.0],[125.055970509704039,6.664856621764049,0.0],[125.055971126173844,6.665004555498023,0.0],[125.056242374908251,6.66500342541151,0.0],[125.056513623595677,6.665002295176138,0.0],[125.056784872236207,6.665001164791996,0.0],[125.057056120829387,6.665000034258996,0.0],[125.05732736937577,6.664998903577136,0.0],[125.057326238468406,6.664727696957219,0.0],[125.057054990070881,6.664728827592627,0.0],[125.056783741626376,6.664729958079175,0.0],[125.056512493134889,6.664731088416954,0.0],[125.056288054479936,6.664732023577703,0.0]]],[[[125.061396091920429,6.664981925489934,0.0],[125.061124844080595,6.664983058404229,0.0],[125.061125977119062,6.665254264370625,0.0],[125.061397225107754,6.665253131409878,0.0],[125.061396091920429,6.664981925489934,0.0]]],[[[125.06085359619351,6.664984191169755,0.0],[125.060582348259445,6.664985323786333,0.0],[125.060311100278213,6.664986456254142,0.0],[125.060039852249815,6.664987588573092,0.0],[125.060040984692932,6.665258794725472,0.0],[125.060312232870004,6.665257662359982,0.0],[125.060583481000194,6.665256529845721,0.0],[125.060854729083204,6.665255397182603,0.0],[125.06085359619351,6.664984191169755,0.0]]],[[[125.058955991512832,6.665263322698846,0.0],[125.059227239878467,6.66526219092879,0.0],[125.059498488197121,6.665261059009787,0.0],[125.059497356051807,6.664989852764593,0.0],[125.059226107882111,6.664990984637055,0.0],[125.058954859665235,6.664992116360659,0.0],[125.058955991512832,6.665263322698846,0.0]]],[[[125.057872128878699,6.665539054811632,0.0],[125.057870997579471,6.665267848290925,0.0],[125.057869866327309,6.664996641766931,0.0],[125.057598617874987,6.664997772746418,0.0],[125.057599748978376,6.665268979316775,0.0],[125.057600880128845,6.665540185883935,0.0],[125.057872128878699,6.665539054811632,0.0]]],[[[125.058414626237294,6.665536792220451,0.0],[125.05868587484602,6.665535660701573,0.0],[125.058684743100216,6.665264454320131,0.0],[125.058413494640249,6.665265585792558,0.0],[125.058142246133485,6.665266717116126,0.0],[125.058143377581487,6.665537923590471,0.0],[125.058414626237294,6.665536792220451,0.0]]],[[[125.055701007453749,6.665276892330842,0.0],[125.055429758476421,6.665278022166,0.0],[125.055430888435836,6.66554922910433,0.0],[125.055702137562108,6.665548099222719,0.0],[125.055701007453749,6.665276892330842,0.0]]],[[[125.055432018442502,6.66582043603955,0.0],[125.055160769120391,6.665821565818665,0.0],[125.055161899025009,6.666092772797051,0.0],[125.055433148495979,6.666091642971574,0.0],[125.055432018442502,6.66582043603955,0.0]]],[[[125.052450530193951,6.666375270303328,0.0],[125.052179280057373,6.666376398537634,0.0],[125.052180408418337,6.66664760601935,0.0],[125.052451658703674,6.666646477738682,0.0],[125.052450530193951,6.666375270303328,0.0]]],[[[125.056252549833076,6.667444286518966,0.0],[125.05598129975867,6.667445417022923,0.0],[125.05598243039212,6.667716623843124,0.0],[125.056253680615384,6.667715493292804,0.0],[125.056252549833076,6.667444286518966,0.0]]],[[[125.05652832386761,6.668527982757046,0.0],[125.056257073244581,6.668529113595491,0.0],[125.056258204215098,6.668800320356717,0.0],[125.056529454986986,6.668799189471909,0.0],[125.05652832386761,6.668527982757046,0.0]]],[[[125.05572135659834,6.670158615902179,0.0],[125.055450104940491,6.670159746572137,0.0],[125.055451235746162,6.670430953453534,0.0],[125.055722487552956,6.670429822737213,0.0],[125.05572135659834,6.670158615902179,0.0]]],[[[125.057893632507628,6.670691978104938,0.0],[125.057622380928024,6.670693110059291,0.0],[125.057623513019777,6.670964316563212,0.0],[125.057894764748241,6.670963184562408,0.0],[125.057893632507628,6.670691978104938,0.0]]],[[[125.058438400649507,6.671232126475325,0.0],[125.058167148866161,6.671233258820565,0.0],[125.058168281349865,6.671504465225277,0.0],[125.058439533282254,6.671503332833674,0.0],[125.058438400649507,6.671232126475325,0.0]]],[[[125.053015615399602,6.671797159642336,0.0],[125.052744362377865,6.671798289100729,0.0],[125.052745491975614,6.672069496426482,0.0],[125.053016745146294,6.672068366921903,0.0],[125.053015615399602,6.671797159642336,0.0]]],[[[125.056824473214078,6.674493397744187,0.0],[125.056553219360211,6.674494529752363,0.0],[125.056554351514407,6.674765736397505,0.0],[125.056825605517488,6.674764604343054,0.0],[125.056824473214078,6.674493397744187,0.0]]],[[[125.056560012991199,6.676121769575961,0.0],[125.056288758195691,6.676122901713367,0.0],[125.056289890483114,6.676394108385954,0.0],[125.05656114542775,6.676392976202096,0.0],[125.056560012991199,6.676121769575961,0.0]]],[[[125.051140555891223,6.677500421731776,0.0],[125.050869299410479,6.677501551118938,0.0],[125.050870428950233,6.677772758702173,0.0],[125.051141685580191,6.677771629268737,0.0],[125.051140555891223,6.677500421731776,0.0]]],[[[125.054669149170749,6.678028139996329,0.0],[125.054940405292314,6.678027008428868,0.0],[125.05493927346852,6.677755801543474,0.0],[125.054668017496084,6.677756933064573,0.0],[125.054396761476752,6.677758064436547,0.0],[125.054397893002289,6.678029271414666,0.0],[125.054669149170749,6.678028139996329,0.0]]],[[[125.057395309935259,6.681271294979386,0.0],[125.057394176204369,6.681000088549539,0.0],[125.057122918865204,6.681001221969564,0.0],[125.057124052446881,6.681272428445951,0.0],[125.057395309935259,6.681271294979386,0.0]]],[[[125.062006680034898,6.681252003221506,0.0],[125.061735423347301,6.681253139224354,0.0],[125.061736559512767,6.681524344907687,0.0],[125.062007816349762,6.681523208858299,0.0],[125.062006680034898,6.681252003221506,0.0]]],[[[125.057125186075623,6.681543634919053,0.0],[125.057124052446881,6.681272428445951,0.0],[125.056852794911251,6.681273561763214,0.0],[125.056581537328626,6.681274694931351,0.0],[125.056582670658855,6.681545901497356,0.0],[125.05685392839078,6.681544768282767,0.0],[125.057125186075623,6.681543634919053,0.0]]],[[[125.061465302628704,6.681525480807861,0.0],[125.061194045697661,6.681526616558821,0.0],[125.06119518161195,6.68179782233186,0.0],[125.061466438692307,6.681796686534448,0.0],[125.061465302628704,6.681525480807861,0.0]]],[[[125.05631141287995,6.681547034562642,0.0],[125.056312546107947,6.681818241171812,0.0],[125.056583804036251,6.681817108060074,0.0],[125.056582670658855,6.681545901497356,0.0],[125.05631141287995,6.681547034562642,0.0]]],[[[125.056313679383109,6.682089447777785,0.0],[125.056312546107947,6.681818241171812,0.0],[125.056041288132846,6.681819374134247,0.0],[125.05577003011058,6.681820506947557,0.0],[125.055771163087314,6.682091713646344,0.0],[125.056042421258795,6.682090580786672,0.0],[125.056313679383109,6.682089447777785,0.0]]],[[[125.055499904868853,6.682092846356803,0.0],[125.055501037743269,6.682364053098845,0.0],[125.055772296110945,6.682362920341935,0.0],[125.055771163087314,6.682091713646344,0.0],[125.055499904868853,6.682092846356803,0.0]]],[[[125.055229779328513,6.682365185706453,0.0],[125.055230912100697,6.682636392491571,0.0],[125.055502170664667,6.682635259837601,0.0],[125.055501037743269,6.682364053098845,0.0],[125.055229779328513,6.682365185706453,0.0]]],[[[125.054959653489661,6.682637524996328,0.0],[125.054960786159711,6.682908731824701,0.0],[125.055232044919961,6.682907599273581,0.0],[125.055230912100697,6.682636392491571,0.0],[125.054959653489661,6.682637524996328,0.0]]],[[[125.05468952735238,6.682909864226606,0.0],[125.054690659920198,6.683181071098233,0.0],[125.054961918876742,6.683179938649965,0.0],[125.054960786159711,6.682908731824701,0.0],[125.05468952735238,6.682909864226606,0.0]]],[[[125.054420533382086,6.683453410311903,0.0],[125.05414927418218,6.683454542508017,0.0],[125.054150406545361,6.683725749465887,0.0],[125.05442166589448,6.683724617223498,0.0],[125.054420533382086,6.683453410311903,0.0]]],[[[125.052251589786508,6.683733670983995,0.0],[125.052096212775609,6.683734318864411,0.0],[125.052204867794998,6.68400507781194,0.0],[125.052252721151646,6.68400487826294,0.0],[125.052251589786508,6.683733670983995,0.0]]],[[[125.058493955024829,6.684521234304243,0.0],[125.058492820132116,6.684250028098128,0.0],[125.058221561190052,6.684251162672251,0.0],[125.058222695933551,6.684522368924818,0.0],[125.058493955024829,6.684521234304243,0.0]]],[[[125.052796372469743,6.684273822808952,0.0],[125.052525112540209,6.684274954248516,0.0],[125.052526244148609,6.684546161474882,0.0],[125.052797504227371,6.684545029989043,0.0],[125.052796372469743,6.684273822808952,0.0]]],[[[125.052798636031881,6.684816237165848,0.0],[125.053069896213046,6.684815105484433,0.0],[125.053068764259137,6.684543898353902,0.0],[125.052797504227371,6.684545029989043,0.0],[125.052798636031881,6.684816237165848,0.0]]],[[[125.053612416434319,6.684812841673694,0.0],[125.05334115634713,6.684813973653715,0.0],[125.053342288497419,6.685085180734775,0.0],[125.053613548733821,6.68508404870848,0.0],[125.053612416434319,6.684812841673694,0.0]]],[[[125.053614681080305,6.685355255740068,0.0],[125.05388594141921,6.685354123518107,0.0],[125.053884808923428,6.685082916532882,0.0],[125.053613548733821,6.68508404870848,0.0],[125.053614681080305,6.685355255740068,0.0]]],[[[125.054429594797256,6.685623065515668,0.0],[125.054700855144418,6.685621932799525,0.0],[125.054972115444684,6.685620799934079,0.0],[125.0552433756977,6.68561966691933,0.0],[125.055242242408511,6.685348460169029,0.0],[125.054970982304525,6.685349593137414,0.0],[125.054699722153742,6.685350725956497,0.0],[125.054428461955879,6.685351858626277,0.0],[125.054157201711035,6.685352991146844,0.0],[125.054158334403112,6.685624198082597,0.0],[125.054429594797256,6.685623065515668,0.0]]],[[[125.055514635904004,6.68561853375519,0.0],[125.0552433756977,6.68561966691933,0.0],[125.055244509034154,6.685890873666346,0.0],[125.055515769389658,6.685889740455932,0.0],[125.055514635904004,6.68561853375519,0.0]]],[[[125.055516902922392,6.686160947153476,0.0],[125.055788163380228,6.686159813747396,0.0],[125.055787029698095,6.685888607096214,0.0],[125.055515769389658,6.685889740455932,0.0],[125.055516902922392,6.686160947153476,0.0]]],[[[125.056332952257165,6.686699959594645,0.0],[125.056061691594792,6.686701093392146,0.0],[125.056062825567167,6.686972299987372,0.0],[125.056334086378939,6.686971166143509,0.0],[125.056332952257165,6.686699959594645,0.0]]],[[[125.056335220547879,6.687242372689263,0.0],[125.056606481461969,6.687241238649645,0.0],[125.056605347143815,6.686970032150254,0.0],[125.056334086378939,6.686971166143509,0.0],[125.056335220547879,6.687242372689263,0.0]]],[[[125.056880011405369,6.687782517357012,0.0],[125.056881146014049,6.688053723800448,0.0],[125.056882280669882,6.688324930240687,0.0],[125.057153542087207,6.688323795716745,0.0],[125.05715240728216,6.688052589322958,0.0],[125.057151272524095,6.687781382925885,0.0],[125.057150137813011,6.687510176525792,0.0],[125.057149003149092,6.687238970122412,0.0],[125.056877742329064,6.687240104460725,0.0],[125.056878876843683,6.687511310910467,0.0],[125.056880011405369,6.687782517357012,0.0]]],[[[125.057154676939504,6.688595002107424,0.0],[125.057425938459332,6.688593867387728,0.0],[125.057424803457636,6.688322661043501,0.0],[125.057153542087207,6.688323795716745,0.0],[125.057154676939504,6.688595002107424,0.0]]],[[[125.057699470375297,6.689135145104776,0.0],[125.057428208603667,6.689136280066678,0.0],[125.057429343746591,6.689407486401401,0.0],[125.057700605667421,6.689406351393136,0.0],[125.057699470375297,6.689135145104776,0.0]]],[[[125.060141960837001,6.689396129596216,0.0],[125.05987069934001,6.689397265949006,0.0],[125.059599437795754,6.689398402152315,0.0],[125.059600574180962,6.689669608112315,0.0],[125.059871835874517,6.689668471862555,0.0],[125.060143097520992,6.689667335463313,0.0],[125.060316521916704,6.689666608839106,0.0],[125.060446956487937,6.689394851739587,0.0],[125.060413222286925,6.689394993094123,0.0],[125.060141960837001,6.689396129596216,0.0]]],[[[125.059601710613251,6.689940814069119,0.0],[125.059600574180962,6.689669608112315,0.0],[125.059329312440255,6.689670744212774,0.0],[125.05933044872296,6.689941950216029,0.0],[125.059331585053101,6.690213156216175,0.0],[125.059602847092506,6.690212020022813,0.0],[125.059601710613251,6.689940814069119,0.0]]],[[[125.057704011826601,6.690219970238943,0.0],[125.057975274148717,6.690218834941931,0.0],[125.057974138565797,6.689947628709615,0.0],[125.057973003030042,6.689676422474101,0.0],[125.05770174100671,6.68967755767821,0.0],[125.057702876393165,6.689948763960175,0.0],[125.057704011826601,6.690219970238943,0.0]]],[[[125.058518934580505,6.690487770036126,0.0],[125.058790196910692,6.690486634244576,0.0],[125.058789060832623,6.690215428154635,0.0],[125.058517798651636,6.690216563899821,0.0],[125.058246536423667,6.690217699495617,0.0],[125.058247672203137,6.690488905678373,0.0],[125.058518934580505,6.690487770036126,0.0]]],[[[125.059332721430138,6.690484362213124,0.0],[125.059061459193998,6.690485498303546,0.0],[125.059062595468717,6.690756704343749,0.0],[125.059333857854341,6.690755568206876,0.0],[125.059332721430138,6.690484362213124,0.0]]],[[[125.059336130844045,6.691297980184875,0.0],[125.059064868159552,6.691299116414741,0.0],[125.059066004575669,6.691570322445441,0.0],[125.05933726740956,6.691569186169123,0.0],[125.059336130844045,6.691297980184875,0.0]]],[[[125.058798150777065,6.692385076784636,0.0],[125.058798994160185,6.692586343558088,0.0],[125.05891614039372,6.692384582550444,0.0],[125.058798150777065,6.692385076784636,0.0]]]]}},
{"type":"Feature","properties":{"fid":51,"Var":3.0,"layer":"DavaoDelSur_Flood_5year","path":"C:/Users/cbposadas/Desktop/New folder/DavaoDelSur/DavaoDelSur_Flood_5year.shp","Risk Level":"High","SYSTRA ID":"177","DAR ID":"340","Target Year":"2027","Bridge Category":"Original List","Bridge Name":"MALFIKAT BRIDGE","Coordinates Y":"6.6702774","Coordinates X":"125.0194859","Region":"XII","Province":"SULTAN KUDARAT","ARC 2026":"Columbio ARC","LINEAR METER IVF 2026":"35","EIRR 2026":"0.19","NEW/REPLACEMENT BRIDGE 2026":"new","Visited by SYSTRA":"No","Selected for 2nd Visit of SYSTRA":"No","Final Funder":"No Funder","2023 IVF URL":"https://drive.google.com/open?id=1ZG-t-s6dkt5CryqwF7EZUqi_Fvo9VlUt","2026 IVF URL":"https://docs.google.com/spreadsheets/u/1/d/1THmKJ6r6WEhPF1HwBJ8b_-LKlpn5LUSz/edit"},"geometry":{"type":"MultiPolygon","coordinates":[[[[125.05732736937577,6.664998903577136,0.0],[125.057598617874987,6.664997772746418,0.0],[125.057597486818764,6.664726566172953,0.0],[125.057326238468406,6.664727696957219,0.0],[125.05732736937577,6.664998903577136,0.0]]],[[[125.062209835157049,6.664978525854161,0.0],[125.06221096879095,6.665249731634483,0.0],[125.062482216590993,6.66524859807839,0.0],[125.062481082808318,6.664977392344519,0.0],[125.062209835157049,6.664978525854161,0.0]]],[[[125.06085359619351,6.664984191169755,0.0],[125.060854729083204,6.665255397182603,0.0],[125.061125977119062,6.665254264370625,0.0],[125.061124844080595,6.664983058404229,0.0],[125.06085359619351,6.664984191169755,0.0]]],[[[125.058684743100216,6.665264454320131,0.0],[125.058955991512832,6.665263322698846,0.0],[125.058954859665235,6.664992116360659,0.0],[125.058683611401392,6.664993247935493,0.0],[125.058684743100216,6.665264454320131,0.0]]],[[[125.055429758476421,6.665278022166,0.0],[125.055701007453749,6.665276892330842,0.0],[125.055972256383996,6.665275762346735,0.0],[125.055971126173844,6.665004555498023,0.0],[125.055970509704039,6.664856621764049,0.0],[125.055158077260501,6.665175402831282,0.0],[125.055158509452028,6.665279151852389,0.0],[125.055159639262669,6.665550358837081,0.0],[125.055430888435836,6.66554922910433,0.0],[125.055429758476421,6.665278022166,0.0]]],[[[125.057872128878699,6.665539054811632,0.0],[125.058143377581487,6.665537923590471,0.0],[125.058142246133485,6.665266717116126,0.0],[125.057870997579471,6.665267848290925,0.0],[125.057872128878699,6.665539054811632,0.0]]],[[[125.061398358342146,6.665524337326535,0.0],[125.061399491623703,6.665795543240084,0.0],[125.061670739862947,6.665794410037486,0.0],[125.061941988055125,6.665793276686029,0.0],[125.06194085447585,6.665522070865472,0.0],[125.062212102471918,6.665520937411608,0.0],[125.06221096879095,6.665249731634483,0.0],[125.061939720943556,6.665250865041807,0.0],[125.061668473049281,6.665251998300271,0.0],[125.061397225107754,6.665253131409878,0.0],[125.061398358342146,6.665524337326535,0.0]]],[[[125.055435408744145,6.666634056826116,0.0],[125.055436538938565,6.666905263748636,0.0],[125.055707788809315,6.666904133635211,0.0],[125.055706658465851,6.666632926759054,0.0],[125.055705528169369,6.6663617198797,0.0],[125.055434278596522,6.666362849900399,0.0],[125.055435408744145,6.666634056826116,0.0]]],[[[125.05245730195692,6.6680025148682,0.0],[125.052728552940025,6.668001386207124,0.0],[125.052727424046594,6.667730178833854,0.0],[125.052456173212448,6.667731307448656,0.0],[125.05245730195692,6.6680025148682,0.0]]],[[[125.058717582846782,6.673129438097537,0.0],[125.058988835578972,6.67312830512924,0.0],[125.058987702365627,6.672857098882891,0.0],[125.058716449782381,6.672858231804647,0.0],[125.058717582846782,6.673129438097537,0.0]]],[[[125.051141685580191,6.677771629268737,0.0],[125.051412942163083,6.677770499686265,0.0],[125.051411812324986,6.677499292195489,0.0],[125.051140555891223,6.677500421731776,0.0],[125.051141685580191,6.677771629268737,0.0]]],[[[125.052525112540209,6.684274954248516,0.0],[125.052796372469743,6.684273822808952,0.0],[125.052797504227371,6.684545029989043,0.0],[125.053068764259137,6.684543898353902,0.0],[125.053069896213046,6.684815105484433,0.0],[125.05334115634713,6.684813973653715,0.0],[125.053340024244008,6.684542766569458,0.0],[125.053338892187782,6.684271559482093,0.0],[125.053610151976372,6.684270427594709,0.0],[125.053881411717967,6.684269295558111,0.0],[125.053880279410123,6.683998088560185,0.0],[125.053609019817827,6.683999220550509,0.0],[125.053337760178451,6.684000352391529,0.0],[125.053066500492278,6.684001484083248,0.0],[125.053065368679228,6.683730276943213,0.0],[125.052794109095274,6.683731408439354,0.0],[125.052522849464438,6.683732539786281,0.0],[125.052251589786508,6.683733670983995,0.0],[125.052252721151646,6.68400487826294,0.0],[125.052523980978876,6.684003747018953,0.0],[125.052525112540209,6.684274954248516,0.0]]],[[[125.055790430885338,6.686702227040255,0.0],[125.056061691594792,6.686701093392146,0.0],[125.056060557669397,6.686429886793634,0.0],[125.055789297109243,6.686431020395468,0.0],[125.055790430885338,6.686702227040255,0.0]]],[[[125.056606481461969,6.687241238649645,0.0],[125.056877742329064,6.687240104460725,0.0],[125.05687660786144,6.686968898007785,0.0],[125.056605347143815,6.686970032150254,0.0],[125.056606481461969,6.687241238649645,0.0]]],[[[125.057427073508009,6.688865073728846,0.0],[125.057428208603667,6.689136280066678,0.0],[125.057699470375297,6.689135145104776,0.0],[125.057698335130155,6.688863938813307,0.0],[125.057697199931994,6.68859273251864,0.0],[125.057425938459332,6.688593867387728,0.0],[125.057427073508009,6.688865073728846,0.0]]],[[[125.054446171092792,6.689590212537845,0.0],[125.054595271867186,6.689961758822162,0.0],[125.054718989388036,6.689961241856136,0.0],[125.054717855645336,6.689690035063912,0.0],[125.054716721949532,6.689418828268491,0.0],[125.054715588300709,6.689147621469961,0.0],[125.054714454699152,6.688876414668145,0.0],[125.054443192559461,6.688877547940554,0.0],[125.054444326011904,6.689148754788733,0.0],[125.054445459511243,6.689419961633626,0.0],[125.054446171092792,6.689590212537845,0.0]]],[[[125.05770174100671,6.68967755767821,0.0],[125.057973003030042,6.689676422474101,0.0],[125.057971867541454,6.68940521623539,0.0],[125.057700605667421,6.689406351393136,0.0],[125.05770174100671,6.68967755767821,0.0]]],[[[125.057975274148717,6.690218834941931,0.0],[125.058246536423667,6.690217699495617,0.0],[125.058245400691447,6.689946493309663,0.0],[125.058244265006309,6.689675287120601,0.0],[125.057973003030042,6.689676422474101,0.0],[125.057974138565797,6.689947628709615,0.0],[125.057975274148717,6.690218834941931,0.0]]],[[[125.058791333036112,6.690757840331231,0.0],[125.059062595468717,6.690756704343749,0.0],[125.059061459193998,6.690485498303546,0.0],[125.058790196910692,6.690486634244576,0.0],[125.058791333036112,6.690757840331231,0.0]]]]}},
{"type":"Feature","properties":{"fid":91,"Var":1.0,"layer":"Maguindanao_Flood_5year","path":"C:/Users/cbposadas/Desktop/New folder/Maguindanao/Maguindanao_Flood_5year.shp","Risk Level":"Low","SYSTRA ID":"177","DAR ID":"340","Target Year":"2027","Bridge Category":"Original List","Bridge Name":"MALFIKAT BRIDGE","Coordinates Y":"6.6702774","Coordinates X":"125.0194859","Region":"XII","Province":"SULTAN KUDARAT","ARC 2026":"Columbio ARC","LINEAR METER IVF 2026":"35","EIRR 2026":"0.19","NEW/REPLACEMENT BRIDGE 2026":"new","Visited by SYSTRA":"No","Selected for 2nd Visit of SYSTRA":"No","Final Funder":"No Funder","2023 IVF URL":"https://drive.google.com/open?id=1ZG-t-s6dkt5CryqwF7EZUqi_Fvo9VlUt","2026 IVF URL":"https://docs.google.com/spreadsheets/u/1/d/1THmKJ6r6WEhPF1HwBJ8b_-LKlpn5LUSz/edit"},"geometry":{"type":"MultiPolygon","coordinates":[[[[125.002724241903124,6.711873362453917,0.0],[125.002723395122345,6.711666223286943,0.0],[125.002452050896949,6.711652476747125,0.0],[125.002452958280529,6.711874470840278,0.0],[125.002724241903124,6.711873362453917,0.0]]],[[[125.00571057959786,6.712403589958398,0.0],[125.00598186297006,6.712402479682615,0.0],[125.005980752361566,6.712131264905223,0.0],[125.00570946913929,6.712132375135709,0.0],[125.00571057959786,6.712403589958398,0.0]]],[[[125.004625445650007,6.712408029562282,0.0],[125.004896729205797,6.712406919886198,0.0],[125.004895619197086,6.712135704927795,0.0],[125.00462433579122,6.712136814558671,0.0],[125.004625445650007,6.712408029562282,0.0]]],[[[125.003269027183208,6.712413575693925,0.0],[125.003269229902898,6.712463145571294,0.0],[125.003540947889618,6.712568188390283,0.0],[125.003540310968248,6.712412466767463,0.0],[125.003269027183208,6.712413575693925,0.0]]],[[[125.006254257100778,6.712672583985895,0.0],[125.006255367951042,6.712943798711684,0.0],[125.006526651531445,6.712942688045547,0.0],[125.006525540531172,6.712671473364966,0.0],[125.006254257100778,6.712672583985895,0.0]]],[[[125.003836577658674,6.712682475209102,0.0],[125.004010937765386,6.712749880673674,0.0],[125.004084370711013,6.712775002465286,0.0],[125.004083988005505,6.712681463555596,0.0],[125.003836577658674,6.712682475209102,0.0]]]]}},
{"type":"Feature","properties":{"fid":92,"Var":2.0,"layer":"Maguindanao_Flood_5year","path":"C:/Users/cbposadas/Desktop/New folder/Maguindanao/Maguindanao_Flood_5year.shp","Risk Level":"Medium","SYSTRA ID":"177","DAR ID":"340","Target Year":"2027","Bridge Category":"Original List","Bridge Name":"MALFIKAT BRIDGE","Coordinates Y":"6.6702774","Coordinates X":"125.0194859","Region":"XII","Province":"SULTAN KUDARAT","ARC 2026":"Columbio ARC","LINEAR METER IVF 2026":"35","EIRR 2026":"0.19","NEW/REPLACEMENT BRIDGE 2026":"new","Visited by SYSTRA":"No","Selected for 2nd Visit of SYSTRA":"No","Final Funder":"No Funder","2023 IVF URL":"https://drive.google.com/open?id=1ZG-t-s6dkt5CryqwF7EZUqi_Fvo9VlUt","2026 IVF URL":"https://docs.google.com/spreadsheets/u/1/d/1THmKJ6r6WEhPF1HwBJ8b_-LKlpn5LUSz/edit"},"geometry":{"type":"MultiPolygon","coordinates":[[[[125.002995525479975,6.711872253917632,0.0],[125.002724241903124,6.711873362453917,0.0],[125.002725350666424,6.712144577777184,0.0],[125.002996634393199,6.71214346919569,0.0],[125.002995525479975,6.711872253917632,0.0]]]]}},
{"type":"Feature","properties":{"fid":93,"Var":3.0,"layer":"Maguindanao_Flood_5year","path":"C:/Users/cbposadas/Desktop/New folder/Maguindanao/Maguindanao_Flood_5year.shp","Risk Level":"High","SYSTRA ID":"177","DAR ID":"340","Target Year":"2027","Bridge Category":"Original List","Bridge Name":"MALFIKAT BRIDGE","Coordinates Y":"6.6702774","Coordinates X":"125.0194859","Region":"XII","Province":"SULTAN KUDARAT","ARC 2026":"Columbio ARC","LINEAR METER IVF 2026":"35","EIRR 2026":"0.19","NEW/REPLACEMENT BRIDGE 2026":"new","Visited by SYSTRA":"No","Selected for 2nd Visit of SYSTRA":"No","Final Funder":"No Funder","2023 IVF URL":"https://drive.google.com/open?id=1ZG-t-s6dkt5CryqwF7EZUqi_Fvo9VlUt","2026 IVF URL":"https://docs.google.com/spreadsheets/u/1/d/1THmKJ6r6WEhPF1HwBJ8b_-LKlpn5LUSz/edit"},"geometry":{"type":"MultiPolygon","coordinates":[[[[125.00543929617973,6.712404700084256,0.0],[125.00571057959786,6.712403589958398,0.0],[125.00570946913929,6.712132375135709,0.0],[125.005438185871085,6.712133485216358,0.0],[125.00516690255705,6.712134595146995,0.0],[125.004895619197086,6.712135704927795,0.0],[125.004896729205797,6.712406919886198,0.0],[125.005168012715671,6.7124058100601,0.0],[125.00543929617973,6.712404700084256,0.0]]],[[[125.003269027183208,6.712413575693925,0.0],[125.003267918074144,6.712142360464273,0.0],[125.002996634393199,6.71214346919569,0.0],[125.002997511998117,6.712358102783985,0.0],[125.003142345071993,6.71241409346221,0.0],[125.003269027183208,6.712413575693925,0.0]]],[[[125.005982973624484,6.71267369445681,0.0],[125.006254257100778,6.712672583985895,0.0],[125.006253146296444,6.712401369256908,0.0],[125.00598186297006,6.712402479682615,0.0],[125.005982973624484,6.71267369445681,0.0]]],[[[125.003540310968248,6.712412466767463,0.0],[125.003540947889618,6.712568188390283,0.0],[125.003836577658674,6.712682475209102,0.0],[125.004083988005505,6.712681463555596,0.0],[125.004082878400823,6.712410248464677,0.0],[125.003811594707457,6.712411357690988,0.0],[125.003540310968248,6.712412466767463,0.0]]],[[[125.006526651531445,6.712942688045547,0.0],[125.006797935065919,6.712941577229397,0.0],[125.006857201155555,6.712941334534466,0.0],[125.006845848811153,6.71267016184554,0.0],[125.006796823915721,6.712670362594202,0.0],[125.006525540531172,6.712671473364966,0.0],[125.006526651531445,6.712942688045547,0.0]]]]}},
{"type":"Feature","properties":{"fid":178,"Var":1.0,"layer":"SultanKudarat_Flood_5year","path":"C:/Users/cbposadas/Desktop/New folder/SultanKudarat/SultanKudarat_Flood_5year.shp","Risk Level":"Low","SYSTRA ID":"177","DAR ID":"340","Target Year":"2027","Bridge Category":"Original List","Bridge Name":"MALFIKAT BRIDGE","Coordinates Y":"6.6702774","Coordinates X":"125.0194859","Region":"XII","Province":"SULTAN KUDARAT","ARC 2026":"Columbio ARC","LINEAR METER IVF 2026":"35","EIRR 2026":"0.19","NEW/REPLACEMENT BRIDGE 2026":"new","Visited by SYSTRA":"No","Selected for 2nd Visit of SYSTRA":"No","Final Funder":"No Funder","2023 IVF URL":"https://drive.google.com/open?id=1ZG-t-s6dkt5CryqwF7EZUqi_Fvo9VlUt","2026 IVF URL":"https://docs.google.com/spreadsheets/u/1/d/1THmKJ6r6WEhPF1HwBJ8b_-LKlpn5LUSz/edit"},"geometry":{"type":"MultiPolygon","coordinates":[[[[124.978071930481136,6.65311783976382,0.0],[124.977800675153702,6.65311892497352,0.0],[124.977801760452834,6.653390145068703,0.0],[124.97755377736577,6.653391137077568,0.0],[124.977530742811595,6.653450682922884,0.0],[124.977531590127256,6.653662450311058,0.0],[124.977802845797186,6.653661365160688,0.0],[124.978074101421811,6.653660279861726,0.0],[124.978073015928871,6.653389059814327,0.0],[124.978071930481136,6.65311783976382,0.0]]],[[[124.977806102101653,6.654475025417814,0.0],[124.978077358172143,6.654473939984915,0.0],[124.97807627254349,6.65420271994702,0.0],[124.978075186960055,6.653931499905927,0.0],[124.977803931186742,6.653932585249565,0.0],[124.977805016621588,6.654203805335244,0.0],[124.977806102101653,6.654475025417814,0.0]]],[[[124.978078443846101,6.654745160019702,0.0],[124.977807187626922,6.654746245497276,0.0],[124.977808273197397,6.655017465573541,0.0],[124.978079529565349,6.65501638005138,0.0],[124.978078443846101,6.654745160019702,0.0]]],[[[124.97808278699425,6.655830040127495,0.0],[124.978354043762849,6.655828954322804,0.0],[124.978352957759299,6.655557734345305,0.0],[124.978081701139374,6.655558820105321,0.0],[124.977810444474159,6.655559905716655,0.0],[124.977811530180446,6.655831125783416,0.0],[124.97808278699425,6.655830040127495,0.0]]],[[[124.978626386683686,6.656099088299325,0.0],[124.978625300486243,6.655827868369522,0.0],[124.978354043762849,6.655828954322804,0.0],[124.978355129811703,6.656100174297284,0.0],[124.978356215905762,6.656371394268565,0.0],[124.978627472926433,6.656370308226021,0.0],[124.978626386683686,6.656099088299325,0.0]]],[[[124.977823475934429,6.658814546311196,0.0],[124.977822389730591,6.658543326278896,0.0],[124.977551131384487,6.658544412232446,0.0],[124.977552217439651,6.658815632309332,0.0],[124.977823475934429,6.658814546311196,0.0]]],[[[124.977555475876287,6.659629292520983,0.0],[124.977554389685494,6.659358072453601,0.0],[124.977283130847979,6.659359158392228,0.0],[124.977284216889899,6.659630378504287,0.0],[124.977555475876287,6.659629292520983,0.0]]],[[[124.975620440214911,6.65936581142933,0.0],[124.97548254967711,6.6599029465365,0.0],[124.975388216138768,6.660341199813012,0.0],[124.975388657993122,6.660451637475959,0.0],[124.975389743174574,6.660722857887511,0.0],[124.975390828401146,6.660994078295954,0.0],[124.975662088447748,6.660992993131019,0.0],[124.975661003072318,6.660721772767162,0.0],[124.975659917742178,6.660450552400108,0.0],[124.975658832457071,6.660179332030034,0.0],[124.975657747217269,6.659908111656674,0.0],[124.975656662022573,6.659636891280294,0.0],[124.975655576873095,6.659365670900717,0.0],[124.975620440214911,6.65936581142933,0.0]]],[[[124.977016215809456,6.660445124789836,0.0],[124.977015129780597,6.660173904642606,0.0],[124.976743870406253,6.660174990417631,0.0],[124.976744956286439,6.660446210609359,0.0],[124.977016215809456,6.660445124789836,0.0]]],[[[124.976473696718116,6.660447296280201,0.0],[124.976474782494748,6.660718516513495,0.0],[124.976746042211829,6.660717430798067,0.0],[124.976744956286439,6.660446210609359,0.0],[124.976473696718116,6.660447296280201,0.0]]],[[[124.975938776748194,6.662348009366412,0.0],[124.975939862543569,6.662619229666853,0.0],[124.975940948384135,6.662890449964096,0.0],[124.97594203426992,6.663161670258142,0.0],[124.97594312020091,6.663432890549168,0.0],[124.976214381496462,6.663431804685414,0.0],[124.976485642746908,6.663430718672889,0.0],[124.976484556518201,6.663159498471125,0.0],[124.976213295416713,6.663160584439063,0.0],[124.976212209382069,6.662889364189515,0.0],[124.97621112339263,6.662618143936858,0.0],[124.976210037448496,6.662346923681093,0.0],[124.976208951549481,6.66207570342213,0.0],[124.976207865695685,6.66180448315997,0.0],[124.976206779887079,6.66153326289479,0.0],[124.976205694123692,6.661262042626412,0.0],[124.97620460840551,6.660990822354838,0.0],[124.975933348449232,6.660991907817313,0.0],[124.97593443401864,6.661263128133474,0.0],[124.975935519633268,6.661534348446438,0.0],[124.975936605293001,6.661805568756205,0.0],[124.975937690998038,6.662076789062863,0.0],[124.975938776748194,6.662348009366412,0.0]]],[[[124.975124994376216,6.66235126552984,0.0],[124.975123909072551,6.662080045092531,0.0],[124.97503187989912,6.662080413210149,0.0],[124.974984524097366,6.662351827435101,0.0],[124.975124994376216,6.66235126552984,0.0]]],[[[124.975126079725101,6.662622485963863,0.0],[124.97539734070979,6.662621400680355,0.0],[124.975396255212061,6.66235018029083,0.0],[124.975124994376216,6.66235126552984,0.0],[124.975126079725101,6.662622485963863,0.0]]],[[[124.975947464376688,6.664517771681386,0.0],[124.976218726267675,6.664516685639374,0.0],[124.976217640007079,6.664245465405547,0.0],[124.976216553791701,6.6639742451687,0.0],[124.976487815339766,6.663973159066914,0.0],[124.976486729020735,6.663701938871456,0.0],[124.976215467621529,6.663703024928656,0.0],[124.975944206177019,6.663704110836908,0.0],[124.975945292198418,6.663975331121539,0.0],[124.97594637826495,6.664246551403061,0.0],[124.975947464376688,6.664517771681386,0.0]]],[[[124.975679460600176,6.665332518524534,0.0],[124.975680546743803,6.665603738834833,0.0],[124.97568163293262,6.665874959142024,0.0],[124.975952895613304,6.665873873025938,0.0],[124.975951809275614,6.665602652763334,0.0],[124.975950722983043,6.665331432497621,0.0],[124.975949636735777,6.665060212228711,0.0],[124.976220898924581,6.665059126097437,0.0],[124.976219812573476,6.664787905870004,0.0],[124.97594855053363,6.664788991956603,0.0],[124.97567728844848,6.664790077894431,0.0],[124.975678374501769,6.665061298211037,0.0],[124.975679460600176,6.665332518524534,0.0]]],[[[124.978934606210302,6.665319476376106,0.0],[124.9786633443249,6.665320564040553,0.0],[124.978664432106328,6.665591783860223,0.0],[124.978935694140674,6.6655906961511,0.0],[124.978934606210302,6.665319476376106,0.0]]],[[[124.978393170026862,6.665592871420487,0.0],[124.978392082394294,6.665321651556142,0.0],[124.978120820418397,6.665322738922872,0.0],[124.978121907902093,6.665593958831804,0.0],[124.978393170026862,6.665592871420487,0.0]]],[[[124.977852820537265,6.666137485991972,0.0],[124.97785173311209,6.665866266044671,0.0],[124.977580470747881,6.665867353202946,0.0],[124.977581558024283,6.666138573194833,0.0],[124.977852820537265,6.666137485991972,0.0]]],[[[124.975955068424383,6.666416313541732,0.0],[124.975953981996284,6.666145093285345,0.0],[124.975682719166656,6.666146179446018,0.0],[124.975683805445811,6.666417399746902,0.0],[124.975955068424383,6.666416313541732,0.0]]],[[[124.977312469856528,6.66668210031228,0.0],[124.9773135571197,6.666953320339339,0.0],[124.977584820124648,6.666952233151489,0.0],[124.977856083084475,6.666951145814779,0.0],[124.977854995523501,6.666679925876982,0.0],[124.977583732712617,6.666681013169105,0.0],[124.977312469856528,6.66668210031228,0.0]]],[[[124.975957241416125,6.666958754044914,0.0],[124.975956154897702,6.666687533794833,0.0],[124.975684891770271,6.666688620044678,0.0],[124.975685978139836,6.666959840339257,0.0],[124.975957241416125,6.666958754044914,0.0]]],[[[124.977042294069363,6.666954407378243,0.0],[124.977043381228796,6.66722562744678,0.0],[124.977314644427992,6.667224540363201,0.0],[124.9773135571197,6.666953320339339,0.0],[124.977042294069363,6.666954407378243,0.0]]],[[[124.975414714818342,6.666960926484742,0.0],[124.975143451451643,6.666962012481368,0.0],[124.975144537568625,6.667233232861922,0.0],[124.975415801084182,6.667232146820798,0.0],[124.975414714818342,6.666960926484742,0.0]]],[[[124.976230678117759,6.667500108003019,0.0],[124.975959414588786,6.667501194535483,0.0],[124.975960501242852,6.667772414776061,0.0],[124.976231764920769,6.66777132819901,0.0],[124.976230678117759,6.667500108003019,0.0]]],[[[124.976773205040089,6.667497934491338,0.0],[124.976774292140988,6.667769154598067,0.0],[124.977045555683276,6.667768067574262,0.0],[124.977046642978422,6.668039287633296,0.0],[124.977317906624364,6.668038200415958,0.0],[124.977316819180359,6.667766980401511,0.0],[124.977588082632153,6.6677658930799,0.0],[124.977586995084508,6.667494673106931,0.0],[124.977315731781573,6.667495760383955,0.0],[124.977044468433434,6.66749684751212,0.0],[124.976773205040089,6.667497934491338,0.0]]],[[[124.975145623730711,6.667504453239368,0.0],[124.975146709937931,6.667775673613616,0.0],[124.975147796190342,6.668046893984756,0.0],[124.975419060152845,6.668045807809873,0.0],[124.975417973751476,6.667774587483319,0.0],[124.975416887395227,6.667503367153658,0.0],[124.975145623730711,6.667504453239368,0.0]]],[[[124.974334295923242,6.668123059312188,0.0],[124.974323392850593,6.66832141892989,0.0],[124.974335089882757,6.668321372117334,0.0],[124.974334295923242,6.668123059312188,0.0]]],[[[124.975147796190342,6.668046893984756,0.0],[124.974876532182734,6.668047980010603,0.0],[124.974877618331419,6.668319200423221,0.0],[124.97487870452531,6.668590420832552,0.0],[124.97514996883082,6.668589334717532,0.0],[124.975421233091197,6.668588248453564,0.0],[124.975420146599419,6.668317028133317,0.0],[124.975148882488071,6.668318114352698,0.0],[124.975147796190342,6.668046893984756,0.0]]],[[[124.975963761476351,6.668586075478786,0.0],[124.975692497306383,6.668587162040649,0.0],[124.975693583992239,6.668858382313201,0.0],[124.975964848311236,6.668857295706752,0.0],[124.975963761476351,6.668586075478786,0.0]]],[[[124.974607440174594,6.668591506798625,0.0],[124.97433617577876,6.668592592615838,0.0],[124.974337261719782,6.668863813111146,0.0],[124.974338347706023,6.669135033603344,0.0],[124.974609612399831,6.669133947697135,0.0],[124.974610698580221,6.669405168141549,0.0],[124.974881963377868,6.669404082041805,0.0],[124.974880877048449,6.669132861641889,0.0],[124.975152141652032,6.669131775437696,0.0],[124.975151055218774,6.668860555079168,0.0],[124.974879790764319,6.668861641238775,0.0],[124.97487870452531,6.668590420832552,0.0],[124.974607440174594,6.668591506798625,0.0]]],[[[124.976779728323862,6.669125255084816,0.0],[124.976508463991536,6.669126342182694,0.0],[124.976509551214733,6.66939756231518,0.0],[124.976780815696102,6.669396475172715,0.0],[124.976779728323862,6.669125255084816,0.0]]],[[[124.97515322813031,6.669402995793114,0.0],[124.975424492837632,6.669401909395476,0.0],[124.975425579510073,6.669673129703111,0.0],[124.975696844321135,6.669672043111938,0.0],[124.975695757499651,6.669400822848801,0.0],[124.975694670723385,6.669129602582555,0.0],[124.975423406210311,6.669130689084644,0.0],[124.975152141652032,6.669131775437696,0.0],[124.97515322813031,6.669402995793114,0.0]]],[[[124.978422553211189,6.672915806565247,0.0],[124.978151287064051,6.672916895181733,0.0],[124.97815237581456,6.67318811500238,0.0],[124.978423642110826,6.673187026341307,0.0],[124.978422553211189,6.672915806565247,0.0]]],[[[124.97897271070471,6.674812166626318,0.0],[124.97870144360455,6.674813255853427,0.0],[124.978702532970033,6.675084475562785,0.0],[124.978973800219407,6.67508338629109,0.0],[124.97897271070471,6.674812166626318,0.0]]],[[[124.977085815720088,6.677803207659481,0.0],[124.977357084732319,6.677802118836227,0.0],[124.977628353699345,6.677801029863848,0.0],[124.977627264477832,6.677529810007496,0.0],[124.97735599566002,6.677530898935289,0.0],[124.977084726796917,6.677531987713956,0.0],[124.977085815720088,6.677803207659481,0.0]]],[[[124.975186931368469,6.67781082524622,0.0],[124.974915661994572,6.677811912876295,0.0],[124.974915740166708,6.67783140391971,0.0],[124.974961711226797,6.678082952899118,0.0],[124.975188019292617,6.678082045500653,0.0],[124.975186931368469,6.67781082524622,0.0]]],[[[124.9787177888402,6.678881551162239,0.0],[124.978716698840913,6.678610331497024,0.0],[124.978445429607433,6.678611421200018,0.0],[124.978446519457421,6.67888264090982,0.0],[124.9787177888402,6.678881551162239,0.0]]],[[[124.976821080256144,6.679431616208196,0.0],[124.976819991210846,6.679160396237003,0.0],[124.976548721362221,6.679161484984939,0.0],[124.976549810258305,6.679432705000807,0.0],[124.976821080256144,6.679431616208196,0.0]]],[[[124.978178519403457,6.679697389752612,0.0],[124.97817742956687,6.679426170007638,0.0],[124.977906159795168,6.679427259546142,0.0],[124.977907249482527,6.679698479335703,0.0],[124.978178519403457,6.679697389752612,0.0]]],[[[124.977634889978248,6.679428348935432,0.0],[124.977363620116108,6.679429438175508,0.0],[124.977364709505053,6.679700658054419,0.0],[124.977635979516393,6.679699568769668,0.0],[124.977634889978248,6.679428348935432,0.0]]],[[[124.975737088487179,6.679707190629789,0.0],[124.975735999993518,6.679435970483358,0.0],[124.975464729814846,6.679437058679203,0.0],[124.975465818159279,6.679708278870131,0.0],[124.975737088487179,6.679707190629789,0.0]]],[[[124.97527660586961,6.679709037818586,0.0],[124.975337212900214,6.679980019292564,0.0],[124.975466906549016,6.67997949905804,0.0],[124.975465818159279,6.679708278870131,0.0],[124.97527660586961,6.679709037818586,0.0]]],[[[124.976551988186088,6.679975145022952,0.0],[124.976553077217801,6.680246365029228,0.0],[124.976824347663381,6.680245276102945,0.0],[124.976823258482369,6.679974056141167,0.0],[124.976822169346647,6.67970283617628,0.0],[124.976550899199594,6.679703925013478,0.0],[124.976551988186088,6.679975145022952,0.0]]],[[[124.976554166294804,6.680517585032484,0.0],[124.976553077217801,6.680246365029228,0.0],[124.976281806727201,6.680247453806385,0.0],[124.976010536191211,6.680248542434328,0.0],[124.976011624969701,6.680519762526758,0.0],[124.976282895654904,6.680518673854228,0.0],[124.976554166294804,6.680517585032484,0.0]]],[[[124.975739265610102,6.680249630913058,0.0],[124.975467994983788,6.680250719242662,0.0],[124.97546908346385,6.680521939424175,0.0],[124.975740354239377,6.680520851050074,0.0],[124.975739265610102,6.680249630913058,0.0]]],[[[124.978182879202279,6.680782268700978,0.0],[124.977911608684508,6.680783358462592,0.0],[124.977912698598089,6.681054578236432,0.0],[124.978183969265174,6.681053488430142,0.0],[124.978455239886955,6.681052398474638,0.0],[124.97845414967486,6.680781178790149,0.0],[124.978182879202279,6.680782268700978,0.0]]],[[[124.977641427885786,6.681055667893419,0.0],[124.977642517695458,6.681326887708736,0.0],[124.977913788556961,6.681325798007074,0.0],[124.977912698598089,6.681054578236432,0.0],[124.977641427885786,6.681055667893419,0.0]]],[[[124.976830883698824,6.68187259580709,0.0],[124.976559612357789,6.68187368500107,0.0],[124.976560701706049,6.682144904985319,0.0],[124.976831973196298,6.682143815746753,0.0],[124.976830883698824,6.68187259580709,0.0]]],[[[124.977105424070587,6.682685166139621,0.0],[124.977104334333319,6.682413946250851,0.0],[124.976833062739061,6.682415035683218,0.0],[124.976834152326944,6.682686255616574,0.0],[124.977105424070587,6.682685166139621,0.0]]],[[[124.977106513853073,6.682956386025194,0.0],[124.977107603680778,6.683227605907569,0.0],[124.977378875677729,6.68322651619214,0.0],[124.977377785700639,6.682955296354263,0.0],[124.977376695768939,6.682684076513365,0.0],[124.977105424070587,6.682685166139621,0.0],[124.977106513853073,6.682956386025194,0.0]]],[[[124.977381055767353,6.683768955858302,0.0],[124.977652328017612,6.683767865904309,0.0],[124.977651237800899,6.683496646117413,0.0],[124.97765014762939,6.683225426327408,0.0],[124.977378875677729,6.68322651619214,0.0],[124.977379965699939,6.683497736026731,0.0],[124.977381055767353,6.683768955858302,0.0]]],[[[124.977652328017612,6.683767865904309,0.0],[124.97765341827963,6.684039085688007,0.0],[124.977924690634069,6.684037995540124,0.0],[124.977923600222752,6.683766775801012,0.0],[124.977652328017612,6.683767865904309,0.0]]],[[[124.978741780275001,6.684848382997353,0.0],[124.978740689279974,6.684577163401593,0.0],[124.978469416762721,6.684578254086646,0.0],[124.978470507608449,6.684849473726993,0.0],[124.978741780275001,6.684848382997353,0.0]]],[[[124.991023392079171,6.635978840829257,0.0],[124.991022302412333,6.635707622726792,0.0],[124.990751058761319,6.635708712194242,0.0],[124.990752148279924,6.635979930341649,0.0],[124.991023392079171,6.635978840829257,0.0]]],[[[124.991301175679382,6.637605059448135,0.0],[124.991300085591092,6.637333841409441,0.0],[124.991028841096323,6.637334931294601,0.0],[124.99102993103628,6.637606149378237,0.0],[124.991301175679382,6.637605059448135,0.0]]],[[[124.989138840849705,6.639512303435589,0.0],[124.989137751629073,6.639241085059653,0.0],[124.988866505732318,6.639242174073066,0.0],[124.988867594804702,6.639513392493854,0.0],[124.989138840849705,6.639512303435589,0.0]]],[[[124.987782610169589,6.639517747244104,0.0],[124.987781521690408,6.639246528643903,0.0],[124.987510275566279,6.639247616915953,0.0],[124.987511363897212,6.639518835561007,0.0],[124.987782610169589,6.639517747244104,0.0]]],[[[124.986432905733722,6.641150500226076,0.0],[124.986431817723428,6.64087928142044,0.0],[124.986160570482227,6.640880369219979,0.0],[124.986161658344201,6.64115158807038,0.0],[124.986432905733722,6.641150500226076,0.0]]],[[[124.986435081890676,6.641692937827668,0.0],[124.986433993789419,6.641421719028426,0.0],[124.986162746251651,6.641422806917583,0.0],[124.98616383420449,6.641694025761677,0.0],[124.986435081890676,6.641692937827668,0.0]]],[[[124.985899114253556,6.6433224268147,0.0],[124.985898026176642,6.64305120794467,0.0],[124.985626777657785,6.643052295805938,0.0],[124.98562786558638,6.643323514720731,0.0],[124.985899114253556,6.6433224268147,0.0]]],[[[124.985903467015703,6.644407302263464,0.0],[124.985902378757061,6.644136083405958,0.0],[124.985631129644645,6.64413717144646,0.0],[124.985632217754969,6.644408390348731,0.0],[124.985903467015703,6.644407302263464,0.0]]],[[[124.982924069608956,6.645504140408129,0.0],[124.982922982801426,6.645232921070741,0.0],[124.982651732596196,6.645234007657828,0.0],[124.982380482345761,6.645235094096589,0.0],[124.982381568856468,6.645506313523417,0.0],[124.982382655412465,6.645777532947137,0.0],[124.982653905959822,6.645776446418936,0.0],[124.982652819255406,6.645505227039981,0.0],[124.982924069608956,6.645504140408129,0.0]]],[[[124.983737820397764,6.645500879621999,0.0],[124.983466570180184,6.645501966699183,0.0],[124.983467657330024,6.645773185943846,0.0],[124.983738907696008,6.645772098821987,0.0],[124.983737820397764,6.645500879621999,0.0]]],[[[124.982112491272687,6.646049838792121,0.0],[124.982111404819719,6.645778619326834,0.0],[124.98211031841214,6.645507399858439,0.0],[124.982109232049851,6.645236180386846,0.0],[124.981848925495797,6.645237222707613,0.0],[124.981838044587548,6.645252966924722,0.0],[124.981839067922508,6.645508486045046,0.0],[124.981840154181683,6.645779705558117,0.0],[124.981841240486148,6.646050925068168,0.0],[124.982112491272687,6.646049838792121,0.0]]],[[[124.985638747370032,6.646035703696449,0.0],[124.985637658987315,6.645764484813008,0.0],[124.985366408939029,6.645765572973859,0.0],[124.985367497173243,6.646036791902152,0.0],[124.985638747370032,6.646035703696449,0.0]]],[[[124.98509624693115,6.646037879959352,0.0],[124.985095158845354,6.645766660986294,0.0],[124.984823908706204,6.645767748850315,0.0],[124.984824996643582,6.646038967868049,0.0],[124.98509624693115,6.646037879959352,0.0]]],[[[124.983198581057465,6.646316711486908,0.0],[124.983197493965363,6.646045492203698,0.0],[124.982926243360183,6.646046579073404,0.0],[124.98292733030388,6.646317798401378,0.0],[124.983198581057465,6.646316711486908,0.0]]],[[[124.984827172654519,6.646581405894278,0.0],[124.984826084626363,6.646310186882762,0.0],[124.984824996643582,6.646038967868049,0.0],[124.984553746310638,6.646040055628419,0.0],[124.984554834144987,6.646311274687897,0.0],[124.98455592202464,6.646582493744178,0.0],[124.984827172654519,6.646581405894278,0.0]]],[[[124.982656079504892,6.646318885167433,0.0],[124.982657166345376,6.646590104537062,0.0],[124.982928417292868,6.646589017726243,0.0],[124.98292733030388,6.646317798401378,0.0],[124.982656079504892,6.646318885167433,0.0]]],[[[124.981572162102481,6.646594450295749,0.0],[124.981573248394525,6.64686566984106,0.0],[124.981844499671695,6.646864583579313,0.0],[124.982115750903574,6.646863497169151,0.0],[124.982114664314622,6.646592277713279,0.0],[124.981843413231161,6.646593364078766,0.0],[124.981842326836002,6.646322144575021,0.0],[124.981841240486148,6.646050925068168,0.0],[124.981569989654403,6.6460520111958,0.0],[124.981326783536986,6.64605298489502,0.0],[124.981298914187661,6.646096902350591,0.0],[124.981299824830202,6.646324316771222,0.0],[124.981571075855754,6.646323230747329,0.0],[124.981572162102481,6.646594450295749,0.0]]],[[[124.988900288126175,6.647649943658061,0.0],[124.989171538622898,6.647648853253583,0.0],[124.989170448037498,6.647377634971883,0.0],[124.988899197689278,6.647378725331508,0.0],[124.988900288126175,6.647649943658061,0.0]]],[[[124.981576507542499,6.647679328457987,0.0],[124.981575421114485,6.647408108922179,0.0],[124.981304169495004,6.647409195124863,0.0],[124.981305255774515,6.647680414705435,0.0],[124.981576507542499,6.647679328457987,0.0]]],[[[124.988900288126175,6.647649943658061,0.0],[124.988629037583962,6.647651033914035,0.0],[124.988630127917929,6.647922252282332,0.0],[124.988901378608546,6.647921161981505,0.0],[124.988900288126175,6.647649943658061,0.0]]],[[[124.988358877181739,6.647923342434745,0.0],[124.988359967412663,6.648194560844787,0.0],[124.988631218297272,6.648193470647521,0.0],[124.988630127917929,6.647922252282332,0.0],[124.988358877181739,6.647923342434745,0.0]]],[[[124.988088716482508,6.648195650893549,0.0],[124.988089806610404,6.648466869345246,0.0],[124.988361057689076,6.648465779251631,0.0],[124.988359967412663,6.648194560844787,0.0],[124.988088716482508,6.648195650893549,0.0]]],[[[124.981579767098225,6.648492987046759,0.0],[124.981578680534327,6.648221767520277,0.0],[124.981307428469421,6.648222853857075,0.0],[124.98130851488483,6.648494073428233,0.0],[124.981579767098225,6.648492987046759,0.0]]],[[[124.988089806610404,6.648466869345246,0.0],[124.987818555486356,6.648467959290358,0.0],[124.987819645511223,6.6487391777838,0.0],[124.988090896783774,6.648738087793835,0.0],[124.988089806610404,6.648466869345246,0.0]]],[[[124.990533247745432,6.648999489243477,0.0],[124.990804498711569,6.648998397723713,0.0],[124.990803407007675,6.64872717972703,0.0],[124.990532156190056,6.64872827120194,0.0],[124.990533247745432,6.648999489243477,0.0]]],[[[124.99026417968409,6.649543016778279,0.0],[124.990535430992793,6.649541925317135,0.0],[124.990534339346368,6.649270707281905,0.0],[124.990533247745432,6.648999489243477,0.0],[124.990261996733821,6.649000580614826,0.0],[124.990263088186168,6.649271798698106,0.0],[124.989991836980494,6.649272889965805,0.0],[124.989992928329912,6.64954410809083,0.0],[124.98999401972479,6.649815326212747,0.0],[124.990265271227571,6.649814234855254,0.0],[124.99026417968409,6.649543016778279,0.0]]],[[[124.982127706373788,6.649846910976174,0.0],[124.98212661928612,6.649575691554941,0.0],[124.982125532243927,6.649304472130511,0.0],[124.981854279675616,6.649305558943106,0.0],[124.981855366569292,6.649576778412212,0.0],[124.981856453508371,6.649847997878209,0.0],[124.982127706373788,6.649846910976174,0.0]]],[[[124.989997294182572,6.650628980559579,0.0],[124.990268546130849,6.650627889067349,0.0],[124.990267454450859,6.650356670999789,0.0],[124.990266362816428,6.65008545292912,0.0],[124.989995111165157,6.650086544331466,0.0],[124.989996202651085,6.650357762447077,0.0],[124.989997294182572,6.650628980559579,0.0]]],[[[124.991084486090529,6.651167049555871,0.0],[124.991083393873907,6.650895831629353,0.0],[124.990812141913551,6.650896923612035,0.0],[124.990813233981669,6.651168141583494,0.0],[124.991084486090529,6.651167049555871,0.0]]],[[[124.984575511620463,6.651464436220142,0.0],[124.984574422923771,6.65119321722035,0.0],[124.984303169723958,6.651194305682915,0.0],[124.984304258272047,6.651465524727471,0.0],[124.984575511620463,6.651464436220142,0.0]]],[[[124.981861888883543,6.651204095161121,0.0],[124.981590635230049,6.651205182138207,0.0],[124.981591722292492,6.65147640163005,0.0],[124.981862976094575,6.651475314608288,0.0],[124.981861888883543,6.651204095161121,0.0]]],[[[124.991356830564712,6.65143717525821,0.0],[124.991085578352809,6.651438267479279,0.0],[124.991086670660565,6.651709485399491,0.0],[124.991357923021056,6.65170839313348,0.0],[124.991356830564712,6.65143717525821,0.0]]],[[[124.981593896553349,6.652018840604321,0.0],[124.981594983751762,6.65229006008675,0.0],[124.981866237999455,6.652288972930873,0.0],[124.982137492201929,6.652287885626404,0.0],[124.982408746358928,6.652286798173344,0.0],[124.98240765871482,6.65201557882503,0.0],[124.982136404706324,6.652016666233416,0.0],[124.982135317256109,6.651745446837229,0.0],[124.981864063350812,6.651746534052259,0.0],[124.981865150652524,6.65201775349312,0.0],[124.981593896553349,6.652018840604321,0.0]]],[[[124.991359015522875,6.651979611005729,0.0],[124.991087763013795,6.651980703316593,0.0],[124.991088855412599,6.652251921230588,0.0],[124.991089947857034,6.652523139141473,0.0],[124.990818695005217,6.652524231393628,0.0],[124.990819787346538,6.652795449346258,0.0],[124.990548534300657,6.652796541494763,0.0],[124.990549626538865,6.653067759489137,0.0],[124.990278373298906,6.653068851533992,0.0],[124.990279465434085,6.653340069570111,0.0],[124.990280557614739,6.653611287603121,0.0],[124.990551811151889,6.653610195468471,0.0],[124.99055290352679,6.653881413453342,0.0],[124.990824157167054,6.653880321125158,0.0],[124.990823064643649,6.653609103185141,0.0],[124.99109431808975,6.653608010753307,0.0],[124.991093225463317,6.653336792855034,0.0],[124.991092132882358,6.653065574953652,0.0],[124.991363385985707,6.65306448246302,0.0],[124.991362293301719,6.652793264603383,0.0],[124.991361200663206,6.652522046740637,0.0],[124.991632453423819,6.652520954191297,0.0],[124.991631360682362,6.652249736370295,0.0],[124.991360108070268,6.652250828874782,0.0],[124.991359015522875,6.651979611005729,0.0]],[[124.990820879733349,6.653066667295691,0.0],[124.990821972165719,6.653337885242014,0.0],[124.990550718822632,6.653338977480403,0.0],[124.990549626538865,6.653067759489137,0.0],[124.990820879733349,6.653066667295691,0.0]]],[[[124.981326990880049,6.653104805656604,0.0],[124.981328078111062,6.653376025171185,0.0],[124.981599332998513,6.653374937985022,0.0],[124.981598245618812,6.653103718515205,0.0],[124.981326990880049,6.653104805656604,0.0]]],[[[124.982419625294114,6.654998991483194,0.0],[124.98241853719658,6.654727772166411,0.0],[124.982147281701984,6.654728860021906,0.0],[124.981876026161999,6.654729947728808,0.0],[124.981874938407046,6.654458728319388,0.0],[124.981873850697482,6.654187508906859,0.0],[124.982145105940191,6.654186421289396,0.0],[124.982144018127244,6.653915201918346,0.0],[124.982142930359672,6.653643982544275,0.0],[124.982141842637503,6.653372763167007,0.0],[124.982140754960611,6.653101543786542,0.0],[124.982139667329037,6.652830324402967,0.0],[124.982410921783313,6.652829236860467,0.0],[124.982409834048426,6.65255801751846,0.0],[124.982138579742738,6.652559105016285,0.0],[124.981867325391761,6.652560192365429,0.0],[124.981596070995479,6.652561279566069,0.0],[124.981597158284501,6.652832499042192,0.0],[124.981598245618812,6.653103718515205,0.0],[124.981869500312357,6.653102631225214,0.0],[124.981870587840646,6.653373850650355,0.0],[124.981871675414325,6.653645070072298,0.0],[124.981872763033209,6.653916289491133,0.0],[124.981601507893885,6.653917376915328,0.0],[124.98160259540947,6.65418859637573,0.0],[124.981603682970444,6.654459815833023,0.0],[124.981604770576723,6.654731035287118,0.0],[124.981605858228377,6.655002254738105,0.0],[124.98133460244911,6.655003342192498,0.0],[124.981335689997394,6.655274561685052,0.0],[124.981606945925236,6.655273474185983,0.0],[124.981878201807888,6.655272386538233,0.0],[124.98214945764515,6.655271298741892,0.0],[124.98214836965083,6.655000079383453,0.0],[124.982419625294114,6.654998991483194,0.0]]],[[[124.989468980336113,6.654156999441327,0.0],[124.989197726319631,6.654158091071403,0.0],[124.98919881804234,6.654429309274499,0.0],[124.98947007220751,6.654428217599571,0.0],[124.989468980336113,6.654156999441327,0.0]]],[[[124.990556180924344,6.654695067389214,0.0],[124.990827435010559,6.654693974926293,0.0],[124.990826342350545,6.65442275699569,0.0],[124.990825249736019,6.654151539061979,0.0],[124.990553995947081,6.654152631435104,0.0],[124.990282742112655,6.654153723659548,0.0],[124.990283834429832,6.654424941683144,0.0],[124.990284926792569,6.654696159703541,0.0],[124.990556180924344,6.654695067389214,0.0]]],[[[124.990286019200866,6.654967377720742,0.0],[124.990284926792569,6.654696159703541,0.0],[124.990013672615305,6.654697251869188,0.0],[124.990014764874928,6.654968469931331,0.0],[124.990286019200866,6.654967377720742,0.0]]],[[[124.990286019200866,6.654967377720742,0.0],[124.990287111654638,6.655238595734834,0.0],[124.99055836608369,6.6552375033308,0.0],[124.99055727348123,6.654966285361561,0.0],[124.990286019200866,6.654967377720742,0.0]]],[[[124.990016949530755,6.6555109060462,0.0],[124.990015857180111,6.655239687990364,0.0],[124.990014764874928,6.654968469931331,0.0],[124.989743510503516,6.654969561993238,0.0],[124.989744602660011,6.655240780097125,0.0],[124.989745694861995,6.655511998197903,0.0],[124.990016949530755,6.6555109060462,0.0]]],[[[124.988931930582822,6.655515273761279,0.0],[124.988930838826903,6.655244055525853,0.0],[124.988929747116359,6.654972837287318,0.0],[124.988658492562962,6.654973928754768,0.0],[124.988659584124818,6.655245147038156,0.0],[124.988388329377273,6.655246238401777,0.0],[124.988117074584238,6.655247329616807,0.0],[124.988118165894306,6.655518547986792,0.0],[124.988389420836015,6.655517456726909,0.0],[124.988660675732163,6.655516365318435,0.0],[124.988661767385054,6.655787583595427,0.0],[124.988933022384415,6.655786491993418,0.0],[124.988931930582822,6.655515273761279,0.0]]],[[[124.985947034603825,6.655256053986034,0.0],[124.985675779401788,6.655257143863289,0.0],[124.985676869373904,6.655528362636685,0.0],[124.985948124724615,6.655527272714576,0.0],[124.985947034603825,6.655256053986034,0.0]]],[[[124.988118165894306,6.655518547986792,0.0],[124.987846910907209,6.655519639097993,0.0],[124.987848002114063,6.655790857509634,0.0],[124.988119257249849,6.655789766353579,0.0],[124.988118165894306,6.655518547986792,0.0]]],[[[124.985134358536314,6.655530542034946,0.0],[124.984863103049435,6.6555316315111,0.0],[124.984864192620989,6.65580285041568,0.0],[124.985135448256543,6.655801760894762,0.0],[124.985134358536314,6.655530542034946,0.0]]],[[[124.982964313370445,6.655539253682083,0.0],[124.982693057520478,6.655540341969144,0.0],[124.982694145902755,6.655811561231748,0.0],[124.982965401901311,6.655810472900012,0.0],[124.982964313370445,6.655539253682083,0.0]]],[[[124.987577838036472,6.656063166970481,0.0],[124.987849093366307,6.656062075918165,0.0],[124.987848002114063,6.655790857509634,0.0],[124.987576746932731,6.655791948517096,0.0],[124.987305491706095,6.655793039375877,0.0],[124.987306582661063,6.656064257874115,0.0],[124.987577838036472,6.656063166970481,0.0]]],[[[124.980524096282309,6.655820262534182,0.0],[124.980525183520527,6.656091482151347,0.0],[124.980796440030304,6.656090394964118,0.0],[124.98106769649489,6.656089307628297,0.0],[124.98106660895931,6.655818088100482,0.0],[124.980795352643412,6.655819175391628,0.0],[124.980524096282309,6.655820262534182,0.0]]],[[[124.987035327240179,6.656065348629068,0.0],[124.987036418091947,6.656336567168961,0.0],[124.987307673661419,6.656335476369155,0.0],[124.987306582661063,6.656064257874115,0.0],[124.987035327240179,6.656065348629068,0.0]]],[[[124.98025501410018,6.656363788848627,0.0],[124.980526270804035,6.656362701765404,0.0],[124.980525183520527,6.656091482151347,0.0],[124.980253926965347,6.656092569189895,0.0],[124.979982670364961,6.656093656079762,0.0],[124.979983757351107,6.656364875783169,0.0],[124.98025501410018,6.656363788848627,0.0]]],[[[124.984053693090829,6.656619775184578,0.0],[124.98405260382917,6.656348556155032,0.0],[124.983781347714711,6.656349645170931,0.0],[124.983782436827681,6.656620864245153,0.0],[124.984053693090829,6.656619775184578,0.0]]],[[[124.97971358743942,6.656637182314005,0.0],[124.979984844382557,6.656636095483379,0.0],[124.979983757351107,6.656364875783169,0.0],[124.979712500556658,6.656365962569031,0.0],[124.979441243717005,6.6563670492063,0.0],[124.979442330451093,6.65663826899586,0.0],[124.97971358743942,6.656637182314005,0.0]]],[[[124.98378461518989,6.65716330238427,0.0],[124.984055871750385,6.657162213234078,0.0],[124.984054782397962,6.656890994210927,0.0],[124.983783525986141,6.656892083316266,0.0],[124.98351226952893,6.656893172272924,0.0],[124.983513358583906,6.657164391385693,0.0],[124.98378461518989,6.65716330238427,0.0]]],[[[124.983243190884409,6.657436699392769,0.0],[124.983242101932731,6.657165480238434,0.0],[124.982970845236068,6.657166568942583,0.0],[124.982971934039071,6.657437788141594,0.0],[124.983243190884409,6.657436699392769,0.0]]],[[[124.97917324672396,6.657181795188092,0.0],[124.979174333445172,6.657453015012913,0.0],[124.97944559092484,6.657451928345712,0.0],[124.979446677840031,6.657723148122749,0.0],[124.979717935423182,6.657722061262192,0.0],[124.979716848359317,6.657450841529831,0.0],[124.979715761340756,6.65717962179436,0.0],[124.979714674367486,6.656908402055781,0.0],[124.979443417230371,6.656909488782312,0.0],[124.979444504055053,6.657180708565567,0.0],[124.97917324672396,6.657181795188092,0.0]]],[[[124.985686681166783,6.657969331455669,0.0],[124.985685590785934,6.657698112710695,0.0],[124.985684500450475,6.657426893962435,0.0],[124.9854132440136,6.657427984049389,0.0],[124.98514198753135,6.657429073987751,0.0],[124.985143077569361,6.657700292825539,0.0],[124.9854143342003,6.657699202842502,0.0],[124.985415424432475,6.657970421632329,0.0],[124.985686681166783,6.657969331455669,0.0]]],[[[124.982700677148344,6.657438876741737,0.0],[124.982701765848049,6.657710095982403,0.0],[124.982430508763343,6.657711184478541,0.0],[124.982431597359579,6.657982403760774,0.0],[124.982702854593057,6.657981315219872,0.0],[124.982974111781147,6.657980226530289,0.0],[124.982973022887464,6.657709007337496,0.0],[124.982971934039071,6.657437788141594,0.0],[124.982700677148344,6.657438876741737,0.0]]],[[[124.985415424432475,6.657970421632329,0.0],[124.985144167652763,6.657971511660219,0.0],[124.985145257781639,6.658242730491701,0.0],[124.985416514710025,6.658241640419047,0.0],[124.985415424432475,6.657970421632329,0.0]]],[[[124.979448851806097,6.658265587667231,0.0],[124.979447764800412,6.6579943678965,0.0],[124.979176507023283,6.657995454653052,0.0],[124.979177593880294,6.658266674468369,0.0],[124.979448851806097,6.658265587667231,0.0]]],[[[124.979177593880294,6.658266674468369,0.0],[124.978906335909187,6.658267761120826,0.0],[124.97890742266263,6.658538980977711,0.0],[124.979178680782496,6.658537894280578,0.0],[124.979177593880294,6.658266674468369,0.0]]],[[[124.982433774688204,6.658524842315825,0.0],[124.982432686001204,6.658253623039898,0.0],[124.982161428573747,6.658254711476794,0.0],[124.981890171100815,6.658255799765009,0.0],[124.981891259490382,6.658527019130376,0.0],[124.981892347925225,6.658798238492634,0.0],[124.982163605695519,6.658797150114979,0.0],[124.982162517111988,6.658525930797485,0.0],[124.982433774688204,6.658524842315825,0.0]]],[[[124.985145257781639,6.658242730491701,0.0],[124.984874000807778,6.658243820415763,0.0],[124.984602743788528,6.658244910190967,0.0],[124.984331486723988,6.658245999817578,0.0],[124.984332576452033,6.658517218780333,0.0],[124.984061319193245,6.658518308302939,0.0],[124.984062408817991,6.658789527307261,0.0],[124.984333666225453,6.658788437739891,0.0],[124.984334756044362,6.659059656696251,0.0],[124.984335845908561,6.659330875649592,0.0],[124.984607103568095,6.659329785843924,0.0],[124.984606013555123,6.659058566935347,0.0],[124.984877271020508,6.659057477025763,0.0],[124.984876180904237,6.658786258158931,0.0],[124.98487509083327,6.658515039288901,0.0],[124.985146347955819,6.658513949320075,0.0],[124.985145257781639,6.658242730491701,0.0]]],[[[124.979723371421585,6.659078159876572,0.0],[124.979722284131327,6.65880694016002,0.0],[124.979721196886359,6.658535720440271,0.0],[124.979449938857087,6.658536807434765,0.0],[124.979178680782496,6.658537894280578,0.0],[124.979179767730017,6.658809114089679,0.0],[124.979180854722728,6.659080333895582,0.0],[124.979181941760743,6.659351553698287,0.0],[124.97945320028154,6.659350466718537,0.0],[124.979452113094851,6.659079246960418,0.0],[124.979723371421585,6.659078159876572,0.0]]],[[[124.983250814816472,6.65933523338492,0.0],[124.983249725547267,6.659064014252611,0.0],[124.982978467809573,6.659065103269843,0.0],[124.982707210026575,6.659066192138394,0.0],[124.982708298998247,6.659337411360231,0.0],[124.982437041021186,6.659338500124776,0.0],[124.982435952198202,6.659067280858264,0.0],[124.982164694324439,6.659068369429364,0.0],[124.981893436405386,6.659069457851694,0.0],[124.981622178441029,6.659070546125343,0.0],[124.981621090109556,6.658799326721607,0.0],[124.981349832248668,6.658800414801811,0.0],[124.981350920431282,6.659071634250311,0.0],[124.981352008659371,6.659342853695613,0.0],[124.981623266817792,6.65934176552597,0.0],[124.981624355239859,6.659612984923489,0.0],[124.981895613501749,6.6596118965604,0.0],[124.982166871718263,6.65961080804863,0.0],[124.982438129889474,6.659609719388091,0.0],[124.982709388015394,6.659608630578782,0.0],[124.982980646095925,6.659607541620791,0.0],[124.982981735307135,6.659878760791469,0.0],[124.98325299349105,6.659877671640033,0.0],[124.983251904131151,6.659606452514031,0.0],[124.983523162120918,6.659605363258589,0.0],[124.983794420065379,6.659604273854289,0.0],[124.98379550972281,6.659875492890763,0.0],[124.984066767770656,6.659874403293107,0.0],[124.984065677964452,6.659603184301397,0.0],[124.984064588203552,6.65933196530649,0.0],[124.983793330453238,6.659333054814707,0.0],[124.98352207265755,6.659334144174154,0.0],[124.983250814816472,6.65933523338492,0.0]]],[[[124.979183028844062,6.659622773497973,0.0],[124.978911770129272,6.659623860373629,0.0],[124.978912857109023,6.659895080214704,0.0],[124.979184115972672,6.659893993294372,0.0],[124.979183028844062,6.659622773497973,0.0]]],[[[124.981624355239859,6.659612984923489,0.0],[124.981353096932665,6.659614073137807,0.0],[124.981081838580167,6.659615161203445,0.0],[124.981082926749991,6.659886380687117,0.0],[124.981084014965191,6.660157600167769,0.0],[124.981355273615222,6.66015651201278,0.0],[124.981626532219963,6.660155423709022,0.0],[124.981625443707216,6.65988420431781,0.0],[124.981624355239859,6.659612984923489,0.0]]],[[[124.991120554787543,6.660117239366845,0.0],[124.991119461068024,6.659846021544156,0.0],[124.990848204202081,6.659847115009119,0.0],[124.990849297772826,6.66011833287675,0.0],[124.991120554787543,6.660117239366845,0.0]]],[[[124.990306783606783,6.660120519450339,0.0],[124.990578040712549,6.660119426237885,0.0],[124.990576947290663,6.659848208325401,0.0],[124.990305690333585,6.659849301492913,0.0],[124.990306783606783,6.660120519450339,0.0]]],[[[124.982710477077831,6.659879849794224,0.0],[124.982439218803236,6.659880938648297,0.0],[124.982440307762204,6.660152157905306,0.0],[124.982711566185657,6.660151069006557,0.0],[124.982710477077831,6.659879849794224,0.0]]],[[[124.979455374791002,6.659892906225271,0.0],[124.979184115972672,6.659893993294372,0.0],[124.979185203146486,6.660165213087663,0.0],[124.979456462113589,6.660164125973975,0.0],[124.979455374791002,6.659892906225271,0.0]]],[[[124.990306783606783,6.660120519450339,0.0],[124.990035526455472,6.660121612513934,0.0],[124.990036619625386,6.660392830513193,0.0],[124.990307876925471,6.660391737404567,0.0],[124.990306783606783,6.660120519450339,0.0]]],[[[124.987596393753705,6.660673880196275,0.0],[124.987867651612007,6.660672788381636,0.0],[124.987866559586777,6.660401570026573,0.0],[124.987595301877249,6.660402661796359,0.0],[124.987596393753705,6.660673880196275,0.0]]],[[[124.990036619625386,6.660392830513193,0.0],[124.989765362279726,6.66039392347296,0.0],[124.989766455346427,6.660665141513875,0.0],[124.989495197806534,6.660666234369814,0.0],[124.989496290769949,6.660937452452562,0.0],[124.989767548458616,6.660936359551681,0.0],[124.990038806101708,6.660935266502119,0.0],[124.99003771284076,6.660664048509166,0.0],[124.990036619625386,6.660392830513193,0.0]]],[[[124.98732513585,6.660674971862144,0.0],[124.987326227623171,6.660946190303627,0.0],[124.987597485675636,6.660945098592994,0.0],[124.987596393753705,6.660673880196275,0.0],[124.98732513585,6.660674971862144,0.0]]],[[[124.985698678353771,6.660952737443879,0.0],[124.985697587473311,6.660681518733456,0.0],[124.985426329251567,6.660682609358024,0.0],[124.985427419983239,6.660953828113212,0.0],[124.985698678353771,6.660952737443879,0.0]]],[[[124.980004418691934,6.661518049549717,0.0],[124.980003330845406,6.661246829906085,0.0],[124.980002243044083,6.660975610259343,0.0],[124.980001155288065,6.660704390609493,0.0],[124.98000006757735,6.660433170956446,0.0],[124.979728808552068,6.660434258412349,0.0],[124.979727721035403,6.660163038711517,0.0],[124.979456462113589,6.660164125973975,0.0],[124.979457549481481,6.660435345719482,0.0],[124.979186290365604,6.660436432877845,0.0],[124.979187377630012,6.660707652664919,0.0],[124.979458636894663,6.66070656546188,0.0],[124.979459724353049,6.660977785201081,0.0],[124.97946081185674,6.661249004937173,0.0],[124.979732071373718,6.661247917496014,0.0],[124.979733159071472,6.661519137184322,0.0],[124.980004418691934,6.661518049549717,0.0]]],[[[124.98081166820343,6.65988746864866,0.0],[124.980540409611493,6.659888556461522,0.0],[124.98054149752916,6.660159776031525,0.0],[124.980542585492117,6.66043099559833,0.0],[124.980543673500378,6.660702215162027,0.0],[124.980814932538635,6.660701127215138,0.0],[124.98081602074096,6.660972346731051,0.0],[124.980817108988589,6.661243566243766,0.0],[124.980818197281593,6.661514785753284,0.0],[124.98054693779703,6.661515873834198,0.0],[124.980548025986479,6.661787093385283,0.0],[124.980276766307767,6.661788181362103,0.0],[124.980275678267091,6.661516961766343,0.0],[124.980004418691934,6.661518049549717,0.0],[124.980005506583836,6.661789269190153,0.0],[124.980006594520958,6.662060488827479,0.0],[124.980277854393748,6.662059400954754,0.0],[124.980549114221233,6.662058312933259,0.0],[124.980820374003429,6.662057224762905,0.0],[124.980819285619816,6.661786005259693,0.0],[124.981090545207948,6.661784916985245,0.0],[124.981361804750676,6.661783828562116,0.0],[124.981360716114835,6.661512609145146,0.0],[124.981359627524284,6.661241389724979,0.0],[124.981358538979023,6.660970170301614,0.0],[124.981357450479166,6.660698950875141,0.0],[124.981086191531503,6.660700039119569,0.0],[124.981085103225695,6.660428819645223,0.0],[124.980813844381601,6.660429907696117,0.0],[124.98081275626987,6.660158688173987,0.0],[124.98081166820343,6.65988746864866,0.0]]],[[[124.988954867967436,6.661210855977182,0.0],[124.988955960724255,6.66148207414333,0.0],[124.989227218801503,6.661480981450283,0.0],[124.989498476833276,6.661479888608377,0.0],[124.989497383778826,6.661208670532024,0.0],[124.989226125895911,6.661209763328988,0.0],[124.988954867967436,6.661210855977182,0.0]]],[[[124.987057152910253,6.661489718828926,0.0],[124.987056061195005,6.661218500348896,0.0],[124.986784802902733,6.661219591806842,0.0],[124.986785894469207,6.661490810331814,0.0],[124.987057152910253,6.661489718828926,0.0]]],[[[124.985156161567247,6.660954918633863,0.0],[124.985157252195549,6.661226137430707,0.0],[124.985158342869227,6.661497356224531,0.0],[124.985159433588308,6.661768575015068,0.0],[124.985430692450691,6.661767484360124,0.0],[124.985429601582766,6.661496265614351,0.0],[124.985428510760315,6.66122504686538,0.0],[124.985427419983239,6.660953828113212,0.0],[124.985156161567247,6.660954918633863,0.0]]],[[[124.988684702601546,6.661483166687607,0.0],[124.988685795255066,6.661754384895411,0.0],[124.988957053526548,6.661753292306281,0.0],[124.988955960724255,6.66148207414333,0.0],[124.988684702601546,6.661483166687607,0.0]]],[[[124.988685795255066,6.661754384895411,0.0],[124.988414536938009,6.661755477335771,0.0],[124.988415629488244,6.662026695585319,0.0],[124.988686887953975,6.662025603100106,0.0],[124.988685795255066,6.661754384895411,0.0]]],[[[124.986245560124928,6.662035430110778,0.0],[124.986244468765207,6.661764211502494,0.0],[124.985973210039148,6.661765302603837,0.0],[124.98597430125001,6.662036521256884,0.0],[124.986245560124928,6.662035430110778,0.0]]],[[[124.987060428328675,6.662303374250276,0.0],[124.987061520225737,6.662574592717783,0.0],[124.987332779216473,6.662573500886801,0.0],[124.987604038161834,6.66257240890705,0.0],[124.987875297061706,6.662571316778529,0.0],[124.987874204718153,6.662300098445582,0.0],[124.98760294596714,6.66230119052925,0.0],[124.987601853817921,6.662029972148251,0.0],[124.987330595170206,6.662031064038385,0.0],[124.987331687170652,6.662302282464148,0.0],[124.987060428328675,6.662303374250276,0.0]]],[[[124.984618006194268,6.662041974755604,0.0],[124.984346747046956,6.662043065009002,0.0],[124.984347837410397,6.662314283927615,0.0],[124.984348927819227,6.662585502843119,0.0],[124.984350018273531,6.662856721755515,0.0],[124.984621277867333,6.662855631367823,0.0],[124.984620187264269,6.662584412500192,0.0],[124.984619096706581,6.662313193629541,0.0],[124.984618006194268,6.662041974755604,0.0]]],[[[124.988417814725025,6.662569132075,0.0],[124.988146555916103,6.66257022450115,0.0],[124.988147648453904,6.662841442786136,0.0],[124.988418907411599,6.662840350315133,0.0],[124.988417814725025,6.662569132075,0.0]]],[[[124.986520093752659,6.662847994487273,0.0],[124.98651900210784,6.662576775933258,0.0],[124.98624774298068,6.66257786731784,0.0],[124.98624883447674,6.66284908591662,0.0],[124.986520093752659,6.662847994487273,0.0]]],[[[124.983807498949659,6.66285890208441,0.0],[124.983806408793072,6.662587683082575,0.0],[124.983535149211974,6.662588772979103,0.0],[124.983536239219788,6.662859992025703,0.0],[124.983807498949659,6.66285890208441,0.0]]],[[[124.988691259204799,6.663110475887444,0.0],[124.988690166323906,6.662839257695272,0.0],[124.988418907411599,6.662840350315133,0.0],[124.988420000143719,6.663111568552069,0.0],[124.988691259204799,6.663110475887444,0.0]]],[[[124.983264979444428,6.662861081818137,0.0],[124.982993719623778,6.662862171461801,0.0],[124.982994809379178,6.66313339059482,0.0],[124.983266069348687,6.663132300906391,0.0],[124.983264979444428,6.662861081818137,0.0]]],[[[124.981367248609828,6.663139925599979,0.0],[124.981638508851375,6.663138836804525,0.0],[124.981909769047647,6.663137747860213,0.0],[124.981908679887496,6.662866528548315,0.0],[124.981637419840098,6.662867617447952,0.0],[124.981366159747395,6.66286870619873,0.0],[124.981094899609317,6.66286979480065,0.0],[124.981095988322963,6.663141014246663,0.0],[124.981367248609828,6.663139925599979,0.0]]],[[[124.989233777190535,6.663108290111617,0.0],[124.988962518220404,6.663109383073871,0.0],[124.988691259204799,6.663110475887444,0.0],[124.988692352131167,6.663381694076329,0.0],[124.988963611295631,6.663380601217992,0.0],[124.98923487041462,6.663379508210796,0.0],[124.989233777190535,6.663108290111617,0.0]]],[[[124.980824727990822,6.663142102744488,0.0],[124.980823639426021,6.662870883253889,0.0],[124.980552379197349,6.66287197155818,0.0],[124.980553467613277,6.663143191093543,0.0],[124.980282207190442,6.663144279293829,0.0],[124.9802832955029,6.663415498870671,0.0],[124.980012034886002,6.663416586966773,0.0],[124.980010946722402,6.663145367345167,0.0],[124.980009858604092,6.662874147720452,0.0],[124.979738598239521,6.662875235578434,0.0],[124.979467337829746,6.662876323287557,0.0],[124.979468425650339,6.663147543001533,0.0],[124.979469513516221,6.66341876271249,0.0],[124.979198252763425,6.663419850362104,0.0],[124.979199340525753,6.66369107011445,0.0],[124.978928079578893,6.663692157659882,0.0],[124.978929167237652,6.663963377453794,0.0],[124.979200428333371,6.663962289863687,0.0],[124.979471689383885,6.663961202124811,0.0],[124.979742950389095,6.663960114236986,0.0],[124.980014211349015,6.663959026200392,0.0],[124.980013123094821,6.663687806585181,0.0],[124.980284383860578,6.663686718444404,0.0],[124.980555644581131,6.663685630154856,0.0],[124.980554556074509,6.663414410625799,0.0],[124.980825816600913,6.663413322232068,0.0],[124.981097077081913,6.663412233689479,0.0],[124.981095988322963,6.663141014246663,0.0],[124.980824727990822,6.663142102744488,0.0]],[[124.979740774223714,6.663417674914016,0.0],[124.97974186228376,6.6636888945771,0.0],[124.979470601427408,6.663689982420249,0.0],[124.979469513516221,6.66341876271249,0.0],[124.979740774223714,6.663417674914016,0.0]]],[[[124.980829082703053,6.664226980675712,0.0],[124.980827993956979,6.663955761197635,0.0],[124.980556733132957,6.663956849680717,0.0],[124.980557821730073,6.664228069203468,0.0],[124.980829082703053,6.664226980675712,0.0]]],[[[124.978931342690899,6.664505817032116,0.0],[124.979202604084421,6.664504729352747,0.0],[124.979203692027838,6.66477594909257,0.0],[124.979474953524843,6.664774861219667,0.0],[124.979473865432553,6.66450364152452,0.0],[124.979472777385567,6.664232421826264,0.0],[124.979201516186293,6.664233509609816,0.0],[124.978930254941631,6.664234597244509,0.0],[124.978658993651749,6.664235684730433,0.0],[124.978660081252158,6.664506904562715,0.0],[124.978931342690899,6.664505817032116,0.0]]],[[[124.980559999060304,6.664770508239557,0.0],[124.980558910372594,6.664499288723111,0.0],[124.98028764920555,6.664500377146685,0.0],[124.980288737744402,6.664771596707895,0.0],[124.980559999060304,6.664770508239557,0.0]]],[[[124.989783950602259,6.66500462974041,0.0],[124.989782856807423,6.664733411749855,0.0],[124.989511597035261,6.664734505279122,0.0],[124.989512690681153,6.66500572331453,0.0],[124.989783950602259,6.66500462974041,0.0]]],[[[124.980289826328658,6.665042816265907,0.0],[124.980288737744402,6.664771596707895,0.0],[124.98001747638321,6.664772685027285,0.0],[124.979746214976629,6.664773773197905,0.0],[124.979747303263068,6.665044992845268,0.0],[124.980018564818508,6.665043904629973,0.0],[124.980289826328658,6.665042816265907,0.0]]],[[[124.989243617845233,6.665549252890988,0.0],[124.988972357535374,6.665550346257185,0.0],[124.988973451020044,6.665821564372885,0.0],[124.989244711478861,6.665820470961745,0.0],[124.989243617845233,6.665549252890988,0.0]]],[[[124.991147912574505,6.666897683910453,0.0],[124.991146817716526,6.666626466166456,0.0],[124.991145722904022,6.66635524841944,0.0],[124.991144628137164,6.666084030669137,0.0],[124.990873367848181,6.666085125167318,0.0],[124.990874462466081,6.666356342962474,0.0],[124.990875557129641,6.666627560754432,0.0],[124.990876651838775,6.666898778543282,0.0],[124.991147912574505,6.666897683910453,0.0]]],[[[124.989519253512498,6.666633031460809,0.0],[124.989247992652494,6.666634125155455,0.0],[124.989249086468121,6.666905343213689,0.0],[124.989520347476969,6.66690424947419,0.0],[124.989519253512498,6.666633031460809,0.0]]],[[[124.991147912574505,6.666897683910453,0.0],[124.991149007478057,6.667168901651164,0.0],[124.991420268317185,6.667167806824534,0.0],[124.991419173264688,6.666896589128677,0.0],[124.991147912574505,6.666897683910453,0.0]]],[[[124.988981106686637,6.667720091094673,0.0],[124.989252368187806,6.667718997369474,0.0],[124.98925127423577,6.667447779320654,0.0],[124.989250180329208,6.667176561268726,0.0],[124.988978919125842,6.667177654904219,0.0],[124.988980012883545,6.667448873001001,0.0],[124.988981106686637,6.667720091094673,0.0]]],[[[124.979215662393159,6.667759366022517,0.0],[124.979214573951737,6.667488146317333,0.0],[124.978943310920329,6.667489234487953,0.0],[124.978944399212807,6.667760454237723,0.0],[124.979215662393159,6.667759366022517,0.0]]],[[[124.991152292461891,6.667982554854555,0.0],[124.991151197421743,6.667711337123259,0.0],[124.990879936239168,6.667712431890913,0.0],[124.990881031130371,6.667983649667151,0.0],[124.991152292461891,6.667982554854555,0.0]]],[[[124.990882126067135,6.668254867440191,0.0],[124.990610864541182,6.668255962148781,0.0],[124.990611959374561,6.668527179963566,0.0],[124.990883221049458,6.668526085210122,0.0],[124.990882126067135,6.668254867440191,0.0]]],[[[124.986002688678056,6.6690882051306,0.0],[124.985731425886542,6.669089297292872,0.0],[124.985732518175027,6.669360515905685,0.0],[124.9860037811154,6.669359423698649,0.0],[124.986002688678056,6.6690882051306,0.0]]],[[[124.990348361719569,6.670426799498039,0.0],[124.990347266716455,6.670155581660429,0.0],[124.990076004056647,6.670156676385361,0.0],[124.990077098910731,6.670427894268003,0.0],[124.990348361719569,6.670426799498039,0.0]]],[[[124.991434508144181,6.670693636583622,0.0],[124.991705770874333,6.67069254102389,0.0],[124.991704675080655,6.67042132341392,0.0],[124.991703579332622,6.670150105800841,0.0],[124.991702483630078,6.669878888184653,0.0],[124.991431221347042,6.669879983609559,0.0],[124.991430125839003,6.669608765945232,0.0],[124.991158863659351,6.669609861176249,0.0],[124.991159959018262,6.669881078885518,0.0],[124.991161054422832,6.670152296591589,0.0],[124.991432316900472,6.670151201270689,0.0],[124.991433412499546,6.67042241892871,0.0],[124.991162149872878,6.670423514294552,0.0],[124.991163245368483,6.670694731994318,0.0],[124.991164340909648,6.670965949690975,0.0],[124.991165436496374,6.671237167384434,0.0],[124.991436699570073,6.671236071883855,0.0],[124.991435603834304,6.670964854235248,0.0],[124.991434508144181,6.670693636583622,0.0]]],[[[124.9841103972323,6.67072316037983,0.0],[124.984109305610843,6.670451941514064,0.0],[124.983838041756528,6.670453032857435,0.0],[124.98383913322904,6.670724251767965,0.0],[124.9841103972323,6.67072316037983,0.0]]],[[[124.984925281083633,6.670991104049748,0.0],[124.985196545054293,6.670990012020881,0.0],[124.985195452791388,6.670718793337369,0.0],[124.984924188969671,6.670719885321472,0.0],[124.984652925102665,6.670720977156628,0.0],[124.984654017067484,6.670992195929579,0.0],[124.984925281083633,6.670991104049748,0.0]]],[[[124.983298787571485,6.67126887208783,0.0],[124.983297696306366,6.670997653094077,0.0],[124.983026432017908,6.670998744080046,0.0],[124.983027523134169,6.671269963118474,0.0],[124.983298787571485,6.67126887208783,0.0]]],[[[124.983027523134169,6.671269963118474,0.0],[124.982756258651392,6.671271054000081,0.0],[124.982757349663913,6.671542273080164,0.0],[124.983028614295733,6.671541182153704,0.0],[124.983027523134169,6.671269963118474,0.0]]],[[[124.987641199831032,6.671793831877868,0.0],[124.987912463794416,6.671792738224522,0.0],[124.988183727712325,6.671791644422229,0.0],[124.988182633673858,6.671520426241249,0.0],[124.987911369904992,6.671521519998689,0.0],[124.987640106090652,6.671522613607181,0.0],[124.987641199831032,6.671793831877868,0.0]]],[[[124.987099765255735,6.672067237094645,0.0],[124.987371029459098,6.672066143694431,0.0],[124.987369935822272,6.671794925382177,0.0],[124.987368842230836,6.671523707066638,0.0],[124.987640106090652,6.671522613607181,0.0],[124.987639012395647,6.671251395333386,0.0],[124.987367748684861,6.67125248874799,0.0],[124.987096484928699,6.671253582013645,0.0],[124.987097578325532,6.671524800377147,0.0],[124.987098671767939,6.67179601873745,0.0],[124.987099765255735,6.672067237094645,0.0]]],[[[124.988184821796352,6.672062862599923,0.0],[124.988456085817816,6.672061768603741,0.0],[124.98845499158476,6.671790550470811,0.0],[124.988183727712325,6.671791644422229,0.0],[124.988184821796352,6.672062862599923,0.0]]],[[[124.982759531825025,6.67208471123065,0.0],[124.982758440721824,6.671813492156962,0.0],[124.98248717589567,6.67181458297915,0.0],[124.982488266849842,6.672085802097514,0.0],[124.982759531825025,6.67208471123065,0.0]]],[[[124.980589410754192,6.672093433992985,0.0],[124.980588320843182,6.671822214561627,0.0],[124.980317055654467,6.671823304191702,0.0],[124.980318145416348,6.672094523667735,0.0],[124.980589410754192,6.672093433992985,0.0]]],[[[124.980045790420377,6.671824393672741,0.0],[124.979774525141067,6.671825483004743,0.0],[124.979775614604875,6.672096702570038,0.0],[124.980046880033214,6.672095613193449,0.0],[124.980045790420377,6.671824393672741,0.0]]],[[[124.990624005546437,6.671510575718806,0.0],[124.990625100926223,6.671781793495755,0.0],[124.990626196351485,6.672053011269594,0.0],[124.990627291822307,6.672324229040236,0.0],[124.990356028015867,6.672325324273474,0.0],[124.990357123383134,6.672596542085949,0.0],[124.990628387338617,6.67259544680777,0.0],[124.990899651248611,6.672594351380643,0.0],[124.990898555583186,6.672323133658051,0.0],[124.990897459963321,6.672051915932262,0.0],[124.99089636438903,6.671780698203365,0.0],[124.991167627806362,6.671779602761938,0.0],[124.991166532128588,6.671508385074785,0.0],[124.990895268860299,6.671509480471269,0.0],[124.990624005546437,6.671510575718806,0.0]]],[[[124.990083668991119,6.672055201497238,0.0],[124.99008257386393,6.671783983633603,0.0],[124.989811310264528,6.671785078478973,0.0],[124.989540046619553,6.671786173175396,0.0],[124.989541141448669,6.672057391128736,0.0],[124.989542236323345,6.672328609079057,0.0],[124.989813500266308,6.672327514292928,0.0],[124.989812405242674,6.672056296387461,0.0],[124.990083668991119,6.672055201497238,0.0]]],[[[124.982217001829341,6.672086892815341,0.0],[124.982218092679872,6.672358111975361,0.0],[124.982489357849389,6.672357021212769,0.0],[124.982488266849842,6.672085802097514,0.0],[124.982217001829341,6.672086892815341,0.0]]],[[[124.987372123141398,6.672337362003664,0.0],[124.987100858788992,6.672338455448643,0.0],[124.987101952367738,6.672609673799532,0.0],[124.987373216869173,6.6726085803097,0.0],[124.987372123141398,6.672337362003664,0.0]]],[[[124.983032979395489,6.672626058263273,0.0],[124.983031888052551,6.672354839240566,0.0],[124.982760622973629,6.67235593030123,0.0],[124.982761714167609,6.672627149368613,0.0],[124.983032979395489,6.672626058263273,0.0]]],[[[124.981950099841285,6.673172860184171,0.0],[124.981949009003813,6.672901640988891,0.0],[124.981677743445445,6.672902731542849,0.0],[124.981678834133874,6.673173950782805,0.0],[124.981950099841285,6.673172860184171,0.0]]],[[[124.990630578507904,6.673137882333422,0.0],[124.990359314254263,6.673138977701396,0.0],[124.990360409758125,6.673410195504368,0.0],[124.990631674160809,6.673409100091452,0.0],[124.990902938518005,6.673408004529588,0.0],[124.990901842715971,6.673136786816412,0.0],[124.990630578507904,6.673137882333422,0.0]]],[[[124.99008914530998,6.673411290768159,0.0],[124.990090240710288,6.673682508612875,0.0],[124.990361505307561,6.673681413304142,0.0],[124.990360409758125,6.673410195504368,0.0],[124.99008914530998,6.673411290768159,0.0]]],[[[124.989818976067539,6.673683603772571,0.0],[124.989547711379231,6.673684698783231,0.0],[124.989548806526841,6.673955916714545,0.0],[124.989820071364278,6.673954821659032,0.0],[124.989818976067539,6.673683603772571,0.0]]],[[[124.988735011741682,6.673959200986688,0.0],[124.988733917041174,6.673687982920726,0.0],[124.988462652170881,6.673689077335152,0.0],[124.98846374672226,6.673960295445966,0.0],[124.988735011741682,6.673959200986688,0.0]]],[[[124.986565983866598,6.674239170908867,0.0],[124.986837249353286,6.674238077448167,0.0],[124.98683615565092,6.673966859071432,0.0],[124.986564890313346,6.673967952487279,0.0],[124.986293624930212,6.673969045754089,0.0],[124.98629471833442,6.67424026422053,0.0],[124.986565983866598,6.674239170908867,0.0]]],[[[124.980056688587098,6.674536588738165,0.0],[124.980327955311822,6.674535498810372,0.0],[124.980326865142274,6.674264279362672,0.0],[124.980055598566665,6.674265369245789,0.0],[124.97978433194568,6.674266458979781,0.0],[124.97978542181707,6.674537678516832,0.0],[124.980056688587098,6.674536588738165,0.0]]],[[[124.990637153108494,6.674765188834528,0.0],[124.990908418211149,6.674764093048045,0.0],[124.990907322181386,6.674492875350588,0.0],[124.990906226197197,6.674221657650112,0.0],[124.9906349613928,6.674222753346712,0.0],[124.99063605722796,6.674493971092219,0.0],[124.990637153108494,6.674765188834528,0.0]]],[[[124.987110702633842,6.674779420492869,0.0],[124.986839436894371,6.674780514192311,0.0],[124.986840530733076,6.675051732559543,0.0],[124.987111796621676,6.675050638815336,0.0],[124.987110702633842,6.674779420492869,0.0]]],[[[124.979515244769402,6.674809987724992,0.0],[124.979243977759666,6.674811077250262,0.0],[124.979245067423491,6.675082296870269,0.0],[124.979516334582271,6.675081207300413,0.0],[124.979515244769402,6.674809987724992,0.0]]],[[[124.982231186422581,6.675612741649393,0.0],[124.982230095027958,6.675341522527298,0.0],[124.98195882817312,6.675342613632727,0.0],[124.981959919418614,6.675613832799585,0.0],[124.982231186422581,6.675612741649393,0.0]]],[[[124.978975979384529,6.675625825610951,0.0],[124.979247246886757,6.675624736100869,0.0],[124.979518514343795,6.675623646441662,0.0],[124.979517424440331,6.675352426872636,0.0],[124.979246157132522,6.675353516487168,0.0],[124.978974889779323,6.675354605952575,0.0],[124.978975979384529,6.675625825610951,0.0]]],[[[124.990099005551755,6.675852251257095,0.0],[124.990370271341774,6.675851155589183,0.0],[124.990369175428185,6.675579937814544,0.0],[124.990368079560085,6.675308720036797,0.0],[124.990096814068238,6.675309815615003,0.0],[124.99009790978721,6.675581033437603,0.0],[124.990099005551755,6.675852251257095,0.0]]],[[[124.989827739716105,6.675853346775971,0.0],[124.989556473835052,6.675854442145721,0.0],[124.989557569346829,6.676125660051722,0.0],[124.989828835376997,6.676124564637118,0.0],[124.989827739716105,6.675853346775971,0.0]]],[[[124.98928739867921,6.676397973265122,0.0],[124.989286303271086,6.676126755317289,0.0],[124.989285207908438,6.675855537366346,0.0],[124.989013941936264,6.675856632437847,0.0],[124.989015037149784,6.676127850433731,0.0],[124.989016132408878,6.676399068426417,0.0],[124.98928739867921,6.676397973265122,0.0]]],[[[124.988473599731606,6.676401258301632,0.0],[124.988472504770854,6.676130040219239,0.0],[124.988201238513128,6.676131134888306,0.0],[124.98792997220994,6.676132229408336,0.0],[124.987928877592822,6.67586101123304,0.0],[124.987657611393274,6.675862105559092,0.0],[124.987386345148352,6.675863199736018,0.0],[124.987115078857855,6.67586429376382,0.0],[124.986843812521883,6.675865387642586,0.0],[124.986844906542402,6.676136605997205,0.0],[124.987116173027488,6.676135512073675,0.0],[124.987387439467113,6.676134418000932,0.0],[124.987658705861179,6.676133323779152,0.0],[124.987659800374544,6.676404541996193,0.0],[124.987931066872335,6.676403447580523,0.0],[124.988202333324665,6.67640235301564,0.0],[124.988473599731606,6.676401258301632,0.0]]],[[[124.985217306677825,6.676143166407287,0.0],[124.984946039874757,6.676144259287118,0.0],[124.984947132896792,6.676415477952333,0.0],[124.985218399848975,6.676414385027738,0.0],[124.985217306677825,6.676143166407287,0.0]]],[[[124.984404598856159,6.676417663354148,0.0],[124.984403506132381,6.676146444599405,0.0],[124.984132239193158,6.676147537031949,0.0],[124.984133331767723,6.676418755831368,0.0],[124.984404598856159,6.676417663354148,0.0]]],[[[124.990916091694146,6.676662616841242,0.0],[124.990914995345719,6.676391399165991,0.0],[124.990643729348406,6.676392495221948,0.0],[124.990644825547804,6.676663712942141,0.0],[124.990916091694146,6.676662616841242,0.0]]],[[[124.984134424387761,6.676689974627679,0.0],[124.984133331767723,6.676418755831368,0.0],[124.983862064633897,6.676419848159552,0.0],[124.983590797454781,6.676420940338521,0.0],[124.983591889776477,6.67669215922436,0.0],[124.983863157104821,6.676691067000626,0.0],[124.984134424387761,6.676689974627679,0.0]]],[[[124.983320622402758,6.676693251299057,0.0],[124.98331953023019,6.676422032368454,0.0],[124.983048262960295,6.676423124249262,0.0],[124.983049354983748,6.67669434322463,0.0],[124.983320622402758,6.676693251299057,0.0]]],[[[124.98983212263289,6.67693821820182,0.0],[124.98983102683539,6.676667000350087,0.0],[124.989559760506879,6.676668095854486,0.0],[124.989560856155251,6.67693931375116,0.0],[124.98983212263289,6.67693821820182,0.0]]],[[[124.983049354983748,6.67669434322463,0.0],[124.98277808751935,6.676695435000988,0.0],[124.982779179438879,6.676966654017922,0.0],[124.983050447052491,6.676965562196799,0.0],[124.983049354983748,6.67669434322463,0.0]]],[[[124.981422840690897,6.676972110886745,0.0],[124.981694108531173,6.676971019811249,0.0],[124.981965376326158,6.676969928586627,0.0],[124.981964284853916,6.676698709435489,0.0],[124.981693017208144,6.676699800615435,0.0],[124.981421749516983,6.676700891646257,0.0],[124.981422840690897,6.676972110886745,0.0]]],[[[124.979251606356698,6.676709614524232,0.0],[124.97898033825787,6.676710704212927,0.0],[124.978981428089384,6.676981923855583,0.0],[124.979252696337426,6.676980834122213,0.0],[124.979251606356698,6.676709614524232,0.0]]],[[[124.981151572805231,6.676973201813117,0.0],[124.980880304874361,6.676974292590363,0.0],[124.980881395795222,6.677245511917183,0.0],[124.981152663875307,6.677244421095172,0.0],[124.981151572805231,6.676973201813117,0.0]]],[[[124.985765307949023,6.677497072822711,0.0],[124.985764214297902,6.677225854304578,0.0],[124.985492946989112,6.677226947661805,0.0],[124.98549404049102,6.677498166224791,0.0],[124.985765307949023,6.677497072822711,0.0]]],[[[124.985223866385795,6.67777047808221,0.0],[124.985222772987626,6.677499259477657,0.0],[124.984951505438843,6.677500352581398,0.0],[124.984952598687897,6.677771571230804,0.0],[124.985223866385795,6.67777047808221,0.0]]],[[[124.979257056712868,6.678065712482515,0.0],[124.979255966551136,6.677794492897147,0.0],[124.978984697855623,6.677795582764454,0.0],[124.97898578786824,6.678066802394409,0.0],[124.979257056712868,6.678065712482515,0.0]]],[[[124.989293972083786,6.678025280885866,0.0],[124.989022704918426,6.678026376316368,0.0],[124.989023800495929,6.678297594287028,0.0],[124.989295067810403,6.678296498811584,0.0],[124.989293972083786,6.678025280885866,0.0]]],[[[124.981969742668198,6.678054805159381,0.0],[124.981698474276541,6.678055896562882,0.0],[124.981699565826233,6.678327115742975,0.0],[124.981970834367104,6.67832602429471,0.0],[124.981969742668198,6.678054805159381,0.0]]],[[[124.990108869480807,6.678293211490325,0.0],[124.990109965700555,6.678564429278198,0.0],[124.990381232982159,6.678563333161223,0.0],[124.990652500218303,6.678562236895123,0.0],[124.990923767408788,6.678561140479808,0.0],[124.991195034553812,6.678560043915369,0.0],[124.991466301653261,6.678558947201716,0.0],[124.99146739866454,6.678830164761949,0.0],[124.991738665867643,6.678829067854228,0.0],[124.991737568707237,6.678557850338938,0.0],[124.992008835715552,6.678556753327034,0.0],[124.992007738451491,6.678285535853576,0.0],[124.99173647159239,6.678286632820538,0.0],[124.991465204687628,6.678287729638375,0.0],[124.991464107767555,6.678016512071925,0.0],[124.991192840966448,6.678017608695694,0.0],[124.991191744241078,6.677746391081105,0.0],[124.990920477543611,6.677747487510808,0.0],[124.990921574119781,6.67801870517025,0.0],[124.99065030722754,6.678019801495769,0.0],[124.990651403700141,6.678291019197045,0.0],[124.990380136613297,6.678292115418203,0.0],[124.990379040289909,6.678020897672075,0.0],[124.990107773306633,6.678021993699255,0.0],[124.990108869480807,6.678293211490325,0.0]]],[[[124.988480170451297,6.678028566730085,0.0],[124.988481265730456,6.678299784790451,0.0],[124.988482361055091,6.67857100284762,0.0],[124.988753628609729,6.678569907625662,0.0],[124.98875253313588,6.678298689613347,0.0],[124.988751437707606,6.678027471597834,0.0],[124.988480170451297,6.678028566730085,0.0]]],[[[124.989295067810403,6.678296498811584,0.0],[124.989296163582594,6.678567716734194,0.0],[124.989567431000808,6.678566621064683,0.0],[124.989566335079402,6.678295403187016,0.0],[124.989295067810403,6.678296498811584,0.0]]],[[[124.979799594266325,6.678063532211085,0.0],[124.979528325512291,6.678064622421318,0.0],[124.979529415868456,6.678335841958902,0.0],[124.979530506269995,6.678607061493289,0.0],[124.979531596716839,6.678878281024478,0.0],[124.979802865918529,6.678877190680219,0.0],[124.979801775322471,6.678605971193705,0.0],[124.979800684771789,6.678334751703994,0.0],[124.979799594266325,6.678063532211085,0.0]]],[[[124.988211093454979,6.678572097920541,0.0],[124.98821218867586,6.678843316019365,0.0],[124.9884834564252,6.67884222090168,0.0],[124.988482361055091,6.67857100284762,0.0],[124.988211093454979,6.678572097920541,0.0]]],[[[124.984956972138036,6.678856445796719,0.0],[124.984955878707353,6.678585227159926,0.0],[124.984684610516425,6.678586320293687,0.0],[124.984685703797879,6.678857538975245,0.0],[124.984956972138036,6.678856445796719,0.0]]],[[[124.983330453997326,6.679134221532377,0.0],[124.983601722713615,6.679133129054979,0.0],[124.983872991384516,6.679132036428368,0.0],[124.984144260009941,6.679130943652631,0.0],[124.984143166981525,6.678859724884743,0.0],[124.983871898505214,6.678860817615715,0.0],[124.983870805671302,6.678589598799864,0.0],[124.983599537298829,6.678590691336947,0.0],[124.983328268880967,6.678591783724817,0.0],[124.983329361416452,6.678863002630195,0.0],[124.983330453997326,6.679134221532377,0.0]]],[[[124.981700657421314,6.67859833491987,0.0],[124.981429388686024,6.678599426263596,0.0],[124.981158119905331,6.678600517458197,0.0],[124.980886851079362,6.678601608503585,0.0],[124.980615582208074,6.678602699399847,0.0],[124.980616673251689,6.678873918752424,0.0],[124.980887942272176,6.678872827811397,0.0],[124.981159211247288,6.678871736721335,0.0],[124.981430480177181,6.678870645482058,0.0],[124.981431571713642,6.679141864697322,0.0],[124.981702840747374,6.679140773264156,0.0],[124.981974109735702,6.679139681681776,0.0],[124.981973017900813,6.678868462555951,0.0],[124.9817017490616,6.678869554093567,0.0],[124.981700657421314,6.67859833491987,0.0]]],[[[124.98251773975511,6.679408717102828,0.0],[124.982518831979021,6.679679936132907,0.0],[124.982790101129808,6.679678844013535,0.0],[124.982789008756598,6.67940762502822,0.0],[124.982787916428762,6.679136406039707,0.0],[124.982516647576404,6.679137498069552,0.0],[124.98251773975511,6.679408717102828,0.0]]],[[[124.987129306608466,6.679390131545646,0.0],[124.986858038333423,6.679391226007145,0.0],[124.986859132944758,6.67966244432082,0.0],[124.987130401369015,6.679661349814467,0.0],[124.987129306608466,6.679390131545646,0.0]]],[[[124.983332639295227,6.679676659327325,0.0],[124.983331546623575,6.67940544043145,0.0],[124.983060277712781,6.679406532804397,0.0],[124.983061370235205,6.679677751745037,0.0],[124.983332639295227,6.679676659327325,0.0]]],[[[124.989030374916496,6.679924902044463,0.0],[124.989029279065974,6.67965368409281,0.0],[124.988758010959941,6.679654779643394,0.0],[124.988759106661249,6.679925997639988,0.0],[124.989030374916496,6.679924902044463,0.0]]],[[[124.988216570014444,6.679928188383486,0.0],[124.988215474611565,6.679656970297185,0.0],[124.987944206369122,6.679658065400305,0.0],[124.987672938081289,6.67965916035421,0.0],[124.987401669747896,6.679660255158901,0.0],[124.987402764703134,6.679931473379761,0.0],[124.987674033185655,6.679930378530217,0.0],[124.987945301622787,6.679929283531369,0.0],[124.988216570014444,6.679928188383486,0.0]]],[[[124.983061370235205,6.679677751745037,0.0],[124.982790101129808,6.679678844013535,0.0],[124.982791193548323,6.679950062995741,0.0],[124.983062462802934,6.679948970682479,0.0],[124.983061370235205,6.679677751745037,0.0]]],[[[124.990116543975006,6.680191735939354,0.0],[124.990387812151909,6.680190639552905,0.0],[124.990386715509757,6.679919421828893,0.0],[124.990115447482154,6.679920518170399,0.0],[124.98984417940899,6.679921614362692,0.0],[124.989572911290367,6.67992271040577,0.0],[124.989301643126169,6.679923806299723,0.0],[124.989030374916496,6.679924902044463,0.0],[124.989031470812492,6.680196119992918,0.0],[124.989302739171379,6.680195024203326,0.0],[124.989574007484791,6.68019392826452,0.0],[124.989845275752629,6.680192832176499,0.0],[124.990116543975006,6.680191735939354,0.0]]],[[[124.983063555416038,6.680220189616723,0.0],[124.982792286012213,6.68022128197475,0.0],[124.982793378521492,6.68049250095065,0.0],[124.983064648074546,6.680491408547948,0.0],[124.983063555416038,6.680220189616723,0.0]]],[[[124.988491125289755,6.680740747191547,0.0],[124.988762394038119,6.680739651610677,0.0],[124.988761298200387,6.680468433623585,0.0],[124.988490029601238,6.680469529159603,0.0],[124.988491125289755,6.680740747191547,0.0]]],[[[124.989577296341167,6.68100758182185,0.0],[124.989576200010234,6.680736363972515,0.0],[124.989304931398394,6.680737460001116,0.0],[124.989306027580113,6.681008677895304,0.0],[124.989577296341167,6.68100758182185,0.0]]],[[[124.988491125289755,6.680740747191547,0.0],[124.988219856495931,6.680741842623292,0.0],[124.988220952080709,6.681013060696981,0.0],[124.988492221023847,6.681011965220383,0.0],[124.988491125289755,6.680740747191547,0.0]]],[[[124.980896673445656,6.681042582160388,0.0],[124.980625403231357,6.681043673458906,0.0],[124.980624311825281,6.680772454131643,0.0],[124.980353041715091,6.680773545236183,0.0],[124.980354132971868,6.681044764608122,0.0],[124.980355224273936,6.681315983976952,0.0],[124.980626494682738,6.681314892782972,0.0],[124.980897765046237,6.681313801439868,0.0],[124.980896673445656,6.681042582160388,0.0]]],[[[124.98143921373817,6.681040399115799,0.0],[124.981167943614565,6.681041490712745,0.0],[124.98116903536436,6.68131270994746,0.0],[124.981440305637179,6.681311618305839,0.0],[124.98143921373817,6.681040399115799,0.0]]],[[[124.981981753849311,6.681038215474353,0.0],[124.981982846046932,6.681309434574954,0.0],[124.981983938289858,6.681580653672357,0.0],[124.981712667958419,6.68158174565717,0.0],[124.981713760097421,6.68185296479614,0.0],[124.981985030578073,6.681851872766651,0.0],[124.982256301013521,6.681850780587948,0.0],[124.98225739349634,6.682121999634281,0.0],[124.982528664035698,6.682120907261599,0.0],[124.98252975671312,6.682392126260148,0.0],[124.982801027356302,6.682391033693489,0.0],[124.982799934529595,6.682119814739704,0.0],[124.982798841748163,6.681848595782811,0.0],[124.982527571403494,6.681849688259942,0.0],[124.982526478816766,6.681578469255176,0.0],[124.982255208575907,6.681579561538418,0.0],[124.982254116183782,6.68130834248569,0.0],[124.982253023836947,6.681037123429765,0.0],[124.982251931535501,6.680765904370731,0.0],[124.981980661697079,6.680766996370555,0.0],[124.981979569590138,6.680495777263649,0.0],[124.98170829985574,6.680496869069583,0.0],[124.981437030075938,6.680497960726304,0.0],[124.981438121884366,6.68076917992265,0.0],[124.981709391813368,6.680768088221254,0.0],[124.981710483816386,6.681039307369727,0.0],[124.981981753849311,6.681038215474353,0.0]]],[[[124.982801027356302,6.682391033693489,0.0],[124.982802120228413,6.682662252644076,0.0],[124.983073390975605,6.682661159883438,0.0],[124.983072297954209,6.682389940977527,0.0],[124.982801027356302,6.682391033693489,0.0]]],[[[124.983617025699075,6.682930192727619,0.0],[124.983615932333763,6.682658973914344,0.0],[124.983344661677336,6.682660066973498,0.0],[124.983345754893435,6.682931285831537,0.0],[124.983617025699075,6.682930192727619,0.0]]],[[[124.984702108467957,6.682925818819272,0.0],[124.98443083784386,6.682926912520224,0.0],[124.98443193170246,6.683198131196009,0.0],[124.984703202475771,6.683197037450292,0.0],[124.984702108467957,6.682925818819272,0.0]]],[[[124.985519203571442,6.683736192301279,0.0],[124.985790474461808,6.683735097868913,0.0],[124.986061745306714,6.683734003287154,0.0],[124.986333016106229,6.683732908556181,0.0],[124.986331921111727,6.683461690200319,0.0],[124.986060650461525,6.683462784886438,0.0],[124.985789379765833,6.683463879423344,0.0],[124.985518109024852,6.683464973810946,0.0],[124.985246838238311,6.683466068049335,0.0],[124.985247932635588,6.683737286584432,0.0],[124.985519203571442,6.683736192301279,0.0]]],[[[124.98334903481377,6.683744942386558,0.0],[124.983347941461602,6.683473723538023,0.0],[124.983076670311974,6.683474816582167,0.0],[124.983077763514828,6.683746035475377,0.0],[124.98334903481377,6.683744942386558,0.0]]],[[[124.982536313730535,6.684019440184916,0.0],[124.982535220780889,6.683748221205374,0.0],[124.982534127876633,6.683477002222635,0.0],[124.982262856590935,6.68347809481896,0.0],[124.982263949345892,6.683749313846463,0.0],[124.982265042146224,6.68402053287068,0.0],[124.982536313730535,6.684019440184916,0.0]]],[[[124.987419194486975,6.683999746312961,0.0],[124.987418098849787,6.68372852813953,0.0],[124.987417003258088,6.683457309962901,0.0],[124.987145732789685,6.683458405246143,0.0],[124.987146828232085,6.683729623467625,0.0],[124.987147923719974,6.68400084168582,0.0],[124.987149019253323,6.684272059900995,0.0],[124.987420290169624,6.684270964483194,0.0],[124.987419194486975,6.683999746312961,0.0]]],[[[124.983352315142568,6.684558598913068,0.0],[124.983351221654246,6.684287380074037,0.0],[124.983079950056705,6.684288473252384,0.0],[124.983078856763072,6.68401725436548,0.0],[124.982807585269455,6.684018347349849,0.0],[124.982808678413789,6.684289566281518,0.0],[124.982809771603414,6.684560785210079,0.0],[124.983081043395643,6.684559692136181,0.0],[124.983352315142568,6.684558598913068,0.0]]],[[[124.987421385897761,6.684542182650319,0.0],[124.987692656917901,6.684541087038451,0.0],[124.987691561040464,6.684269868916179,0.0],[124.987420290169624,6.684270964483194,0.0],[124.987421385897761,6.684542182650319,0.0]]],[[[124.987695944823045,6.685354741386349,0.0],[124.987694848809184,6.685083523273492,0.0],[124.987693752840798,6.684812305157526,0.0],[124.987422481671274,6.684813400814336,0.0],[124.987423577490361,6.685084618975066,0.0],[124.987424673354823,6.685355837132776,0.0],[124.987695944823045,6.685354741386349,0.0]]],[[[124.982814144815521,6.685645660892523,0.0],[124.982815238231979,6.685916879805274,0.0],[124.983086510770988,6.685915786507732,0.0],[124.983085417205132,6.685644567639746,0.0],[124.98308432368475,6.685373348768562,0.0],[124.982813051444523,6.685374441976664,0.0],[124.982814144815521,6.685645660892523,0.0]]],[[[124.987971601353181,6.686438517730751,0.0],[124.987970505008121,6.686167299675447,0.0],[124.987699233137377,6.686168395705736,0.0],[124.987700329333038,6.686439613805892,0.0],[124.987971601353181,6.686438517730751,0.0]]],[[[124.983086510770988,6.685915786507732,0.0],[124.983087604382149,6.686187005372521,0.0],[124.9830886980386,6.686458224234202,0.0],[124.983089791740539,6.686729443092685,0.0],[124.983361064682242,6.686728349511548,0.0],[124.983359970830918,6.686457130697829,0.0],[124.983358877025083,6.686185911880913,0.0],[124.983357783264523,6.685914693060888,0.0],[124.983086510770988,6.685915786507732,0.0]]],[[[124.990142873462048,6.686700961446577,0.0],[124.989871601656574,6.68670205876126,0.0],[124.989872699138246,6.686973276496198,0.0],[124.99014397109309,6.686972179136483,0.0],[124.990142873462048,6.686700961446577,0.0]]],[[[124.982004699520189,6.686733815923582,0.0],[124.981733426351724,6.686734908757939,0.0],[124.981734519352088,6.687006127836956,0.0],[124.982005792669938,6.687005034957836,0.0],[124.982004699520189,6.686733815923582,0.0]]],[[[124.99014397109309,6.686972179136483,0.0],[124.990145068769706,6.68724339682337,0.0],[124.990416340828389,6.687242299269411,0.0],[124.990687612841597,6.68724120156615,0.0],[124.990958884809245,6.687240103713585,0.0],[124.990957786684547,6.686968886161524,0.0],[124.990686514866297,6.686969983969147,0.0],[124.990415243002474,6.686971081627555,0.0],[124.99014397109309,6.686972179136483,0.0]]],[[[124.988517435461404,6.687249979010255,0.0],[124.988788707793205,6.687248882352468,0.0],[124.989059980079517,6.687247785545378,0.0],[124.989058883000467,6.686976567678991,0.0],[124.98878761086354,6.686977664441227,0.0],[124.988516338681137,6.686978761054161,0.0],[124.988517435461404,6.687249979010255,0.0]]],[[[124.980651610569083,6.687552936365724,0.0],[124.980922884367004,6.68755184399473,0.0],[124.980921791724128,6.687280624787904,0.0],[124.980920699126571,6.687009405577968,0.0],[124.980649425627433,6.6870104978597,0.0],[124.980650518075606,6.687281717114311,0.0],[124.980651610569083,6.687552936365724,0.0]]],[[[124.989602524515661,6.687245591483024,0.0],[124.989331252320284,6.687246688588897,0.0],[124.989332349594292,6.687517906407234,0.0],[124.989603621938969,6.687516809256508,0.0],[124.989602524515661,6.687245591483024,0.0]]],[[[124.98390470462482,6.686997380622448,0.0],[124.983633431624582,6.686998474546955,0.0],[124.983634525715885,6.687269693309692,0.0],[124.983635619852663,6.687540912069143,0.0],[124.98363671403483,6.687812130825574,0.0],[124.983907987483335,6.687811036766687,0.0],[124.983906893151783,6.687539818055108,0.0],[124.983905798865607,6.687268599340332,0.0],[124.98390470462482,6.686997380622448,0.0]]],[[[124.989335641689152,6.68833155984315,0.0],[124.989334544278634,6.688060342034317,0.0],[124.9890632715897,6.688061439125446,0.0],[124.989064368850734,6.688332656979132,0.0],[124.989335641689152,6.68833155984315,0.0]]],[[[124.98472180755644,6.687807753694028,0.0],[124.984450534244189,6.687808848201002,0.0],[124.984451628919828,6.688080066819855,0.0],[124.984452723641027,6.688351285435599,0.0],[124.98445381840753,6.688622504048145,0.0],[124.984454913219508,6.688893722657583,0.0],[124.984456008076776,6.689164941263823,0.0],[124.984727282136163,6.689163846533028,0.0],[124.984726187129411,6.688892627971552,0.0],[124.984725092168048,6.688621409406879,0.0],[124.984723997252075,6.688350190839096,0.0],[124.984722902381563,6.688078972268117,0.0],[124.984994175797922,6.688077877566987,0.0],[124.984993080823315,6.687806659037752,0.0],[124.98472180755644,6.687807753694028,0.0]]],[[[124.985540008586838,6.688889343017022,0.0],[124.985538913177209,6.688618124586729,0.0],[124.98526763955293,6.688619219676171,0.0],[124.98526873481309,6.688890438151316,0.0],[124.985540008586838,6.688889343017022,0.0]]],[[[124.985811282315126,6.688888247733424,0.0],[124.985540008586838,6.688889343017022,0.0],[124.985541104041857,6.689160561444205,0.0],[124.985812377919615,6.689159466115755,0.0],[124.985811282315126,6.688888247733424,0.0]]],[[[124.989338934193555,6.689145213250733,0.0],[124.989067660906969,6.689146310521363,0.0],[124.989068758349987,6.689417528362438,0.0],[124.989340031786142,6.689416431046866,0.0],[124.989338934193555,6.689145213250733,0.0]]],[[[124.985812377919615,6.689159466115755,0.0],[124.985813473569493,6.689430684494888,0.0],[124.986084747551175,6.689429588972282,0.0],[124.986083651751898,6.689158370637913,0.0],[124.985812377919615,6.689159466115755,0.0]]],[[[124.984457102979519,6.689436159866955,0.0],[124.984185828725344,6.689437254493122,0.0],[124.984186923524007,6.68970847313791,0.0],[124.984458197927651,6.689707378466889,0.0],[124.984457102979519,6.689436159866955,0.0]]],[[[124.986357117481703,6.689699711586603,0.0],[124.986085843395927,6.689700807303454,0.0],[124.986086939286153,6.689972025631516,0.0],[124.986358213521314,6.689970929869813,0.0],[124.986357117481703,6.689699711586603,0.0]]],[[[124.97957634402546,6.689998279085416,0.0],[124.979575251721968,6.689727059683723,0.0],[124.979303976502166,6.689728151665162,0.0],[124.979305068656174,6.68999937111153,0.0],[124.97957634402546,6.689998279085416,0.0]]],[[[124.990427321592335,6.689954475514512,0.0],[124.990156048039466,6.689955573517445,0.0],[124.990157146216845,6.690226791169427,0.0],[124.990428419919184,6.690225693121552,0.0],[124.990427321592335,6.689954475514512,0.0]]],[[[124.986902954668793,6.690511174275824,0.0],[124.986631680225614,6.690512270426017,0.0],[124.986632776551048,6.69078348865487,0.0],[124.986904051143696,6.690782392459913,0.0],[124.986902954668793,6.690511174275824,0.0]]],[[[124.984190208192445,6.690522129052998,0.0],[124.984189113257557,6.690250910417803,0.0],[124.98391783850964,6.690252005028872,0.0],[124.983918933295058,6.690523223708831,0.0],[124.983920028125866,6.690794442385681,0.0],[124.983921123002048,6.691065661059334,0.0],[124.984192398198317,6.691064566313973,0.0],[124.984191303172736,6.690793347685084,0.0],[124.984190208192445,6.690522129052998,0.0]]],[[[124.986904051143696,6.690782392459913,0.0],[124.986905147664004,6.691053610640805,0.0],[124.987176422360662,6.691052514251514,0.0],[124.987175325690885,6.690781296115476,0.0],[124.986904051143696,6.690782392459913,0.0]]],[[[124.986905147664004,6.691053610640805,0.0],[124.986633872921956,6.691054706880615,0.0],[124.98663496933824,6.691325925103162,0.0],[124.986906244229857,6.691324828818588,0.0],[124.986905147664004,6.691053610640805,0.0]]],[[[124.979580713692215,6.691083156660658,0.0],[124.979351423981726,6.691084079821411,0.0],[124.979497516958077,6.691354715423656,0.0],[124.9795818062222,6.691354376046541,0.0],[124.979580713692215,6.691083156660658,0.0]]],[[[124.987448793876666,6.691322635800909,0.0],[124.987177519075999,6.691323732384444,0.0],[124.987178615836726,6.691594950514266,0.0],[124.987449890786877,6.691593853885878,0.0],[124.987448793876666,6.691322635800909,0.0]]],[[[124.984465863835737,6.691605908577878,0.0],[124.984464768569822,6.691334690000148,0.0],[124.984193493269373,6.691335784939665,0.0],[124.984194588385819,6.691607003562248,0.0],[124.984465863835737,6.691605908577878,0.0]]],[[[124.984465863835737,6.691605908577878,0.0],[124.984466959147042,6.691877127152588,0.0],[124.984738234701069,6.691876031973973,0.0],[124.984737139240281,6.691604813444116,0.0],[124.984465863835737,6.691605908577878,0.0]]],[[[124.984469149905905,6.692419564292327,0.0],[124.984740425758886,6.692418469024184,0.0],[124.984739330207248,6.692147250500633,0.0],[124.984468054503836,6.692148345724012,0.0],[124.984469149905905,6.692419564292327,0.0]]],[[[124.989353206446083,6.692671044354346,0.0],[124.989081931216248,6.69267214220842,0.0],[124.989083029250892,6.692943360008372,0.0],[124.989354304630211,6.692942262109356,0.0],[124.989353206446083,6.692671044354346,0.0]]],[[[124.984197874007549,6.692420659410989,0.0],[124.984198969305524,6.69269187802096,0.0],[124.984200064648988,6.692963096627644,0.0],[124.984201160037742,6.693234315231309,0.0],[124.984472436384735,6.693233219978265,0.0],[124.984471340846412,6.692962001419454,0.0],[124.984470245353464,6.692690782857444,0.0],[124.984469149905905,6.692419564292327,0.0],[124.984197874007549,6.692420659410989,0.0]]],[[[124.9893554028599,6.693213479861257,0.0],[124.989626678343129,6.693212381767908,0.0],[124.989897953780797,6.693211283525078,0.0],[124.990169229173077,6.693210185132767,0.0],[124.990440504519711,6.693209086590977,0.0],[124.990439405692015,6.692937869018665,0.0],[124.990168130494865,6.692938967515603,0.0],[124.989896855252155,6.692940065862971,0.0],[124.989625579963956,6.692941164060948,0.0],[124.989354304630211,6.692942262109356,0.0],[124.9893554028599,6.693213479861257,0.0]]],[[[124.990983055076455,6.693206889058865,0.0],[124.99071177982087,6.693207987899616,0.0],[124.990440504519711,6.693209086590977,0.0],[124.990441603392966,6.693480304160091,0.0],[124.990712878843695,6.693479205423878,0.0],[124.990984154248764,6.693478106538184,0.0],[124.990983055076455,6.693206889058865,0.0]]],[[[124.984203350951603,6.693776752428957,0.0],[124.984202255471985,6.693505533831687,0.0],[124.984201160037742,6.693234315231309,0.0],[124.983929883645459,6.693235410334784,0.0],[124.983930978930132,6.693506628980015,0.0],[124.983932074260181,6.693777847622049,0.0],[124.984203350951603,6.693776752428957,0.0]]],[[[124.990449296780938,6.695378827055518,0.0],[124.990178020237934,6.695379925956577,0.0],[124.990179119325859,6.69565114354532,0.0],[124.990450396018531,6.695650044599319,0.0],[124.990449296780938,6.695378827055518,0.0]]],[[[124.989910040601146,6.696194677599441,0.0],[124.989638763518386,6.696195776336098,0.0],[124.989639862443781,6.696466994005132,0.0],[124.989911139676195,6.696465895223622,0.0],[124.989910040601146,6.696194677599441,0.0]]],[[[124.982857916855195,6.696494414935281,0.0],[124.982856821669571,6.696223196145898,0.0],[124.982585543405264,6.696224290994022,0.0],[124.982586182437444,6.69638256667349,0.0],[124.98266537264206,6.6964951920531,0.0],[124.982857916855195,6.696494414935281,0.0]]],[[[124.983130290604265,6.696764538634423,0.0],[124.983401569077103,6.696763443397722,0.0],[124.983400473546951,6.696492224700976,0.0],[124.983129195223768,6.696493319892913,0.0],[124.982857916855195,6.696494414935281,0.0],[124.982859012086124,6.696765633721555,0.0],[124.983130290604265,6.696764538634423,0.0]]],[[[124.989913337962719,6.697008330462393,0.0],[124.98991223879672,6.696737112844517,0.0],[124.989640961414651,6.696738211670969,0.0],[124.98964206043118,6.697009429333698,0.0],[124.989913337962719,6.697008330462393,0.0]]],[[[124.983402664652644,6.69703466209127,0.0],[124.983673943229576,6.697033566660235,0.0],[124.983672847504465,6.696762348011362,0.0],[124.983401569077103,6.696763443397722,0.0],[124.983402664652644,6.69703466209127,0.0]]],[[[124.984218692432393,6.697573812458466,0.0],[124.984217596317194,6.697302593905516,0.0],[124.983946317681372,6.697303689680454,0.0],[124.983947413646916,6.697574908278257,0.0],[124.984218692432393,6.697573812458466,0.0]]],[[[124.991275225191586,6.698358920780643,0.0],[124.991003947139561,6.698360020624503,0.0],[124.990732669041975,6.698361120318705,0.0],[124.99046139089883,6.698362219863339,0.0],[124.990462490637341,6.698633437372412,0.0],[124.990733768930156,6.698632337782837,0.0],[124.99100504717731,6.698631238043693,0.0],[124.991276325379076,6.698630138154891,0.0],[124.991275225191586,6.698358920780643,0.0]]],[[[124.990465790126024,6.699447089880359,0.0],[124.990464690250903,6.699175872380878,0.0],[124.990463590421342,6.698904654878199,0.0],[124.990192311933399,6.698905754363058,0.0],[124.990193411613305,6.69917697191059,0.0],[124.990194511338771,6.699448189455013,0.0],[124.990465790126024,6.699447089880359,0.0]]],[[[124.990200010649019,6.700804277129522,0.0],[124.990471290184658,6.700803177330337,0.0],[124.990742569674822,6.700802077381405,0.0],[124.990741469422304,6.700530859942675,0.0],[124.990740369215359,6.700259642500748,0.0],[124.990739269053975,6.699988425055712,0.0],[124.990467990012874,6.699989524869818,0.0],[124.990469090024604,6.700260742359796,0.0],[124.990470190081894,6.700531959846665,0.0],[124.990198910695923,6.700533059600908,0.0],[124.990200010649019,6.700804277129522,0.0]]],[[[124.988301052624692,6.700811971533303,0.0],[124.98857233247891,6.700810872781724,0.0],[124.988843612287752,6.700809773880576,0.0],[124.988842513083029,6.70053855612752,0.0],[124.988571233424025,6.700539654983904,0.0],[124.988299953719363,6.70054075369054,0.0],[124.988301052624692,6.700811971533303,0.0]]],[[[124.98992873106782,6.700805376779049,0.0],[124.989657451441062,6.700806476278918,0.0],[124.989658551140323,6.701077693894129,0.0],[124.989929830916751,6.701076594349318,0.0],[124.98992873106782,6.700805376779049,0.0]]],[[[124.991016050060452,6.701343412061065,0.0],[124.991014949567145,6.701072194673583,0.0],[124.9907436699729,6.701073294817026,0.0],[124.990744770316539,6.70134451224945,0.0],[124.991016050060452,6.701343412061065,0.0]]],[[[124.99128732975889,6.701342311723022,0.0],[124.991016050060452,6.701343412061065,0.0],[124.991017150599305,6.701614629445349,0.0],[124.991288430447497,6.701613529062453,0.0],[124.99128732975889,6.701342311723022,0.0]]],[[[124.996431873822786,6.631888761086988,0.0],[124.996160633157842,6.63188985288786,0.0],[124.996161725001528,6.632161070179685,0.0],[124.996432965814705,6.632159978333871,0.0],[124.996431873822786,6.631888761086988,0.0]]],[[[124.998331650227954,6.632152331265737,0.0],[124.998060409734521,6.63215342414841,0.0],[124.997789169195414,6.632154516882935,0.0],[124.997517928610577,6.632155609469312,0.0],[124.997519021240663,6.632426826532787,0.0],[124.997790261973549,6.632425733901379,0.0],[124.998061502660804,6.632424641121735,0.0],[124.998332743302385,6.632423548194031,0.0],[124.998331650227954,6.632152331265737,0.0]]],[[[124.994536461211311,6.632710053258948,0.0],[124.99453597332716,6.632588772648916,0.0],[124.994346986031729,6.632710815304362,0.0],[124.994536461211311,6.632710053258948,0.0]]],[[[124.996706390999066,6.632701320734111,0.0],[124.996977632017163,6.63270022850194,0.0],[124.997248872989601,6.63269913612162,0.0],[124.997247780462018,6.632427919016224,0.0],[124.996976539637728,6.632429011351424,0.0],[124.996705298767793,6.632430103538565,0.0],[124.996706390999066,6.632701320734111,0.0]]],[[[124.999148652127516,6.632962702098752,0.0],[124.999147558517336,6.632691485312034,0.0],[124.998876317864728,6.632692578729213,0.0],[124.998877411326845,6.632963795561051,0.0],[124.999148652127516,6.632962702098752,0.0]]],[[[124.99616390882602,6.632703504754098,0.0],[124.995892667670972,6.632704596541825,0.0],[124.99589375950346,6.632975813869355,0.0],[124.995894851381692,6.633247031193688,0.0],[124.995895943305499,6.633518248514911,0.0],[124.996167184904991,6.633517156592004,0.0],[124.996166092833036,6.633245939315899,0.0],[124.996165000806656,6.632974722036509,0.0],[124.99616390882602,6.632703504754098,0.0]]],[[[124.995351276760289,6.632977997090603,0.0],[124.995080035320228,6.632979088479005,0.0],[124.995081126753931,6.63325030593843,0.0],[124.995352368342139,6.633249214504997,0.0],[124.995351276760289,6.632977997090603,0.0]]],[[[124.994809885120063,6.633251397223714,0.0],[124.994808793834508,6.632980179719348,0.0],[124.994537552303143,6.632981270811542,0.0],[124.994538643440634,6.633252488360939,0.0],[124.994809885120063,6.633251397223714,0.0]]],[[[124.996711852840534,6.634057406664593,0.0],[124.99644061103605,6.634058498973858,0.0],[124.996441703393103,6.634329716195606,0.0],[124.996712945345735,6.63432862384131,0.0],[124.996711852840534,6.634057406664593,0.0]]],[[[124.99183130538141,6.63452797417205,0.0],[124.991710777438826,6.634619967237704,0.0],[124.991831673101814,6.634619481533197,0.0],[124.99183130538141,6.63452797417205,0.0]]],[[[124.997804472246784,6.635951554855422,0.0],[124.997803378874721,6.635680337877745,0.0],[124.997532136363873,6.635681431050053,0.0],[124.997533229587688,6.63595264807276,0.0],[124.997804472246784,6.635951554855422,0.0]]],[[[124.993734736417466,6.635696719901749,0.0],[124.993463493222009,6.635697810851124,0.0],[124.993464584222721,6.635969028549114,0.0],[124.993735827566326,6.635967937554708,0.0],[124.993734736417466,6.635696719901749,0.0]]],[[[125.004043040785518,6.63592636995388,0.0],[125.00377179917875,6.635927466579781,0.0],[125.003772895857139,6.636198682561276,0.0],[125.004044137612155,6.636197585890167,0.0],[125.004043040785518,6.63592636995388,0.0]]],[[[124.999980980181277,6.637570103416821,0.0],[124.999979885349234,6.637298886818841,0.0],[124.99970864231463,6.637299981447318,0.0],[124.99970973699844,6.637571198090417,0.0],[124.999980980181277,6.637570103416821,0.0]]],[[[124.991302265813147,6.637876277483721,0.0],[124.991573510559007,6.637875187360529,0.0],[124.991572420276924,6.637603969369796,0.0],[124.991301175679382,6.637605059448135,0.0],[124.991302265813147,6.637876277483721,0.0]]],[[[124.991845845735114,6.638145315031605,0.0],[124.991574600886565,6.638146405348064,0.0],[124.991575691259698,6.638417623332402,0.0],[124.991846936256465,6.63841653297109,0.0],[124.991845845735114,6.638145315031605,0.0]]],[[[124.995648732270823,6.639486121552882,0.0],[124.995647639491182,6.639214904255728,0.0],[124.995376394687852,6.639215996827716,0.0],[124.995377487319175,6.639487214169901,0.0],[124.995648732270823,6.639486121552882,0.0]]],[[[124.992122544341981,6.639500314008093,0.0],[124.992121453490043,6.639229096126162,0.0],[124.991850208094021,6.639230186770537,0.0],[124.991851298797641,6.63950140469741,0.0],[124.992122544341981,6.639500314008093,0.0]]],[[[125.000533324625692,6.640008862053635,0.0],[125.000532229085408,6.639737645574137,0.0],[125.000260984807881,6.639738740905252,0.0],[125.000262080199832,6.640009957429869,0.0],[125.000533324625692,6.640008862053635,0.0]]],[[[124.995378579996228,6.639758431508977,0.0],[124.995107334850601,6.639759524022701,0.0],[124.995108427424896,6.640030741403611,0.0],[124.995379672718769,6.640029648844945,0.0],[124.995378579996228,6.639758431508977,0.0]]],[[[124.999449441640721,6.640284459325749,0.0],[124.999720686352035,6.640283364349284,0.0],[124.999991931017703,6.640282269224493,0.0],[124.999990835728241,6.640011052657866,0.0],[124.999719591210905,6.640012147737537,0.0],[124.99944834664791,6.640013242668972,0.0],[124.999177102039098,6.640014337451992,0.0],[124.999178196883662,6.640285554153977,0.0],[124.999449441640721,6.640284459325749,0.0]]],[[[124.999178196883662,6.640285554153977,0.0],[124.998906952080873,6.64028664883388,0.0],[124.998908046822763,6.640557865577787,0.0],[124.999179291773885,6.640556770852855,0.0],[124.999178196883662,6.640285554153977,0.0]]],[[[124.994568121392533,6.640575361008758,0.0],[124.994296875665242,6.640576453212597,0.0],[124.994297967931431,6.640847670719094,0.0],[124.994569213807139,6.640846578470225,0.0],[124.994568121392533,6.640575361008758,0.0]]],[[[124.994840459637203,6.640845486073119,0.0],[124.994569213807139,6.640846578470225,0.0],[124.994570306267221,6.641117795928673,0.0],[124.994841552245703,6.641116703486447,0.0],[124.994840459637203,6.640845486073119,0.0]]],[[[124.994841552245703,6.641116703486447,0.0],[124.994842644899748,6.641387920896755,0.0],[124.995113890980903,6.641386828261262,0.0],[124.99511279817844,6.641115610895985,0.0],[124.994841552245703,6.641116703486447,0.0]]],[[[124.998097594860425,6.64137479948169,0.0],[124.998098689340139,6.641646016348255,0.0],[124.998369935021699,6.64164492188791,0.0],[124.998368840393567,6.641373705066376,0.0],[124.998367745811194,6.641102488241732,0.0],[124.998096500426286,6.641103582611927,0.0],[124.998097594860425,6.64137479948169,0.0]]],[[[124.992943921055115,6.641395565192085,0.0],[124.992672674609182,6.641396656640972,0.0],[124.992673766122195,6.641667874407884,0.0],[124.992945012716447,6.641666782914055,0.0],[124.992943921055115,6.641395565192085,0.0]]],[[[124.998098689340139,6.641646016348255,0.0],[124.99782744361292,6.641647110660363,0.0],[124.997828537990046,6.641918327568939,0.0],[124.998099783865669,6.6419172332118,0.0],[124.998098689340139,6.641646016348255,0.0]]],[[[124.995387323054771,6.641928170108433,0.0],[124.99538623001277,6.641656952794492,0.0],[124.995114983828941,6.641658045623253,0.0],[124.995116076722624,6.641929262982225,0.0],[124.995387323054771,6.641928170108433,0.0]]],[[[124.992946104423353,6.641938000632828,0.0],[124.992947196175905,6.64220921834858,0.0],[124.993218443021249,6.642208126616453,0.0],[124.993217351120364,6.641936908945731,0.0],[124.993216259265054,6.641665691271812,0.0],[124.992945012716447,6.641666782914055,0.0],[124.992946104423353,6.641938000632828,0.0]]],[[[124.997557292068848,6.641919421777751,0.0],[124.9975583863433,6.642190638728249,0.0],[124.997829632412902,6.642189544474317,0.0],[124.997828537990046,6.641918327568939,0.0],[124.997557292068848,6.641919421777751,0.0]]],[[[124.997287140228039,6.642191732833767,0.0],[124.997288234399818,6.642462949826187,0.0],[124.997559480663497,6.64246185567555,0.0],[124.9975583863433,6.642190638728249,0.0],[124.997287140228039,6.642191732833767,0.0]]],[[[124.993218443021249,6.642208126616453,0.0],[124.993219534967693,6.642479344284067,0.0],[124.993490781915796,6.642478252358583,0.0],[124.993489689821033,6.642207034736001,0.0],[124.993218443021249,6.642208126616453,0.0]]],[[[125.002984396335023,6.642439941510845,0.0],[125.002713150986168,6.642441038628353,0.0],[125.002714248170818,6.642712254715186,0.0],[125.002985493667993,6.64271115755247,0.0],[125.002984396335023,6.642439941510845,0.0]]],[[[124.997016988090493,6.642464043828498,0.0],[124.997018082159599,6.642735260862751,0.0],[124.997289328617242,6.642734166815409,0.0],[124.997288234399818,6.642462949826187,0.0],[124.997016988090493,6.642464043828498,0.0]]],[[[125.002444099709976,6.642984567858421,0.0],[125.002443002627814,6.642713351729488,0.0],[125.002171757039079,6.642714448595464,0.0],[125.002172853972823,6.642985664769516,0.0],[125.002444099709976,6.642984567858421,0.0]]],[[[124.996746835656211,6.642736354761767,0.0],[124.996747929622629,6.643007571837942,0.0],[124.99701917627435,6.643006477893985,0.0],[124.997018082159599,6.642735260862751,0.0],[124.996746835656211,6.642736354761767,0.0]]],[[[124.994034368112381,6.64274728559223,0.0],[124.993763121106994,6.642748377859307,0.0],[124.993764213441395,6.643019595430641,0.0],[124.994035460595029,6.643018503118623,0.0],[124.994034368112381,6.64274728559223,0.0]]],[[[124.995664035977754,6.643283163383793,0.0],[124.995935282960488,6.643282069988108,0.0],[124.995934189393566,6.643010852779949,0.0],[124.995933095872203,6.642739635568593,0.0],[124.995661849186291,6.642740728874128,0.0],[124.995662942559235,6.643011946130515,0.0],[124.995664035977754,6.643283163383793,0.0]]],[[[125.001902705020981,6.643257977748438,0.0],[125.001901608189826,6.642986761532375,0.0],[125.001630362361098,6.642987858146818,0.0],[125.001631459043935,6.64325907440809,0.0],[125.001902705020981,6.643257977748438,0.0]]],[[[125.001088966952409,6.643261267282239,0.0],[125.001360213021044,6.643260170919327,0.0],[125.001359116486626,6.642988954612936,0.0],[125.001087870566323,6.642990050930639,0.0],[125.001088966952409,6.643261267282239,0.0]]],[[[124.996476682925262,6.643008665633663,0.0],[124.996477776788936,6.64327988275176,0.0],[124.99674902363472,6.643278788911098,0.0],[124.996747929622629,6.643007571837942,0.0],[124.996476682925262,6.643008665633663,0.0]]],[[[125.000817720837958,6.643262363496736,0.0],[125.00081881712137,6.643533579890168,0.0],[125.001090063384154,6.643532483630552,0.0],[125.001088966952409,6.643261267282239,0.0],[125.000817720837958,6.643262363496736,0.0]]],[[[124.996477776788936,6.64327988275176,0.0],[124.996206529897577,6.643280976444097,0.0],[124.996207623658492,6.643552193604116,0.0],[124.99647887069834,6.64355109986666,0.0],[124.996477776788936,6.64327988275176,0.0]]],[[[124.999734927348413,6.643809180016089,0.0],[125.00000617394258,6.643808084304745,0.0],[125.000277420491003,6.643806988445076,0.0],[125.00054866699368,6.64380589243708,0.0],[125.000547570812856,6.643534676001548,0.0],[125.000276324458582,6.643535771964424,0.0],[125.000005078058578,6.643536867778974,0.0],[124.999733831612744,6.643537963445199,0.0],[124.999734927348413,6.643809180016089,0.0]]],[[[124.995666222951826,6.643825597880668,0.0],[124.995665129441917,6.643554380633785,0.0],[124.99539388226529,6.643555473926086,0.0],[124.995394975626681,6.643826691218,0.0],[124.995666222951826,6.643825597880668,0.0]]],[[[124.999736023129756,6.644080396583871,0.0],[124.999734927348413,6.643809180016089,0.0],[124.999463680708516,6.643810275579018,0.0],[124.999192434022959,6.643811370993622,0.0],[124.999193529507551,6.644082587651554,0.0],[124.999464776341526,6.64408149219192,0.0],[124.999736023129756,6.644080396583871,0.0]]],[[[124.998108541714345,6.644086968006389,0.0],[124.998379788731185,6.644085873140235,0.0],[124.998651035702295,6.644084778125756,0.0],[124.998922282627746,6.644083682962862,0.0],[124.998921187291572,6.643812466259722,0.0],[124.998649940514525,6.643813561377585,0.0],[124.998378693691748,6.643814656347033,0.0],[124.998107446823312,6.643815751168067,0.0],[124.99783619990923,6.643816845840775,0.0],[124.997837294651845,6.644088062724127,0.0],[124.998108541714345,6.644086968006389,0.0]]],[[[124.992413435635171,6.644381143699527,0.0],[124.992412343814934,6.644109925919026,0.0],[124.992141095794182,6.644111017520768,0.0],[124.992142187466087,6.644382235346122,0.0],[124.992413435635171,6.644381143699527,0.0]]],[[[124.995398255984895,6.644640343075001,0.0],[124.995669503755181,6.644639249602577,0.0],[124.995668410108408,6.644368032365109,0.0],[124.995667316507294,6.644096815124443,0.0],[124.995396069033831,6.644097908506805,0.0],[124.99539716248654,6.644369125792413,0.0],[124.995398255984895,6.644640343075001,0.0]]],[[[124.998924473437327,6.644626116359551,0.0],[124.998923378009664,6.644354899662805,0.0],[124.998652130935881,6.64435599487073,0.0],[124.99865322621504,6.644627211612684,0.0],[124.998924473437327,6.644626116359551,0.0]]],[[[124.997567142183527,6.644360374218903,0.0],[124.997295894881219,6.644361468684932,0.0],[124.997296989418402,6.644632685652216,0.0],[124.997568236869114,6.644631591141068,0.0],[124.997567142183527,6.644360374218903,0.0]]],[[[124.997025741922016,6.64463378001495,0.0],[124.997024647533266,6.644362563002635,0.0],[124.996753400139568,6.644363657171835,0.0],[124.996754494379999,6.644634874229269,0.0],[124.997025741922016,6.64463378001495,0.0]]],[[[124.996754494379999,6.644634874229269,0.0],[124.996483246792309,6.644635968295174,0.0],[124.996211999158888,6.644637062212753,0.0],[124.995940751479822,6.644638155981828,0.0],[124.995941845320658,6.644909373171157,0.0],[124.996213093148057,6.644908279357051,0.0],[124.996484340929896,6.644907185394442,0.0],[124.996755588665991,6.644906091283418,0.0],[124.996754494379999,6.644634874229269,0.0]]],[[[124.99404201644893,6.644645808210812,0.0],[124.993770768404985,6.644646900792837,0.0],[124.99377186105842,6.644918118342145,0.0],[124.994043109250867,6.644917025715178,0.0],[124.99404201644893,6.644645808210812,0.0]]],[[[124.999199007616269,6.645438670894319,0.0],[124.998927759994487,6.645439766431047,0.0],[124.99892885560493,6.645710983115269,0.0],[124.999200103375131,6.645709887533333,0.0],[124.999199007616269,6.645438670894319,0.0]]],[[[124.99838745528676,6.645984390604984,0.0],[124.998386359927395,6.645713173833721,0.0],[124.998115112020059,6.645714268970324,0.0],[124.998116207230922,6.645985485786707,0.0],[124.99838745528676,6.645984390604984,0.0]]],[[[124.995403724161122,6.645996429440424,0.0],[124.995402630434583,6.645725212173557,0.0],[124.995131382024979,6.645726305677599,0.0],[124.995132475603015,6.645997522989409,0.0],[124.995403724161122,6.645996429440424,0.0]]],[[[124.993232641880411,6.645733956049935,0.0],[124.992961393105944,6.645735048366661,0.0],[124.992962485496477,6.64600626603836,0.0],[124.993233734419348,6.646005173676692,0.0],[124.993232641880411,6.645733956049935,0.0]]],[[[124.992419987513941,6.646008450316274,0.0],[124.992691236527946,6.646007358251524,0.0],[124.992690144285831,6.645736140534884,0.0],[124.992418895420229,6.645737232554692,0.0],[124.992419987513941,6.646008450316274,0.0]]],[[[124.997303557600745,6.646259987389667,0.0],[124.997302462789492,6.6459887704413,0.0],[124.997031214551043,6.645989865029276,0.0],[124.99675996626685,6.645990959468837,0.0],[124.996488717937012,6.645992053759984,0.0],[124.99648981230294,6.646263270843531,0.0],[124.996761060781196,6.646262176507354,0.0],[124.997032309213793,6.646261082022762,0.0],[124.997303557600745,6.646259987389667,0.0]]],[[[124.995132475603015,6.645997522989409,0.0],[124.994861226999348,6.645998616389979,0.0],[124.99486232047461,6.64626983374371,0.0],[124.99513356922678,6.646268740298109,0.0],[124.995132475603015,6.645997522989409,0.0]]],[[[124.992421079653212,6.646279668074748,0.0],[124.992419987513941,6.646008450316274,0.0],[124.992148738454375,6.646009542232609,0.0],[124.992149830445129,6.646280760036025,0.0],[124.992150922481557,6.646551977836332,0.0],[124.992422171838044,6.646550885830114,0.0],[124.992421079653212,6.646279668074748,0.0]]],[[[124.995676066594172,6.646266552961575,0.0],[124.995677160560419,6.646537770177106,0.0],[124.995948409324043,6.646536676241142,0.0],[124.996219658042108,6.646535582156763,0.0],[124.996218563779024,6.646264365031294,0.0],[124.995947315209378,6.646265459070642,0.0],[124.995676066594172,6.646266552961575,0.0]]],[[[124.995677160560419,6.646537770177106,0.0],[124.99540591175105,6.646538863964566,0.0],[124.995407005614453,6.64681008122193,0.0],[124.995678254572226,6.646808987389439,0.0],[124.995677160560419,6.646537770177106,0.0]]],[[[124.991337174138621,6.646555252964412,0.0],[124.991338265775184,6.646826470896348,0.0],[124.991339357457306,6.647097688825174,0.0],[124.991340449184989,6.647368906750803,0.0],[124.991611699123496,6.647367815055092,0.0],[124.991610607247395,6.647096597174404,0.0],[124.991881856991924,6.647095505375131,0.0],[124.991880765012894,6.646824287536188,0.0],[124.99187967307941,6.646553069694137,0.0],[124.9918785811915,6.646281851848888,0.0],[124.991607331892297,6.646282943513335,0.0],[124.991608423631803,6.646554161403526,0.0],[124.991337174138621,6.646555252964412,0.0]]],[[[124.994865601174141,6.647083485785896,0.0],[124.995136850371651,6.647082392205204,0.0],[124.995135756611106,6.646811174906007,0.0],[124.994864507562014,6.646812268441669,0.0],[124.994865601174141,6.647083485785896,0.0]]],[[[124.994594351930985,6.647084579218085,0.0],[124.994595445440268,6.647355796604146,0.0],[124.994866694831927,6.647354703127015,0.0],[124.994865601174141,6.647083485785896,0.0],[124.994594351930985,6.647084579218085,0.0]]],[[[124.994324196003134,6.647356889932863,0.0],[124.994325289409488,6.647628107360846,0.0],[124.994596538995211,6.647627013987099,0.0],[124.994595445440268,6.647355796604146,0.0],[124.994324196003134,6.647356889932863,0.0]]],[[[124.993782790101335,6.647630293662918,0.0],[124.994054039778192,6.647629200586089,0.0],[124.99405294652027,6.647357983113165,0.0],[124.993781696991832,6.647359076144963,0.0],[124.993782790101335,6.647630293662918,0.0]]],[[[124.993782790101335,6.647630293662918,0.0],[124.993511540378833,6.647631386591244,0.0],[124.993240290610771,6.647632479371066,0.0],[124.993241383468842,6.647903696975885,0.0],[124.993242476372558,6.648174914577418,0.0],[124.993513726437641,6.648173821707624,0.0],[124.993512633385407,6.647902604151033,0.0],[124.993783883256413,6.647901511177676,0.0],[124.993782790101335,6.647630293662918,0.0]]],[[[124.998942006496335,6.648965583080533,0.0],[124.998940910337254,6.648694366434058,0.0],[124.998669660888226,6.648695462363539,0.0],[124.998670756898704,6.648966679055044,0.0],[124.998942006496335,6.648965583080533,0.0]]],[[[124.995144507973308,6.64898091321183,0.0],[124.995143413893373,6.64870969593466,0.0],[124.994872163804942,6.648710789785359,0.0],[124.994873257736458,6.64898200710756,0.0],[124.995144507973308,6.64898091321183,0.0]]],[[[124.995958258410298,6.648977630633799,0.0],[124.995687008310227,6.648978724975039,0.0],[124.995688102732913,6.649249942159039,0.0],[124.995959352981401,6.649248847772857,0.0],[124.995958258410298,6.648977630633799,0.0]]],[[[124.994603101282451,6.64925431821882,0.0],[124.994874351713548,6.649253224426652,0.0],[124.994873257736458,6.64898200710756,0.0],[124.994602007453878,6.648983100854786,0.0],[124.994330757125724,6.64898419445342,0.0],[124.994331850805793,6.649255411862574,0.0],[124.994603101282451,6.64925431821882,0.0]]],[[[124.994060600283575,6.649256505357735,0.0],[124.994061693860715,6.649527722808721,0.0],[124.994332944531536,6.64952662926853,0.0],[124.994331850805793,6.649255411862574,0.0],[124.994060600283575,6.649256505357735,0.0]]],[[[124.992701068757995,6.648448317559983,0.0],[124.992429818407729,6.648449410029387,0.0],[124.992430910957069,6.648720627759528,0.0],[124.992432003551968,6.64899184548656,0.0],[124.992433096192443,6.649263063210484,0.0],[124.992434188878562,6.649534280931211,0.0],[124.992435281610156,6.649805498648829,0.0],[124.99243637438731,6.650076716363249,0.0],[124.992437467210124,6.650347934074561,0.0],[124.992708718599999,6.650346841290564,0.0],[124.992707625628682,6.650075623624194,0.0],[124.99270653270294,6.649804405954716,0.0],[124.992705439822842,6.64953318828204,0.0],[124.992704346988219,6.649261970606255,0.0],[124.992703254199242,6.648990752927362,0.0],[124.992702161455838,6.648719535245271,0.0],[124.992701068757995,6.648448317559983,0.0]]],[[[124.994061693860715,6.649527722808721,0.0],[124.993790443144334,6.64952881620041,0.0],[124.993791536618545,6.649800033693141,0.0],[124.994062787483514,6.649798940256422,0.0],[124.994061693860715,6.649527722808721,0.0]]],[[[124.999218738271693,6.650320569917132,0.0],[124.999217641735498,6.650049353331497,0.0],[124.999216545245133,6.649778136742666,0.0],[124.998945295247736,6.649779233001039,0.0],[124.998946391589598,6.650050449634901,0.0],[124.99894748797729,6.650321666265655,0.0],[124.999218738271693,6.650320569917132,0.0]]],[[[124.994064974865879,6.650341375142585,0.0],[124.99406388115186,6.650070157701102,0.0],[124.993792630138387,6.650071251182763,0.0],[124.993793723703902,6.650342468669277,0.0],[124.994064974865879,6.650341375142585,0.0]]],[[[124.993793723703902,6.650342468669277,0.0],[124.993522472496267,6.650343562047376,0.0],[124.993523565958739,6.650614779575634,0.0],[124.993794817314878,6.650613686152593,0.0],[124.993793723703902,6.650342468669277,0.0]]],[[[124.993523565958739,6.650614779575634,0.0],[124.993252314557054,6.650615872850261,0.0],[124.992981063109696,6.650616965976295,0.0],[124.992709811616876,6.650618058953737,0.0],[124.992710904679313,6.650889276613801,0.0],[124.992982156320735,6.650888183591417,0.0],[124.993253407916583,6.650887090420352,0.0],[124.993524659466871,6.650885997100873,0.0],[124.993523565958739,6.650614779575634,0.0]]],[[[124.99867733392189,6.650593979138439,0.0],[124.998678430252383,6.650865195808007,0.0],[124.998679526628621,6.651136412474377,0.0],[124.998950777414365,6.651135316139087,0.0],[124.998949680889623,6.650864099517748,0.0],[124.998948584410627,6.6505928828933,0.0],[124.99867733392189,6.650593979138439,0.0]]],[[[125.004103434304326,6.650843241781943,0.0],[125.003832184536705,6.6508443408943,0.0],[125.003833283735474,6.651115556702867,0.0],[125.004104533651613,6.651114457545302,0.0],[125.004103434304326,6.650843241781943,0.0]]],[[[124.992984342879495,6.651430618812157,0.0],[124.992983249577335,6.651159401203341,0.0],[124.992711997787325,6.651160494270756,0.0],[124.992713090940896,6.651431711924514,0.0],[124.992984342879495,6.651430618812157,0.0]]],[[[125.004104533651613,6.651114457545302,0.0],[125.004105633044631,6.651385673305552,0.0],[125.004106732483564,6.651656889062605,0.0],[125.004107831968341,6.651928104816549,0.0],[125.004379082284331,6.651927005374767,0.0],[125.00437798265105,6.651655789666031,0.0],[125.004376883063514,6.651384573954187,0.0],[125.004375783521908,6.651113358239233,0.0],[125.004104533651613,6.651114457545302,0.0]]],[[[124.992713090940896,6.651431711924514,0.0],[124.992441838956822,6.651432804888366,0.0],[124.99244293200735,6.651704022583957,0.0],[124.992714184140112,6.651702929575163,0.0],[124.992713090940896,6.651431711924514,0.0]]],[[[124.998683912590522,6.652221279108503,0.0],[124.998682816031504,6.651950062454657,0.0],[124.998681719518132,6.651678845797702,0.0],[124.998680623050504,6.651407629137638,0.0],[124.998679526628621,6.651136412474377,0.0],[124.998408275797132,6.651137508661162,0.0],[124.998409372070427,6.651408725369543,0.0],[124.998410468389551,6.651679942074638,0.0],[124.998411564754335,6.651951158776712,0.0],[124.998412661164764,6.652222375475678,0.0],[124.998683912590522,6.652221279108503,0.0]]],[[[124.991359015522875,6.651979611005729,0.0],[124.991630267986295,6.651978518546184,0.0],[124.991629175335888,6.651707300718965,0.0],[124.991357923021056,6.65170839313348,0.0],[124.991359015522875,6.651979611005729,0.0]]],[[[124.9921738657698,6.652247550915811,0.0],[124.9924451182453,6.652246457965636,0.0],[124.992444025103552,6.651975240276351,0.0],[124.99244293200735,6.651704022583957,0.0],[124.992171679829127,6.65170511544416,0.0],[124.992172772776726,6.651976333181584,0.0],[124.99190152040434,6.651977425938136,0.0],[124.991902613248911,6.652248643717305,0.0],[124.991903706138956,6.652519861493364,0.0],[124.992174958808519,6.652518768646929,0.0],[124.9921738657698,6.652247550915811,0.0]]],[[[124.998417047263715,6.653307242239834,0.0],[124.998415950670406,6.65303602555348,0.0],[124.998414854122842,6.652764808864018,0.0],[124.998413757620938,6.652493592171358,0.0],[124.998412661164764,6.652222375475678,0.0],[124.998141409693261,6.652223471694172,0.0],[124.998142506000917,6.65249468843506,0.0],[124.998143602354148,6.652765905172751,0.0],[124.998144698753123,6.653037121907333,0.0],[124.998145795197843,6.653308338638717,0.0],[124.998417047263715,6.653307242239834,0.0]]],[[[125.003842078974856,6.653285283058161,0.0],[125.003840979409532,6.65301406727473,0.0],[125.003569728407513,6.653015166600249,0.0],[125.003570827824248,6.6532863824288,0.0],[125.003842078974856,6.653285283058161,0.0]]],[[[124.998688299283842,6.65330614569227,0.0],[124.998959551258324,6.653305048996203,0.0],[124.999230803187075,6.653303952151544,0.0],[124.999229706147986,6.653032735600548,0.0],[124.998958454367838,6.653033832400088,0.0],[124.998687202541944,6.653034929051036,0.0],[124.998688299283842,6.65330614569227,0.0]]],[[[124.997332038726114,6.653311626943901,0.0],[124.997060786477462,6.653312722748415,0.0],[124.997061882373359,6.653583939656902,0.0],[124.997333134770614,6.653582843807357,0.0],[124.997332038726114,6.653311626943901,0.0]]],[[[124.995163114314224,6.653591606443485,0.0],[124.995162019458547,6.653320389219695,0.0],[124.994890766844762,6.653321483835559,0.0],[124.994891861551835,6.653592701104292,0.0],[124.995163114314224,6.653591606443485,0.0]]],[[[124.995976872327816,6.653588321569424,0.0],[124.995705619702306,6.653589416676007,0.0],[124.99570671490082,6.653860633806539,0.0],[124.995977967674918,6.653859538654925,0.0],[124.99624922040347,6.65385844335463,0.0],[124.99624812490768,6.653587226314159,0.0],[124.995976872327816,6.653588321569424,0.0]]],[[[124.994891861551835,6.653592701104292,0.0],[124.994620608743716,6.653593795616595,0.0],[124.99462170334786,6.65386501292716,0.0],[124.994892956304483,6.653863918369916,0.0],[124.994891861551835,6.653592701104292,0.0]]],[[[124.995435462081048,6.653861728809649,0.0],[124.995436557176617,6.654132945982014,0.0],[124.995707810144978,6.654131850933962,0.0],[124.99570671490082,6.653860633806539,0.0],[124.995435462081048,6.653861728809649,0.0]]],[[[124.994892956304483,6.653863918369916,0.0],[124.994894051102776,6.654135135632342,0.0],[124.995165304162526,6.654134040881474,0.0],[124.995164209215545,6.653862823664078,0.0],[124.994892956304483,6.653863918369916,0.0]]],[[[125.002491317562274,6.654646858425104,0.0],[125.002762569639245,6.654645759422881,0.0],[125.002761470439324,6.654374543474426,0.0],[125.002490218510928,6.654375642431529,0.0],[125.002218966536901,6.654376741239951,0.0],[125.002220065439559,6.654647957278734,0.0],[125.002491317562274,6.654646858425104,0.0]]],[[[124.995437652317761,6.65440416315136,0.0],[124.995166399155067,6.65440525809585,0.0],[124.995167494193268,6.654676475307029,0.0],[124.995438747504636,6.654675380317507,0.0],[124.995437652317761,6.65440416315136,0.0]]],[[[125.000052242374053,6.655199175547719,0.0],[125.000323495160245,6.655198077792766,0.0],[125.000594747900692,6.655196979889308,0.0],[125.000593649798276,6.654925763585848,0.0],[125.000322397206517,6.654926861444275,0.0],[125.000051144568914,6.65492795915402,0.0],[125.000052242374053,6.655199175547719,0.0]]],[[[124.991914637545761,6.655232039080681,0.0],[124.991643383344439,6.655233132228031,0.0],[124.991642290147439,6.654961914438471,0.0],[124.99137103604923,6.654963007392198,0.0],[124.991099781905376,6.654964100197245,0.0],[124.990828527716033,6.654965192853699,0.0],[124.990829620467167,6.655236410777996,0.0],[124.991100874805184,6.655235318076689,0.0],[124.991101967750382,6.655506535952846,0.0],[124.991373222191513,6.655505443057916,0.0],[124.991644476586998,6.655504350014394,0.0],[124.991915730936995,6.655503256822102,0.0],[124.992186985241446,6.655502163481306,0.0],[124.99218589170161,6.655230945784827,0.0],[124.991914637545761,6.655232039080681,0.0]]],[[[124.99842691866003,6.655748192274911,0.0],[124.998425821655417,6.655476975616978,0.0],[124.998154568400537,6.655478072376551,0.0],[124.998155665256476,6.655749289079602,0.0],[124.99842691866003,6.655748192274911,0.0]]],[[[124.992729493713625,6.655499976353672,0.0],[124.992458239500323,6.655501069991829,0.0],[124.992459333234493,6.655772287640169,0.0],[124.992730587596398,6.65577119395707,0.0],[124.992729493713625,6.655499976353672,0.0]]],[[[124.997070651185268,6.655753674811735,0.0],[124.996799397553261,6.65575477087311,0.0],[124.996800493711632,6.656025987798384,0.0],[124.997071747492313,6.65602489169189,0.0],[124.997070651185268,6.655753674811735,0.0]]],[[[125.003582924432592,6.656269756335473,0.0],[125.003581824511727,6.655998540541561,0.0],[125.003310571829005,6.655999640215602,0.0],[125.003311671601111,6.656270856054722,0.0],[125.003582924432592,6.656269756335473,0.0]]],[[[124.99435920763122,6.656035846067341,0.0],[124.994087953394114,6.656036940687291,0.0],[124.994089048111405,6.656308158059585,0.0],[124.994360302497199,6.656307063394693,0.0],[124.99435920763122,6.656035846067341,0.0]]],[[[124.995987827853639,6.656300492283127,0.0],[124.995716573741674,6.656301587840017,0.0],[124.995717669396612,6.656572804939107,0.0],[124.995988923657265,6.656571709337187,0.0],[124.995987827853639,6.656300492283127,0.0]]],[[[125.001423890330329,6.658990711307742,0.0],[125.001422791141152,6.658719495183871,0.0],[125.001151536605079,6.65872059412028,0.0],[125.001152635645482,6.65899181028927,0.0],[125.00115373473173,6.659263026455151,0.0],[125.001154833863723,6.659534242617924,0.0],[125.001426088846017,6.659533143546068,0.0],[125.001424989565265,6.659261927428504,0.0],[125.001423890330329,6.658990711307742,0.0]]],[[[124.992745906740836,6.659568240074596,0.0],[124.99274481222001,6.659297022515251,0.0],[124.992473555924889,6.659298116782773,0.0],[124.992474650296955,6.659569334387059,0.0],[124.992745906740836,6.659568240074596,0.0]]],[[[124.996814747926152,6.659551807539974,0.0],[124.996543492166609,6.659552904083363,0.0],[124.99654458881551,6.659824121009525,0.0],[124.996815844723827,6.659823024421105,0.0],[124.996814747926152,6.659551807539974,0.0]]],[[[124.992474650296955,6.659569334387059,0.0],[124.9922033938075,6.659570428550752,0.0],[124.992204488076439,6.659841646196871,0.0],[124.992475744714667,6.659840551988148,0.0],[124.992474650296955,6.659569334387059,0.0]]],[[[124.991934325558404,6.660113957944689,0.0],[124.992205582390952,6.660112863839793,0.0],[124.992204488076439,6.659841646196871,0.0],[124.991933231392665,6.659842740256825,0.0],[124.991661974663316,6.659843834168009,0.0],[124.991663068680282,6.660115051900815,0.0],[124.991934325558404,6.660113957944689,0.0]]],[[[125.00441319365477,6.660334690782563,0.0],[125.004412092600319,6.660063475171527,0.0],[125.004140837824337,6.660064575969735,0.0],[125.004141938730015,6.660335791626069,0.0],[125.00441319365477,6.660334690782563,0.0]]],[[[124.998986988379173,6.660085462876162,0.0],[124.998715732687572,6.660086560699683,0.0],[124.998716830618037,6.660357777259027,0.0],[124.998988086458311,6.660356679390476,0.0],[124.998986988379173,6.660085462876162,0.0]]],[[[124.996004269701785,6.660368747763354,0.0],[124.995733013358986,6.660369843995704,0.0],[124.995734109698617,6.660641061047543,0.0],[124.996005366190204,6.660639964770252,0.0],[124.996004269701785,6.660368747763354,0.0]]],[[[124.998719026615987,6.660900210368301,0.0],[124.998717928594147,6.660628993815263,0.0],[124.998446672559353,6.660630091580075,0.0],[124.998447770432435,6.660901308178233,0.0],[124.998719026615987,6.660900210368301,0.0]]],[[[125.004144140678861,6.660878222929143,0.0],[125.003872885410757,6.660879323714295,0.0],[125.003873986305152,6.661150539406333,0.0],[125.004145241722128,6.661149438575973,0.0],[125.004144140678861,6.660878222929143,0.0]]],[[[125.001161429616729,6.661161539528035,0.0],[125.000890173695979,6.661162638722016,0.0],[125.000891272999567,6.661433854907881,0.0],[125.001162529069077,6.661432755668693,0.0],[125.001161429616729,6.661161539528035,0.0]]],[[[125.003333676665093,6.661695172176239,0.0],[125.003604932471276,6.661694071553002,0.0],[125.003603831633981,6.661422855822061,0.0],[125.003332575976586,6.66142395640009,0.0],[125.003333676665093,6.661695172176239,0.0]]],[[[125.000349859775085,6.661707269212678,0.0],[125.000348760723398,6.661436052939771,0.0],[125.000077504516653,6.661437151732561,0.0],[125.000078603419581,6.661708368050587,0.0],[125.000349859775085,6.661707269212678,0.0]]],[[[124.998178709788888,6.661444839116446,0.0],[124.997907453216314,6.661445936719077,0.0],[124.997908550928898,6.661717153397881,0.0],[124.998179807650246,6.66171605575022,0.0],[124.998178709788888,6.661444839116446,0.0]]],[[[124.99519488497873,6.661456904562777,0.0],[124.995195981203352,6.661728121691977,0.0],[124.99519707747362,6.661999338818156,0.0],[124.995468334800449,6.661998242613252,0.0],[124.995467238381394,6.661727025532103,0.0],[124.995466142007913,6.661455808447845,0.0],[124.99519488497873,6.661456904562777,0.0]]],[[[125.003333676665093,6.661695172176239,0.0],[125.00306242081318,6.661696272650706,0.0],[125.003063521398673,6.661967488468865,0.0],[125.00333477739936,6.66196638794919,0.0],[125.003333676665093,6.661695172176239,0.0]]],[[[125.000078603419581,6.661708368050587,0.0],[124.999807347018319,6.661709466739727,0.0],[124.999808445818218,6.661980683099764,0.0],[125.00007970236824,6.661979584365505,0.0],[125.000078603419581,6.661708368050587,0.0]]],[[[124.994925820101145,6.662000434874291,0.0],[124.994926916268298,6.662271652042304,0.0],[124.995198173789547,6.662270555941139,0.0],[124.99519707747362,6.661999338818156,0.0],[124.994925820101145,6.662000434874291,0.0]]],[[[125.00279226535207,6.661968588839771,0.0],[125.002521009259823,6.661969689061817,0.0],[125.002522109593514,6.662240904967196,0.0],[125.002523209973035,6.662512120869466,0.0],[125.002794466362914,6.662511020557003,0.0],[125.00279336583462,6.662239804699941,0.0],[125.003064622029996,6.662238704283916,0.0],[125.003063521398673,6.661967488468865,0.0],[125.00279226535207,6.661968588839771,0.0]]],[[[124.998996872737663,6.662526411391032,0.0],[124.999268129722623,6.662525313012932,0.0],[124.999539386661752,6.662524214486063,0.0],[124.999538287919236,6.662252998087212,0.0],[124.999267031128866,6.662254096568963,0.0],[124.998995774292766,6.662255194902031,0.0],[124.998996872737663,6.662526411391032,0.0]]],[[[124.994929108739399,6.662814086368827,0.0],[124.994928012481026,6.66254286920712,0.0],[124.994926916268298,6.662271652042304,0.0],[124.994655658701404,6.662272747994611,0.0],[124.994656754765273,6.662543965204457,0.0],[124.994657850874873,6.662815182411195,0.0],[124.994929108739399,6.662814086368827,0.0]]],[[[125.002523209973035,6.662512120869466,0.0],[125.002251953537225,6.662513221033159,0.0],[125.002253053813718,6.66278443697744,0.0],[125.002524310398286,6.662783336768539,0.0],[125.002523209973035,6.662512120869466,0.0]]],[[[124.998455456823777,6.662799824276964,0.0],[124.9987267140489,6.662798726151373,0.0],[124.998725615707045,6.662527509620362,0.0],[124.998454358630781,6.662528607700922,0.0],[124.998183101508673,6.662529705632623,0.0],[124.998184199552909,6.662800922253784,0.0],[124.998455456823777,6.662799824276964,0.0]]],[[[124.994658947030032,6.663086399614735,0.0],[124.994657850874873,6.662815182411195,0.0],[124.994386592964688,6.662816278304704,0.0],[124.994115335008956,6.662817374049532,0.0],[124.994116430866484,6.663088591343045,0.0],[124.994387688971003,6.663087495553275,0.0],[124.994658947030032,6.663086399614735,0.0]]],[[[125.002526511386307,6.663325768557358,0.0],[125.002525410869382,6.663054552664502,0.0],[125.002254154135954,6.663055652918524,0.0],[125.002255254504107,6.663326868856498,0.0],[125.002526511386307,6.663325768557358,0.0]]],[[[124.997915138164188,6.663344453404805,0.0],[124.997643880504214,6.663345551174236,0.0],[124.997644978387854,6.663616767876044,0.0],[124.997916236196602,6.663615670061671,0.0],[124.998187493959705,6.66361457209844,0.0],[124.998186395778419,6.663343355486693,0.0],[124.997915138164188,6.663344453404805,0.0]]],[[[124.997644978387854,6.663616767876044,0.0],[124.99737372053346,6.663617865541647,0.0],[124.997374818313901,6.663889082285377,0.0],[124.997646076317253,6.663887984574743,0.0],[124.997644978387854,6.663616767876044,0.0]]],[[[125.003342483822507,6.66386489827183,0.0],[125.00307122677998,6.663865999107874,0.0],[125.003072327732028,6.664137214900809,0.0],[125.003343584923314,6.664136114019557,0.0],[125.003342483822507,6.66386489827183,0.0]]],[[[124.997103560264904,6.663890179847241,0.0],[124.997104657942231,6.664161396632893,0.0],[124.997375916140086,6.664160299025998,0.0],[124.997374818313901,6.663889082285377,0.0],[124.997103560264904,6.663890179847241,0.0]]],[[[124.9922230976196,6.664452345698799,0.0],[124.992222002576071,6.664181128106237,0.0],[124.991950743511438,6.66418222288526,0.0],[124.991951838406109,6.664453440522764,0.0],[124.9922230976196,6.664452345698799,0.0]]],[[[125.003344686070037,6.664407329764175,0.0],[125.003615943364451,6.664406228688944,0.0],[125.003617044705777,6.664677444385245,0.0],[125.003888302103206,6.664676343115947,0.0],[125.003887200612937,6.664405127464854,0.0],[125.003886099168568,6.664133911810652,0.0],[125.003614842068856,6.664135012989534,0.0],[125.003343584923314,6.664136114019557,0.0],[125.003344686070037,6.664407329764175,0.0]]],[[[125.002802171343745,6.66440953146815,0.0],[125.00253091391194,6.664410632096893,0.0],[125.002532014657916,6.664681847973939,0.0],[125.00280327223858,6.664680747299987,0.0],[125.002802171343745,6.66440953146815,0.0]]],[[[125.001177926208115,6.665229781307045,0.0],[125.001176826114943,6.66495856521053,0.0],[125.000905568110696,6.664959665036538,0.0],[125.000906668054924,6.665230881178172,0.0],[125.001177926208115,6.665229781307045,0.0]]],[[[124.996565433822383,6.664977242008594,0.0],[124.996294175040902,6.664978339304182,0.0],[124.996295272454347,6.665249556212403,0.0],[124.996296369913367,6.665520773117426,0.0],[124.996567628992565,6.665519675731866,0.0],[124.996838888026105,6.665518578197358,0.0],[124.996839985828672,6.665789795009123,0.0],[124.997111244965424,6.665788697280726,0.0],[124.997110147013998,6.66551748051408,0.0],[124.997109049108332,6.665246263744149,0.0],[124.996837790269296,6.665247361382396,0.0],[124.996566531384687,6.665248458871784,0.0],[124.996565433822383,6.664977242008594,0.0]]],[[[124.995481495389413,6.665252847340839,0.0],[124.995210236276463,6.665253944086023,0.0],[124.995211333140048,6.665525161171169,0.0],[124.995482592401856,6.665524064381043,0.0],[124.995481495389413,6.665252847340839,0.0]]],[[[124.994940073832581,6.665526257812435,0.0],[124.994938977117869,6.665255040682259,0.0],[124.9946677179137,6.665256137129636,0.0],[124.994668814479468,6.665527354304843,0.0],[124.994940073832581,6.665526257812435,0.0]]],[[[124.992769997730832,6.665535025583389,0.0],[124.993041257403164,6.665533930133081,0.0],[124.993312517029835,6.665532834533914,0.0],[124.993311421208531,6.665261617133731,0.0],[124.993040161730633,6.665262712687956,0.0],[124.99276890220726,6.665263808093411,0.0],[124.992769997730832,6.665535025583389,0.0]]],[[[124.992498738012955,6.665536120884927,0.0],[124.992497642638227,6.665264903349919,0.0],[124.992226383023635,6.665265998457568,0.0],[124.992227478249504,6.665537216037518,0.0],[124.992498738012955,6.665536120884927,0.0]]],[[[124.999281316414454,6.665779910094369,0.0],[124.999552575139887,6.665778811026155,0.0],[124.999823833819576,6.665777711809082,0.0],[124.999822734379308,6.665506495493188,0.0],[124.999821634984784,6.665235279174184,0.0],[124.999550376602883,6.665236378301018,0.0],[124.999279118175167,6.665237477278994,0.0],[124.999280217271988,6.665508693688325,0.0],[124.999008958649753,6.665509792562561,0.0],[124.99901005764336,6.665781009013725,0.0],[124.999281316414454,6.665779910094369,0.0]]],[[[125.002807676275808,6.665765610595806,0.0],[125.002536418099623,6.665766711450414,0.0],[125.002537519074579,6.666037927311739,0.0],[125.002808777399622,6.666036826411923,0.0],[125.002807676275808,6.665765610595806,0.0]]],[[[125.003081136997437,6.666306941130959,0.0],[125.003080035678934,6.66603572536316,0.0],[125.002808777399622,6.666036826411923,0.0],[125.002809878569266,6.666308042224842,0.0],[125.003081136997437,6.666306941130959,0.0]]],[[[124.996028402992977,6.66633552118546,0.0],[124.996027305545866,6.666064304244821,0.0],[124.99575604607756,6.666065401422814,0.0],[124.995757143375812,6.666336618408484,0.0],[124.996028402992977,6.66633552118546,0.0]]],[[[125.003081136997437,6.666306941130959,0.0],[125.003082238361856,6.666578156895473,0.0],[125.003353496893041,6.666577055607523,0.0],[125.003624755378496,6.666575954170715,0.0],[125.003896013818121,6.666574852584959,0.0],[125.003894912007027,6.666303636955981,0.0],[125.00362365371636,6.666304738496529,0.0],[125.003352395379764,6.666305839888129,0.0],[125.003081136997437,6.666306941130959,0.0]]],[[[124.996570922090442,6.666333326292926,0.0],[124.996299662564496,6.666334423813667,0.0],[124.996300760206296,6.666605640706078,0.0],[124.9965720198811,6.666604543140306,0.0],[124.996570922090442,6.666333326292926,0.0]]],[[[124.994400844605096,6.66634210229001,0.0],[124.994129584714102,6.666343198619615,0.0],[124.994130681164592,6.666614415872183,0.0],[124.994401941204529,6.666613319497547,0.0],[124.994400844605096,6.66634210229001,0.0]]],[[[124.997929416150797,6.666870269697154,0.0],[124.997928317569929,6.666599053078213,0.0],[124.997657058123565,6.666600151388367,0.0],[124.997658156555488,6.666871368052427,0.0],[124.997929416150797,6.666870269697154,0.0]]],[[[124.991419173264688,6.666896589128677,0.0],[124.991690433909383,6.666895494197953,0.0],[124.991689338753602,6.666624276543929,0.0],[124.991418078257851,6.666625371429622,0.0],[124.991419173264688,6.666896589128677,0.0]]],[[[125.002000506359664,6.667396208375451,0.0],[125.001999405453532,6.667124992439608,0.0],[125.001728146395394,6.667126093073503,0.0],[125.001729247152568,6.667397309054466,0.0],[125.002000506359664,6.667396208375451,0.0]]],[[[125.002544125886033,6.667665222412986,0.0],[125.002272866621738,6.667666323435015,0.0],[125.002273967768375,6.667937539319344,0.0],[125.002545227181614,6.667936438252107,0.0],[125.002544125886033,6.667665222412986,0.0]]],[[[124.993863806741231,6.667700381256645,0.0],[124.993592546014455,6.667701477513419,0.0],[124.993593642395041,6.66797269484015,0.0],[124.993864903270847,6.667971598538345,0.0],[124.993863806741231,6.667700381256645,0.0]]],[[[124.999019950643287,6.668221956932805,0.0],[124.999291210754734,6.668220857607463,0.0],[124.999290111200679,6.667949641229751,0.0],[124.999018851238191,6.667950740509885,0.0],[124.999019950643287,6.668221956932805,0.0]]],[[[124.998748690486195,6.66822305610911,0.0],[124.998749789788093,6.668494272573864,0.0],[124.999021050094129,6.668493173352439,0.0],[124.999019950643287,6.668221956932805,0.0],[124.998748690486195,6.66822305610911,0.0]]],[[[124.995222304285377,6.668237331849345,0.0],[124.994951043488697,6.66823842894074,0.0],[124.994952140705337,6.668509646036278,0.0],[124.995223401650861,6.668508548899852,0.0],[124.995222304285377,6.668237331849345,0.0]]],[[[125.003363412574387,6.669017996939961,0.0],[125.003362310648725,6.668746781248989,0.0],[125.003091050926045,6.668747882898516,0.0],[125.003092152702763,6.669019098634696,0.0],[125.003363412574387,6.669017996939961,0.0]]],[[[124.999837030670662,6.669032307353793,0.0],[124.999565770203859,6.66903340711221,0.0],[124.999294509691325,6.669034506721769,0.0],[124.999023249133032,6.669035606182381,0.0],[124.998751988529008,6.669036705493956,0.0],[124.998750889135636,6.668765489035509,0.0],[124.998479628634911,6.668766588153106,0.0],[124.998208368088441,6.668767687121755,0.0],[124.998209467183827,6.669038903670441,0.0],[124.99848072787934,6.669037804656672,0.0],[124.998481827169329,6.669309021157042,0.0],[124.998753087968041,6.669307921949295,0.0],[124.999024348721008,6.6693068225926,0.0],[124.999295609428245,6.669305723086869,0.0],[124.999566870089822,6.669304623432279,0.0],[124.999838130705569,6.669303523628654,0.0],[124.999837030670662,6.669032307353793,0.0]]],[[[124.9979404044727,6.669582435713193,0.0],[124.997939305434855,6.669311219125782,0.0],[124.998210566324971,6.66931012021593,0.0],[124.998209467183827,6.669038903670441,0.0],[124.997938206442669,6.669040002535263,0.0],[124.997666945655865,6.669041101251048,0.0],[124.997668044499008,6.669312317886775,0.0],[124.997396783517516,6.669313416498732,0.0],[124.997397882257459,6.669584633176293,0.0],[124.99766914338791,6.669583534519217,0.0],[124.9979404044727,6.669582435713193,0.0]]],[[[125.000653012806026,6.669571439460573,0.0],[125.000651912278457,6.669300223324268,0.0],[125.000380651799929,6.669301323574648,0.0],[125.000109391275572,6.669302423676169,0.0],[124.999838130705569,6.669303523628654,0.0],[124.999839230786222,6.669574739900406,0.0],[125.000110491505254,6.669573639902802,0.0],[125.00038175217847,6.669572539756161,0.0],[125.000653012806026,6.669571439460573,0.0]]],[[[124.996312837278708,6.669589026314946,0.0],[124.996584098591939,6.66958792825366,0.0],[124.996583000298926,6.669316711441007,0.0],[124.996311739134725,6.669317809457174,0.0],[124.996312837278708,6.669589026314946,0.0]]],[[[125.001195533923749,6.669569238422643,0.0],[125.000924273387767,6.669570339016038,0.0],[125.000653012806026,6.669571439460573,0.0],[125.000654113379355,6.66984265559377,0.0],[125.000925374110125,6.669841555104115,0.0],[125.00119663479505,6.669840454465512,0.0],[125.001195533923749,6.669569238422643,0.0]]],[[[124.997126621081264,6.669585731684333,0.0],[124.996855359859424,6.669586830043515,0.0],[124.99685645834704,6.669858046807939,0.0],[124.997127719717824,6.669856948403816,0.0],[124.997126621081264,6.669585731684333,0.0]]],[[[124.995499053065174,6.669592319604853,0.0],[124.995227791569334,6.669593417070261,0.0],[124.995228889163087,6.669864634104958,0.0],[124.994957627472729,6.66986573146636,0.0],[124.994958724963098,6.67013694854298,0.0],[124.995229986802485,6.670135851136458,0.0],[124.995501248596227,6.670134753581078,0.0],[124.99577251034431,6.670133655876662,0.0],[124.995771412407009,6.669862438935135,0.0],[124.996042673960503,6.669861341126802,0.0],[124.996313935468336,6.669860243169521,0.0],[124.996312837278708,6.669589026314946,0.0],[124.996041575919818,6.669590124227196,0.0],[124.995770314515369,6.669591221990498,0.0],[124.995499053065174,6.669592319604853,0.0]]],[[[125.001470097612156,6.670381785663957,0.0],[125.001468996500336,6.670110569672514,0.0],[125.001197735712097,6.670111670505272,0.0],[125.001198836674973,6.670382886541835,0.0],[125.001470097612156,6.670381785663957,0.0]]],[[[124.994417298385386,6.670410360072396,0.0],[124.994416201147359,6.670139142909002,0.0],[124.994144939171008,6.670140239868503,0.0],[124.994146036260091,6.670411457076928,0.0],[124.994417298385386,6.670410360072396,0.0]]],[[[124.99360351187272,6.67041365063906,0.0],[124.99387477408915,6.670412553932512,0.0],[124.993873677149097,6.670141336679145,0.0],[124.99360241508171,6.670142433340751,0.0],[124.99360351187272,6.67041365063906,0.0]]],[[[125.001471198769721,6.670653001652291,0.0],[125.001199937683594,6.670654102575289,0.0],[125.00120103873796,6.670925318605545,0.0],[125.001472299973116,6.67092421763734,0.0],[125.001471198769721,6.670653001652291,0.0]]],[[[124.991978129547007,6.670962662877042,0.0],[124.991979225580764,6.671233880435676,0.0],[124.992250488517854,6.671232784488077,0.0],[124.992521751409299,6.67123168839153,0.0],[124.992522847786688,6.671502905857172,0.0],[124.992794110781588,6.671501809566647,0.0],[124.993065373730943,6.671500713127174,0.0],[124.993336636634638,6.671499616538576,0.0],[124.993335539810232,6.671228399207849,0.0],[124.993064277055481,6.671229495751416,0.0],[124.993063180425764,6.67095827837255,0.0],[124.993062083841508,6.670687060990574,0.0],[124.993333346298186,6.670685964536891,0.0],[124.993604608709305,6.670684867934349,0.0],[124.99360351187272,6.67041365063906,0.0],[124.99333224961056,6.670414747196749,0.0],[124.993331152968494,6.670143529853321,0.0],[124.993059890809803,6.670144626217032,0.0],[124.993060987302925,6.670415843605402,0.0],[124.992789724949631,6.670416939865018,0.0],[124.992790821339185,6.670688157295133,0.0],[124.992791917774397,6.670959374722139,0.0],[124.992520655077556,6.67096047092278,0.0],[124.992249392335069,6.670961566974385,0.0],[124.991978129547007,6.670962662877042,0.0]]],[[[125.001473401222341,6.671195433619368,0.0],[125.001744662560711,6.671194332457007,0.0],[125.002015923853335,6.671193231145698,0.0],[125.002014822306137,6.670922015254086,0.0],[125.001743561162542,6.670923116520187,0.0],[125.001472299973116,6.67092421763734,0.0],[125.001473401222341,6.671195433619368,0.0]]],[[[125.002288286842131,6.671463345528736,0.0],[125.002287185100144,6.671192129685442,0.0],[125.002015923853335,6.671193231145698,0.0],[125.002017025446293,6.671464447034201,0.0],[125.002288286842131,6.671463345528736,0.0]]],[[[125.002288286842131,6.671463345528736,0.0],[125.002289388629947,6.671734561368923,0.0],[125.002560650128984,6.671733459669213,0.0],[125.002559548192224,6.671462243874235,0.0],[125.002288286842131,6.671463345528736,0.0]]],[[[124.993337733504703,6.671770833866195,0.0],[124.993608996511867,6.671769737083708,0.0],[124.993607899492858,6.67149851980112,0.0],[124.993336636634638,6.671499616538576,0.0],[124.993337733504703,6.671770833866195,0.0]]],[[[125.003103172989668,6.671731255822952,0.0],[125.002831911582277,6.671732357820557,0.0],[125.002833013713911,6.672003573567218,0.0],[125.003104275270417,6.672002471524316,0.0],[125.003103172989668,6.671731255822952,0.0]]],[[[124.994965310863535,6.671764250936083,0.0],[124.994694048084455,6.671765348463663,0.0],[124.994422785259715,6.671766445842207,0.0],[124.994423882771486,6.672037662986594,0.0],[124.994695145745169,6.672036565563109,0.0],[124.994966408673292,6.672035467990587,0.0],[124.995237671555856,6.672034370269029,0.0],[124.99550893439276,6.672033272398434,0.0],[124.995780197183919,6.672032174378892,0.0],[124.995779098927059,6.671760957459481,0.0],[124.995507836284844,6.671762055434081,0.0],[124.995236573597055,6.671763153259556,0.0],[124.994965310863535,6.671764250936083,0.0]]],[[[124.99415152238933,6.671767543071714,0.0],[124.993880259473386,6.671768640152185,0.0],[124.993881356687083,6.672039857386634,0.0],[124.994152619752072,6.672038760261132,0.0],[124.99415152238933,6.671767543071714,0.0]]],[[[125.003377741777996,6.672543800635542,0.0],[125.003376639256629,6.672272584985603,0.0],[125.003375536781007,6.672001369332468,0.0],[125.003104275270417,6.672002471524316,0.0],[125.00310537759691,6.672273687222661,0.0],[125.003106479969247,6.672544902917807,0.0],[125.0031075823874,6.672816118609846,0.0],[125.003378844345178,6.672815016282372,0.0],[125.003377741777996,6.672543800635542,0.0]]],[[[125.003378844345178,6.672815016282372,0.0],[125.003379946958205,6.673086231926004,0.0],[125.003651209019196,6.673085129404375,0.0],[125.00365010625714,6.672813913805862,0.0],[125.003378844345178,6.672815016282372,0.0]]],[[[124.998768484915047,6.673104951992301,0.0],[124.998497222030181,6.673106051831366,0.0],[124.998498322006029,6.673377268284484,0.0],[124.998769585039923,6.6733761684003,0.0],[124.998768484915047,6.673104951992301,0.0]]],[[[124.991990188424282,6.673946055848909,0.0],[124.991718923951183,6.673947152096802,0.0],[124.991447659432595,6.673948248195747,0.0],[124.991176394868361,6.673949344145567,0.0],[124.991177490956034,6.674220561804387,0.0],[124.991448755669396,6.674219465809625,0.0],[124.991720020337098,6.674218369665739,0.0],[124.991991284959241,6.674217273372816,0.0],[124.991990188424282,6.673946055848909,0.0]]],[[[124.991991284959241,6.674217273372816,0.0],[124.99199238153976,6.674488490893702,0.0],[124.992263646265457,6.674487394406712,0.0],[124.992262549535909,6.674216176930856,0.0],[124.991991284959241,6.674217273372816,0.0]]],[[[124.993079634659651,6.675026538724169,0.0],[124.993078537391597,6.674755321389445,0.0],[124.992807272653536,6.674756418368575,0.0],[124.992808369772476,6.675027635748152,0.0],[124.993079634659651,6.675026538724169,0.0]]],[[[125.001220865544724,6.67580720661086,0.0],[125.000949601580643,6.675808308242712,0.0],[125.000678337570804,6.675809409725439,0.0],[125.000679439196702,6.676080625785983,0.0],[125.000950703355571,6.676079524258136,0.0],[125.001221967468794,6.676078422581164,0.0],[125.001493231536273,6.676077320755067,0.0],[125.001764495557907,6.676076218779845,0.0],[125.002035759533726,6.676075116655587,0.0],[125.002034657162199,6.675803900820729,0.0],[125.001763393335509,6.675805002899868,0.0],[125.001492129462989,6.675806104829882,0.0],[125.001220865544724,6.67580720661086,0.0]]],[[[125.002850654051102,6.676343025084184,0.0],[125.002579390063559,6.676344127700937,0.0],[125.002580492825004,6.676615343439161,0.0],[125.002851756961661,6.676614240777199,0.0],[125.002850654051102,6.676343025084184,0.0]]],[[[125.000409276514432,6.676352943267347,0.0],[125.000138012114789,6.676354044542152,0.0],[124.999866747669472,6.676355145667832,0.0],[124.999595483178339,6.676356246644475,0.0],[124.999596584299226,6.676627462879279,0.0],[124.999867848939488,6.676626361857516,0.0],[125.000139113534004,6.676625260686717,0.0],[125.000410378082691,6.676624159366793,0.0],[125.000409276514432,6.676352943267347,0.0]]],[[[124.997427565504523,6.67690748227717,0.0],[124.997426465531078,6.676636265684874,0.0],[124.997155200479412,6.676637365364511,0.0],[124.997156300303729,6.676908582001926,0.0],[124.997427565504523,6.67690748227717,0.0]]],[[[124.998784991588138,6.677173197780371,0.0],[124.999056256663877,6.677172097115833,0.0],[124.999055155749858,6.676900880797185,0.0],[124.998783890823248,6.676901981416603,0.0],[124.998512625850893,6.676903081886985,0.0],[124.998513726466669,6.677174298295872,0.0],[124.998784991588138,6.677173197780371,0.0]]],[[[124.997428665523699,6.677178698866357,0.0],[124.997699930828063,6.677177598947446,0.0],[124.997698830659743,6.676906382403289,0.0],[124.997427565504523,6.67690748227717,0.0],[124.997428665523699,6.677178698866357,0.0]]],[[[124.996072338317063,6.677184196224126,0.0],[124.996343603849681,6.677183097050841,0.0],[124.996614869336739,6.67718199772843,0.0],[124.996613769765005,6.676910781004062,0.0],[124.996342504427176,6.676911880281442,0.0],[124.996071239043602,6.676912979409697,0.0],[124.996072338317063,6.677184196224126,0.0]]],[[[125.00339759499883,6.677425681794689,0.0],[125.003396491652623,6.677154466201594,0.0],[125.003395388352232,6.676883250605301,0.0],[125.00312412415802,6.676884353610721,0.0],[125.003125227309283,6.677155569252222,0.0],[125.003126330506362,6.677426784890526,0.0],[125.00339759499883,6.677425681794689,0.0]]],[[[124.996886134778137,6.677180898256894,0.0],[124.996614869336739,6.67718199772843,0.0],[124.996615968954103,6.6774532144496,0.0],[124.99688723454463,6.677452114932945,0.0],[124.997158500089412,6.677451015267253,0.0],[124.997157400173791,6.677179798636144,0.0],[124.996886134778137,6.677180898256894,0.0]]],[[[124.996072338317063,6.677184196224126,0.0],[124.995801072738715,6.677185295248287,0.0],[124.995802171908622,6.677456512104549,0.0],[124.996073437636099,6.677455413035358,0.0],[124.996072338317063,6.677184196224126,0.0]]],[[[124.993904408709682,6.677735418581396,0.0],[124.994175674905762,6.677734320511139,0.0],[124.994446941056282,6.677733222291757,0.0],[124.994445842586529,6.677462005213628,0.0],[124.994717108542176,6.677460906890063,0.0],[124.994988374452262,6.677459808417372,0.0],[124.994987275729827,6.677188591426018,0.0],[124.99525854144504,6.677187492849233,0.0],[124.995259640316704,6.677458709795556,0.0],[124.995530906135485,6.677457611024704,0.0],[124.995529807114707,6.677186394123322,0.0],[124.995528708139574,6.676915177218832,0.0],[124.995257442619121,6.6769162758998,0.0],[124.994986177052937,6.676917374431555,0.0],[124.994714911441193,6.676918472814184,0.0],[124.994716009968855,6.677189689853678,0.0],[124.994444744162323,6.677190788132212,0.0],[124.994173478310145,6.677191886261622,0.0],[124.994174576585124,6.677463103387979,0.0],[124.993903310538172,6.677464201413206,0.0],[124.993632044445647,6.677465299289396,0.0],[124.993633142467942,6.677736516502528,0.0],[124.993904408709682,6.677735418581396,0.0]]],[[[124.99743086569913,6.677721132035228,0.0],[124.997431965855441,6.677992348614912,0.0],[124.997703231607176,6.677991248560731,0.0],[124.997704331958275,6.678262465092186,0.0],[124.997975597813564,6.678261364843849,0.0],[124.997974497313251,6.677990148357513,0.0],[124.997973396858683,6.67771893186798,0.0],[124.997702131301722,6.677720032026166,0.0],[124.997701031042027,6.677448815488405,0.0],[124.997429765588635,6.677449915452347,0.0],[124.99743086569913,6.677721132035228,0.0]]],[[[125.003128537037952,6.67796921615754,0.0],[125.002857272201311,6.677970319194579,0.0],[125.00285837538668,6.678241534868588,0.0],[125.003129640372521,6.678240431786429,0.0],[125.003128537037952,6.67796921615754,0.0]]],[[[124.998517028588267,6.677987947503436,0.0],[124.998245762973582,6.677989048005082,0.0],[124.998246863623109,6.678260264446387,0.0],[124.998518129386923,6.678259163899711,0.0],[124.998517028588267,6.677987947503436,0.0]]],[[[124.993362974099384,6.678008831529412,0.0],[124.99336407206367,6.678280048781269,0.0],[124.993365170073631,6.678551266029928,0.0],[124.993636436808472,6.678550168123096,0.0],[124.993635338649312,6.678278950919379,0.0],[124.993634240535897,6.678007733712463,0.0],[124.993362974099384,6.678008831529412,0.0]]],[[[124.992551369595503,6.678554558855674,0.0],[124.992280102678308,6.678555656165917,0.0],[124.992281200137057,6.678826873591324,0.0],[124.992552467203467,6.67882577623605,0.0],[124.992823734224316,6.678824678731741,0.0],[124.993095001199507,6.678823581078128,0.0],[124.993366268129137,6.678822483275479,0.0],[124.993365170073631,6.678551266029928,0.0],[124.993093903293214,6.678552363787724,0.0],[124.992822636467139,6.678553461396306,0.0],[124.992821538755535,6.678282244057674,0.0],[124.992550272033114,6.6782833414721,0.0],[124.992551369595503,6.678554558855674,0.0]]],[[[124.999061761920132,6.678528178661822,0.0],[124.998790496098593,6.678529279551868,0.0],[124.998791597137767,6.678800495896717,0.0],[124.999062863108605,6.678799394961552,0.0],[124.999061761920132,6.678528178661822,0.0]]],[[[125.003947850641666,6.679321983586104,0.0],[125.003946746676306,6.679050768105541,0.0],[125.003675481380384,6.679051871770878,0.0],[125.003676585196629,6.679323087296649,0.0],[125.003947850641666,6.679321983586104,0.0]]],[[[124.999063964342724,6.679070611258084,0.0],[124.998792698222758,6.679071712238369,0.0],[124.998793799353507,6.679342928576824,0.0],[124.999065065622602,6.679341827551508,0.0],[124.999063964342724,6.679070611258084,0.0]]],[[[125.003948954652941,6.679593199063558,0.0],[125.004220220201375,6.67959209515868,0.0],[125.004219116040957,6.679320879726434,0.0],[125.003947850641666,6.679321983586104,0.0],[125.003948954652941,6.679593199063558,0.0]]],[[[124.999065065622602,6.679341827551508,0.0],[124.999066166948296,6.679613043841734,0.0],[124.999337433320861,6.679611942622086,0.0],[124.999336331846038,6.679340726376979,0.0],[124.999065065622602,6.679341827551508,0.0]]],[[[124.993369562569328,6.679636134993037,0.0],[124.993368464377028,6.679364917756989,0.0],[124.99309719714897,6.679366015649699,0.0],[124.993098295192056,6.679637232930689,0.0],[124.993369562569328,6.679636134993037,0.0]]],[[[124.993369562569328,6.679636134993037,0.0],[124.993370660807187,6.679907352225887,0.0],[124.993371759090692,6.680178569455628,0.0],[124.993643026720832,6.680177471278879,0.0],[124.993914294305227,6.680176372952915,0.0],[124.99391319572328,6.679905155813146,0.0],[124.993641928288099,6.679906254094168,0.0],[124.99364082990094,6.67963503690626,0.0],[124.993369562569328,6.679636134993037,0.0]]],[[[124.999609801317547,6.679882057450102,0.0],[124.999338534841428,6.679883158864084,0.0],[124.999339636407726,6.680154375102796,0.0],[124.999610903033073,6.680153273643783,0.0],[124.999609801317547,6.679882057450102,0.0]]],[[[125.004224637301746,6.680676956855867,0.0],[125.004223532957838,6.680405741436233,0.0],[125.004222428659858,6.680134526013579,0.0],[125.003951162812996,6.680135630008874,0.0],[125.003952266961775,6.680406845476825,0.0],[125.003953371156371,6.680678060941578,0.0],[125.004224637301746,6.680676956855867,0.0]]],[[[124.991747444791002,6.680998807862424,0.0],[124.991748542361393,6.681270025349204,0.0],[124.992019810861947,6.681268927887882,0.0],[124.992018713142258,6.680997710446044,0.0],[124.992017615468129,6.680726493001008,0.0],[124.991746347266087,6.680727590372446,0.0],[124.991747444791002,6.680998807862424,0.0]]],[[[125.00151417962708,6.681230422732463,0.0],[125.001513076683921,6.680959206867407,0.0],[125.001241809931216,6.680960309506276,0.0],[125.001242912725075,6.68123152541654,0.0],[125.00151417962708,6.681230422732463,0.0]]],[[[124.992292177231406,6.681539047671134,0.0],[124.992291079316843,6.681267830277346,0.0],[124.992019810861947,6.681268927887882,0.0],[124.992020908627197,6.681540145326612,0.0],[124.992292177231406,6.681539047671134,0.0]]],[[[124.99256344579004,6.681537949866354,0.0],[124.992292177231406,6.681539047671134,0.0],[124.992293275191528,6.681810265061725,0.0],[124.992564543899377,6.681809167212003,0.0],[124.992835812561665,6.681808069213155,0.0],[124.992834714303029,6.681536851912449,0.0],[124.99256344579004,6.681537949866354,0.0]]],[[[124.99446342357777,6.681801478085689,0.0],[124.994192155189126,6.681802576979998,0.0],[124.994193254239576,6.682073794052621,0.0],[124.99446452277752,6.68207269511337,0.0],[124.99446342357777,6.681801478085689,0.0]]],[[[124.994736890664512,6.682342813004269,0.0],[124.994735791269804,6.682071596024817,0.0],[124.99446452277752,6.68207269511337,0.0],[124.994465622022929,6.682343912137854,0.0],[124.994736890664512,6.682342813004269,0.0]]],[[[124.995009258849947,6.682612930652785,0.0],[124.995008159260465,6.682341713721471,0.0],[124.994736890664512,6.682342813004269,0.0],[124.994737990104795,6.682614029980614,0.0],[124.995009258849947,6.682612930652785,0.0]]],[[[124.995281627334066,6.682883048058916,0.0],[124.995280527549539,6.682611831175742,0.0],[124.995009258849947,6.682612930652785,0.0],[124.995010358485175,6.68288414758099,0.0],[124.995281627334066,6.682883048058916,0.0]]],[[[124.995282727164167,6.683154264938893,0.0],[124.995553996116612,6.683153165222575,0.0],[124.995552896137227,6.68288194838754,0.0],[124.995281627334066,6.682883048058916,0.0],[124.995282727164167,6.683154264938893,0.0]]],[[[124.993113672582965,6.683434274532982,0.0],[124.993384942049772,6.683433175965789,0.0],[124.993383843218965,6.683161958773973,0.0],[124.993382744433902,6.68289074157896,0.0],[124.993111475265707,6.682891840056269,0.0],[124.993112573901556,6.683163057296224,0.0],[124.993113672582965,6.683434274532982,0.0]]],[[[124.996098734577629,6.683693398822386,0.0],[124.996097634208311,6.683422182083807,0.0],[124.995826365197857,6.683423282143761,0.0],[124.995827465417861,6.683694498927371,0.0],[124.996098734577629,6.683693398822386,0.0]]],[[[124.993386040926055,6.683704393154408,0.0],[124.993657310496502,6.683703294392971,0.0],[124.99365621147092,6.683432077249294,0.0],[124.993384942049772,6.683433175965789,0.0],[124.993386040926055,6.683704393154408,0.0]]],[[[124.997999820383029,6.684228126745038,0.0],[124.997728551244407,6.684229227985026,0.0],[124.99745728206014,6.6842303290758,0.0],[124.997186012830127,6.684231430017182,0.0],[124.997187113933691,6.684502646566135,0.0],[124.997458383313003,6.684501545579633,0.0],[124.997729652646569,6.684500444443828,0.0],[124.998000921934491,6.68449934315881,0.0],[124.997999820383029,6.684228126745038,0.0]]],[[[124.996915844508635,6.684503747403334,0.0],[124.99691474355437,6.684232530809351,0.0],[124.996643474232968,6.684233631452217,0.0],[124.996644575037919,6.684504848091231,0.0],[124.996915844508635,6.684503747403334,0.0]]],[[[124.998543460373298,6.684497140140775,0.0],[124.998272191176767,6.684498241724399,0.0],[124.998273292923372,6.684769458089854,0.0],[124.998544562269203,6.68476835646111,0.0],[124.998543460373298,6.684497140140775,0.0]]],[[[124.999087100823644,6.684766152755715,0.0],[124.998815831569289,6.684767254683064,0.0],[124.998816933660152,6.685038470955171,0.0],[124.999088203063891,6.685037368982703,0.0],[124.999087100823644,6.684766152755715,0.0]]],[[[125.004243418161906,6.685287618504518,0.0],[125.004242313038617,6.685016403138708,0.0],[125.003971044504851,6.685017507947841,0.0],[125.003972149478741,6.68528872335886,0.0],[125.004243418161906,6.685287618504518,0.0]]],[[[124.999631844318756,6.685306380723586,0.0],[124.999630741734151,6.685035164589945,0.0],[124.999359472421887,6.68503626686102,0.0],[124.999360574857192,6.68530748303978,0.0],[124.999631844318756,6.685306380723586,0.0]]],[[[124.999631844318756,6.685306380723586,0.0],[124.999632946949092,6.685577596854029,0.0],[124.999634049625271,6.685848812981363,0.0],[124.999635152347096,6.6861200291055,0.0],[124.999906422210998,6.686118926504645,0.0],[124.999905319339774,6.685847710425628,0.0],[124.999904216514309,6.685576494343501,0.0],[124.999903113734575,6.685305278258089,0.0],[124.999631844318756,6.685306380723586,0.0]]],[[[125.003163866471553,6.686648114711944,0.0],[125.002892596858374,6.686649219195115,0.0],[125.002893701509862,6.68692043476796,0.0],[125.003164971272426,6.68691933023958,0.0],[125.003163866471553,6.686648114711944,0.0]]],[[[124.999909731099095,6.686932574722779,0.0],[124.999908628090651,6.686661358653265,0.0],[124.999637357928052,6.686662461344359,0.0],[124.999638460787097,6.686933677458993,0.0],[124.999909731099095,6.686932574722779,0.0]]],[[[125.002623536249473,6.687192754761804,0.0],[125.002622431701553,6.686921539146948,0.0],[125.002351161847329,6.686922643376545,0.0],[125.00235226624595,6.687193859036609,0.0],[125.002623536249473,6.687192754761804,0.0]]],[[[124.991230156731419,6.687239005711629,0.0],[124.991501428607933,6.687237907560282,0.0],[124.991772700438887,6.687236809259542,0.0],[124.991771601866105,6.686965591842307,0.0],[124.991500330184451,6.686966690098015,0.0],[124.991229058457321,6.686967788204421,0.0],[124.991230156731419,6.687239005711629,0.0]]],[[[124.999640666642506,6.687476109678845,0.0],[124.999639563691986,6.687204893570518,0.0],[124.999638460787097,6.686933677458993,0.0],[124.999367190429368,6.686934780045815,0.0],[124.999368293184858,6.687205996202459,0.0],[124.999369395986079,6.687477212355906,0.0],[124.999640666642506,6.687476109678845,0.0]]],[[[125.003440661248518,6.688003087460079,0.0],[125.003169390934218,6.688004192318506,0.0],[125.003170495964326,6.688275407830333,0.0],[125.003441766427926,6.688274302926698,0.0],[125.003440661248518,6.688003087460079,0.0]]],[[[124.999373807648226,6.688562076937985,0.0],[124.99937270466404,6.688290860797239,0.0],[124.999101433513701,6.688291963460267,0.0],[124.999102536348403,6.688563179646132,0.0],[124.999373807648226,6.688562076937985,0.0]]],[[[124.999104742155055,6.689105612008448,0.0],[124.999103639228863,6.688834395828889,0.0],[124.999102536348403,6.688563179646132,0.0],[124.998831265002849,6.688564282204887,0.0],[124.998832367733911,6.688835498432764,0.0],[124.998833470510704,6.689106714657442,0.0],[124.999104742155055,6.689105612008448,0.0]]],[[[124.999922970769163,6.690187167310566,0.0],[124.999921867211739,6.689915951278977,0.0],[124.99965059525627,6.689917054511505,0.0],[124.999651698664294,6.690188270588124,0.0],[124.999922970769163,6.690187167310566,0.0]]],[[[124.999378220042232,6.689646941469616,0.0],[124.999106948144671,6.689648044358152,0.0],[124.998835676201452,6.689649147097296,0.0],[124.998836779115393,6.689920363312472,0.0],[124.99856550697703,6.689921465947344,0.0],[124.998566609787233,6.690192682204352,0.0],[124.998837882075151,6.690191579524449,0.0],[124.998838985080582,6.690462795733318,0.0],[124.999110257472154,6.690461692858816,0.0],[124.999109154317253,6.690190476695066,0.0],[124.999108051208083,6.689919260528208,0.0],[124.999379323255042,6.689918157594552,0.0],[124.999378220042232,6.689646941469616,0.0]]],[[[125.003994258584754,6.690713030914694,0.0],[125.003722986867928,6.690714136523987,0.0],[125.003724092655119,6.690985351913779,0.0],[125.00399536452143,6.690984246259277,0.0],[125.003994258584754,6.690713030914694,0.0]]],[[[125.003182654319005,6.691258778251528,0.0],[125.002911382165735,6.691259883502974,0.0],[125.002912487596234,6.691531099021994,0.0],[125.003183759898988,6.69152999372534,0.0],[125.003182654319005,6.691258778251528,0.0]]],[[[125.003458349619194,6.69234253454619,0.0],[125.003457243752237,6.692071319127089,0.0],[125.003185971196359,6.692072424663551,0.0],[125.003184865524716,6.691801209196044,0.0],[125.002913593072478,6.691802314537818,0.0],[125.002914698594552,6.692073530050533,0.0],[125.002915804162541,6.69234474556005,0.0],[125.003187076913733,6.69234364012786,0.0],[125.003458349619194,6.69234253454619,0.0]]],[[[124.995861594884147,6.692102217651006,0.0],[124.995590321047416,6.692103319002549,0.0],[124.995591422578997,6.692374535730026,0.0],[124.995862696565197,6.692373434333452,0.0],[124.995861594884147,6.692102217651006,0.0]]],[[[125.002376574604298,6.693160602756696,0.0],[125.002105301267079,6.69316170787607,0.0],[125.002106406569681,6.693432923508422,0.0],[125.002377680056469,6.693431818344018,0.0],[125.002376574604298,6.693160602756696,0.0]]],[[[124.992069255413782,6.693473709500339,0.0],[124.992068155643281,6.693202492200787,0.0],[124.991796880569936,6.693203591639549,0.0],[124.991525605451045,6.693204690928831,0.0],[124.99125433028648,6.693205790068544,0.0],[124.991255429608358,6.693477007502922,0.0],[124.991526704922393,6.693475908318267,0.0],[124.991797980190867,6.693474808984043,0.0],[124.992069255413782,6.693473709500339,0.0]]],[[[125.00292133268951,6.693700823060298,0.0],[125.002920226892456,6.69342960756659,0.0],[125.002648953497328,6.693430713030044,0.0],[125.002650059144912,6.693701928568871,0.0],[125.00292133268951,6.693700823060298,0.0]]],[[[125.003463879641231,6.693698611594443,0.0],[125.003192606188293,6.693699717402155,0.0],[125.003193712180646,6.693970932847457,0.0],[125.003464985783168,6.693969826994626,0.0],[125.003463879641231,6.693698611594443,0.0]]],[[[125.002650059144912,6.693701928568871,0.0],[125.00237878555447,6.693703033928053,0.0],[125.002379891098215,6.69397424950898,0.0],[125.002651164838227,6.69397314410459,0.0],[125.002650059144912,6.693701928568871,0.0]]],[[[125.002379891098215,6.69397424950898,0.0],[125.002108617312473,6.693975354763801,0.0],[125.002109722752564,6.69424657038665,0.0],[125.002380996687876,6.69424546508671,0.0],[125.002379891098215,6.69397424950898,0.0]]],[[[125.004009745870164,6.694510045450373,0.0],[125.004008639337428,6.694238830146912,0.0],[125.003737365677097,6.694239936344002,0.0],[125.003738472060263,6.694511151692581,0.0],[125.004009745870164,6.694510045450373,0.0]]],[[[125.002925756335856,6.694785685003422,0.0],[125.002654482193051,6.694786790692739,0.0],[125.002655588069686,6.695058006215846,0.0],[125.00292686236196,6.695056900481231,0.0],[125.002925756335856,6.694785685003422,0.0]]],[[[125.002111933770067,6.694789001623023,0.0],[125.001840659489872,6.69479010686381,0.0],[125.001841764917799,6.695061322522453,0.0],[125.002113039347563,6.695060217236368,0.0],[125.002111933770067,6.694789001623023,0.0]]],[[[125.00292686236196,6.695056900481231,0.0],[125.002927968433994,6.695328115955932,0.0],[125.003199242830007,6.695327010026628,0.0],[125.003198136608503,6.695055794597136,0.0],[125.00292686236196,6.695056900481231,0.0]]],[[[125.003201455410533,6.695869440876199,0.0],[125.003200349097355,6.695598225453012,0.0],[125.002929074551773,6.695599331427524,0.0],[125.002930180715381,6.69587054689583,0.0],[125.003201455410533,6.695869440876199,0.0]]],[[[124.995879227260588,6.696441684189645,0.0],[124.995878124894574,6.696170467554716,0.0],[124.995606848814745,6.69617156958163,0.0],[124.995607951031204,6.696442786261589,0.0],[124.995609053293208,6.696714002938351,0.0],[124.995610155600886,6.696985219612004,0.0],[124.995881432129494,6.696984117449998,0.0],[124.995880329672175,6.696712900821375,0.0],[124.995879227260588,6.696441684189645,0.0]]],[[[124.996153811265103,6.697254231718817,0.0],[124.995882534632472,6.697255334075423,0.0],[124.995883637181109,6.69752655069765,0.0],[124.996154913963295,6.697525448296013,0.0],[124.996153811265103,6.697254231718817,0.0]]],[[[124.996969847228613,6.697793356632418,0.0],[124.997241123977673,6.697792253587385,0.0],[124.997240020635374,6.697521037193508,0.0],[124.996968744035883,6.69752214019351,0.0],[124.996697467390732,6.697523243043944,0.0],[124.996698570433892,6.697794459527882,0.0],[124.996969847228613,6.697793356632418,0.0]]],[[[124.99534328811562,6.698071188467289,0.0],[124.995614565288335,6.69807008627473,0.0],[124.995613462797976,6.697798869613867,0.0],[124.995342185774902,6.697799971761307,0.0],[124.99534328811562,6.698071188467289,0.0]]],[[[124.998328438535978,6.698330272328765,0.0],[124.998327334503742,6.698059056121584,0.0],[124.998056057787807,6.698060159810102,0.0],[124.998057161670474,6.698331376062403,0.0],[124.998328438535978,6.698330272328765,0.0]]],[[[124.99534328811562,6.698071188467289,0.0],[124.995072010897147,6.698072290510191,0.0],[124.995073113133941,6.698343507258007,0.0],[124.99534439050197,6.698342405170075,0.0],[124.99534328811562,6.698071188467289,0.0]]],[[[124.992087958483623,6.698084403108848,0.0],[124.991816680717946,6.698085503356563,0.0],[124.991817781159028,6.698356720644125,0.0],[124.99208905907436,6.698355620351379,0.0],[124.992087958483623,6.698084403108848,0.0]]],[[[124.994801835720253,6.698344609196369,0.0],[124.994802937852953,6.698615825986018,0.0],[124.995074215416295,6.698614724002625,0.0],[124.995073113133941,6.698343507258007,0.0],[124.994801835720253,6.698344609196369,0.0]]],[[[124.992361437730167,6.698625737103634,0.0],[124.992360336944216,6.698354519909153,0.0],[124.99208905907436,6.698355620351379,0.0],[124.992090159710742,6.698626837590891,0.0],[124.992361437730167,6.698625737103634,0.0]]],[[[124.991546503198123,6.698357820787124,0.0],[124.991547603535196,6.698629038116519,0.0],[124.991818881645742,6.69862793792849,0.0],[124.991817781159028,6.698356720644125,0.0],[124.991546503198123,6.698357820787124,0.0]]],[[[124.998600819583473,6.698600384604512,0.0],[124.998329542614059,6.698601488532838,0.0],[124.998330646737784,6.698872704733714,0.0],[124.998601923856853,6.698871600760357,0.0],[124.998600819583473,6.698600384604512,0.0]]],[[[124.994802937852953,6.698615825986018,0.0],[124.994531660244036,6.698616927819754,0.0],[124.994532762272726,6.698888144651236,0.0],[124.994804040031383,6.69888704277247,0.0],[124.994802937852953,6.698615825986018,0.0]]],[[[124.992632715704019,6.698624636466808,0.0],[124.992361437730167,6.698625737103634,0.0],[124.992362538561679,6.698896954294917,0.0],[124.992633816685199,6.698895853613149,0.0],[124.992632715704019,6.698624636466808,0.0]]],[[[124.99426148446851,6.698889246380344,0.0],[124.994262586393276,6.699160463253659,0.0],[124.994533864347162,6.699159361479521,0.0],[124.994532762272726,6.698888144651236,0.0],[124.99426148446851,6.698889246380344,0.0]]],[[[124.993176372795375,6.698893651800639,0.0],[124.99290509476306,6.698894752781723,0.0],[124.992633816685199,6.698895853613149,0.0],[124.992634917712024,6.699167070756293,0.0],[124.992906195939554,6.699165969879926,0.0],[124.993177474121509,6.6991648688539,0.0],[124.993176372795375,6.698893651800639,0.0]]],[[[124.993992410214432,6.699432781793377,0.0],[124.994263688363617,6.699431680123866,0.0],[124.994262586393276,6.699160463253659,0.0],[124.993991308393745,6.69916156487814,0.0],[124.993720030348655,6.699162666353051,0.0],[124.993721132019672,6.699433883313231,0.0],[124.993992410214432,6.699432781793377,0.0]]],[[[125.002945671817471,6.699667563120202,0.0],[125.002944565012328,6.699396347696216,0.0],[125.002673288326335,6.699397454153808,0.0],[125.00267439498181,6.699668669623002,0.0],[125.002945671817471,6.699667563120202,0.0]]],[[[125.001320222067832,6.700216631272924,0.0],[125.001048944657953,6.700217736968193,0.0],[125.001050050552891,6.700488952698866,0.0],[125.001321328112411,6.700487846958478,0.0],[125.001320222067832,6.700216631272924,0.0]]],[[[125.00349265422777,6.700750210968462,0.0],[125.003491546939912,6.700478995647594,0.0],[125.00349043969787,6.700207780323439,0.0],[125.00321916265456,6.700208887215884,0.0],[125.003220269746848,6.700480102585247,0.0],[125.003221376884952,6.700751317951323,0.0],[125.00349265422777,6.700750210968462,0.0]]],[[[124.999970467023999,6.701849453672701,0.0],[124.999969361499083,6.701578237777359,0.0],[124.999698083111952,6.701579342950024,0.0],[124.999699188487128,6.701850558890485,0.0],[124.999970467023999,6.701849453672701,0.0]]],[[[124.991830990007088,6.701611327847421,0.0],[124.991559710250115,6.701612428529811,0.0],[124.991288430447497,6.701613529062453,0.0],[124.991289531181664,6.701884746398687,0.0],[124.991560811133937,6.701883645821103,0.0],[124.991832091040663,6.70188254509386,0.0],[124.991830990007088,6.701611327847421,0.0]]],[[[125.004041855261661,6.702375287870308,0.0],[125.004040747399415,6.702104072658863,0.0],[125.003769469399799,6.702105180167082,0.0],[125.003770577112391,6.702376395423735,0.0],[125.004041855261661,6.702375287870308,0.0]]],[[[124.999429015175764,6.702122879940995,0.0],[124.999157736397649,6.702123984904582,0.0],[124.999158841564991,6.702395200928888,0.0],[124.999430120492846,6.70239409592027,0.0],[124.999429015175764,6.702122879940995,0.0]]],[[[124.999972678211151,6.702391885453882,0.0],[124.999701399374871,6.702392990761905,0.0],[124.999702504887352,6.702664206692952,0.0],[124.999973783873372,6.70266310133981,0.0],[124.999972678211151,6.702391885453882,0.0]]],[[[124.997809073711764,6.704028021159112,0.0],[124.998080353766625,6.704026916628512,0.0],[124.998079248924014,6.703755700442735,0.0],[124.998078144127049,6.70348448425385,0.0],[124.997806864371583,6.7034855886943,0.0],[124.997807969018808,6.703756804928305,0.0],[124.997809073711764,6.704028021159112,0.0]]],[[[125.004593278367778,6.704542793168486,0.0],[125.004592169839128,6.70427157807286,0.0],[125.004320890733283,6.704272686242239,0.0],[125.004049611581607,6.70427379426187,0.0],[125.004050719810664,6.704545009448002,0.0],[125.00405182808565,6.704816224630936,0.0],[125.004323107536905,6.704815116520799,0.0],[125.004321999112179,6.704543901383162,0.0],[125.004593278367778,6.704542793168486,0.0]]],[[[125.00378498154781,6.705902193472189,0.0],[125.003783873239158,6.705630978256747,0.0],[125.00351259324691,6.705632086202926,0.0],[125.003513701405637,6.705903301463576,0.0],[125.00378498154781,6.705902193472189,0.0]]],[[[124.998089194153806,6.706196646000149,0.0],[124.998088088945437,6.705925429839774,0.0],[124.998086983782727,6.705654213676291,0.0],[124.997815702829115,6.705655318477342,0.0],[124.997816807841986,6.705926534685944,0.0],[124.997817912900615,6.70619775089135,0.0],[124.998089194153806,6.706196646000149,0.0]]],[[[125.002159514964603,6.706451270137834,0.0],[125.002160622511724,6.706722485614933,0.0],[125.002431903332464,6.706721378236833,0.0],[125.002703184107375,6.706720270708986,0.0],[125.002702076260505,6.706449055322214,0.0],[125.002430795635419,6.706450162804942,0.0],[125.002159514964603,6.706451270137834,0.0]]],[[[125.001889341645253,6.706723592843198,0.0],[125.001888234247872,6.706452377320979,0.0],[125.001616953485481,6.706453484354289,0.0],[125.001618060732937,6.706724699921716,0.0],[125.001889341645253,6.706723592843198,0.0]]],[[[125.001889341645253,6.706723592843198,0.0],[125.001890449088449,6.706994808362308,0.0],[125.002161730104774,6.706993701088835,0.0],[125.002160622511724,6.706722485614933,0.0],[125.001889341645253,6.706723592843198,0.0]]],[[[124.997820123154909,6.706740183292745,0.0],[124.997548841556295,6.706741288124349,0.0],[124.99754994660222,6.707012504365371,0.0],[124.997821228350659,6.707011399488647,0.0],[124.997820123154909,6.706740183292745,0.0]]],[[[124.993480714894631,6.707029059539935,0.0],[124.993209432415654,6.70703016201982,0.0],[124.993209547389256,6.707058440750594,0.0],[124.993481598521072,6.707246365366309,0.0],[124.993480714894631,6.707029059539935,0.0]]],[[[125.004333085423156,6.707256052617514,0.0],[125.004061804623646,6.707257161134614,0.0],[125.004062913357103,6.707528376285841,0.0],[125.004334194306452,6.707527267723532,0.0],[125.004333085423156,6.707256052617514,0.0]]],[[[124.999452236439694,6.707818414839726,0.0],[124.999723518317538,6.707817308779149,0.0],[124.999994800149651,6.707816202568648,0.0],[125.000266081936019,6.7078150962084,0.0],[125.000264975254524,6.7075438804279,0.0],[124.999993693617981,6.707544986743028,0.0],[124.999992587132155,6.707273770914299,0.0],[124.999721305599707,6.707274877034473,0.0],[124.999722411935807,6.70754609290841,0.0],[124.999451130207788,6.707547198923867,0.0],[124.999452236439694,6.707818414839726,0.0]]],[[[124.998638390531696,6.707821732122796,0.0],[124.998909672546773,6.707820626511549,0.0],[124.999180954516106,6.707819520750555,0.0],[124.999179848434025,6.707548304789666,0.0],[124.998908566614531,6.70754941050554,0.0],[124.998637284749293,6.707550516071579,0.0],[124.998638390531696,6.707821732122796,0.0]]],[[[125.003793849666764,6.70807191508159,0.0],[125.003792740991386,6.707800699891551,0.0],[125.003521459800538,6.707801808199396,0.0],[125.003522568325991,6.708073023434733,0.0],[125.003793849666764,6.70807191508159,0.0]]],[[[125.000266081936019,6.7078150962084,0.0],[125.000267188663258,6.708086311985704,0.0],[125.000538470553721,6.708085205430501,0.0],[125.000537363676557,6.707813989698317,0.0],[125.000266081936019,6.7078150962084,0.0]]],[[[125.001353423322726,6.708353100459328,0.0],[125.001082141419829,6.708354207509246,0.0],[125.001083248688147,6.708625423144707,0.0],[125.001354530741068,6.708624316049758,0.0],[125.001353423322726,6.708353100459328,0.0]]],[[[124.996201268530683,6.70891654167701,0.0],[124.996472551556508,6.708915437233984,0.0],[124.996471446790181,6.708644220834956,0.0],[124.996200163914196,6.708645325232951,0.0],[124.995928880992466,6.708646429481022,0.0],[124.995929742035429,6.70885787006151,0.0],[124.996020254557578,6.708915278895913,0.0],[124.996023675182329,6.708917264593881,0.0],[124.996201268530683,6.70891654167701,0.0]]],[[[125.002178349496759,6.711061932816862,0.0],[125.002449632715411,6.711060824715873,0.0],[125.002448524285356,6.710789609334786,0.0],[125.002177241216629,6.710790717390567,0.0],[125.001905958102085,6.710791825296423,0.0],[125.001907066232292,6.711063040767926,0.0],[125.002178349496759,6.711061932816862,0.0]]],[[[125.00163578292198,6.711064148569066,0.0],[125.001634674941698,6.710792933052354,0.0],[125.001363391735495,6.710794040658539,0.0],[125.001364499565938,6.711065256220281,0.0],[125.00163578292198,6.711064148569066,0.0]]],[[[125.002452050277739,6.711652325253135,0.0],[125.002723394536801,6.711666080038534,0.0],[125.002723133185768,6.71160214712748,0.0],[125.002722024514128,6.711330931797908,0.0],[125.002450741191296,6.711332040093851,0.0],[125.002451849713012,6.711603255468632,0.0],[125.002452050277739,6.711652325253135,0.0]]],[[[125.014579562726951,6.625577345226294,0.0],[125.014850796868586,6.625576244399842,0.0],[125.014849764103118,6.625321828985351,0.0],[125.014578638520973,6.625349642130699,0.0],[125.014579562726951,6.625577345226294,0.0]]],[[[125.015394366313956,6.62584525645443,0.0],[125.015393265013827,6.625574042303026,0.0],[125.015122030964307,6.62557514342542,0.0],[125.015123132116443,6.625846357622298,0.0],[125.015394366313956,6.62584525645443,0.0]]],[[[125.010514341124761,6.626407484765182,0.0],[125.010513242396186,6.626136269802694,0.0],[125.01051258759037,6.625974627904109,0.0],[125.01048570572857,6.625979540520654,0.0],[125.010241589080778,6.626034134248729,0.0],[125.010242007222217,6.626137368352478,0.0],[125.010243105802829,6.626408583360353,0.0],[125.010514341124761,6.626407484765182,0.0]]],[[[125.015940139635504,6.626656695837227,0.0],[125.015939037901163,6.626385481786277,0.0],[125.015667803499824,6.626386583340946,0.0],[125.015668905086201,6.626657797437461,0.0],[125.015940139635504,6.626656695837227,0.0]]],[[[125.007803083132416,6.626689679470474,0.0],[125.007802797571017,6.626619098012516,0.0],[125.007532580670656,6.626690773664241,0.0],[125.007803083132416,6.626689679470474,0.0]]],[[[125.015941241415959,6.626927909885159,0.0],[125.016212476067139,6.62692680809148,0.0],[125.01621137413872,6.626655594089113,0.0],[125.015940139635504,6.626656695837227,0.0],[125.015941241415959,6.626927909885159,0.0]]],[[[125.006719053169803,6.626920098228759,0.0],[125.006570270493185,6.626965885086052,0.0],[125.006719235888383,6.626965282815775,0.0],[125.006719053169803,6.626920098228759,0.0]]],[[[125.00672033268286,6.627236498403275,0.0],[125.006991569045823,6.627235401596008,0.0],[125.00726280536297,6.627234304640681,0.0],[125.007261708272452,6.626963089143865,0.0],[125.006990472103382,6.626964186053805,0.0],[125.006719235888383,6.626965282815775,0.0],[125.00672033268286,6.627236498403275,0.0]]],[[[125.016485914963368,6.627468134054202,0.0],[125.016484812794801,6.627196920103615,0.0],[125.016213578041643,6.627198022090739,0.0],[125.016214680062262,6.6274692360868,0.0],[125.016485914963368,6.627468134054202,0.0]]],[[[125.00726280536297,6.627234304640681,0.0],[125.007263902499304,6.627505520134478,0.0],[125.007535138918499,6.627504422985884,0.0],[125.007534041634187,6.627233207537473,0.0],[125.00726280536297,6.627234304640681,0.0]]],[[[125.016487017178136,6.62773934800168,0.0],[125.016758252181134,6.627738245775547,0.0],[125.016757149818389,6.627467031873544,0.0],[125.016485914963368,6.627468134054202,0.0],[125.016487017178136,6.62773934800168,0.0]]],[[[125.008077611619214,6.627502228244784,0.0],[125.007806375291764,6.627503325689319,0.0],[125.007807472770054,6.627774541089413,0.0],[125.008078709245467,6.627773443599581,0.0],[125.008077611619214,6.627502228244784,0.0]]],[[[125.008353239273333,6.628585991871181,0.0],[125.008624476100991,6.628584893949339,0.0],[125.008623378040951,6.628313678694639,0.0],[125.008622280026742,6.628042463436832,0.0],[125.008351043495196,6.628043561267991,0.0],[125.008352141361257,6.628314776571185,0.0],[125.008353239273333,6.628585991871181,0.0]]],[[[125.009166949618574,6.628582697661654,0.0],[125.008895712882747,6.628583795879526,0.0],[125.00889681113685,6.628855011085819,0.0],[125.009168048020655,6.62885391282265,0.0],[125.009166949618574,6.628582697661654,0.0]]],[[[125.017576368601965,6.628819793239669,0.0],[125.0173051331452,6.628820896091878,0.0],[125.017306236034628,6.629092109887122,0.0],[125.017577471639356,6.629091006989438,0.0],[125.017576368601965,6.628819793239669,0.0]]],[[[125.007000346237419,6.629405125820296,0.0],[125.006999248927798,6.629133910303318,0.0],[125.006728011528594,6.629135007427487,0.0],[125.006729108690152,6.629406222989762,0.0],[125.007000346237419,6.629405125820296,0.0]]],[[[125.014055810092614,6.630190190444982,0.0],[125.013784573296391,6.630191291599972,0.0],[125.013785674491444,6.630462505970667,0.0],[125.014056911435731,6.630461404770291,0.0],[125.014055810092614,6.630190190444982,0.0]]],[[[125.008631065426172,6.630212185411719,0.0],[125.008359827710152,6.630213283605433,0.0],[125.008360925943649,6.630484498883491,0.0],[125.008632163807732,6.63048340064448,0.0],[125.008631065426172,6.630212185411719,0.0]]],[[[125.014329249871267,6.630731517698494,0.0],[125.014328148334002,6.630460303421857,0.0],[125.014056911435731,6.630461404770291,0.0],[125.014058012824933,6.630732619092403,0.0],[125.014329249871267,6.630731517698494,0.0]]],[[[125.014329249871267,6.630731517698494,0.0],[125.014330351454618,6.631002731972111,0.0],[125.014601588603,6.631001630384668,0.0],[125.014600486871586,6.630730416156525,0.0],[125.014329249871267,6.630731517698494,0.0]]],[[[125.004565783485845,6.63104229049559,0.0],[125.004564687233781,6.630771074590123,0.0],[125.004293448533389,6.630772170653274,0.0],[125.004294544637403,6.63104338660395,0.0],[125.004565783485845,6.63104229049559,0.0]]],[[[125.004838118734511,6.631312410096322,0.0],[125.004566879783738,6.631313506397949,0.0],[125.004567976127561,6.63158472229711,0.0],[125.004839215226383,6.631583625950275,0.0],[125.004838118734511,6.631312410096322,0.0]]],[[[125.005382790120365,6.631852648572676,0.0],[125.00511155096514,6.631853745260927,0.0],[125.005112647696834,6.632124961063455,0.0],[125.005383887000207,6.632123864329906,0.0],[125.005382790120365,6.631852648572676,0.0]]],[[[125.009997147069527,6.632647627164432,0.0],[125.009996047579875,6.632376412183381,0.0],[125.0097248089088,6.632377511480123,0.0],[125.009725908250303,6.632648726506472,0.0],[125.009997147069527,6.632647627164432,0.0]]],[[[125.008912191517027,6.632652023643879,0.0],[125.008911092619783,6.632380808481551,0.0],[125.008639853764933,6.632381907185878,0.0],[125.008640952514028,6.632653122393504,0.0],[125.008912191517027,6.632652023643879,0.0]]],[[[125.010811963231362,6.632915543091298,0.0],[125.010810863251351,6.632644328249513,0.0],[125.010539624570058,6.632645428035908,0.0],[125.010540724402006,6.632916642923079,0.0],[125.010811963231362,6.632915543091298,0.0]]],[[[125.009998246605193,6.632918842142286,0.0],[125.010269485526564,6.632917742606712,0.0],[125.01026838584275,6.632646527674244,0.0],[125.009997147069527,6.632647627164432,0.0],[125.009998246605193,6.632918842142286,0.0]]],[[[125.005928559958932,6.632664101742578,0.0],[125.005657320451107,6.632665198862839,0.0],[125.005658417616573,6.632936414565447,0.0],[125.005929657272645,6.632935317399888,0.0],[125.005928559958932,6.632664101742578,0.0]]],[[[125.011085402409151,6.633456872694841,0.0],[125.011084302189062,6.633185657904748,0.0],[125.010813063257388,6.633186757929974,0.0],[125.010814163329428,6.633457972765453,0.0],[125.011085402409151,6.633456872694841,0.0]]],[[[125.006476527345427,6.634017984860372,0.0],[125.006475429552012,6.63374676930609,0.0],[125.00620418954334,6.633747866903659,0.0],[125.006205287188507,6.634019082503149,0.0],[125.006476527345427,6.634017984860372,0.0]]],[[[125.015699768216123,6.634251790864352,0.0],[125.015698665339215,6.633980576855767,0.0],[125.015427426745759,6.63398167953567,0.0],[125.015428529474519,6.634252893589729,0.0],[125.015699768216123,6.634251790864352,0.0]]],[[[125.006477625184758,6.634289200411456,0.0],[125.006748865443896,6.634288102575234,0.0],[125.006747767456417,6.634016887069447,0.0],[125.006476527345427,6.634017984860372,0.0],[125.006477625184758,6.634289200411456,0.0]]],[[[125.013530958730868,6.634531822887877,0.0],[125.013802197943122,6.634530721154239,0.0],[125.013801096057335,6.634259506830618,0.0],[125.01407233507534,6.634258404994218,0.0],[125.014071233087407,6.633987190712873,0.0],[125.013799994217564,6.633988292503887,0.0],[125.013528755301692,6.633989394146753,0.0],[125.013257516339735,6.633990495641471,0.0],[125.013258617883125,6.634261710058973,0.0],[125.013259719472615,6.634532924473455,0.0],[125.013530958730868,6.634531822887877,0.0]]],[[[125.01488715433149,6.634526312737763,0.0],[125.014886051853026,6.634255098595951,0.0],[125.014614812973221,6.634256200876885,0.0],[125.014615915303537,6.634527415064082,0.0],[125.01488715433149,6.634526312737763,0.0]]],[[[125.007291345824513,6.634285906458346,0.0],[125.007020105657205,6.634287004590864,0.0],[125.007021203838661,6.634558220048334,0.0],[125.007292444154302,6.634557121870519,0.0],[125.007291345824513,6.634285906458346,0.0]]],[[[125.011904623385362,6.634809644817072,0.0],[125.011903522490783,6.634538430178769,0.0],[125.011902421642219,6.634267215537268,0.0],[125.011631182255982,6.634268316188483,0.0],[125.011632282956398,6.63453953087537,0.0],[125.011633383702829,6.634810745559059,0.0],[125.011904623385362,6.634809644817072,0.0]]],[[[125.017600646082698,6.634786495009313,0.0],[125.017599542076383,6.634515281325535,0.0],[125.017328303509402,6.634516385133424,0.0],[125.017329407367569,6.634787598862766,0.0],[125.017600646082698,6.634786495009313,0.0]]],[[[125.017058168606241,6.634788702568071,0.0],[125.017057064896321,6.634517488793255,0.0],[125.016785826237054,6.634518592304848,0.0],[125.016786929798826,6.634789806125228,0.0],[125.017058168606241,6.634788702568071,0.0]]],[[[125.012717240817906,6.634535127200079,0.0],[125.012446001421637,6.634536228341124,0.0],[125.012447102612597,6.634807442888655,0.0],[125.0127183421571,6.634806341702135,0.0],[125.012717240817906,6.634535127200079,0.0]]],[[[125.007834924647625,6.634554925070355,0.0],[125.007563684423914,6.634556023544556,0.0],[125.007292444154302,6.634557121870519,0.0],[125.007293542529823,6.634828337279495,0.0],[125.007564782947682,6.634827238908234,0.0],[125.007836023319626,6.634826140388825,0.0],[125.007834924647625,6.634554925070355,0.0]]],[[[125.005937339752364,6.634833826913309,0.0],[125.006208580399544,6.634832729282878,0.0],[125.006207482616702,6.634561513692803,0.0],[125.00593624211767,6.634562611277937,0.0],[125.005937339752364,6.634833826913309,0.0]]],[[[125.016786929798826,6.634789806125228,0.0],[125.016515690945326,6.634790909534147,0.0],[125.01651679440495,6.635062123396893,0.0],[125.016788033406698,6.63506101994241,0.0],[125.016786929798826,6.634789806125228,0.0]]],[[[125.014074539189295,6.634800833547314,0.0],[125.013803299874908,6.634801935474663,0.0],[125.013804401852795,6.635073149791979,0.0],[125.01407564131533,6.635072047819244,0.0],[125.014074539189295,6.634800833547314,0.0]]],[[[125.005666099059169,6.634834924395592,0.0],[125.005667196591546,6.635106140072975,0.0],[125.005938437432889,6.635105042545484,0.0],[125.005937339752364,6.634833826913309,0.0],[125.005666099059169,6.634834924395592,0.0]]],[[[125.005667196591546,6.635106140072975,0.0],[125.005395955704373,6.635107237452318,0.0],[125.005397053134431,6.63537845317189,0.0],[125.005668294169837,6.635377355747338,0.0],[125.005667196591546,6.635106140072975,0.0]]],[[[125.005397053134431,6.63537845317189,0.0],[125.005125812053194,6.635379550448293,0.0],[125.005126909381019,6.635650766209875,0.0],[125.005398150610404,6.635649668888264,0.0],[125.005397053134431,6.63537845317189,0.0]]],[[[125.008382900258198,6.63590880378536,0.0],[125.008654141085159,6.63590770464014,0.0],[125.008653041784953,6.635636489470174,0.0],[125.008651942530662,6.635365274297098,0.0],[125.008380702000096,6.635366373351723,0.0],[125.008381801106225,6.635637588570096,0.0],[125.008382900258198,6.63590880378536,0.0]]],[[[125.014619222570801,6.635341057607111,0.0],[125.014347983052133,6.635342159921618,0.0],[125.014349085418516,6.635613374141678,0.0],[125.014350187830985,6.635884588358718,0.0],[125.014351290289468,6.636155802572561,0.0],[125.014622530252666,6.636154700121719,0.0],[125.014621427645949,6.635883485953351,0.0],[125.014620325085332,6.635612271781786,0.0],[125.014619222570801,6.635341057607111,0.0]]],[[[125.005128006754589,6.635921981968438,0.0],[125.005126909381019,6.635650766209875,0.0],[125.004855668105705,6.635651863383338,0.0],[125.004584426784575,6.635652960408565,0.0],[125.004585523861763,6.635924176257544,0.0],[125.004856765331041,6.635923079187109,0.0],[125.005128006754589,6.635921981968438,0.0]]],[[[125.008113857530731,6.636452333294049,0.0],[125.008385098699989,6.636451234206473,0.0],[125.008383999456171,6.636180018997426,0.0],[125.008112758435061,6.636181118039794,0.0],[125.008113857530731,6.636452333294049,0.0]]],[[[125.008113857530731,6.636452333294049,0.0],[125.007842616315543,6.636453432233478,0.0],[125.007843715308894,6.636724647529921,0.0],[125.008114956672301,6.636723548545196,0.0],[125.008113857530731,6.636452333294049,0.0]]],[[[125.007843715308894,6.636724647529921,0.0],[125.007572473899558,6.63672574636641,0.0],[125.007573572790577,6.636996961704953,0.0],[125.007844814348147,6.636995862823167,0.0],[125.007843715308894,6.636724647529921,0.0]]],[[[125.007302331187091,6.636998060438501,0.0],[125.007031089537776,6.636999159023902,0.0],[125.007032188178243,6.637270374449931,0.0],[125.007303429975792,6.637269275819322,0.0],[125.007302331187091,6.636998060438501,0.0]]],[[[125.00947556279074,6.637802911465305,0.0],[125.009204321063976,6.637804011372404,0.0],[125.009205421028184,6.638075226426552,0.0],[125.009476662903182,6.638074126474156,0.0],[125.00947556279074,6.637802911465305,0.0]]],[[[125.007307825589706,6.638354137310807,0.0],[125.007308924607926,6.638625352675818,0.0],[125.007580167100926,6.638624253670575,0.0],[125.007579067934387,6.638353038350773,0.0],[125.007577968813763,6.63808182302795,0.0],[125.007576869739154,6.637810607701842,0.0],[125.007575770710375,6.637539392372713,0.0],[125.007574671727525,6.637268177040387,0.0],[125.007303429975792,6.637269275819322,0.0],[125.007304528810423,6.637540491196856,0.0],[125.007305627690954,6.637811706571282,0.0],[125.00730672661733,6.638082921942599,0.0],[125.007307825589706,6.638354137310807,0.0]]],[[[125.007037682068997,6.638626451532912,0.0],[125.0070387809849,6.638897666940022,0.0],[125.007039879946618,6.639168882344113,0.0],[125.007040978954251,6.639440097744918,0.0],[125.00731222193798,6.639438998752021,0.0],[125.007311122782099,6.639167783396513,0.0],[125.007310023672048,6.63889656803772,0.0],[125.007308924607926,6.638625352675818,0.0],[125.007037682068997,6.638626451532912,0.0]]],[[[125.006769735924706,6.639441196589488,0.0],[125.006770834829936,6.63971241203257,0.0],[125.007042078007814,6.639711313142702,0.0],[125.007040978954251,6.639440097744918,0.0],[125.006769735924706,6.639441196589488,0.0]]],[[[125.009756708472054,6.640242745968448,0.0],[125.009755607843758,6.639971531030118,0.0],[125.009484364976828,6.639972631448097,0.0],[125.009485465456805,6.640243846431813,0.0],[125.009486565982883,6.64051506141242,0.0],[125.009487666554776,6.64078627638983,0.0],[125.009758909866676,6.640785175835782,0.0],[125.009757809146365,6.640513960903758,0.0],[125.009756708472054,6.640242745968448,0.0]]],[[[125.012470238253016,6.64050294766064,0.0],[125.01219899554934,6.640504049652294,0.0],[125.012200097604406,6.640775264176111,0.0],[125.012471340456415,6.640774162139071,0.0],[125.012470238253016,6.64050294766064,0.0]]],[[[125.012473545001313,6.64131659108643,0.0],[125.012744788103873,6.641315488810293,0.0],[125.012743685660141,6.641044274383554,0.0],[125.012742583262408,6.640773059953706,0.0],[125.012471340456415,6.640774162139071,0.0],[125.012472442705814,6.641045376614305,0.0],[125.012473545001313,6.64131659108643,0.0]]],[[[125.013017133798584,6.641585600763897,0.0],[125.013016031160419,6.64131438638583,0.0],[125.012744788103873,6.641315488810293,0.0],[125.012745890593621,6.641586703233746,0.0],[125.013017133798584,6.641585600763897,0.0]]],[[[125.013289479789933,6.641855712475295,0.0],[125.013288376957448,6.641584498145723,0.0],[125.013017133798584,6.641585600763897,0.0],[125.01301823648275,6.641856815138945,0.0],[125.013019339212832,6.642128029510794,0.0],[125.013290582668432,6.642126926801759,0.0],[125.013289479789933,6.641855712475295,0.0]]],[[[125.013835275929949,6.642667149400414,0.0],[125.013834172662698,6.642395935171117,0.0],[125.013562929150865,6.642397038222279,0.0],[125.013564032269798,6.642668252496962,0.0],[125.013835275929949,6.642667149400414,0.0]]],[[[125.014108726513555,6.64320847451386,0.0],[125.013837482602753,6.643209577849594,0.0],[125.013838586008205,6.643480792069387,0.0],[125.014109830067426,6.643479688688179,0.0],[125.014108726513555,6.64320847451386,0.0]]],[[[125.017638209747403,6.644007758388857,0.0],[125.017637104172493,6.643736544811927,0.0],[125.017635998643669,6.643465331231888,0.0],[125.017364755183706,6.643466436541776,0.0],[125.017365860564112,6.643737650167378,0.0],[125.017366965990703,6.644008863789783,0.0],[125.017638209747403,6.644007758388857,0.0]]],[[[125.016284200306842,6.644555711509157,0.0],[125.016283095381624,6.644284497710982,0.0],[125.016011851245935,6.644285602415487,0.0],[125.016012956022735,6.644556816259137,0.0],[125.016284200306842,6.644555711509157,0.0]]],[[[125.015201431695445,6.645102557569502,0.0],[125.01547267641466,6.645101453173727,0.0],[125.015471571842411,6.644830239245434,0.0],[125.015470467316248,6.644559025314032,0.0],[125.015199222893855,6.644560129618857,0.0],[125.0152003272716,6.644831343595823,0.0],[125.015201431695445,6.645102557569502,0.0]]],[[[125.00706516873457,6.645406835769205,0.0],[125.007064068717156,6.645135620437501,0.0],[125.006792822572152,6.645136720232867,0.0],[125.006793922441148,6.645407935609868,0.0],[125.00706516873457,6.645406835769205,0.0]]],[[[125.017102354825639,6.645637250983847,0.0],[125.016831110086173,6.645638356361059,0.0],[125.016832215538884,6.645909570052475,0.0],[125.017103460426668,6.645908464629788,0.0],[125.017102354825639,6.645637250983847,0.0]]],[[[125.007066268797814,6.645678051097712,0.0],[125.006795022355973,6.645679150983672,0.0],[125.006796122316715,6.645950366354367,0.0],[125.007067368907059,6.645949266423199,0.0],[125.007066268797814,6.645678051097712,0.0]]],[[[125.016563181351685,6.646453102791114,0.0],[125.016562075955292,6.64618188906053,0.0],[125.016290830826705,6.646182994231862,0.0],[125.016291936074779,6.64645420800801,0.0],[125.016563181351685,6.646453102791114,0.0]]],[[[125.006799422474373,6.646764012447623,0.0],[125.006798322375957,6.646492797086343,0.0],[125.00652707544296,6.646493896959691,0.0],[125.006528175392958,6.646765112366269,0.0],[125.006799422474373,6.646764012447623,0.0]]],[[[125.016024006327058,6.647268954522265,0.0],[125.016295252095475,6.647267849317449,0.0],[125.016294146709114,6.646996635550804,0.0],[125.016293041368854,6.646725421780961,0.0],[125.016021795897345,6.646726526894828,0.0],[125.016022901089116,6.646997740710145,0.0],[125.016024006327058,6.647268954522265,0.0]]],[[[125.013310442354779,6.647008784139605,0.0],[125.013039196227979,6.64700988766612,0.0],[125.013040299832824,6.647281101978195,0.0],[125.013311546108042,6.647279998406295,0.0],[125.013310442354779,6.647008784139605,0.0]]],[[[125.016838849223319,6.647536852134892,0.0],[125.016567603398684,6.647537957682101,0.0],[125.016568709025734,6.647809171396966,0.0],[125.016839954998886,6.647808065804282,0.0],[125.016838849223319,6.647536852134892,0.0]]],[[[125.011143779886766,6.647831252075318,0.0],[125.011142677229145,6.647560037451847,0.0],[125.010871430437277,6.64756113988155,0.0],[125.010872532946479,6.647832354550407,0.0],[125.011143779886766,6.647831252075318,0.0]]],[[[125.006531475518287,6.647578758566994,0.0],[125.006260227945518,6.647579858472938,0.0],[125.006261327930517,6.647851073912201,0.0],[125.006532575651775,6.64784997396096,0.0],[125.006531475518287,6.647578758566994,0.0]]],[[[125.011144882590287,6.648102466695769,0.0],[125.011416129633162,6.648101364026791,0.0],[125.011415026781037,6.647830149451814,0.0],[125.011143779886766,6.647831252075318,0.0],[125.011144882590287,6.648102466695769,0.0]]],[[[125.011688479676479,6.648371475735879,0.0],[125.011959726775743,6.648370372724686,0.0],[125.01223097382892,6.648369269564989,0.0],[125.012229870485456,6.648098055129279,0.0],[125.011958623580611,6.64809915824359,0.0],[125.011687376629936,6.648100261209398,0.0],[125.011688479676479,6.648371475735879,0.0]]],[[[125.012232077218485,6.648640483997501,0.0],[125.012503324374237,6.648639380643915,0.0],[125.012502220836183,6.648368166256788,0.0],[125.01223097382892,6.648369269564989,0.0],[125.012232077218485,6.648640483997501,0.0]]],[[[125.005992279974251,6.648394604674466,0.0],[125.005721031864311,6.648395704419294,0.0],[125.005722131689964,6.648666919939559,0.0],[125.005993379948492,6.648665820149522,0.0],[125.005992279974251,6.648394604674466,0.0]]],[[[125.005450883385706,6.648668019581181,0.0],[125.005449783708471,6.648396804015619,0.0],[125.005178535506786,6.648397903463441,0.0],[125.005179635035532,6.648669119074211,0.0],[125.005450883385706,6.648668019581181,0.0]]],[[[125.013048026355719,6.649179602074615,0.0],[125.013046922428629,6.648908387784567,0.0],[125.012775675216474,6.648909491480457,0.0],[125.012776778995047,6.64918070581598,0.0],[125.012777882819734,6.649451920148217,0.0],[125.012778986690321,6.649723134477346,0.0],[125.013050234348086,6.649722030645209,0.0],[125.013049130328895,6.649450816361466,0.0],[125.013048026355719,6.649179602074615,0.0]]],[[[125.006826939851194,6.653544395456721,0.0],[125.006825838605437,6.653273180174133,0.0],[125.006554587959215,6.653274281179287,0.0],[125.006555689056484,6.653545496507172,0.0],[125.006826939851194,6.653544395456721,0.0]]],[[[125.01632068870839,6.653505765081733,0.0],[125.01604943952367,6.653506871332735,0.0],[125.016050545868111,6.653778085069271,0.0],[125.016321795201421,6.653776978772794,0.0],[125.01632068870839,6.653505765081733,0.0]]],[[[125.016322901740537,6.654048192460658,0.0],[125.016594151176349,6.654047085970114,0.0],[125.01659304448863,6.653775872327636,0.0],[125.016321795201421,6.653776978772794,0.0],[125.016322901740537,6.654048192460658,0.0]]],[[[125.007371644526785,6.654084623284793,0.0],[125.007370542891991,6.653813408099105,0.0],[125.007099292040436,6.653814509491949,0.0],[125.007100393526628,6.654085724722933,0.0],[125.007371644526785,6.654084623284793,0.0]]],[[[125.007371644526785,6.654084623284793,0.0],[125.007372746207565,6.654355838467372,0.0],[125.007643997310481,6.654354736835342,0.0],[125.007642895481098,6.65408352169806,0.0],[125.007371644526785,6.654084623284793,0.0]]],[[[125.016867614377134,6.654588406515392,0.0],[125.01686650744854,6.654317192924695,0.0],[125.016595257910254,6.654318299609394,0.0],[125.016596364690244,6.654589513245566,0.0],[125.016867614377134,6.654588406515392,0.0]]],[[[125.009542753744697,6.654347021250104,0.0],[125.009271502963401,6.654348123922458,0.0],[125.00927260573043,6.654619338784671,0.0],[125.009543856660414,6.654618236067109,0.0],[125.009542753744697,6.654347021250104,0.0]]],[[[125.016868721351912,6.654859620102891,0.0],[125.017139971141304,6.654858513178561,0.0],[125.017138864017937,6.654587299636625,0.0],[125.016867614377134,6.654588406515392,0.0],[125.016868721351912,6.654859620102891,0.0]]],[[[125.009543856660414,6.654618236067109,0.0],[125.009544959622133,6.654889450880828,0.0],[125.00981621065479,6.654888347969288,0.0],[125.009815107544483,6.654617133200866,0.0],[125.009543856660414,6.654618236067109,0.0]]],[[[125.004664633891224,6.655451709123192,0.0],[125.004663533513295,6.65518049350061,0.0],[125.004392281459857,6.655181593633661,0.0],[125.004393381689098,6.655452809301363,0.0],[125.004664633891224,6.655451709123192,0.0]]],[[[125.01063327442148,6.655698682221076,0.0],[125.010632170727277,6.655427467598227,0.0],[125.010360919535287,6.655428571046316,0.0],[125.010362023080717,6.655699785714639,0.0],[125.01063327442148,6.655698682221076,0.0]]],[[[125.005207138157886,6.655449508320896,0.0],[125.00493588604742,6.655450608796341,0.0],[125.004936986619853,6.655721824370517,0.0],[125.005208238878907,6.655720723849776,0.0],[125.005207138157886,6.655449508320896,0.0]]],[[[125.011176881002299,6.65596768931723,0.0],[125.010905629604864,6.655968793153364,0.0],[125.01090673353967,6.656240007724699,0.0],[125.011177985085695,6.656238903843179,0.0],[125.011176881002299,6.65596768931723,0.0]]],[[[125.013891603631393,6.656499070920838,0.0],[125.013890498015257,6.656227856852124,0.0],[125.013619246929395,6.656228962220188,0.0],[125.013620352396941,6.656500176334288,0.0],[125.013891603631393,6.656499070920838,0.0]]],[[[125.011722696939458,6.656779124495036,0.0],[125.011451445188001,6.656780228764601,0.0],[125.011452549558186,6.65705144323566,0.0],[125.011723801458245,6.657050338920709,0.0],[125.011722696939458,6.656779124495036,0.0]]],[[[125.013897132403059,6.657855141217248,0.0],[125.013896026556623,6.657583927164255,0.0],[125.013894920756186,6.657312713108152,0.0],[125.013623669075699,6.657313818657937,0.0],[125.013624774727447,6.657585032759425,0.0],[125.013625880425195,6.657856246857805,0.0],[125.013897132403059,6.657855141217248,0.0]]],[[[125.012271829891546,6.658404201472021,0.0],[125.012543082397073,6.658403096484098,0.0],[125.012541977202019,6.658131882210303,0.0],[125.012540872053066,6.6578606679334,0.0],[125.012269619845,6.657861772830551,0.0],[125.012270724845266,6.658132987152929,0.0],[125.012271829891546,6.658404201472021,0.0]]],[[[125.004676741074121,6.658435080763323,0.0],[125.004405487236511,6.658436181438963,0.0],[125.004406588015883,6.658707397068917,0.0],[125.004677842002266,6.658706296348069,0.0],[125.004676741074121,6.658435080763323,0.0]]],[[[125.016889762636538,6.660012677666303,0.0],[125.016890870533871,6.660283891190741,0.0],[125.01716212329714,6.660282783356384,0.0],[125.017161015251133,6.66001156987742,0.0],[125.017159907251127,6.659740356395347,0.0],[125.016888654785305,6.659741464138667,0.0],[125.016889762636538,6.660012677666303,0.0]]],[[[125.014178340364239,6.660294961353839,0.0],[125.014177233954513,6.660023747374653,0.0],[125.01390598083286,6.660024853527422,0.0],[125.013907087093813,6.660296067551994,0.0],[125.014178340364239,6.660294961353839,0.0]]],[[[125.007939503502001,6.660320366281511,0.0],[125.008210757784326,6.660319263355583,0.0],[125.008482012020735,6.660318160280974,0.0],[125.00848090873491,6.660046945348861,0.0],[125.008209654647274,6.660048048378262,0.0],[125.007938400513723,6.660049151258804,0.0],[125.007939503502001,6.660320366281511,0.0]]],[[[125.006039620293109,6.660056867258377,0.0],[125.005768365792292,6.660057968949116,0.0],[125.005769467590596,6.660329184333933,0.0],[125.006040722240087,6.660328082597986,0.0],[125.006311976843847,6.660326980713358,0.0],[125.00631087474801,6.660055765418957,0.0],[125.006039620293109,6.660056867258377,0.0]]],[[[125.016619617724331,6.660284998876329,0.0],[125.016620725519076,6.660556212443134,0.0],[125.016891978477304,6.660555104711983,0.0],[125.016890870533871,6.660283891190741,0.0],[125.016619617724331,6.660284998876329,0.0]]],[[[125.013364580414859,6.660298279502261,0.0],[125.013093327006231,6.660299385254285,0.0],[125.013094432866964,6.660570599411995,0.0],[125.013365686424365,6.660569493614585,0.0],[125.013364580414859,6.660298279502261,0.0]]],[[[125.005499314590438,6.660601501348205,0.0],[125.005770569434631,6.66060039971573,0.0],[125.005769467590596,6.660329184333933,0.0],[125.005498212895091,6.660330285921199,0.0],[125.005226958153841,6.660331387359606,0.0],[125.005228059700428,6.660602602831909,0.0],[125.005499314590438,6.660601501348205,0.0]]],[[[125.016620725519076,6.660556212443134,0.0],[125.016349472514662,6.660557320025515,0.0],[125.016350580206733,6.660828533634686,0.0],[125.016621833359821,6.66082742600683,0.0],[125.016620725519076,6.660556212443134,0.0]]],[[[125.004957906208134,6.660874919681157,0.0],[125.00495680476449,6.660603704166843,0.0],[125.004685549782721,6.660604805353008,0.0],[125.004686651077606,6.66087602091253,0.0],[125.004957906208134,6.660874919681157,0.0]]],[[[125.016079327007446,6.660829641113772,0.0],[125.016080434596844,6.661100854765309,0.0],[125.016351687944891,6.66109974724066,0.0],[125.016350580206733,6.660828533634686,0.0],[125.016079327007446,6.660829641113772,0.0]]],[[[125.015539035100417,6.6613742831075,0.0],[125.015810288689423,6.661373175834915,0.0],[125.015809181202698,6.661101962141101,0.0],[125.015537927762452,6.661103069368211,0.0],[125.01526667427612,6.661104176446551,0.0],[125.015267781465298,6.661375390231314,0.0],[125.015539035100417,6.6613742831075,0.0]]],[[[125.010116162510059,6.661938826603717,0.0],[125.010387417317475,6.661937722215758,0.0],[125.010386312714402,6.66166650761991,0.0],[125.010115058055845,6.661667611962572,0.0],[125.010116162510059,6.661938826603717,0.0]]],[[[125.012558559960212,6.66220009598558,0.0],[125.012557454120795,6.661928881756016,0.0],[125.012286199681441,6.661929987334134,0.0],[125.012287305371999,6.662201201609173,0.0],[125.012558559960212,6.66220009598558,0.0]]],[[[125.01201605073777,6.662202307083995,0.0],[125.012014945195986,6.661931092763571,0.0],[125.011743690664616,6.661932198044238,0.0],[125.011744796057641,6.662203412410048,0.0],[125.01201605073777,6.662202307083995,0.0]]],[[[125.010929926794276,6.661935512993442,0.0],[125.010658672078875,6.66193661767903,0.0],[125.010659776876736,6.662207832226295,0.0],[125.01093103174091,6.66220672749541,0.0],[125.010929926794276,6.661935512993442,0.0]]],[[[125.010117267010287,6.662210041241754,0.0],[125.010116162510059,6.661938826603717,0.0],[125.009844907656628,6.661939930842906,0.0],[125.009846012008083,6.66221114552624,0.0],[125.009847116405467,6.662482360206465,0.0],[125.01011837155643,6.662481255876593,0.0],[125.010117267010287,6.662210041241754,0.0]]],[[[125.009850429873453,6.663296004228134,0.0],[125.009849325338138,6.663024789557412,0.0],[125.009578069843542,6.663025893829198,0.0],[125.009579174229998,6.663297108545216,0.0],[125.009850429873453,6.663296004228134,0.0]]],[[[125.009310127153725,6.663840642226835,0.0],[125.009309022824212,6.663569427471825,0.0],[125.009037766940054,6.663570531536576,0.0],[125.009038871120723,6.663841746336971,0.0],[125.009310127153725,6.663840642226835,0.0]]],[[[125.008767615041791,6.663842850298338,0.0],[125.008768719119587,6.664114065140923,0.0],[125.009039975347378,6.664112961134259,0.0],[125.009038871120723,6.663841746336971,0.0],[125.008767615041791,6.663842850298338,0.0]]],[[[125.016907494529036,6.66435209367878,0.0],[125.017178749524476,6.664350985161858,0.0],[125.0171776407864,6.664079771730234,0.0],[125.016906385939805,6.664080880201682,0.0],[125.016907494529036,6.66435209367878,0.0]]],[[[125.004971127108959,6.664129505606895,0.0],[125.004699870192653,6.664130607381034,0.0],[125.004700972083583,6.66440182289961,0.0],[125.004972229148748,6.664400721080175,0.0],[125.004971127108959,6.664129505606895,0.0]]],[[[125.016636239487497,6.664353202046933,0.0],[125.01663734797404,6.664624415566398,0.0],[125.016908603164438,6.664623307152771,0.0],[125.016907494529036,6.66435209367878,0.0],[125.016636239487497,6.664353202046933,0.0]]],[[[125.01663734797404,6.664624415566398,0.0],[125.016366092737542,6.664625523831167,0.0],[125.016367201121327,6.664896737392998,0.0],[125.016638456506683,6.664895629082666,0.0],[125.01663734797404,6.664624415566398,0.0]]],[[[125.007687004471777,6.664932124731835,0.0],[125.007685900851655,6.664660909717388,0.0],[125.007414644096372,6.66466201307053,0.0],[125.007415747567734,6.664933228130185,0.0],[125.007687004471777,6.664932124731835,0.0]]],[[[125.015556758776711,6.665713702506513,0.0],[125.015555650701131,6.665442488817761,0.0],[125.015284394833586,6.665443596623608,0.0],[125.015285502760221,6.665714810357835,0.0],[125.015556758776711,6.665713702506513,0.0]]],[[[125.011759170353969,6.665729198878343,0.0],[125.012030426969176,6.665728092962273,0.0],[125.012029320829114,6.665456878682883,0.0],[125.011758064362851,6.665457984553567,0.0],[125.011486807850488,6.665459090275481,0.0],[125.011487913692747,6.665730304645554,0.0],[125.011759170353969,6.665729198878343,0.0]]],[[[125.013929221986672,6.665720347381474,0.0],[125.013657965693767,6.665721454339555,0.0],[125.01365907277318,6.665992668343343,0.0],[125.013930329214929,6.665991561339788,0.0],[125.013929221986672,6.665720347381474,0.0]]],[[[125.010403991880708,6.66600594077432,0.0],[125.010402886587954,6.665734726225812,0.0],[125.010131629696701,6.665735831248729,0.0],[125.010132734840582,6.666007045842623,0.0],[125.010403991880708,6.66600594077432,0.0]]],[[[125.013933651176217,6.6668052031959,0.0],[125.013662394287707,6.666806310335791,0.0],[125.013663501551321,6.667077524326968,0.0],[125.013934758588775,6.667076417141602,0.0],[125.013933651176217,6.6668052031959,0.0]]],[[[125.010407308034814,6.666819584400927,0.0],[125.010136050548027,6.666820689605211,0.0],[125.010137155875853,6.667091904186404,0.0],[125.010408413511584,6.667090798936735,0.0],[125.010407308034814,6.666819584400927,0.0]]],[[[125.009865898194121,6.667093009287215,0.0],[125.009864793015325,6.666821794660636,0.0],[125.009593535436622,6.666822899567202,0.0],[125.009594640466545,6.667094114239078,0.0],[125.009865898194121,6.667093009287215,0.0]]],[[[125.010139366669364,6.667634333339376,0.0],[125.010138261249608,6.667363118764489,0.0],[125.009867003419004,6.667364223910597,0.0],[125.009868108689815,6.66763543853087,0.0],[125.010139366669364,6.667634333339376,0.0]]],[[[125.005256716009484,6.667654204002891,0.0],[125.004985457203404,6.667655306513951,0.0],[125.004986559839423,6.667926521946286,0.0],[125.005257818794462,6.667925419389928,0.0],[125.005256716009484,6.667654204002891,0.0]]],[[[125.009870319369369,6.668177867761913,0.0],[125.009869214006542,6.667906653147946,0.0],[125.009868108689815,6.66763543853087,0.0],[125.009596850664352,6.667636543573416,0.0],[125.009597955832135,6.667907758235878,0.0],[125.009599061046003,6.668178972895142,0.0],[125.009870319369369,6.668177867761913,0.0]]],[[[125.005802542870001,6.668465644414199,0.0],[125.00580143969546,6.668194429123884,0.0],[125.005530180683238,6.668195532023344,0.0],[125.005531283708905,6.668466747358868,0.0],[125.005802542870001,6.668465644414199,0.0]]],[[[125.004718608574876,6.668741270767407,0.0],[125.004989868022491,6.668740168224283,0.0],[125.004988765248967,6.668468952801452,0.0],[125.004987662521287,6.668197737375423,0.0],[125.004716403371475,6.668198839828041,0.0],[125.00471750595031,6.668470055299278,0.0],[125.004718608574876,6.668741270767407,0.0]]],[[[125.009601271611515,6.668721402204256,0.0],[125.009330012944261,6.668722507279221,0.0],[125.009331118147031,6.668993721974368,0.0],[125.009602376963244,6.668992616854106,0.0],[125.009601271611515,6.668721402204256,0.0]]],[[[125.017471082093294,6.669502930232238,0.0],[125.017199824314744,6.66950403976275,0.0],[125.017200933975545,6.669775253131136,0.0],[125.017472191903138,6.669774143555149,0.0],[125.017471082093294,6.669502930232238,0.0]]],[[[125.016658417982086,6.669777471836356,0.0],[125.016657308619173,6.669506258376932,0.0],[125.016386050702152,6.669507367460601,0.0],[125.016387159916121,6.6697785809655,0.0],[125.016658417982086,6.669777471836356,0.0]]],[[[125.005806956026944,6.669550505543662,0.0],[125.005535696269973,6.669551608669342,0.0],[125.00553679952489,6.669822823989056,0.0],[125.00580805943089,6.669821720818168,0.0],[125.005806956026944,6.669550505543662,0.0]]],[[[125.00987695251122,6.66980515537928,0.0],[125.009605693294091,6.669806260784559,0.0],[125.009604587804532,6.669535046144213,0.0],[125.009333328690417,6.669536151355246,0.0],[125.009334434031047,6.66980736604089,0.0],[125.009335539417663,6.670078580723424,0.0],[125.009606798829665,6.670077475421796,0.0],[125.009878058195753,6.670076369971132,0.0],[125.00987695251122,6.66980515537928,0.0]]],[[[125.010691836018211,6.670073052725454,0.0],[125.010690729886761,6.669801838269671,0.0],[125.010419470807562,6.669802944121792,0.0],[125.010420576790068,6.670074158622961,0.0],[125.010691836018211,6.670073052725454,0.0]]],[[[125.016659527391099,6.670048685292671,0.0],[125.01638826917619,6.670049794467379,0.0],[125.016389378482344,6.67032100796606,0.0],[125.016660636846296,6.670319898745878,0.0],[125.016659527391099,6.670048685292671,0.0]]],[[[125.016118120072292,6.670322117037206,0.0],[125.015846861616239,6.670323225959405,0.0],[125.015847970670521,6.670594439545927,0.0],[125.016119229275688,6.670593330578165,0.0],[125.016118120072292,6.670322117037206,0.0]]],[[[125.011508933438151,6.670883377079204,0.0],[125.011780192929294,6.670882270449661,0.0],[125.012051452374422,6.67088116367117,0.0],[125.012050345359938,6.670609949451731,0.0],[125.011779086063854,6.670611056184836,0.0],[125.011507826721655,6.670612162768994,0.0],[125.011506720051173,6.670340948455586,0.0],[125.011235460812017,6.670342054845411,0.0],[125.011234354336565,6.670070840483509,0.0],[125.010963095200438,6.670071946678999,0.0],[125.010964201526846,6.670343161086199,0.0],[125.01069294219576,6.670344267178039,0.0],[125.010421682818574,6.670345373120932,0.0],[125.01042278889301,6.670616587615794,0.0],[125.010694048419225,6.670615481627515,0.0],[125.010965307899355,6.670614375490378,0.0],[125.011236567333469,6.670613269204115,0.0],[125.011237673900922,6.670884483559711,0.0],[125.011508933438151,6.670883377079204,0.0]]],[[[125.013407748909501,6.670875627543968,0.0],[125.013406641150112,6.670604413551549,0.0],[125.013135382084144,6.670605521029569,0.0],[125.013136489694588,6.670876735067375,0.0],[125.013407748909501,6.670875627543968,0.0]]],[[[125.012593971126563,6.670878949667167,0.0],[125.012592863814106,6.67060773553859,0.0],[125.012321604610023,6.670608842569679,0.0],[125.012322711773535,6.670880056743642,0.0],[125.012593971126563,6.670878949667167,0.0]]],[[[125.005542316487777,6.671178900540462,0.0],[125.005541213003454,6.670907685236469,0.0],[125.005540109565047,6.670636469929367,0.0],[125.005268849166185,6.67063757308711,0.0],[125.005269952455649,6.67090878843942,0.0],[125.005271055790942,6.671180003788622,0.0],[125.005542316487777,6.671178900540462,0.0]]],[[[125.015577820970748,6.670866761993453,0.0],[125.015306562124337,6.670867870708705,0.0],[125.015307670972916,6.671139084379782,0.0],[125.015578929968271,6.671137975619055,0.0],[125.015577820970748,6.670866761993453,0.0]]],[[[125.013680116033029,6.671145733815362,0.0],[125.013679008078498,6.670874519871526,0.0],[125.013407748909501,6.670875627543968,0.0],[125.013408856715088,6.671146841533191,0.0],[125.013680116033029,6.671145733815362,0.0]]],[[[125.012322711773535,6.670880056743642,0.0],[125.012051452374422,6.67088116367117,0.0],[125.012052559434906,6.67115237788741,0.0],[125.012323818982978,6.671151270914497,0.0],[125.012322711773535,6.670880056743642,0.0]]],[[[125.016666184814156,6.671675965964305,0.0],[125.016665075128302,6.671404752526908,0.0],[125.016393816168389,6.671405861929078,0.0],[125.0163949257052,6.67167707541195,0.0],[125.016666184814156,6.671675965964305,0.0]]],[[[125.013685656496492,6.672501803486939,0.0],[125.013686764727325,6.672773017411768,0.0],[125.013687873004272,6.6730442313334,0.0],[125.013688981327306,6.673315445251924,0.0],[125.013960241791438,6.673314337021705,0.0],[125.013959133319361,6.673043123148568,0.0],[125.013958024893299,6.672771909272321,0.0],[125.013956916513422,6.672500695392967,0.0],[125.01395580817956,6.672229481510326,0.0],[125.014227068001446,6.672228373312792,0.0],[125.014225959564641,6.671957159472517,0.0],[125.014497219191398,6.671956051171422,0.0],[125.014496110651564,6.671684837373513,0.0],[125.014224851173836,6.671685945629133,0.0],[125.01422374282923,6.671414731782552,0.0],[125.013952483454446,6.671415839843751,0.0],[125.013951375304785,6.671144625948586,0.0],[125.013680116033029,6.671145733815362,0.0],[125.013681224033562,6.671416947756001,0.0],[125.013409964566677,6.671418055519216,0.0],[125.013408856715088,6.671146841533191,0.0],[125.013137597351133,6.671147949101983,0.0],[125.013136489694588,6.670876735067375,0.0],[125.012865230433576,6.670877842441745,0.0],[125.012593971126563,6.670878949667167,0.0],[125.012595078485035,6.671150163792636,0.0],[125.012866337941091,6.671149056521828,0.0],[125.012867445494606,6.671420270598714,0.0],[125.013138705053692,6.671419163133483,0.0],[125.013139812802251,6.671690377161785,0.0],[125.013140920596896,6.67196159118689,0.0],[125.013412180407954,6.671960483481851,0.0],[125.013683440172926,6.671959375627776,0.0],[125.013684548311659,6.672230589558912,0.0],[125.013685656496492,6.672501803486939,0.0]]],[[[125.014772913988082,6.67303979769994,0.0],[125.014771805114918,6.672768583960029,0.0],[125.014770696287925,6.672497370216921,0.0],[125.014499436409196,6.672498478757913,0.0],[125.014500545087145,6.672769692546496,0.0],[125.01450165381128,6.673040906331882,0.0],[125.014772913988082,6.67303979769994,0.0]]],[[[125.007449977952746,6.673340893414346,0.0],[125.007448873057996,6.673069678452568,0.0],[125.00717761163915,6.673070783060617,0.0],[125.007178716384871,6.673341998067781,0.0],[125.007449977952746,6.673340893414346,0.0]]],[[[125.007449977952746,6.673340893414346,0.0],[125.007451082893326,6.673612108373015,0.0],[125.007722344564328,6.673611003525246,0.0],[125.00772123947462,6.673339788611874,0.0],[125.007449977952746,6.673340893414346,0.0]]],[[[125.00745439799077,6.674425753230016,0.0],[125.00772566010896,6.674424648246355,0.0],[125.007724554881491,6.674153433342487,0.0],[125.007723449699952,6.673882218435421,0.0],[125.00745218787992,6.673883323328487,0.0],[125.007453292912345,6.67415453828085,0.0],[125.00745439799077,6.674425753230016,0.0]]],[[[125.010710647290395,6.674683697990589,0.0],[125.010439385528542,6.674684804659301,0.0],[125.01044049233883,6.674956019103537,0.0],[125.010711754249712,6.674954912389528,0.0],[125.010710647290395,6.674683697990589,0.0]]],[[[125.007731186935246,6.675780722718447,0.0],[125.007730081478101,6.675509507830388,0.0],[125.007728976066957,6.675238292939132,0.0],[125.007457713501481,6.675239398058594,0.0],[125.007458818763496,6.675510612995148,0.0],[125.007459924071526,6.675781827928504,0.0],[125.007731186935246,6.675780722718447,0.0]]],[[[125.00936429560123,6.677130161360521,0.0],[125.009363189019652,6.676858946760142,0.0],[125.009091925835023,6.676860053046139,0.0],[125.009093032267486,6.677131267691814,0.0],[125.00936429560123,6.677130161360521,0.0]]],[[[125.007197504085781,6.677952652705064,0.0],[125.00692623993703,6.677953757979247,0.0],[125.006927345359983,6.678224972974776,0.0],[125.007198609657863,6.678223867655384,0.0],[125.007197504085781,6.677952652705064,0.0]]],[[[125.014252574764555,6.678466290767191,0.0],[125.01398131151322,6.678467400009844,0.0],[125.013982420906686,6.678738613819744,0.0],[125.01425368430705,6.678737504531616,0.0],[125.014252574764555,6.678466290767191,0.0]]],[[[125.013711157460236,6.678739722958658,0.0],[125.013710048215984,6.678468509103372,0.0],[125.013438784872548,6.678469618047775,0.0],[125.013439893967671,6.678740831948446,0.0],[125.013711157460236,6.678739722958658,0.0]]],[[[125.007743349994428,6.678764086278819,0.0],[125.008014614452875,6.678762980421369,0.0],[125.008013508341406,6.678491765613335,0.0],[125.007742244032173,6.678492871425488,0.0],[125.007470979676924,6.678493977088515,0.0],[125.007472085490065,6.678765191987144,0.0],[125.007743349994428,6.678764086278819,0.0]]],[[[125.011812312045365,6.67874748275493,0.0],[125.011541048230498,6.678748590700665,0.0],[125.011542156327309,6.679019804916106,0.0],[125.011813420291404,6.679018696924985,0.0],[125.011812312045365,6.67874748275493,0.0]]],[[[125.014255903530525,6.67927993205105,0.0],[125.014254793895745,6.679008718292931,0.0],[125.013983530346167,6.679009827626445,0.0],[125.013984639831733,6.679281041430039,0.0],[125.014255903530525,6.67927993205105,0.0]]],[[[125.010186943214109,6.67929655707312,0.0],[125.010185835817182,6.679025342634035,0.0],[125.009914571577227,6.679026449730139,0.0],[125.009915678824939,6.67929766421461,0.0],[125.010186943214109,6.67929655707312,0.0]]],[[[125.009917893458208,6.679840093173959,0.0],[125.009916786118566,6.679568878695883,0.0],[125.009645521534267,6.679569985733456,0.0],[125.00964662872461,6.679841200256917,0.0],[125.009917893458208,6.679840093173959,0.0]]],[[[125.012901802491584,6.679827905415334,0.0],[125.012630538264148,6.679829014139291,0.0],[125.012631647141845,6.680100228160399,0.0],[125.012902911518495,6.680099119391056,0.0],[125.012901802491584,6.679827905415334,0.0]]],[[[125.007206349948135,6.680122372218453,0.0],[125.007205244054617,6.679851157290426,0.0],[125.006933978861653,6.679852262881512,0.0],[125.006662713622759,6.679853368323472,0.0],[125.006663819217749,6.680124583342093,0.0],[125.006935084605857,6.680123477854836,0.0],[125.006936190396075,6.68039469282514,0.0],[125.007207455887567,6.680393587143372,0.0],[125.007206349948135,6.680122372218453,0.0]]],[[[125.007752199346086,6.680933804991693,0.0],[125.008023464998246,6.680932698771778,0.0],[125.008022358519241,6.680661483989057,0.0],[125.008021252086252,6.680390269203138,0.0],[125.007749986732605,6.68039137533246,0.0],[125.007751093016381,6.680662590163586,0.0],[125.007752199346086,6.680933804991693,0.0]]],[[[125.016434899748205,6.681440758690003,0.0],[125.016433788550941,6.681169545320995,0.0],[125.016162524176423,6.681170656211752,0.0],[125.016163635224473,6.681441869626323,0.0],[125.016434899748205,6.681440758690003,0.0]]],[[[125.004771588482626,6.681759609521518,0.0],[125.004770483656884,6.681488394205091,0.0],[125.004499217155526,6.681489498724944,0.0],[125.004500321831969,6.68176071408658,0.0],[125.004771588482626,6.681759609521518,0.0]]],[[[125.008840582734564,6.681743023138318,0.0],[125.008569316772508,6.681744129941767,0.0],[125.008570423733701,6.682015344621193,0.0],[125.008841689844971,6.682014237772447,0.0],[125.008840582734564,6.681743023138318,0.0]]],[[[125.006941720035655,6.681750767628878,0.0],[125.006670453752179,6.68175187338774,0.0],[125.006671559668604,6.682023088384246,0.0],[125.006942826101294,6.682021982580086,0.0],[125.006941720035655,6.681750767628878,0.0]]],[[[125.008841689844971,6.682014237772447,0.0],[125.008842797001378,6.682285452403378,0.0],[125.009114063215932,6.682284345360032,0.0],[125.009112955910311,6.682013130774398,0.0],[125.008841689844971,6.682014237772447,0.0]]],[[[125.005316332032265,6.682299830386182,0.0],[125.005315226816265,6.682028615166478,0.0],[125.005043960108139,6.682029720075264,0.0],[125.005045065174855,6.682300935340177,0.0],[125.005316332032265,6.682299830386182,0.0]]],[[[125.008846118746206,6.683099096277432,0.0],[125.008845011451953,6.682827881655915,0.0],[125.008573744892871,6.682828988640641,0.0],[125.00857485203791,6.683100203307455,0.0],[125.008846118746206,6.683099096277432,0.0]]],[[[125.012372581770833,6.683084691304306,0.0],[125.01210131566036,6.683085800274644,0.0],[125.012102424791991,6.683357014348688,0.0],[125.012373691051764,6.683355905332875,0.0],[125.012372581770833,6.683084691304306,0.0]]],[[[125.01291622343318,6.683353686853519,0.0],[125.012644957265522,6.683354796167849,0.0],[125.012646066741766,6.683626010147923,0.0],[125.012917333058724,6.683624900788208,0.0],[125.01291622343318,6.683353686853519,0.0]]],[[[125.005322964291551,6.683927121637709,0.0],[125.005594231998685,6.683926016262984,0.0],[125.005593126358221,6.683654801107584,0.0],[125.005592020763487,6.683383585948985,0.0],[125.005320753354951,6.683384691233205,0.0],[125.005321858800286,6.6836559064371,0.0],[125.005322964291551,6.683927121637709,0.0]]],[[[125.009663242097687,6.683909417729148,0.0],[125.009391975079325,6.68391052534306,0.0],[125.009393082855951,6.684181739861192,0.0],[125.009664350023613,6.684180632202072,0.0],[125.009663242097687,6.683909417729148,0.0]]],[[[125.008852763476753,6.684726383940007,0.0],[125.00885165590681,6.684455169337409,0.0],[125.008580388451904,6.684456276594095,0.0],[125.008581495872647,6.684727491241991,0.0],[125.008852763476753,6.684726383940007,0.0]]],[[[125.017534414906592,6.684962084596244,0.0],[125.017533302512419,6.684690871450347,0.0],[125.017262036381794,6.684691983529665,0.0],[125.017263148626753,6.684963196721125,0.0],[125.017534414906592,6.684962084596244,0.0]]],[[[125.008310228222527,6.684728598394671,0.0],[125.008311335539787,6.684999813084667,0.0],[125.008582603339207,6.6849987058866,0.0],[125.008581495872647,6.684727491241991,0.0],[125.008310228222527,6.684728598394671,0.0]]],[[[125.01400906016967,6.685247744307774,0.0],[125.014007949670599,6.684976530573814,0.0],[125.013736682791318,6.684977640757848,0.0],[125.01373779314109,6.685248854537194,0.0],[125.01400906016967,6.685247744307774,0.0]]],[[[125.01373779314109,6.685248854537194,0.0],[125.013466526066424,6.68524996461731,0.0],[125.013467636312896,6.685521178438933,0.0],[125.013738903536961,6.685520068313431,0.0],[125.01373779314109,6.685248854537194,0.0]]],[[[125.010483693810031,6.685533379965389,0.0],[125.010482585206248,6.685262165644343,0.0],[125.01021131757922,6.685263273932827,0.0],[125.010212426033704,6.68553448829917,0.0],[125.010483693810031,6.685533379965389,0.0]]],[[[125.011298605960945,6.685801268249745,0.0],[125.011297496863065,6.685530054068054,0.0],[125.011026229224754,6.685531162849832,0.0],[125.01102733817325,6.685802377076908,0.0],[125.011298605960945,6.685801268249745,0.0]]],[[[125.008585926014675,6.685812349801687,0.0],[125.008857194216176,6.685811242318427,0.0],[125.008856086462373,6.685540027728529,0.0],[125.00858481841027,6.685541135166493,0.0],[125.008313550312153,6.685542242455154,0.0],[125.008314657767258,6.685813457135645,0.0],[125.008585926014675,6.685812349801687,0.0]]],[[[125.010214643080687,6.686076917022263,0.0],[125.010213534534188,6.685805702662315,0.0],[125.009942266562547,6.685806810892179,0.0],[125.009943374959661,6.686078025297513,0.0],[125.010214643080687,6.686076917022263,0.0]]],[[[125.008045604223184,6.686356993762375,0.0],[125.008044496825548,6.686085779042892,0.0],[125.007773228336902,6.686086886123452,0.0],[125.00777433558514,6.686358100888232,0.0],[125.008045604223184,6.686356993762375,0.0]]],[[[125.009673215086522,6.686350347870893,0.0],[125.009674323426253,6.686621562315307,0.0],[125.0096754318119,6.686892776756523,0.0],[125.009676540243646,6.687163991194542,0.0],[125.009947809008068,6.687162882887319,0.0],[125.009946700426937,6.686891668494597,0.0],[125.009945591891892,6.686620454098766,0.0],[125.009944483402862,6.686349239699738,0.0],[125.009943374959661,6.686078025297513,0.0],[125.009672106792706,6.68607913342337,0.0],[125.009673215086522,6.686350347870893,0.0]]],[[[125.007504174046048,6.686630422671755,0.0],[125.007503066901279,6.686359207864787,0.0],[125.007231798171389,6.686360314692128,0.0],[125.007232905166873,6.686631529544305,0.0],[125.007234012208258,6.686902744393284,0.0],[125.007235119295572,6.687173959239154,0.0],[125.00750638847353,6.6871728522761,0.0],[125.007505281236831,6.686901637475526,0.0],[125.007504174046048,6.686630422671755,0.0]]],[[[125.009948917635043,6.687434097276843,0.0],[125.010220186502949,6.687432988774842,0.0],[125.010219077726489,6.687161774430703,0.0],[125.009947809008068,6.687162882887319,0.0],[125.009948917635043,6.687434097276843,0.0]]],[[[125.007507495756158,6.687444067073476,0.0],[125.007236226428802,6.687445174081916,0.0],[125.007237333607947,6.687716388921481,0.0],[125.007508603084787,6.687715281867743,0.0],[125.007507495756158,6.687444067073476,0.0]]],[[[125.015647777860451,6.687953214233908,0.0],[125.015919046060006,6.687952102504622,0.0],[125.016190314213446,6.687950990625944,0.0],[125.016189202058555,6.687679777287401,0.0],[125.015917934054485,6.687680889120604,0.0],[125.015646666004244,6.687682000804416,0.0],[125.015647777860451,6.687953214233908,0.0]]],[[[125.010223513108073,6.688246631788428,0.0],[125.010222404193684,6.687975417453704,0.0],[125.009951135027094,6.687976526046389,0.0],[125.009952243792085,6.68824774042641,0.0],[125.010223513108073,6.688246631788428,0.0]]],[[[125.006969385450148,6.688531140461227,0.0],[125.007240655421,6.688530033421078,0.0],[125.007239548104096,6.688258818591017,0.0],[125.007238440833106,6.687987603757759,0.0],[125.006967171161051,6.687988710707402,0.0],[125.006968278282642,6.688259925585869,0.0],[125.006969385450148,6.688531140461227,0.0]]],[[[125.015378733166642,6.688496752754411,0.0],[125.015650001711066,6.688495641083567,0.0],[125.015648889762673,6.688224427660292,0.0],[125.015377621367634,6.68822553928575,0.0],[125.015106352926409,6.688226650761817,0.0],[125.015107464576033,6.688497864275953,0.0],[125.015378733166642,6.688496752754411,0.0]]],[[[125.010767160861278,6.688515628305045,0.0],[125.010495891487835,6.688516737287196,0.0],[125.010497000643625,6.688787951570228,0.0],[125.010768270166466,6.688786842542691,0.0],[125.010767160861278,6.688515628305045,0.0]]],[[[125.014838419077975,6.68904140275782,0.0],[125.014837307485635,6.688770189204516,0.0],[125.014566038653356,6.688771300472749,0.0],[125.014567150096383,6.689042514071528,0.0],[125.014838419077975,6.68904140275782,0.0]]],[[[125.010769379517654,6.689058056777228,0.0],[125.011040649143879,6.689056947554914,0.0],[125.011039539643306,6.688785733365852,0.0],[125.010768270166466,6.688786842542691,0.0],[125.010769379517654,6.689058056777228,0.0]]],[[[125.007514140416362,6.689071355791474,0.0],[125.007242870192655,6.689072463071608,0.0],[125.007243977647306,6.689343677892166,0.0],[125.007515248020496,6.689342570566734,0.0],[125.007514140416362,6.689071355791474,0.0]]],[[[125.015111911635373,6.689582718300877,0.0],[125.015110799801363,6.689311504799442,0.0],[125.014839530716486,6.689312616307928,0.0],[125.014840642401012,6.689583829854926,0.0],[125.015111911635373,6.689582718300877,0.0]]],[[[125.010770488914758,6.68932927100848,0.0],[125.010499219093134,6.689330380126699,0.0],[125.010500328386854,6.689601594400227,0.0],[125.010771598357962,6.689600485236622,0.0],[125.010770488914758,6.68932927100848,0.0]]],[[[125.007520786729899,6.690698644395519,0.0],[125.007792057804394,6.69069753669421,0.0],[125.007790949821171,6.690426321980056,0.0],[125.007789841883877,6.690155107262794,0.0],[125.007788733992584,6.689883892542334,0.0],[125.00778762614722,6.689612677818677,0.0],[125.007786518347771,6.689341463091911,0.0],[125.007515248020496,6.689342570566734,0.0],[125.00751635567056,6.689613785338886,0.0],[125.007517463366455,6.689885000107751,0.0],[125.007518571108349,6.690156214873508,0.0],[125.007519678896159,6.690427429636068,0.0],[125.007520786729899,6.690698644395519,0.0]]],[[[125.014572708002518,6.69039858201764,0.0],[125.014571596329091,6.69012736843476,0.0],[125.014300326703662,6.690128479780886,0.0],[125.014301438227605,6.690399693409241,0.0],[125.014572708002518,6.69039858201764,0.0]]],[[[125.009689845009817,6.690418564204124,0.0],[125.009688736026433,6.69014734980403,0.0],[125.009417465572511,6.690148458460663,0.0],[125.009418574406425,6.690419672906054,0.0],[125.009689845009817,6.690418564204124,0.0]]],[[[125.00589315931883,6.690705287465435,0.0],[125.005892052381796,6.690434072434379,0.0],[125.005620781135448,6.690435179044472,0.0],[125.005621887922999,6.690706394120824,0.0],[125.00589315931883,6.690705287465435,0.0]]],[[[125.009420792212183,6.690962101787421,0.0],[125.009419683286339,6.690690887348336,0.0],[125.009148412487534,6.690691995946172,0.0],[125.009149521263993,6.690963210430554,0.0],[125.009420792212183,6.690962101787421,0.0]]],[[[125.008878250269788,6.690964318924384,0.0],[125.008879358942679,6.691235533450954,0.0],[125.009150630086353,6.691234424911827,0.0],[125.009149521263993,6.690963210430554,0.0],[125.008878250269788,6.690964318924384,0.0]]],[[[125.010236823667569,6.691501203557668,0.0],[125.010235714201357,6.691229989260958,0.0],[125.009964443241529,6.69123109839783,0.0],[125.009965552558342,6.691502312739925,0.0],[125.010236823667569,6.691501203557668,0.0]]],[[[125.010779365748078,6.69149898474489,0.0],[125.010508094730866,6.691500094226019,0.0],[125.010509204392477,6.691771308474146,0.0],[125.010780475559244,6.69177019894772,0.0],[125.010779365748078,6.69149898474489,0.0]]],[[[125.009698718532007,6.692588279290477,0.0],[125.009969990285157,6.692587170076334,0.0],[125.009968880784484,6.692315955746939,0.0],[125.009967771329741,6.692044741414436,0.0],[125.009696499875545,6.692045850537895,0.0],[125.009697609180819,6.692317064915785,0.0],[125.009698718532007,6.692588279290477,0.0]]],[[[125.008339033403246,6.691780179305771,0.0],[125.008340141915113,6.692051393913343,0.0],[125.008341250472895,6.692322608517896,0.0],[125.008342359076593,6.692593823119251,0.0],[125.008343467726206,6.692865037717408,0.0],[125.0086147398587,6.692863929205282,0.0],[125.008613631059603,6.692592714652421,0.0],[125.008612522306336,6.692321500096363,0.0],[125.008611413599155,6.692050285537197,0.0],[125.008610304937818,6.691779070974833,0.0],[125.008339033403246,6.691780179305771,0.0]]],[[[125.010241261992391,6.692586060712711,0.0],[125.009969990285157,6.692587170076334,0.0],[125.00997109983183,6.692858384402531,0.0],[125.010242371688548,6.692857274993611,0.0],[125.010241261992391,6.692586060712711,0.0]]],[[[125.010243481430706,6.693128489271225,0.0],[125.010514753390893,6.693127379667438,0.0],[125.010513643499252,6.692856165435122,0.0],[125.010242371688548,6.692857274993611,0.0],[125.010243481430706,6.693128489271225,0.0]]],[[[125.008073304093855,6.6931373607204,0.0],[125.008074412685914,6.693408575357549,0.0],[125.008345685163377,6.693407466904309,0.0],[125.008344576421834,6.693136252312457,0.0],[125.008343467726206,6.692865037717408,0.0],[125.008072195547797,6.692866146080054,0.0],[125.008073304093855,6.6931373607204,0.0]]],[[[125.008345685163377,6.693407466904309,0.0],[125.008346793950835,6.693678681492963,0.0],[125.008618066531938,6.693677572844945,0.0],[125.00861695759491,6.693406358301588,0.0],[125.008345685163377,6.693407466904309,0.0]]],[[[125.010246810933069,6.693942132085327,0.0],[125.010245701052966,6.693670917817127,0.0],[125.009974428747725,6.693672027362205,0.0],[125.009975538478344,6.693943241675702,0.0],[125.010246810933069,6.693942132085327,0.0]]],[[[125.008347902784308,6.693949896078508,0.0],[125.008346793950835,6.693678681492963,0.0],[125.008075521323804,6.693679789991589,0.0],[125.008076630007707,6.693951004622432,0.0],[125.008077738737612,6.694222219249988,0.0],[125.008349011663697,6.694221110660856,0.0],[125.008347902784308,6.693949896078508,0.0]]],[[[125.010518083341879,6.693941022345382,0.0],[125.010246810933069,6.693942132085327,0.0],[125.010247920859172,6.694213346350328,0.0],[125.010519193417551,6.694212236564998,0.0],[125.01079046592983,6.694211126630276,0.0],[125.010789355704674,6.693939912456046,0.0],[125.010518083341879,6.693941022345382,0.0]]],[[[125.011068401610601,6.695837301252969,0.0],[125.011067290959829,6.695566087143132,0.0],[125.010796017745804,6.695567197454175,0.0],[125.010797128246921,6.695838411609487,0.0],[125.011068401610601,6.695837301252969,0.0]]],[[[125.017036403959366,6.695812835576285,0.0],[125.017037517946846,6.69608404868328,0.0],[125.017308790400236,6.696082934841816,0.0],[125.017307676263272,6.695811721780385,0.0],[125.017036403959366,6.695812835576285,0.0]]],[[[125.011884443762497,6.6963763972243,0.0],[125.011613170237709,6.696377508120119,0.0],[125.011614281325635,6.69664872212977,0.0],[125.011885555,6.696647611188475,0.0],[125.011884443762497,6.6963763972243,0.0]]],[[[125.01351542048765,6.697183369774149,0.0],[125.013514308260355,6.696912156088684,0.0],[125.01324303471273,6.696913267972779,0.0],[125.013244146790356,6.697184481703631,0.0],[125.01351542048765,6.697183369774149,0.0]]],[[[125.016229268695042,6.697443455480454,0.0],[125.015957995309066,6.697444568951192,0.0],[125.01595910897494,6.697715782221167,0.0],[125.016230382510486,6.697714668704955,0.0],[125.016229268695042,6.697443455480454,0.0]]],[[[125.008633596475136,6.69747457611932,0.0],[125.008362321800064,6.697475685401852,0.0],[125.008363431276749,6.697746899942989,0.0],[125.008634706101404,6.697745790615159,0.0],[125.008633596475136,6.69747457611932,0.0]]],[[[125.004566686338478,6.698033629997355,0.0],[125.004565578910558,6.697762414825612,0.0],[125.004294303397302,6.697763521909548,0.0],[125.004295410675667,6.698034737126588,0.0],[125.004566686338478,6.698033629997355,0.0]]],[[[125.00890931048356,6.698558324470292,0.0],[125.008908200569806,6.698287110029253,0.0],[125.008636925491842,6.698288219597335,0.0],[125.008638035256041,6.698559434083671,0.0],[125.00890931048356,6.698558324470292,0.0]]],[[[125.00890931048356,6.698558324470292,0.0],[125.008910420443328,6.698829538908133,0.0],[125.009181695774515,6.698828429099799,0.0],[125.009180585665177,6.698557214707344,0.0],[125.00890931048356,6.698558324470292,0.0]]],[[[125.016506112321466,6.698798407723481,0.0],[125.016234838233572,6.69879952157125,0.0],[125.016235952279672,6.699070734779942,0.0],[125.016507226517234,6.699069620886697,0.0],[125.016506112321466,6.698798407723481,0.0]]],[[[125.016508340759088,6.699340834046628,0.0],[125.016779615100205,6.699339719958339,0.0],[125.016778500708696,6.699068506843795,0.0],[125.016507226517234,6.699069620886697,0.0],[125.016508340759088,6.699340834046628,0.0]]],[[[125.005658437653167,6.69965648986278,0.0],[125.00565732935145,6.699385274890965,0.0],[125.005386053123928,6.699386382844872,0.0],[125.005387161275991,6.699657597861894,0.0],[125.005658437653167,6.69965648986278,0.0]]],[[[125.017054233295497,6.70015224490824,0.0],[125.017053118615863,6.699881031848762,0.0],[125.016781844021608,6.699882146177747,0.0],[125.016782958551588,6.700153359282699,0.0],[125.017054233295497,6.70015224490824,0.0]]],[[[125.008913750598424,6.699643182202561,0.0],[125.008914860742038,6.699914396627702,0.0],[125.008915970931582,6.700185611049645,0.0],[125.008917081167127,6.700456825468479,0.0],[125.008918191448601,6.700728039884116,0.0],[125.009189467827468,6.700726929758525,0.0],[125.009188357396255,6.700455715388274,0.0],[125.009187247011042,6.700184501014737,0.0],[125.009186136671843,6.699913286638179,0.0],[125.009185026378574,6.699642072258336,0.0],[125.008913750598424,6.699643182202561,0.0]]],[[[125.008646915023803,6.70072914986005,0.0],[125.008648025201538,6.701000364317875,0.0],[125.008919301776075,6.700999254296645,0.0],[125.008918191448601,6.700728039884116,0.0],[125.008646915023803,6.70072914986005,0.0]]],[[[125.010004407614403,6.700994812714964,0.0],[125.009733131223811,6.700995923334827,0.0],[125.009734242046264,6.701267137608178,0.0],[125.01000551858661,6.701266026942929,0.0],[125.010004407614403,6.700994812714964,0.0]]],[[[125.005665088427321,6.701283779626874,0.0],[125.005663979850269,6.701012564674156,0.0],[125.005392702724706,6.70101367289949,0.0],[125.005393811152018,6.701284887897505,0.0],[125.005665088427321,6.701283779626874,0.0]]],[[[125.008380078940974,6.701815117679719,0.0],[125.008651356010589,6.701814007672167,0.0],[125.008650245694923,6.701542793223934,0.0],[125.008649135425273,6.701271578772503,0.0],[125.008377858655066,6.701272688689373,0.0],[125.008378968775062,6.701543903186189,0.0],[125.008380078940974,6.701815117679719,0.0]]],[[[125.009195020672848,6.702083001562529,0.0],[125.009193910011774,6.701811787208087,0.0],[125.008922633034189,6.701812897514956,0.0],[125.008923743545509,6.702084111914783,0.0],[125.009195020672848,6.702083001562529,0.0]]],[[[125.017063152393675,6.702321949269661,0.0],[125.016791876452231,6.702323064008184,0.0],[125.016792991397438,6.702594277084626,0.0],[125.017064267488621,6.702593162300539,0.0],[125.017063152393675,6.702321949269661,0.0]]],[[[125.009739796848493,6.70262320892697,0.0],[125.010011074137381,6.702622098035058,0.0],[125.010009962935229,6.702350883822903,0.0],[125.00973868579608,6.702351994669606,0.0],[125.009467408610917,6.702353105366474,0.0],[125.009468519513575,6.702624319669312,0.0],[125.009739796848493,6.70262320892697,0.0]]],[[[125.007840854539225,6.702630980979394,0.0],[125.007839744534863,6.702359766404684,0.0],[125.007568467028008,6.702360876053768,0.0],[125.007569576882617,6.702632090673775,0.0],[125.007840854539225,6.702630980979394,0.0]]],[[[125.010283462778091,6.702892201156883,0.0],[125.010554740124732,6.70289108992018,0.0],[125.010553628577156,6.702619875801994,0.0],[125.010282351380283,6.702620986993311,0.0],[125.010011074137381,6.702622098035058,0.0],[125.010012185385463,6.702893312243927,0.0],[125.010283462778091,6.702892201156883,0.0]]],[[[125.007298299180093,6.702633200218497,0.0],[125.007027021431739,6.702634309613473,0.0],[125.007028131032769,6.702905524320877,0.0],[125.007299408930962,6.702904414880604,0.0],[125.007298299180093,6.702633200218497,0.0]]],[[[125.010827129168675,6.703161192603422,0.0],[125.010826017425345,6.70288997853373,0.0],[125.010554740124732,6.70289108992018,0.0],[125.010555851718294,6.703162304035168,0.0],[125.010827129168675,6.703161192603422,0.0]]],[[[125.011099518512111,6.703431295043036,0.0],[125.011370796020202,6.70343018326641,0.0],[125.011369683931392,6.703158969290688,0.0],[125.011098406573026,6.703160081021839,0.0],[125.010827129168675,6.703161192603422,0.0],[125.010828240957991,6.703432406669916,0.0],[125.011099518512111,6.703431295043036,0.0]]],[[[125.013541014427773,6.703421283663933,0.0],[125.013269737287999,6.703422396638268,0.0],[125.013270850471045,6.703693610293002,0.0],[125.013542127760573,6.703692497273281,0.0],[125.013541014427773,6.703421283663933,0.0]]],[[[125.011370796020202,6.70343018326641,0.0],[125.011371908155041,6.703701397238935,0.0],[125.011643185766872,6.703700285267264,0.0],[125.011642073482307,6.703429071340126,0.0],[125.011370796020202,6.70343018326641,0.0]]],[[[125.005946346262832,6.703723605231535,0.0],[125.005945237122944,6.703452390352536,0.0],[125.005673958695837,6.703453499134846,0.0],[125.0056750676859,6.703724714059054,0.0],[125.005946346262832,6.703723605231535,0.0]]],[[[125.017069843655534,6.7039492274075,0.0],[125.017068728329832,6.703678014392431,0.0],[125.016797451639746,6.703679129358506,0.0],[125.016798566815609,6.703950342419049,0.0],[125.017069843655534,6.7039492274075,0.0]]],[[[125.0081176836092,6.703985943734634,0.0],[125.00838896192262,6.703984833514274,0.0],[125.008387851389088,6.703713619046057,0.0],[125.008116573225422,6.70371472922112,0.0],[125.007845295015827,6.703715839246436,0.0],[125.007846405249865,6.703987053805247,0.0],[125.0081176836092,6.703985943734634,0.0]]],[[[125.014085795879808,6.703961484299978,0.0],[125.013814518532641,6.703962597664579,0.0],[125.013815632107381,6.704233811222058,0.0],[125.014086909604302,6.704232697811983,0.0],[125.014085795879808,6.703961484299978,0.0]]],[[[125.008661350919311,6.704254937563889,0.0],[125.00866024019011,6.703983723144167,0.0],[125.00838896192262,6.703984833514274,0.0],[125.008390072502067,6.704256047979293,0.0],[125.008661350919311,6.704254937563889,0.0]]],[[[125.005135836741374,6.704540576290072,0.0],[125.005407115859299,6.704539467626245,0.0],[125.00540600688133,6.704268252666243,0.0],[125.005404897949276,6.703997037703133,0.0],[125.005133619130845,6.703998146276544,0.0],[125.005134727913145,6.704269361284863,0.0],[125.005135836741374,6.704540576290072,0.0]]],[[[125.017343351538628,6.704490538175709,0.0],[125.017342235970901,6.70421932521251,0.0],[125.017070959027407,6.704220440419371,0.0],[125.017072074445309,6.704491653428044,0.0],[125.017343351538628,6.704490538175709,0.0]]],[[[125.008932629290541,6.704253826998738,0.0],[125.008661350919311,6.704254937563889,0.0],[125.008662461694513,6.704526151980414,0.0],[125.008933740215497,6.704525041369966,0.0],[125.009205018690551,6.704523930609771,0.0],[125.009203907615856,6.704252716283841,0.0],[125.008932629290541,6.704253826998738,0.0]]],[[[125.009747575502743,6.704521708640141,0.0],[125.00947629711969,6.70452281969983,0.0],[125.009477408390154,6.704794033977177,0.0],[125.009748686923032,6.704792922872191,0.0],[125.009747575502743,6.704521708640141,0.0]]],[[[125.008950409605717,6.708593256557447,0.0],[125.008949297991265,6.708322042233825,0.0],[125.008678017372858,6.708323153478877,0.0],[125.008679128837372,6.708594367847796,0.0],[125.008950409605717,6.708593256557447,0.0]]],[[[125.007865286256759,6.708597700819738,0.0],[125.00786417524175,6.70832648631484,0.0],[125.007592894439568,6.708327596960548,0.0],[125.007594005304654,6.708598811510744,0.0],[125.007865286256759,6.708597700819738,0.0]]],[[[125.01546224949827,6.708837753871841,0.0],[125.01546113424105,6.708566540640946,0.0],[125.015189854577699,6.708567655527173,0.0],[125.015190969684994,6.708838868803455,0.0],[125.01546224949827,6.708837753871841,0.0]]],[[[125.00813656716295,6.708596589978897,0.0],[125.007865286256759,6.708597700819738,0.0],[125.007866397317699,6.70886891532144,0.0],[125.008137678373714,6.708867804435301,0.0],[125.008408959383814,6.708866693399327,0.0],[125.008407848023126,6.708595478988308,0.0],[125.00813656716295,6.708596589978897,0.0]]],[[[125.013563289837194,6.70884555524712,0.0],[125.013292009701331,6.708846669129973,0.0],[125.013293123805695,6.709117882721203,0.0],[125.013564404091397,6.709116768792964,0.0],[125.013563289837194,6.70884555524712,0.0]]],[[[125.013021843473808,6.709118996499694,0.0],[125.013020729519369,6.70884778286299,0.0],[125.012749449291306,6.708848896446171,0.0],[125.012750563095906,6.709120110128262,0.0],[125.013021843473808,6.709118996499694,0.0]]],[[[125.011935608330901,6.708852236296701,0.0],[125.011664327918638,6.708853349280539,0.0],[125.011393047460459,6.708854462114542,0.0],[125.011121766956165,6.708855574798709,0.0],[125.011122879861489,6.709126788753115,0.0],[125.011394160515707,6.709125676023651,0.0],[125.01166544112381,6.709124563144262,0.0],[125.011936721685828,6.709123450114949,0.0],[125.011935608330901,6.708852236296701,0.0]]],[[[125.010580318415236,6.709129013762714,0.0],[125.01085159916137,6.709127901332832,0.0],[125.010850486405886,6.70885668733304,0.0],[125.010579205809677,6.708857799717536,0.0],[125.010307925167368,6.708858911952196,0.0],[125.010309037623088,6.709130126042759,0.0],[125.010580318415236,6.709129013762714,0.0]]],[[[125.014380474218243,6.70965585291857,0.0],[125.014379359422264,6.709384639515368,0.0],[125.014378244672372,6.709113426109057,0.0],[125.01437712996848,6.708842212699548,0.0],[125.014105849970818,6.708843327031908,0.0],[125.014106964524771,6.709114540486891,0.0],[125.014108079124838,6.709385753938677,0.0],[125.014109193770892,6.709656967387265,0.0],[125.014380474218243,6.70965585291857,0.0]]],[[[125.014651754619507,6.709654738300039,0.0],[125.014380474218243,6.70965585291857,0.0],[125.014381589060335,6.709927066318486,0.0],[125.01465286961151,6.709925951654481,0.0],[125.014651754619507,6.709654738300039,0.0]]],[[[125.014653984649527,6.710197165005813,0.0],[125.014925265304441,6.710196050146497,0.0],[125.014924150116499,6.709924836840639,0.0],[125.01465286961151,6.709925951654481,0.0],[125.014653984649527,6.710197165005813,0.0]]],[[[125.014927495818711,6.710738476748799,0.0],[125.014926380538569,6.710467263449247,0.0],[125.01465509973373,6.710468378354038,0.0],[125.014656214864033,6.710739591698975,0.0],[125.014927495818711,6.710738476748799,0.0]]],[[[125.009233922769411,6.711575501968867,0.0],[125.009505205094641,6.711574389880224,0.0],[125.009776487373955,6.711573277641656,0.0],[125.009775374804093,6.711302063489009,0.0],[125.009504092674803,6.711303175682191,0.0],[125.009232810499412,6.711304287725537,0.0],[125.009233922769411,6.711575501968867,0.0]]],[[[125.015474520371029,6.711821099201285,0.0],[125.015745801787119,6.711819983619525,0.0],[125.016017083157109,6.71181886788784,0.0],[125.016015967092798,6.711547654782888,0.0],[125.015744685872733,6.711548770469098,0.0],[125.015473404606567,6.711549886005383,0.0],[125.015474520371029,6.711821099201285,0.0]]],[[[125.010590333935824,6.711569940026583,0.0],[125.010319051794539,6.711571052714835,0.0],[125.010320164710251,6.711842266773602,0.0],[125.01059144700146,6.711841154039964,0.0],[125.010590333935824,6.711569940026583,0.0]]],[[[125.009777599989818,6.711844491791195,0.0],[125.010048882373042,6.711843379357316,0.0],[125.010047769607255,6.711572165253163,0.0],[125.009776487373955,6.711573277641656,0.0],[125.009777599989818,6.711844491791195,0.0]]],[[[125.008149904724931,6.711851163246139,0.0],[125.00842118738403,6.711850051711719,0.0],[125.008692469997115,6.711848940027374,0.0],[125.00896375256427,6.711847828193194,0.0],[125.008962640398181,6.711576613907675,0.0],[125.008691357981036,6.711577725696558,0.0],[125.008420075517876,6.711578837335517,0.0],[125.008148793008701,6.71157994882464,0.0],[125.008149904724931,6.711851163246139,0.0]]],[[[125.016289480741335,6.71208896506251,0.0],[125.016288364480914,6.711817752006231,0.0],[125.016017083157109,6.71181886788784,0.0],[125.016018199267506,6.712090080989594,0.0],[125.016289480741335,6.71208896506251,0.0]]],[[[125.01194897162884,6.712106801906601,0.0],[125.011947857767481,6.711835588123258,0.0],[125.011676575706318,6.711836701606431,0.0],[125.01140529359914,6.711837814939678,0.0],[125.011134011445947,6.711838928123002,0.0],[125.011135124857446,6.712110142042502,0.0],[125.011406407160649,6.712109028813793,0.0],[125.011677689417752,6.712107915435159,0.0],[125.01194897162884,6.712106801906601,0.0]]],[[[125.01059256011311,6.712112368050236,0.0],[125.010863842508329,6.712111255121376,0.0],[125.010862729246668,6.711840041156401,0.0],[125.01059144700146,6.711841154039964,0.0],[125.01059256011311,6.712112368050236,0.0]]],[[[125.007878622020016,6.711852274630634,0.0],[125.007607339268986,6.711853385865205,0.0],[125.007336056472141,6.711854496949852,0.0],[125.007337167784513,6.712125711504044,0.0],[125.007608450731297,6.712124600374101,0.0],[125.007879733632237,6.712123489094233,0.0],[125.008151016487076,6.712122377664351,0.0],[125.008149904724931,6.711851163246139,0.0],[125.007878622020016,6.711852274630634,0.0]]],[[[125.016289480741335,6.71208896506251,0.0],[125.016290597047842,6.712360178115593,0.0],[125.016561878625495,6.712359061993109,0.0],[125.016560762168965,6.712087848985502,0.0],[125.016289480741335,6.71208896506251,0.0]]],[[[125.007337167784513,6.712125711504044,0.0],[125.007065884791743,6.712126822484152,0.0],[125.00706699600002,6.712398037080356,0.0],[125.007338279142729,6.71239692605504,0.0],[125.007337167784513,6.712125711504044,0.0]]],[[[125.016834276809504,6.712629158679637,0.0],[125.017105558444698,6.71262804221183,0.0],[125.01737684003389,6.712626925594098,0.0],[125.0173757230814,6.712355712726201,0.0],[125.017104441642232,6.712356829298369,0.0],[125.016833160156949,6.712357945720702,0.0],[125.016834276809504,6.712629158679637,0.0]]],[[[125.016019315424103,6.712361294088152,0.0],[125.01602043162687,6.712632507183511,0.0],[125.016291713400548,6.712631391165478,0.0],[125.016290597047842,6.712360178115593,0.0],[125.016019315424103,6.712361294088152,0.0]]],[[[125.012492650120137,6.712375788089173,0.0],[125.012221367851225,6.712376901962966,0.0],[125.012222481954609,6.712648115694528,0.0],[125.012493764373531,6.712647001775349,0.0],[125.012492650120137,6.712375788089173,0.0]]],[[[125.013037443672445,6.712915987079513,0.0],[125.013036329073188,6.712644773487306,0.0],[125.012765046746367,6.712645887706334,0.0],[125.0127661611957,6.712917101343927,0.0],[125.013037443672445,6.712915987079513,0.0]]],[[[125.007340501997064,6.712939355147527,0.0],[125.00706921855452,6.712940466263437,0.0],[125.007070329900557,6.713211680850226,0.0],[125.007341613493125,6.713210569689019,0.0],[125.007340501997064,6.712939355147527,0.0]]],[[[125.007612897039763,6.713209458377887,0.0],[125.007341613493125,6.713210569689019,0.0],[125.007342725035087,6.713481784227313,0.0],[125.00761400873175,6.713480672870884,0.0],[125.007885292382412,6.71347956136453,0.0],[125.007884180540501,6.713208346916741,0.0],[125.007612897039763,6.713209458377887,0.0]]],[[[125.008158835809922,6.714029584904865,0.0],[125.0084304099191,6.714099245466015,0.0],[125.008430083967582,6.71401976660658,0.0],[125.008428971733807,6.71374855225578,0.0],[125.008157688025065,6.713749664107369,0.0],[125.008158800108831,6.714020878503466,0.0],[125.008158835809922,6.714029584904865,0.0]]],[[[125.027058500841619,6.626068978451713,0.0],[125.02705739313258,6.625797766264161,0.0],[125.0267861609222,6.625798873794406,0.0],[125.026787268483261,6.6260700860277,0.0],[125.027058500841619,6.626068978451713,0.0]]],[[[125.028147863479049,6.627149394655416,0.0],[125.028146754992591,6.626878182663352,0.0],[125.027875522375695,6.626879290968355,0.0],[125.02787663071409,6.627150503006161,0.0],[125.028147863479049,6.627149394655416,0.0]]],[[[125.020825667106536,6.627450481404105,0.0],[125.0208245625698,6.62717926818218,0.0],[125.020553328555181,6.627180372537187,0.0],[125.02055443294384,6.627451585804764,0.0],[125.020825667106536,6.627450481404105,0.0]]],[[[125.029510682940597,6.628771121194874,0.0],[125.029239449519537,6.628772230560274,0.0],[125.02924055892268,6.629043442347347,0.0],[125.029511792491803,6.629042332936117,0.0],[125.029510682940597,6.628771121194874,0.0]]],[[[125.018662413597312,6.629086593918285,0.0],[125.018933648971384,6.629085490280393,0.0],[125.01920488429927,6.629084386494442,0.0],[125.019476119581071,6.629083282560519,0.0],[125.019475015507339,6.628812069129517,0.0],[125.019203780373616,6.628813173017876,0.0],[125.018932545193692,6.628814276758264,0.0],[125.018661309967683,6.628815380350592,0.0],[125.018390074695489,6.628816483794862,0.0],[125.018391178177055,6.629087697408118,0.0],[125.018662413597312,6.629086593918285,0.0]]],[[[125.024907458690635,6.630688447840059,0.0],[125.024906351378263,6.630417235340222,0.0],[125.024635116280862,6.630418342463238,0.0],[125.024636223445171,6.630689555008726,0.0],[125.024907458690635,6.630688447840059,0.0]]],[[[125.0240948597299,6.630962981535657,0.0],[125.024366095215967,6.630961874617456,0.0],[125.024364988153437,6.630690662029424,0.0],[125.024093752815432,6.630691768901973,0.0],[125.0240948597299,6.630962981535657,0.0]]],[[[125.021383607804268,6.631245255660621,0.0],[125.021382502324556,6.630974042573698,0.0],[125.02111126632964,6.630975147863158,0.0],[125.021112371661388,6.631246360995555,0.0],[125.021383607804268,6.631245255660621,0.0]]],[[[125.023823624197547,6.6309640883058,0.0],[125.023552388618839,6.630965194927883,0.0],[125.02355349528338,6.631236407649763,0.0],[125.023554601994192,6.631507620368446,0.0],[125.023825837869026,6.631506513655059,0.0],[125.023824731010151,6.631235300982028,0.0],[125.024095966690552,6.631234194166233,0.0],[125.0240948597299,6.630962981535657,0.0],[125.023823624197547,6.6309640883058,0.0]]],[[[125.023555708751275,6.631778833084021,0.0],[125.023284472682036,6.631779939694913,0.0],[125.023013236566598,6.631781046157745,0.0],[125.023014343073655,6.632052258961516,0.0],[125.023015449626996,6.632323471762089,0.0],[125.02328668603873,6.632322365207952,0.0],[125.023285579337241,6.632051152453031,0.0],[125.023556815554556,6.632050045796398,0.0],[125.023555708751275,6.631778833084021,0.0]]],[[[125.022472976664886,6.632325684426008,0.0],[125.022744213169076,6.632324578168078,0.0],[125.022743106763798,6.632053365321853,0.0],[125.022471870407756,6.63205447153413,0.0],[125.022472976664886,6.632325684426008,0.0]]],[[[125.022202846269678,6.632598003470123,0.0],[125.022474082968301,6.632596897314689,0.0],[125.022472976664886,6.632325684426008,0.0],[125.022201740114426,6.63232679053579,0.0],[125.02193050351778,6.632327896497512,0.0],[125.021931609524884,6.632599109477408,0.0],[125.022202846269678,6.632598003470123,0.0]]],[[[125.02166037273382,6.632600215336635,0.0],[125.021659266874849,6.632329002311086,0.0],[125.021388030185662,6.632330107976512,0.0],[125.021389135896555,6.632601321047713,0.0],[125.02166037273382,6.632600215336635,0.0]]],[[[125.020847767544282,6.632874745184734,0.0],[125.020848873051335,6.633145958340756,0.0],[125.021120110277266,6.633144852834758,0.0],[125.021119004622051,6.632873639724299,0.0],[125.02111789901312,6.632602426610643,0.0],[125.0208466620834,6.632603532025514,0.0],[125.020847767544282,6.632874745184734,0.0]]],[[[125.020849978604588,6.63341717149367,0.0],[125.020848873051335,6.633145958340756,0.0],[125.020577635779148,6.633147063698694,0.0],[125.020578741184337,6.633418276897172,0.0],[125.020579846635613,6.63368949009254,0.0],[125.020851084204111,6.633688384643386,0.0],[125.020849978604588,6.63341717149367,0.0]]],[[[125.018681182363053,6.633697224088206,0.0],[125.018680077948716,6.633426010573893,0.0],[125.018408840158898,6.633427114792299,0.0],[125.018409944425088,6.633698328352176,0.0],[125.018681182363053,6.633697224088206,0.0]]],[[[125.029532882782121,6.634195355422166,0.0],[125.029804119118708,6.634194244992995,0.0],[125.02980300853757,6.633923033357267,0.0],[125.029531772349131,6.633924143740697,0.0],[125.029260536114322,6.633925253975979,0.0],[125.029261646399164,6.634196465703277,0.0],[125.029532882782121,6.634195355422166,0.0]]],[[[125.028447936971773,6.634199795657456,0.0],[125.028176700403179,6.634200905345886,0.0],[125.028177810141713,6.63447211725313,0.0],[125.028449046858441,6.63447100751887,0.0],[125.028447936971773,6.634199795657456,0.0]]],[[[125.025465440424696,6.634483206446604,0.0],[125.025464332167843,6.634211994082126,0.0],[125.025193095089435,6.634213102141016,0.0],[125.02519420319824,6.634484314551146,0.0],[125.025465440424696,6.634483206446604,0.0]]],[[[125.027636446057741,6.634745548272645,0.0],[125.027907683015357,6.63474443878894,0.0],[125.027906573378615,6.634473226839153,0.0],[125.027635336569162,6.634474336277028,0.0],[125.027364099713338,6.634475445566754,0.0],[125.027365209053684,6.634746657608113,0.0],[125.027636446057741,6.634745548272645,0.0]]],[[[125.026822734906659,6.634748875834515,0.0],[125.02682162586261,6.634477663701763,0.0],[125.026550388867705,6.634478772547046,0.0],[125.026551497763606,6.634749984725539,0.0],[125.026822734906659,6.634748875834515,0.0]]],[[[125.024381598951337,6.634758850519682,0.0],[125.024652836464938,6.634757742814021,0.0],[125.024651728606244,6.634486530315606,0.0],[125.024380491240791,6.634487637975703,0.0],[125.024381598951337,6.634758850519682,0.0]]],[[[125.017871884751642,6.634785391007711,0.0],[125.018143123374585,6.634784286857962,0.0],[125.018142019071973,6.634513073265134,0.0],[125.017870780597278,6.634514177369408,0.0],[125.017871884751642,6.634785391007711,0.0]]],[[[125.026551497763606,6.634749984725539,0.0],[125.026280260574183,6.634751093468414,0.0],[125.02628136936822,6.635022305689451,0.0],[125.026552606705792,6.635021196900923,0.0],[125.026551497763606,6.634749984725539,0.0]]],[[[125.02411036139145,6.634759958077283,0.0],[125.024111469000118,6.635031170663805,0.0],[125.024382706708153,6.635030063060552,0.0],[125.024381598951337,6.634758850519682,0.0],[125.02411036139145,6.634759958077283,0.0]]],[[[125.017600646082698,6.634786495009313,0.0],[125.0176017501351,6.635057708690071,0.0],[125.017872988952291,6.635056604642906,0.0],[125.017871884751642,6.634785391007711,0.0],[125.017600646082698,6.634786495009313,0.0]]],[[[125.01977276466441,6.63532008547739,0.0],[125.020044003260438,6.635318980199298,0.0],[125.020042897828247,6.635047766931632,0.0],[125.020041792442242,6.634776553660857,0.0],[125.019770554142511,6.634777658847821,0.0],[125.019771659380368,6.63504887216416,0.0],[125.01977276466441,6.63532008547739,0.0]]],[[[125.02628136936822,6.635022305689451,0.0],[125.026010131984293,6.63502341432983,0.0],[125.026011240676539,6.635294626593411,0.0],[125.026282478208614,6.635293517907379,0.0],[125.02628136936822,6.635022305689451,0.0]]],[[[125.024111469000118,6.635031170663805,0.0],[125.023840231245728,6.635032278118822,0.0],[125.023841338752533,6.635303490747888,0.0],[125.024112576655071,6.635302383247219,0.0],[125.024111469000118,6.635031170663805,0.0]]],[[[125.026012349415069,6.635565838853883,0.0],[125.026011240676539,6.635294626593411,0.0],[125.025740003098093,6.635295735131383,0.0],[125.025468765473377,6.635296843521119,0.0],[125.025469873915611,6.635568055872896,0.0],[125.025741111688475,6.635566947437508,0.0],[125.026012349415069,6.635565838853883,0.0]]],[[[125.023570100803724,6.635304598100409,0.0],[125.023571208208551,6.63557581077193,0.0],[125.023842446305508,6.635574703373757,0.0],[125.023841338752533,6.635303490747888,0.0],[125.023570100803724,6.635304598100409,0.0]]],[[[125.025469873915611,6.635568055872896,0.0],[125.025198636096292,6.635569164160224,0.0],[125.025199744436648,6.635840376554634,0.0],[125.025470982404116,6.635839268221653,0.0],[125.025469873915611,6.635568055872896,0.0]]],[[[125.01950484170672,6.636134830664706,0.0],[125.019776080793562,6.636133725398161,0.0],[125.019774975370964,6.635862512094346,0.0],[125.019773869994637,6.635591298787422,0.0],[125.019502631204091,6.63559240396284,0.0],[125.01950373643227,6.635863617315327,0.0],[125.01950484170672,6.636134830664706,0.0]]],[[[125.025199744436648,6.635840376554634,0.0],[125.02492850642291,6.635841484739378,0.0],[125.024929614661303,6.636112697176331,0.0],[125.02520085282319,6.636111588945846,0.0],[125.025199744436648,6.635840376554634,0.0]]],[[[125.024658376453047,6.636113805258579,0.0],[125.024387138198435,6.636114913192679,0.0],[125.024388246186717,6.636386125717828,0.0],[125.024659484589563,6.636385017738076,0.0],[125.024658376453047,6.636113805258579,0.0]]],[[[125.020592009649945,6.636672835033939,0.0],[125.020320770405277,6.636673940836233,0.0],[125.020321876262827,6.636945154039506,0.0],[125.020593115655728,6.63694404819156,0.0],[125.020592009649945,6.636672835033939,0.0]]],[[[125.028198903985896,6.639625142892567,0.0],[125.028197793366118,6.639353931045098,0.0],[125.027926553935018,6.63935504145464,0.0],[125.027927664406477,6.63962625334785,0.0],[125.028198903985896,6.639625142892567,0.0]]],[[[125.028742493968068,6.639894133289901,0.0],[125.029013733556553,6.639893022343988,0.0],[125.02901262244562,6.639621810637029,0.0],[125.028741383005467,6.639622921537112,0.0],[125.028470143518859,6.639624032288958,0.0],[125.028471254333226,6.639895244087577,0.0],[125.028742493968068,6.639894133289901,0.0]]],[[[125.029287195756368,6.640434334562859,0.0],[125.02955843554868,6.640433223228901,0.0],[125.029557324048284,6.64016201161973,0.0],[125.029286084404291,6.640163122907947,0.0],[125.029014844713942,6.640164234047838,0.0],[125.029015955917686,6.64043544574858,0.0],[125.029287195756368,6.640434334562859,0.0]]],[[[125.020608604588432,6.640741032068296,0.0],[125.020607497935799,6.640469818954728,0.0],[125.020336256615465,6.640470925395179,0.0],[125.020337363119779,6.640742138554399,0.0],[125.020608604588432,6.640741032068296,0.0]]],[[[125.029559547095445,6.640704434834874,0.0],[125.029288307154815,6.640705546214662,0.0],[125.029289418599703,6.640976757863357,0.0],[125.029560658688581,6.640975646437739,0.0],[125.029559547095445,6.640704434834874,0.0]]],[[[125.021151087387125,6.640738818651379,0.0],[125.020879846010914,6.640739925434045,0.0],[125.02088095285815,6.641011138498851,0.0],[125.02115219438268,6.641010031670622,0.0],[125.021151087387125,6.640738818651379,0.0]]],[[[125.030103138727156,6.640973423141703,0.0],[125.029831898731089,6.640974534863884,0.0],[125.029560658688581,6.640975646437739,0.0],[125.029561770328243,6.641246858037495,0.0],[125.029833010518999,6.64124574641781,0.0],[125.030104250663385,6.641244634649799,0.0],[125.030103138727156,6.640973423141703,0.0]]],[[[125.030648955417846,6.641784833492523,0.0],[125.030647843092154,6.641513622082305,0.0],[125.030376602892247,6.641514734192708,0.0],[125.030377715069704,6.641785945648757,0.0],[125.030648955417846,6.641784833492523,0.0]]],[[[125.021157730053531,6.64236609671994,0.0],[125.021428972273512,6.64236498951539,0.0],[125.021700214447293,6.642363882162514,0.0],[125.021699106924075,6.642092669250208,0.0],[125.021427864898612,6.642093776557432,0.0],[125.021156622826965,6.64209488371633,0.0],[125.021157730053531,6.64236609671994,0.0]]],[[[125.031193661358998,6.642325031362959,0.0],[125.03092242080703,6.642326143907415,0.0],[125.030923533420406,6.64259735526239,0.0],[125.031194774120706,6.642596242672103,0.0],[125.031193661358998,6.642325031362959,0.0]]],[[[125.020618566541927,6.643181949949271,0.0],[125.020889809299419,6.643180842904681,0.0],[125.02088870208253,6.642909629864922,0.0],[125.020617459473357,6.642910736863947,0.0],[125.020346216817998,6.642911843714647,0.0],[125.02034732373815,6.643183056845534,0.0],[125.020618566541927,6.643181949949271,0.0]]],[[[125.023605560710905,6.643983402030771,0.0],[125.023604451871577,6.643712189456683,0.0],[125.023333209279727,6.643713298076102,0.0],[125.023334317970722,6.643984510695842,0.0],[125.023605560710905,6.643983402030771,0.0]]],[[[125.023065292408276,6.64452804453378,0.0],[125.023336535491467,6.644526935925819,0.0],[125.023335426708002,6.644255723312384,0.0],[125.023064183773144,6.644256831874782,0.0],[125.023065292408276,6.64452804453378,0.0]]],[[[125.01818290900431,6.644547974104218,0.0],[125.018181803040278,6.644276760624632,0.0],[125.017910559227445,6.644277866367863,0.0],[125.017911665043059,6.644549079892923,0.0],[125.01818290900431,6.644547974104218,0.0]]],[[[125.022794049278716,6.644529152993415,0.0],[125.022795157811714,6.644800365694956,0.0],[125.022796266390998,6.645071578393389,0.0],[125.022797375016452,6.645342791088624,0.0],[125.023068618591253,6.645341682492121,0.0],[125.023067509817295,6.645070469842449,0.0],[125.023066401089608,6.644799257189757,0.0],[125.023065292408276,6.64452804453378,0.0],[125.022794049278716,6.644529152993415,0.0]]],[[[125.030932435999432,6.64476704598894,0.0],[125.030661194065715,6.644768158797363,0.0],[125.030662306948656,6.645039370169834,0.0],[125.03039106482008,6.645040482875761,0.0],[125.030392177601058,6.645311694290865,0.0],[125.030393290428492,6.645582905702772,0.0],[125.030664532853905,6.645581792905273,0.0],[125.030663419878053,6.645310581539108,0.0],[125.030934662108592,6.645309468639025,0.0],[125.030933549030792,6.645038257315581,0.0],[125.031204791066557,6.645037144312913,0.0],[125.031203677886779,6.644765933032102,0.0],[125.031202564753471,6.644494721748093,0.0],[125.030931323014528,6.644495834659101,0.0],[125.030932435999432,6.64476704598894,0.0]]],[[[125.029579562873735,6.645586243204868,0.0],[125.029578450491542,6.645315031655561,0.0],[125.029307208028825,6.64531614381366,0.0],[125.029308320262601,6.645587355408797,0.0],[125.029579562873735,6.645586243204868,0.0]]],[[[125.030122047956624,6.645584018351856,0.0],[125.0298508054384,6.645585130852614,0.0],[125.029579562873735,6.645586243204868,0.0],[125.029580675302284,6.645857454751067,0.0],[125.029851918015453,6.645856342352983,0.0],[125.030123160682095,6.645855229806483,0.0],[125.030122047956624,6.645584018351856,0.0]]],[[[125.022797375016452,6.645342791088624,0.0],[125.022526131395466,6.645343899536713,0.0],[125.022527239918787,6.645615112274403,0.0],[125.022528348488379,6.645886325009074,0.0],[125.022529457104241,6.646157537740458,0.0],[125.022800701170553,6.646156429155501,0.0],[125.022799592406272,6.64588521646968,0.0],[125.022798483688277,6.645614003780662,0.0],[125.022797375016452,6.645342791088624,0.0]]],[[[125.020628532238192,6.645622867575338,0.0],[125.020357288098865,6.645623974881851,0.0],[125.020358395481054,6.645895187981208,0.0],[125.020629639768785,6.645894080629131,0.0],[125.020628532238192,6.645622867575338,0.0]]],[[[125.020630747345578,6.646165293679815,0.0],[125.020901991735457,6.646164186133761,0.0],[125.02090088401026,6.64589297312864,0.0],[125.020629639768785,6.645894080629131,0.0],[125.020630747345578,6.646165293679815,0.0]]],[[[125.030397742202553,6.646667751319133,0.0],[125.030668985221709,6.646666638338403,0.0],[125.03066787206005,6.64639542698485,0.0],[125.030666758944946,6.6461242156281,0.0],[125.030395516222612,6.646125328517258,0.0],[125.030396629189397,6.64639653991975,0.0],[125.030397742202553,6.646667751319133,0.0]]],[[[125.022262647323927,6.647243497253883,0.0],[125.022263756022568,6.64751471001511,0.0],[125.022535000877326,6.647513601350394,0.0],[125.022533892030182,6.647242388634731,0.0],[125.022532783229394,6.64697117591587,0.0],[125.022261538671472,6.64697228448937,0.0],[125.022262647323927,6.647243497253883,0.0]]],[[[125.030128725005682,6.647211287032371,0.0],[125.029857481596878,6.647212399807843,0.0],[125.029858594452378,6.647483611289293,0.0],[125.030129838009671,6.64748249846808,0.0],[125.030128725005682,6.647211287032371,0.0]]],[[[125.022263756022568,6.64751471001511,0.0],[125.021992511121539,6.647515818531411,0.0],[125.021993619717961,6.647787031335182,0.0],[125.022264864767394,6.647785922773317,0.0],[125.022263756022568,6.64751471001511,0.0]]],[[[125.023622198854568,6.648051590263813,0.0],[125.02362108932104,6.647780377736976,0.0],[125.023619979833867,6.647509165207031,0.0],[125.02334873516412,6.647510274465582,0.0],[125.023349844502874,6.64778148704118,0.0],[125.023350953887999,6.648052699613669,0.0],[125.023622198854568,6.648051590263813,0.0]]],[[[125.023625527732804,6.648865227825493,0.0],[125.023354282320724,6.648866337312218,0.0],[125.023355391890846,6.649137549872095,0.0],[125.023626637451528,6.649136440339718,0.0],[125.023625527732804,6.648865227825493,0.0]]],[[[125.022541654931345,6.649140877578472,0.0],[125.022812900630754,6.649139768491517,0.0],[125.023084146283892,6.649138659256058,0.0],[125.023083036862275,6.648867446650528,0.0],[125.02281179135764,6.648868555840335,0.0],[125.022540545806734,6.648869664881638,0.0],[125.022541654931345,6.649140877578472,0.0]]],[[[125.023626637451528,6.649136440339718,0.0],[125.023627747216423,6.649407652850834,0.0],[125.023898992879253,6.649406543124212,0.0],[125.023897882965841,6.649135330658837,0.0],[125.023626637451528,6.649136440339718,0.0]]],[[[125.024718282079291,6.65075927464843,0.0],[125.024717171488817,6.650488062335822,0.0],[125.024445925370813,6.650489172690563,0.0],[125.024447035812685,6.650760385048913,0.0],[125.024718282079291,6.65075927464843,0.0]]],[[[125.025260774473495,6.650757053402132,0.0],[125.024989528299528,6.650758164099533,0.0],[125.024990639084862,6.65102937636338,0.0],[125.025261885407332,6.651028265620238,0.0],[125.025260774473495,6.650757053402132,0.0]]],[[[125.020383878023964,6.652133088398569,0.0],[125.020655125727117,6.652131979998086,0.0],[125.020654017133623,6.65186076701668,0.0],[125.020382769578987,6.651861875371599,0.0],[125.020111521978166,6.651862983577925,0.0],[125.020112630274554,6.652134196650459,0.0],[125.020383878023964,6.652133088398569,0.0]]],[[[125.019841382478944,6.652135304753846,0.0],[125.019840274331159,6.651864091635749,0.0],[125.019569026637953,6.65186519954498,0.0],[125.019570134637164,6.65213641270864,0.0],[125.019841382478944,6.652135304753846,0.0]]],[[[125.02119762099484,6.652129762751522,0.0],[125.020926373384071,6.6521308714491,0.0],[125.020927482172326,6.652402084381746,0.0],[125.021198729931697,6.652400975638515,0.0],[125.02119762099484,6.652129762751522,0.0]]],[[[125.031507225106495,6.652629944462505,0.0],[125.031506110477494,6.65235873331572,0.0],[125.031504995894934,6.652087522165826,0.0],[125.031233750045061,6.6520886365084,0.0],[125.031234864479032,6.652359847704123,0.0],[125.031235978959444,6.652631058896739,0.0],[125.031507225106495,6.652629944462505,0.0]]],[[[125.021198729931697,6.652400975638515,0.0],[125.02119983891474,6.652672188522488,0.0],[125.021471086776415,6.652671079585102,0.0],[125.021469977644784,6.652399866746781,0.0],[125.021198729931697,6.652400975638515,0.0]]],[[[125.022556077760854,6.652666642350078,0.0],[125.022284830084089,6.652667751881745,0.0],[125.022285939707686,6.65293896458,0.0],[125.022557187533039,6.65293785500277,0.0],[125.022556077760854,6.652666642350078,0.0]]],[[[125.028255607094138,6.653456942937894,0.0],[125.027984359944341,6.6534580557266,0.0],[125.027985472827368,6.65372926745603,0.0],[125.028256720125768,6.653728154621583,0.0],[125.028255607094138,6.653456942937894,0.0]]],[[[125.023646620300681,6.654018265057169,0.0],[125.023645509749031,6.65374705259961,0.0],[125.023374261662909,6.653748162908077,0.0],[125.023375372065956,6.654019375411289,0.0],[125.023646620300681,6.654018265057169,0.0]]],[[[125.027987698732517,6.654271690905476,0.0],[125.027986585756764,6.654000479182351,0.0],[125.027715338263405,6.654001591913947,0.0],[125.027716451090569,6.654272803682812,0.0],[125.027987698732517,6.654271690905476,0.0]]],[[[125.026091188274677,6.654821901303518,0.0],[125.026090076246518,6.654550689266601,0.0],[125.025818828131349,6.654551801049533,0.0],[125.025819940010919,6.654823013132192,0.0],[125.026091188274677,6.654821901303518,0.0]]],[[[125.025006194941639,6.654826347726215,0.0],[125.025277443344393,6.654825236343496,0.0],[125.0252763317621,6.654554024169443,0.0],[125.025005083507935,6.65455513550651,0.0],[125.024733835207584,6.654556246694985,0.0],[125.0247349464926,6.654827458960342,0.0],[125.025006194941639,6.654826347726215,0.0]]],[[[125.023379814140938,6.655104225392425,0.0],[125.02337870355278,6.654833012901826,0.0],[125.023377593010906,6.654561800408119,0.0],[125.023106344432719,6.654562910704951,0.0],[125.023107454826018,6.654834123244311,0.0],[125.023108565265488,6.655105335780562,0.0],[125.023379814140938,6.655104225392425,0.0]]],[[[125.031516143811032,6.654799633523099,0.0],[125.031244896475243,6.654800748323972,0.0],[125.031246011373725,6.655071959488166,0.0],[125.031517258858202,6.655070844641462,0.0],[125.031516143811032,6.654799633523099,0.0]]],[[[125.026092300349205,6.655093113337327,0.0],[125.026363548715196,6.655092001314409,0.0],[125.026634797035001,6.655090889142898,0.0],[125.026906045308351,6.655089776822707,0.0],[125.026904932787971,6.654818564926122,0.0],[125.02663368466321,6.654819677200572,0.0],[125.026362436492079,6.654820789326341,0.0],[125.026091188274677,6.654821901303518,0.0],[125.026092300349205,6.655093113337327,0.0]]],[[[125.018224969837618,6.65485408399523,0.0],[125.017953720232796,6.654855191514017,0.0],[125.017682470581789,6.654856298884124,0.0],[125.017411220884597,6.654857406105728,0.0],[125.017412328202738,6.655128619598991,0.0],[125.017683578048619,6.655127512332002,0.0],[125.017954827848214,6.655126404916332,0.0],[125.01822607760171,6.655125297352069,0.0],[125.018224969837618,6.65485408399523,0.0]]],[[[125.018498435267915,6.655395402947204,0.0],[125.018497327309035,6.655124189639126,0.0],[125.01822607760171,6.655125297352069,0.0],[125.018227185411916,6.655396510705622,0.0],[125.018498435267915,6.655395402947204,0.0]]],[[[125.027722015922009,6.655628862479888,0.0],[125.027720902862939,6.655357650726832,0.0],[125.027449654580082,6.655358763538541,0.0],[125.027450767490464,6.655629975337427,0.0],[125.027722015922009,6.655628862479888,0.0]]],[[[125.018499543272895,6.655666616252085,0.0],[125.018770793231383,6.655665508299511,0.0],[125.018769685077729,6.655394295040105,0.0],[125.018498435267915,6.655395402947204,0.0],[125.018499543272895,6.655666616252085,0.0]]],[[[125.030976993481943,6.655615496596732,0.0],[125.030978108371187,6.65588670779734,0.0],[125.03124935634807,6.655885592961828,0.0],[125.031248241310138,6.655614381807049,0.0],[125.031247126318746,6.655343170649251,0.0],[125.03097587863914,6.655344285393103,0.0],[125.030976993481943,6.655615496596732,0.0]]],[[[125.027450767490464,6.655629975337427,0.0],[125.027179519012478,6.655631088046285,0.0],[125.027180631820642,6.655902299887715,0.0],[125.027451880447217,6.655901187133115,0.0],[125.027450767490464,6.655629975337427,0.0]]],[[[125.02284064749405,6.655920083746545,0.0],[125.022839537064442,6.655648871174233,0.0],[125.02256828779916,6.655649981356313,0.0],[125.022569398080194,6.655921193974366,0.0],[125.02284064749405,6.655920083746545,0.0]]],[[[125.031250471432358,6.656156804113409,0.0],[125.031521719511375,6.656155689083474,0.0],[125.031520604278398,6.655884477977723,0.0],[125.03124935634807,6.655885592961828,0.0],[125.031250471432358,6.656156804113409,0.0]]],[[[125.020943010060819,6.656199065107935,0.0],[125.020671760174622,6.656200174340818,0.0],[125.020672869507507,6.656471387271776,0.0],[125.020944119542392,6.656470277993329,0.0],[125.020943010060819,6.656199065107935,0.0]]],[[[125.030710204848262,6.656701456204481,0.0],[125.03070908996834,6.656430244967546,0.0],[125.030437841601284,6.656431359597357,0.0],[125.030438956332532,6.656702570880122,0.0],[125.030710204848262,6.656701456204481,0.0]]],[[[125.019588977690148,6.656747036009212,0.0],[125.019587868905788,6.656475822899108,0.0],[125.019316618639905,6.656476931434328,0.0],[125.019317727275578,6.656748144589995,0.0],[125.019588977690148,6.656747036009212,0.0]]],[[[125.019588977690148,6.656747036009212,0.0],[125.019590086520779,6.657018249116207,0.0],[125.019861337037838,6.657017140341179,0.0],[125.019860228058533,6.656745927279837,0.0],[125.019588977690148,6.656747036009212,0.0]]],[[[125.027191762451722,6.658614418128548,0.0],[125.026920512291966,6.658615531191789,0.0],[125.026921625461341,6.658886743044321,0.0],[125.02719287576987,6.658885629935338,0.0],[125.027191762451722,6.658614418128548,0.0]]],[[[125.025838849051738,6.659433618054487,0.0],[125.025567598214039,6.659434730511369,0.0],[125.025568710778742,6.659705942582836,0.0],[125.025839961765215,6.659704830080302,0.0],[125.025838849051738,6.659433618054487,0.0]]],[[[125.021775634498923,6.660806352814306,0.0],[125.021774523831539,6.660535140116228,0.0],[125.02150327170456,6.660536250524705,0.0],[125.021504382223171,6.660807463268434,0.0],[125.021775634498923,6.660806352814306,0.0]]],[[[125.02313634129132,6.661885648160646,0.0],[125.023407593884684,6.661884536631377,0.0],[125.023406482139592,6.661613324219737,0.0],[125.02340537044077,6.6613421118049,0.0],[125.023134118145038,6.661343223242775,0.0],[125.023135229695086,6.661614435703265,0.0],[125.02313634129132,6.661885648160646,0.0]]],[[[125.02693387338428,6.661870073213181,0.0],[125.027205125329104,6.661868959601134,0.0],[125.027476377227643,6.661867845840317,0.0],[125.027475263250736,6.661596634113995,0.0],[125.027204011501055,6.661597747829071,0.0],[125.02693275970492,6.661598861395377,0.0],[125.02693387338428,6.661870073213181,0.0]]],[[[125.026662621393015,6.661871186676369,0.0],[125.02639136935548,6.661872299990876,0.0],[125.026392482783578,6.662143511896965,0.0],[125.026663734969986,6.662142398536717,0.0],[125.026662621393015,6.661871186676369,0.0]]],[[[125.027747629079741,6.66186673193073,0.0],[125.027476377227643,6.661867845840317,0.0],[125.02747749125092,6.662139057563441,0.0],[125.027478605320553,6.662410269283368,0.0],[125.027749857470269,6.662409155282298,0.0],[125.027748743251863,6.662137943608113,0.0],[125.027747629079741,6.66186673193073,0.0]]],[[[125.028563613641168,6.662405812386383,0.0],[125.028834865605347,6.662404697790234,0.0],[125.028833750791676,6.662133486299013,0.0],[125.028562498976271,6.662134600849421,0.0],[125.028563613641168,6.662405812386383,0.0]]],[[[125.025851091448615,6.662416950165349,0.0],[125.026122343876509,6.662415837056987,0.0],[125.026121230550814,6.662144625108355,0.0],[125.025849978271779,6.662145738171064,0.0],[125.02557872594646,6.662146851084914,0.0],[125.025579838974451,6.66241806312494,0.0],[125.025851091448615,6.662416950165349,0.0]]],[[[125.024493716181681,6.662151301252703,0.0],[125.024222463624724,6.662152413422704,0.0],[125.023951211021412,6.662153525443846,0.0],[125.023679958371829,6.662154637316307,0.0],[125.023681070358336,6.662425849676077,0.0],[125.023952323156692,6.662424737757964,0.0],[125.024223575908763,6.662423625691081,0.0],[125.024494828614493,6.662422513475428,0.0],[125.024493716181681,6.662151301252703,0.0]]],[[[125.028293476193028,6.662678138413445,0.0],[125.028564728352336,6.662677023920236,0.0],[125.028563613641168,6.662405812386383,0.0],[125.028292361630534,6.66240692683385,0.0],[125.028021109573629,6.662408041132459,0.0],[125.028022223987264,6.662679252757795,0.0],[125.028293476193028,6.662678138413445,0.0]]],[[[125.023409817513695,6.662426961445331,0.0],[125.023138564622712,6.662428073065905,0.0],[125.023139676357857,6.662699285513782,0.0],[125.023410929397613,6.662698173847557,0.0],[125.023409817513695,6.662426961445331,0.0]]],[[[125.022868423271902,6.662700397031149,0.0],[125.022597170139591,6.662701508399747,0.0],[125.022598281623303,6.662972720935731,0.0],[125.022869534904473,6.662971609521482,0.0],[125.022868423271902,6.662700397031149,0.0]]],[[[125.022056886154758,6.663246155941835,0.0],[125.022055774922407,6.662974943317743,0.0],[125.021784521502596,6.662976054285594,0.0],[125.021785632586088,6.66324726695525,0.0],[125.022056886154758,6.663246155941835,0.0]]],[[[125.021243125310093,6.66324948853577,0.0],[125.021242014524134,6.662978275774809,0.0],[125.020970760965596,6.662979386296262,0.0],[125.020971871602683,6.663250599102786,0.0],[125.021243125310093,6.66324948853577,0.0]]],[[[125.018809607698586,6.665157970391076,0.0],[125.019080862817475,6.665156860695629,0.0],[125.019079752898918,6.664885647592187,0.0],[125.019078643026461,6.664614434485636,0.0],[125.018807388205275,6.664615544089956,0.0],[125.018808497928887,6.66488675724207,0.0],[125.018809607698586,6.665157970391076,0.0]]],[[[125.02043824842832,6.665422522858298,0.0],[125.020166993391584,6.665423633343512,0.0],[125.020168103997946,6.665694846258394,0.0],[125.020439359183726,6.665693735727527,0.0],[125.02043824842832,6.665422522858298,0.0]]],[[[125.022066889327178,6.665687069416557,0.0],[125.021795634418865,6.665688180840577,0.0],[125.021796745964835,6.665959393478702,0.0],[125.022068001022092,6.665958282009119,0.0],[125.022066889327178,6.665687069416557,0.0]]],[[[125.03075483812934,6.667549903093115,0.0],[125.030753721391605,6.667278691982479,0.0],[125.030482467072872,6.667279808444779,0.0],[125.030483583661734,6.667551019601246,0.0],[125.03075483812934,6.667549903093115,0.0]]],[[[125.030213445634061,6.667823347159438,0.0],[125.030212329147687,6.667552135960428,0.0],[125.029941074587271,6.667553252170664,0.0],[125.0299421909247,6.667824463415593,0.0],[125.030213445634061,6.667823347159438,0.0]]],[[[125.031300698310574,6.6683613026682,0.0],[125.031299581135599,6.668090091658727,0.0],[125.031028326463087,6.668091208556235,0.0],[125.031029443489118,6.668362419611626,0.0],[125.031300698310574,6.6683613026682,0.0]]],[[[125.029129542455024,6.668099022669502,0.0],[125.028858287411083,6.668100138375785,0.0],[125.028859403245619,6.668371349797462,0.0],[125.028860519126525,6.668642561216029,0.0],[125.028861635053872,6.6689137726314,0.0],[125.029132890544744,6.668912656787893,0.0],[125.029131774468354,6.668641445418264,0.0],[125.029130658438504,6.668370234045438,0.0],[125.029129542455024,6.668099022669502,0.0]]],[[[125.023707771918495,6.668934945362701,0.0],[125.02343651550072,6.668936058227612,0.0],[125.023437628495302,6.669207270554076,0.0],[125.023708885062021,6.669206157643512,0.0],[125.023707771918495,6.668934945362701,0.0]]],[[[125.02099631731312,6.669217280047399,0.0],[125.020995205659062,6.668946067310331,0.0],[125.020723948778809,6.668947178686033,0.0],[125.020725060283837,6.669218391468665,0.0],[125.02099631731312,6.669217280047399,0.0]]],[[[125.030491401083822,6.669449497607869,0.0],[125.03076265659405,6.669448380779106,0.0],[125.03076153953117,6.669177169690585,0.0],[125.030760422514732,6.668905958598867,0.0],[125.030489167302491,6.668907075336059,0.0],[125.030490284169971,6.669178286473518,0.0],[125.030491401083822,6.669449497607869,0.0]]],[[[125.02153883123286,6.669215056758113,0.0],[125.021267574296132,6.669216168477274,0.0],[125.02099631731312,6.669217280047399,0.0],[125.020997429013363,6.669488492781359,0.0],[125.021268686145319,6.669487381165582,0.0],[125.02153994323109,6.669486269400857,0.0],[125.02153883123286,6.669215056758113,0.0]]],[[[125.022082457263807,6.669484045424565,0.0],[125.02208356960621,6.669755257972896,0.0],[125.022354826702184,6.669754145715676,0.0],[125.022353714210851,6.669482933212998,0.0],[125.022352601765775,6.669211720707211,0.0],[125.022081344967688,6.669212832873126,0.0],[125.022082457263807,6.669484045424565,0.0]]],[[[125.019641142660177,6.669494048625944,0.0],[125.019369885250939,6.669495159348036,0.0],[125.019370996103589,6.669766372352268,0.0],[125.019642253661786,6.669765261584613,0.0],[125.019641142660177,6.669494048625944,0.0]]],[[[125.018557223151802,6.669769703761461,0.0],[125.018556112746083,6.669498490620627,0.0],[125.018284855152103,6.669499600746929,0.0],[125.018285965408879,6.669770813933327,0.0],[125.018557223151802,6.669769703761461,0.0]]],[[[125.023168597712498,6.66975080805051,0.0],[125.022897340755335,6.669751920754483,0.0],[125.02289845359094,6.670023133162748,0.0],[125.023169710697047,6.670022020413122,0.0],[125.023168597712498,6.66975080805051,0.0]]],[[[125.028867215386683,6.670269829661,0.0],[125.028866099227344,6.66999861826135,0.0],[125.02859484309424,6.66999973413914,0.0],[125.028595959104635,6.670270945584442,0.0],[125.028867215386683,6.670269829661,0.0]]],[[[125.021541055275506,6.669757482040315,0.0],[125.021542167366093,6.670028694676753,0.0],[125.021813424703581,6.670027582671865,0.0],[125.021814536989481,6.670298795259453,0.0],[125.022085794429643,6.670297683060054,0.0],[125.022086906910772,6.670568895598881,0.0],[125.022358164453692,6.670567783204793,0.0],[125.022629421950327,6.670566670661757,0.0],[125.02262830917131,6.670295458214235,0.0],[125.022627196438464,6.670024245763515,0.0],[125.022355939239716,6.670025358215246,0.0],[125.022084681994784,6.670026470518029,0.0],[125.02208356960621,6.669755257972896,0.0],[125.02181231246395,6.669756370081079,0.0],[125.021541055275506,6.669757482040315,0.0]]],[[[125.021270909982434,6.670029806532694,0.0],[125.02099965255249,6.670030918239598,0.0],[125.021000764391374,6.670302130964054,0.0],[125.021272021970361,6.670301019211498,0.0],[125.021270909982434,6.670029806532694,0.0]]],[[[125.023713338099256,6.67029100673505,0.0],[125.023442080936746,6.670292119828312,0.0],[125.023170823727781,6.670293232772537,0.0],[125.022899566472731,6.670294345567904,0.0],[125.022900679400792,6.670565557969863,0.0],[125.023171936804886,6.670564445128844,0.0],[125.023443194162795,6.670563332138966,0.0],[125.023714451474333,6.670562219000051,0.0],[125.023713338099256,6.67029100673505,0.0]]],[[[125.021272021970361,6.670301019211498,0.0],[125.02127313400446,6.670572231887104,0.0],[125.02154439168612,6.670571119940036,0.0],[125.021543279503064,6.670299907309993,0.0],[125.021272021970361,6.670301019211498,0.0]]],[[[125.028598191264592,6.67081336846572,0.0],[125.028597075161386,6.670542157026635,0.0],[125.028595959104635,6.670270945584442,0.0],[125.028324702776118,6.670272061359026,0.0],[125.028325818683925,6.67054327284696,0.0],[125.028326934638187,6.670814484331786,0.0],[125.028598191264592,6.67081336846572,0.0]]],[[[125.02751428003414,6.671089042655063,0.0],[125.027513164480538,6.670817831036122,0.0],[125.027241907668582,6.670818946306309,0.0],[125.027243023073154,6.671090157970903,0.0],[125.02751428003414,6.671089042655063,0.0]]],[[[125.021274246084843,6.670843444559691,0.0],[125.021002988207982,6.670844556403375,0.0],[125.021004100185507,6.671115769118328,0.0],[125.021275358211412,6.671114657228991,0.0],[125.021274246084843,6.670843444559691,0.0]]],[[[125.02181898659542,6.671383645578275,0.0],[125.021817874124594,6.671112433003299,0.0],[125.021816761699952,6.670841220425214,0.0],[125.021545503915533,6.670842332566882,0.0],[125.021546616191145,6.671113545190619,0.0],[125.021547728512928,6.671384757811247,0.0],[125.02181898659542,6.671383645578275,0.0]]],[[[125.026972881367797,6.671362484845109,0.0],[125.026971766065813,6.671091273137884,0.0],[125.026700509012187,6.671092388155828,0.0],[125.026701624165142,6.671363599908795,0.0],[125.026972881367797,6.671362484845109,0.0]]],[[[125.022363728298004,6.671923845623415,0.0],[125.022362615436649,6.67165263314605,0.0],[125.022091357297668,6.67165374572257,0.0],[125.022092470009994,6.671924958245588,0.0],[125.022363728298004,6.671923845623415,0.0]]],[[[125.022363728298004,6.671923845623415,0.0],[125.022364841205643,6.672195058097672,0.0],[125.022636099596326,6.6721939452809,0.0],[125.022634986539742,6.671922732852296,0.0],[125.022363728298004,6.671923845623415,0.0]]],[[[125.0218212116758,6.671926070718723,0.0],[125.021822324285452,6.672197283284196,0.0],[125.022093582768591,6.672196170765496,0.0],[125.022092470009994,6.671924958245588,0.0],[125.0218212116758,6.671926070718723,0.0]]],[[[125.030232433006532,6.672433937060505,0.0],[125.030503690202167,6.672432819876737,0.0],[125.030502572777351,6.672161608777203,0.0],[125.030501455398976,6.671890397674471,0.0],[125.030230198501499,6.671891514766579,0.0],[125.03023131573083,6.672162725915141,0.0],[125.030232433006532,6.672433937060505,0.0]]],[[[125.021280919537929,6.672470720528332,0.0],[125.021552178262738,6.672469608261964,0.0],[125.021551065755943,6.672198395654036,0.0],[125.021549953295334,6.671927183042912,0.0],[125.021278694868684,6.671928295218064,0.0],[125.021279807180164,6.672199507874752,0.0],[125.021280919537929,6.672470720528332,0.0]]],[[[125.027791116157502,6.672443985008401,0.0],[125.02779000022295,6.672172773451099,0.0],[125.027518742712275,6.67217388909894,0.0],[125.027519858497783,6.672445100702071,0.0],[125.027791116157502,6.672443985008401,0.0]]],[[[125.028063489900703,6.672714080674234,0.0],[125.028062373770751,6.672442869165782,0.0],[125.027791116157502,6.672443985008401,0.0],[125.02779223213831,6.672715196562593,0.0],[125.028063489900703,6.672714080674234,0.0]]],[[[125.02236706715972,6.672737483036681,0.0],[125.022638325848476,6.672736370128693,0.0],[125.022637212699266,6.672465157706395,0.0],[125.02236595415954,6.67246627056882,0.0],[125.022094695573458,6.672467383282208,0.0],[125.022095808424609,6.672738595795722,0.0],[125.02236706715972,6.672737483036681,0.0]]],[[[125.030774947351262,6.672431702544022,0.0],[125.030503690202167,6.672432819876737,0.0],[125.030504807673353,6.672704030973162,0.0],[125.030505925191079,6.67297524206639,0.0],[125.030777182638246,6.672974124642104,0.0],[125.030776064971576,6.672702913594617,0.0],[125.030774947351262,6.672431702544022,0.0]]],[[[125.028335863941976,6.67298417609635,0.0],[125.02833474761664,6.672712964636838,0.0],[125.028063489900703,6.672714080674234,0.0],[125.028064606076924,6.672985292179487,0.0],[125.028335863941976,6.67298417609635,0.0]]],[[[125.022909584491046,6.67273525707158,0.0],[125.022638325848476,6.672736370128693,0.0],[125.022639439043971,6.673007582547794,0.0],[125.022910697835485,6.673006469445117,0.0],[125.022909584491046,6.67273525707158,0.0]]],[[[125.024538249613101,6.672999787699472,0.0],[125.024266991099239,6.673000901696278,0.0],[125.024268105235222,6.673272113838356,0.0],[125.024539363898128,6.673270999795897,0.0],[125.024538249613101,6.672999787699472,0.0]]],[[[125.023183070120666,6.673276568518092,0.0],[125.023181956580828,6.673005356193404,0.0],[125.022910697835485,6.673006469445117,0.0],[125.022911811226294,6.673277681815457,0.0],[125.023183070120666,6.673276568518092,0.0]]],[[[125.021283144392186,6.673013145825899,0.0],[125.021011885323105,6.673014258034446,0.0],[125.021012997670567,6.673285470724086,0.0],[125.021284256888677,6.673284358469975,0.0],[125.021283144392186,6.673013145825899,0.0]]],[[[125.031320815404598,6.673243100298962,0.0],[125.031049557901213,6.673244218067151,0.0],[125.031050675809908,6.673515429062413,0.0],[125.031321933462252,6.673514311248394,0.0],[125.031320815404598,6.673243100298962,0.0]]],[[[125.028338096731844,6.673526599005872,0.0],[125.028339213196361,6.673797810455881,0.0],[125.028340329707333,6.674069021902782,0.0],[125.028341446264676,6.674340233346485,0.0],[125.028612704828546,6.674339116885517,0.0],[125.028883963346061,6.674338000275424,0.0],[125.028882846490561,6.674066788923292,0.0],[125.028611588122175,6.674067905487555,0.0],[125.028610471462173,6.673796694086396,0.0],[125.028609354848527,6.673525482682217,0.0],[125.028608238281322,6.673254271274751,0.0],[125.028607121760587,6.672983059864177,0.0],[125.028335863941976,6.67298417609635,0.0],[125.028336980313682,6.673255387552754,0.0],[125.028338096731844,6.673526599005872,0.0]]],[[[125.025626627988174,6.673808965953296,0.0],[125.02562551301429,6.673537754046053,0.0],[125.025354254387523,6.673538868730309,0.0],[125.025355369212377,6.673810080683293,0.0],[125.025626627988174,6.673808965953296,0.0]]],[[[125.023183070120666,6.673276568518092,0.0],[125.023184183706775,6.67354778083967,0.0],[125.023185297339154,6.673818993157963,0.0],[125.023186411017818,6.674090205473235,0.0],[125.023457670313022,6.674089091889877,0.0],[125.023456556485328,6.673817879620256,0.0],[125.023455442703906,6.673546667347616,0.0],[125.023454328968754,6.67327545507169,0.0],[125.023183070120666,6.673276568518092,0.0]]],[[[125.025627743008428,6.67408017785752,0.0],[125.025899001886899,6.674079062932745,0.0],[125.025897886717615,6.673807851074263,0.0],[125.025626627988174,6.673808965953296,0.0],[125.025627743008428,6.67408017785752,0.0]]],[[[125.01966003597029,6.674104668493084,0.0],[125.019658924229546,6.673833455585041,0.0],[125.019387664435996,6.673834567036061,0.0],[125.019388776027697,6.674105779989756,0.0],[125.01966003597029,6.674104668493084,0.0]]],[[[125.023730043585132,6.674359190378252,0.0],[125.024001302936924,6.674358076451168,0.0],[125.024272562242331,6.674356962375048,0.0],[125.024271447921166,6.674085750245582,0.0],[125.024000188764703,6.67408686427605,0.0],[125.02372892956204,6.674087978157481,0.0],[125.023730043585132,6.674359190378252,0.0]]],[[[125.019117516038918,6.674106891337304,0.0],[125.019118627527689,6.674378104333365,0.0],[125.019389887665596,6.674376992940254,0.0],[125.019388776027697,6.674105779989756,0.0],[125.019117516038918,6.674106891337304,0.0]]],[[[125.029426480241739,6.674335766608217,0.0],[125.02915522181712,6.674336883516294,0.0],[125.02915633886802,6.674608094819576,0.0],[125.029427597441753,6.674606977865669,0.0],[125.029426480241739,6.674335766608217,0.0]]],[[[125.024272562242331,6.674356962375048,0.0],[125.024273676609866,6.674628174501316,0.0],[125.024544936018131,6.674627060230418,0.0],[125.024543821501567,6.674355848149802,0.0],[125.024272562242331,6.674356962375048,0.0]]],[[[125.024816195380126,6.674625945810484,0.0],[125.024817310092104,6.67489715784225,0.0],[125.025088569556772,6.674896043227538,0.0],[125.025359828975255,6.67489492846379,0.0],[125.025358713965034,6.674623716523418,0.0],[125.025087454695765,6.674624831241514,0.0],[125.024816195380126,6.674625945810484,0.0]]],[[[125.024546050581066,6.674898272307836,0.0],[125.02454716519027,6.675169484382146,0.0],[125.024818424850423,6.675168369870819,0.0],[125.024817310092104,6.67489715784225,0.0],[125.024546050581066,6.674898272307836,0.0]]],[[[125.029701090806597,6.675148283176466,0.0],[125.029699973364643,6.67487707197115,0.0],[125.029428714688237,6.674878189119924,0.0],[125.029429831981162,6.67514940037107,0.0],[125.029430949320442,6.675420611619018,0.0],[125.029432066706178,6.67569182286377,0.0],[125.029703325829885,6.675690705577684,0.0],[125.029702208295021,6.675419494378674,0.0],[125.029701090806597,6.675148283176466,0.0]]],[[[125.02454716519027,6.675169484382146,0.0],[125.024275905483847,6.675170598744349,0.0],[125.024277019990279,6.675441810861114,0.0],[125.024548279845845,6.675440696453259,0.0],[125.02454716519027,6.675169484382146,0.0]]],[[[125.021835679207683,6.675451833823574,0.0],[125.021834566043097,6.675180621296026,0.0],[125.021563305873926,6.67518173416751,0.0],[125.021564418889383,6.675452946740621,0.0],[125.021835679207683,6.675451833823574,0.0]]],[[[125.024005760088457,6.675442925119932,0.0],[125.02400687449213,6.675714137279241,0.0],[125.024278134543096,6.67571302297477,0.0],[125.024277019990279,6.675441810861114,0.0],[125.024005760088457,6.675442925119932,0.0]]],[[[125.021295384396311,6.675996484736744,0.0],[125.021024123687297,6.675997597446846,0.0],[125.021025236543238,6.676268810101758,0.0],[125.021296497401281,6.676267697346003,0.0],[125.021295384396311,6.675996484736744,0.0]]],[[[125.024011332569685,6.676798985884678,0.0],[125.024282593217052,6.676797871397508,0.0],[125.024281478479153,6.676526659296553,0.0],[125.024010217980816,6.67652777373807,0.0],[125.024011332569685,6.676798985884678,0.0]]],[[[125.029434301616845,6.676234245343857,0.0],[125.029435419141848,6.676505456579194,0.0],[125.02943653671322,6.676776667811333,0.0],[125.029437654331034,6.677047879040274,0.0],[125.029438771995302,6.677319090266107,0.0],[125.029439889706026,6.677590301488743,0.0],[125.029711149873606,6.677589183882113,0.0],[125.029710032013753,6.677317972705219,0.0],[125.029708914200356,6.677046761525216,0.0],[125.029707796433414,6.676775550342016,0.0],[125.029706678712913,6.676504339155618,0.0],[125.029705561038782,6.676233127966111,0.0],[125.029704443411106,6.675961916773496,0.0],[125.029433184138284,6.675963034105412,0.0],[125.029434301616845,6.676234245343857,0.0]]],[[[125.023740071875963,6.676800100222722,0.0],[125.023741186361974,6.677071312411873,0.0],[125.02401244720474,6.677070198028177,0.0],[125.024011332569685,6.676798985884678,0.0],[125.023740071875963,6.676800100222722,0.0]]],[[[125.019943529704207,6.67708689812637,0.0],[125.019942417306126,6.676815685298618,0.0],[125.019671155918729,6.676816797400051,0.0],[125.019672268167682,6.677088010273367,0.0],[125.019943529704207,6.67708689812637,0.0]]],[[[125.019673380462834,6.677359223143484,0.0],[125.019402118730824,6.677360335186919,0.0],[125.019403230923018,6.677631548099403,0.0],[125.019674492804072,6.677630436010493,0.0],[125.019673380462834,6.677359223143484,0.0]]],[[[125.0307984271317,6.6781271339419,0.0],[125.031069687365445,6.678126015497985,0.0],[125.031068568666967,6.677854804556547,0.0],[125.03079730858245,6.677855922954632,0.0],[125.030526048451463,6.677857041203592,0.0],[125.030527166851599,6.67812825223669,0.0],[125.0307984271317,6.6781271339419,0.0]]],[[[125.031071924901724,6.678668437371535,0.0],[125.031073043739553,6.67893964830347,0.0],[125.031344304374301,6.67893852957294,0.0],[125.031343185387271,6.678667318686835,0.0],[125.031342066446769,6.678396107797444,0.0],[125.031070806110364,6.678397226436315,0.0],[125.031071924901724,6.678668437371535,0.0]]],[[[125.023478841833921,6.679242124410831,0.0],[125.023750103916399,6.679241009811041,0.0],[125.02374898906001,6.678969797647203,0.0],[125.023747874249992,6.678698585480167,0.0],[125.023476612465942,6.678699699988742,0.0],[125.023477727126746,6.678970912201341,0.0],[125.023478841833921,6.679242124410831,0.0]]],[[[125.031344304374301,6.67893852957294,0.0],[125.031345423407799,6.679209740456025,0.0],[125.031616684145305,6.67920862153045,0.0],[125.031615564962607,6.678937410693284,0.0],[125.031344304374301,6.67893852957294,0.0]]],[[[125.018325965398589,6.679534486538583,0.0],[125.018054702242395,6.679535598200634,0.0],[125.018055814058101,6.679806811315623,0.0],[125.018327077363509,6.679805699608008,0.0],[125.018325965398589,6.679534486538583,0.0]]],[[[125.021312084326809,6.680064673543904,0.0],[125.021040821380396,6.680065786938081,0.0],[125.021041934929826,6.680336999545475,0.0],[125.021313198025453,6.680335886105735,0.0],[125.021312084326809,6.680064673543904,0.0]]],[[[125.023213153189147,6.680599300089605,0.0],[125.02348441606388,6.680598185410767,0.0],[125.023483301125339,6.680326973217086,0.0],[125.023212038399819,6.68032808785036,0.0],[125.023213153189147,6.680599300089605,0.0]]],[[[125.023213153189147,6.680599300089605,0.0],[125.022941890268129,6.680600414619318,0.0],[125.022943004954513,6.680871626901106,0.0],[125.023214268024745,6.680870512325741,0.0],[125.023213153189147,6.680599300089605,0.0]]],[[[125.023216497834952,6.681412936788598,0.0],[125.023215382906713,6.681141724558768,0.0],[125.022944119687182,6.681142839179786,0.0],[125.022945234466206,6.681414051455179,0.0],[125.023216497834952,6.681412936788598,0.0]]],[[[125.024301550847014,6.681408476629955,0.0],[125.02403028766345,6.681409591893392,0.0],[125.024031403085601,6.681680803983068,0.0],[125.024302666418379,6.681679688673978,0.0],[125.024301550847014,6.681408476629955,0.0]]],[[[125.024573929704971,6.681678573215586,0.0],[125.024302666418379,6.681679688673978,0.0],[125.024303782036199,6.681950900714715,0.0],[125.024575045471906,6.68194978521067,0.0],[125.024846308861441,6.681948669557412,0.0],[125.024845192945193,6.68167745760798,0.0],[125.024573929704971,6.681678573215586,0.0]]],[[[125.020235938371798,6.682238828090346,0.0],[125.020234824946527,6.681967615368287,0.0],[125.019963560770606,6.681968728484731,0.0],[125.019964674046662,6.682239941252353,0.0],[125.020235938371798,6.682238828090346,0.0]]],[[[125.025391068069851,6.682488861510003,0.0],[125.025389951762364,6.682217649658182,0.0],[125.02511868831634,6.68221876565561,0.0],[125.025119804474443,6.682489977553083,0.0],[125.025391068069851,6.682488861510003,0.0]]],[[[125.02566344812179,6.682758957120591,0.0],[125.025934711773687,6.682757840733253,0.0],[125.026205975379213,6.68275672419679,0.0],[125.026204858577714,6.682485512485301,0.0],[125.025933595121401,6.682486628976112,0.0],[125.025662331618804,6.68248774531762,0.0],[125.02566344812179,6.682758957120591,0.0]]],[[[125.024307129167298,6.682764536818362,0.0],[125.024035865237408,6.68276565231015,0.0],[125.024036980891111,6.683036864384015,0.0],[125.024308244970314,6.683035748846486,0.0],[125.024307129167298,6.682764536818362,0.0]]],[[[125.027020883213581,6.683024585262918,0.0],[125.026749619597837,6.683025702292942,0.0],[125.026750736790575,6.683296913906642,0.0],[125.027022000555618,6.683295796830966,0.0],[125.027020883213581,6.683024585262918,0.0]]],[[[125.027022000555618,6.683295796830966,0.0],[125.027023117944026,6.683567008395817,0.0],[125.027294381812013,6.683565891125096,0.0],[125.027293264274306,6.683294679605987,0.0],[125.027022000555618,6.683295796830966,0.0]]],[[[125.025124269570284,6.683574825111358,0.0],[125.024853005331579,6.683575941187923,0.0],[125.024854121572091,6.683847153115239,0.0],[125.025125385960109,6.683846036992933,0.0],[125.025124269570284,6.683574825111358,0.0]]],[[[125.021601174341228,6.684402959880562,0.0],[125.021872439583319,6.684401845458319,0.0],[125.021871324892487,6.684130633035132,0.0],[125.021600059799795,6.684131747411812,0.0],[125.021328794660732,6.684132861639278,0.0],[125.021329909052952,6.684404074153592,0.0],[125.021601174341228,6.684402959880562,0.0]]],[[[125.02105975800751,6.684676400834175,0.0],[125.021058643718405,6.684405188277318,0.0],[125.020787378337573,6.684406302251831,0.0],[125.020788492477379,6.684677514854251,0.0],[125.02105975800751,6.684676400834175,0.0]]],[[[125.01970677079963,6.685495607776724,0.0],[125.019705657118493,6.685224395001463,0.0],[125.019434391058738,6.685225508366242,0.0],[125.01943550459049,6.685496721186976,0.0],[125.01970677079963,6.685495607776724,0.0]]],[[[125.019164238335165,6.685497834448015,0.0],[125.019165351763903,6.685769047311205,0.0],[125.019436618168527,6.685767934004603,0.0],[125.01943550459049,6.685496721186976,0.0],[125.019164238335165,6.685497834448015,0.0]]],[[[125.026490645963833,6.686010147253438,0.0],[125.026489528456764,6.685738935625705,0.0],[125.026218263255259,6.685740052814357,0.0],[125.026219380613028,6.686011264487832,0.0],[125.026490645963833,6.686010147253438,0.0]]],[[[125.018896312010227,6.686312586276331,0.0],[125.018895198638518,6.686041373373972,0.0],[125.018623931992124,6.686042486427444,0.0],[125.018625045214534,6.686313699375366,0.0],[125.018896312010227,6.686312586276331,0.0]]],[[[125.020525026128553,6.686577117172186,0.0],[125.020523911814578,6.686305904546406,0.0],[125.020252645295997,6.686307018541346,0.0],[125.020253759460672,6.686578231212779,0.0],[125.020525026128553,6.686577117172186,0.0]]],[[[125.020797407259892,6.686847215559397,0.0],[125.020526140488798,6.686848329794857,0.0],[125.020527254895327,6.68711954241433,0.0],[125.020798521815721,6.687118428133307,0.0],[125.020797407259892,6.686847215559397,0.0]]],[[[125.018357117868703,6.687128451286548,0.0],[125.018628385158678,6.687127338200214,0.0],[125.018627271797797,6.686856125261795,0.0],[125.018356004657136,6.686857238302566,0.0],[125.018084737470289,6.686858351194034,0.0],[125.018085850532472,6.687129564223491,0.0],[125.018357117868703,6.687128451286548,0.0]]],[[[125.018628385158678,6.687127338200214,0.0],[125.01862949856573,6.687398551135524,0.0],[125.018900765958904,6.687397437854323,0.0],[125.018899652402453,6.687126224964577,0.0],[125.018628385158678,6.687127338200214,0.0]]],[[[125.01862949856573,6.687398551135524,0.0],[125.018358231126371,6.687399664267333,0.0],[125.018359344430223,6.687670877245009,0.0],[125.018630612018967,6.687669764067636,0.0],[125.01862949856573,6.687398551135524,0.0]]],[[[125.028668599313505,6.687899682747287,0.0],[125.028939865292514,6.687898563848624,0.0],[125.029211131225068,6.687897444800659,0.0],[125.029210011899636,6.68762623365263,0.0],[125.028938746116467,6.687627352654855,0.0],[125.028667480286856,6.687628471507687,0.0],[125.028668599313505,6.687899682747287,0.0]]],[[[125.018362684618879,6.688484516158941,0.0],[125.018633952655804,6.688483402844878,0.0],[125.018632839064011,6.688212189922269,0.0],[125.01836157117647,6.688213303190769,0.0],[125.018090303242758,6.688214416309877,0.0],[125.018091416535768,6.688485629323613,0.0],[125.018362684618879,6.688484516158941,0.0]]],[[[125.029485755814193,6.688709958891335,0.0],[125.029757022102103,6.688708839407274,0.0],[125.029755902338621,6.688437628360231,0.0],[125.029754782621595,6.68816641731008,0.0],[125.029483516632453,6.688167536702481,0.0],[125.029484636200095,6.688438747798551,0.0],[125.029485755814193,6.688709958891335,0.0]]],[[[125.024875338942095,6.689000179132862,0.0],[125.024874221821477,6.688728967265676,0.0],[125.024602954698835,6.688730084060954,0.0],[125.024604071669984,6.689001295973793,0.0],[125.024875338942095,6.689000179132862,0.0]]],[[[125.029758141911955,6.688980050451119,0.0],[125.029759261768334,6.689251261491767,0.0],[125.030030528308586,6.689250141766743,0.0],[125.030029408302909,6.688978930771925,0.0],[125.030028288343573,6.688707719773821,0.0],[125.029757022102103,6.688708839407274,0.0],[125.029758141911955,6.688980050451119,0.0]]],[[[125.025418990812895,6.689269156775421,0.0],[125.025417873347138,6.688997945002826,0.0],[125.025146606167752,6.68899906214254,0.0],[125.025147723484039,6.689270273960788,0.0],[125.025418990812895,6.689269156775421,0.0]]],[[[125.030031648360819,6.689521352758452,0.0],[125.030302915004015,6.689520232838295,0.0],[125.030301794802483,6.689249021892327,0.0],[125.030030528308586,6.689250141766743,0.0],[125.030031648360819,6.689521352758452,0.0]]],[[[125.018638407484758,6.689568254503695,0.0],[125.018639521307477,6.689839467410494,0.0],[125.018910790045254,6.689838353719311,0.0],[125.01890967607315,6.689567140858075,0.0],[125.018908562147217,6.68929592799373,0.0],[125.01863729370821,6.689297041593698,0.0],[125.018638407484758,6.689568254503695,0.0]]],[[[125.030576422442309,6.690061534559342,0.0],[125.030575301998397,6.689790323665599,0.0],[125.030304035252087,6.689791443781066,0.0],[125.030305155546614,6.69006265472055,0.0],[125.030576422442309,6.690061534559342,0.0]]],[[[125.018368252523416,6.689840580952198,0.0],[125.018369366242851,6.690111793901274,0.0],[125.018640635176297,6.690110680314008,0.0],[125.018639521307477,6.689839467410494,0.0],[125.018368252523416,6.689840580952198,0.0]]],[[[125.018915246395565,6.690923205132546,0.0],[125.018643977059952,6.690924319005807,0.0],[125.018645091113513,6.691195531896796,0.0],[125.01891636059861,6.691194417977884,0.0],[125.018915246395565,6.690923205132546,0.0]]],[[[125.01891636059861,6.691194417977884,0.0],[125.018917474847839,6.691465630820113,0.0],[125.019188744436235,6.691464516706245,0.0],[125.019187630037521,6.691193303909579,0.0],[125.01891636059861,6.691194417977884,0.0]]],[[[125.029226806655004,6.691694400541324,0.0],[125.029498074633125,6.691693280703057,0.0],[125.029496954508332,6.69142206964509,0.0],[125.029225686679695,6.691423189437615,0.0],[125.028954418804602,6.69142430908066,0.0],[125.028955538630427,6.691695520230199,0.0],[125.029226806655004,6.691694400541324,0.0]]],[[[125.030040610450115,6.691691040578083,0.0],[125.02976934256489,6.691692160715221,0.0],[125.029770462885523,6.691963371724161,0.0],[125.030041730920317,6.691962251541193,0.0],[125.030040610450115,6.691691040578083,0.0]]],[[[125.019462243213283,6.692005827935597,0.0],[125.019461128572715,6.69173461519089,0.0],[125.01918985888112,6.691735729499713,0.0],[125.019190973372204,6.692006942290072,0.0],[125.019462243213283,6.692005827935597,0.0]]],[[[125.019462243213283,6.692005827935597,0.0],[125.019463357900023,6.692277040677195,0.0],[125.019734627844485,6.692275926127764,0.0],[125.019733513008262,6.69200471343173,0.0],[125.019462243213283,6.692005827935597,0.0]]],[[[125.019736857655573,6.69281835151033,0.0],[125.019735742726894,6.692547138820601,0.0],[125.019464472633032,6.692548253415684,0.0],[125.019465587412242,6.692819466150888,0.0],[125.019736857655573,6.69281835151033,0.0]]],[[[125.02353575327659,6.693073942895986,0.0],[125.023534636208637,6.692802730848055,0.0],[125.023533519187055,6.692531518796927,0.0],[125.023262249740583,6.692532635484381,0.0],[125.023263366612696,6.692803847581161,0.0],[125.023264483531165,6.693075059674745,0.0],[125.02353575327659,6.693073942895986,0.0]]],[[[125.030587629436482,6.692773643322512,0.0],[125.030316361046161,6.692774763941842,0.0],[125.030317481851569,6.693045974846599,0.0],[125.030588750391374,6.693044854181438,0.0],[125.030587629436482,6.692773643322512,0.0]]],[[[125.020009242977167,6.69308844936126,0.0],[125.020008127852819,6.692817236720292,0.0],[125.019736857655573,6.69281835151033,0.0],[125.019737972630438,6.693089564196861,0.0],[125.020009242977167,6.69308844936126,0.0]]],[[[125.031132408632104,6.693313823166833,0.0],[125.031131287331718,6.693042612402764,0.0],[125.030860018884823,6.693043733366797,0.0],[125.03086114003564,6.693314944176696,0.0],[125.031132408632104,6.693313823166833,0.0]]],[[[125.020009242977167,6.69308844936126,0.0],[125.020010358147786,6.69335966199903,0.0],[125.020281628597715,6.693358546968384,0.0],[125.020280513277612,6.693087334376178,0.0],[125.020009242977167,6.69308844936126,0.0]]],[[[125.031133529978945,6.693585033927705,0.0],[125.031404798678366,6.693583912722532,0.0],[125.031403677182041,6.693312702007401,0.0],[125.031132408632104,6.693313823166833,0.0],[125.031133529978945,6.693585033927705,0.0]]],[[[125.023808140239439,6.693344037966829,0.0],[125.023536870390814,6.693345154940809,0.0],[125.023537987551308,6.693616366982433,0.0],[125.023809257549416,6.693615249962801,0.0],[125.023808140239439,6.693344037966829,0.0]]],[[[125.02381037490575,6.693886461955576,0.0],[125.023811492308369,6.694157673945154,0.0],[125.02408276255926,6.694156556684736,0.0],[125.024081645007158,6.693885344740811,0.0],[125.02408052750134,6.693614132793688,0.0],[125.023809257549416,6.693615249962801,0.0],[125.02381037490575,6.693886461955576,0.0]]],[[[125.02408276255926,6.694156556684736,0.0],[125.024083880157718,6.694427768625553,0.0],[125.024355150511894,6.694426651170002,0.0],[125.024354032763867,6.694155439274838,0.0],[125.02408276255926,6.694156556684736,0.0]]],[[[125.028698830575621,6.695222385019659,0.0],[125.02869771029593,6.694951173865591,0.0],[125.028426440384408,6.694952293804755,0.0],[125.028155170426444,6.694953413594438,0.0],[125.027883900422211,6.694954533234641,0.0],[125.027885020253194,6.695225744525932,0.0],[125.028156290407097,6.695224624840077,0.0],[125.02842756051453,6.695223505004564,0.0],[125.028698830575621,6.695222385019659,0.0]]],[[[125.024899927314323,6.694966839408321,0.0],[125.024628656753634,6.694967957254225,0.0],[125.024629774790142,6.695239169094145,0.0],[125.0249010455003,6.695238051202499,0.0],[125.024899927314323,6.694966839408321,0.0]]],[[[125.027071209513338,6.695229102686615,0.0],[125.026799939173983,6.695230221774371,0.0],[125.026801058453145,6.695501433245519,0.0],[125.027072328942154,6.695500314112022,0.0],[125.027071209513338,6.695229102686615,0.0]]],[[[125.02490328201128,6.69578047478153,0.0],[125.025174552974221,6.69577935664901,0.0],[125.025173434546019,6.69550814490679,0.0],[125.024902163732662,6.695509262993657,0.0],[125.02490328201128,6.69578047478153,0.0]]],[[[125.017849106342524,6.695538280766198,0.0],[125.017577834280559,6.695539394815762,0.0],[125.017306562172408,6.695540508715667,0.0],[125.017307676263272,6.695811721780385,0.0],[125.017578948520992,6.695810607834916,0.0],[125.017850220732527,6.695809493739877,0.0],[125.01812149289789,6.695808379495358,0.0],[125.01839276501714,6.69580726510127,0.0],[125.018391650327999,6.695536052218629,0.0],[125.018120378358404,6.695537166567243,0.0],[125.017849106342524,6.695538280766198,0.0]]],[[[125.029786152250708,6.695760325516873,0.0],[125.029514882076214,6.695761446191537,0.0],[125.029516002943879,6.696032657198701,0.0],[125.029787273267942,6.696031536478295,0.0],[125.029786152250708,6.695760325516873,0.0]]],[[[125.018936424151477,6.696076248652703,0.0],[125.018935309117012,6.695805035864475,0.0],[125.018664037090218,6.695806150557613,0.0],[125.018665151975014,6.696077363391404,0.0],[125.018936424151477,6.696076248652703,0.0]]],[[[125.030058543545564,6.696030415608321,0.0],[125.029787273267942,6.696031536478295,0.0],[125.029788394331547,6.69630274743652,0.0],[125.030059664758824,6.696301626520715,0.0],[125.030058543545564,6.696030415608321,0.0]]],[[[125.025176789969692,6.696321780123857,0.0],[125.024905518707527,6.696322898347771,0.0],[125.024904400336268,6.696051686566205,0.0],[125.02490328201128,6.69578047478153,0.0],[125.024632011001984,6.69578159276448,0.0],[125.024633129177403,6.696052804594896,0.0],[125.024634247399092,6.696324016422115,0.0],[125.024635365667152,6.696595228246225,0.0],[125.024906637125241,6.696594110126139,0.0],[125.02517790853689,6.696592991856574,0.0],[125.025176789969692,6.696321780123857,0.0]]],[[[125.021921531768385,6.696335188940581,0.0],[125.021920415042388,6.696063976656839,0.0],[125.021649143374418,6.696065093040535,0.0],[125.021650259950761,6.69633630536993,0.0],[125.021921531768385,6.696335188940581,0.0]]],[[[125.018936424151477,6.696076248652703,0.0],[125.018937539232041,6.69634746143791,0.0],[125.019208811511874,6.696346346504076,0.0],[125.019207696281654,6.696075133764432,0.0],[125.018936424151477,6.696076248652703,0.0]]],[[[125.030332056548744,6.696571716318886,0.0],[125.03033093513956,6.69630050545543,0.0],[125.030059664758824,6.696301626520715,0.0],[125.030060786018439,6.696572837430002,0.0],[125.030332056548744,6.696571716318886,0.0]]],[[[125.030603327032594,6.696570595058202,0.0],[125.030332056548744,6.696571716318886,0.0],[125.030333178004469,6.696842927179145,0.0],[125.030604448637902,6.696841805872631,0.0],[125.030603327032594,6.696570595058202,0.0]]],[[[125.019482314643668,6.696887656799242,0.0],[125.019481199171508,6.696616444111556,0.0],[125.019209926788278,6.696617559240523,0.0],[125.018938654358877,6.696618674219832,0.0],[125.018939769531897,6.696889886998645,0.0],[125.019211042110868,6.696888771973772,0.0],[125.019212157479643,6.697159984703824,0.0],[125.019483430162012,6.697158869483819,0.0],[125.019482314643668,6.696887656799242,0.0]]],[[[125.030604448637902,6.696841805872631,0.0],[125.030605570289651,6.697113016683951,0.0],[125.03087684102627,6.697111895182126,0.0],[125.030875719224866,6.696840684416636,0.0],[125.030604448637902,6.696841805872631,0.0]]],[[[125.02572268909303,6.697133178141788,0.0],[125.025721570133967,6.696861966506771,0.0],[125.02545029866539,6.696863085121216,0.0],[125.025451417474784,6.697134296801885,0.0],[125.02572268909303,6.697133178141788,0.0]]],[[[125.025180145810282,6.697135415312414,0.0],[125.025181264516476,6.697406627035627,0.0],[125.025452536330647,6.697405508479357,0.0],[125.025451417474784,6.697134296801885,0.0],[125.025180145810282,6.697135415312414,0.0]]],[[[125.019483430162012,6.697158869483819,0.0],[125.019484545726627,6.697430082165199,0.0],[125.019755818512365,6.697428966749972,0.0],[125.019754702798181,6.697157754114156,0.0],[125.019483430162012,6.697158869483819,0.0]]],[[[125.020028207161957,6.697699063772231,0.0],[125.019756934272834,6.697700179382591,0.0],[125.019758050079389,6.697971392012012,0.0],[125.02002932311818,6.697970276356178,0.0],[125.020028207161957,6.697699063772231,0.0]]],[[[125.025999556903386,6.698488117230714,0.0],[125.025998437563032,6.698216905657337,0.0],[125.025997318268963,6.697945694080762,0.0],[125.025726046248295,6.697946813027564,0.0],[125.025727165392709,6.698218024649791,0.0],[125.025728284583494,6.69848923626891,0.0],[125.025999556903386,6.698488117230714,0.0]]],[[[125.020574101706728,6.698510469571404,0.0],[125.020572985358825,6.698239257085068,0.0],[125.020301712262835,6.698240373085693,0.0],[125.020302828461084,6.698511585617681,0.0],[125.020574101706728,6.698510469571404,0.0]]],[[[125.028173095684167,6.699292793142928,0.0],[125.028171975007552,6.699021581944984,0.0],[125.027900702759339,6.699022702271482,0.0],[125.027901823286385,6.699293913515256,0.0],[125.028173095684167,6.699292793142928,0.0]]],[[[125.02600291520281,6.699301751931839,0.0],[125.026001795723275,6.699030540367965,0.0],[125.025730523104059,6.699031659497554,0.0],[125.025731642433939,6.699302871107169,0.0],[125.02600291520281,6.699301751931839,0.0]]],[[[125.020576334541175,6.699052894534661,0.0],[125.020305060996307,6.699054010672065,0.0],[125.020306177333197,6.69932522319455,0.0],[125.020577451027819,6.699324107011493,0.0],[125.020576334541175,6.699052894534661,0.0]]],[[[125.026004034728615,6.699572963492515,0.0],[125.026275307600685,6.699571844121874,0.0],[125.026274187925225,6.69930063260685,0.0],[125.02600291520281,6.699301751931839,0.0],[125.026004034728615,6.699572963492515,0.0]]],[[[125.021121115110276,6.69959308657909,0.0],[125.021119998278138,6.699321874196671,0.0],[125.020848724676071,6.699322990678866,0.0],[125.020849841358554,6.699594203106938,0.0],[125.021121115110276,6.69959308657909,0.0]]],[[[125.029531699966142,6.699829610966188,0.0],[125.0298029723848,6.699828489604607,0.0],[125.029801850717419,6.699557278687682,0.0],[125.029530578448501,6.699558400003434,0.0],[125.029259306133042,6.699559521169527,0.0],[125.029260427501114,6.699830732178111,0.0],[125.029531699966142,6.699829610966188,0.0]]],[[[125.030074244757003,6.699827368093456,0.0],[125.0298029723848,6.699828489604607,0.0],[125.029804094098537,6.700099700518423,0.0],[125.030075366620409,6.700098578961442,0.0],[125.030074244757003,6.699827368093456,0.0]]],[[[125.026278666905256,6.700385478647672,0.0],[125.026549940179947,6.700384358990239,0.0],[125.026548820215737,6.70011314753046,0.0],[125.026547700297982,6.699841936067661,0.0],[125.026276427322514,6.699843055633612,0.0],[125.0262775470907,6.700114267142241,0.0],[125.026278666905256,6.700385478647672,0.0]]],[[[125.030076488530355,6.700369789826319,0.0],[125.030347761155426,6.700368668073851,0.0],[125.030346639095825,6.700097457254892,0.0],[125.030075366620409,6.700098578961442,0.0],[125.030076488530355,6.700369789826319,0.0]]],[[[125.020855425464347,6.700950265199777,0.0],[125.02112669996437,6.700949148443933,0.0],[125.021125582901135,6.700677936077324,0.0],[125.021124465883986,6.700406723707517,0.0],[125.020853191683287,6.700407840372145,0.0],[125.020854308550682,6.700679052787515,0.0],[125.020855425464347,6.700950265199777,0.0]]],[[[125.030621278291832,6.700909967708744,0.0],[125.030620155989666,6.700638756941921,0.0],[125.030348883261397,6.7006398788897,0.0],[125.030350005413808,6.700911089702442,0.0],[125.030621278291832,6.700909967708744,0.0]]],[[[125.030893673621591,6.701180056283271,0.0],[125.030892551123415,6.700908845565476,0.0],[125.030621278291832,6.700909967708744,0.0],[125.030622400640453,6.701181178472457,0.0],[125.030893673621591,6.701180056283271,0.0]]],[[[125.026282026627001,6.701199113145049,0.0],[125.026553300350756,6.701197993350392,0.0],[125.026824574028225,6.701196873406166,0.0],[125.026823453775279,6.700925662001631,0.0],[125.026552180247549,6.700926781900205,0.0],[125.026280906673364,6.700927901649032,0.0],[125.026282026627001,6.701199113145049,0.0]]],[[[125.021127817073889,6.701220360807345,0.0],[125.021399091677466,6.70121924385628,0.0],[125.021397974418292,6.700948031538432,0.0],[125.02112669996437,6.700949148443933,0.0],[125.021127817073889,6.701220360807345,0.0]]],[[[125.031164946556373,6.701178933944516,0.0],[125.030893673621591,6.701180056283271,0.0],[125.030894796166407,6.701451266997958,0.0],[125.031166069250759,6.701450144613372,0.0],[125.031164946556373,6.701178933944516,0.0]]],[[[125.031166069250759,6.701450144613372,0.0],[125.031167191991685,6.70172135527912,0.0],[125.03143846517932,6.701720232699047,0.0],[125.03143734228874,6.701449022079129,0.0],[125.031166069250759,6.701450144613372,0.0]]],[[[125.027369362487818,6.701737055685162,0.0],[125.027368241842638,6.701465844378505,0.0],[125.027096968108324,6.701466964667788,0.0],[125.027098088603751,6.701738176020187,0.0],[125.027369362487818,6.701737055685162,0.0]]],[[[125.026012992603768,6.701742655863705,0.0],[125.026011872707144,6.701471444328431,0.0],[125.025740598740924,6.701472563869424,0.0],[125.025741718487879,6.701743775450439,0.0],[125.026012992603768,6.701742655863705,0.0]]],[[[125.026284266673287,6.701741536127312,0.0],[125.026012992603768,6.701742655863705,0.0],[125.026014112546747,6.702013867395871,0.0],[125.02628538676602,6.702012747613737,0.0],[125.026284266673287,6.701741536127312,0.0]]],[[[125.026556660938923,6.702011627681945,0.0],[125.02628538676602,6.702012747613737,0.0],[125.026286506905024,6.702283959096964,0.0],[125.026557781227666,6.702282839119431,0.0],[125.026556660938923,6.702011627681945,0.0]]],[[[125.026557781227666,6.702282839119431,0.0],[125.02655890156278,6.702554050553808,0.0],[125.026830175988721,6.702552930380876,0.0],[125.026829055503867,6.702281718992329,0.0],[125.026557781227666,6.702282839119431,0.0]]],[[[125.018964315023666,6.702856567329971,0.0],[125.018963198834484,6.702585354620969,0.0],[125.018691923066498,6.70258647045284,0.0],[125.018693039105941,6.702857683207406,0.0],[125.018964315023666,6.702856567329971,0.0]]],[[[125.027646240995495,6.703091991457364,0.0],[125.027645119968668,6.702820780212346,0.0],[125.027373845532153,6.702821900879994,0.0],[125.027374966409241,6.703093112170841,0.0],[125.027646240995495,6.703091991457364,0.0]]],[[[125.027917515535307,6.703090870594228,0.0],[125.027646240995495,6.703091991457364,0.0],[125.027647362068691,6.703363202699184,0.0],[125.027918636758244,6.703362081790307,0.0],[125.027917515535307,6.703090870594228,0.0]]],[[[125.024933493046206,6.703103191855306,0.0],[125.024662217996394,6.703104311071759,0.0],[125.024663337422467,6.703375522816466,0.0],[125.024934612622005,6.703374403554361,0.0],[125.024933493046206,6.703103191855306,0.0]]],[[[125.027918636758244,6.703362081790307,0.0],[125.027919758027537,6.703633292983278,0.0],[125.028191032820487,6.703632171878913,0.0],[125.028189911401441,6.703360960731684,0.0],[125.027918636758244,6.703362081790307,0.0]]],[[[125.026834658391792,6.703637775903624,0.0],[125.026563383366948,6.703638896259432,0.0],[125.026564503933884,6.703910107677822,0.0],[125.026835779108566,6.703908987276361,0.0],[125.026834658391792,6.703637775903624,0.0]]],[[[125.029008222804251,6.70444244067808,0.0],[125.028736947701248,6.704443562368909,0.0],[125.028738069605424,6.704714773411866,0.0],[125.029009344858252,6.704713651675207,0.0],[125.029008222804251,6.70444244067808,0.0]]],[[[125.027110417114415,6.704721500686959,0.0],[125.027109296108804,6.704450289369555,0.0],[125.026838020680998,6.704451410012244,0.0],[125.026839141536854,6.70472262137539,0.0],[125.027110417114415,6.704721500686959,0.0]]],[[[125.025212607101537,6.705000553995952,0.0],[125.024941331049774,6.705001673681896,0.0],[125.024942450949865,6.705272885358657,0.0],[125.025213727151453,6.705271765627061,0.0],[125.025212607101537,6.705000553995952,0.0]]],[[[125.022506556506116,6.706639016595948,0.0],[125.022505437722728,6.706367804524036,0.0],[125.02250431898554,6.706096592449016,0.0],[125.022233041871615,6.7060977108201,0.0],[125.022234160458964,6.706368922940773,0.0],[125.022235279092513,6.706640135058248,0.0],[125.022506556506116,6.706639016595948,0.0]]],[[[125.030104551372176,6.707150060414588,0.0],[125.030103428301118,6.706878849629114,0.0],[125.029832152035766,6.706879972331046,0.0],[125.029833274956985,6.707151183162261,0.0],[125.030104551372176,6.707150060414588,0.0]]],[[[125.028476892184486,6.707156794654154,0.0],[125.028475770012349,6.706885583594056,0.0],[125.028204493468451,6.706886705397239,0.0],[125.028205615490663,6.707157916503168,0.0],[125.028476892184486,6.707156794654154,0.0]]],[[[125.02739178513103,6.707161281151373,0.0],[125.02766306196402,6.707160159751777,0.0],[125.027661940241401,6.706888948554366,0.0],[125.027390663558236,6.706890069908309,0.0],[125.02739178513103,6.707161281151373,0.0]]],[[[125.023864062458642,6.706904633878161,0.0],[125.023592785126667,6.706905753135026,0.0],[125.023593904601938,6.707176965017934,0.0],[125.023865182083753,6.707175845715416,0.0],[125.023864062458642,6.706904633878161,0.0]]],[[[125.02332150774842,6.706906872242144,0.0],[125.023050230323904,6.706907991199427,0.0],[125.023051349499497,6.707179203173639,0.0],[125.023322627073853,6.707178084170704,0.0],[125.02332150774842,6.706906872242144,0.0]]],[[[125.02739178513103,6.707161281151373,0.0],[125.02712050825167,6.707162402401221,0.0],[125.02712162972108,6.707433613686917,0.0],[125.027392906750265,6.707432492391416,0.0],[125.02739178513103,6.707161281151373,0.0]]],[[[125.023867421472957,6.707718269380423,0.0],[125.024138699208081,6.707717149836765,0.0],[125.024137579340504,6.707445938051557,0.0],[125.02386630175522,6.707447057549563,0.0],[125.023867421472957,6.707718269380423,0.0]]],[[[125.022782310069289,6.707722746056963,0.0],[125.022781190950894,6.707451534043494,0.0],[125.022509913134158,6.707452652792498,0.0],[125.022511032102713,6.70772386485162,0.0],[125.022782310069289,6.707722746056963,0.0]]],[[[125.023869661047257,6.708260693032728,0.0],[125.023868541236979,6.707989481208174,0.0],[125.023867421472957,6.707718269380423,0.0],[125.023596143691478,6.707719388774334,0.0],[125.02359726330566,6.707990600647737,0.0],[125.023598382966199,6.708261812517855,0.0],[125.023599502672923,6.708533024384953,0.0],[125.023870780904005,6.708531904854085,0.0],[125.023869661047257,6.708260693032728,0.0]]],[[[125.024954772908785,6.708256213593864,0.0],[125.024683495012908,6.708257333678334,0.0],[125.02468461531906,6.708528545362644,0.0],[125.024955893364861,6.708527425232522,0.0],[125.024954772908785,6.708256213593864,0.0]]],[[[125.023870780904005,6.708531904854085,0.0],[125.023871900806924,6.708803116672333,0.0],[125.024143179141475,6.708801996945977,0.0],[125.024142059088632,6.70853078517347,0.0],[125.023870780904005,6.708531904854085,0.0]]],[[[125.018717603659084,6.708824363004493,0.0],[125.018716486603481,6.708553150319738,0.0],[125.018445207493897,6.708554267003906,0.0],[125.018446324399576,6.708825479734135,0.0],[125.018717603659084,6.708824363004493,0.0]]],[[[125.018175045093898,6.70882659631403,0.0],[125.018173928338058,6.708555383538237,0.0],[125.017902649136019,6.708556499922733,0.0],[125.01790376574202,6.70882771274409,0.0],[125.018175045093898,6.70882659631403,0.0]]],[[[125.025770848176052,6.708795275441646,0.0],[125.025499570119507,6.708796396066927,0.0],[125.025500690967903,6.709067607607886,0.0],[125.025771969174372,6.709066486936863,0.0],[125.025770848176052,6.708795275441646,0.0]]],[[[125.018988882872392,6.708823246124926,0.0],[125.018717603659084,6.708824363004493,0.0],[125.018718720760873,6.70909557568605,0.0],[125.01899000012402,6.70909445876092,0.0],[125.018988882872392,6.708823246124926,0.0]]],[[[125.026315646792682,6.709335456546026,0.0],[125.026314525448242,6.7090642451454,0.0],[125.026043247334485,6.709065366116094,0.0],[125.026044368529085,6.709336577562461,0.0],[125.026315646792682,6.709335456546026,0.0]]],[[[125.024415577678724,6.709072088793531,0.0],[125.024144299240604,6.709073208715375,0.0],[125.024145419386002,6.709344420481576,0.0],[125.024416697974047,6.709343300514079,0.0],[125.024415577678724,6.709072088793531,0.0]]],[[[125.018991117421834,6.709365671393717,0.0],[125.01926239688872,6.709364554273276,0.0],[125.019261279441082,6.709093341686043,0.0],[125.01899000012402,6.70909445876092,0.0],[125.018991117421834,6.709365671393717,0.0]]],[[[125.02794443769065,6.709599938424113,0.0],[125.027943315400663,6.709328727301043,0.0],[125.027672037415257,6.709329849216492,0.0],[125.027673159555405,6.709601060385304,0.0],[125.02794443769065,6.709599938424113,0.0]]],[[[125.026858203180851,6.709333214063737,0.0],[125.026586925009894,6.709334335379844,0.0],[125.026588046550629,6.709605546731532,0.0],[125.02685932487141,6.709604425369773,0.0],[125.026858203180851,6.709333214063737,0.0]]],[[[125.027945560027192,6.709871149543987,0.0],[125.02821683826582,6.709870027387219,0.0],[125.028215715779538,6.709598816313087,0.0],[125.02794443769065,6.709599938424113,0.0],[125.027945560027192,6.709871149543987,0.0]]],[[[125.024418938703604,6.709885723945583,0.0],[125.024417818315641,6.70961451223143,0.0],[125.024146539577771,6.709615632244579,0.0],[125.024147659815895,6.709886844004385,0.0],[125.023876380881816,6.70988796391335,0.0],[125.023877501016287,6.7101591757157,0.0],[125.024148780100205,6.710158055760993,0.0],[125.024420059137924,6.710156935656539,0.0],[125.024418938703604,6.709885723945583,0.0]]],[[[125.020351986945215,6.710444933881008,0.0],[125.020350868713123,6.71017372148873,0.0],[125.020079588981389,6.710174839345293,0.0],[125.020080707063627,6.710446051783134,0.0],[125.020351986945215,6.710444933881008,0.0]]],[[[125.030662836131143,6.710944763848912,0.0],[125.030934114505129,6.710943640010378,0.0],[125.030932990334051,6.710672429406892,0.0],[125.030931866209528,6.710401218800208,0.0],[125.030660588135305,6.71040234254717,0.0],[125.030661712109989,6.710673553199684,0.0],[125.030662836131143,6.710944763848912,0.0]]],[[[125.031475546642824,6.710670181371712,0.0],[125.031204268511672,6.710671305464264,0.0],[125.031205392832661,6.71094251602192,0.0],[125.031476671113651,6.710941391883538,0.0],[125.031475546642824,6.710670181371712,0.0]]],[[[125.020896783772244,6.71098512221969,0.0],[125.020625503683277,6.710986240512793,0.0],[125.02062662220402,6.711257452849915,0.0],[125.020897902442826,6.71125633451116,0.0],[125.020896783772244,6.71098512221969,0.0]]],[[[125.024425662004006,6.711512994163713,0.0],[125.024426782716233,6.711784205855662,0.0],[125.024698062606973,6.711783085327192,0.0],[125.024696941744892,6.711511873680984,0.0],[125.024695820929097,6.711240662031579,0.0],[125.024424541338135,6.711241782468655,0.0],[125.024425662004006,6.711512994163713,0.0]]],[[[125.024970463509874,6.712053176246244,0.0],[125.024969342451513,6.711781964648886,0.0],[125.024698062606973,6.711783085327192,0.0],[125.024699183515494,6.712054296970291,0.0],[125.024970463509874,6.712053176246244,0.0]]],[[[125.024970463509874,6.712053176246244,0.0],[125.02497158461459,6.712324387840405,0.0],[125.025242864712624,6.712323266920781,0.0],[125.025241743457968,6.712052055372273,0.0],[125.024970463509874,6.712053176246244,0.0]]],[[[125.02578654637054,6.712592236085677,0.0],[125.026057826479487,6.712591114670627,0.0],[125.026056704728617,6.712319903262451,0.0],[125.02578542476968,6.71232102463176,0.0],[125.025514144764287,6.712322145851233,0.0],[125.025515266215223,6.712593357350802,0.0],[125.02578654637054,6.712592236085677,0.0]]],[[[125.026329106542079,6.712589993105653,0.0],[125.026057826479487,6.712591114670627,0.0],[125.026058948276628,6.712862326075695,0.0],[125.026060070120224,6.713133537477476,0.0],[125.026331350482664,6.713132415821108,0.0],[125.026330228489144,6.712861204464979,0.0],[125.026329106542079,6.712589993105653,0.0]]],[[[125.024978312215822,6.713951657338755,0.0],[125.024977190833098,6.713680445763601,0.0],[125.024705909939001,6.71368156676174,0.0],[125.024707031171701,6.713952778382546,0.0],[125.024978312215822,6.713951657338755,0.0]]],[[[125.027692243036782,6.714211649768207,0.0],[125.027691120107832,6.713940438653485,0.0],[125.02741983952734,6.713941561196788,0.0],[125.027420962306195,6.714212772357162,0.0],[125.027692243036782,6.714211649768207,0.0]]],[[[125.036566075921996,6.629555857374556,0.0],[125.036564962428699,6.629284646831999,0.0],[125.03629372992016,6.629285760137891,0.0],[125.03629484326531,6.629556970726367,0.0],[125.036566075921996,6.629555857374556,0.0]]],[[[125.033312392733961,6.629840418916175,0.0],[125.03331128097075,6.629569207825967,0.0],[125.033040047755847,6.629570319401332,0.0],[125.033041159370995,6.629841530537459,0.0],[125.033312392733961,6.629840418916175,0.0]]],[[[125.0362970700955,6.630099391893816,0.0],[125.03629595665717,6.629828181311646,0.0],[125.03602472380588,6.629829294561405,0.0],[125.036025837096147,6.630100505189493,0.0],[125.0362970700955,6.630099391893816,0.0]]],[[[125.034942017378086,6.630376167700267,0.0],[125.034670783997967,6.630377280301567,0.0],[125.034671896641015,6.630648491152944,0.0],[125.034943130169182,6.630647378505725,0.0],[125.034942017378086,6.630376167700267,0.0]]],[[[125.034944243006834,6.630918589308075,0.0],[125.035215476636523,6.630917476466878,0.0],[125.035214363650823,6.630646265710447,0.0],[125.034943130169182,6.630647378505725,0.0],[125.034944243006834,6.630918589308075,0.0]]],[[[125.035759057084817,6.63118646100179,0.0],[125.035760170459724,6.631457671659988,0.0],[125.036031404246003,6.631456558282776,0.0],[125.036030290722948,6.631185347670407,0.0],[125.036029177246434,6.630914137054931,0.0],[125.035757943756366,6.630915250340306,0.0],[125.035759057084817,6.63118646100179,0.0]]],[[[125.03630597927858,6.632269076437844,0.0],[125.036304865467756,6.631997865880899,0.0],[125.036303751703386,6.631726655320667,0.0],[125.036302637985727,6.631455444757415,0.0],[125.036031404246003,6.631456558282776,0.0],[125.036032517815585,6.631727768891946,0.0],[125.036033631431806,6.631998979498097,0.0],[125.036034745094568,6.632270190100962,0.0],[125.03630597927858,6.632269076437844,0.0]]],[[[125.038747084838576,6.632259046805076,0.0],[125.038745969694688,6.631987836661755,0.0],[125.038474736078058,6.631988951611754,0.0],[125.038475851073798,6.632260161801082,0.0],[125.038747084838576,6.632259046805076,0.0]]],[[[125.036307093135932,6.632540286991682,0.0],[125.036578327421552,6.632539173134586,0.0],[125.036579441473592,6.632810383639307,0.0],[125.03685067586072,6.632809269588056,0.0],[125.036849561660532,6.632538059129254,0.0],[125.03684844750687,6.632266848667254,0.0],[125.036577213416038,6.632267962626579,0.0],[125.03630597927858,6.632269076437844,0.0],[125.036307093135932,6.632540286991682,0.0]]],[[[125.031698325980827,6.633101622561619,0.0],[125.031427090561905,6.633102733844507,0.0],[125.031428201892567,6.633373945214847,0.0],[125.03169943745965,6.633372833886129,0.0],[125.031698325980827,6.633101622561619,0.0]]],[[[125.037125253525687,6.633621786608477,0.0],[125.037396488264093,6.633620672123084,0.0],[125.037395373627888,6.633349461765623,0.0],[125.037394259038223,6.633078251405053,0.0],[125.037123024596198,6.633079365798431,0.0],[125.03712413903763,6.633350576205008,0.0],[125.037125253525687,6.633621786608477,0.0]]],[[[125.035770192929334,6.633898567443173,0.0],[125.035498957763451,6.633899681085684,0.0],[125.035500071455786,6.634170891758449,0.0],[125.035771306769817,6.634169778070018,0.0],[125.035770192929334,6.633898567443173,0.0]]],[[[125.034956487292064,6.633901907926174,0.0],[125.034685251986559,6.633903021124241,0.0],[125.034686365234364,6.634174231934762,0.0],[125.034957600688017,6.634173118690776,0.0],[125.034956487292064,6.633901907926174,0.0]]],[[[125.033872658594248,6.634177570777742,0.0],[125.034143894187523,6.6341764579782,0.0],[125.034415129734171,6.634175345030511,0.0],[125.034414016634514,6.63390413417416,0.0],[125.034142781235929,6.633905247075931,0.0],[125.033871545790888,6.633906359829553,0.0],[125.033872658594248,6.634177570777742,0.0]]],[[[125.036042542037308,6.634168664233528,0.0],[125.035771306769817,6.634169778070018,0.0],[125.035772420656841,6.634440988693755,0.0],[125.036043656072479,6.634439874811258,0.0],[125.036042542037308,6.634168664233528,0.0]]],[[[125.036044770154206,6.634711085385878,0.0],[125.036316005671537,6.634709971309403,0.0],[125.036314891441577,6.634438760780701,0.0],[125.036043656072479,6.634439874811258,0.0],[125.036044770154206,6.634711085385878,0.0]]],[[[125.040928119131038,6.634962219083982,0.0],[125.041199353957367,6.634961102294565,0.0],[125.041198237013859,6.634689892596932,0.0],[125.041197120116962,6.634418682896102,0.0],[125.040925885587015,6.634419799593325,0.0],[125.040927002335664,6.634691009340252,0.0],[125.040928119131038,6.634962219083982,0.0]]],[[[125.036588355566792,6.634980067564276,0.0],[125.036859591139105,6.634978953145496,0.0],[125.037130826664793,6.63497783857848,0.0],[125.037129711943848,6.634706628190821,0.0],[125.036858476566323,6.63470774271183,0.0],[125.036587241142158,6.63470885708469,0.0],[125.036588355566792,6.634980067564276,0.0]]],[[[125.040660234479603,6.635776965075633,0.0],[125.040931469797087,6.635775848296253,0.0],[125.04093035286175,6.635504638562026,0.0],[125.0406591176924,6.63550575529531,0.0],[125.040660234479603,6.635776965075633,0.0]]],[[[125.040388999115294,6.635778081706776,0.0],[125.040390115800975,6.636049291529997,0.0],[125.040661351313418,6.636048174852847,0.0],[125.040660234479603,6.635776965075633,0.0],[125.040388999115294,6.635778081706776,0.0]]],[[[125.039305173284788,6.636053756756941,0.0],[125.03930405719197,6.635782546749689,0.0],[125.039032821594517,6.635783662639914,0.0],[125.038761585950439,6.63578477838199,0.0],[125.038762701746961,6.636055988481346,0.0],[125.039033937539187,6.636054872693262,0.0],[125.039035053530498,6.636326082743413,0.0],[125.039306289424331,6.636324966761085,0.0],[125.039305173284788,6.636053756756941,0.0]]],[[[125.040390115800975,6.636049291529997,0.0],[125.040118880241891,6.636050408059,0.0],[125.040119996825965,6.636321617925121,0.0],[125.040391232533281,6.63632050135011,0.0],[125.040390115800975,6.636049291529997,0.0]]],[[[125.042835706276975,6.637124073704013,0.0],[125.04256447054523,6.637125191751001,0.0],[125.042565588649865,6.637396401189997,0.0],[125.042836824529928,6.637395283097001,0.0],[125.042835706276975,6.637124073704013,0.0]]],[[[125.043656126078574,6.638747974154744,0.0],[125.043384889597561,6.638749092922933,0.0],[125.043386008427305,6.63902030220481,0.0],[125.043657245056636,6.639019183390524,0.0],[125.043656126078574,6.638747974154744,0.0]]],[[[125.043657245056636,6.639019183390524,0.0],[125.043658364081338,6.639290392623107,0.0],[125.043929600812191,6.639289273614488,0.0],[125.043928481639171,6.639018064428002,0.0],[125.043657245056636,6.639019183390524,0.0]]],[[[125.043932958611563,6.640102901155207,0.0],[125.043931839298381,6.639831691978135,0.0],[125.043930720031923,6.639560482797866,0.0],[125.043659483152751,6.63956160185267,0.0],[125.043660602270975,6.639832811079036,0.0],[125.04366172143591,6.640104020302204,0.0],[125.043932958611563,6.640102901155207,0.0]]],[[[125.036344991993147,6.641761443951109,0.0],[125.036343876552522,6.641490233504208,0.0],[125.036342761158522,6.641219023054199,0.0],[125.036071522083404,6.64122013823317,0.0],[125.03607263732917,6.641491348729098,0.0],[125.036073752621377,6.641762559221918,0.0],[125.036344991993147,6.641761443951109,0.0]]],[[[125.043941914799888,6.642272574458716,0.0],[125.044213153115336,6.642271454794533,0.0],[125.044212033279919,6.642000245688693,0.0],[125.044210913491114,6.641729036579744,0.0],[125.043939675472402,6.641730156151735,0.0],[125.043940795112789,6.64200136530678,0.0],[125.043941914799888,6.642272574458716,0.0]]],[[[125.036618462635815,6.642302749324345,0.0],[125.036617346953776,6.642031538929669,0.0],[125.036346107480313,6.642032654394812,0.0],[125.036347223014019,6.642303864835406,0.0],[125.036618462635815,6.642302749324345,0.0]]],[[[125.036618462635815,6.642302749324345,0.0],[125.03661957836448,6.642573959715823,0.0],[125.03689081808804,6.642572844010517,0.0],[125.036889702211056,6.642301633664958,0.0],[125.036618462635815,6.642302749324345,0.0]]],[[[125.037434413615657,6.642841822405363,0.0],[125.03716317383693,6.642842938453328,0.0],[125.037164289955413,6.643114148746574,0.0],[125.037435529882558,6.64311303265269,0.0],[125.037434413615657,6.642841822405363,0.0]]],[[[125.042860318632506,6.643090679622152,0.0],[125.04258907963839,6.643091798682907,0.0],[125.042590198770739,6.643363008052625,0.0],[125.042861437913174,6.643361888945774,0.0],[125.042860318632506,6.643090679622152,0.0]]],[[[125.037437762555982,6.64365545313784,0.0],[125.03743887896259,6.643926663375752,0.0],[125.037710119288263,6.643925546995608,0.0],[125.037709002733322,6.643654336803615,0.0],[125.037707886224837,6.643383126608602,0.0],[125.037436646195999,6.643384242896819,0.0],[125.037437762555982,6.64365545313784,0.0]]],[[[125.042320078612136,6.643635336423857,0.0],[125.042048839227945,6.643636455280153,0.0],[125.042049958156895,6.643907664735758,0.0],[125.042321197689503,6.643906545833453,0.0],[125.042320078612136,6.643635336423857,0.0]]],[[[125.037981359567297,6.64392443046705,0.0],[125.037710119288263,6.643925546995608,0.0],[125.03771123588983,6.644196757184315,0.0],[125.037982476317282,6.644195640609838,0.0],[125.037981359567297,6.64392443046705,0.0]]],[[[125.037982476317282,6.644195640609838,0.0],[125.037983593113893,6.644466850749517,0.0],[125.038254833643038,6.644465733980618,0.0],[125.038253716698108,6.644194523886946,0.0],[125.037982476317282,6.644195640609838,0.0]]],[[[125.041511953947264,6.644994740254782,0.0],[125.041510835128364,6.644723530719596,0.0],[125.041509716355989,6.644452321181302,0.0],[125.041238476386582,6.644453439730644,0.0],[125.041239595010438,6.644724649315035,0.0],[125.04124071368102,6.644995858896228,0.0],[125.041511953947264,6.644994740254782,0.0]]],[[[125.038255950634607,6.644736944071181,0.0],[125.037984709957044,6.644738060886,0.0],[125.037985826846821,6.645009271019284,0.0],[125.038257067672802,6.645008154158547,0.0],[125.038255950634607,6.644736944071181,0.0]]],[[[125.038257067672802,6.645008154158547,0.0],[125.038258184757623,6.645279364242715,0.0],[125.038529425685383,6.645278247187556,0.0],[125.038528308452243,6.645007037149306,0.0],[125.038257067672802,6.645008154158547,0.0]]],[[[125.040702706970279,6.646082934395534,0.0],[125.040973947923533,6.646081815866709,0.0],[125.040972829214667,6.645810606252032,0.0],[125.040971710552441,6.645539396634246,0.0],[125.040700469896024,6.645540515070967,0.0],[125.040701588409831,6.645811724734849,0.0],[125.040702706970279,6.646082934395534,0.0]]],[[[125.047484839103063,6.646326135156575,0.0],[125.047483716785266,6.646054926651854,0.0],[125.047212476953874,6.646056048742541,0.0],[125.047213599123253,6.646327257293358,0.0],[125.047484839103063,6.646326135156575,0.0]]],[[[125.040704944231138,6.6466253537074,0.0],[125.040433702934337,6.646626472179915,0.0],[125.040434821486343,6.646897681877104,0.0],[125.040706062931562,6.646896563358582,0.0],[125.040704944231138,6.6466253537074,0.0]]],[[[125.045860763084505,6.647146492077636,0.0],[125.045859641516955,6.646875283305307,0.0],[125.045858519996131,6.646604074529958,0.0],[125.045587279587153,6.646605195822439,0.0],[125.045588400959474,6.646876404643973,0.0],[125.045589522378606,6.647147613462399,0.0],[125.045860763084505,6.647146492077636,0.0]]],[[[125.039895693501165,6.647713547817866,0.0],[125.040166935485061,6.64771242945815,0.0],[125.040165816941581,6.647441219724279,0.0],[125.039894575106089,6.647442338037988,0.0],[125.039895693501165,6.647713547817866,0.0]]],[[[125.039895693501165,6.647713547817866,0.0],[125.03962445147063,6.647714666029167,0.0],[125.039625569763828,6.647985875851856,0.0],[125.039896811942938,6.647984757594547,0.0],[125.039895693501165,6.647713547817866,0.0]]],[[[125.039352091295243,6.647444574220072,0.0],[125.039080849319873,6.647445692088447,0.0],[125.038809607297878,6.647446809808408,0.0],[125.038810725099111,6.647718019772229,0.0],[125.038539482882058,6.647719137389783,0.0],[125.038540600581413,6.647990347396502,0.0],[125.038541718327409,6.648261557400024,0.0],[125.038812960841454,6.648260439690543,0.0],[125.03881184294697,6.647989229733029,0.0],[125.039083085265887,6.647988111921053,0.0],[125.03908196726961,6.647716902006349,0.0],[125.039353209393397,6.647715784091965,0.0],[125.03962445147063,6.647714666029167,0.0],[125.039623333223986,6.647443456203281,0.0],[125.039352091295243,6.647444574220072,0.0]]],[[[125.04532501023229,6.648775987819886,0.0],[125.045053768542033,6.648777109184576,0.0],[125.045054889991718,6.649048318073256,0.0],[125.045326131830393,6.649047196662292,0.0],[125.04532501023229,6.648775987819886,0.0]]],[[[125.033120202873675,6.649097513159838,0.0],[125.033119087957601,6.648826302247177,0.0],[125.032847844168927,6.648827416930634,0.0],[125.032848958936498,6.649098627889214,0.0],[125.033120202873675,6.649097513159838,0.0]]],[[[125.032848958936498,6.649098627889214,0.0],[125.03257771495278,6.649099742470086,0.0],[125.032578829618288,6.649370953471299,0.0],[125.032850073750424,6.649369838844597,0.0],[125.032848958936498,6.649098627889214,0.0]]],[[[125.03827718233083,6.649889935192097,0.0],[125.038548425782437,6.649888817355163,0.0],[125.038547307756772,6.649617607370559,0.0],[125.038546189777634,6.649346397382758,0.0],[125.038274946623034,6.649347515127677,0.0],[125.038276064453569,6.649618725161486,0.0],[125.03827718233083,6.649889935192097,0.0]]],[[[125.032581059088685,6.64991337546422,0.0],[125.032852303517913,6.649912260745769,0.0],[125.032851188610891,6.649641049796782,0.0],[125.032579944330266,6.649642164469314,0.0],[125.032581059088685,6.64991337546422,0.0]]],[[[125.032581059088685,6.64991337546422,0.0],[125.032309814613001,6.649914490034168,0.0],[125.032310929269457,6.650185701071796,0.0],[125.032582173893644,6.650184586456018,0.0],[125.032581059088685,6.64991337546422,0.0]]],[[[125.044788133778241,6.650134275043116,0.0],[125.044516891251931,6.650135396341548,0.0],[125.044518012638392,6.6504066053067,0.0],[125.044789255313191,6.650405483962083,0.0],[125.044788133778241,6.650134275043116,0.0]]],[[[125.032582173893644,6.650184586456018,0.0],[125.032583288745045,6.650455797444619,0.0],[125.032854533471379,6.650454682634508,0.0],[125.032853418471376,6.650183471691737,0.0],[125.032582173893644,6.650184586456018,0.0]]],[[[125.038009292298355,6.650704683091466,0.0],[125.038280536242112,6.650703565265101,0.0],[125.038279418225059,6.650432355243905,0.0],[125.038278300254632,6.6501611452196,0.0],[125.038007056607881,6.650162262953949,0.0],[125.038008174429805,6.650433473024262,0.0],[125.037736930587926,6.650434590656116,0.0],[125.037738048307887,6.650705800769239,0.0],[125.038009292298355,6.650704683091466,0.0]]],[[[125.037466804270878,6.650706918298597,0.0],[125.037467921888975,6.65097812845453,0.0],[125.037739166074573,6.650977010879253,0.0],[125.037738048307887,6.650705800769239,0.0],[125.037466804270878,6.650706918298597,0.0]]],[[[125.043707647436335,6.651223595740761,0.0],[125.043706526355322,6.650952386646822,0.0],[125.043435283196459,6.65095350748953,0.0],[125.043436404128968,6.651224716629653,0.0],[125.043707647436335,6.651223595740761,0.0]]],[[[125.036112817184346,6.651254924485692,0.0],[125.03638406175142,6.651253807607103,0.0],[125.036382944680895,6.650982597270514,0.0],[125.03611170026241,6.650983714103185,0.0],[125.035840455797484,6.650984830787352,0.0],[125.035841572570817,6.651256041215778,0.0],[125.036112817184346,6.651254924485692,0.0]]],[[[125.032315388359976,6.651270545190777,0.0],[125.032314273517628,6.650999334165761,0.0],[125.032043028401304,6.651000448770614,0.0],[125.032044143095149,6.65127165984146,0.0],[125.032315388359976,6.651270545190777,0.0]]],[[[125.032046372622105,6.651814081973648,0.0],[125.032045257835364,6.651542870909108,0.0],[125.032044143095149,6.65127165984146,0.0],[125.031772897783867,6.651272774343551,0.0],[125.031774012375578,6.651543985457118,0.0],[125.031775127013731,6.651815196567488,0.0],[125.032046372622105,6.651814081973648,0.0]]],[[[125.035301316296341,6.651800695261554,0.0],[125.035300199726933,6.651529484747507,0.0],[125.035028954825108,6.651530601077913,0.0],[125.035030071245927,6.651801811637879,0.0],[125.035301316296341,6.651800695261554,0.0]]],[[[125.043712132228066,6.652308432085161,0.0],[125.04371101096001,6.652037223003835,0.0],[125.043439767206962,6.652038344030928,0.0],[125.043440888326415,6.65230955315844,0.0],[125.043712132228066,6.652308432085161,0.0]]],[[[125.043171886460044,6.652853092420838,0.0],[125.043170765395644,6.652581883253537,0.0],[125.042899521252053,6.652583004075816,0.0],[125.042900642167851,6.652854213289214,0.0],[125.043171886460044,6.652853092420838,0.0]]],[[[125.035575911733318,6.652613210122014,0.0],[125.035304666283835,6.652614326784598,0.0],[125.035305783039405,6.652885537286033,0.0],[125.035577028637476,6.652884420577441,0.0],[125.035575911733318,6.652613210122014,0.0]]],[[[125.042900642167851,6.652854213289214,0.0],[125.042629397828861,6.652855334008998,0.0],[125.042630518642795,6.653126543265206,0.0],[125.042901763130288,6.653125422499326,0.0],[125.042900642167851,6.652854213289214,0.0]]],[[[125.040460561061266,6.653135504043726,0.0],[125.040459441435985,6.652864294419012,0.0],[125.040188196676795,6.652865413801732,0.0],[125.040189316153487,6.653136623472453,0.0],[125.040460561061266,6.653135504043726,0.0]]],[[[125.042630518642795,6.653126543265206,0.0],[125.042359274108492,6.653127663882583,0.0],[125.042360394820548,6.653398873181779,0.0],[125.042631639503355,6.653397752518395,0.0],[125.042630518642795,6.653126543265206,0.0]]],[[[125.031780700901578,6.653171252072174,0.0],[125.031509454503876,6.653172366746571,0.0],[125.031510569272243,6.653443577883942,0.0],[125.031781815818618,6.653442463163626,0.0],[125.031780700901578,6.653171252072174,0.0]]],[[[125.04208915009103,6.653399993696572,0.0],[125.042090270701124,6.653671203038578,0.0],[125.042361515579245,6.653670082477778,0.0],[125.042360394820548,6.653398873181779,0.0],[125.04208915009103,6.653399993696572,0.0]]],[[[125.041277655997504,6.653945773306877,0.0],[125.04127653578648,6.653674563829779,0.0],[125.041005290721571,6.653675683796298,0.0],[125.041006410784021,6.653946893319493,0.0],[125.041277655997504,6.653945773306877,0.0]]],[[[125.031513913856145,6.654257211276868,0.0],[125.031785160848301,6.654256096419062,0.0],[125.03178404579198,6.653984885337114,0.0],[125.031782930782029,6.65371367425188,0.0],[125.031511684087064,6.653714789018026,0.0],[125.031512798948427,6.653986000149001,0.0],[125.031513913856145,6.654257211276868,0.0]]],[[[125.046974918066553,6.65419342722434,0.0],[125.0469737946881,6.653922218718731,0.0],[125.046702550456232,6.653923341851695,0.0],[125.046703673686096,6.654194550403401,0.0],[125.046974918066553,6.65419342722434,0.0]]],[[[125.045618695696149,6.654199041633899,0.0],[125.045617573060738,6.653927832897453,0.0],[125.045346328594832,6.653928955287456,0.0],[125.045347451081739,6.654200164069999,0.0],[125.045618695696149,6.654199041633899,0.0]]],[[[125.048059895120275,6.654188933022085,0.0],[125.047788650927032,6.654190056795515,0.0],[125.047789774798161,6.65446126515937,0.0],[125.048061019139993,6.654460141339755,0.0],[125.048059895120275,6.654188933022085,0.0]]],[[[125.045077328805547,6.654472495183037,0.0],[125.045348573615357,6.654471372849433,0.0],[125.045347451081739,6.654200164069999,0.0],[125.045076206420518,6.654201286357595,0.0],[125.044804961712487,6.65420240849651,0.0],[125.044806083948927,6.654473617368137,0.0],[125.045077328805547,6.654472495183037,0.0]]],[[[125.044263594095355,6.654475861292561,0.0],[125.044534839045497,6.654474739404646,0.0],[125.044533716957744,6.654203530486833,0.0],[125.044262472156191,6.654204652328652,0.0],[125.043991227307913,6.654205774021791,0.0],[125.043992349098488,6.654476983031796,0.0],[125.044263594095355,6.654475861292561,0.0]]],[[[125.041550021570714,6.654215862573651,0.0],[125.041278776255268,6.654216982780867,0.0],[125.041279896559729,6.654488192251748,0.0],[125.041551142023778,6.654487071998436,0.0],[125.041550021570714,6.654215862573651,0.0]]],[[[125.033956251403993,6.654518382919314,0.0],[125.034227498126313,6.654517266678259,0.0],[125.034498744802193,6.654516150288612,0.0],[125.034497628213146,6.654244939668428,0.0],[125.034226381685954,6.654246056012245,0.0],[125.033955135112222,6.654247172207381,0.0],[125.033956251403993,6.654518382919314,0.0]]],[[[125.03368388849195,6.654248288253926,0.0],[125.033412641825223,6.654249404151877,0.0],[125.033413757819716,6.654520614955648,0.0],[125.033685004635117,6.654519499011777,0.0],[125.03368388849195,6.654248288253926,0.0]]],[[[125.031787391100465,6.654798518573632,0.0],[125.031786275951148,6.65452730749799,0.0],[125.031515028810404,6.654528422401538,0.0],[125.031516143811032,6.654799633523099,0.0],[125.031787391100465,6.654798518573632,0.0]]],[[[125.042639486835739,6.655296217201809,0.0],[125.042638365648159,6.655025007970825,0.0],[125.042367120073621,6.655026128910611,0.0],[125.042368241112612,6.65529733818778,0.0],[125.042639486835739,6.655296217201809,0.0]]],[[[125.032876843233495,6.655878900827426,0.0],[125.032875727303747,6.655607689947716,0.0],[125.032604479754269,6.655608805629218,0.0],[125.032605595535415,6.655880016554758,0.0],[125.032876843233495,6.655878900827426,0.0]]],[[[125.041832474957261,6.656926835862884,0.0],[125.041831353935322,6.656655626512618,0.0],[125.041560107328806,6.656656747282939,0.0],[125.04156122820207,6.656927956679302,0.0],[125.041832474957261,6.656926835862884,0.0]]],[[[125.039395731682276,6.658021756886154,0.0],[125.039124483912346,6.65802287654865,0.0],[125.039125603680716,6.658294086343539,0.0],[125.03939685159942,6.658292966634947,0.0],[125.039395731682276,6.658021756886154,0.0]]],[[[125.046731769645433,6.660974763170899,0.0],[125.046460521501032,6.660975887355645,0.0],[125.046461645799113,6.661247095871468,0.0],[125.046732894092358,6.661245971640537,0.0],[125.046731769645433,6.660974763170899,0.0]]],[[[125.045105403631212,6.661252714794927,0.0],[125.045104280076984,6.660981506048356,0.0],[125.044833031651748,6.660982629340571,0.0],[125.044834155057302,6.661253838133327,0.0],[125.045105403631212,6.661252714794927,0.0]]],[[[125.047550013651673,6.662056223029542,0.0],[125.047548888617911,6.661785014707964,0.0],[125.047277640167636,6.661786139477486,0.0],[125.047278765052525,6.662057347845338,0.0],[125.047550013651673,6.662056223029542,0.0]]],[[[125.038327535051934,6.662094383305193,0.0],[125.03832641507698,6.661823173416601,0.0],[125.038055165038188,6.661824293128125,0.0],[125.038056284864382,6.662095503062724,0.0],[125.038327535051934,6.662094383305193,0.0]]],[[[125.045923645542686,6.662334178287996,0.0],[125.04565239651393,6.66233530225727,0.0],[125.045653520599728,6.662606510895839,0.0],[125.045924769777258,6.66260538688038,0.0],[125.045923645542686,6.662334178287996,0.0]]],[[[125.041584777325966,6.662623353273642,0.0],[125.041313527400604,6.662624474908516,0.0],[125.041314649152355,6.66289568428152,0.0],[125.04158589922649,6.662894562600461,0.0],[125.041584777325966,6.662623353273642,0.0]]],[[[125.040500898649739,6.662899048431723,0.0],[125.040499777344465,6.662627838920607,0.0],[125.040228527232401,6.662628959960402,0.0],[125.040229648388816,6.662900169517525,0.0],[125.040500898649739,6.662899048431723,0.0]]],[[[125.048097012502765,6.66313880583703,0.0],[125.048095886984157,6.662867597620434,0.0],[125.047824638032324,6.662868722872326,0.0],[125.047825763402173,6.663139931135107,0.0],[125.048097012502765,6.66313880583703,0.0]]],[[[125.045658017410659,6.663691345418141,0.0],[125.045656893137718,6.663420136792362,0.0],[125.045385643466986,6.663421260797429,0.0],[125.045386767591069,6.663692469469393,0.0],[125.045658017410659,6.663691345418141,0.0]]],[[[125.037790633716014,6.66345267252709,0.0],[125.037519382691173,6.663453792216942,0.0],[125.037520502499319,6.663725002224461,0.0],[125.037791753673019,6.66372388248869,0.0],[125.037790633716014,6.66345267252709,0.0]]],[[[125.045659141730312,6.663962554040812,0.0],[125.04593039165195,6.663961429794605,0.0],[125.045929267183439,6.66369022121803,0.0],[125.045658017410659,6.663691345418141,0.0],[125.045659141730312,6.663962554040812,0.0]]],[[[125.039420380632805,6.663988370631277,0.0],[125.039419259736192,6.663717160948743,0.0],[125.039148008842261,6.6637182815774,0.0],[125.039149129590029,6.663989491305942,0.0],[125.039420380632805,6.663988370631277,0.0]]],[[[125.045387891761962,6.663963678138249,0.0],[125.045386767591069,6.663692469469393,0.0],[125.045115517724767,6.663693593371787,0.0],[125.045116641746802,6.663964802086828,0.0],[125.045117765815647,6.664236010798583,0.0],[125.045389015979566,6.664234886803908,0.0],[125.045387891761962,6.663963678138249,0.0]]],[[[125.038335376181806,6.663992852437137,0.0],[125.038064124952513,6.663993972516544,0.0],[125.038065245151643,6.664265182425919,0.0],[125.038336496529709,6.664264062300504,0.0],[125.038335376181806,6.663992852437137,0.0]]],[[[125.035082595525253,6.664548704394666,0.0],[125.035353847564664,6.664547585860423,0.0],[125.035625099557521,6.664546467177321,0.0],[125.035623980651494,6.664275256857608,0.0],[125.035352728807482,6.664276375494791,0.0],[125.035081476916844,6.664277493983115,0.0],[125.035082595525253,6.664548704394666,0.0]]],[[[125.039423743602441,6.664801999659873,0.0],[125.039422622565937,6.664530789986842,0.0],[125.039421501576058,6.664259580310614,0.0],[125.039150250384409,6.664260701031286,0.0],[125.039151371225429,6.664531910753522,0.0],[125.039152492113175,6.66480312047256,0.0],[125.039423743602441,6.664801999659873,0.0]]],[[[125.044033888212155,6.664511714182528,0.0],[125.043762637665409,6.664512837479273,0.0],[125.043763761083568,6.664784046415382,0.0],[125.044035011779073,6.664782923072452,0.0],[125.044033888212155,6.664511714182528,0.0]]],[[[125.042950008716574,6.66478741555093,0.0],[125.042948885744991,6.664516206476532,0.0],[125.042677635011472,6.66451732917793,0.0],[125.042678757834196,6.664788538298425,0.0],[125.042950008716574,6.66478741555093,0.0]]],[[[125.035897470605292,6.664816558616047,0.0],[125.036168722653841,6.664815439589309,0.0],[125.036439974655863,6.664814320413801,0.0],[125.036441094101548,6.665085530589452,0.0],[125.036712346205888,6.665084411219078,0.0],[125.036711226611246,6.664813201089435,0.0],[125.036710107063229,6.664541990956594,0.0],[125.036438855256705,6.664543110235042,0.0],[125.036167603403555,6.664544229364631,0.0],[125.036166484199711,6.664273019136755,0.0],[125.035895232448865,6.664274138071566,0.0],[125.035896351503766,6.664545348345361,0.0],[125.035625099557521,6.664546467177321,0.0],[125.035626218510103,6.664817677493926,0.0],[125.035897470605292,6.664816558616047,0.0]]],[[[125.034812461945393,6.6648210332345,0.0],[125.034811343439301,6.664549822780139,0.0],[125.034540091306809,6.664550941016754,0.0],[125.034541209664042,6.664822151517034,0.0],[125.034812461945393,6.6648210332345,0.0]]],[[[125.038881240577183,6.664804241136477,0.0],[125.038609988994565,6.664805361651536,0.0],[125.038611109631219,6.665076571459392,0.0],[125.03888236136261,6.665075450898326,0.0],[125.038881240577183,6.664804241136477,0.0]]],[[[125.035354966368459,6.664818796222947,0.0],[125.035356085218723,6.665090006582273,0.0],[125.035627337509311,6.665088887807333,0.0],[125.035626218510103,6.664817677493926,0.0],[125.035354966368459,6.664818796222947,0.0]]],[[[125.034543446518029,6.665364572508001,0.0],[125.034542328067815,6.665093362014116,0.0],[125.034271075591064,6.66509448019371,0.0],[125.034272193892434,6.665365690733513,0.0],[125.034543446518029,6.665364572508001,0.0]]],[[[125.038614471820765,6.665890200864042,0.0],[125.038613351044319,6.665618991065601,0.0],[125.038342098968499,6.665620111569823,0.0],[125.038343219596086,6.665891321414184,0.0],[125.038614471820765,6.665890200864042,0.0]]],[[[125.032379011204924,6.666729568401295,0.0],[125.032377893713132,6.666458357556135,0.0],[125.032106640119949,6.666459474774276,0.0],[125.032107757462882,6.666730685665176,0.0],[125.032379011204924,6.666729568401295,0.0]]],[[[125.03183538648031,6.666460591843468,0.0],[125.031564132794216,6.666461708763802,0.0],[125.031565249839247,6.666732919746452,0.0],[125.031836503674285,6.666731802780288,0.0],[125.03183538648031,6.666460591843468,0.0]]],[[[125.046756518290692,6.666941348772846,0.0],[125.047027769662634,6.666940223423432,0.0],[125.0470266440838,6.666669015066415,0.0],[125.046755392860717,6.666670140369644,0.0],[125.046484141590923,6.666671265523925,0.0],[125.04648526687194,6.666942473973401,0.0],[125.046756518290692,6.666941348772846,0.0]]],[[[125.03319389013717,6.666997426420527,0.0],[125.033465143842079,6.666996308515203,0.0],[125.033736397500647,6.66699519046102,0.0],[125.033735279217836,6.666723979848386,0.0],[125.033464025708227,6.666725097856738,0.0],[125.033192772152177,6.666726215716143,0.0],[125.03319389013717,6.666997426420527,0.0]]],[[[125.047304491540231,6.668256893015099,0.0],[125.047575307000415,6.668150632822543,0.0],[125.047574776240893,6.668022805305172,0.0],[125.047573650176844,6.667751597053138,0.0],[125.047302398451862,6.667752722838824,0.0],[125.047303524366953,6.668023931137133,0.0],[125.047304491540231,6.668256893015099,0.0]]],[[[125.04242210591643,6.668315379774801,0.0],[125.042693358781136,6.668314256577088,0.0],[125.042964611599203,6.668313133230428,0.0],[125.042963488020206,6.668041924197152,0.0],[125.042692235351069,6.668043047497716,0.0],[125.042420982635235,6.668044170649332,0.0],[125.04242210591643,6.668315379774801,0.0]]],[[[125.032655853801231,6.668084504937331,0.0],[125.03238459936108,6.668085622579398,0.0],[125.032113344874389,6.668086740072607,0.0],[125.031842090341243,6.668087857416869,0.0],[125.031843207814106,6.66835906833477,0.0],[125.03157195308556,6.668360185575914,0.0],[125.031300698310574,6.6683613026682,0.0],[125.03130181553199,6.668632513674564,0.0],[125.031302932799875,6.668903724677731,0.0],[125.031574187872764,6.668902607493874,0.0],[125.031845442899211,6.668901490160981,0.0],[125.031844325333438,6.668630279249474,0.0],[125.032115580164387,6.668629161813464,0.0],[125.03211446249621,6.66835795094459,0.0],[125.03238571713176,6.66835683340564,0.0],[125.032656971720854,6.668355715717653,0.0],[125.032655853801231,6.668084504937331,0.0]]],[[[125.044321999358829,6.668578723063132,0.0],[125.044320874988358,6.668307514263536,0.0],[125.04404962240406,6.668308638354667,0.0],[125.043778369772937,6.668309762297029,0.0],[125.043779493845506,6.668580971188818,0.0],[125.044050746625572,6.668579847200449,0.0],[125.04405187089381,6.668851056043033,0.0],[125.04432312377601,6.668849931859531,0.0],[125.044321999358829,6.668578723063132,0.0]]],[[[125.033201717334009,6.668895901262659,0.0],[125.033200599023502,6.66862469058048,0.0],[125.033199480759535,6.668353479895015,0.0],[125.032928226263422,6.668354597880808,0.0],[125.032656971720854,6.668355715717653,0.0],[125.032658089686933,6.668626926494778,0.0],[125.03292934437853,6.668625808612103,0.0],[125.032930462540008,6.668897019340201,0.0],[125.033201717334009,6.668895901262659,0.0]]],[[[125.039439443011688,6.668598934750567,0.0],[125.039168189437859,6.668600056207361,0.0],[125.03916931102512,6.668871265879059,0.0],[125.039440564747991,6.668870144376258,0.0],[125.039439443011688,6.668598934750567,0.0]]],[[[125.038083174676004,6.668604540545418,0.0],[125.037811920869032,6.668605661257652,0.0],[125.037813041711559,6.668876871159211,0.0],[125.038084295667559,6.668875750401058,0.0],[125.038083174676004,6.668604540545418,0.0]]],[[[125.045409259896957,6.669116642245307,0.0],[125.045408134837274,6.668845433636581,0.0],[125.045136882142117,6.668846558415695,0.0],[125.044865629400164,6.668847683045951,0.0],[125.044594376611485,6.66884880752717,0.0],[125.044595501224336,6.669120016274364,0.0],[125.044866754161959,6.669118891746959,0.0],[125.045138007052856,6.669117767070607,0.0],[125.045409259896957,6.669116642245307,0.0]]],[[[125.037270533659836,6.668879112228852,0.0],[125.036999279564114,6.668880232540251,0.0],[125.037000400006434,6.669151442576546,0.0],[125.0372716542511,6.66915032221914,0.0],[125.037270533659836,6.668879112228852,0.0]]],[[[125.033202835690972,6.669167111941818,0.0],[125.033474090587475,6.669165993669499,0.0],[125.033472972081469,6.668894783036259,0.0],[125.033201717334009,6.668895901262659,0.0],[125.033202835690972,6.669167111941818,0.0]]],[[[125.032660325758613,6.669169348039614,0.0],[125.032659207699552,6.668898137268795,0.0],[125.032387952812556,6.668899255048442,0.0],[125.032389070722672,6.669170465865091,0.0],[125.032660325758613,6.669169348039614,0.0]]],[[[125.045683888601005,6.669929142939943,0.0],[125.045682763252032,6.669657934386817,0.0],[125.045681637949784,6.669386725830582,0.0],[125.045680512694332,6.669115517271149,0.0],[125.045409259896957,6.669116642245307,0.0],[125.04541038500345,6.669387850850925,0.0],[125.045411510156754,6.669659059453346,0.0],[125.045412635356868,6.669930268052657,0.0],[125.045683888601005,6.669929142939943,0.0]]],[[[125.03429233127423,6.670247479909528,0.0],[125.03429121213523,6.669976269426656,0.0],[125.034290093042856,6.669705058940587,0.0],[125.034018837988086,6.669706177751498,0.0],[125.033747582886775,6.669707296413372,0.0],[125.033748701681162,6.669978506991279,0.0],[125.034019956931516,6.669977388283397,0.0],[125.034021075921473,6.670248598812276,0.0],[125.03429233127423,6.670247479909528,0.0]]],[[[125.045955141798501,6.66992801767837,0.0],[125.045683888601005,6.669929142939943,0.0],[125.045685013996874,6.670200351489961,0.0],[125.045956267343229,6.670199226182203,0.0],[125.045955141798501,6.66992801767837,0.0]]],[[[125.036462372420658,6.670238523325698,0.0],[125.03619111744031,6.670239643420026,0.0],[125.036192237668672,6.670510853578357,0.0],[125.036463492797964,6.67050973343811,0.0],[125.036462372420658,6.670238523325698,0.0]]],[[[125.045957392934852,6.670470434682838,0.0],[125.04622864638344,6.670469309179947,0.0],[125.046499899785132,6.670468183528198,0.0],[125.046501025721554,6.670739391933265,0.0],[125.046772279225479,6.670738266086382,0.0],[125.046771153140114,6.670467057727412,0.0],[125.046770027101559,6.670195849365244,0.0],[125.046498773895621,6.670196975119844,0.0],[125.046227520642873,6.670198100725497,0.0],[125.045956267343229,6.670199226182203,0.0],[125.045957392934852,6.670470434682838,0.0]]],[[[125.035107216685645,6.670515332649871,0.0],[125.035378472001284,6.670514213105414,0.0],[125.035379591829155,6.670785423398393,0.0],[125.035650847247197,6.67078430365907,0.0],[125.035649727270282,6.670513093412009,0.0],[125.03592098249274,6.670511973569657,0.0],[125.035919862413422,6.670240763365407,0.0],[125.035648607339908,6.67024188316184,0.0],[125.035377352219854,6.670243002809326,0.0],[125.035106097053259,6.670244122307776,0.0],[125.034834841840123,6.670245241657367,0.0],[125.034563586580447,6.670246360857921,0.0],[125.03456470591486,6.670517571291765,0.0],[125.034835961323566,6.670516452045292,0.0],[125.035107216685645,6.670515332649871,0.0]]],[[[125.047312084289146,6.67008546025317,0.0],[125.047312533373116,6.6701935974092,0.0],[125.047313659709559,6.670464805678997,0.0],[125.047314786092812,6.670736013945597,0.0],[125.047315912522961,6.671007222209,0.0],[125.047587166035413,6.671006095869001,0.0],[125.047586898832449,6.670941771484427,0.0],[125.047312084289146,6.67008546025317,0.0]]],[[[125.034293450459685,6.670518690389291,0.0],[125.034294569691596,6.670789900865945,0.0],[125.034565825295886,6.670788781722501,0.0],[125.03456470591486,6.670517571291765,0.0],[125.034293450459685,6.670518690389291,0.0]]],[[[125.034023314040951,6.670791019860354,0.0],[125.034024433170444,6.67106223037973,0.0],[125.034295688970133,6.671061111339402,0.0],[125.034294569691596,6.670789900865945,0.0],[125.034023314040951,6.670791019860354,0.0]]],[[[125.047044658963699,6.671008348400052,0.0],[125.047043532682594,6.670737140090464,0.0],[125.046772279225479,6.670738266086382,0.0],[125.046773405357641,6.671009474442156,0.0],[125.046774531536613,6.67128068279482,0.0],[125.047045785291715,6.671279556706531,0.0],[125.047044658963699,6.671008348400052,0.0]]],[[[125.047587166035413,6.671006095869001,0.0],[125.047588292661402,6.67127730408311,0.0],[125.047694439694169,6.671276863264795,0.0],[125.0476075152921,6.671006011365752,0.0],[125.047587166035413,6.671006095869001,0.0]]],[[[125.035924343010208,6.671325604163578,0.0],[125.035923222791183,6.671054393968743,0.0],[125.035651967270738,6.671055513902933,0.0],[125.035653087340734,6.671326724143687,0.0],[125.035924343010208,6.671325604163578,0.0]]],[[[125.041349446611676,6.671303173274965,0.0],[125.041078191874774,6.671304296234735,0.0],[125.041079314971512,6.671575505552494,0.0],[125.041350569857443,6.671574382546717,0.0],[125.041349446611676,6.671303173274965,0.0]]],[[[125.035925463275774,6.671596814355216,0.0],[125.036196719047666,6.671595694180152,0.0],[125.036195598633057,6.671324484034433,0.0],[125.035924343010208,6.671325604163578,0.0],[125.035925463275774,6.671596814355216,0.0]]],[[[125.03457030328515,6.671873623413647,0.0],[125.034841559438789,6.671872503937668,0.0],[125.035112815545958,6.671871384312653,0.0],[125.035111695680783,6.671600173986456,0.0],[125.034840439722643,6.671601293565552,0.0],[125.034569183717963,6.671602412995612,0.0],[125.03457030328515,6.671873623413647,0.0]]],[[[125.047861799966483,6.671818593874144,0.0],[125.047868288907679,6.671818566921126,0.0],[125.047861714739099,6.671798082242995,0.0],[125.047861799966483,6.671818593874144,0.0]]],[[[125.047049164556583,6.672093181606962,0.0],[125.04704803808815,6.671821973309986,0.0],[125.047046911666527,6.671550765009902,0.0],[125.046775657762396,6.671551891144287,0.0],[125.046776784034975,6.671823099490557,0.0],[125.046777910354464,6.672094307833718,0.0],[125.046779036720665,6.67236551617377,0.0],[125.047050291071812,6.67236438990074,0.0],[125.047049164556583,6.672093181606962,0.0]]],[[[125.034301286060753,6.672417163659081,0.0],[125.034300166549514,6.672145953201434,0.0],[125.034028910153765,6.672147072425347,0.0],[125.034030029515961,6.672418282928914,0.0],[125.034301286060753,6.672417163659081,0.0]]],[[[125.047051417633952,6.67263559819141,0.0],[125.047322672087247,6.672634471723247,0.0],[125.047321545376164,6.672363263478762,0.0],[125.047050291071812,6.67236438990074,0.0],[125.047051417633952,6.67263559819141,0.0]]],[[[125.041627442370796,6.672929305473105,0.0],[125.041626318742587,6.672658096263171,0.0],[125.041625195161089,6.672386887050128,0.0],[125.041353939874767,6.672388010343053,0.0],[125.041355063307222,6.672659219602193,0.0],[125.041356186786487,6.672930428858135,0.0],[125.041627442370796,6.672929305473105,0.0]]],[[[125.047057051146624,6.673991639597152,0.0],[125.047328306345193,6.673990512898063,0.0],[125.0473271794,6.673719304669388,0.0],[125.047326052501504,6.673448096437604,0.0],[125.047324925649917,6.673176888202623,0.0],[125.047323798845227,6.672905679964534,0.0],[125.047052544242803,6.672906806478882,0.0],[125.047053670898549,6.673178014763246,0.0],[125.047054797601106,6.673449223044323,0.0],[125.04705592435046,6.673720431322292,0.0],[125.047057051146624,6.673991639597152,0.0]]],[[[125.041630813535662,6.673742933083813,0.0],[125.041629689767376,6.673471723883382,0.0],[125.041358433884909,6.673472847360604,0.0],[125.041359557504236,6.673744056607043,0.0],[125.041630813535662,6.673742933083813,0.0]]],[[[125.03294947840071,6.673507601234516,0.0],[125.032678221027169,6.673508719942753,0.0],[125.032679339876722,6.673779930659749,0.0],[125.032950597399292,6.673778811905682,0.0],[125.033221854875336,6.673777693002578,0.0],[125.03322073572771,6.673506482377243,0.0],[125.03294947840071,6.673507601234516,0.0]]],[[[125.031864448627758,6.673512075173247,0.0],[125.031593191068225,6.673513193285339,0.0],[125.031594309321534,6.673784404185743,0.0],[125.03186556703001,6.673783286027821,0.0],[125.031864448627758,6.673512075173247,0.0]]],[[[125.037291832862323,6.674032101504754,0.0],[125.037290711432263,6.67376089157131,0.0],[125.037289590048744,6.673489681634757,0.0],[125.037018333420022,6.673490802727486,0.0],[125.037019454654427,6.673762012709958,0.0],[125.037020575935443,6.674033222689411,0.0],[125.037291832862323,6.674032101504754,0.0]]],[[[125.041903193484558,6.674013018562683,0.0],[125.041902069520532,6.673741809411546,0.0],[125.041630813535662,6.673742933083813,0.0],[125.041631937350743,6.674014142281046,0.0],[125.041903193484558,6.674013018562683,0.0]]],[[[125.032409201054477,6.674052260024586,0.0],[125.032680458772631,6.674051141373725,0.0],[125.032679339876722,6.673779930659749,0.0],[125.032408082307597,6.673781049264869,0.0],[125.032136824692031,6.673782167720863,0.0],[125.032137943289868,6.674053378526499,0.0],[125.032409201054477,6.674052260024586,0.0]]],[[[125.042175573731541,6.674283103797305,0.0],[125.04217444957176,6.674011894695373,0.0],[125.041903193484558,6.674013018562683,0.0],[125.041904317495309,6.674284227710712,0.0],[125.042175573731541,6.674283103797305,0.0]]],[[[125.042446829921047,6.674281979734862,0.0],[125.042175573731541,6.674283103797305,0.0],[125.042176697938132,6.674554312896039,0.0],[125.042177822191448,6.674825521991665,0.0],[125.042449078679027,6.674824397837029,0.0],[125.042447954276682,6.6745531887875,0.0],[125.042446829921047,6.674281979734862,0.0]]],[[[125.042992716261452,6.675093358034876,0.0],[125.04272145971818,6.675094482533681,0.0],[125.042722584363005,6.675365691530808,0.0],[125.042993841055392,6.675364566985906,0.0],[125.042992716261452,6.675093358034876,0.0]]],[[[125.042729333213543,6.676992945447044,0.0],[125.042728208288239,6.676721736468925,0.0],[125.042456950803583,6.676722861095183,0.0],[125.042458075579773,6.6769940701194,0.0],[125.042729333213543,6.676992945447044,0.0]]],[[[125.032431585755504,6.679476474555366,0.0],[125.032430466078793,6.679205263858887,0.0],[125.032159205480724,6.679206383231926,0.0],[125.032160325008306,6.679477593974235,0.0],[125.032431585755504,6.679476474555366,0.0]]],[[[125.047080724682999,6.679687012636824,0.0],[125.047351983013201,6.679685884967754,0.0],[125.047350855084517,6.679414676805693,0.0],[125.047079596903529,6.679415804428488,0.0],[125.047080724682999,6.679687012636824,0.0]]],[[[125.046809466306001,6.679688140156679,0.0],[125.046810593983153,6.679959348407913,0.0],[125.047081852509365,6.679958220841873,0.0],[125.047080724682999,6.679687012636824,0.0],[125.046809466306001,6.679688140156679,0.0]]],[[[125.032975227132042,6.679745445871785,0.0],[125.032703966328626,6.679746565634823,0.0],[125.032705086247447,6.680017776279077,0.0],[125.032976347200076,6.680016656470209,0.0],[125.032975227132042,6.679745445871785,0.0]]],[[[125.032976347200076,6.680016656470209,0.0],[125.032977467314751,6.680287867065435,0.0],[125.033248728370054,6.680286747061435,0.0],[125.033247608106166,6.680015536512038,0.0],[125.032976347200076,6.680016656470209,0.0]]],[[[125.041929057549325,6.68025082816611,0.0],[125.041657797985437,6.680251952943892,0.0],[125.041658922921229,6.680523162065186,0.0],[125.041930182634417,6.680522037241308,0.0],[125.041929057549325,6.68025082816611,0.0]]],[[[125.038675062995694,6.680535525281237,0.0],[125.038403802722513,6.680536648314903,0.0],[125.038404925914449,6.680807857985269,0.0],[125.038676186336843,6.680806734905684,0.0],[125.038675062995694,6.680535525281237,0.0]]],[[[125.034064752819305,6.680825806968458,0.0],[125.034063632014877,6.680554596563035,0.0],[125.033792370949897,6.680555717060419,0.0],[125.03379349160511,6.68082692751176,0.0],[125.034064752819305,6.680825806968458,0.0]]],[[[125.037862404929868,6.680810103696886,0.0],[125.037591144367596,6.680811226328918,0.0],[125.037319883758769,6.680812348811735,0.0],[125.037048623103317,6.680813471145428,0.0],[125.037049745595823,6.681084681042457,0.0],[125.03732100640039,6.681083558662846,0.0],[125.037592267158516,6.681082436134109,0.0],[125.037863527870016,6.68108131345607,0.0],[125.037862404929868,6.680810103696886,0.0]]],[[[125.036507223846613,6.681086925354038,0.0],[125.036778484744531,6.681085803272855,0.0],[125.036777362401239,6.680814593329818,0.0],[125.03650610165262,6.680815715365083,0.0],[125.036234840857375,6.680816837251133,0.0],[125.03623596290214,6.681088047286008,0.0],[125.036507223846613,6.681086925354038,0.0]]],[[[125.035422179789421,6.68109141218681,0.0],[125.035693440873601,6.681090290702394,0.0],[125.035964701911141,6.681089169068852,0.0],[125.03596358001559,6.68081795898797,0.0],[125.035692319127264,6.680819080575593,0.0],[125.035421058192298,6.680820202014091,0.0],[125.035422179789421,6.68109141218681,0.0]]],[[[125.034064752819305,6.680825806968458,0.0],[125.034065873670272,6.681097017370772,0.0],[125.03433713498724,6.681095896632336,0.0],[125.034336013986973,6.68082468627603,0.0],[125.034064752819305,6.680825806968458,0.0]]],[[[125.039492215041719,6.681345783734991,0.0],[125.039491091159576,6.681074574254873,0.0],[125.039489967324144,6.680803364771646,0.0],[125.039218707041641,6.680804488298873,0.0],[125.038947446712598,6.680805611676885,0.0],[125.038948570249602,6.681076821252128,0.0],[125.039219830727944,6.681075697828107,0.0],[125.039220954460788,6.681346907354144,0.0],[125.039492215041719,6.681345783734991,0.0]]],[[[125.033253209890276,6.681371589227401,0.0],[125.032981948238117,6.68137270941481,0.0],[125.03298306858521,6.681643919994227,0.0],[125.033254330386683,6.681642799760898,0.0],[125.033253209890276,6.681371589227401,0.0]]],[[[125.046277097505225,6.682131269727685,0.0],[125.046005837644785,6.682132397215477,0.0],[125.046006965295646,6.682403605576757,0.0],[125.046278225305301,6.682402478042868,0.0],[125.046277097505225,6.682131269727685,0.0]]],[[[125.033530075189049,6.682726521297409,0.0],[125.03352895435745,6.682455310822442,0.0],[125.033257692154706,6.682456431342563,0.0],[125.03325881283709,6.682727641863448,0.0],[125.033530075189049,6.682726521297409,0.0]]],[[[125.046552869396862,6.683214975147576,0.0],[125.046824129760722,6.683213847176614,0.0],[125.047095390077686,6.683212719056439,0.0],[125.047094261689452,6.682941510889315,0.0],[125.046823001521702,6.682942638963305,0.0],[125.046551741307141,6.682943766888081,0.0],[125.046552869396862,6.683214975147576,0.0]]],[[[125.042755219390216,6.683230751069922,0.0],[125.042754093390215,6.682959542164633,0.0],[125.042482832474079,6.682960667850844,0.0],[125.04248395832478,6.68323187680214,0.0],[125.042755219390216,6.683230751069922,0.0]]],[[[125.033531196067287,6.682997731769267,0.0],[125.033259933566029,6.682998852381226,0.0],[125.033261054341409,6.683270062895805,0.0],[125.033532316991966,6.683268942238016,0.0],[125.033531196067287,6.682997731769267,0.0]]],[[[125.033534558980875,6.683811363165835,0.0],[125.033263296031791,6.683812483915372,0.0],[125.033264416946707,6.68408369442036,0.0],[125.033535680045091,6.684082573624992,0.0],[125.033534558980875,6.683811363165835,0.0]]],[[[125.033537922313158,6.684624994533803,0.0],[125.033536801155861,6.684353784081041,0.0],[125.033265537908164,6.684354904922238,0.0],[125.033266658916162,6.684626115421008,0.0],[125.033537922313158,6.684624994533803,0.0]]],[[[125.046830900177738,6.684841096389769,0.0],[125.046829771657883,6.684569888195555,0.0],[125.046558510547598,6.684571016397354,0.0],[125.046559638918154,6.684842224637753,0.0],[125.046830900177738,6.684841096389769,0.0]]],[[[125.033537922313158,6.684624994533803,0.0],[125.03353904351691,6.684896204983546,0.0],[125.033810307016665,6.684895083901208,0.0],[125.033809185663515,6.684623873497384,0.0],[125.033537922313158,6.684624994533803,0.0]]],[[[125.033811428416257,6.685166294301834,0.0],[125.033540164767203,6.685167415430002,0.0],[125.033541286064036,6.68543862587335,0.0],[125.033812549862475,6.685437504699263,0.0],[125.033811428416257,6.685166294301834,0.0]]],[[[125.034083813614302,6.685436383375873,0.0],[125.033812549862475,6.685437504699263,0.0],[125.033813671355162,6.685708715093583,0.0],[125.033814792894376,6.685979925484618,0.0],[125.034086056944886,6.685978804069479,0.0],[125.034084935256274,6.685707593724275,0.0],[125.034083813614302,6.685436383375873,0.0]]],[[[125.046295147922478,6.686470602389591,0.0],[125.046566410124868,6.686469474013887,0.0],[125.046565281473377,6.686198265792407,0.0],[125.046564152868697,6.685927057567818,0.0],[125.046563024310828,6.68565584934012,0.0],[125.046561895799854,6.685384641109136,0.0],[125.046290634194776,6.685385769300187,0.0],[125.046291762556535,6.685656977577357,0.0],[125.046292890965006,6.68592818585124,0.0],[125.046294019420387,6.686199394122014,0.0],[125.046295147922478,6.686470602389591,0.0]]],[[[125.035445744084385,6.686786825082067,0.0],[125.035174479818579,6.686787947381565,0.0],[125.03517560229065,6.687059157530482,0.0],[125.035446866705854,6.687058035185154,0.0],[125.035445744084385,6.686786825082067,0.0]]],[[[125.031919304998667,6.686801403327522,0.0],[125.031648040128104,6.68680252368564,0.0],[125.031649160658517,6.687073734430968,0.0],[125.031920425678479,6.687072614027021,0.0],[125.031919304998667,6.686801403327522,0.0]]],[[[125.046299662399178,6.687555435428192,0.0],[125.046298533709859,6.687284227173316,0.0],[125.046027271012576,6.687285355538184,0.0],[125.046028399552597,6.687556563839334,0.0],[125.046299662399178,6.687555435428192,0.0]]],[[[125.035990518363405,6.687327000054286,0.0],[125.035719253891898,6.687328122744316,0.0],[125.035720376755918,6.687599332795089,0.0],[125.035991641376739,6.68759821005914,0.0],[125.035990518363405,6.687327000054286,0.0]]],[[[125.0359927644366,6.687869420060797,0.0],[125.036264029160264,6.687868297129538,0.0],[125.036262905951006,6.687597087173889,0.0],[125.035991641376739,6.68759821005914,0.0],[125.0359927644366,6.687869420060797,0.0]]],[[[125.03735021144233,6.688135013679894,0.0],[125.037349087588879,6.687863803911118,0.0],[125.037077823051646,6.687864927439766,0.0],[125.037078946755628,6.688136137254461,0.0],[125.03735021144233,6.688135013679894,0.0]]],[[[125.034366297327168,6.688147364785544,0.0],[125.034365175117017,6.687876154511572,0.0],[125.034093910067483,6.687877276397356,0.0],[125.03409503212832,6.688148486717247,0.0],[125.034366297327168,6.688147364785544,0.0]]],[[[125.041697198527999,6.689744270302165,0.0],[125.041696072004243,6.689473061288607,0.0],[125.041424807317085,6.6894741874833,0.0],[125.041425933691372,6.689745396542777,0.0],[125.041697198527999,6.689744270302165,0.0]]],[[[125.038174126034804,6.690572528594516,0.0],[125.037902860143177,6.69057365303106,0.0],[125.037903984761627,6.690844862676113,0.0],[125.038175250802539,6.69084373819365,0.0],[125.038174126034804,6.690572528594516,0.0]]],[[[125.034105132769355,6.690589379453358,0.0],[125.033833866179194,6.690590501648672,0.0],[125.033834988555782,6.690861711982685,0.0],[125.034106255295427,6.690860589741541,0.0],[125.034105132769355,6.690589379453358,0.0]]],[[[125.04306705290638,6.69299314200734,0.0],[125.043338319256122,6.692992014317132,0.0],[125.043337191274944,6.692720805618166,0.0],[125.043065925074686,6.692721933262278,0.0],[125.04306705290638,6.69299314200734,0.0]]],[[[125.042795786509828,6.692994269548067,0.0],[125.042796914238764,6.693265478336028,0.0],[125.043068180784786,6.693264350749204,0.0],[125.04306705290638,6.69299314200734,0.0],[125.042795786509828,6.692994269548067,0.0]]],[[[125.042526775272194,6.693537814604231,0.0],[125.042525647646016,6.693266605773371,0.0],[125.042254381006472,6.693267733061234,0.0],[125.042255508483166,6.693538941938191,0.0],[125.042526775272194,6.693537814604231,0.0]]],[[[125.031947335937929,6.693581669863655,0.0],[125.031946214142465,6.693310459240274,0.0],[125.031674945685523,6.693311580698578,0.0],[125.031676067331318,6.693582791367789,0.0],[125.031947335937929,6.693581669863655,0.0]]],[[[125.041984241647498,6.69354006912267,0.0],[125.041985369021333,6.693811278042525,0.0],[125.04225663600657,6.69381015081195,0.0],[125.042255508483166,6.693538941938191,0.0],[125.041984241647498,6.69354006912267,0.0]]],[[[125.041714101989385,6.693812405123531,0.0],[125.041715229260461,6.694083614086286,0.0],[125.041986496441979,6.694082486959094,0.0],[125.041985369021333,6.693811278042525,0.0],[125.041714101989385,6.693812405123531,0.0]]],[[[125.036561143945121,6.694105001098358,0.0],[125.036560019514894,6.693833791261636,0.0],[125.036288751550003,6.693834915352945,0.0],[125.036289875830661,6.694106125235675,0.0],[125.036561143945121,6.694105001098358,0.0]]],[[[125.036018607669575,6.694107249223511,0.0],[125.036017483538387,6.693836039294774,0.0],[125.03574621548033,6.693837163087122,0.0],[125.035747339461949,6.694108373061778,0.0],[125.036018607669575,6.694107249223511,0.0]]],[[[125.032220848527118,6.694122969355552,0.0],[125.032492117339686,6.694121847460708,0.0],[125.032763386105813,6.694120725416295,0.0],[125.032762263768831,6.693849514936887,0.0],[125.032490995152372,6.693850636935381,0.0],[125.032219726489288,6.693851758784395,0.0],[125.032220848527118,6.694122969355552,0.0]]],[[[125.037374948008903,6.694101627789615,0.0],[125.037103680034249,6.694102752375373,0.0],[125.037102555304955,6.693831542630488,0.0],[125.036831287433245,6.693832667020758,0.0],[125.036832412012956,6.69410387681165,0.0],[125.036833536639307,6.694375086599345,0.0],[125.03710480481007,6.694373962117059,0.0],[125.037376072934308,6.694372837485383,0.0],[125.037374948008903,6.694101627789615,0.0]]],[[[125.046326764988066,6.69406443259398,0.0],[125.04605549855475,6.694065562112947,0.0],[125.046056628264935,6.694336770334695,0.0],[125.046327894847735,6.694335640769542,0.0],[125.046326764988066,6.69406443259398,0.0]]],[[[125.041715229260461,6.694083614086286,0.0],[125.041443962032318,6.694084741063908,0.0],[125.04144508920055,6.694355950069473,0.0],[125.041716356578263,6.694354823045754,0.0],[125.041715229260461,6.694083614086286,0.0]]],[[[125.03846001944143,6.694097127951602,0.0],[125.038188751653209,6.694098253135281,0.0],[125.038189877027222,6.694369462693204,0.0],[125.038461144964842,6.694368337463428,0.0],[125.03846001944143,6.694097127951602,0.0]]],[[[125.033305923498418,6.694118480879117,0.0],[125.033034654825386,6.69411960322249,0.0],[125.033035777358293,6.69439081365296,0.0],[125.033307046180894,6.694389691263756,0.0],[125.033305923498418,6.694118480879117,0.0]]],[[[125.034936905438329,6.694925373997838,0.0],[125.034935781765611,6.694654163894929,0.0],[125.034664513072599,6.694655287227111,0.0],[125.034665636595818,6.69492649737585,0.0],[125.034936905438329,6.694925373997838,0.0]]],[[[125.034395491126986,6.695198830795932,0.0],[125.034124222041925,6.695199953920814,0.0],[125.034125345359101,6.695471164155085,0.0],[125.034396614593817,6.695470040984284,0.0],[125.034395491126986,6.695198830795932,0.0]]],[[[125.041994389694167,6.695980949286704,0.0],[125.041993261946587,6.695709740392339,0.0],[125.041992134245717,6.695438531494688,0.0],[125.041720866316538,6.695439658852185,0.0],[125.041721993867924,6.695710867795843,0.0],[125.041723121465935,6.695982076736304,0.0],[125.041994389694167,6.695980949286704,0.0]]],[[[125.034943648452469,6.696552634548412,0.0],[125.034942524500337,6.696281424464599,0.0],[125.03467125491008,6.696282548072205,0.0],[125.034672378712642,6.696553758201937,0.0],[125.034943648452469,6.696552634548412,0.0]]],[[[125.042540310431136,6.696792320326659,0.0],[125.042539182244269,6.696521111533902,0.0],[125.042538054104014,6.696249902737947,0.0],[125.042266785819649,6.696251030532783,0.0],[125.041995517488559,6.69625215817796,0.0],[125.041996645329576,6.696523367066018,0.0],[125.042267913810235,6.696522239374745,0.0],[125.042269041847632,6.696793448213598,0.0],[125.042540310431136,6.696792320326659,0.0]]],[[[125.043082847458095,6.696790064104161,0.0],[125.042811578968013,6.69679119229015,0.0],[125.042540310431136,6.696792320326659,0.0],[125.042541438664827,6.697063529116218,0.0],[125.042812707351189,6.697062401033702,0.0],[125.043083975990911,6.697061272801528,0.0],[125.043082847458095,6.696790064104161,0.0]]],[[[125.035216042293911,6.696822720780191,0.0],[125.034944772451055,6.696823844629116,0.0],[125.034945896496268,6.697095054706623,0.0],[125.035217166488692,6.697093930811779,0.0],[125.035216042293911,6.696822720780191,0.0]]],[[[125.035219415017963,6.697636350865364,0.0],[125.035490685263071,6.697635226729113,0.0],[125.035489560825553,6.697364016749838,0.0],[125.035488436434576,6.697092806767277,0.0],[125.035217166488692,6.697093930811779,0.0],[125.035218290730015,6.69736514084017,0.0],[125.035219415017963,6.697636350865364,0.0]]],[[[125.047426529857631,6.697585616656441,0.0],[125.047425398837731,6.697314408703634,0.0],[125.047154130797082,6.697315539374924,0.0],[125.047155261667328,6.697586747373827,0.0],[125.047426529857631,6.697585616656441,0.0]]],[[[125.043628770934205,6.697601433089493,0.0],[125.043627642008715,6.697330224490625,0.0],[125.043356373312946,6.697331353067946,0.0],[125.043357502088867,6.69760256171291,0.0],[125.043628770934205,6.697601433089493,0.0]]],[[[125.035490685263071,6.697635226729113,0.0],[125.035491809747143,6.697906436705279,0.0],[125.035763080095279,6.697905312373451,0.0],[125.035761955461552,6.697634102443293,0.0],[125.035490685263071,6.697635226729113,0.0]]],[[[125.043901168854688,6.697871512865992,0.0],[125.043629899906492,6.697872641685163,0.0],[125.043631028925418,6.698143850277636,0.0],[125.043902298023355,6.698142721412368,0.0],[125.043901168854688,6.697871512865992,0.0]]],[[[125.036035475226711,6.698175397773185,0.0],[125.035764204775532,6.698176522300501,0.0],[125.03576532950234,6.698447732224353,0.0],[125.036036600103159,6.698446607651118,0.0],[125.036035475226711,6.698175397773185,0.0]]],[[[125.036308995729925,6.698716692757132,0.0],[125.036307870657367,6.698445482928315,0.0],[125.036036600103159,6.698446607651118,0.0],[125.036037725026162,6.698717817525854,0.0],[125.036308995729925,6.698716692757132,0.0]]],[[[125.036308995729925,6.698716692757132,0.0],[125.036310120849222,6.698987902582751,0.0],[125.0365813916561,6.698986777618452,0.0],[125.036580266387247,6.698715567838751,0.0],[125.036308995729925,6.698716692757132,0.0]]],[[[125.043635545469002,6.699228684615819,0.0],[125.043634416263032,6.698957476035958,0.0],[125.043363146669577,6.698958604889946,0.0],[125.043364275725892,6.699229813515815,0.0],[125.043635545469002,6.699228684615819,0.0]]],[[[125.047975854995812,6.699210601868164,0.0],[125.047704586001515,6.699211733161889,0.0],[125.0477057174989,6.699482941046218,0.0],[125.047976986642766,6.699481809706218,0.0],[125.047975854995812,6.699210601868164,0.0]]],[[[125.043910203512866,6.700041181148007,0.0],[125.043909074016909,6.699769972623923,0.0],[125.043907944567749,6.699498764096554,0.0],[125.043636674721782,6.699499893192393,0.0],[125.043637804021287,6.69977110176577,0.0],[125.043638933367589,6.700042310336038,0.0],[125.043910203512866,6.700041181148007,0.0]]],[[[125.044722883723196,6.699766584300524,0.0],[125.04472401366813,6.700037792686229,0.0],[125.04472514365979,6.700309001068825,0.0],[125.044726273698245,6.700580209448224,0.0],[125.044997543955802,6.700579079569455,0.0],[125.044996413767677,6.700307871236153,0.0],[125.044995283626363,6.700036662899742,0.0],[125.044994153531761,6.699765454560134,0.0],[125.044993023484068,6.699494246217328,0.0],[125.044991893483086,6.699223037871325,0.0],[125.044720623973831,6.699224167519433,0.0],[125.044721753825158,6.699495375911533,0.0],[125.044722883723196,6.699766584300524,0.0]]],[[[125.043644580800333,6.701398353139596,0.0],[125.043643451220262,6.701127144585226,0.0],[125.043642321686903,6.700855936027748,0.0],[125.043371051045924,6.700857065204411,0.0],[125.043372180429543,6.701128273808075,0.0],[125.043373309859859,6.701399482408541,0.0],[125.043644580800333,6.701398353139596,0.0]]],[[[125.045000934800825,6.701392704550266,0.0],[125.044999804472369,6.701121496226468,0.0],[125.044998674190637,6.70085028789956,0.0],[125.044727403783526,6.700851417824514,0.0],[125.044728533915503,6.701122626197518,0.0],[125.044729664094305,6.701393834567413,0.0],[125.044730794319818,6.701665042934111,0.0],[125.045002065176078,6.701663912870779,0.0],[125.045000934800825,6.701392704550266,0.0]]],[[[125.033879921776133,6.701710122743152,0.0],[125.033878797538264,6.70143891253606,0.0],[125.03387767334695,6.70116770232577,0.0],[125.033606400877218,6.701168826161106,0.0],[125.033335128360861,6.701169949846784,0.0],[125.033336252252866,6.701441160148822,0.0],[125.033607524918793,6.701440036417314,0.0],[125.033608649006993,6.701711246670237,0.0],[125.033879921776133,6.701710122743152,0.0]]],[[[125.03197988822528,6.701446776561668,0.0],[125.031708615280195,6.701447899395228,0.0],[125.031709738320515,6.701719109969226,0.0],[125.031981011415269,6.701717987089837,0.0],[125.03197988822528,6.701446776561668,0.0]]],[[[125.045273335985542,6.701662782657789,0.0],[125.045002065176078,6.701663912870779,0.0],[125.045003195598156,6.701935121188183,0.0],[125.045274466557359,6.701933990929096,0.0],[125.045273335985542,6.701662782657789,0.0]]],[[[125.032524681001064,6.701986951315306,0.0],[125.032523557465211,6.701715740881995,0.0],[125.032252284463468,6.701716864060701,0.0],[125.032253407849652,6.701988074539931,0.0],[125.032524681001064,6.701986951315306,0.0]]],[[[125.045274466557359,6.701933990929096,0.0],[125.045275597175802,6.702205199197118,0.0],[125.045546868237949,6.702204068742188,0.0],[125.045545737469666,6.701932860520263,0.0],[125.045274466557359,6.701933990929096,0.0]]],[[[125.046090541336127,6.702473015509711,0.0],[125.04608941022164,6.702201807383266,0.0],[125.0458181392532,6.702202938137511,0.0],[125.045819270217947,6.702474146310142,0.0],[125.046090541336127,6.702473015509711,0.0]]],[[[125.034424716388926,6.702250294661103,0.0],[125.034153443413473,6.702251418979253,0.0],[125.034154567940689,6.702522629131011,0.0],[125.034425841065811,6.702521504766854,0.0],[125.034424716388926,6.702250294661103,0.0]]],[[[125.046635346400222,6.703013169518433,0.0],[125.046634214892705,6.702741961490664,0.0],[125.046633083431999,6.702470753459786,0.0],[125.046361812407426,6.702471884559533,0.0],[125.046362943718478,6.702743092636685,0.0],[125.046364075076241,6.70301430071055,0.0],[125.046635346400222,6.703013169518433,0.0]]],[[[125.037954640841846,6.703049293419725,0.0],[125.037953514125434,6.702778083917491,0.0],[125.037682241456125,6.702779210273477,0.0],[125.037683368022797,6.70305041982163,0.0],[125.037954640841846,6.703049293419725,0.0]]],[[[125.034699363937364,6.703062800363289,0.0],[125.034698239017658,6.702791590309762,0.0],[125.034426965789237,6.702792714869497,0.0],[125.034428090559203,6.703063924968942,0.0],[125.034699363937364,6.703062800363289,0.0]]],[[[125.035786708161183,6.703600720174117,0.0],[125.035785582549394,6.703329510310572,0.0],[125.035514309207741,6.703330635560953,0.0],[125.035515434669776,6.703601845470328,0.0],[125.035786708161183,6.703600720174117,0.0]]],[[[125.047993966970481,6.703549926896266,0.0],[125.047722695581228,6.703551058929311,0.0],[125.047723827828136,6.703822266762747,0.0],[125.047995099367157,6.703821134683516,0.0],[125.047993966970481,6.703549926896266,0.0]]],[[[125.0463652064809,6.703285508781307,0.0],[125.046093934960354,6.703286639869863,0.0],[125.046095066262083,6.703557847983608,0.0],[125.046096197610609,6.703829056094155,0.0],[125.046097329005846,6.704100264201505,0.0],[125.046368600975626,6.704099132974304,0.0],[125.04636746943055,6.703827924913228,0.0],[125.04636633793227,6.703556716848866,0.0],[125.0463652064809,6.703285508781307,0.0]]],[[[125.03822929449251,6.703861795217656,0.0],[125.038228167486466,6.703590585770933,0.0],[125.037956894414549,6.703591712414601,0.0],[125.037958021270754,6.703862921907242,0.0],[125.03822929449251,6.703861795217656,0.0]]],[[[125.036872927917898,6.703867427168562,0.0],[125.037144201326086,6.703866301077785,0.0],[125.03714307491903,6.70359509144721,0.0],[125.036871801660595,6.703596217491978,0.0],[125.036872927917898,6.703867427168562,0.0]]],[[[125.036601654463183,6.703868553109591,0.0],[125.036600528355621,6.703597343387089,0.0],[125.036329255004105,6.703598469132452,0.0],[125.036057981605865,6.703599594728158,0.0],[125.035786708161183,6.703600720174117,0.0],[125.035787833819413,6.703871930034464,0.0],[125.036059107413934,6.703870804542587,0.0],[125.036330380961829,6.703869678900962,0.0],[125.036601654463183,6.703868553109591,0.0]]],[[[125.03877184079586,6.703859541389332,0.0],[125.038500567667455,6.703860668378323,0.0],[125.038501694869879,6.704131877775841,0.0],[125.038772968148024,6.704130750740842,0.0],[125.03877184079586,6.703859541389332,0.0]]],[[[125.036601654463183,6.703868553109591,0.0],[125.036602780617372,6.704139762828896,0.0],[125.03687405422184,6.704138636841948,0.0],[125.036872927917898,6.703867427168562,0.0],[125.036601654463183,6.703868553109591,0.0]]],[[[125.039316642262648,6.704399705477901,0.0],[125.03931551456435,6.704128496221604,0.0],[125.039044241379557,6.704129623556097,0.0],[125.0390453689281,6.704400832858401,0.0],[125.039316642262648,6.704399705477901,0.0]]],[[[125.037691255294874,6.70494888656997,0.0],[125.037419981380879,6.704950013144093,0.0],[125.037421108170733,6.705221222712852,0.0],[125.037692382234482,6.70522009609281,0.0],[125.037691255294874,6.70494888656997,0.0]]],[[[125.040677522490881,6.705478902402793,0.0],[125.040406248790589,6.705480030716058,0.0],[125.040407377321273,6.705751239772426,0.0],[125.040678651171419,6.705750111413153,0.0],[125.040677522490881,6.705478902402793,0.0]]],[[[125.03905664697939,6.70711292570719,0.0],[125.039055518964375,6.706841716436593,0.0],[125.038784244235032,6.706842844081327,0.0],[125.038785372100293,6.707114053397931,0.0],[125.03905664697939,6.70711292570719,0.0]]],[[[125.034986393129429,6.706858615381059,0.0],[125.034715117700998,6.706859740779145,0.0],[125.034716243318996,6.707130950784976,0.0],[125.034987518897168,6.707129825341061,0.0],[125.034986393129429,6.706858615381059,0.0]]],[[[125.034995400575411,6.709028294971717,0.0],[125.034724123948379,6.709029420737065,0.0],[125.034725249938802,6.709300630717494,0.0],[125.034996526715744,6.709299504906228,0.0],[125.034995400575411,6.709028294971717,0.0]]],[[[125.037982823905466,6.709829529942,0.0],[125.037981696023408,6.709558320519258,0.0],[125.037710419609098,6.709559448024724,0.0],[125.037439143148063,6.709560575380267,0.0],[125.037440270730457,6.709831784894935,0.0],[125.037441398359377,6.710102994406406,0.0],[125.037712675120076,6.710101866958937,0.0],[125.037711547341317,6.709830657493385,0.0],[125.037982823905466,6.709829529942,0.0]]],[[[125.036899972073883,6.710376458452214,0.0],[125.036628695023452,6.710377585496095,0.0],[125.036629822295865,6.710648795139105,0.0],[125.03690109949622,6.710647668049217,0.0],[125.036899972073883,6.710376458452214,0.0]]],[[[125.036632076980666,6.711191214415622,0.0],[125.036630949614988,6.710920004778917,0.0],[125.036359672218097,6.710921131764889,0.0],[125.036360799433837,6.711192341447512,0.0],[125.036632076980666,6.711191214415622,0.0]]],[[[125.032291630644977,6.711209228940427,0.0],[125.032290505677835,6.710938018569288,0.0],[125.032019227536281,6.710939143157266,0.0],[125.032020352353499,6.711210353574235,0.0],[125.032291630644977,6.711209228940427,0.0]]],[[[125.031476671113651,6.710941391883538,0.0],[125.031477795631019,6.711212602392167,0.0],[125.031749074015494,6.711211478058119,0.0],[125.031747949348201,6.71094026759532,0.0],[125.031476671113651,6.710941391883538,0.0]]],[[[125.032562908889915,6.711208104156694,0.0],[125.032291630644977,6.711209228940427,0.0],[125.032292755658489,6.711480439308279,0.0],[125.032564034053436,6.711479314478717,0.0],[125.032562908889915,6.711208104156694,0.0]]],[[[125.032836437761816,6.711749399772313,0.0],[125.032835312401843,6.711478189499318,0.0],[125.032564034053436,6.711479314478717,0.0],[125.032565159263399,6.711750524797631,0.0],[125.032836437761816,6.711749399772313,0.0]]],[[[125.033108841769973,6.712019484821128,0.0],[125.033107716213607,6.71174827459716,0.0],[125.032836437761816,6.711749399772313,0.0],[125.032837563168258,6.7120206100422,0.0],[125.033108841769973,6.712019484821128,0.0]]],[[[125.035822752330162,6.71227943412783,0.0],[125.035821625227925,6.712008224366071,0.0],[125.035550347091615,6.712009351086121,0.0],[125.035551474043928,6.7122805608938,0.0],[125.035822752330162,6.71227943412783,0.0]]],[[[125.033381246078065,6.712289569625072,0.0],[125.033380120325148,6.712018359450131,0.0],[125.033108841769973,6.712019484821128,0.0],[125.033109967372866,6.712290695041898,0.0],[125.033381246078065,6.712289569625072,0.0]]],[[[125.035280195711152,6.712281687509845,0.0],[125.035281322560081,6.712552897360244,0.0],[125.035483084455279,6.71255205941154,0.0],[125.035552488008378,6.712524569198975,0.0],[125.035551474043928,6.7122805608938,0.0],[125.035280195711152,6.712281687509845,0.0]]],[[[125.033652524736624,6.712288444058321,0.0],[125.033381246078065,6.712289569625072,0.0],[125.033382371877337,6.712560779796726,0.0],[125.033383497723236,6.712831989965271,0.0],[125.033654776681743,6.712830864306771,0.0],[125.033653650685906,6.712559654184145,0.0],[125.033652524736624,6.712288444058321,0.0]]],[[[125.035010044030841,6.712554023872372,0.0],[125.035010757611644,6.712725784191599,0.0],[125.035281645464323,6.712630610694192,0.0],[125.035281322560081,6.712552897360244,0.0],[125.035010044030841,6.712554023872372,0.0]]],[[[125.034468613278165,6.712827486431814,0.0],[125.034468981471846,6.712916131339054,0.0],[125.034724308778323,6.71282642487012,0.0],[125.034468613278165,6.712827486431814,0.0]]],[[[125.050470723830884,6.646856197839033,0.0],[125.050741963545306,6.646855073828726,0.0],[125.050740839352656,6.646583865884979,0.0],[125.050739715206817,6.646312657938211,0.0],[125.050468475789316,6.64631378185597,0.0],[125.050469599786652,6.6465849898491,0.0],[125.050470723830884,6.646856197839033,0.0]]],[[[125.056709225386143,6.646830308050409,0.0],[125.056708097927839,6.646559101126024,0.0],[125.056436859395049,6.646560228355267,0.0],[125.05643798670485,6.646831435326104,0.0],[125.056709225386143,6.646830308050409,0.0]]],[[[125.055896636261267,6.647104896492437,0.0],[125.055895509201306,6.646833689432072,0.0],[125.05562427037907,6.646834816262435,0.0],[125.055625397290612,6.647106023369251,0.0],[125.055896636261267,6.647104896492437,0.0]]],[[[125.055354158272777,6.647107150097562,0.0],[125.055355285082896,6.647378357247455,0.0],[125.05562652424905,6.647377230472782,0.0],[125.055625397290612,6.647106023369251,0.0],[125.055354158272777,6.647107150097562,0.0]]],[[[125.051286691953209,6.647395241055496,0.0],[125.051557931823766,6.647394116507397,0.0],[125.051829171647441,6.647392991810794,0.0],[125.051828046767156,6.647121784058538,0.0],[125.051556807091998,6.647122908708867,0.0],[125.051285567369845,6.647124033210781,0.0],[125.051286691953209,6.647395241055496,0.0]]],[[[125.055355285082896,6.647378357247455,0.0],[125.055084045869677,6.647379483873714,0.0],[125.055085172578359,6.647650691066951,0.0],[125.055356411939997,6.647649564394329,0.0],[125.055355285082896,6.647378357247455,0.0]]],[[[125.055087426136581,6.64819310544392,0.0],[125.055086299333936,6.64792189825699,0.0],[125.0548150597768,6.64792302482756,0.0],[125.05481618643104,6.648194232060765,0.0],[125.055087426136581,6.64819310544392,0.0]]],[[[125.054001340823604,6.647926403648428,0.0],[125.054002467032419,6.648197611020721,0.0],[125.054273706878917,6.648196484849209,0.0],[125.054544946678433,6.648195358529283,0.0],[125.054543820172782,6.647924151249627,0.0],[125.054272580521683,6.647925277523279,0.0],[125.054001340823604,6.647926403648428,0.0]]],[[[125.05400359328813,6.648468818389905,0.0],[125.054002467032419,6.648197611020721,0.0],[125.053731227138854,6.648198737043818,0.0],[125.053459987198394,6.648199862918411,0.0],[125.053461113157184,6.648471070380233,0.0],[125.053732353246147,6.648469944459277,0.0],[125.05400359328813,6.648468818389905,0.0]]],[[[125.059170697746836,6.651701872469293,0.0],[125.059441938630286,6.651700742873321,0.0],[125.05944080883998,6.651429536469942,0.0],[125.059439679096741,6.651158330063542,0.0],[125.059168438510397,6.6511594595667,0.0],[125.059169568105034,6.651430666019551,0.0],[125.059170697746836,6.651701872469293,0.0]]],[[[125.059985550390422,6.651969689542789,0.0],[125.059714309452616,6.651970819482398,0.0],[125.059715439485672,6.652242025832931,0.0],[125.059986680572052,6.65224089584687,0.0],[125.059985550390422,6.651969689542789,0.0]]],[[[125.059446458262499,6.652785568454953,0.0],[125.05917521678478,6.652786698236821,0.0],[125.059176346662042,6.653057904670754,0.0],[125.059447588288265,6.653056774842434,0.0],[125.059446458262499,6.652785568454953,0.0]]],[[[125.05022647163446,6.653366313622731,0.0],[125.049955228261993,6.653367438446165,0.0],[125.049956353181344,6.653638646449687,0.0],[125.050227596702413,6.653637521579978,0.0],[125.05022647163446,6.653366313622731,0.0]]],[[[125.050506718005465,6.655534851850651,0.0],[125.050235473490972,6.655535977192693,0.0],[125.050236598933992,6.655807185124716,0.0],[125.050507843597174,6.6558060597364,0.0],[125.050506718005465,6.655534851850651,0.0]]],[[[125.049698610518845,6.65689426752206,0.0],[125.049969855870444,6.65689314224601,0.0],[125.049968730388429,6.656621934280325,0.0],[125.049967604953395,6.656350726311531,0.0],[125.049696359899158,6.656351851495033,0.0],[125.049697485185604,6.656623059510101,0.0],[125.049698610518845,6.65689426752206,0.0]]],[[[125.054041913932039,6.657689867062442,0.0],[125.054040786079199,6.657418659800727,0.0],[125.053769541134216,6.657419787399097,0.0],[125.053770668838368,6.657690994707264,0.0],[125.054041913932039,6.657689867062442,0.0]]],[[[125.053501678949516,6.658234536902783,0.0],[125.053500551300161,6.657963329554648,0.0],[125.053229305963839,6.657964456948382,0.0],[125.053230433464506,6.65823566434288,0.0],[125.053501678949516,6.658234536902783,0.0]]],[[[125.058926578779136,6.658211956878355,0.0],[125.058655334234615,6.658213087291984,0.0],[125.058654203760057,6.6579418808251,0.0],[125.058382959317058,6.657943011043685,0.0],[125.058384089642942,6.658214217556933,0.0],[125.058385220015978,6.658485424067071,0.0],[125.058656464756254,6.658484293755671,0.0],[125.058927709449534,6.65848316329559,0.0],[125.058926578779136,6.658211956878355,0.0]]],[[[125.059740312130316,6.658208564745203,0.0],[125.059469067727022,6.658209695604964,0.0],[125.059470198694797,6.658480901929296,0.0],[125.059741443246764,6.658479771023083,0.0],[125.059740312130316,6.658208564745203,0.0]]],[[[125.059202346835519,6.65929565178017,0.0],[125.059201215875134,6.659024445418891,0.0],[125.059200084961901,6.658753239054414,0.0],[125.059198954095748,6.658482032686739,0.0],[125.058927709449534,6.65848316329559,0.0],[125.058928840167013,6.658754369709627,0.0],[125.058929970931558,6.659025576120556,0.0],[125.058931101743184,6.659296782528288,0.0],[125.059202346835519,6.65929565178017,0.0]]],[[[125.059474723036942,6.659565727194914,0.0],[125.059473591880703,6.659294520883283,0.0],[125.059202346835519,6.65929565178017,0.0],[125.059203477842985,6.659566858138253,0.0],[125.059474723036942,6.659565727194914,0.0]]],[[[125.059475854240162,6.659836933503436,0.0],[125.059747099535713,6.659835802364964,0.0],[125.060018344784197,6.659834671077811,0.0],[125.060017213283444,6.659563464862193,0.0],[125.059745968183719,6.659564596102894,0.0],[125.059474723036942,6.659565727194914,0.0],[125.059475854240162,6.659836933503436,0.0]]],[[[125.050795979946713,6.659873051413343,0.0],[125.050794853502794,6.659601843621208,0.0],[125.050523606804887,6.659602969805776,0.0],[125.050524733100033,6.659874177644185,0.0],[125.050795979946713,6.659873051413343,0.0]]],[[[125.049170749407139,6.660422222697524,0.0],[125.049169623761955,6.660151014634139,0.0],[125.049168498163596,6.659879806567734,0.0],[125.049167372612118,6.659608598498044,0.0],[125.049166247107536,6.659337390425333,0.0],[125.048895000277113,6.659338515671451,0.0],[125.048896125632922,6.659609723790436,0.0],[125.048897251035726,6.659880931906224,0.0],[125.048898376485226,6.660152140018991,0.0],[125.048899501981722,6.660423348128472,0.0],[125.049170749407139,6.660422222697524,0.0]]],[[[125.06137570261113,6.660100218391105,0.0],[125.061646947725507,6.660099086165148,0.0],[125.061918192792803,6.66009795379042,0.0],[125.062189437812933,6.660096821267012,0.0],[125.062257203713116,6.660096538302249,0.0],[125.062280311250149,6.659825231256886,0.0],[125.06218830507521,6.65982561542656,0.0],[125.061917060203839,6.659826747903428,0.0],[125.061645815285232,6.659827880231615,0.0],[125.061374570319543,6.65982901241112,0.0],[125.06137570261113,6.660100218391105,0.0]]],[[[125.060018344784197,6.659834671077811,0.0],[125.06001947633203,6.660105877290232,0.0],[125.060290721682122,6.660104745807858,0.0],[125.060289589985516,6.659833539641888,0.0],[125.060018344784197,6.659834671077811,0.0]]],[[[125.050524733100033,6.659874177644185,0.0],[125.050253486206557,6.659875303726346,0.0],[125.050254612399826,6.660146511607832,0.0],[125.050525859442075,6.660145385479397,0.0],[125.050524733100033,6.659874177644185,0.0]]],[[[125.060833212240908,6.660102482396888,0.0],[125.060561966985048,6.660103614176713,0.0],[125.060563098877495,6.660374820293034,0.0],[125.060834344282043,6.660373688466756,0.0],[125.060833212240908,6.660102482396888,0.0]]],[[[125.04998336531068,6.660147637587497,0.0],[125.049984491402085,6.660418845512059,0.0],[125.05025573863999,6.660417719486209,0.0],[125.050254612399826,6.660146511607832,0.0],[125.04998336531068,6.660147637587497,0.0]]],[[[125.049984491402085,6.660418845512059,0.0],[125.049713244117356,6.660419971389318,0.0],[125.049714370106884,6.660691179356957,0.0],[125.049985617540457,6.660690053433513,0.0],[125.049984491402085,6.660418845512059,0.0]]],[[[125.061106721876556,6.66064376251184,0.0],[125.060835476370414,6.660644894533339,0.0],[125.060836608505866,6.660916100596901,0.0],[125.061107854160781,6.660914968528862,0.0],[125.061106721876556,6.66064376251184,0.0]]],[[[125.049443122626499,6.66069230513163,0.0],[125.049444248514149,6.660963513142435,0.0],[125.049715496143307,6.660962387321487,0.0],[125.049714370106884,6.660691179356957,0.0],[125.049443122626499,6.66069230513163,0.0]]],[[[125.049176378336099,6.661778262966576,0.0],[125.049447626458473,6.661777137155664,0.0],[125.049446500430136,6.661505929154452,0.0],[125.049175252456536,6.661507054919089,0.0],[125.049176378336099,6.661778262966576,0.0]]],[[[125.048905130166844,6.661779388628717,0.0],[125.048906255944445,6.66205059671928,0.0],[125.049177504262474,6.662049471010953,0.0],[125.049176378336099,6.661778262966576,0.0],[125.048905130166844,6.661779388628717,0.0]]],[[[125.048109396299253,6.666122096010594,0.0],[125.047838145561286,6.666123221816886,0.0],[125.047839271493174,6.666394430041742,0.0],[125.048110522379986,6.666393304189264,0.0],[125.048109396299253,6.666122096010594,0.0]]],[[[125.048422348689741,6.676155668847881,0.0],[125.048421220773406,6.675884460829438,0.0],[125.048149964718633,6.675885588448147,0.0],[125.048151092485838,6.676156796512864,0.0],[125.048422348689741,6.676155668847881,0.0]]],[[[125.048995340465453,6.683476025876787,0.0],[125.048994210985384,6.683204818036246,0.0],[125.048722950996336,6.683205947201185,0.0],[125.04872408032702,6.683477155087911,0.0],[125.048995340465453,6.683476025876787,0.0]]],[[[125.054178730895572,6.69050592238277,0.0],[125.054449993978508,6.690504788981664,0.0],[125.054448860291231,6.690233582149383,0.0],[125.054447726650935,6.689962375313994,0.0],[125.054176463866696,6.689963508622374,0.0],[125.054177597357693,6.690234715504126,0.0],[125.054178730895572,6.69050592238277,0.0]]],[[[125.048752328826112,6.690257351225246,0.0],[125.048481064906966,6.690258481442588,0.0],[125.048482195306818,6.690529689293077,0.0],[125.048753459375277,6.690528559029549,0.0],[125.048752328826112,6.690257351225246,0.0]]],[[[125.054180998112301,6.691048336130376,0.0],[125.05390973468343,6.691049469474817,0.0],[125.053910868212782,6.691320676390231,0.0],[125.054182131791137,6.691319542999516,0.0],[125.054180998112301,6.691048336130376,0.0]]],[[[125.053641871488338,6.691864223545427,0.0],[125.053640738014394,6.691593016590134,0.0],[125.053369474192678,6.691594149728339,0.0],[125.053370607517138,6.691865356729996,0.0],[125.053641871488338,6.691864223545427,0.0]]],[[[125.054728061022203,6.692130896079793,0.0],[125.054456797089472,6.69213202990838,0.0],[125.05445793110573,6.692403236718456,0.0],[125.054729195187946,6.692402102843418,0.0],[125.054728061022203,6.692130896079793,0.0]]],[[[125.053100476720914,6.692137696809994,0.0],[125.052829212506268,6.692138829741965,0.0],[125.052830345625736,6.692410036829952,0.0],[125.053101609989866,6.692408903851708,0.0],[125.053100476720914,6.692137696809994,0.0]]],[[[125.052562480406394,6.69322479104276,0.0],[125.052561347295551,6.692953583918002,0.0],[125.052290082538491,6.692954716690012,0.0],[125.052291215499864,6.693225923861044,0.0],[125.052562480406394,6.69322479104276,0.0]]],[[[125.052292348508217,6.693497131029056,0.0],[125.052021083405208,6.693498263744133,0.0],[125.052022216310974,6.693769470955222,0.0],[125.052293481563467,6.693768338193782,0.0],[125.052292348508217,6.693497131029056,0.0]]],[[[125.053924474230783,6.694575159127401,0.0],[125.053923340137516,6.694303952250089,0.0],[125.053922206091244,6.69403274536958,0.0],[125.053650940971096,6.694033879074266,0.0],[125.053652074867813,6.694305086001049,0.0],[125.053653208811497,6.694576292924723,0.0],[125.053924474230783,6.694575159127401,0.0]]],[[[125.05419800822952,6.695116438832991,0.0],[125.054196873892721,6.694845232008348,0.0],[125.053925608371031,6.694846366001515,0.0],[125.053926742558176,6.695117572872431,0.0],[125.05419800822952,6.695116438832991,0.0]]],[[[125.05419800822952,6.695116438832991,0.0],[125.054199142613314,6.695387645654347,0.0],[125.054470408387161,6.695386511418975,0.0],[125.054469273853798,6.695115304643893,0.0],[125.05419800822952,6.695116438832991,0.0]]],[[[125.054202546046497,6.696201266099586,0.0],[125.054473812269038,6.696200131725125,0.0],[125.054472677594731,6.695928924959635,0.0],[125.054471542967406,6.695657718190948,0.0],[125.054200277044089,6.695658852472595,0.0],[125.054201411521845,6.695930059287645,0.0],[125.054202546046497,6.696201266099586,0.0]]],[[[125.054746213315468,6.696470203917202,0.0],[125.054474946990339,6.696471338487506,0.0],[125.054476081758622,6.69674254524669,0.0],[125.05474734823332,6.696741410630023,0.0],[125.054746213315468,6.696470203917202,0.0]]],[[[125.054477216573972,6.697013752002765,0.0],[125.054205949902709,6.697014886516226,0.0],[125.054207084615484,6.697286093315378,0.0],[125.054478351436302,6.697284958755554,0.0],[125.054477216573972,6.697013752002765,0.0]]],[[[125.049595541476393,6.697305357949621,0.0],[125.04959440930665,6.697034150363366,0.0],[125.049323141790467,6.697035282184935,0.0],[125.049324273810555,6.697306489817287,0.0],[125.049595541476393,6.697305357949621,0.0]]],[[[125.051498947160297,6.698382259705302,0.0],[125.051227679224453,6.69838339280505,0.0],[125.051228812526347,6.698654600097851,0.0],[125.051500080611774,6.698653466951741,0.0],[125.051771348650291,6.69865233365615,0.0],[125.05177021504916,6.698381126455986,0.0],[125.051498947160297,6.698382259705302,0.0]]],[[[125.050686276214648,6.698656865941186,0.0],[125.050687409264214,6.698928073323249,0.0],[125.050688542360675,6.699199280702204,0.0],[125.050959810839288,6.699198147762773,0.0],[125.050958677593172,6.698926940430092,0.0],[125.050957544393953,6.698655733094303,0.0],[125.050956411241714,6.698384525755317,0.0],[125.051227679224453,6.69838339280505,0.0],[125.051226545969456,6.698112185509228,0.0],[125.050955278136371,6.698113318413133,0.0],[125.050684010256205,6.698114451167467,0.0],[125.050685143211979,6.698385658555925,0.0],[125.050686276214648,6.698656865941186,0.0]]],[[[125.051773615993397,6.699194748046886,0.0],[125.052044884284257,6.699193614509089,0.0],[125.052316152528121,6.699192480821634,0.0],[125.052315018533889,6.698921273720413,0.0],[125.052043750439594,6.698922407361594,0.0],[125.051772482298404,6.698923540853117,0.0],[125.051773615993397,6.699194748046886,0.0]]],[[[125.052859823215528,6.699461420003403,0.0],[125.052858688874991,6.699190212997927,0.0],[125.052587420725089,6.69919134698461,0.0],[125.052588554915971,6.699462554036359,0.0],[125.052859823215528,6.699461420003403,0.0]]],[[[125.050962077472221,6.699740562418541,0.0],[125.050690808694469,6.699741695450521,0.0],[125.050691941931618,6.700012902819883,0.0],[125.050963210859109,6.700011769741629,0.0],[125.050962077472221,6.699740562418541,0.0]]],[[[125.052593092148953,6.700547382211384,0.0],[125.052591957770233,6.700276175172424,0.0],[125.052590823438493,6.700004968130178,0.0],[125.052589689153734,6.699733761084823,0.0],[125.052588554915971,6.699462554036359,0.0],[125.052317286569334,6.699463687919658,0.0],[125.052318420657542,6.699734895014484,0.0],[125.052319554792632,6.700006102106113,0.0],[125.052320688974717,6.700277309194633,0.0],[125.052321823203783,6.700548516279956,0.0],[125.052593092148953,6.700547382211384,0.0]]],[[[125.053135258077063,6.700456242119246,0.0],[125.053405249788341,6.700149908061197,0.0],[125.053404629094331,6.700001565304601,0.0],[125.053133360589428,6.700002699729422,0.0],[125.05313449522049,6.700273906678942,0.0],[125.053135258077063,6.700456242119246,0.0]]],[[[125.050695341924794,6.700826524908963,0.0],[125.050694208546872,6.700555317549104,0.0],[125.050422939273162,6.700556450570248,0.0],[125.050424072501428,6.700827657976292,0.0],[125.050695341924794,6.700826524908963,0.0]]],[[[125.052050554211633,6.70054965019887,0.0],[125.052051688337926,6.700820857327359,0.0],[125.052052822511214,6.701092064452649,0.0],[125.052053956731498,6.701363271574654,0.0],[125.052297729061578,6.701362252470116,0.0],[125.052325106581236,6.701333545405298,0.0],[125.052324091802689,6.701090930441098,0.0],[125.052322957479745,6.700819723362081,0.0],[125.052321823203783,6.700548516279956,0.0],[125.052050554211633,6.70054965019887,0.0]]]]}},
{"type":"Feature","properties":{"fid":179,"Var":2.0,"layer":"SultanKudarat_Flood_5year","path":"C:/Users/cbposadas/Desktop/New folder/SultanKudarat/SultanKudarat_Flood_5year.shp","Risk Level":"Medium","SYSTRA ID":"177","DAR ID":"340","Target Year":"2027","Bridge Category":"Original List","Bridge Name":"MALFIKAT BRIDGE","Coordinates Y":"6.6702774","Coordinates X":"125.0194859","Region":"XII","Province":"SULTAN KUDARAT","ARC 2026":"Columbio ARC","LINEAR METER IVF 2026":"35","EIRR 2026":"0.19","NEW/REPLACEMENT BRIDGE 2026":"new","Visited by SYSTRA":"No","Selected for 2nd Visit of SYSTRA":"No","Final Funder":"No Funder","2023 IVF URL":"https://drive.google.com/open?id=1ZG-t-s6dkt5CryqwF7EZUqi_Fvo9VlUt","2026 IVF URL":"https://docs.google.com/spreadsheets/u/1/d/1THmKJ6r6WEhPF1HwBJ8b_-LKlpn5LUSz/edit"},"geometry":{"type":"MultiPolygon","coordinates":[[[[124.975123909072551,6.662080045092531,0.0],[124.975122823814004,6.661808824652113,0.0],[124.975079235698658,6.661808998997944,0.0],[124.97503187989912,6.662080413210149,0.0],[124.975123909072551,6.662080045092531,0.0]]],[[[124.975151055218774,6.668860555079168,0.0],[124.97514996883082,6.668589334717532,0.0],[124.97487870452531,6.668590420832552,0.0],[124.974879790764319,6.668861641238775,0.0],[124.975151055218774,6.668860555079168,0.0]]],[[[124.975152141652032,6.669131775437696,0.0],[124.974880877048449,6.669132861641889,0.0],[124.974881963377868,6.669404082041805,0.0],[124.97515322813031,6.669402995793114,0.0],[124.975152141652032,6.669131775437696,0.0]]],[[[124.974341605935791,6.669948695060932,0.0],[124.974340519814021,6.669677474578237,0.0],[124.97461178480583,6.669676388582944,0.0],[124.974883049752421,6.669675302438614,0.0],[124.974881963377868,6.669404082041805,0.0],[124.974610698580221,6.669405168141549,0.0],[124.974609612399831,6.669133947697135,0.0],[124.974338347706023,6.669135033603344,0.0],[124.974337261719782,6.668863813111146,0.0],[124.97433617577876,6.668592592615838,0.0],[124.974607440174594,6.668591506798625,0.0],[124.97487870452531,6.668590420832552,0.0],[124.974877618331419,6.668319200423221,0.0],[124.974606354129648,6.668320286344707,0.0],[124.974335089882757,6.668321372117334,0.0],[124.974323392850593,6.66832141892989,0.0],[124.974303372244918,6.66868565384017,0.0],[124.974283620780099,6.669948927179014,0.0],[124.974341605935791,6.669948695060932,0.0]]],[[[124.990756506809646,6.637064802899837,0.0],[124.991027751201742,6.637063713207856,0.0],[124.991298995548377,6.637062623367549,0.0],[124.991297905551221,6.636791405322549,0.0],[124.991026661352819,6.636792495117914,0.0],[124.990755417108957,6.636793584764953,0.0],[124.990756506809646,6.637064802899837,0.0]]],[[[124.991574600886565,6.638146405348064,0.0],[124.991573510559007,6.637875187360529,0.0],[124.991302265813147,6.637876277483721,0.0],[124.991303355992557,6.638147495516198,0.0],[124.991574600886565,6.638146405348064,0.0]]],[[[124.988595259789989,6.639243262938241,0.0],[124.988866505732318,6.639242174073066,0.0],[124.988865416705309,6.638970955649079,0.0],[124.988864327723874,6.638699737221985,0.0],[124.988593082078197,6.638700825997366,0.0],[124.988594170911398,6.638972044469402,0.0],[124.988595259789989,6.639243262938241,0.0]]],[[[124.989964568036683,6.642492435818057,0.0],[124.989963477870504,6.642221217611319,0.0],[124.989692230478667,6.642222307563359,0.0],[124.989693320496428,6.642493525815039,0.0],[124.989964568036683,6.642492435818057,0.0]]],[[[124.985900202375944,6.643593645681531,0.0],[124.985899114253556,6.6433224268147,0.0],[124.98562786558638,6.643323514720731,0.0],[124.98562895356045,6.643594733632416,0.0],[124.985900202375944,6.643593645681531,0.0]]],[[[124.982382655412465,6.645777532947137,0.0],[124.982381568856468,6.645506313523417,0.0],[124.98211031841214,6.645507399858439,0.0],[124.982111404819719,6.645778619326834,0.0],[124.982382655412465,6.645777532947137,0.0]]],[[[124.98401233304611,6.646313449852834,0.0],[124.984013420628841,6.646584668998643,0.0],[124.984284671349485,6.646583581445662,0.0],[124.98455592202464,6.646582493744178,0.0],[124.984554834144987,6.646311274687897,0.0],[124.984553746310638,6.646040055628419,0.0],[124.984282495932391,6.646041143240375,0.0],[124.984011245508668,6.646042230703828,0.0],[124.984010158016616,6.645771011551713,0.0],[124.983738907696008,6.645772098821987,0.0],[124.983467657330024,6.645773185943846,0.0],[124.983466570180184,6.645501966699183,0.0],[124.983195319917314,6.645503053627864,0.0],[124.983196406918637,6.645774272917291,0.0],[124.983197493965363,6.646045492203698,0.0],[124.983198581057465,6.646316711486908,0.0],[124.983469831765674,6.646315624423935,0.0],[124.98374108242858,6.646314537212636,0.0],[124.98401233304611,6.646313449852834,0.0]]],[[[124.992150922481557,6.646551977836332,0.0],[124.992149830445129,6.646280760036025,0.0],[124.9918785811915,6.646281851848888,0.0],[124.99187967307941,6.646553069694137,0.0],[124.992150922481557,6.646551977836332,0.0]]],[[[124.981572162102481,6.646594450295749,0.0],[124.981571075855754,6.646323230747329,0.0],[124.981299824830202,6.646324316771222,0.0],[124.981300910928425,6.646595536364317,0.0],[124.981572162102481,6.646594450295749,0.0]]],[[[124.98238700209015,6.646862410610486,0.0],[124.982385915352694,6.646591191199378,0.0],[124.982114664314622,6.646592277713279,0.0],[124.982115750903574,6.646863497169151,0.0],[124.98238700209015,6.646862410610486,0.0]]],[[[124.981845586157533,6.647135803076751,0.0],[124.981844499671695,6.646864583579313,0.0],[124.981573248394525,6.64686566984106,0.0],[124.981574334731846,6.647136889383174,0.0],[124.981575421114485,6.647408108922179,0.0],[124.981576507542499,6.647679328457987,0.0],[124.981847759265094,6.647678242062125,0.0],[124.981846672688576,6.647407022571081,0.0],[124.981845586157533,6.647135803076751,0.0]]],[[[124.991614975025186,6.648181468678325,0.0],[124.991343724641155,6.648182560508862,0.0],[124.991342632776878,6.647911342592647,0.0],[124.991341540958146,6.647640124673235,0.0],[124.991340449184989,6.647368906750803,0.0],[124.991069199200822,6.647369998298012,0.0],[124.991070290825576,6.647641216265385,0.0],[124.99107138249579,6.647912434229739,0.0],[124.991072474211578,6.648183652190895,0.0],[124.991073565972926,6.648454870148854,0.0],[124.991344816551006,6.648453778421879,0.0],[124.991616067083442,6.648452686546489,0.0],[124.991614975025186,6.648181468678325,0.0]]],[[[124.981578680534327,6.648221767520277,0.0],[124.981577594015718,6.647950547990686,0.0],[124.981306342099316,6.647951634282809,0.0],[124.981307428469421,6.648222853857075,0.0],[124.981578680534327,6.648221767520277,0.0]]],[[[124.991073565972926,6.648454870148854,0.0],[124.990802315349356,6.648455961727326,0.0],[124.990803407007675,6.64872717972703,0.0],[124.991074657779748,6.648726088103705,0.0],[124.991073565972926,6.648454870148854,0.0]]],[[[124.981858627522499,6.650390436800788,0.0],[124.98185754049274,6.650119217341097,0.0],[124.981856453508371,6.649847997878209,0.0],[124.981855366569292,6.649576778412212,0.0],[124.981854279675616,6.649305558943106,0.0],[124.981853192827217,6.649034339470803,0.0],[124.981852106024135,6.648763119995391,0.0],[124.98185101926633,6.648491900516782,0.0],[124.981579767098225,6.648492987046759,0.0],[124.981580853707527,6.648764206570044,0.0],[124.981581940362105,6.64903542609022,0.0],[124.981583027062001,6.649306645607198,0.0],[124.981584113807173,6.649577865121068,0.0],[124.981585200597664,6.64984908463174,0.0],[124.981586287433529,6.650120304139304,0.0],[124.981587374314685,6.650391523643759,0.0],[124.981588461241145,6.650662743145017,0.0],[124.981589548212995,6.650933962643166,0.0],[124.981590635230049,6.651205182138207,0.0],[124.981861888883543,6.651204095161121,0.0],[124.981860801717801,6.650932875710844,0.0],[124.981859714597462,6.650661656257371,0.0],[124.981858627522499,6.650390436800788,0.0]]],[[[124.990266362816428,6.65008545292912,0.0],[124.990265271227571,6.649814234855254,0.0],[124.98999401972479,6.649815326212747,0.0],[124.989995111165157,6.650086544331466,0.0],[124.990266362816428,6.65008545292912,0.0]]],[[[124.989997294182572,6.650628980559579,0.0],[124.989998385759435,6.650900198668883,0.0],[124.9902696378564,6.6508991071318,0.0],[124.990540889907706,6.650898015446214,0.0],[124.990539798033652,6.650626797426615,0.0],[124.990268546130849,6.650627889067349,0.0],[124.989997294182572,6.650628980559579,0.0]]],[[[124.990540889907706,6.650898015446214,0.0],[124.990541981827249,6.651169233462526,0.0],[124.990813233981669,6.651168141583494,0.0],[124.990812141913551,6.650896923612035,0.0],[124.990540889907706,6.650898015446214,0.0]]],[[[124.991356830564712,6.65143717525821,0.0],[124.991355738153928,6.651165957379743,0.0],[124.991084486090529,6.651167049555871,0.0],[124.991085578352809,6.651438267479279,0.0],[124.991356830564712,6.65143717525821,0.0]]],[[[124.981593896553349,6.652018840604321,0.0],[124.981865150652524,6.65201775349312,0.0],[124.981864063350812,6.651746534052259,0.0],[124.981862976094575,6.651475314608288,0.0],[124.981591722292492,6.65147640163005,0.0],[124.981592809400311,6.651747621118784,0.0],[124.981593896553349,6.652018840604321,0.0]]],[[[124.991359015522875,6.651979611005729,0.0],[124.991357923021056,6.65170839313348,0.0],[124.991086670660565,6.651709485399491,0.0],[124.991087763013795,6.651980703316593,0.0],[124.991359015522875,6.651979611005729,0.0]]],[[[124.98240765871482,6.65201557882503,0.0],[124.982406571116016,6.651744359473608,0.0],[124.982135317256109,6.651745446837229,0.0],[124.982136404706324,6.652016666233416,0.0],[124.98240765871482,6.65201557882503,0.0]]],[[[124.991359015522875,6.651979611005729,0.0],[124.991360108070268,6.652250828874782,0.0],[124.991631360682362,6.652249736370295,0.0],[124.991630267986295,6.651978518546184,0.0],[124.991359015522875,6.651979611005729,0.0]]],[[[124.981596070995479,6.652561279566069,0.0],[124.981867325391761,6.652560192365429,0.0],[124.981866237999455,6.652288972930873,0.0],[124.981594983751762,6.65229006008675,0.0],[124.981596070995479,6.652561279566069,0.0]]],[[[124.990825249736019,6.654151539061979,0.0],[124.990824157167054,6.653880321125158,0.0],[124.99055290352679,6.653881413453342,0.0],[124.990553995947081,6.654152631435104,0.0],[124.990825249736019,6.654151539061979,0.0]]],[[[124.990286019200866,6.654967377720742,0.0],[124.99055727348123,6.654966285361561,0.0],[124.990828527716033,6.654965192853699,0.0],[124.991099781905376,6.654964100197245,0.0],[124.991098689051213,6.654692882314781,0.0],[124.990827435010559,6.654693974926293,0.0],[124.990556180924344,6.654695067389214,0.0],[124.990284926792569,6.654696159703541,0.0],[124.990286019200866,6.654967377720742,0.0]]],[[[124.990286019200866,6.654967377720742,0.0],[124.990014764874928,6.654968469931331,0.0],[124.990015857180111,6.655239687990364,0.0],[124.990287111654638,6.655238595734834,0.0],[124.990286019200866,6.654967377720742,0.0]]],[[[124.989472256086628,6.654970653906553,0.0],[124.989471164124296,6.654699435754616,0.0],[124.989199909810523,6.654700527474486,0.0],[124.989201001624281,6.654971745671276,0.0],[124.988929747116359,6.654972837287318,0.0],[124.988930838826903,6.655244055525853,0.0],[124.988931930582822,6.655515273761279,0.0],[124.988933022384415,6.655786491993418,0.0],[124.989204277338288,6.655785400242729,0.0],[124.989475532246601,6.655784308343446,0.0],[124.989746787109524,6.655783216295483,0.0],[124.989745694861995,6.655511998197903,0.0],[124.989744602660011,6.655240780097125,0.0],[124.989743510503516,6.654969561993238,0.0],[124.989472256086628,6.654970653906553,0.0]]],[[[124.992458239500323,6.655501069991829,0.0],[124.992457145811798,6.655229852340292,0.0],[124.99218589170161,6.655230945784827,0.0],[124.992186985241446,6.655502163481306,0.0],[124.992458239500323,6.655501069991829,0.0]]],[[[124.981336777590954,6.655545781174408,0.0],[124.981608033667499,6.655544693630664,0.0],[124.981606945925236,6.655273474185983,0.0],[124.981335689997394,6.655274561685052,0.0],[124.981336777590954,6.655545781174408,0.0]]],[[[124.988660675732163,6.655516365318435,0.0],[124.988389420836015,6.655517456726909,0.0],[124.988118165894306,6.655518547986792,0.0],[124.988119257249849,6.655789766353579,0.0],[124.988390512340146,6.655788675048844,0.0],[124.988661767385054,6.655787583595427,0.0],[124.988660675732163,6.655516365318435,0.0]]],[[[124.981336777590954,6.655545781174408,0.0],[124.981065521469034,6.65554686856956,0.0],[124.98106660895931,6.655818088100482,0.0],[124.981337865229918,6.655817000660655,0.0],[124.981336777590954,6.655545781174408,0.0]]],[[[124.988119257249849,6.655789766353579,0.0],[124.987848002114063,6.655790857509634,0.0],[124.987849093366307,6.656062075918165,0.0],[124.988120348650853,6.656060984717258,0.0],[124.988119257249849,6.655789766353579,0.0]]],[[[124.979982670364961,6.656093656079762,0.0],[124.980253926965347,6.656092569189895,0.0],[124.980252839875817,6.655821349528055,0.0],[124.97998158342412,6.655822436373247,0.0],[124.979982670364961,6.656093656079762,0.0]]],[[[124.987307673661419,6.656335476369155,0.0],[124.987578929185503,6.656334385420668,0.0],[124.987577838036472,6.656063166970481,0.0],[124.987306582661063,6.656064257874115,0.0],[124.987307673661419,6.656335476369155,0.0]]],[[[124.979982670364961,6.656093656079762,0.0],[124.979711413719286,6.656094742821037,0.0],[124.979712500556658,6.656365962569031,0.0],[124.979983757351107,6.656364875783169,0.0],[124.979982670364961,6.656093656079762,0.0]]],[[[124.987037508989189,6.656607785705657,0.0],[124.987308764707336,6.656606694861087,0.0],[124.987307673661419,6.656335476369155,0.0],[124.987036418091947,6.656336567168961,0.0],[124.986765162476999,6.656337657820086,0.0],[124.986766253225468,6.656608876401635,0.0],[124.987037508989189,6.656607785705657,0.0]]],[[[124.986767344019498,6.656880094980075,0.0],[124.986766253225468,6.656608876401635,0.0],[124.986494997416457,6.656609966948932,0.0],[124.986496088061713,6.656881185572225,0.0],[124.986767344019498,6.656880094980075,0.0]]],[[[124.979714674367486,6.656908402055781,0.0],[124.97971358743942,6.656637182314005,0.0],[124.979442330451093,6.65663826899586,0.0],[124.979443417230371,6.656909488782312,0.0],[124.979714674367486,6.656908402055781,0.0]]],[[[124.986496088061713,6.656881185572225,0.0],[124.986224832058454,6.656882276015694,0.0],[124.986225922600511,6.657153494680554,0.0],[124.986497178752373,6.657152404192321,0.0],[124.986496088061713,6.656881185572225,0.0]]],[[[124.983513358583906,6.657164391385693,0.0],[124.98351226952893,6.656893172272924,0.0],[124.983241013026344,6.65689426108099,0.0],[124.983242101932731,6.657165480238434,0.0],[124.983513358583906,6.657164391385693,0.0]]],[[[124.986225922600511,6.657153494680554,0.0],[124.985954666403188,6.657154585020106,0.0],[124.985683410160391,6.657155675211066,0.0],[124.985684500450475,6.657426893962435,0.0],[124.985685590785934,6.657698112710695,0.0],[124.985956847326094,6.657697022430118,0.0],[124.985955756841861,6.657425803726711,0.0],[124.986227013187957,6.657424713342306,0.0],[124.986225922600511,6.657153494680554,0.0]]],[[[124.984872910827676,6.657972601539428,0.0],[124.984874000807778,6.658243820415763,0.0],[124.985145257781639,6.658242730491701,0.0],[124.985144167652763,6.657971511660219,0.0],[124.985415424432475,6.657970421632329,0.0],[124.9854143342003,6.657699202842502,0.0],[124.985143077569361,6.657700292825539,0.0],[124.98514198753135,6.657429073987751,0.0],[124.984870731003625,6.657430163777431,0.0],[124.984871820892948,6.657701382659984,0.0],[124.984872910827676,6.657972601539428,0.0]]],[[[124.979447764800412,6.6579943678965,0.0],[124.979446677840031,6.657723148122749,0.0],[124.979175420211575,6.657724234834537,0.0],[124.979176507023283,6.657995454653052,0.0],[124.979447764800412,6.6579943678965,0.0]]],[[[124.982432686001204,6.658253623039898,0.0],[124.982703943383441,6.658252534454232,0.0],[124.982702854593057,6.657981315219872,0.0],[124.982431597359579,6.657982403760774,0.0],[124.982432686001204,6.658253623039898,0.0]]],[[[124.979449938857087,6.658536807434765,0.0],[124.979448851806097,6.658265587667231,0.0],[124.979177593880294,6.658266674468369,0.0],[124.979178680782496,6.658537894280578,0.0],[124.979449938857087,6.658536807434765,0.0]]],[[[124.985147438175545,6.65878516814534,0.0],[124.985146347955819,6.658513949320075,0.0],[124.98487509083327,6.658515039288901,0.0],[124.984876180904237,6.658786258158931,0.0],[124.985147438175545,6.65878516814534,0.0]]],[[[124.981622178441029,6.659070546125343,0.0],[124.981893436405386,6.659069457851694,0.0],[124.982164694324439,6.659068369429364,0.0],[124.982163605695519,6.658797150114979,0.0],[124.981892347925225,6.658798238492634,0.0],[124.981621090109556,6.658799326721607,0.0],[124.981622178441029,6.659070546125343,0.0]]],[[[124.977824562183471,6.659085766340298,0.0],[124.977823475934429,6.658814546311196,0.0],[124.977552217439651,6.658815632309332,0.0],[124.977553303539921,6.65908685238302,0.0],[124.977824562183471,6.659085766340298,0.0]]],[[[124.983792240886501,6.659061835771927,0.0],[124.983520983239572,6.65906292508661,0.0],[124.983249725547267,6.659064014252611,0.0],[124.983250814816472,6.65933523338492,0.0],[124.98352207265755,6.659334144174154,0.0],[124.983793330453238,6.659333054814707,0.0],[124.984064588203552,6.65933196530649,0.0],[124.984335845908561,6.659330875649592,0.0],[124.984334756044362,6.659059656696251,0.0],[124.984333666225453,6.658788437739891,0.0],[124.984062408817991,6.658789527307261,0.0],[124.983791151365139,6.658790616725949,0.0],[124.983792240886501,6.659061835771927,0.0]]],[[[124.982708298998247,6.659337411360231,0.0],[124.982707210026575,6.659066192138394,0.0],[124.982435952198202,6.659067280858264,0.0],[124.982437041021186,6.659338500124776,0.0],[124.982708298998247,6.659337411360231,0.0]]],[[[124.981353096932665,6.659614073137807,0.0],[124.981624355239859,6.659612984923489,0.0],[124.981623266817792,6.65934176552597,0.0],[124.981352008659371,6.659342853695613,0.0],[124.981353096932665,6.659614073137807,0.0]]],[[[124.979184115972672,6.659893993294372,0.0],[124.979455374791002,6.659892906225271,0.0],[124.979454287513633,6.659621686473547,0.0],[124.97945320028154,6.659350466718537,0.0],[124.979181941760743,6.659351553698287,0.0],[124.979183028844062,6.659622773497973,0.0],[124.979184115972672,6.659893993294372,0.0]]],[[[124.977285302977208,6.659901598613147,0.0],[124.977284216889899,6.659630378504287,0.0],[124.977012957858392,6.65963146433882,0.0],[124.977014043796842,6.659902684492267,0.0],[124.977285302977208,6.659901598613147,0.0]]],[[[124.990849297772826,6.66011833287675,0.0],[124.990848204202081,6.659847115009119,0.0],[124.990576947290663,6.659848208325401,0.0],[124.990578040712549,6.660119426237885,0.0],[124.990849297772826,6.66011833287675,0.0]]],[[[124.98081275626987,6.660158688173987,0.0],[124.980813844381601,6.660429907696117,0.0],[124.981085103225695,6.660428819645223,0.0],[124.981084014965191,6.660157600167769,0.0],[124.981082926749991,6.659886380687117,0.0],[124.98081166820343,6.65988746864866,0.0],[124.98081275626987,6.660158688173987,0.0]]],[[[124.981085103225695,6.660428819645223,0.0],[124.981086191531503,6.660700039119569,0.0],[124.981357450479166,6.660698950875141,0.0],[124.981356362024499,6.66042773144556,0.0],[124.981085103225695,6.660428819645223,0.0]]],[[[124.984889265296204,6.662040884353435,0.0],[124.98516052435285,6.662039793802497,0.0],[124.985431783364007,6.662038703102788,0.0],[124.985703042329703,6.662037612254221,0.0],[124.98597430125001,6.662036521256884,0.0],[124.985973210039148,6.661765302603837,0.0],[124.985701951267615,6.661766393556321,0.0],[124.985430692450691,6.661767484360124,0.0],[124.985159433588308,6.661768575015068,0.0],[124.98488817468052,6.661769665521242,0.0],[124.984889265296204,6.662040884353435,0.0]]],[[[124.985975392506418,6.662307739906823,0.0],[124.986246651530109,6.662306648715863,0.0],[124.986245560124928,6.662035430110778,0.0],[124.98597430125001,6.662036521256884,0.0],[124.985975392506418,6.662307739906823,0.0]]],[[[124.984889265296204,6.662040884353435,0.0],[124.984618006194268,6.662041974755604,0.0],[124.984619096706581,6.662313193629541,0.0],[124.984890355957376,6.662312103182519,0.0],[124.984889265296204,6.662040884353435,0.0]]],[[[124.975123909072551,6.662080045092531,0.0],[124.975124994376216,6.66235126552984,0.0],[124.975396255212061,6.66235018029083,0.0],[124.975395169759537,6.662078959898108,0.0],[124.975123909072551,6.662080045092531,0.0]]],[[[124.986246651530109,6.662306648715863,0.0],[124.98624774298068,6.66257786731784,0.0],[124.98651900210784,6.662576775933258,0.0],[124.986517910508411,6.662305557376134,0.0],[124.986246651530109,6.662306648715863,0.0]]],[[[124.988147648453904,6.662841442786136,0.0],[124.988146555916103,6.66257022450115,0.0],[124.987875297061706,6.662571316778529,0.0],[124.987876389450633,6.662842535108369,0.0],[124.988147648453904,6.662841442786136,0.0]]],[[[124.984077668328894,6.662586593037276,0.0],[124.983806408793072,6.662587683082575,0.0],[124.983807498949659,6.66285890208441,0.0],[124.98407875863434,6.662857811994347,0.0],[124.984350018273531,6.662856721755515,0.0],[124.984348927819227,6.662585502843119,0.0],[124.984077668328894,6.662586593037276,0.0]]],[[[124.980821462432331,6.662328444263097,0.0],[124.980820374003429,6.662057224762905,0.0],[124.980549114221233,6.662058312933259,0.0],[124.980277854393748,6.662059400954754,0.0],[124.980278942525018,6.662330620544208,0.0],[124.980280030701493,6.662601840130553,0.0],[124.980008770531086,6.662602928092629,0.0],[124.980009858604092,6.662874147720452,0.0],[124.980010946722402,6.663145367345167,0.0],[124.980012034886002,6.663416586966773,0.0],[124.9802832955029,6.663415498870671,0.0],[124.980282207190442,6.663144279293829,0.0],[124.980553467613277,6.663143191093543,0.0],[124.980552379197349,6.66287197155818,0.0],[124.980823639426021,6.662870883253889,0.0],[124.980822550906524,6.662599663760003,0.0],[124.980821462432331,6.662328444263097,0.0]]],[[[124.983263889585473,6.662589862726773,0.0],[124.982992629913596,6.662590952325762,0.0],[124.982721370196415,6.662592041775803,0.0],[124.982722459757653,6.662863260956695,0.0],[124.982993719623778,6.662862171461801,0.0],[124.983264979444428,6.662861081818137,0.0],[124.983266069348687,6.663132300906391,0.0],[124.983537329272906,6.663131211069193,0.0],[124.983808589151636,6.663130121083136,0.0],[124.983807498949659,6.66285890208441,0.0],[124.983536239219788,6.662859992025703,0.0],[124.983535149211974,6.662588772979103,0.0],[124.983263889585473,6.662589862726773,0.0]]],[[[124.986521185442953,6.663119213038091,0.0],[124.986520093752659,6.662847994487273,0.0],[124.98624883447674,6.66284908591662,0.0],[124.986249926018175,6.663120304512291,0.0],[124.986521185442953,6.663119213038091,0.0]]],[[[124.982722459757653,6.662863260956695,0.0],[124.982451199846324,6.662864350302731,0.0],[124.982179939889605,6.662865439499908,0.0],[124.981908679887496,6.662866528548315,0.0],[124.981909769047647,6.663137747860213,0.0],[124.982181029198514,6.663136658767042,0.0],[124.982452289304092,6.6631355695251,0.0],[124.98272354936438,6.663134480134389,0.0],[124.982722459757653,6.662863260956695,0.0]]],[[[124.981097077081913,6.663412233689479,0.0],[124.981368337517637,6.663411144998119,0.0],[124.981639597908043,6.663410056157901,0.0],[124.981638508851375,6.663138836804525,0.0],[124.981367248609828,6.663139925599979,0.0],[124.981095988322963,6.663141014246663,0.0],[124.981097077081913,6.663412233689479,0.0]]],[[[124.97974186228376,6.6636888945771,0.0],[124.979740774223714,6.663417674914016,0.0],[124.979469513516221,6.66341876271249,0.0],[124.979470601427408,6.663689982420249,0.0],[124.97974186228376,6.6636888945771,0.0]]],[[[124.976486729020735,6.663701938871456,0.0],[124.976485642746908,6.663430718672889,0.0],[124.976214381496462,6.663431804685414,0.0],[124.976215467621529,6.663703024928656,0.0],[124.976486729020735,6.663701938871456,0.0]]],[[[124.980556733132957,6.663956849680717,0.0],[124.980827993956979,6.663955761197635,0.0],[124.980826905256293,6.66368454171645,0.0],[124.980825816600913,6.663413322232068,0.0],[124.980554556074509,6.663414410625799,0.0],[124.980555644581131,6.663685630154856,0.0],[124.980556733132957,6.663956849680717,0.0]]],[[[124.979472777385567,6.664232421826264,0.0],[124.97974403853965,6.664231333893764,0.0],[124.979742950389095,6.663960114236986,0.0],[124.979471689383885,6.663961202124811,0.0],[124.979200428333371,6.663962289863687,0.0],[124.978929167237652,6.663963377453794,0.0],[124.978930254941631,6.664234597244509,0.0],[124.979201516186293,6.664233509609816,0.0],[124.979472777385567,6.664232421826264,0.0]]],[[[124.979476041662423,6.665046080911705,0.0],[124.979747303263068,6.665044992845268,0.0],[124.979746214976629,6.664773773197905,0.0],[124.979474953524843,6.664774861219667,0.0],[124.979203692027838,6.66477594909257,0.0],[124.979202604084421,6.664504729352747,0.0],[124.978931342690899,6.664505817032116,0.0],[124.978660081252158,6.664506904562715,0.0],[124.978661168897872,6.664778124391799,0.0],[124.978932430485457,6.664777036816614,0.0],[124.978933518325235,6.665048256597914,0.0],[124.979204780016474,6.665047168829195,0.0],[124.979476041662423,6.665046080911705,0.0]]],[[[124.975953981996284,6.666145093285345,0.0],[124.975952895613304,6.665873873025938,0.0],[124.97568163293262,6.665874959142024,0.0],[124.975682719166656,6.666146179446018,0.0],[124.975953981996284,6.666145093285345,0.0]]],[[[124.991415888380672,6.666082936022186,0.0],[124.991144628137164,6.666084030669137,0.0],[124.991145722904022,6.66635524841944,0.0],[124.991146817716526,6.666626466166456,0.0],[124.991147912574505,6.666897683910453,0.0],[124.991419173264688,6.666896589128677,0.0],[124.991418078257851,6.666625371429622,0.0],[124.991689338753602,6.666624276543929,0.0],[124.991688243643281,6.666353058886707,0.0],[124.991959503944614,6.666351963897008,0.0],[124.991958408731008,6.666080746281531,0.0],[124.992229668837837,6.666079651187915,0.0],[124.992228573520833,6.665808433614271,0.0],[124.992499833433243,6.665807338416738,0.0],[124.992498738012955,6.665536120884927,0.0],[124.992227478249504,6.665537216037518,0.0],[124.991956218440393,6.66553831104125,0.0],[124.991957313562878,6.665809528662945,0.0],[124.991686053559434,6.66581062356276,0.0],[124.99168714857862,6.666081841226288,0.0],[124.991415888380672,6.666082936022186,0.0]]],[[[124.977857170690655,6.667222365749468,0.0],[124.977585907581968,6.667223453130764,0.0],[124.977314644427992,6.667224540363201,0.0],[124.977043381228796,6.66722562744678,0.0],[124.977042294069363,6.666954407378243,0.0],[124.976771030973907,6.666955494268287,0.0],[124.976499767833161,6.666956581009384,0.0],[124.976498681016835,6.666685360848565,0.0],[124.976227417979828,6.666686447396128,0.0],[124.976226331357651,6.666415227187525,0.0],[124.975955068424383,6.666416313541732,0.0],[124.975956154897702,6.666687533794833,0.0],[124.975957241416125,6.666958754044914,0.0],[124.975685978139836,6.666959840339257,0.0],[124.975414714818342,6.666960926484742,0.0],[124.975415801084182,6.667232146820798,0.0],[124.975416887395227,6.667503367153658,0.0],[124.975417973751476,6.667774587483319,0.0],[124.975689237519717,6.667773501204164,0.0],[124.975690324070129,6.66804472148613,0.0],[124.975961587942109,6.668043635013441,0.0],[124.975960501242852,6.667772414776061,0.0],[124.975959414588786,6.667501194535483,0.0],[124.975688151014609,6.667502280919,0.0],[124.97568706455462,6.667231060630727,0.0],[124.975958327979853,6.667229974291708,0.0],[124.976229591359882,6.667228887803831,0.0],[124.976230678117759,6.667500108003019,0.0],[124.976501941601526,6.667499021321608,0.0],[124.976773205040089,6.667497934491338,0.0],[124.977044468433434,6.66749684751212,0.0],[124.977315731781573,6.667495760383955,0.0],[124.977586995084508,6.667494673106931,0.0],[124.977858258342138,6.667493585680959,0.0],[124.978129521554564,6.66749249810604,0.0],[124.978128433754136,6.667221278219224,0.0],[124.978127345999098,6.666950058329122,0.0],[124.978126258289166,6.666678838436,0.0],[124.978125170624551,6.66640761853968,0.0],[124.978124083005127,6.666136398640163,0.0],[124.9783953454277,6.666135311139585,0.0],[124.978394257704636,6.665864091281546,0.0],[124.978665519933045,6.665863003676695,0.0],[124.978664432106328,6.665591783860223,0.0],[124.9786633443249,6.665320564040553,0.0],[124.978934606210302,6.665319476376106,0.0],[124.978933518325235,6.665048256597914,0.0],[124.978662256588777,6.665049344217775,0.0],[124.978661168897872,6.664778124391799,0.0],[124.978389907264983,6.664779211818126,0.0],[124.978390994807029,6.665050431688688,0.0],[124.978392082394294,6.665321651556142,0.0],[124.978393170026862,6.665592871420487,0.0],[124.978121907902093,6.665593958831804,0.0],[124.977850645732033,6.66559504609435,0.0],[124.97785173311209,6.665866266044671,0.0],[124.977852820537265,6.666137485991972,0.0],[124.977581558024283,6.666138573194833,0.0],[124.977582645345805,6.666409793183523,0.0],[124.977583732712617,6.666681013169105,0.0],[124.977854995523501,6.666679925876982,0.0],[124.977856083084475,6.666951145814779,0.0],[124.977857170690655,6.667222365749468,0.0]]],[[[124.990879936239168,6.667712431890913,0.0],[124.991151197421743,6.667711337123259,0.0],[124.991150102427071,6.667440119388854,0.0],[124.991149007478057,6.667168901651164,0.0],[124.991147912574505,6.666897683910453,0.0],[124.990876651838775,6.666898778543282,0.0],[124.99087774659337,6.667169996329023,0.0],[124.990878841393524,6.667441214111567,0.0],[124.990607580314332,6.667442308685332,0.0],[124.990608675011103,6.66771352650962,0.0],[124.990879936239168,6.667712431890913,0.0]]],[[[124.990610864541182,6.668255962148781,0.0],[124.990882126067135,6.668254867440191,0.0],[124.990881031130371,6.667983649667151,0.0],[124.990609769753362,6.667984744330711,0.0],[124.990610864541182,6.668255962148781,0.0]]],[[[124.975147796190342,6.668046893984756,0.0],[124.975148882488071,6.668318114352698,0.0],[124.975420146599419,6.668317028133317,0.0],[124.975691410665647,6.668315941764988,0.0],[124.975690324070129,6.66804472148613,0.0],[124.975419060152845,6.668045807809873,0.0],[124.975147796190342,6.668046893984756,0.0]]],[[[124.975691410665647,6.668315941764988,0.0],[124.975692497306383,6.668587162040649,0.0],[124.975963761476351,6.668586075478786,0.0],[124.97596267468667,6.668314855247623,0.0],[124.975691410665647,6.668315941764988,0.0]]],[[[124.990340697654091,6.668528274568151,0.0],[124.990069435888159,6.668529369023699,0.0],[124.990070530469026,6.66880058692517,0.0],[124.990071625095553,6.669071804823532,0.0],[124.990072719767539,6.669343022718786,0.0],[124.990343981980416,6.6693419281285,0.0],[124.990345076846921,6.669613145975615,0.0],[124.990616339163267,6.66961205119144,0.0],[124.990615244147719,6.669340833389268,0.0],[124.99061414917783,6.669069615583809,0.0],[124.990613054253416,6.668798397775331,0.0],[124.990611959374561,6.668527179963566,0.0],[124.990610864541182,6.668255962148781,0.0],[124.990339602969655,6.668257056708335,0.0],[124.990340697654091,6.668528274568151,0.0]]],[[[124.975151055218774,6.668860555079168,0.0],[124.975152141652032,6.669131775437696,0.0],[124.975423406210311,6.669130689084644,0.0],[124.975694670723385,6.669129602582555,0.0],[124.975965935191255,6.669128515931519,0.0],[124.975964848311236,6.668857295706752,0.0],[124.975693583992239,6.668858382313201,0.0],[124.975422319628109,6.668859468770703,0.0],[124.975151055218774,6.668860555079168,0.0]]],[[[124.989535667758105,6.67070130133006,0.0],[124.989806930807021,6.670700206813227,0.0],[124.990078193810362,6.670699112147447,0.0],[124.990077098910731,6.670427894268003,0.0],[124.990076004056647,6.670156676385361,0.0],[124.989804741351293,6.670157770961436,0.0],[124.989805836056419,6.67042898888893,0.0],[124.989534573156533,6.670430083360821,0.0],[124.989535667758105,6.67070130133006,0.0]]],[[[124.98383913322904,6.670724251767965,0.0],[124.983567869180391,6.670725343007065,0.0],[124.983296605086451,6.670726434097305,0.0],[124.983297696306366,6.670997653094077,0.0],[124.983568960549349,6.670996561959162,0.0],[124.983840224746942,6.670995470675298,0.0],[124.984111488899146,6.670994379242399,0.0],[124.984382753006059,6.670993287660463,0.0],[124.984654017067484,6.670992195929579,0.0],[124.984652925102665,6.670720977156628,0.0],[124.98438166119017,6.670722068842658,0.0],[124.9841103972323,6.67072316037983,0.0],[124.98383913322904,6.670724251767965,0.0]]],[[[124.989537857097829,6.671243737259034,0.0],[124.989536762405237,6.670972519296101,0.0],[124.989535667758105,6.67070130133006,0.0],[124.989264404663714,6.670702395697856,0.0],[124.989265499161803,6.670973613708839,0.0],[124.989266593705381,6.671244831716625,0.0],[124.989537857097829,6.671243737259034,0.0]]],[[[124.987096484928699,6.671253582013645,0.0],[124.987367748684861,6.67125248874799,0.0],[124.987366655184459,6.670981270426233,0.0],[124.987095391577157,6.670982363647036,0.0],[124.987096484928699,6.671253582013645,0.0]]],[[[124.991437795351317,6.671507289529264,0.0],[124.991436699570073,6.671236071883855,0.0],[124.991165436496374,6.671237167384434,0.0],[124.991166532128588,6.671508385074785,0.0],[124.991437795351317,6.671507289529264,0.0]]],[[[124.98845499158476,6.671790550470811,0.0],[124.988726255411706,6.671789456370534,0.0],[124.98872516107518,6.671518238279259,0.0],[124.988724066784116,6.671247020184876,0.0],[124.988452803255242,6.671248114195536,0.0],[124.988453897397264,6.671519332334772,0.0],[124.98845499158476,6.671790550470811,0.0]]],[[[124.988184821796352,6.672062862599923,0.0],[124.988183727712325,6.671791644422229,0.0],[124.987912463794416,6.671792738224522,0.0],[124.987641199831032,6.671793831877868,0.0],[124.987640106090652,6.671522613607181,0.0],[124.987368842230836,6.671523707066638,0.0],[124.987369935822272,6.671794925382177,0.0],[124.987371029459098,6.672066143694431,0.0],[124.987099765255735,6.672067237094645,0.0],[124.986828501006983,6.672068330345735,0.0],[124.98682959439121,6.672339548744586,0.0],[124.987100858788992,6.672338455448643,0.0],[124.987372123141398,6.672337362003664,0.0],[124.98764338744833,6.672336268409649,0.0],[124.987642293616901,6.672065050145268,0.0],[124.987913557729314,6.672063956447158,0.0],[124.988184821796352,6.672062862599923,0.0]]],[[[124.982489357849389,6.672357021212769,0.0],[124.982760622973629,6.67235593030123,0.0],[124.983031888052551,6.672354839240566,0.0],[124.983030796754932,6.67208362021475,0.0],[124.982759531825025,6.67208471123065,0.0],[124.982488266849842,6.672085802097514,0.0],[124.982489357849389,6.672357021212769,0.0]]],[[[124.985203099585434,6.672617324055428,0.0],[124.985474364404922,6.672616231608761,0.0],[124.985473271720494,6.67234501298902,0.0],[124.985472179081455,6.672073794366171,0.0],[124.98520091456011,6.672074886723132,0.0],[124.985202007050034,6.672346105390834,0.0],[124.985203099585434,6.672617324055428,0.0]]],[[[124.981949009003813,6.672901640988891,0.0],[124.982220274516891,6.672900550285896,0.0],[124.98221918357568,6.672629331132183,0.0],[124.982218092679872,6.672358111975361,0.0],[124.981946827464867,6.672359202588916,0.0],[124.981947918211731,6.672630421790502,0.0],[124.981949009003813,6.672901640988891,0.0]]],[[[124.990629482900474,6.672866664572195,0.0],[124.990630578507904,6.673137882333422,0.0],[124.990901842715971,6.673136786816412,0.0],[124.990900746959511,6.672865569100126,0.0],[124.990899651248611,6.672594351380643,0.0],[124.990628387338617,6.67259544680777,0.0],[124.990629482900474,6.672866664572195,0.0]]],[[[124.981679924867592,6.673445170019652,0.0],[124.981678834133874,6.673173950782805,0.0],[124.981407568381073,6.673175041232402,0.0],[124.981408658965762,6.673446260513924,0.0],[124.981679924867592,6.673445170019652,0.0]]],[[[124.990091336156155,6.673953726454482,0.0],[124.990090240710288,6.673682508612875,0.0],[124.989818976067539,6.673683603772571,0.0],[124.989820071364278,6.673954821659032,0.0],[124.990091336156155,6.673953726454482,0.0]]],[[[124.980054508591451,6.673994149750304,0.0],[124.979783242119581,6.673995239439621,0.0],[124.97978433194568,6.674266458979781,0.0],[124.980055598566665,6.674265369245789,0.0],[124.980326865142274,6.674264279362672,0.0],[124.980327955311822,6.674535498810372,0.0],[124.980056688587098,6.674536588738165,0.0],[124.980057778652906,6.674807808227343,0.0],[124.980329045526673,6.674806718254875,0.0],[124.980600312355236,6.674805628133371,0.0],[124.980599221991255,6.674534408733543,0.0],[124.980598131672579,6.674263189330518,0.0],[124.98086939815758,6.67426209914924,0.0],[124.980868307735165,6.673990879787781,0.0],[124.980867217358039,6.673719660423214,0.0],[124.980595951171196,6.673720750515053,0.0],[124.980597041399193,6.673991969924384,0.0],[124.980325775018017,6.673993059911862,0.0],[124.980054508591451,6.673994149750304,0.0]]],[[[124.991721116768488,6.674489587231478,0.0],[124.991720020337098,6.674218369665739,0.0],[124.991448755669396,6.674219465809625,0.0],[124.991177490956034,6.674220561804387,0.0],[124.990906226197197,6.674221657650112,0.0],[124.990907322181386,6.674492875350588,0.0],[124.991178587089351,6.67449177946001,0.0],[124.991449851951657,6.674490683420307,0.0],[124.991721116768488,6.674489587231478,0.0]]],[[[124.97978433194568,6.674266458979781,0.0],[124.979513065279477,6.674267548564736,0.0],[124.979514155001752,6.674538768146463,0.0],[124.97978542181707,6.674537678516832,0.0],[124.97978433194568,6.674266458979781,0.0]]],[[[124.979514155001752,6.674538768146463,0.0],[124.979242888141215,6.674539857627058,0.0],[124.979243977759666,6.674811077250262,0.0],[124.979515244769402,6.674809987724992,0.0],[124.979514155001752,6.674538768146463,0.0]]],[[[124.978974889779323,6.675354605952575,0.0],[124.979246157132522,6.675353516487168,0.0],[124.979245067423491,6.675082296870269,0.0],[124.979243977759666,6.674811077250262,0.0],[124.97897271070471,6.674812166626318,0.0],[124.978973800219407,6.67508338629109,0.0],[124.978974889779323,6.675354605952575,0.0]]],[[[124.990099005551755,6.675852251257095,0.0],[124.99009790978721,6.675581033437603,0.0],[124.989826644100773,6.675582128911537,0.0],[124.989827739716105,6.675853346775971,0.0],[124.990099005551755,6.675852251257095,0.0]]],[[[124.989557569346829,6.676125660051722,0.0],[124.989556473835052,6.675854442145721,0.0],[124.989285207908438,6.675855537366346,0.0],[124.989286303271086,6.676126755317289,0.0],[124.989557569346829,6.676125660051722,0.0]]],[[[124.985759840147708,6.676140980200427,0.0],[124.986031106814522,6.67613988687322,0.0],[124.986302373435961,6.676138793396977,0.0],[124.986573640011912,6.676137699771698,0.0],[124.986844906542402,6.676136605997205,0.0],[124.986843812521883,6.675865387642586,0.0],[124.986572546140522,6.675866481372226,0.0],[124.986301279713686,6.675867574952741,0.0],[124.986030013241475,6.675868668384131,0.0],[124.985758746723775,6.675869761666484,0.0],[124.985759840147708,6.676140980200427,0.0]]],[[[124.985488573435504,6.676142073378419,0.0],[124.985487480160614,6.675870854799713,0.0],[124.98521621355215,6.675871947783816,0.0],[124.985217306677825,6.676143166407287,0.0],[124.985488573435504,6.676142073378419,0.0]]],[[[124.979794142418555,6.676707434699467,0.0],[124.979793052184874,6.676436215187729,0.0],[124.979791961996497,6.676164995672704,0.0],[124.979520694286506,6.676166085570387,0.0],[124.979519604292463,6.675894866007668,0.0],[124.97979087185341,6.67589377615466,0.0],[124.979789781755528,6.675622556633418,0.0],[124.979788691703035,6.675351337108979,0.0],[124.979517424440331,6.675352426872636,0.0],[124.979518514343795,6.675623646441662,0.0],[124.979247246886757,6.675624736100869,0.0],[124.979248336686396,6.675895955711462,0.0],[124.979249426531226,6.676167175318857,0.0],[124.979250516421359,6.676438394923143,0.0],[124.979521784325769,6.676437305129999,0.0],[124.979522874410321,6.676708524686412,0.0],[124.979794142418555,6.676707434699467,0.0]]],[[[124.988473599731606,6.676401258301632,0.0],[124.988744866092972,6.676400163438587,0.0],[124.989016132408878,6.676399068426417,0.0],[124.989015037149784,6.676127850433731,0.0],[124.988743770983106,6.676128945401048,0.0],[124.988472504770854,6.676130040219239,0.0],[124.988473599731606,6.676401258301632,0.0]]],[[[124.984403506132381,6.676146444599405,0.0],[124.984404598856159,6.676417663354148,0.0],[124.984675865899121,6.676416570727803,0.0],[124.984947132896792,6.676415477952333,0.0],[124.984946039874757,6.676144259287118,0.0],[124.984674773026313,6.676145352017824,0.0],[124.984403506132381,6.676146444599405,0.0]]],[[[124.983591889776477,6.67669215922436,0.0],[124.983590797454781,6.676420940338521,0.0],[124.98331953023019,6.676422032368454,0.0],[124.983320622402758,6.676693251299057,0.0],[124.983591889776477,6.67669215922436,0.0]]],[[[124.982779179438879,6.676966654017922,0.0],[124.98277808751935,6.676695435000988,0.0],[124.982506820009561,6.67669652662831,0.0],[124.982235552454384,6.676697618106417,0.0],[124.981964284853916,6.676698709435489,0.0],[124.981965376326158,6.676969928586627,0.0],[124.982236644075755,6.67696883721288,0.0],[124.982507911780047,6.676967745689919,0.0],[124.982779179438879,6.676966654017922,0.0]]],[[[124.981423931910101,6.677243330124125,0.0],[124.981422840690897,6.676972110886745,0.0],[124.981151572805231,6.676973201813117,0.0],[124.981152663875307,6.677244421095172,0.0],[124.981423931910101,6.677243330124125,0.0]]],[[[124.978982517966202,6.677253143495041,0.0],[124.979253786363373,6.677252053716995,0.0],[124.979525054715239,6.677250963789914,0.0],[124.979523964540093,6.676979744239717,0.0],[124.979252696337426,6.676980834122213,0.0],[124.978981428089384,6.676981923855583,0.0],[124.978982517966202,6.677253143495041,0.0]]],[[[124.978713429114819,6.677796672482637,0.0],[124.978984697855623,6.677795582764454,0.0],[124.979255966551136,6.677794492897147,0.0],[124.979254876434595,6.67752327330867,0.0],[124.97898360788831,6.677524363131302,0.0],[124.97871233929672,6.677525452804809,0.0],[124.978713429114819,6.677796672482637,0.0]]],[[[124.977358173849836,6.678073338733967,0.0],[124.977357084732319,6.677802118836227,0.0],[124.977085815720088,6.677803207659481,0.0],[124.977086904688477,6.678074427601808,0.0],[124.977358173849836,6.678073338733967,0.0]]],[[[124.989295067810403,6.678296498811584,0.0],[124.989566335079402,6.678295403187016,0.0],[124.989565239203571,6.678024185306151,0.0],[124.989293972083786,6.678025280885866,0.0],[124.989295067810403,6.678296498811584,0.0]]],[[[124.989023800495929,6.678297594287028,0.0],[124.989022704918426,6.678026376316368,0.0],[124.988751437707606,6.678027471597834,0.0],[124.98875253313588,6.678298689613347,0.0],[124.989023800495929,6.678297594287028,0.0]]],[[[124.990108869480807,6.678293211490325,0.0],[124.989837602302842,6.678294307413233,0.0],[124.989566335079402,6.678295403187016,0.0],[124.989567431000808,6.678566621064683,0.0],[124.989838698373461,6.678565525246047,0.0],[124.990109965700555,6.678564429278198,0.0],[124.990108869480807,6.678293211490325,0.0]]],[[[124.989295067810403,6.678296498811584,0.0],[124.989023800495929,6.678297594287028,0.0],[124.989024896118991,6.678568812254491,0.0],[124.989296163582594,6.678567716734194,0.0],[124.989295067810403,6.678296498811584,0.0]]],[[[124.984955878707353,6.678585227159926,0.0],[124.984954785322145,6.678314008520023,0.0],[124.98468351728043,6.678315101608931,0.0],[124.984684610516425,6.678586320293687,0.0],[124.984955878707353,6.678585227159926,0.0]]],[[[124.981699565826233,6.678327115742975,0.0],[124.981698474276541,6.678055896562882,0.0],[124.981427205839665,6.678056987817258,0.0],[124.981155937357414,6.67805807892242,0.0],[124.981157028608678,6.678329298191863,0.0],[124.980885759931923,6.678330389192664,0.0],[124.980614491209849,6.678331480044162,0.0],[124.980343222442499,6.678332570746623,0.0],[124.980071953629746,6.678333661299871,0.0],[124.979800684771789,6.678334751703994,0.0],[124.979801775322471,6.678605971193705,0.0],[124.980073044329629,6.678604880744907,0.0],[124.980344313291511,6.678603790146984,0.0],[124.980615582208074,6.678602699399847,0.0],[124.980886851079362,6.678601608503585,0.0],[124.981158119905331,6.678600517458197,0.0],[124.981429388686024,6.678599426263596,0.0],[124.981700657421314,6.67859833491987,0.0],[124.9817017490616,6.678869554093567,0.0],[124.981973017900813,6.678868462555951,0.0],[124.981974109735702,6.679139681681776,0.0],[124.982245378678755,6.679138589950271,0.0],[124.982244286694652,6.678867370869122,0.0],[124.982243194755924,6.678596151784864,0.0],[124.982514463355244,6.678595059993584,0.0],[124.982785731909175,6.678593968053179,0.0],[124.983057000417716,6.67859287596356,0.0],[124.983328268880967,6.678591783724817,0.0],[124.983599537298829,6.678590691336947,0.0],[124.983598444659521,6.678319472473135,0.0],[124.983327176390873,6.678320564816329,0.0],[124.983055908076835,6.678321657010309,0.0],[124.982784639717423,6.678322749055163,0.0],[124.982513371312606,6.678323840950893,0.0],[124.982242102862514,6.678324932697408,0.0],[124.981970834367104,6.67832602429471,0.0],[124.981699565826233,6.678327115742975,0.0]]],[[[124.991738665867643,6.678829067854228,0.0],[124.992009933025088,6.678827970797294,0.0],[124.992281200137057,6.678826873591324,0.0],[124.992280102678308,6.678555656165917,0.0],[124.992008835715552,6.678556753327034,0.0],[124.991737568707237,6.678557850338938,0.0],[124.991738665867643,6.678829067854228,0.0]]],[[[124.988482361055091,6.67857100284762,0.0],[124.9884834564252,6.67884222090168,0.0],[124.988754724129052,6.678841125634869,0.0],[124.988753628609729,6.678569907625662,0.0],[124.988482361055091,6.67857100284762,0.0]]],[[[124.985228240432704,6.67885535246898,0.0],[124.985227146852893,6.678584133877039,0.0],[124.984955878707353,6.678585227159926,0.0],[124.984956972138036,6.678856445796719,0.0],[124.985228240432704,6.67885535246898,0.0]]],[[[124.988213283942315,6.679114534115169,0.0],[124.98848455184087,6.679113438952631,0.0],[124.9884834564252,6.67884222090168,0.0],[124.98821218867586,6.678843316019365,0.0],[124.987940920881059,6.678844410987925,0.0],[124.9879420159983,6.679115629128582,0.0],[124.988213283942315,6.679114534115169,0.0]]],[[[124.978447609352713,6.679153860616425,0.0],[124.978718878884607,6.679152770824257,0.0],[124.978990148371309,6.679151680882875,0.0],[124.978989058177689,6.678880461265444,0.0],[124.9787177888402,6.678881551162239,0.0],[124.978446519457421,6.67888264090982,0.0],[124.978447609352713,6.679153860616425,0.0]]],[[[124.984686797124738,6.679128757653605,0.0],[124.984415528590077,6.679129850727681,0.0],[124.984144260009941,6.679130943652631,0.0],[124.983872991384516,6.679132036428368,0.0],[124.983874084309107,6.679403255237912,0.0],[124.984145353083846,6.679402162417412,0.0],[124.984416621813097,6.679401069447697,0.0],[124.984687890497057,6.679399976328768,0.0],[124.984959159135542,6.679398883060714,0.0],[124.985230427728652,6.679397789643446,0.0],[124.985501696276359,6.679396696077053,0.0],[124.985772964778604,6.679395602361446,0.0],[124.986044233235447,6.679394508496626,0.0],[124.986315501646914,6.679393414482679,0.0],[124.986586770012906,6.679392320319519,0.0],[124.986858038333423,6.679391226007145,0.0],[124.987129306608466,6.679390131545646,0.0],[124.987400574838134,6.679389036934933,0.0],[124.987671843022312,6.679387942175095,0.0],[124.987943111160931,6.679386847265953,0.0],[124.9879420159983,6.679115629128582,0.0],[124.98767074800881,6.679116723992782,0.0],[124.987399479973845,6.679117818707767,0.0],[124.987128211893392,6.679118913273627,0.0],[124.986856943767478,6.679120007690362,0.0],[124.986585675596174,6.679121101957883,0.0],[124.986314407379396,6.67912219607619,0.0],[124.986043139117143,6.679123290045372,0.0],[124.985771870809501,6.67912438386534,0.0],[124.985500602456483,6.679125477536183,0.0],[124.985499508681983,6.678854258992204,0.0],[124.985228240432704,6.67885535246898,0.0],[124.985229334057976,6.679126571057812,0.0],[124.984958065614094,6.679127664430315,0.0],[124.984956972138036,6.678856445796719,0.0],[124.984685703797879,6.678857538975245,0.0],[124.984686797124738,6.679128757653605,0.0]]],[[[124.977093439448495,6.679701747189957,0.0],[124.977364709505053,6.679700658054419,0.0],[124.977363620116108,6.679429438175508,0.0],[124.977092350208778,6.679430527266459,0.0],[124.977093439448495,6.679701747189957,0.0]]],[[[124.978179609285235,6.679968609494478,0.0],[124.978450879310074,6.679967519717498,0.0],[124.978449789279082,6.679696300020308,0.0],[124.978448699293295,6.679425080320009,0.0],[124.97817742956687,6.679426170007638,0.0],[124.978178519403457,6.679697389752612,0.0],[124.978179609285235,6.679968609494478,0.0]]],[[[124.981702840747374,6.679140773264156,0.0],[124.981431571713642,6.679141864697322,0.0],[124.981432663295408,6.679413083909389,0.0],[124.981433754922548,6.679684303118347,0.0],[124.981434846594993,6.679955522324197,0.0],[124.981435938312814,6.680226741526849,0.0],[124.981437030075938,6.680497960726304,0.0],[124.98170829985574,6.680496869069583,0.0],[124.981707207943401,6.680225649914804,0.0],[124.981706116076353,6.679954430756916,0.0],[124.981705024254694,6.67968321159583,0.0],[124.981703932478339,6.679411992431548,0.0],[124.981975201615896,6.679410900804492,0.0],[124.981974109735702,6.679139681681776,0.0],[124.981702840747374,6.679140773264156,0.0]]],[[[124.977095618063657,6.68024418702736,0.0],[124.977094528733431,6.679972967110257,0.0],[124.977093439448495,6.679701747189957,0.0],[124.976822169346647,6.67970283617628,0.0],[124.976823258482369,6.679974056141167,0.0],[124.976824347663381,6.680245276102945,0.0],[124.977095618063657,6.68024418702736,0.0]]],[[[124.975467994983788,6.680250719242662,0.0],[124.975739265610102,6.680249630913058,0.0],[124.975738177026031,6.679978410773022,0.0],[124.975466906549016,6.67997949905804,0.0],[124.975467994983788,6.680250719242662,0.0]]],[[[124.989031470812492,6.680196119992918,0.0],[124.989030374916496,6.679924902044463,0.0],[124.988759106661249,6.679925997639988,0.0],[124.988758010959941,6.679654779643394,0.0],[124.988486742808533,6.679655875044941,0.0],[124.988215474611565,6.679656970297185,0.0],[124.988216570014444,6.679928188383486,0.0],[124.987945301622787,6.679929283531369,0.0],[124.987946396921927,6.680200501659326,0.0],[124.987947492266542,6.680471719784173,0.0],[124.987948587656632,6.680742937905824,0.0],[124.988219856495931,6.680741842623292,0.0],[124.988491125289755,6.680740747191547,0.0],[124.988490029601238,6.680469529159603,0.0],[124.988761298200387,6.680468433623585,0.0],[124.988760202408031,6.680197215633297,0.0],[124.989031470812492,6.680196119992918,0.0]]],[[[124.990660177119992,6.680460760693383,0.0],[124.990659080283152,6.680189543017332,0.0],[124.990387812151909,6.680190639552905,0.0],[124.990388908839535,6.680461857273809,0.0],[124.990660177119992,6.680460760693383,0.0]]],[[[124.976824347663381,6.680245276102945,0.0],[124.976553077217801,6.680246365029228,0.0],[124.976554166294804,6.680517585032484,0.0],[124.976825436889513,6.680516496061526,0.0],[124.976824347663381,6.680245276102945,0.0]]],[[[124.975467994983788,6.680250719242662,0.0],[124.975397819925817,6.680251000744216,0.0],[124.975458426946446,6.680521982173659,0.0],[124.97546908346385,6.680521939424175,0.0],[124.975467994983788,6.680250719242662,0.0]]],[[[124.982798841748163,6.681848595782811,0.0],[124.982797749012136,6.681577376822632,0.0],[124.982526478816766,6.681578469255176,0.0],[124.982527571403494,6.681849688259942,0.0],[124.982798841748163,6.681848595782811,0.0]]],[[[124.982802120228413,6.682662252644076,0.0],[124.982801027356302,6.682391033693489,0.0],[124.98252975671312,6.682392126260148,0.0],[124.982530849436003,6.6826633452555,0.0],[124.982802120228413,6.682662252644076,0.0]]],[[[124.987693752840798,6.684812305157526,0.0],[124.987692656917901,6.684541087038451,0.0],[124.987421385897761,6.684542182650319,0.0],[124.987422481671274,6.684813400814336,0.0],[124.987693752840798,6.684812305157526,0.0]]],[[[124.987968312454342,6.685624863555337,0.0],[124.987967216245707,6.685353645490619,0.0],[124.987695944823045,6.685354741386349,0.0],[124.987697040882281,6.68562595949592,0.0],[124.987968312454342,6.685624863555337,0.0]]],[[[124.980919606574389,6.686738186364924,0.0],[124.980918514067412,6.686466967148683,0.0],[124.980647240867057,6.686468059340975,0.0],[124.980648333224551,6.686739278601892,0.0],[124.980919606574389,6.686738186364924,0.0]]],[[[124.98824506645326,6.686979857517703,0.0],[124.988516338681137,6.686978761054161,0.0],[124.988515241946345,6.68670754309487,0.0],[124.988243969867767,6.686708639513559,0.0],[124.98824506645326,6.686979857517703,0.0]]],[[[124.983362158578856,6.686999568322158,0.0],[124.983361064682242,6.686728349511548,0.0],[124.983089791740539,6.686729443092685,0.0],[124.983090885487755,6.68700066194797,0.0],[124.983362158578856,6.686999568322158,0.0]]],[[[124.989873796665378,6.687244494227849,0.0],[124.989872699138246,6.686973276496198,0.0],[124.989601427137828,6.686974373706431,0.0],[124.989602524515661,6.687245591483024,0.0],[124.989873796665378,6.687244494227849,0.0]]],[[[124.983362158578856,6.686999568322158,0.0],[124.98336325252086,6.687270787129571,0.0],[124.983634525715885,6.687269693309692,0.0],[124.983633431624582,6.686998474546955,0.0],[124.983362158578856,6.686999568322158,0.0]]],[[[124.985265449168793,6.688076782716554,0.0],[124.985264354044801,6.687805564231994,0.0],[124.984993080823315,6.687806659037752,0.0],[124.984994175797922,6.688077877566987,0.0],[124.985265449168793,6.688076782716554,0.0]]],[[[124.984180355412789,6.688081161222201,0.0],[124.984179260886449,6.687809942558496,0.0],[124.983907987483335,6.687811036766687,0.0],[124.983909081860276,6.688082255475156,0.0],[124.984180355412789,6.688081161222201,0.0]]],[[[124.98526763955293,6.688619219676171,0.0],[124.985538913177209,6.688618124586729,0.0],[124.985537817813054,6.688346906153328,0.0],[124.985266544338174,6.688348001197917,0.0],[124.98526763955293,6.688619219676171,0.0]]],[[[124.980114524490276,6.688911217316371,0.0],[124.980385799125827,6.688910125020695,0.0],[124.980384706555256,6.688638905740327,0.0],[124.980383614029904,6.688367686456851,0.0],[124.980112339693221,6.688368778663176,0.0],[124.980113432069103,6.688639997991328,0.0],[124.980114524490276,6.688911217316371,0.0]]],[[[124.984457102979519,6.689436159866955,0.0],[124.984456008076776,6.689164941263823,0.0],[124.984184733972,6.689166035845315,0.0],[124.984185828725344,6.689437254493122,0.0],[124.984457102979519,6.689436159866955,0.0]]],[[[124.984189113257557,6.690250910417803,0.0],[124.98418801836813,6.689979691779411,0.0],[124.983916743769612,6.689980786345715,0.0],[124.98391783850964,6.690252005028872,0.0],[124.984189113257557,6.690250910417803,0.0]]],[[[124.986631680225614,6.690512270426017,0.0],[124.986630583945654,6.690241052193877,0.0],[124.986359309606399,6.690242148149825,0.0],[124.98636040573696,6.690513366426729,0.0],[124.986631680225614,6.690512270426017,0.0]]],[[[124.9795818062222,6.691354376046541,0.0],[124.979497516958077,6.691354715423656,0.0],[124.979582441340256,6.691512036890351,0.0],[124.9795818062222,6.691354376046541,0.0]]],[[[124.987450987742562,6.691865071967649,0.0],[124.987722262796709,6.691863975144927,0.0],[124.987721165691553,6.691592757108009,0.0],[124.987449890786877,6.691593853885878,0.0],[124.987450987742562,6.691865071967649,0.0]]],[[[124.980125451193643,6.69162341039272,0.0],[124.979854175018161,6.691624502985758,0.0],[124.97964360988945,6.691625350942567,0.0],[124.979789702768798,6.691895986365081,0.0],[124.979855267788125,6.69189572232066,0.0],[124.980126544113077,6.691894629682946,0.0],[124.980125451193643,6.69162341039272,0.0]]],[[[124.984739330207248,6.692147250500633,0.0],[124.984738234701069,6.691876031973973,0.0],[124.984466959147042,6.691877127152588,0.0],[124.984468054503836,6.692148345724012,0.0],[124.984739330207248,6.692147250500633,0.0]]],[[[124.98854047835593,6.692945555357874,0.0],[124.988539380620338,6.692674337468127,0.0],[124.988268105254079,6.69267543487376,0.0],[124.988269202840186,6.69294665280836,0.0],[124.98854047835593,6.692945555357874,0.0]]],[[[124.989084127331097,6.693214577805127,0.0],[124.989083029250892,6.692943360008372,0.0],[124.988811753826198,6.692944457757819,0.0],[124.988812851756833,6.693215675599515,0.0],[124.989084127331097,6.693214577805127,0.0]]],[[[124.988543771835722,6.69375920900793,0.0],[124.988815047754613,6.693758111273316,0.0],[124.988813949732943,6.693486893438014,0.0],[124.988542673963622,6.693487991127687,0.0],[124.988543771835722,6.69375920900793,0.0]]],[[[124.988544869753312,6.694030426884976,0.0],[124.988543771835722,6.69375920900793,0.0],[124.988272495871371,6.693760306593064,0.0],[124.988273593639462,6.694031524514874,0.0],[124.988544869753312,6.694030426884976,0.0]]],[[[124.989089618414425,6.694570666741559,0.0],[124.988818342092486,6.694571764760302,0.0],[124.988547065724973,6.694572862629475,0.0],[124.988548163779072,6.694844080497018,0.0],[124.988819440296055,6.694842982582903,0.0],[124.988820538545184,6.695114200402394,0.0],[124.988821636839802,6.695385418218778,0.0],[124.98882273517998,6.695656636031964,0.0],[124.988823833565618,6.695927853841952,0.0],[124.989095110635404,6.695926755598856,0.0],[124.989094012100196,6.69565553783372,0.0],[124.989092913610449,6.695384320065387,0.0],[124.989091815166262,6.695113102293946,0.0],[124.989090716767564,6.694841884519307,0.0],[124.989089618414425,6.694570666741559,0.0]]],[[[124.989639862443781,6.696466994005132,0.0],[124.989638763518386,6.696195776336098,0.0],[124.98936748638998,6.696196874923186,0.0],[124.989368585165806,6.696468092637162,0.0],[124.989639862443781,6.696466994005132,0.0]]],[[[124.982475207232952,6.696224736237316,0.0],[124.982586182437444,6.69638256667349,0.0],[124.982585543405264,6.696224290994022,0.0],[124.982475207232952,6.696224736237316,0.0]]],[[[124.989639862443781,6.696466994005132,0.0],[124.989640961414651,6.696738211670969,0.0],[124.98991223879672,6.696737112844517,0.0],[124.989911139676195,6.696465895223622,0.0],[124.989639862443781,6.696466994005132,0.0]]],[[[124.989640961414651,6.696738211670969,0.0],[124.989369683987107,6.696739310347852,0.0],[124.989370782853968,6.697010528055434,0.0],[124.98964206043118,6.697009429333698,0.0],[124.989640961414651,6.696738211670969,0.0]]],[[[124.989374079727597,6.69782418115926,0.0],[124.989375178776442,6.69809539885414,0.0],[124.989646456952102,6.698094299952815,0.0],[124.989645357753588,6.697823082302787,0.0],[124.989644258600549,6.697551864649562,0.0],[124.989372980724212,6.697552963461182,0.0],[124.989374079727597,6.69782418115926,0.0]]],[[[124.98991883447593,6.698364418503808,0.0],[124.989917735082187,6.69809320090192,0.0],[124.989646456952102,6.698094299952815,0.0],[124.989647556196175,6.698365517599645,0.0],[124.98991883447593,6.698364418503808,0.0]]],[[[124.991547603535196,6.698629038116519,0.0],[124.991546503198123,6.698357820787124,0.0],[124.991275225191586,6.698358920780643,0.0],[124.991276325379076,6.698630138154891,0.0],[124.991547603535196,6.698629038116519,0.0]]],[[[124.99046139089883,6.698362219863339,0.0],[124.99019011271011,6.698363319258402,0.0],[124.98991883447593,6.698364418503808,0.0],[124.989919933915132,6.698635636102677,0.0],[124.990191212298981,6.698634536812329,0.0],[124.990462490637341,6.698633437372412,0.0],[124.99046139089883,6.698362219863339,0.0]]],[[[124.990466890046719,6.699718307376732,0.0],[124.990467990012874,6.699989524869818,0.0],[124.990739269053975,6.699988425055712,0.0],[124.990738168938066,6.699717207607478,0.0],[124.990737068867816,6.699445990156048,0.0],[124.990465790126024,6.699447089880359,0.0],[124.990466890046719,6.699718307376732,0.0]]],[[[124.98803087152595,6.701084288019641,0.0],[124.9880297727249,6.700813070135223,0.0],[124.987758492779633,6.700814168587486,0.0],[124.987759591431029,6.701085386516756,0.0],[124.98803087152595,6.701084288019641,0.0]]],[[[124.98966625030981,6.702976217111698,0.0],[124.98966515029187,6.702704999518692,0.0],[124.989393869571572,6.70270609918314,0.0],[124.989394969439772,6.702977316820999,0.0],[124.98966625030981,6.702976217111698,0.0]]],[[[124.989397169312682,6.703519752087304,0.0],[124.989396069353447,6.70324853445575,0.0],[124.989124788288194,6.703249634060247,0.0],[124.989125888097675,6.703520851736653,0.0],[124.989397169312682,6.703519752087304,0.0]]],[[[125.007806375291764,6.627503325689319,0.0],[125.007805277859404,6.627232110286205,0.0],[125.007534041634187,6.627233207537473,0.0],[125.007535138918499,6.627504422985884,0.0],[125.007806375291764,6.627503325689319,0.0]]],[[[125.008351043495196,6.628043561267991,0.0],[125.008349945674965,6.627772345961689,0.0],[125.008078709245467,6.627773443599581,0.0],[125.008079806917635,6.62804465895118,0.0],[125.008351043495196,6.628043561267991,0.0]]],[[[125.009708324300007,6.628309285708487,0.0],[125.009707225693731,6.628038070631956,0.0],[125.00943598934596,6.628039169055175,0.0],[125.009437087804173,6.628310384177092,0.0],[125.009708324300007,6.628309285708487,0.0]]],[[[125.009437087804173,6.628310384177092,0.0],[125.009165851262409,6.628311482497637,0.0],[125.009166949618574,6.628582697661654,0.0],[125.009438186308387,6.628581599295811,0.0],[125.009437087804173,6.628310384177092,0.0]]],[[[125.006728011528594,6.629135007427487,0.0],[125.006726914413036,6.628863791862014,0.0],[125.006455677115966,6.628864888792827,0.0],[125.00645677408356,6.629136104403597,0.0],[125.006728011528594,6.629135007427487,0.0]]],[[[125.008626672359014,6.629127324449411,0.0],[125.008627770556899,6.629398539694695,0.0],[125.008628868800713,6.629669754936871,0.0],[125.008629967090442,6.629940970175849,0.0],[125.008901204612485,6.629939871879462,0.0],[125.008900106174607,6.629668656685781,0.0],[125.008899007782745,6.629397441488902,0.0],[125.008897909436797,6.629126226288915,0.0],[125.00889681113685,6.628855011085819,0.0],[125.008895712882747,6.628583795879526,0.0],[125.008624476100991,6.628584893949339,0.0],[125.008625574207045,6.628856109200929,0.0],[125.008626672359014,6.629127324449411,0.0]]],[[[125.004290160496353,6.629958522782329,0.0],[125.004289064575659,6.629687306819041,0.0],[125.004017826421858,6.629688402553211,0.0],[125.00401892219439,6.629959618561707,0.0],[125.004290160496353,6.629958522782329,0.0]]],[[[125.008088589948215,6.630214381650998,0.0],[125.008087491908682,6.629943166324535,0.0],[125.00781625424888,6.629944264176744,0.0],[125.007545016543261,6.629945361880893,0.0],[125.007273778791713,6.629946459436984,0.0],[125.007274876386973,6.630217674899428,0.0],[125.007546114286669,6.63021657729804,0.0],[125.00781735214035,6.630215479548505,0.0],[125.008088589948215,6.630214381650998,0.0]]],[[[125.002935063754592,6.630235216384759,0.0],[125.002933968528467,6.629964000198627,0.0],[125.002662729997454,6.629965095237709,0.0],[125.00266382507553,6.630236311469049,0.0],[125.002935063754592,6.630235216384759,0.0]]],[[[125.008904500201439,6.630753517441765,0.0],[125.008903401625901,6.630482302257499,0.0],[125.008902303096178,6.630211087070035,0.0],[125.008631065426172,6.630212185411719,0.0],[125.008632163807732,6.63048340064448,0.0],[125.008633262235307,6.630754615874133,0.0],[125.008634360708712,6.631025831100588,0.0],[125.008905598822992,6.631024732622923,0.0],[125.008904500201439,6.630753517441765,0.0]]],[[[125.007005833473599,6.630761203358646,0.0],[125.007004735934558,6.630489987857211,0.0],[125.006733497795054,6.630491085207777,0.0],[125.006734595185947,6.63076230075442,0.0],[125.007005833473599,6.630761203358646,0.0]]],[[[125.009179034568589,6.631566064259329,0.0],[125.009177935706958,6.631294849129863,0.0],[125.008906697490545,6.631295947800973,0.0],[125.008907796203928,6.631567162975736,0.0],[125.008908894963326,6.631838378147479,0.0],[125.00890999376864,6.632109593316113,0.0],[125.009181232429412,6.632108494509024,0.0],[125.009180133476036,6.631837279385775,0.0],[125.009179034568589,6.631566064259329,0.0]]],[[[125.005382790120365,6.631852648572676,0.0],[125.005381693286452,6.631581432812248,0.0],[125.00511045427929,6.631582529455291,0.0],[125.00511155096514,6.631853745260927,0.0],[125.005382790120365,6.631852648572676,0.0]]],[[[124.997520113916295,6.632698043593153,0.0],[124.997519021240663,6.632426826532787,0.0],[124.997247780462018,6.632427919016224,0.0],[124.997248872989601,6.63269913612162,0.0],[124.997520113916295,6.632698043593153,0.0]]],[[[124.996435149935422,6.632702412818134,0.0],[124.996434057852198,6.632431195577557,0.0],[124.996162816890944,6.63243228746849,0.0],[124.99616390882602,6.632703504754098,0.0],[124.996435149935422,6.632702412818134,0.0]]],[[[125.006743375965428,6.632932025014679,0.0],[125.00701461543791,6.632930927256706,0.0],[125.007013517531789,6.632659711780406,0.0],[125.006742278207369,6.632660809493083,0.0],[125.006743375965428,6.632932025014679,0.0]]],[[[124.995081126753931,6.63325030593843,0.0],[124.995080035320228,6.632979088479005,0.0],[124.994808793834508,6.632980179719348,0.0],[124.994809885120063,6.633251397223714,0.0],[124.995081126753931,6.63325030593843,0.0]]],[[[124.994266310726303,6.632982361755499,0.0],[124.993995069103718,6.632983452551398,0.0],[124.993996159944913,6.633254670190856,0.0],[124.994267401715561,6.633253579349927,0.0],[124.994538643440634,6.633252488360939,0.0],[124.994537552303143,6.632981270811542,0.0],[124.994266310726303,6.632982361755499,0.0]]],[[[124.995624701660432,6.633519340289671,0.0],[124.995623609884703,6.633248122923416,0.0],[124.995352368342139,6.633249214504997,0.0],[124.995353459969735,6.633520431916193,0.0],[124.995624701660432,6.633519340289671,0.0]]],[[[124.993996159944913,6.633254670190856,0.0],[124.993724918128621,6.633255760883547,0.0],[124.993560183786698,6.633256423208128,0.0],[124.993183492780659,6.633521195227189,0.0],[124.993183524801736,6.633529159595839,0.0],[124.993454766857312,6.633528069154324,0.0],[124.993726008867228,6.63352697856475,0.0],[124.993997250831669,6.633525887827028,0.0],[124.993996159944913,6.633254670190856,0.0]]],[[[125.006749963477205,6.634559318078002,0.0],[125.006748865443896,6.634288102575234,0.0],[125.006477625184758,6.634289200411456,0.0],[125.006478723069918,6.634560415959432,0.0],[125.006749963477205,6.634559318078002,0.0]]],[[[125.007836023319626,6.634826140388825,0.0],[125.008107263645641,6.634825041721268,0.0],[125.008378503925741,6.634823942905475,0.0],[125.008377404957358,6.634552727677598,0.0],[125.008106164825492,6.634553826448095,0.0],[125.007834924647625,6.634554925070355,0.0],[125.007836023319626,6.634826140388825,0.0]]],[[[125.008922083658703,6.635092959963438,0.0],[125.009193323949205,6.635091860657902,0.0],[125.009192224490363,6.634820645569115,0.0],[125.008920984348109,6.634821744829442,0.0],[125.008922083658703,6.635092959963438,0.0]]],[[[125.008650843322286,6.635094059120914,0.0],[125.00864974415984,6.634822843941532,0.0],[125.008378503925741,6.634823942905475,0.0],[125.008379602939954,6.635095158130153,0.0],[125.008380702000096,6.635366373351723,0.0],[125.008651942530662,6.635365274297098,0.0],[125.008650843322286,6.635094059120914,0.0]]],[[[125.008112758435061,6.636181118039794,0.0],[125.008383999456171,6.636180018997426,0.0],[125.008655240431281,6.636178919806999,0.0],[125.008654141085159,6.63590770464014,0.0],[125.008382900258198,6.63590880378536,0.0],[125.008111659385321,6.635909902782342,0.0],[125.008112758435061,6.636181118039794,0.0]]],[[[124.998077902037764,6.636492895345545,0.0],[124.998076808426163,6.636221678419294,0.0],[124.997805565664493,6.636222771829901,0.0],[124.997806659127946,6.636493988801271,0.0],[124.998077902037764,6.636492895345545,0.0]]],[[[125.007574671727525,6.637268177040387,0.0],[125.007573572790577,6.636996961704953,0.0],[125.007302331187091,6.636998060438501,0.0],[125.007303429975792,6.637269275819322,0.0],[125.007574671727525,6.637268177040387,0.0]]],[[[124.999168344928677,6.637844603723217,0.0],[124.999167250495518,6.637573386992988,0.0],[124.998896007175532,6.637574481221962,0.0],[124.998897101460372,6.637845697997222,0.0],[124.999168344928677,6.637844603723217,0.0]]],[[[124.998638991150358,6.641101393723123,0.0],[124.998637896465311,6.640830176940402,0.0],[124.998366651274466,6.640831271413892,0.0],[124.998367745811194,6.641102488241732,0.0],[124.998638991150358,6.641101393723123,0.0]]],[[[124.994843737599467,6.641659138303777,0.0],[124.995114983828941,6.641658045623253,0.0],[124.995113890980903,6.641386828261262,0.0],[124.994842644899748,6.641387920896755,0.0],[124.994843737599467,6.641659138303777,0.0]]],[[[124.995930908966614,6.642197201136466,0.0],[124.995929815582215,6.641925983915784,0.0],[124.995658569341359,6.641927077086227,0.0],[124.995659662577353,6.642198294352029,0.0],[124.995930908966614,6.642197201136466,0.0]]],[[[124.995388416142447,6.642199387419176,0.0],[124.995387323054771,6.641928170108433,0.0],[124.995116076722624,6.641929262982225,0.0],[124.995117169661967,6.642200480338087,0.0],[124.995388416142447,6.642199387419176,0.0]]],[[[124.995661849186291,6.642740728874128,0.0],[124.995660755858992,6.642469511614633,0.0],[124.995389509275753,6.6424706047269,0.0],[124.995390602454734,6.642741822031426,0.0],[124.995661849186291,6.642740728874128,0.0]]],[[[124.993763121106994,6.642748377859307,0.0],[124.993762028818338,6.642477160284863,0.0],[124.993490781915796,6.642478252358583,0.0],[124.993491874056133,6.642749469978058,0.0],[124.993763121106994,6.642748377859307,0.0]]],[[[125.00081881712137,6.643533579890168,0.0],[125.000817720837958,6.643262363496736,0.0],[125.000546474677847,6.643263459562907,0.0],[125.000547570812856,6.643534676001548,0.0],[125.00081881712137,6.643533579890168,0.0]]],[[[124.99593637657307,6.643553287193069,0.0],[124.995935282960488,6.643282069988108,0.0],[124.995664035977754,6.643283163383793,0.0],[124.995665129441917,6.643554380633785,0.0],[124.99593637657307,6.643553287193069,0.0]]],[[[124.994037645697261,6.643560938161905,0.0],[124.994308893102058,6.6435598456115,0.0],[124.994307800379786,6.643288628136443,0.0],[124.994036553123408,6.643289720641818,0.0],[124.994037645697261,6.643560938161905,0.0]]],[[[124.999193529507551,6.644082587651554,0.0],[124.999192434022959,6.643811370993622,0.0],[124.998921187291572,6.643812466259722,0.0],[124.998922282627746,6.644083682962862,0.0],[124.999193529507551,6.644082587651554,0.0]]],[[[124.995667316507294,6.644096815124443,0.0],[124.995666222951826,6.643825597880668,0.0],[124.995394975626681,6.643826691218,0.0],[124.995396069033831,6.644097908506805,0.0],[124.995667316507294,6.644096815124443,0.0]]],[[[124.99783838944019,6.644359279604459,0.0],[124.997837294651845,6.644088062724127,0.0],[124.9975660475436,6.64408915729354,0.0],[124.997567142183527,6.644360374218903,0.0],[124.99783838944019,6.644359279604459,0.0]]],[[[124.997296989418402,6.644632685652216,0.0],[124.997295894881219,6.644361468684932,0.0],[124.997024647533266,6.644362563002635,0.0],[124.997025741922016,6.64463378001495,0.0],[124.997296989418402,6.644632685652216,0.0]]],[[[124.992958116207632,6.644921395332646,0.0],[124.992957023999352,6.644650177648423,0.0],[124.992685775772983,6.64465126963679,0.0],[124.992686867832845,6.644922487366043,0.0],[124.992958116207632,6.644921395332646,0.0]]],[[[124.995673878798627,6.645724118521099,0.0],[124.995672784969244,6.645452901296243,0.0],[124.995401536753704,6.64545399490367,0.0],[124.995402630434583,6.645725212173557,0.0],[124.995673878798627,6.645724118521099,0.0]]],[[[124.992689052089275,6.645464922815045,0.0],[124.992690144285831,6.645736140534884,0.0],[124.992961393105944,6.645735048366661,0.0],[124.993232641880411,6.645733956049935,0.0],[124.993231549386934,6.645462738420158,0.0],[124.992960300760885,6.645463830691853,0.0],[124.992689052089275,6.645464922815045,0.0]]],[[[124.994589978350021,6.645999709642223,0.0],[124.994318729655149,6.646000802745964,0.0],[124.994047480914602,6.64600189570129,0.0],[124.993776232128425,6.646002988508202,0.0],[124.993504983296759,6.646004081166699,0.0],[124.993233734419348,6.646005173676692,0.0],[124.993234827004045,6.646276391300341,0.0],[124.993506076029774,6.646275298745317,0.0],[124.993777325009944,6.646274206041789,0.0],[124.994048573944539,6.646273113189936,0.0],[124.994319822833489,6.646272020189667,0.0],[124.994591071676879,6.646270927040896,0.0],[124.99486232047461,6.64626983374371,0.0],[124.994861226999348,6.645998616389979,0.0],[124.994589978350021,6.645999709642223,0.0]]],[[[125.00652707544296,6.646493896959691,0.0],[125.006525975538878,6.646222681550005,0.0],[125.00625472870837,6.646223781229641,0.0],[125.006255828464035,6.646494996684624,0.0],[125.00652707544296,6.646493896959691,0.0]]],[[[124.99811949313775,6.64679913621685,0.0],[124.998390741638829,6.646798040899857,0.0],[124.998389646142428,6.646526824138097,0.0],[124.998118397789767,6.646527919409881,0.0],[124.99811949313775,6.64679913621685,0.0]]],[[[125.006800522618704,6.647035227805795,0.0],[125.006799422474373,6.646764012447623,0.0],[125.006528175392958,6.646765112366269,0.0],[125.006529275388871,6.647036327769649,0.0],[125.006800522618704,6.647035227805795,0.0]]],[[[124.995408099523502,6.647081298476185,0.0],[124.995407005614453,6.64681008122193,0.0],[124.995135756611106,6.646811174906007,0.0],[124.995136850371651,6.647082392205204,0.0],[124.995408099523502,6.647081298476185,0.0]]],[[[125.008971600183457,6.647297637743397,0.0],[125.009242847148613,6.64729653639816,0.0],[125.009241745622177,6.647025321450859,0.0],[125.008970498805525,6.647026422750799,0.0],[125.008971600183457,6.647297637743397,0.0]]],[[[125.006802723045126,6.647577658512547,0.0],[125.00680162280895,6.64730644316077,0.0],[125.006530375430614,6.64730754316992,0.0],[125.006531475518287,6.647578758566994,0.0],[125.006802723045126,6.647577658512547,0.0]]],[[[125.003818997726754,6.647589750946001,0.0],[125.003817899123845,6.647318535096578,0.0],[125.003546651241024,6.647319633472724,0.0],[125.003547749695514,6.647590849367355,0.0],[125.003818997726754,6.647589750946001,0.0]]],[[[124.994325289409488,6.647628107360846,0.0],[124.994324196003134,6.647356889932863,0.0],[124.99405294652027,6.647357983113165,0.0],[124.994054039778192,6.647629200586089,0.0],[124.994325289409488,6.647628107360846,0.0]]],[[[125.006533675831193,6.648121189351817,0.0],[125.006532575651775,6.64784997396096,0.0],[125.006261327930517,6.647851073912201,0.0],[125.006262427961516,6.648122289348266,0.0],[125.006533675831193,6.648121189351817,0.0]]],[[[124.992972319062702,6.648447224942164,0.0],[124.992971226261915,6.648176007298798,0.0],[124.992699976105627,6.648177099871675,0.0],[124.992701068757995,6.648448317559983,0.0],[124.992972319062702,6.648447224942164,0.0]]],[[[125.003827788200169,6.64975947762859,0.0],[125.003826689230621,6.649488261804302,0.0],[125.003555440159872,6.649489360542113,0.0],[125.003556538980902,6.649760576411521,0.0],[125.003827788200169,6.64975947762859,0.0]]],[[[124.998945295247736,6.649779233001039,0.0],[124.999216545245133,6.649778136742666,0.0],[124.999215448800413,6.649506920150725,0.0],[124.99894419895152,6.649508016364067,0.0],[124.998945295247736,6.649779233001039,0.0]]],[[[124.99406388115186,6.650070157701102,0.0],[124.994062787483514,6.649798940256422,0.0],[124.993791536618545,6.649800033693141,0.0],[124.993792630138387,6.650071251182763,0.0],[124.99406388115186,6.650070157701102,0.0]]],[[[124.999219834853633,6.650591786499569,0.0],[124.999218738271693,6.650320569917132,0.0],[124.99894748797729,6.650321666265655,0.0],[124.998948584410627,6.6505928828933,0.0],[124.999219834853633,6.650591786499569,0.0]]],[[[124.992983249577335,6.651159401203341,0.0],[124.992982156320735,6.650888183591417,0.0],[124.992710904679313,6.650889276613801,0.0],[124.992711997787325,6.651160494270756,0.0],[124.992983249577335,6.651159401203341,0.0]]],[[[124.997873446790194,6.653038218112504,0.0],[124.997602194781507,6.653039314169171,0.0],[124.997603290929035,6.653310530990706,0.0],[124.997874543086311,6.653309434889008,0.0],[124.998145795197843,6.653308338638717,0.0],[124.998144698753123,6.653037121907333,0.0],[124.997873446790194,6.653038218112504,0.0]]],[[[124.996518281843265,6.653314913911754,0.0],[124.996789534183137,6.653313818404425,0.0],[124.997060786477462,6.653312722748415,0.0],[124.997059690627196,6.65304150583673,0.0],[124.996788438481474,6.653042601447621,0.0],[124.996517186290106,6.653043696910008,0.0],[124.996518281843265,6.653314913911754,0.0]]],[[[124.997603290929035,6.653310530990706,0.0],[124.997332038726114,6.653311626943901,0.0],[124.997333134770614,6.653582843807357,0.0],[124.997604387122223,6.653581747809132,0.0],[124.997603290929035,6.653310530990706,0.0]]],[[[124.99462170334786,6.65386501292716,0.0],[124.994622797997465,6.654136230234617,0.0],[124.994894051102776,6.654135135632342,0.0],[124.994892956304483,6.653863918369916,0.0],[124.99462170334786,6.65386501292716,0.0]]],[[[125.003303974158513,6.654372345114532,0.0],[125.003302874707131,6.654101129253385,0.0],[125.003031623018998,6.654102228462375,0.0],[125.003032722321791,6.65437344436882,0.0],[125.003303974158513,6.654372345114532,0.0]]],[[[124.995166399155067,6.65440525809585,0.0],[124.995437652317761,6.65440416315136,0.0],[124.995708905434796,6.654403068058277,0.0],[124.995707810144978,6.654131850933962,0.0],[124.995436557176617,6.654132945982014,0.0],[124.995165304162526,6.654134040881474,0.0],[124.995166399155067,6.65440525809585,0.0]]],[[[124.994622797997465,6.654136230234617,0.0],[124.994351544846594,6.654137324688212,0.0],[124.99435263939327,6.654408542037591,0.0],[124.994623892692829,6.654407447538966,0.0],[124.994622797997465,6.654136230234617,0.0]]],[[[125.00764509918578,6.654625951969515,0.0],[125.007643997310481,6.654354736835342,0.0],[125.007372746207565,6.654355838467372,0.0],[125.007373847934275,6.654627053646842,0.0],[125.00764509918578,6.654625951969515,0.0]]],[[[124.997066266413967,6.654668807259498,0.0],[124.997065170335361,6.654397590363623,0.0],[124.996793917446496,6.654398686199756,0.0],[124.996795013376513,6.654669903140751,0.0],[124.997066266413967,6.654668807259498,0.0]]],[[[124.994354828623486,6.654950976726757,0.0],[124.994353733985605,6.654679759383773,0.0],[124.99435263939327,6.654408542037591,0.0],[124.994081386048066,6.654409636387624,0.0],[124.994082480491713,6.654680853778747,0.0],[124.994083574981005,6.654952071166762,0.0],[124.994354828623486,6.654950976726757,0.0]]],[[[124.994084669515871,6.655223288551668,0.0],[124.994083574981005,6.654952071166762,0.0],[124.993812321292964,6.654953165458175,0.0],[124.993813415679142,6.655224382888023,0.0],[124.994084669515871,6.655223288551668,0.0]]],[[[124.993813415679142,6.655224382888023,0.0],[124.993542161796853,6.655225477075697,0.0],[124.993543256080102,6.655496694547378,0.0],[124.99381451011098,6.655495600314674,0.0],[124.993813415679142,6.655224382888023,0.0]]],[[[125.002766966897013,6.655730623185083,0.0],[125.002765867513844,6.655459407249329,0.0],[125.002494614991008,6.655460506387088,0.0],[125.002495714225574,6.65573172236805,0.0],[125.002766966897013,6.655730623185083,0.0]]],[[[124.999511931817224,6.655743803569867,0.0],[124.999783184992253,6.655742706022036,0.0],[125.000054438121452,6.655741608325525,0.0],[125.000053340224838,6.655470391938221,0.0],[124.999782087244313,6.655471489589613,0.0],[124.999510834217972,6.655472587092324,0.0],[124.999511931817224,6.655743803569867,0.0]]],[[[124.993543256080102,6.655496694547378,0.0],[124.993272002003479,6.65549778863149,0.0],[124.993000747881382,6.655498882566833,0.0],[124.992729493713625,6.655499976353672,0.0],[124.992730587596398,6.65577119395707,0.0],[124.993001841912829,6.655770100125289,0.0],[124.9932730961836,6.655769006144916,0.0],[124.993544350408811,6.655767912015862,0.0],[124.993543256080102,6.655496694547378,0.0]]],[[[125.006836853128945,6.655985332858259,0.0],[125.007108105215607,6.655984231251808,0.0],[125.007107003407981,6.65571301604285,0.0],[125.007105901646369,6.655441800830784,0.0],[125.006834649857069,6.655442902346729,0.0],[125.006835751470092,6.655714117604092,0.0],[125.006836853128945,6.655985332858259,0.0]]],[[[125.002766966897013,6.655730623185083,0.0],[125.002768066325999,6.656001839117818,0.0],[125.003039319100381,6.65600073974105,0.0],[125.003038219522793,6.655729523853524,0.0],[125.002766966897013,6.655730623185083,0.0]]],[[[125.001681955936107,6.655735019024953,0.0],[125.001683054770467,6.656006235138343,0.0],[125.001954307727985,6.656005136356211,0.0],[125.002225560639843,6.656004037425398,0.0],[125.002224461508135,6.655732821402336,0.0],[125.001953208745036,6.655733920287941,0.0],[125.001681955936107,6.655735019024953,0.0]]],[[[125.001140548717942,6.656008432256741,0.0],[125.001139450180943,6.655737216053113,0.0],[125.000868197234709,6.655738314344171,0.0],[125.000869295623019,6.656009530593008,0.0],[125.001140548717942,6.656008432256741,0.0]]],[[[124.997343001227335,6.656023795436803,0.0],[124.997341904771616,6.655752578601679,0.0],[124.997070651185268,6.655753674811735,0.0],[124.997071747492313,6.65602489169189,0.0],[124.997343001227335,6.656023795436803,0.0]]],[[[124.994631556837348,6.656305968581031,0.0],[124.994630461822695,6.656034751298709,0.0],[124.99435920763122,6.656035846067341,0.0],[124.994360302497199,6.656307063394693,0.0],[124.994631556837348,6.656305968581031,0.0]]],[[[125.007924065844719,6.656523355677266,0.0],[125.007922963499297,6.656252140610506,0.0],[125.007651711401806,6.656253242708208,0.0],[125.00765281359854,6.656524457820265,0.0],[125.007924065844719,6.656523355677266,0.0]]],[[[124.999256047706254,6.659541931956245,0.0],[124.999254949615477,6.659270715477636,0.0],[124.998983694415941,6.659271813314569,0.0],[124.998984792357945,6.659543029838297,0.0],[124.999256047706254,6.659541931956245,0.0]]],[[[125.001427188172514,6.659804359660435,0.0],[125.001426088846017,6.659533143546068,0.0],[125.001154833863723,6.659534242617924,0.0],[125.001155933041446,6.65980545877741,0.0],[125.001427188172514,6.659804359660435,0.0]]],[[[124.996274429407421,6.660096434417349,0.0],[124.996545685510156,6.660095337932579,0.0],[124.99654458881551,6.659824121009525,0.0],[124.996273332861549,6.659825217449264,0.0],[124.996274429407421,6.660096434417349,0.0]]],[[[125.007668249173761,6.66032146905867,0.0],[125.007667146334157,6.660050253990666,0.0],[125.007395892108761,6.660051356573846,0.0],[125.007396994799592,6.660322571687058,0.0],[125.007668249173761,6.66032146905867,0.0]]],[[[125.005228059700428,6.660602602831909,0.0],[125.005226958153841,6.660331387359606,0.0],[125.004955703366676,6.660332488649332,0.0],[125.00495680476449,6.660603704166843,0.0],[125.005228059700428,6.660602602831909,0.0]]],[[[125.004415395901148,6.660877121995221,0.0],[125.004686651077606,6.66087602091253,0.0],[125.004685549782721,6.660604805353008,0.0],[125.004414294755037,6.660605906390491,0.0],[125.004415395901148,6.660877121995221,0.0]]],[[[125.004415395901148,6.660877121995221,0.0],[125.004144140678861,6.660878222929143,0.0],[125.004145241722128,6.661149438575973,0.0],[125.004416497093089,6.661148337596843,0.0],[125.004415395901148,6.660877121995221,0.0]]],[[[124.997637294161891,6.661718250896862,0.0],[124.99763619659808,6.661447034172938,0.0],[124.997364939934187,6.661448131478029,0.0],[124.997366037349238,6.661719348246984,0.0],[124.997637294161891,6.661718250896862,0.0]]],[[[125.002525410869382,6.663054552664502,0.0],[125.002524310398286,6.662783336768539,0.0],[125.002253053813718,6.66278443697744,0.0],[125.002254154135954,6.663055652918524,0.0],[125.002525410869382,6.663054552664502,0.0]]],[[[125.003070125873776,6.663594783311741,0.0],[125.00307122677998,6.663865999107874,0.0],[125.003342483822507,6.66386489827183,0.0],[125.003343584923314,6.664136114019557,0.0],[125.003614842068856,6.664135012989534,0.0],[125.003886099168568,6.664133911810652,0.0],[125.003884997769958,6.663862696153342,0.0],[125.003613740819191,6.663863797287015,0.0],[125.003612639615255,6.663592581581299,0.0],[125.003341382767431,6.663593682520905,0.0],[125.003070125873776,6.663594783311741,0.0]]],[[[125.00225965643439,6.664411732576778,0.0],[125.00253091391194,6.664410632096893,0.0],[125.002529813211879,6.664139416216739,0.0],[125.002528712557549,6.663868200333387,0.0],[125.002257455377631,6.663869300722944,0.0],[125.002258555883103,6.664140516651416,0.0],[125.00225965643439,6.664411732576778,0.0]]],[[[125.006599770576599,6.664394107038061,0.0],[125.006598667643658,6.664122891836208,0.0],[125.006327411002601,6.66412399450341,0.0],[125.006056154315615,6.664125097021754,0.0],[125.006057256950839,6.664396312314111,0.0],[125.006058359631908,6.664667527603272,0.0],[125.006329616616597,6.664666424994423,0.0],[125.00660087355547,6.664665322236716,0.0],[125.006599770576599,6.664394107038061,0.0]]],[[[125.004428613230431,6.664131709006402,0.0],[125.004157356222464,6.664132810483001,0.0],[125.003886099168568,6.664133911810652,0.0],[125.003887200612937,6.664405127464854,0.0],[125.003888302103206,6.664676343115947,0.0],[125.003617044705777,6.664677444385245,0.0],[125.003618146092933,6.664948660078349,0.0],[125.003889403639221,6.664947558763843,0.0],[125.004160661139693,6.664946457300478,0.0],[125.00415955945472,6.664675241697791,0.0],[125.004158457815677,6.664404026091995,0.0],[125.004429714972503,6.664402924570187,0.0],[125.004700972083583,6.66440182289961,0.0],[125.004699870192653,6.664130607381034,0.0],[125.004428613230431,6.664131709006402,0.0]]],[[[125.003617044705777,6.664677444385245,0.0],[125.003615943364451,6.664406228688944,0.0],[125.003344686070037,6.664407329764175,0.0],[125.003345787262518,6.664678545505685,0.0],[125.003617044705777,6.664677444385245,0.0]]],[[[125.003074529773414,6.664679646477265,0.0],[125.003073428729806,6.664408430690636,0.0],[125.002802171343745,6.66440953146815,0.0],[125.00280327223858,6.664680747299987,0.0],[125.003074529773414,6.664679646477265,0.0]]],[[[125.00822951814213,6.664929917488469,0.0],[125.008228414224192,6.664658702564705,0.0],[125.007957157560838,6.664659806215476,0.0],[125.007956053837674,6.664388591243307,0.0],[125.007684797277349,6.664389694699921,0.0],[125.007685900851655,6.664660909717388,0.0],[125.007687004471777,6.664932124731835,0.0],[125.007958261329918,6.664931021184537,0.0],[125.00822951814213,6.664929917488469,0.0]]],[[[125.004974433365916,6.66494315201732,0.0],[125.004973331234467,6.664671936550346,0.0],[125.004972229148748,6.664400721080175,0.0],[125.004700972083583,6.66440182289961,0.0],[125.004702074020443,6.66467303841499,0.0],[125.004703176003034,6.664944253927261,0.0],[125.004974433365916,6.66494315201732,0.0]]],[[[125.001176826114943,6.66495856521053,0.0],[125.001448084073431,6.664957465235664,0.0],[125.00144698387723,6.66468624918116,0.0],[125.001445883726774,6.664415033123459,0.0],[125.001174626065989,6.664416133007998,0.0],[125.001175726067601,6.664687349110818,0.0],[125.001176826114943,6.66495856521053,0.0]]],[[[124.996837790269296,6.665247361382396,0.0],[124.996836692558119,6.664976144564236,0.0],[124.996565433822383,6.664977242008594,0.0],[124.996566531384687,6.665248458871784,0.0],[124.996837790269296,6.665247361382396,0.0]]],[[[124.993311421208531,6.665261617133731,0.0],[124.993310325432802,6.664990399730528,0.0],[124.993039066103748,6.664991495239723,0.0],[124.993040161730633,6.665262712687956,0.0],[124.993311421208531,6.665261617133731,0.0]]],[[[125.000364151611336,6.66523308047394,0.0],[125.000092893320925,6.665234179898492,0.0],[124.999821634984784,6.665235279174184,0.0],[124.999822734379308,6.665506495493188,0.0],[124.999823833819576,6.665777711809082,0.0],[125.000095092453535,6.665776612443151,0.0],[125.000366351041663,6.665775512928271,0.0],[125.000365251303677,6.665504296702705,0.0],[125.000636509697287,6.665503197084175,0.0],[125.000635409856088,6.665231980900441,0.0],[125.000364151611336,6.66523308047394,0.0]]],[[[125.00850408738431,6.665742458260024,0.0],[125.008502983179767,6.665471243391061,0.0],[125.008231726115753,6.665472347326582,0.0],[125.008232830171437,6.665743562240842,0.0],[125.00850408738431,6.665742458260024,0.0]]],[[[125.008774240197766,6.665470139306682,0.0],[125.008775344551267,6.665741354130259,0.0],[125.009046601672296,6.665740249851724,0.0],[125.009047706220571,6.666011464626895,0.0],[125.009318963444542,6.666010360154115,0.0],[125.009317858747323,6.665739145424241,0.0],[125.009589115776421,6.665738040847988,0.0],[125.009588010976344,6.665466826160302,0.0],[125.009316754096105,6.665467930691258,0.0],[125.009045497169936,6.665469035073355,0.0],[125.008774240197766,6.665470139306682,0.0]]],[[[124.99901005764336,6.665781009013725,0.0],[124.998738798826437,6.665782107784222,0.0],[124.998739897716845,6.666053324277397,0.0],[124.998740996652984,6.666324540767374,0.0],[124.99901225576771,6.666323441906727,0.0],[124.999011156682613,6.66605222546178,0.0],[124.99928241560275,6.666051126497305,0.0],[124.999553674477042,6.666050027384061,0.0],[124.99982493330559,6.666048928121868,0.0],[124.999823833819576,6.665777711809082,0.0],[124.999552575139887,6.665778811026155,0.0],[124.999281316414454,6.665779910094369,0.0],[124.99901005764336,6.665781009013725,0.0]]],[[[124.995759338109181,6.66687905237032,0.0],[124.996030598024248,6.666877955057324,0.0],[124.996301857893656,6.666876857595381,0.0],[124.996302955626675,6.667148074481575,0.0],[124.996574215599296,6.667146976825742,0.0],[124.996573117717332,6.666875759984578,0.0],[124.9965720198811,6.666604543140306,0.0],[124.996300760206296,6.666605640706078,0.0],[124.996299662564496,6.666334423813667,0.0],[124.996028402992977,6.66633552118546,0.0],[124.995757143375812,6.666336618408484,0.0],[124.99575604607756,6.666065401422814,0.0],[124.995754948824953,6.665794184433946,0.0],[124.99548368945986,6.665795281417961,0.0],[124.995484786563594,6.666066498451859,0.0],[124.995213527003983,6.666067595332046,0.0],[124.995214624004433,6.666338812407688,0.0],[124.995485883712902,6.66633771548256,0.0],[124.995486980907941,6.666608932510063,0.0],[124.995758240719624,6.666607835390956,0.0],[124.995759338109181,6.66687905237032,0.0]]],[[[124.997386896914421,6.666872466258842,0.0],[124.997658156555488,6.666871368052427,0.0],[124.997657058123565,6.666600151388367,0.0],[124.997928317569929,6.666599053078213,0.0],[124.998199576970563,6.666597954619111,0.0],[124.998198478286568,6.666326738042092,0.0],[124.997927219034807,6.666327836456074,0.0],[124.997655959737287,6.666328934721197,0.0],[124.997384700394122,6.666330032837462,0.0],[124.997385798631441,6.666601249549751,0.0],[124.997386896914421,6.666872466258842,0.0]]],[[[125.009597955832135,6.667907758235878,0.0],[125.009596850664352,6.667636543573416,0.0],[125.009325592592887,6.667637648467104,0.0],[125.009326697611797,6.667908863174863,0.0],[125.009597955832135,6.667907758235878,0.0]]],[[[125.00525892162517,6.668196634773857,0.0],[125.005257818794462,6.667925419389928,0.0],[125.004986559839423,6.667926521946286,0.0],[125.004987662521287,6.668197737375423,0.0],[125.00525892162517,6.668196634773857,0.0]]],[[[125.009600166305802,6.668450187551298,0.0],[125.009599061046003,6.668178972895142,0.0],[125.009327802676637,6.668180077879424,0.0],[125.009328907787491,6.668451292580966,0.0],[125.009057649223251,6.668452397461686,0.0],[125.009058754231077,6.668723612205327,0.0],[125.009330012944261,6.668722507279221,0.0],[125.009601271611515,6.668721402204256,0.0],[125.009600166305802,6.668450187551298,0.0]]],[[[125.005532386780317,6.668737962691194,0.0],[125.005803646090357,6.668736859701316,0.0],[125.006074905354652,6.668735756562403,0.0],[125.006073801985252,6.668464541320582,0.0],[125.005802542870001,6.668465644414199,0.0],[125.005531283708905,6.668466747358868,0.0],[125.005532386780317,6.668737962691194,0.0]]],[[[124.998210566324971,6.66931012021593,0.0],[124.998481827169329,6.669309021157042,0.0],[124.99848072787934,6.669037804656672,0.0],[124.998209467183827,6.669038903670441,0.0],[124.998210566324971,6.66931012021593,0.0]]],[[[125.005264436467087,6.669552711646074,0.0],[125.005263333406958,6.669281496277955,0.0],[125.004992073707186,6.669282599060531,0.0],[125.00499317661837,6.669553814473859,0.0],[125.005264436467087,6.669552711646074,0.0]]],[[[124.997397882257459,6.669584633176293,0.0],[124.997396783517516,6.669313416498732,0.0],[124.997125522490364,6.669314514961742,0.0],[124.996854261417468,6.669315613275804,0.0],[124.996583000298926,6.669316711441007,0.0],[124.996584098591939,6.66958792825366,0.0],[124.996855359859424,6.669586830043515,0.0],[124.997126621081264,6.669585731684333,0.0],[124.997397882257459,6.669584633176293,0.0]]],[[[125.005264436467087,6.669552711646074,0.0],[125.00526553957306,6.669823927011085,0.0],[125.00553679952489,6.669822823989056,0.0],[125.005535696269973,6.669551608669342,0.0],[125.005264436467087,6.669552711646074,0.0]]],[[[125.009335539417663,6.670078580723424,0.0],[125.009334434031047,6.66980736604089,0.0],[125.009063174721987,6.669808471148273,0.0],[125.009064279959574,6.670079685876105,0.0],[125.009335539417663,6.670078580723424,0.0]]],[[[124.994144939171008,6.670140239868503,0.0],[124.994416201147359,6.670139142909002,0.0],[124.994687463078051,6.670138045800464,0.0],[124.994958724963098,6.67013694854298,0.0],[124.994957627472729,6.66986573146636,0.0],[124.994686365736626,6.669866828678903,0.0],[124.994415103954978,6.66986792574241,0.0],[124.994143842127656,6.669869022656969,0.0],[124.994144939171008,6.670140239868503,0.0]]],[[[124.994144939171008,6.670140239868503,0.0],[124.993873677149097,6.670141336679145,0.0],[124.99387477408915,6.670412553932512,0.0],[124.994146036260091,6.670411457076928,0.0],[124.994144939171008,6.670140239868503,0.0]]],[[[124.993608996511867,6.671769737083708,0.0],[124.993880259473386,6.671768640152185,0.0],[124.993879162305333,6.671497422914539,0.0],[124.993607899492858,6.67149851980112,0.0],[124.993608996511867,6.671769737083708,0.0]]],[[[124.994423882771486,6.672037662986594,0.0],[124.994422785259715,6.671766445842207,0.0],[124.99415152238933,6.671767543071714,0.0],[124.994152619752072,6.672038760261132,0.0],[124.994423882771486,6.672037662986594,0.0]]],[[[125.007176506939444,6.672799568050345,0.0],[125.007175402285569,6.672528353036964,0.0],[125.006904141118966,6.672529457405472,0.0],[125.006632879906462,6.672530561625032,0.0],[125.006361618648114,6.672531665695467,0.0],[125.006362722854789,6.672802880844739,0.0],[125.006633984262265,6.672801776729007,0.0],[125.006905245623813,6.67280067246415,0.0],[125.007176506939444,6.672799568050345,0.0]]],[[[125.007176506939444,6.672799568050345,0.0],[125.00717761163915,6.673070783060617,0.0],[125.007448873057996,6.673069678452568,0.0],[125.007447768209161,6.672798463487593,0.0],[125.007176506939444,6.672799568050345,0.0]]],[[[125.00773229243822,6.676051937603309,0.0],[125.007731186935246,6.675780722718447,0.0],[125.007459924071526,6.675781827928504,0.0],[125.007461029425372,6.676053042858752,0.0],[125.00773229243822,6.676051937603309,0.0]]],[[[124.999327521693957,6.677170996302171,0.0],[124.999326420630723,6.676899780028553,0.0],[124.999055155749858,6.676900880797185,0.0],[124.999056256663877,6.677172097115833,0.0],[124.999327521693957,6.677170996302171,0.0]]],[[[124.998513726466669,6.677174298295872,0.0],[124.998512625850893,6.676903081886985,0.0],[124.998241360832893,6.676904182208241,0.0],[124.997970095769148,6.676905282380372,0.0],[124.997698830659743,6.676906382403289,0.0],[124.997699930828063,6.677177598947446,0.0],[124.997971196086581,6.67717649887932,0.0],[124.99824246129954,6.677175398662158,0.0],[124.998513726466669,6.677174298295872,0.0]]],[[[124.996072338317063,6.677184196224126,0.0],[124.996073437636099,6.677455413035358,0.0],[124.996344703318016,6.677454313817042,0.0],[124.996615968954103,6.6774532144496,0.0],[124.996614869336739,6.67718199772843,0.0],[124.996343603849681,6.677183097050841,0.0],[124.996072338317063,6.677184196224126,0.0]]],[[[124.995802171908622,6.677456512104549,0.0],[124.995801072738715,6.677185295248287,0.0],[124.995529807114707,6.677186394123322,0.0],[124.995530906135485,6.677457611024704,0.0],[124.995802171908622,6.677456512104549,0.0]]],[[[124.99743086569913,6.677721132035228,0.0],[124.997429765588635,6.677449915452347,0.0],[124.997158500089412,6.677451015267253,0.0],[124.997159600050864,6.677722231895165,0.0],[124.99743086569913,6.677721132035228,0.0]]],[[[124.993362974099384,6.678008831529412,0.0],[124.993634240535897,6.678007733712463,0.0],[124.993905506926751,6.67800663574639,0.0],[124.99417677327196,6.678005537631191,0.0],[124.994175674905762,6.677734320511139,0.0],[124.993904408709682,6.677735418581396,0.0],[124.993633142467942,6.677736516502528,0.0],[124.993361876180643,6.677737614274535,0.0],[124.993362974099384,6.678008831529412,0.0]]],[[[125.007468768188517,6.677951547281844,0.0],[125.007197504085781,6.677952652705064,0.0],[125.007198609657863,6.678223867655384,0.0],[125.007469873909812,6.678222762186778,0.0],[125.007741138115748,6.678221656569048,0.0],[125.007740032245337,6.677950441709322,0.0],[125.007468768188517,6.677951547281844,0.0]]],[[[124.998246863623109,6.678260264446387,0.0],[124.998245762973582,6.677989048005082,0.0],[124.997974497313251,6.677990148357513,0.0],[124.997975597813564,6.678261364843849,0.0],[124.998246863623109,6.678260264446387,0.0]]],[[[124.993362974099384,6.678008831529412,0.0],[124.993091707617296,6.678009929197235,0.0],[124.993092805432383,6.678281146494034,0.0],[124.992821538755535,6.678282244057674,0.0],[124.992822636467139,6.678553461396306,0.0],[124.993093903293214,6.678552363787724,0.0],[124.993365170073631,6.678551266029928,0.0],[124.99336407206367,6.678280048781269,0.0],[124.993362974099384,6.678008831529412,0.0]]],[[[124.998519230231224,6.678530380292789,0.0],[124.998790496098593,6.678529279551868,0.0],[124.998789395105078,6.67825806320391,0.0],[124.998518129386923,6.678259163899711,0.0],[124.998519230231224,6.678530380292789,0.0]]],[[[125.007200820939772,6.678766297546344,0.0],[125.007472085490065,6.678765191987144,0.0],[125.007470979676924,6.678493977088515,0.0],[125.00719971527586,6.678495082602418,0.0],[125.007198609657863,6.678223867655384,0.0],[125.006927345359983,6.678224972974776,0.0],[125.006928450828767,6.678496187967107,0.0],[125.006929556343565,6.678767402956329,0.0],[125.006930661904178,6.679038617942354,0.0],[125.0072019266496,6.679037512487072,0.0],[125.007200820939772,6.678766297546344,0.0]]],[[[124.999063964342724,6.679070611258084,0.0],[124.999062863108605,6.678799394961552,0.0],[124.998791597137767,6.678800495896717,0.0],[124.998792698222758,6.679071712238369,0.0],[124.999063964342724,6.679070611258084,0.0]]],[[[125.00693287316318,6.67958104790499,0.0],[125.00720413820703,6.679579942359113,0.0],[125.007203032405357,6.679308727424691,0.0],[125.006931767510721,6.679309832925271,0.0],[125.00693287316318,6.67958104790499,0.0]]],[[[125.00693287316318,6.67958104790499,0.0],[125.0066616080735,6.679582153301653,0.0],[125.006662713622759,6.679853368323472,0.0],[125.006933978861653,6.679852262881512,0.0],[125.00693287316318,6.67958104790499,0.0]]],[[[125.008021252086252,6.680390269203138,0.0],[125.008020145699192,6.680119054414111,0.0],[125.007748880494759,6.680120160498046,0.0],[125.007477615244397,6.680121266432857,0.0],[125.007206349948135,6.680122372218453,0.0],[125.007207455887567,6.680393587143372,0.0],[125.007478721333044,6.680392481312478,0.0],[125.007749986732605,6.68039137533246,0.0],[125.008021252086252,6.680390269203138,0.0]]],[[[125.000154538206118,6.680422286378449,0.0],[125.000153436146434,6.680151070278115,0.0],[124.999882169612576,6.680152172035556,0.0],[124.999610903033073,6.680153273643783,0.0],[124.999612004794329,6.680424489834356,0.0],[124.999613106601331,6.680695706021731,0.0],[124.999884373479262,6.680694604323265,0.0],[124.999883271523046,6.680423388181009,0.0],[125.000154538206118,6.680422286378449,0.0]]],[[[125.009378685344586,6.680655950878109,0.0],[125.009649950571756,6.680654843808296,0.0],[125.009648843243397,6.680383629294337,0.0],[125.009377578165441,6.680384736318765,0.0],[125.009378685344586,6.680655950878109,0.0]]],[[[125.008024571523066,6.68120391355139,0.0],[125.008295837278524,6.681202807136963,0.0],[125.008567102987982,6.681201700573323,0.0],[125.008565996164634,6.680930485884393,0.0],[125.008294730604405,6.680931592402648,0.0],[125.008023464998246,6.680932698771778,0.0],[125.008024571523066,6.68120391355139,0.0]]],[[[124.999887679622447,6.681508252731114,0.0],[124.999886577529011,6.681237036598273,0.0],[124.999615310352468,6.681238138386978,0.0],[124.999616412296689,6.681509354564938,0.0],[124.999887679622447,6.681508252731114,0.0]]],[[[125.008845011451953,6.682827881655915,0.0],[125.008843904203701,6.68255666703129,0.0],[125.008572637793833,6.682557773970719,0.0],[125.008573744892871,6.682828988640641,0.0],[125.008845011451953,6.682827881655915,0.0]]],[[[125.008847226086473,6.683370310895751,0.0],[125.008846118746206,6.683099096277432,0.0],[125.00857485203791,6.683100203307455,0.0],[125.008575959228793,6.68337141797116,0.0],[125.008847226086473,6.683370310895751,0.0]]],[[[125.009120708014962,6.68391163280758,0.0],[125.00911960043355,6.683640418240953,0.0],[125.008848333472571,6.683641525510962,0.0],[125.008849440904754,6.683912740122886,0.0],[125.009120708014962,6.68391163280758,0.0]]],[[[125.005595337685079,6.684197231415276,0.0],[125.005594231998685,6.683926016262984,0.0],[125.005322964291551,6.683927121637709,0.0],[125.005324069828632,6.684198336835299,0.0],[125.005595337685079,6.684197231415276,0.0]]],[[[124.996915844508635,6.684503747403334,0.0],[124.997187113933691,6.684502646566135,0.0],[124.997186012830127,6.684231430017182,0.0],[124.99691474355437,6.684232530809351,0.0],[124.996915844508635,6.684503747403334,0.0]]],[[[124.998815831569289,6.684767254683064,0.0],[124.998814729524085,6.684496038407759,0.0],[124.998543460373298,6.684497140140775,0.0],[124.998544562269203,6.68476835646111,0.0],[124.998815831569289,6.684767254683064,0.0]]],[[[125.002343432339799,6.685024133667725,0.0],[125.002342328307648,6.684752917982348,0.0],[125.002071059602372,6.684754021701242,0.0],[125.002072163485224,6.685025237431828,0.0],[125.002343432339799,6.685024133667725,0.0]]],[[[125.00858481841027,6.685541135166493,0.0],[125.008583710851781,6.685269920528101,0.0],[125.008312442902962,6.685271027771464,0.0],[125.008313550312153,6.685542242455154,0.0],[125.00858481841027,6.685541135166493,0.0]]],[[[125.007231798171389,6.686360314692128,0.0],[125.007503066901279,6.686359207864787,0.0],[125.00777433558514,6.686358100888232,0.0],[125.007773228336902,6.686086886123452,0.0],[125.007501959802326,6.68608799305471,0.0],[125.00723069122175,6.686089099836754,0.0],[125.007231798171389,6.686360314692128,0.0]]],[[[125.001809726101399,6.687196067138221,0.0],[125.001808622001562,6.68692485138783,0.0],[125.001537352009947,6.686925955169429,0.0],[125.001538455960386,6.68719717096494,0.0],[125.001809726101399,6.687196067138221,0.0]]],[[[125.007507495756158,6.687444067073476,0.0],[125.00750638847353,6.6871728522761,0.0],[125.007235119295572,6.687173959239154,0.0],[125.007236226428802,6.687445174081916,0.0],[125.007507495756158,6.687444067073476,0.0]]],[[[125.002625745482888,6.687735185982011,0.0],[125.002897015739364,6.687734081467487,0.0],[125.0028959109504,6.687462865904146,0.0],[125.002624640843223,6.687463970373462,0.0],[125.002625745482888,6.687735185982011,0.0]]],[[[125.007238440833106,6.687987603757759,0.0],[125.007237333607947,6.687716388921481,0.0],[125.006966064085375,6.687717495825827,0.0],[125.006967171161051,6.687988710707402,0.0],[125.007238440833106,6.687987603757759,0.0]]],[[[124.99910033072463,6.688020747271204,0.0],[124.99937160172567,6.688019644653296,0.0],[124.99937049883296,6.687748428506155,0.0],[124.999099227981404,6.687749531079032,0.0],[124.99910033072463,6.688020747271204,0.0]]],[[[124.99910033072463,6.688020747271204,0.0],[124.998829059677945,6.68802184973972,0.0],[124.998830162317518,6.688293065973903,0.0],[124.999101433513701,6.688291963460267,0.0],[124.99910033072463,6.688020747271204,0.0]]],[[[125.007513032858228,6.688800141013105,0.0],[125.007511925345923,6.68852892623145,0.0],[125.007240655421,6.688530033421078,0.0],[125.007241762783821,6.688801248247942,0.0],[125.007513032858228,6.688800141013105,0.0]]],[[[125.006157788838465,6.689076890698318,0.0],[125.006156682027282,6.688805675693552,0.0],[125.005885411723469,6.688806782181431,0.0],[125.005886518385068,6.689077997231494,0.0],[125.006157788838465,6.689076890698318,0.0]]],[[[124.999105845126991,6.689376828184899,0.0],[124.999106948144671,6.689648044358152,0.0],[124.999378220042232,6.689646941469616,0.0],[124.999377116875081,6.689375725341482,0.0],[124.999376013753746,6.689104509210151,0.0],[124.999104742155055,6.689105612008448,0.0],[124.999105845126991,6.689376828184899,0.0]]],[[[125.005618567698008,6.689892748882351,0.0],[125.005889838645487,6.689891642362764,0.0],[125.005888731846127,6.689620427322205,0.0],[125.005617461048132,6.689621533796495,0.0],[125.005618567698008,6.689892748882351,0.0]]],[[[124.999378220042232,6.689646941469616,0.0],[124.999379323255042,6.689918157594552,0.0],[124.99965059525627,6.689917054511505,0.0],[124.999649491893976,6.689645838431599,0.0],[124.999378220042232,6.689646941469616,0.0]]],[[[125.009419683286339,6.690690887348336,0.0],[125.009418574406425,6.690419672906054,0.0],[125.009147303757103,6.690420781458681,0.0],[125.009148412487534,6.690691995946172,0.0],[125.009419683286339,6.690690887348336,0.0]]],[[[125.009421901184027,6.691233316223308,0.0],[125.009420792212183,6.690962101787421,0.0],[125.009149521263993,6.690963210430554,0.0],[125.009150630086353,6.691234424911827,0.0],[125.009421901184027,6.691233316223308,0.0]]],[[[125.000747829384892,6.692896015368874,0.0],[125.000746724921342,6.692624799504352,0.0],[125.000475451608466,6.692625903636515,0.0],[125.000476555922432,6.692897119546157,0.0],[125.000747829384892,6.692896015368874,0.0]]],[[[125.002376574604298,6.693160602756696,0.0],[125.002377680056469,6.693431818344018,0.0],[125.00237878555447,6.693703033928053,0.0],[125.002650059144912,6.693701928568871,0.0],[125.002648953497328,6.693430713030044,0.0],[125.002647847895673,6.69315949748793,0.0],[125.002376574604298,6.693160602756696,0.0]]],[[[125.003192606188293,6.693699717402155,0.0],[125.003191500241755,6.693428501953567,0.0],[125.002920226892456,6.69342960756659,0.0],[125.00292133268951,6.693700823060298,0.0],[125.003192606188293,6.693699717402155,0.0]]],[[[125.002379891098215,6.69397424950898,0.0],[125.00237878555447,6.693703033928053,0.0],[125.002107511918211,6.693704139137666,0.0],[125.002108617312473,6.693975354763801,0.0],[125.002379891098215,6.69397424950898,0.0]]],[[[125.003737365677097,6.694239936344002,0.0],[125.003736259339846,6.693968720992314,0.0],[125.003464985783168,6.693969826994626,0.0],[125.003466091970935,6.694241042391522,0.0],[125.003737365677097,6.694239936344002,0.0]]],[[[125.002108617312473,6.693975354763801,0.0],[125.001837343480901,6.693976459869142,0.0],[125.001838448771423,6.694247675537199,0.0],[125.001839554107775,6.694518891202059,0.0],[125.001840659489872,6.69479010686381,0.0],[125.002111933770067,6.694789001623023,0.0],[125.002110828238401,6.694517786006391,0.0],[125.002109722752564,6.69424657038665,0.0],[125.002108617312473,6.693975354763801,0.0]]],[[[125.003200349097355,6.695598225453012,0.0],[125.003199242830007,6.695327010026628,0.0],[125.002927968433994,6.695328115955932,0.0],[125.002929074551773,6.695599331427524,0.0],[125.003200349097355,6.695598225453012,0.0]]],[[[125.008633596475136,6.69747457611932,0.0],[125.008632486894712,6.697203361620372,0.0],[125.00836121236938,6.697204470857518,0.0],[125.008362321800064,6.697475685401852,0.0],[125.008633596475136,6.69747457611932,0.0]]],[[[124.996698570433892,6.697794459527882,0.0],[124.996697467390732,6.697523243043944,0.0],[124.996426190699836,6.697524345744719,0.0],[124.996427293593442,6.697795562273776,0.0],[124.996698570433892,6.697794459527882,0.0]]],[[[124.995884739775477,6.697797767316769,0.0],[124.995883637181109,6.69752655069765,0.0],[124.995612360353348,6.697527652949717,0.0],[124.995613462797976,6.697798869613867,0.0],[124.995884739775477,6.697797767316769,0.0]]],[[[125.005386053123928,6.699386382844872,0.0],[125.00565732935145,6.699385274890965,0.0],[125.005656221095563,6.699114059916043,0.0],[125.005384945017695,6.699115167824652,0.0],[125.005386053123928,6.699386382844872,0.0]]],[[[124.993721132019672,6.699433883313231,0.0],[124.993720030348655,6.699162666353051,0.0],[124.993448752257819,6.699163767678304,0.0],[124.993449853779182,6.699434984683426,0.0],[124.993721132019672,6.699433883313231,0.0]]],[[[125.005661762833739,6.700470134759127,0.0],[125.005660654394362,6.700198919796816,0.0],[125.005389377717862,6.700200027886436,0.0],[125.005390486007585,6.700471242893955,0.0],[125.005661762833739,6.700470134759127,0.0]]],[[[125.005663979850269,6.701012564674156,0.0],[125.005662871319046,6.70074134971824,0.0],[125.005391594343138,6.700742457898277,0.0],[125.005392702724706,6.70101367289949,0.0],[125.005663979850269,6.701012564674156,0.0]]],[[[125.001866095919368,6.701028066209589,0.0],[125.001864989483806,6.700756850620668,0.0],[125.001593711866192,6.700757956705581,0.0],[125.001594818152014,6.701029172339621,0.0],[125.001866095919368,6.701028066209589,0.0]]],[[[125.008649135425273,6.701271578772503,0.0],[125.008648025201538,6.701000364317875,0.0],[125.008376748581071,6.701001474189447,0.0],[125.008377858655066,6.701272688689373,0.0],[125.008649135425273,6.701271578772503,0.0]]],[[[125.0083811891529,6.702086332170141,0.0],[125.008652466372169,6.702085222117291,0.0],[125.008651356010589,6.701814007672167,0.0],[125.008380078940974,6.701815117679719,0.0],[125.0083811891529,6.702086332170141,0.0]]],[[[124.99970029390812,6.702121774827838,0.0],[124.999971572594745,6.702120669564935,0.0],[124.999970467023999,6.701849453672701,0.0],[124.999699188487128,6.701850558890485,0.0],[124.99970029390812,6.702121774827838,0.0]]],[[[125.0083811891529,6.702086332170141,0.0],[125.00810991188763,6.702087442073332,0.0],[125.008111021995717,6.702358656605854,0.0],[125.008382299410741,6.702357546657365,0.0],[125.0083811891529,6.702086332170141,0.0]]],[[[125.008111021995717,6.702358656605854,0.0],[125.007839744534863,6.702359766404684,0.0],[125.007840854539225,6.702630980979394,0.0],[125.008112132149819,6.702629871135266,0.0],[125.008111021995717,6.702358656605854,0.0]]],[[[125.00757068678314,6.702903305290584,0.0],[125.007841964589403,6.702902195550906,0.0],[125.007840854539225,6.702630980979394,0.0],[125.007569576882617,6.702632090673775,0.0],[125.007298299180093,6.702633200218497,0.0],[125.007299408930962,6.702904414880604,0.0],[125.00757068678314,6.702903305290584,0.0]]],[[[125.00675685308876,6.702906633611492,0.0],[125.007028131032769,6.702905524320877,0.0],[125.007027021431739,6.702634309613473,0.0],[125.006755743637385,6.702635418858791,0.0],[125.00675685308876,6.702906633611492,0.0]]],[[[125.000246168671467,6.702933211674531,0.0],[125.000245062813761,6.70266199583692,0.0],[124.999973783873372,6.70266310133981,0.0],[124.999974889581352,6.702934317222451,0.0],[125.000246168671467,6.702933211674531,0.0]]],[[[125.00675685308876,6.702906633611492,0.0],[125.006485575098722,6.70290774275236,0.0],[125.006486684446273,6.70317895754716,0.0],[125.006757962585965,6.703177848360995,0.0],[125.00675685308876,6.702906633611492,0.0]]],[[[125.006487793839653,6.703450172338763,0.0],[125.006486684446273,6.70317895754716,0.0],[125.00621540626058,6.703180066583667,0.0],[125.006216515504306,6.703451281420478,0.0],[125.006487793839653,6.703450172338763,0.0]]],[[[125.006216515504306,6.703451281420478,0.0],[125.005945237122944,6.703452390352536,0.0],[125.005946346262832,6.703723605231535,0.0],[125.006217624793848,6.703722496254181,0.0],[125.006216515504306,6.703451281420478,0.0]]],[[[125.005676176721877,6.703995928980064,0.0],[125.0056750676859,6.703724714059054,0.0],[125.005403789063138,6.703725822736915,0.0],[125.005404897949276,6.703997037703133,0.0],[125.005676176721877,6.703995928980064,0.0]]],[[[125.001335710858342,6.70401365058185,0.0],[125.001334604218584,6.703742434937507,0.0],[125.001063324862358,6.703743541219773,0.0],[125.001064431352376,6.704014756909236,0.0],[125.001335710858342,6.70401365058185,0.0]]],[[[125.005136945615433,6.704811791292085,0.0],[125.005135836741374,6.704540576290072,0.0],[125.005134727913145,6.704269361284863,0.0],[125.004863448899059,6.704270469753735,0.0],[125.004592169839128,6.70427157807286,0.0],[125.004593278367778,6.704542793168486,0.0],[125.004864557577449,6.704541684804153,0.0],[125.004865666301754,6.704812899851373,0.0],[125.005136945615433,6.704811791292085,0.0]]],[[[125.001610310961979,6.704826190883115,0.0],[125.001609204035077,6.704554975293484,0.0],[125.001337924275347,6.704556081860944,0.0],[125.00133903105251,6.704827297495695,0.0],[125.001610310961979,6.704826190883115,0.0]]],[[[125.004054044773113,6.705358654987301,0.0],[125.004052936406467,6.705087439810673,0.0],[125.004324216007475,6.705086331655417,0.0],[125.004323107536905,6.704815116520799,0.0],[125.00405182808565,6.704816224630936,0.0],[125.004050719810664,6.704545009448002,0.0],[125.004049611581607,6.70427379426187,0.0],[125.004320890733283,6.704272686242239,0.0],[125.004319782400302,6.704001471098207,0.0],[125.004048503398366,6.70400257907263,0.0],[125.003777224350614,6.704003686897306,0.0],[125.003778332384101,6.704274902131755,0.0],[125.003779440463418,6.704546117363095,0.0],[125.003780548588566,6.704817332591237,0.0],[125.003781656759628,6.705088547816271,0.0],[125.003782764976521,6.705359763038108,0.0],[125.003783873239158,6.705630978256747,0.0],[125.004055153185675,6.705629870160732,0.0],[125.004054044773113,6.705358654987301,0.0]]],[[[124.997542212240717,6.705113990611786,0.0],[124.99781349294048,6.705112886050633,0.0],[124.99781238806473,6.704841669832526,0.0],[124.997541107514806,6.704842774348561,0.0],[124.997542212240717,6.705113990611786,0.0]]],[[[125.00161363201758,6.705639837633002,0.0],[125.001612524953273,6.705368622052874,0.0],[125.001341244744225,6.705369728755781,0.0],[125.001342351658792,6.705640944381117,0.0],[125.00161363201758,6.705639837633002,0.0]]],[[[125.002971140983888,6.70590551699711,0.0],[125.00324242121772,6.705904409305217,0.0],[125.003513701405637,6.705903301463576,0.0],[125.00351259324691,6.705632086202926,0.0],[125.003241313208747,6.705633193999359,0.0],[125.002970033124754,6.705634301646044,0.0],[125.002971140983888,6.70590551699711,0.0]]],[[[125.007584009172206,6.70615788044485,0.0],[125.007582898720472,6.705886665866143,0.0],[125.007311619220815,6.705887775954431,0.0],[125.00731272952271,6.706158990578435,0.0],[125.007584009172206,6.70615788044485,0.0]]],[[[125.002700968459536,6.706177839932335,0.0],[125.002699860704311,6.705906624539257,0.0],[125.002428580378918,6.705907731931569,0.0],[125.002429687984304,6.706178947369854,0.0],[125.002700968459536,6.706177839932335,0.0]]],[[[125.002433011075254,6.706992593665615,0.0],[125.002431903332464,6.706721378236833,0.0],[125.002160622511724,6.706722485614933,0.0],[125.002161730104774,6.706993701088835,0.0],[125.002433011075254,6.706992593665615,0.0]]],[[[125.00134788691841,6.706997022459924,0.0],[125.001619168026309,6.706995915486034,0.0],[125.001618060732937,6.706724699921716,0.0],[125.001346779774877,6.706725806850486,0.0],[125.00134788691841,6.706997022459924,0.0]]],[[[125.001348994107687,6.707268238066164,0.0],[125.00134788691841,6.706997022459924,0.0],[125.001076605764609,6.706998129283979,0.0],[125.001077712804133,6.707269344935338,0.0],[125.001348994107687,6.707268238066164,0.0]]],[[[124.998094720881596,6.707552726754415,0.0],[124.99836600283831,6.707551621487871,0.0],[124.998637284749293,6.707550516071579,0.0],[124.998636179012635,6.707279300017253,0.0],[124.998364897251491,6.707280405388514,0.0],[124.998093615444603,6.70728151060985,0.0],[124.998094720881596,6.707552726754415,0.0]]],[[[125.001079927020413,6.707811776228643,0.0],[125.001078819889401,6.707540560583589,0.0],[125.001077712804133,6.707269344935338,0.0],[125.000806431454834,6.707270451654765,0.0],[125.000807538390177,6.707541667348136,0.0],[125.00080864537145,6.707812883038398,0.0],[125.001079927020413,6.707811776228643,0.0]]],[[[124.999452236439694,6.707818414839726,0.0],[124.999451130207788,6.707547198923867,0.0],[124.999179848434025,6.707548304789666,0.0],[124.999180954516106,6.707819520750555,0.0],[124.999452236439694,6.707818414839726,0.0]]],[[[125.0059640987417,6.708063042863341,0.0],[125.005962988867552,6.707791828035146,0.0],[125.005691708043614,6.707792937541588,0.0],[125.005692817767923,6.708064152414992,0.0],[125.0059640987417,6.708063042863341,0.0]]],[[[125.004065130961607,6.708070806578701,0.0],[125.00406402213649,6.70779959143387,0.0],[125.003792740991386,6.707800699891551,0.0],[125.003793849666764,6.70807191508159,0.0],[125.004065130961607,6.708070806578701,0.0]]],[[[125.003522568325991,6.708073023434733,0.0],[125.003521459800538,6.707801808199396,0.0],[125.003250178563775,6.707802916357495,0.0],[125.003251286939388,6.708074131637951,0.0],[125.003522568325991,6.708073023434733,0.0]]],[[[124.997011802410071,6.708099578962199,0.0],[124.997283084849258,6.708098474204847,0.0],[124.997281979770477,6.707827257931496,0.0],[124.997010697481045,6.707828362643729,0.0],[124.997011802410071,6.708099578962199,0.0]]],[[[125.000538470553721,6.708085205430501,0.0],[125.000539577476545,6.708356421159398,0.0],[125.000810859471102,6.70835531440924,0.0],[125.000809752398354,6.708084098725373,0.0],[125.00080864537145,6.707812883038398,0.0],[125.000537363676557,6.707813989698317,0.0],[125.000538470553721,6.708085205430501,0.0]]],[[[125.000810859471102,6.70835531440924,0.0],[125.000811966589595,6.70862653008991,0.0],[125.001083248688147,6.708625423144707,0.0],[125.001082141419829,6.708354207509246,0.0],[125.000810859471102,6.70835531440924,0.0]]],[[[124.998103566023374,6.709722455796183,0.0],[124.998102460220636,6.70945123967702,0.0],[124.997831177169147,6.70945234510921,0.0],[124.997832282822046,6.709723561273493,0.0],[124.998103566023374,6.709722455796183,0.0]]],[[[124.99973569153704,6.710800683147586,0.0],[124.999734584651975,6.710529467311752,0.0],[124.999463301275313,6.710530573823612,0.0],[124.999464400184166,6.710799871795798,0.0],[124.999468363174628,6.710801773571488,0.0],[124.99973569153704,6.710800683147586,0.0]]],[[[125.001907066232292,6.711063040767926,0.0],[125.001905958102085,6.710791825296423,0.0],[125.001634674941698,6.710792933052354,0.0],[125.00163578292198,6.711064148569066,0.0],[125.001907066232292,6.711063040767926,0.0]]],[[[125.000279365683639,6.711069685326518,0.0],[125.000278258452965,6.710798469584121,0.0],[125.000006975017882,6.710799576440771,0.0],[125.000008041133214,6.711060756386057,0.0],[125.000028778222216,6.711070707783166,0.0],[125.000279365683639,6.711069685326518,0.0]]],[[[125.002722024514128,6.711330931797908,0.0],[125.002720915888318,6.711059716465138,0.0],[125.002449632715411,6.711060824715873,0.0],[125.002450741191296,6.711332040093851,0.0],[125.002722024514128,6.711330931797908,0.0]]],[[[125.008962640398181,6.711576613907675,0.0],[125.009233922769411,6.711575501968867,0.0],[125.009232810499412,6.711304287725537,0.0],[125.008961528278192,6.711305399618959,0.0],[125.008962640398181,6.711576613907675,0.0]]],[[[125.008157688025065,6.713749664107369,0.0],[125.008156575987144,6.713478449708163,0.0],[125.007885292382412,6.71347956136453,0.0],[125.007886404270323,6.713750775809033,0.0],[125.008157688025065,6.713749664107369,0.0]]],[[[125.010514341124761,6.626407484765182,0.0],[125.010785576400693,6.626406386022041,0.0],[125.01078447752414,6.62613517110485,0.0],[125.010513242396186,6.626136269802694,0.0],[125.010514341124761,6.626407484765182,0.0]]],[[[125.010514341124761,6.626407484765182,0.0],[125.010243105802829,6.626408583360353,0.0],[125.010244204429341,6.626679798365029,0.0],[125.010515439899336,6.626678699724473,0.0],[125.010514341124761,6.626407484765182,0.0]]],[[[125.010517637586261,6.627221129633729,0.0],[125.010516538719841,6.626949914680655,0.0],[125.010245303101883,6.626951013366598,0.0],[125.010246401820325,6.627222228364968,0.0],[125.010517637586261,6.627221129633729,0.0]]],[[[125.009976264624868,6.627494541988797,0.0],[125.009705028619038,6.627495640469392,0.0],[125.00970612713347,6.627766855552228,0.0],[125.009707225693731,6.628038070631956,0.0],[125.009978461995686,6.628036972060678,0.0],[125.009977363287277,6.627765757026336,0.0],[125.009976264624868,6.627494541988797,0.0]]],[[[125.017030589694912,6.628008357254775,0.0],[125.017029487138018,6.627737143401355,0.0],[125.016758252181134,6.627738245775547,0.0],[125.016759354589965,6.628009459674353,0.0],[125.017030589694912,6.628008357254775,0.0]]],[[[125.0173051331452,6.628820896091878,0.0],[125.017576368601965,6.628819793239669,0.0],[125.01757526561066,6.628548579486702,0.0],[125.017574162665454,6.628277365730626,0.0],[125.01730292750473,6.628278468491797,0.0],[125.017304030301872,6.628549682293436,0.0],[125.0173051331452,6.628820896091878,0.0]]],[[[125.017578574723018,6.62936222073601,0.0],[125.017849810429723,6.629361117644792,0.0],[125.017848707198084,6.629089903943695,0.0],[125.017577471639356,6.629091006989438,0.0],[125.017578574723018,6.62936222073601,0.0]]],[[[125.017578574723018,6.62936222073601,0.0],[125.017307338970141,6.629363323679258,0.0],[125.017308441951755,6.629634537468285,0.0],[125.017309544979568,6.629905751254115,0.0],[125.017310648053467,6.630176965036836,0.0],[125.017311751173452,6.630448178816448,0.0],[125.017312854339636,6.630719392592952,0.0],[125.01731395755192,6.630990606366258,0.0],[125.017315060810375,6.631261820136456,0.0],[125.017586297599763,6.631260716874618,0.0],[125.017585194193245,6.630989503149984,0.0],[125.017584090832813,6.630718289422153,0.0],[125.017582987518665,6.630447075691213,0.0],[125.017581884250518,6.630175861957164,0.0],[125.017580781028556,6.629904648219918,0.0],[125.017579677852694,6.629633434479563,0.0],[125.017578574723018,6.62936222073601,0.0]]],[[[125.023555708751275,6.631778833084021,0.0],[125.023554601994192,6.631507620368446,0.0],[125.023283366073088,6.631508726933686,0.0],[125.023284472682036,6.631779939694913,0.0],[125.023555708751275,6.631778833084021,0.0]]],[[[125.018130978583983,6.631800937164543,0.0],[125.018129874788983,6.631529723537253,0.0],[125.017858637943732,6.631530827140684,0.0],[125.017859741590584,6.631802040813537,0.0],[125.018130978583983,6.631800937164543,0.0]]],[[[125.01487723368399,6.632085385348305,0.0],[125.015148471332679,6.632084283282933,0.0],[125.015147369120768,6.631813069158352,0.0],[125.014876131620213,6.63181417117825,0.0],[125.01487723368399,6.632085385348305,0.0]]],[[[125.023015449626996,6.632323471762089,0.0],[125.023014343073655,6.632052258961516,0.0],[125.022743106763798,6.632053365321853,0.0],[125.022744213169076,6.632324578168078,0.0],[125.023015449626996,6.632323471762089,0.0]]],[[[125.018133186312383,6.632343364409796,0.0],[125.018132082425097,6.632072150788724,0.0],[125.017860845283636,6.632073254483282,0.0],[125.017861949022873,6.632344468149918,0.0],[125.018133186312383,6.632343364409796,0.0]]],[[[125.021931609524884,6.632599109477408,0.0],[125.02193050351778,6.632327896497512,0.0],[125.021659266874849,6.632329002311086,0.0],[125.02166037273382,6.632600215336635,0.0],[125.021931609524884,6.632599109477408,0.0]]],[[[125.021389135896555,6.632601321047713,0.0],[125.021388030185662,6.632330107976512,0.0],[125.021116793450275,6.632331213493967,0.0],[125.02111789901312,6.632602426610643,0.0],[125.021389135896555,6.632601321047713,0.0]]],[[[125.015421913793531,6.632625609218388,0.0],[125.015420811341357,6.632354395145499,0.0],[125.01514957359062,6.632355497404405,0.0],[125.015150675894731,6.632626711522769,0.0],[125.015421913793531,6.632625609218388,0.0]]],[[[125.018134290245783,6.63261457802776,0.0],[125.018135394225354,6.632885791642527,0.0],[125.018406631765075,6.632884687663307,0.0],[125.018405527637341,6.632613474094016,0.0],[125.018404423555808,6.632342260521615,0.0],[125.018133186312383,6.632343364409796,0.0],[125.018134290245783,6.63261457802776,0.0]]],[[[125.010269485526564,6.632917742606712,0.0],[125.010540724402006,6.632916642923079,0.0],[125.010539624570058,6.632645428035908,0.0],[125.01026838584275,6.632646527674244,0.0],[125.010269485526564,6.632917742606712,0.0]]],[[[125.010540724402006,6.632916642923079,0.0],[125.010541824279883,6.633187857807141,0.0],[125.010813063257388,6.633186757929974,0.0],[125.010811963231362,6.632915543091298,0.0],[125.010540724402006,6.632916642923079,0.0]]],[[[125.018678973580563,6.633154797056471,0.0],[125.018677869258511,6.63288358353594,0.0],[125.018406631765075,6.632884687663307,0.0],[125.018407735938894,6.633155901229402,0.0],[125.018408840158898,6.633427114792299,0.0],[125.018680077948716,6.633426010573893,0.0],[125.018678973580563,6.633154797056471,0.0]]],[[[125.018411048737462,6.633969541908855,0.0],[125.018409944425088,6.633698328352176,0.0],[125.018408840158898,6.633427114792299,0.0],[125.018137602322966,6.633428218862645,0.0],[125.018138706441007,6.633699432467997,0.0],[125.018139810605149,6.633970646070151,0.0],[125.018411048737462,6.633969541908855,0.0]]],[[[125.015156188106218,6.633982782067425,0.0],[125.015427426745759,6.63398167953567,0.0],[125.015426324063199,6.633710465478502,0.0],[125.015425221426639,6.633439251418136,0.0],[125.01515398308338,6.633440353858941,0.0],[125.015155085571791,6.633711567964782,0.0],[125.015156188106218,6.633982782067425,0.0]]],[[[125.020309714370356,6.633961808631192,0.0],[125.020580952133173,6.633960703284711,0.0],[125.020579846635613,6.63368949009254,0.0],[125.020308609020944,6.633690595393458,0.0],[125.020309714370356,6.633961808631192,0.0]]],[[[125.011357741857211,6.633726987217679,0.0],[125.011356641442958,6.63345577247608,0.0],[125.011085402409151,6.633456872694841,0.0],[125.011086502675255,6.633728087481825,0.0],[125.011087602987445,6.633999302265701,0.0],[125.011088703345479,6.634270517046379,0.0],[125.011359942823731,6.634269416691549,0.0],[125.011358842317463,6.633998201956168,0.0],[125.011357741857211,6.633726987217679,0.0]]],[[[125.020310819765953,6.634233021865907,0.0],[125.020309714370356,6.633961808631192,0.0],[125.020038476561339,6.633962913829614,0.0],[125.020039581808788,6.634234127109804,0.0],[125.020310819765953,6.634233021865907,0.0]]],[[[125.018413257500498,6.634511969012711,0.0],[125.018412153095923,6.634240755462337,0.0],[125.018140914815476,6.634241859669197,0.0],[125.018142019071973,6.634513073265134,0.0],[125.018413257500498,6.634511969012711,0.0]]],[[[125.017328303509402,6.634516385133424,0.0],[125.017327199697519,6.634245171400974,0.0],[125.017055961232501,6.634246275015241,0.0],[125.017057064896321,6.634517488793255,0.0],[125.017328303509402,6.634516385133424,0.0]]],[[[125.014344676229413,6.634528517242342,0.0],[125.014343574047331,6.634257303009581,0.0],[125.01407233507534,6.634258404994218,0.0],[125.014073437109261,6.634529619272365,0.0],[125.014344676229413,6.634528517242342,0.0]]],[[[125.013259719472615,6.634532924473455,0.0],[125.013258617883125,6.634261710058973,0.0],[125.012987378727018,6.634262811451017,0.0],[125.012988480168261,6.634534025910797,0.0],[125.013259719472615,6.634532924473455,0.0]]],[[[125.012446001421637,6.634536228341124,0.0],[125.012717240817906,6.634535127200079,0.0],[125.012716139524898,6.634263912694824,0.0],[125.012444900276677,6.634265013790484,0.0],[125.012446001421637,6.634536228341124,0.0]]],[[[125.009733604927916,6.634547231602803,0.0],[125.010004844784177,6.634546131943417,0.0],[125.010003744972821,6.634274916984393,0.0],[125.009732505264708,6.634276016598482,0.0],[125.009733604927916,6.634547231602803,0.0]]],[[[125.019770554142511,6.634777658847821,0.0],[125.020041792442242,6.634776553660857,0.0],[125.020040687102423,6.634505340386885,0.0],[125.020039581808788,6.634234127109804,0.0],[125.019768343805438,6.634235232205641,0.0],[125.019769448950925,6.634506445528285,0.0],[125.019770554142511,6.634777658847821,0.0]]],[[[125.015700871139032,6.634523004869739,0.0],[125.015701974108126,6.634794218872018,0.0],[125.015973213099926,6.634793115907631,0.0],[125.015972109982684,6.634521901950827,0.0],[125.015971006911528,6.634250687990826,0.0],[125.015699768216123,6.634251790864352,0.0],[125.015700871139032,6.634523004869739,0.0]]],[[[125.017871884751642,6.634785391007711,0.0],[125.017870780597278,6.634514177369408,0.0],[125.017599542076383,6.634515281325535,0.0],[125.017600646082698,6.634786495009313,0.0],[125.017871884751642,6.634785391007711,0.0]]],[[[125.011904623385362,6.634809644817072,0.0],[125.01217586302198,6.634808543926938,0.0],[125.012447102612597,6.634807442888655,0.0],[125.012446001421637,6.634536228341124,0.0],[125.012174761979253,6.63453732933402,0.0],[125.011903522490783,6.634538430178769,0.0],[125.011904623385362,6.634809644817072,0.0]]],[[[125.009733604927916,6.634547231602803,0.0],[125.009462365025726,6.63454833111413,0.0],[125.009463464586787,6.63481954616064,0.0],[125.009734704637125,6.634818446604016,0.0],[125.009733604927916,6.634547231602803,0.0]]],[[[125.015973213099926,6.634793115907631,0.0],[125.015974316263254,6.635064329861238,0.0],[125.016245555357202,6.63506322670314,0.0],[125.016244452045711,6.634792012795008,0.0],[125.015973213099926,6.634793115907631,0.0]]],[[[125.01434688073185,6.63507094569836,0.0],[125.014618120102284,6.63506984342924,0.0],[125.014617017679868,6.63479862924826,0.0],[125.014345778457582,6.634799731471905,0.0],[125.01434688073185,6.63507094569836,0.0]]],[[[125.019502631204091,6.63559240396284,0.0],[125.019773869994637,6.635591298787422,0.0],[125.01977276466441,6.63532008547739,0.0],[125.019771659380368,6.63504887216416,0.0],[125.019500420886303,6.635049977248451,0.0],[125.019501526022111,6.635321190607244,0.0],[125.019502631204091,6.63559240396284,0.0]]],[[[125.017603958378288,6.635600136041906,0.0],[125.017875197491861,6.635599031903792,0.0],[125.017874093199026,6.635327818274903,0.0],[125.017872988952291,6.635056604642906,0.0],[125.0176017501351,6.635057708690071,0.0],[125.017602854233601,6.635328922367543,0.0],[125.017603958378288,6.635600136041906,0.0]]],[[[125.023301077368188,6.63584813073602,0.0],[125.023572315659663,6.635847023440342,0.0],[125.023571208208551,6.63557581077193,0.0],[125.023299970065224,6.635576918021955,0.0],[125.023301077368188,6.63584813073602,0.0]]],[[[125.018961258416525,6.635865827312846,0.0],[125.018960153484727,6.635594613869231,0.0],[125.018688914555725,6.635595718600116,0.0],[125.01869001933936,6.635866932089294,0.0],[125.018961258416525,6.635865827312846,0.0]]],[[[125.023301077368188,6.63584813073602,0.0],[125.023029839030443,6.63584923788346,0.0],[125.023030946231444,6.636120450640068,0.0],[125.023302184717423,6.636119343446976,0.0],[125.023301077368188,6.63584813073602,0.0]]],[[[125.019233602573706,6.636135935783103,0.0],[125.01923249744749,6.635864722388161,0.0],[125.018961258416525,6.635865827312846,0.0],[125.018962363394408,6.636137040753263,0.0],[125.019233602573706,6.636135935783103,0.0]]],[[[125.018148645579856,6.636140354774676,0.0],[125.018419884897526,6.636139250249049,0.0],[125.018418780216024,6.635868036717505,0.0],[125.018147541046503,6.635869141197657,0.0],[125.018148645579856,6.636140354774676,0.0]]],[[[125.023030946231444,6.636120450640068,0.0],[125.022759707699279,6.636121557684924,0.0],[125.022488469120745,6.636122664581632,0.0],[125.022217230496025,6.636123771330191,0.0],[125.02194599182512,6.636124877930514,0.0],[125.021674753107945,6.636125984382688,0.0],[125.021403514344499,6.636127090686625,0.0],[125.021132275534868,6.636128196842326,0.0],[125.021133381744662,6.636399409915037,0.0],[125.021404620702526,6.636398303713773,0.0],[125.02167585961412,6.636397197364183,0.0],[125.021947098479544,6.636396090866445,0.0],[125.022218337298682,6.636394984220471,0.0],[125.022489576071635,6.636393877426348,0.0],[125.022760814798303,6.636392770483988,0.0],[125.023032053478715,6.636391663393479,0.0],[125.023030946231444,6.636120450640068,0.0]]],[[[125.019778291777214,6.636676151996288,0.0],[125.019777186262345,6.636404938698779,0.0],[125.019776080793562,6.636133725398161,0.0],[125.01950484170672,6.636134830664706,0.0],[125.019233602573706,6.636135935783103,0.0],[125.019234707746008,6.636407149174848,0.0],[125.01950594702727,6.636406044010887,0.0],[125.019507052394005,6.63667725735396,0.0],[125.019778291777214,6.636676151996288,0.0]]],[[[125.021133381744662,6.636399409915037,0.0],[125.020862142740597,6.636400515968242,0.0],[125.020863248848428,6.636671729083408,0.0],[125.021134488000726,6.63667062298464,0.0],[125.021133381744662,6.636399409915037,0.0]]],[[[125.020863248848428,6.636671729083408,0.0],[125.020592009649945,6.636672835033939,0.0],[125.020593115655728,6.63694404819156,0.0],[125.020864355002445,6.636942942195465,0.0],[125.020863248848428,6.636671729083408,0.0]]],[[[125.019778291777214,6.636676151996288,0.0],[125.019779397338368,6.636947365290689,0.0],[125.02005063682364,6.636946259739216,0.0],[125.020049531114338,6.636675046490379,0.0],[125.019778291777214,6.636676151996288,0.0]]],[[[125.019781608599232,6.637489791869897,0.0],[125.019780502945707,6.637218578581892,0.0],[125.019509263265931,6.637219684030691,0.0],[125.019510368771307,6.63749089736426,0.0],[125.019781608599232,6.637489791869897,0.0]]],[[[125.020056166063384,6.638302325935972,0.0],[125.020057272049883,6.638573539165891,0.0],[125.020328512378484,6.638572433192711,0.0],[125.020327406243652,6.638301220008356,0.0],[125.020056166063384,6.638302325935972,0.0]]],[[[125.020058378082567,6.638844752392701,0.0],[125.020057272049883,6.638573539165891,0.0],[125.019786031675096,6.638574644990745,0.0],[125.019787137559547,6.638845858263118,0.0],[125.020058378082567,6.638844752392701,0.0]]],[[[125.020058378082567,6.638844752392701,0.0],[125.020059484161436,6.639115965616313,0.0],[125.020330724786604,6.639114859552007,0.0],[125.020329618559401,6.638843646373958,0.0],[125.020058378082567,6.638844752392701,0.0]]],[[[125.020331831059991,6.639386072726947,0.0],[125.02033293737955,6.63965728589869,0.0],[125.020334043745308,6.639928499067325,0.0],[125.02060528476909,6.639927392718001,0.0],[125.020604178254999,6.639656179595019,0.0],[125.020603071787107,6.639384966468751,0.0],[125.020331831059991,6.639386072726947,0.0]]],[[[125.020336256615465,6.640470925395179,0.0],[125.020335150157251,6.64019971223285,0.0],[125.020334043745308,6.639928499067325,0.0],[125.020062802675355,6.639929605268322,0.0],[125.020063908938965,6.640200818479411,0.0],[125.020065015248846,6.640472031687303,0.0],[125.020336256615465,6.640470925395179,0.0]]],[[[125.020341789599314,6.641826991159658,0.0],[125.020613031661284,6.641825884491301,0.0],[125.020611924823726,6.641554671390257,0.0],[125.020610818032438,6.641283458286105,0.0],[125.020339576267133,6.641284564863335,0.0],[125.020340682910089,6.641555778013051,0.0],[125.020341789599314,6.641826991159658,0.0]]],[[[125.021159944645419,6.64290852271757,0.0],[125.021431187162136,6.642907415421893,0.0],[125.021430079694682,6.642636202470151,0.0],[125.021158837326382,6.642637309720354,0.0],[125.021159944645419,6.64290852271757,0.0]]],[[[125.02116105201064,6.643179735711766,0.0],[125.021159944645419,6.64290852271757,0.0],[125.02088870208253,6.642909629864922,0.0],[125.020889809299419,6.643180842904681,0.0],[125.02116105201064,6.643179735711766,0.0]]],[[[125.020077187706292,6.643455376766725,0.0],[125.020078294570496,6.643726589936869,0.0],[125.020349537717195,6.643725483097804,0.0],[125.020348430704573,6.643454269973224,0.0],[125.02034732373815,6.643183056845534,0.0],[125.020076080888273,6.643184163593472,0.0],[125.020077187706292,6.643455376766725,0.0]]],[[[125.020349537717195,6.643725483097804,0.0],[125.020350644775903,6.643996696219276,0.0],[125.020621888024749,6.643995589186233,0.0],[125.020620780817623,6.643724376110414,0.0],[125.020349537717195,6.643725483097804,0.0]]],[[[125.01492687424205,6.644290019749897,0.0],[125.014925770104824,6.644018805721239,0.0],[125.014654525887067,6.644019909638375,0.0],[125.01465562987589,6.644291123712507,0.0],[125.01492687424205,6.644290019749897,0.0]]],[[[125.017374705268466,6.645907359058687,0.0],[125.017373599518919,6.645636145458309,0.0],[125.017102354825639,6.645637250983847,0.0],[125.017103460426668,6.645908464629788,0.0],[125.017374705268466,6.645907359058687,0.0]]],[[[125.020904207324676,6.646706612134499,0.0],[125.020903099507024,6.646435399135684,0.0],[125.020631854968642,6.646436506727391,0.0],[125.020632962637876,6.646707719771769,0.0],[125.020904207324676,6.646706612134499,0.0]]],[[[125.021450021180755,6.647518035118591,0.0],[125.02144891292744,6.647246822220496,0.0],[125.021177668036174,6.647247930245812,0.0],[125.02117877614107,6.647519143189471,0.0],[125.021450021180755,6.647518035118591,0.0]]],[[[125.014940127482518,6.647544587848118,0.0],[125.015211373583739,6.647543483191574,0.0],[125.015210268745122,6.647272269246138,0.0],[125.014939022792305,6.647273373857208,0.0],[125.014940127482518,6.647544587848118,0.0]]],[[[125.011416129633162,6.648101364026791,0.0],[125.011687376629936,6.648100261209398,0.0],[125.011686273629309,6.647829046679807,0.0],[125.011685170674781,6.64755783214702,0.0],[125.011413923974928,6.647558934873641,0.0],[125.011415026781037,6.647830149451814,0.0],[125.011416129633162,6.648101364026791,0.0]]],[[[125.013314857644247,6.648093641187356,0.0],[125.013313753752783,6.647822426930081,0.0],[125.013042507180643,6.647823530592842,0.0],[125.013043610923518,6.648094744895503,0.0],[125.013314857644247,6.648093641187356,0.0]]],[[[125.012774571483902,6.648638277141914,0.0],[125.012773467797331,6.648367062800085,0.0],[125.012502220836183,6.648368166256788,0.0],[125.012503324374237,6.648639380643915,0.0],[125.012774571483902,6.648638277141914,0.0]]],[[[125.023355391890846,6.649137549872095,0.0],[125.023354282320724,6.648866337312218,0.0],[125.023083036862275,6.648867446650528,0.0],[125.023084146283892,6.649138659256058,0.0],[125.023355391890846,6.649137549872095,0.0]]],[[[125.02363218673878,6.65049250286359,0.0],[125.023903432995695,6.650491392954447,0.0],[125.0239023228972,6.650220180501596,0.0],[125.023901212844876,6.649948968045636,0.0],[125.023629966885053,6.649950077863473,0.0],[125.023631076788774,6.650221290365086,0.0],[125.02363218673878,6.65049250286359,0.0]]],[[[125.019570134637164,6.65213641270864,0.0],[125.019569026637953,6.65186519954498,0.0],[125.019297778898576,6.651866307305618,0.0],[125.019298886749183,6.652137520514931,0.0],[125.019570134637164,6.65213641270864,0.0]]],[[[125.021469977644784,6.652399866746781,0.0],[125.021471086776415,6.652671079585102,0.0],[125.02174233459192,6.652669970499212,0.0],[125.02201358236114,6.65266886126473,0.0],[125.022012472932317,6.652397648517625,0.0],[125.021741225311686,6.652398757706544,0.0],[125.021469977644784,6.652399866746781,0.0]]],[[[125.023373151306117,6.653476950401847,0.0],[125.023372040995611,6.653205737892329,0.0],[125.023100793160481,6.6532068479609,0.0],[125.023101903322399,6.653478060516069,0.0],[125.023373151306117,6.653476950401847,0.0]]],[[[125.017412328202738,6.655128619598991,0.0],[125.017411220884597,6.654857406105728,0.0],[125.017139971141304,6.654858513178561,0.0],[125.017141078310857,6.655129726717477,0.0],[125.017412328202738,6.655128619598991,0.0]]],[[[125.022028009143568,6.656194626690035,0.0],[125.022026899113555,6.655923413983964,0.0],[125.021755649560959,6.655924523765742,0.0],[125.021756759442212,6.656195736517465,0.0],[125.022028009143568,6.656194626690035,0.0]]],[[[125.01389381500185,6.657041499048852,0.0],[125.013892709293614,6.656770284986444,0.0],[125.013621457910489,6.656771390445368,0.0],[125.013622563470037,6.657042604553163,0.0],[125.01389381500185,6.657041499048852,0.0]]],[[[125.011996158025767,6.657320448834256,0.0],[125.01199505331229,6.657049234457078,0.0],[125.011723801458245,6.657050338920709,0.0],[125.011724906023034,6.657321553343274,0.0],[125.011996158025767,6.657320448834256,0.0]]],[[[125.020406056625234,6.657557348276275,0.0],[125.020404947256196,6.657286135312366,0.0],[125.020133696682819,6.65728724443023,0.0],[125.020134805903169,6.657558457439792,0.0],[125.020406056625234,6.657557348276275,0.0]]],[[[125.016609649647734,6.657844076633421,0.0],[125.016880901118626,6.657842969357284,0.0],[125.016879793636519,6.657571755804423,0.0],[125.016608542314316,6.657572863035086,0.0],[125.016609649647734,6.657844076633421,0.0]]],[[[125.013087798393016,6.658943314418484,0.0],[125.013086692808514,6.658672100241767,0.0],[125.012815440246314,6.658673205572616,0.0],[125.012816545682057,6.65894441979463,0.0],[125.013087798393016,6.658943314418484,0.0]]],[[[125.019870210534975,6.659186844718854,0.0],[125.019869101186103,6.658915631682647,0.0],[125.019597849628084,6.658916740776619,0.0],[125.019598958828198,6.659187953858301,0.0],[125.019870210534975,6.659186844718854,0.0]]],[[[125.013091115422782,6.659756956929361,0.0],[125.013362368533862,6.659755851268199,0.0],[125.013361262662471,6.65948463714646,0.0],[125.01336015683718,6.659213423021613,0.0],[125.013088904023547,6.659214528591915,0.0],[125.013090009700164,6.659485742762237,0.0],[125.013091115422782,6.659756956929361,0.0]]],[[[125.019329925316555,6.659731489094232,0.0],[125.019328816172845,6.659460275973292,0.0],[125.019057564225008,6.659461384860852,0.0],[125.019058673219945,6.659732598027444,0.0],[125.019329925316555,6.659731489094232,0.0]]],[[[125.023943427370895,6.660255039156913,0.0],[125.023942315605993,6.65998382681757,0.0],[125.023671064146654,6.659984938324812,0.0],[125.023672175762783,6.660256150709807,0.0],[125.023943427370895,6.660255039156913,0.0]]],[[[125.013635833777386,6.660297173601557,0.0],[125.013634727665121,6.66002595953151,0.0],[125.013363474451353,6.660027065386829,0.0],[125.013364580414859,6.660298279502261,0.0],[125.013635833777386,6.660297173601557,0.0]]],[[[125.022859531877003,6.660530696994624,0.0],[125.022860643139367,6.660801909510181,0.0],[125.023131895183838,6.660800798312292,0.0],[125.023130783772615,6.660529585842299,0.0],[125.023129672407748,6.660258373369197,0.0],[125.02285842066081,6.660259484475781,0.0],[125.022859531877003,6.660530696994624,0.0]]],[[[125.014724167165241,6.66110639015701,0.0],[125.014723060319696,6.660835176278188,0.0],[125.014451806843837,6.660836282864833,0.0],[125.014452913540609,6.66110749678904,0.0],[125.014724167165241,6.66110639015701,0.0]]],[[[125.01526667427612,6.661104176446551,0.0],[125.014995420743688,6.661105283376121,0.0],[125.014724167165241,6.66110639015701,0.0],[125.014725274056801,6.661377604032634,0.0],[125.014996527784007,6.661376497206359,0.0],[125.015267781465298,6.661375390231314,0.0],[125.01526667427612,6.661104176446551,0.0]]],[[[125.01282760257196,6.661656561841665,0.0],[125.012826496675785,6.661385347651181,0.0],[125.012555242580063,6.661386453287297,0.0],[125.012556348327379,6.661657667523255,0.0],[125.01282760257196,6.661656561841665,0.0]]],[[[125.010658672078875,6.66193661767903,0.0],[125.01065756732703,6.661665403128567,0.0],[125.010386312714402,6.66166650761991,0.0],[125.010387417317475,6.661937722215758,0.0],[125.010658672078875,6.66193661767903,0.0]]],[[[125.011744796057641,6.662203412410048,0.0],[125.011743690664616,6.661932198044238,0.0],[125.011472436087146,6.661933303176046,0.0],[125.011473541331398,6.662204517587242,0.0],[125.011744796057641,6.662203412410048,0.0]]],[[[125.022056886154758,6.663246155941835,0.0],[125.022328139677157,6.663245044779562,0.0],[125.022599393153371,6.663243933468519,0.0],[125.022598281623303,6.662972720935731,0.0],[125.022327028296033,6.662973832201122,0.0],[125.022055774922407,6.662974943317743,0.0],[125.022056886154758,6.663246155941835,0.0]]],[[[125.021243125310093,6.66324948853577,0.0],[125.021514378971219,6.663248377819895,0.0],[125.0215132680365,6.662977165104587,0.0],[125.021242014524134,6.662978275774809,0.0],[125.021243125310093,6.66324948853577,0.0]]],[[[125.019075313686372,6.663800795146888,0.0],[125.019346568014882,6.6637996855304,0.0],[125.019345458178307,6.663528472456801,0.0],[125.019074203998656,6.663529582027725,0.0],[125.019075313686372,6.663800795146888,0.0]]],[[[125.019075313686372,6.663800795146888,0.0],[125.018804059311762,6.663801904614606,0.0],[125.018805168896719,6.664073117776224,0.0],[125.019076423420188,6.664072008262942,0.0],[125.019075313686372,6.663800795146888,0.0]]],[[[125.017721259376899,6.664348767681436,0.0],[125.017720150341091,6.66407755434085,0.0],[125.017448895586796,6.664078663109927,0.0],[125.017450004473815,6.664349876496076,0.0],[125.017721259376899,6.664348767681436,0.0]]],[[[125.017993623464704,6.664618872009851,0.0],[125.017992514233867,6.664347658717937,0.0],[125.017721259376899,6.664348767681436,0.0],[125.017722368458877,6.664619981018824,0.0],[125.017993623464704,6.664618872009851,0.0]]],[[[125.017993623464704,6.664618872009851,0.0],[125.017994732741641,6.664890085298656,0.0],[125.018265987850242,6.66488897609526,0.0],[125.018264878424446,6.664617762852107,0.0],[125.017993623464704,6.664618872009851,0.0]]],[[[125.015824690212156,6.664898953566998,0.0],[125.016095945689784,6.664897845554383,0.0],[125.016094837454858,6.664626631947077,0.0],[125.015823582126089,6.664627739914217,0.0],[125.015824690212156,6.664898953566998,0.0]]],[[[125.015825798344409,6.665170167216581,0.0],[125.015824690212156,6.664898953566998,0.0],[125.015553434688428,6.664900061430754,0.0],[125.015554542671723,6.665171275125812,0.0],[125.015825798344409,6.665170167216581,0.0]]],[[[125.01365575167307,6.665179026322563,0.0],[125.013384495631882,6.665180133041013,0.0],[125.013385602470237,6.665451347096494,0.0],[125.013656858660369,6.665450240332658,0.0],[125.013928114804415,6.665449133419963,0.0],[125.013927007668244,6.665177919455343,0.0],[125.01365575167307,6.665179026322563,0.0]]],[[[125.0131154529697,6.665723667809229,0.0],[125.013386709354776,6.665722561148866,0.0],[125.013385602470237,6.665451347096494,0.0],[125.013114346234104,6.66545245371156,0.0],[125.012843089951872,6.665453560177679,0.0],[125.012844196538595,6.665724774320823,0.0],[125.0131154529697,6.665723667809229,0.0]]],[[[125.011487913692747,6.665730304645554,0.0],[125.011486807850488,6.665459090275481,0.0],[125.011215551292111,6.665460195848447,0.0],[125.011216656985511,6.665731410263906,0.0],[125.011487913692747,6.665730304645554,0.0]]],[[[125.010403991880708,6.66600594077432,0.0],[125.010675248874819,6.666004835557247,0.0],[125.010674143433121,6.665733621054035,0.0],[125.010673038037439,6.665462406547804,0.0],[125.01040178134113,6.665463511674194,0.0],[125.010402886587954,6.665734726225812,0.0],[125.010403991880708,6.66600594077432,0.0]]],[[[125.013392244467866,6.667078631363297,0.0],[125.013663501551321,6.667077524326968,0.0],[125.013662394287707,6.666806310335791,0.0],[125.013661287070192,6.666535096341417,0.0],[125.013390030284441,6.666536203286975,0.0],[125.013391137353196,6.666807417326734,0.0],[125.013392244467866,6.667078631363297,0.0]]],[[[125.009865898194121,6.667093009287215,0.0],[125.010137155875853,6.667091904186404,0.0],[125.010136050548027,6.666820689605211,0.0],[125.010134945266302,6.66654947502082,0.0],[125.009863687882458,6.666550580030948,0.0],[125.009864793015325,6.666821794660636,0.0],[125.009865898194121,6.667093009287215,0.0]]],[[[125.020723948778809,6.668947178686033,0.0],[125.020995205659062,6.668946067310331,0.0],[125.020994094051275,6.668674854570154,0.0],[125.02072283731998,6.668675965900204,0.0],[125.020723948778809,6.668947178686033,0.0]]],[[[125.020995205659062,6.668946067310331,0.0],[125.02099631731312,6.669217280047399,0.0],[125.021267574296132,6.669216168477274,0.0],[125.021266462493116,6.668944955785769,0.0],[125.020995205659062,6.668946067310331,0.0]]],[[[125.020723948778809,6.668947178686033,0.0],[125.020452691852299,6.6689482899127,0.0],[125.020453803208369,6.669219502740984,0.0],[125.020725060283837,6.669218391468665,0.0],[125.020723948778809,6.668947178686033,0.0]]],[[[125.022082457263807,6.669484045424565,0.0],[125.022081344967688,6.669212832873126,0.0],[125.021810088123502,6.669213944890093,0.0],[125.02153883123286,6.669215056758113,0.0],[125.02153994323109,6.669486269400857,0.0],[125.021541055275506,6.669757482040315,0.0],[125.02181231246395,6.669756370081079,0.0],[125.02208356960621,6.669755257972896,0.0],[125.022082457263807,6.669484045424565,0.0]]],[[[125.017472191903138,6.669774143555149,0.0],[125.017743449784533,6.669773033830126,0.0],[125.017742339825745,6.669501820552779,0.0],[125.017741229913057,6.669230607272145,0.0],[125.017469972329636,6.66923171690613,0.0],[125.017471082093294,6.669502930232238,0.0],[125.017472191903138,6.669774143555149,0.0]]],[[[125.023168597712498,6.66975080805051,0.0],[125.023167484774319,6.6694795956847,0.0],[125.0228962279661,6.66948070834311,0.0],[125.022897340755335,6.669751920754483,0.0],[125.023168597712498,6.66975080805051,0.0]]],[[[125.022626083751902,6.669753033309598,0.0],[125.022624971111611,6.669481820852572,0.0],[125.022353714210851,6.669482933212998,0.0],[125.022354826702184,6.669754145715676,0.0],[125.022626083751902,6.669753033309598,0.0]]],[[[125.020728395076361,6.670032029797643,0.0],[125.02099965255249,6.670030918239598,0.0],[125.020998540759791,6.669759705512033,0.0],[125.020727283432606,6.669760817024426,0.0],[125.020728395076361,6.670032029797643,0.0]]],[[[125.010691836018211,6.670073052725454,0.0],[125.010963095200438,6.670071946678999,0.0],[125.011234354336565,6.670070840483509,0.0],[125.011233247907128,6.669799626118498,0.0],[125.010961988919945,6.669800732268514,0.0],[125.010690729886761,6.669801838269671,0.0],[125.010691836018211,6.670073052725454,0.0]]],[[[125.023983481737915,6.670018681270382,0.0],[125.023712224770534,6.670019794466939,0.0],[125.023711111488097,6.669748582195543,0.0],[125.023439854623476,6.6697496951975,0.0],[125.023168597712498,6.66975080805051,0.0],[125.023169710697047,6.670022020413122,0.0],[125.023440967756969,6.67002090751446,0.0],[125.023442080936746,6.670292119828312,0.0],[125.023713338099256,6.67029100673505,0.0],[125.02398459521558,6.67028989349284,0.0],[125.023983481737915,6.670018681270382,0.0]]],[[[125.022899566472731,6.670294345567904,0.0],[125.02289845359094,6.670023133162748,0.0],[125.022627196438464,6.670024245763515,0.0],[125.02262830917131,6.670295458214235,0.0],[125.022899566472731,6.670294345567904,0.0]]],[[[125.012590649327279,6.670065307271842,0.0],[125.012319390421197,6.67006641421207,0.0],[125.012048131469001,6.67006752100344,0.0],[125.01177687247089,6.670068627645773,0.0],[125.011505613426777,6.67006973413907,0.0],[125.011234354336565,6.670070840483509,0.0],[125.011235460812017,6.670342054845411,0.0],[125.011506720051173,6.670340948455586,0.0],[125.011777979244329,6.670339841916904,0.0],[125.012049238391469,6.670338735229095,0.0],[125.01232049749261,6.670337628392429,0.0],[125.01259175654765,6.670336521406814,0.0],[125.012863015556675,6.670335414272164,0.0],[125.012861908187375,6.670064200182666,0.0],[125.012590649327279,6.670065307271842,0.0]]],[[[125.009606798829665,6.670077475421796,0.0],[125.009335539417663,6.670078580723424,0.0],[125.009336644850208,6.670349795402761,0.0],[125.009607904411254,6.670348690055836,0.0],[125.009879163926271,6.670347584559786,0.0],[125.010150423395388,6.670346478914877,0.0],[125.010421682818574,6.670345373120932,0.0],[125.01069294219576,6.670344267178039,0.0],[125.010691836018211,6.670073052725454,0.0],[125.010420576790068,6.670074158622961,0.0],[125.010149317515911,6.67007526437152,0.0],[125.009878058195753,6.670076369971132,0.0],[125.009606798829665,6.670077475421796,0.0]]],[[[125.012864122972076,6.670606628358553,0.0],[125.013135382084144,6.670605521029569,0.0],[125.013406641150112,6.670604413551549,0.0],[125.013405533436725,6.67033319955602,0.0],[125.0131342745197,6.670334306988566,0.0],[125.012863015556675,6.670335414272164,0.0],[125.012864122972076,6.670606628358553,0.0]]],[[[125.015576712019239,6.670595548364653,0.0],[125.015577820970748,6.670866761993453,0.0],[125.015849079770973,6.670865653129252,0.0],[125.015847970670521,6.670594439545927,0.0],[125.015846861616239,6.670323225959405,0.0],[125.015575603113916,6.670324334732745,0.0],[125.015576712019239,6.670595548364653,0.0]]],[[[125.021000764391374,6.670302130964054,0.0],[125.021001876276543,6.670573343685313,0.0],[125.020730618502427,6.670574455334486,0.0],[125.020731730284837,6.6708456680982,0.0],[125.020732842113418,6.671116880858716,0.0],[125.021004100185507,6.671115769118328,0.0],[125.021002988207982,6.670844556403375,0.0],[125.021274246084843,6.670843444559691,0.0],[125.021545503915533,6.670842332566882,0.0],[125.02154439168612,6.670571119940036,0.0],[125.02127313400446,6.670572231887104,0.0],[125.021272021970361,6.670301019211498,0.0],[125.021000764391374,6.670302130964054,0.0]]],[[[125.013679008078498,6.670874519871526,0.0],[125.013677900169981,6.670603305924581,0.0],[125.013406641150112,6.670604413551549,0.0],[125.013407748909501,6.670875627543968,0.0],[125.013679008078498,6.670874519871526,0.0]]],[[[125.012322711773535,6.670880056743642,0.0],[125.012321604610023,6.670608842569679,0.0],[125.012050345359938,6.670609949451731,0.0],[125.012051452374422,6.67088116367117,0.0],[125.012322711773535,6.670880056743642,0.0]]],[[[125.013951375304785,6.671144625948586,0.0],[125.013950267201309,6.670873412050224,0.0],[125.013679008078498,6.670874519871526,0.0],[125.013680116033029,6.671145733815362,0.0],[125.013951375304785,6.671144625948586,0.0]]],[[[125.012595078485035,6.671150163792636,0.0],[125.012593971126563,6.670878949667167,0.0],[125.012322711773535,6.670880056743642,0.0],[125.012323818982978,6.671151270914497,0.0],[125.012595078485035,6.671150163792636,0.0]]],[[[125.013951375304785,6.671144625948586,0.0],[125.013952483454446,6.671415839843751,0.0],[125.01422374282923,6.671414731782552,0.0],[125.014222634530611,6.671143517932774,0.0],[125.013951375304785,6.671144625948586,0.0]]],[[[125.012596185889606,6.671421377914997,0.0],[125.012867445494606,6.671420270598714,0.0],[125.012866337941091,6.671149056521828,0.0],[125.012595078485035,6.671150163792636,0.0],[125.012596185889606,6.671421377914997,0.0]]],[[[125.022091357297668,6.67165374572257,0.0],[125.022090244631542,6.671382533196355,0.0],[125.02181898659542,6.671383645578275,0.0],[125.021820099112517,6.671654858150142,0.0],[125.022091357297668,6.67165374572257,0.0]]],[[[125.012867445494606,6.671420270598714,0.0],[125.012868553094222,6.671691484672491,0.0],[125.013139812802251,6.671690377161785,0.0],[125.013138705053692,6.671419163133483,0.0],[125.012867445494606,6.671420270598714,0.0]]],[[[125.01666729454611,6.671947179398505,0.0],[125.01693855375791,6.671946069756349,0.0],[125.016937443876927,6.671674856367713,0.0],[125.016936334042114,6.671403642975791,0.0],[125.016665075128302,6.671404752526908,0.0],[125.016666184814156,6.671675965964305,0.0],[125.01666729454611,6.671947179398505,0.0]]],[[[125.021549953295334,6.671927183042912,0.0],[125.021548840880996,6.671655970428678,0.0],[125.021277582603375,6.671657082558178,0.0],[125.021278694868684,6.671928295218064,0.0],[125.021549953295334,6.671927183042912,0.0]]],[[[125.018837366948588,6.671938298089395,0.0],[125.018836256024443,6.671667085019348,0.0],[125.018564997284699,6.671668195659017,0.0],[125.018566108059815,6.671939408774539,0.0],[125.018837366948588,6.671938298089395,0.0]]],[[[125.021549953295334,6.671927183042912,0.0],[125.021551065755943,6.672198395654036,0.0],[125.021822324285452,6.672197283284196,0.0],[125.0218212116758,6.671926070718723,0.0],[125.021549953295334,6.671927183042912,0.0]]],[[[125.023183070120666,6.673276568518092,0.0],[125.023454328968754,6.67327545507169,0.0],[125.023453215279886,6.673004242792655,0.0],[125.023181956580828,6.673005356193404,0.0],[125.023183070120666,6.673276568518092,0.0]]],[[[125.023730043585132,6.674359190378252,0.0],[125.02372892956204,6.674087978157481,0.0],[125.023457670313022,6.674089091889877,0.0],[125.023458784187085,6.674360304156299,0.0],[125.023730043585132,6.674359190378252,0.0]]],[[[125.02021034128299,6.676000934682667,0.0],[125.020209228920706,6.675729721887955,0.0],[125.019937968175896,6.675730833956082,0.0],[125.01993908038915,6.676002046796445,0.0],[125.02021034128299,6.676000934682667,0.0]]],[[[125.019942417306126,6.676815685298618,0.0],[125.019941304954315,6.676544472467758,0.0],[125.019670043715948,6.676545584523539,0.0],[125.019671155918729,6.676816797400051,0.0],[125.019942417306126,6.676815685298618,0.0]]],[[[125.01126203002444,6.676851198583198,0.0],[125.011260922444905,6.676579984297146,0.0],[125.01098965973128,6.676581091581544,0.0],[125.010990767161687,6.676852305912981,0.0],[125.01126203002444,6.676851198583198,0.0]]],[[[125.01126203002444,6.676851198583198,0.0],[125.011263137649991,6.677122412866141,0.0],[125.011534400615858,6.677121305341847,0.0],[125.011533292841179,6.676850091104289,0.0],[125.01126203002444,6.676851198583198,0.0]]],[[[125.010449348476428,6.677125734544185,0.0],[125.010448241298263,6.676854520125173,0.0],[125.010176978297579,6.676855627007581,0.0],[125.010178085326615,6.677126841471979,0.0],[125.010449348476428,6.677125734544185,0.0]]],[[[125.023742300894256,6.677342524597827,0.0],[125.024013561886235,6.677341410168478,0.0],[125.02401244720474,6.677070198028177,0.0],[125.023741186361974,6.677071312411873,0.0],[125.023742300894256,6.677342524597827,0.0]]],[[[125.012078034528585,6.677390303989559,0.0],[125.012349297505551,6.677389195972592,0.0],[125.012620560436432,6.677388087806411,0.0],[125.012619452019067,6.677116873753595,0.0],[125.012348189237329,6.67711798187439,0.0],[125.012076926409563,6.677119089845971,0.0],[125.012078034528585,6.677390303989559,0.0]]],[[[125.018320406266511,6.678178421143941,0.0],[125.018319294578603,6.677907208055509,0.0],[125.018048032317509,6.677908319444357,0.0],[125.018049143856288,6.678179532578352,0.0],[125.018320406266511,6.678178421143941,0.0]]],[[[125.015607780087095,6.678189528776266,0.0],[125.015606669890801,6.67791831523282,0.0],[125.015335407168379,6.677919425130328,0.0],[125.015336517215459,6.678190638719248,0.0],[125.015607780087095,6.678189528776266,0.0]]],[[[125.023746759486244,6.678427373310023,0.0],[125.023745644768866,6.678156161136681,0.0],[125.023474383283059,6.678157275553951,0.0],[125.023475497851308,6.678428487772856,0.0],[125.023746759486244,6.678427373310023,0.0]]],[[[125.013982420906686,6.678738613819744,0.0],[125.01398131151322,6.678467400009844,0.0],[125.013710048215984,6.678468509103372,0.0],[125.013711157460236,6.678739722958658,0.0],[125.013982420906686,6.678738613819744,0.0]]],[[[125.012085792650552,6.679288802906211,0.0],[125.012084684209299,6.679017588784739,0.0],[125.011813420291404,6.679018696924985,0.0],[125.011814528583344,6.679289911091844,0.0],[125.012085792650552,6.679288802906211,0.0]]],[[[125.023478841833921,6.679242124410831,0.0],[125.023479956587366,6.679513336617124,0.0],[125.023751218818973,6.679512221971682,0.0],[125.023750103916399,6.679241009811041,0.0],[125.023478841833921,6.679242124410831,0.0]]],[[[125.023479956587366,6.679513336617124,0.0],[125.023208694309389,6.679514451113442,0.0],[125.023209808959891,6.679785663362279,0.0],[125.023210923656677,6.680056875607829,0.0],[125.023212038399819,6.68032808785036,0.0],[125.023483301125339,6.680326973217086,0.0],[125.023482186233068,6.680055761020207,0.0],[125.023481071387081,6.679784548820309,0.0],[125.023479956587366,6.679513336617124,0.0]]],[[[125.015073024873914,6.680090243865231,0.0],[125.015071914653291,6.67981903025304,0.0],[125.014800650794356,6.679820140170443,0.0],[125.014801760865765,6.680091353828108,0.0],[125.015073024873914,6.680090243865231,0.0]]],[[[125.015618884585663,6.680901664036996,0.0],[125.015617773928312,6.68063045052508,0.0],[125.015346509713936,6.680631560877335,0.0],[125.015347620221974,6.680902774434636,0.0],[125.015618884585663,6.680901664036996,0.0]]],[[[125.013177503653935,6.68091165224459,0.0],[125.013176394339595,6.680640438323668,0.0],[125.012905129710532,6.680641547333086,0.0],[125.012906238875559,6.680912761299393,0.0],[125.013177503653935,6.68091165224459,0.0]]],[[[125.024031403085601,6.681680803983068,0.0],[125.02403028766345,6.681409591893392,0.0],[125.023759024433531,6.681410707007704,0.0],[125.023760139706468,6.681681919143032,0.0],[125.024031403085601,6.681680803983068,0.0]]],[[[125.015350952022942,6.681716415087533,0.0],[125.015349841376519,6.681445201539735,0.0],[125.015078576668316,6.681446311879111,0.0],[125.015079687165525,6.681717525472473,0.0],[125.015350952022942,6.681716415087533,0.0]]],[[[125.009927861583918,6.682281023334622,0.0],[125.010199127614626,6.682279915694331,0.0],[125.010198019711964,6.682008701289974,0.0],[125.00992675383047,6.682009808884968,0.0],[125.009927861583918,6.682281023334622,0.0]]],[[[125.010742767785274,6.682548914276407,0.0],[125.010741659538098,6.682277699966019,0.0],[125.01047039359932,6.682278807904738,0.0],[125.010471501697282,6.6825500222606,0.0],[125.010742767785274,6.682548914276407,0.0]]],[[[125.012372581770833,6.683084691304306,0.0],[125.012371472535989,6.682813477272451,0.0],[125.012100206574829,6.682814586197492,0.0],[125.01210131566036,6.683085800274644,0.0],[125.012372581770833,6.683084691304306,0.0]]],[[[125.019427710837917,6.683598231375041,0.0],[125.019426597629462,6.683327018532101,0.0],[125.019155332568559,6.683328131428632,0.0],[125.019156445627715,6.683599344317135,0.0],[125.019427710837917,6.683598231375041,0.0]]],[[[125.012646066741766,6.683626010147923,0.0],[125.012644957265522,6.683354796167849,0.0],[125.012373691051764,6.683355905332875,0.0],[125.012374800378709,6.683627119358335,0.0],[125.012646066741766,6.683626010147923,0.0]]],[[[125.021870210248025,6.683859420608838,0.0],[125.021869095649748,6.683588208179345,0.0],[125.021597830855555,6.683589322464809,0.0],[125.021598945304532,6.683860534939865,0.0],[125.021870210248025,6.683859420608838,0.0]]],[[[125.019971354672847,6.683867217791737,0.0],[125.019970241119594,6.683596005043122,0.0],[125.019698976001848,6.683597118283733,0.0],[125.019700089405802,6.683868331077911,0.0],[125.019971354672847,6.683867217791737,0.0]]],[[[125.009664350023613,6.684180632202072,0.0],[125.00993561714526,6.684179524393561,0.0],[125.009934509070035,6.683908309966022,0.0],[125.009663242097687,6.683909417729148,0.0],[125.009664350023613,6.684180632202072,0.0]]],[[[125.021329909052952,6.684404074153592,0.0],[125.021328794660732,6.684132861639278,0.0],[125.021057529475485,6.684133975717352,0.0],[125.021058643718405,6.684405188277318,0.0],[125.021329909052952,6.684404074153592,0.0]]],[[[125.020789606663456,6.684948727453475,0.0],[125.021060872342801,6.684947613387835,0.0],[125.02105975800751,6.684676400834175,0.0],[125.020788492477379,6.684677514854251,0.0],[125.020789606663456,6.684948727453475,0.0]]],[[[125.009940049906177,6.685264382072007,0.0],[125.01021131757922,6.685263273932827,0.0],[125.010210209170651,6.684992059563286,0.0],[125.010209100808183,6.684720845190637,0.0],[125.009937833433838,6.684721953239134,0.0],[125.009938941647007,6.684993167657081,0.0],[125.009940049906177,6.685264382072007,0.0]]],[[[125.019704543483613,6.684953182223095,0.0],[125.019705657118493,6.685224395001463,0.0],[125.019976923132134,6.685223281487471,0.0],[125.020248189099519,6.685222167824088,0.0],[125.020519455020704,6.68522105401149,0.0],[125.020520569149852,6.685492266649971,0.0],[125.02079183517408,6.685491152642418,0.0],[125.020790720895633,6.6852199400495,0.0],[125.020789606663456,6.684948727453475,0.0],[125.020518340937755,6.684949841369812,0.0],[125.020247075165855,6.684950955136846,0.0],[125.019975809347869,6.684952068754666,0.0],[125.019704543483613,6.684953182223095,0.0]]],[[[125.01428143784679,6.685517847614428,0.0],[125.014280327152235,6.685246633929052,0.0],[125.01400906016967,6.685247744307774,0.0],[125.014010170714826,6.685518958038625,0.0],[125.01428143784679,6.685517847614428,0.0]]],[[[125.013467636312896,6.685521178438933,0.0],[125.013466526066424,6.68524996461731,0.0],[125.013195258945657,6.685251074548124,0.0],[125.013196369042831,6.685522288415222,0.0],[125.013467636312896,6.685521178438933,0.0]]],[[[125.019436618168527,6.685767934004603,0.0],[125.019707884527051,6.685766820548786,0.0],[125.01970677079963,6.685495607776724,0.0],[125.01943550459049,6.685496721186976,0.0],[125.019436618168527,6.685767934004603,0.0]]],[[[125.01428143784679,6.685517847614428,0.0],[125.01428254858736,6.685789061296608,0.0],[125.014553815822524,6.685787950677722,0.0],[125.014552704932555,6.685516737041017,0.0],[125.01428143784679,6.685517847614428,0.0]]],[[[125.019707884527051,6.685766820548786,0.0],[125.019708998300572,6.686038033317652,0.0],[125.019980264762225,6.68603691966688,0.0],[125.019979150839319,6.685765706943578,0.0],[125.019707884527051,6.685766820548786,0.0]]],[[[125.019166465238726,6.686040260171198,0.0],[125.019165351763903,6.685769047311205,0.0],[125.018894085312994,6.685770160468416,0.0],[125.018895198638518,6.686041373373972,0.0],[125.019166465238726,6.686040260171198,0.0]]],[[[125.010485911155712,6.6860758085978,0.0],[125.010484802459914,6.685804594283149,0.0],[125.010213534534188,6.685805702662315,0.0],[125.010214643080687,6.686076917022263,0.0],[125.010485911155712,6.6860758085978,0.0]]],[[[125.018626158483031,6.686584912320179,0.0],[125.018625045214534,6.686313699375366,0.0],[125.018353778372656,6.686314812325098,0.0],[125.018354891491754,6.686586025315386,0.0],[125.018626158483031,6.686584912320179,0.0]]],[[[125.009951135027094,6.687976526046389,0.0],[125.010222404193684,6.687975417453704,0.0],[125.010221295325309,6.687704203115872,0.0],[125.010220186502949,6.687432988774842,0.0],[125.009948917635043,6.687434097276843,0.0],[125.009950026308104,6.68770531166317,0.0],[125.009951135027094,6.687976526046389,0.0]]],[[[125.018359344430223,6.687670877245009,0.0],[125.018360457780261,6.687942090219487,0.0],[125.018631725518389,6.687940976996551,0.0],[125.018630612018967,6.687669764067636,0.0],[125.018359344430223,6.687670877245009,0.0]]],[[[125.018360457780261,6.687942090219487,0.0],[125.018089189995933,6.687943203293032,0.0],[125.018090303242758,6.688214416309877,0.0],[125.01836157117647,6.688213303190769,0.0],[125.018360457780261,6.687942090219487,0.0]]],[[[125.018090303242758,6.688214416309877,0.0],[125.017819035262946,6.688215529279682,0.0],[125.017820148406486,6.688486742338893,0.0],[125.018091416535768,6.688485629323613,0.0],[125.018090303242758,6.688214416309877,0.0]]],[[[125.010495891487835,6.688516737287196,0.0],[125.010494782378132,6.688245523001055,0.0],[125.010223513108073,6.688246631788428,0.0],[125.010224622068463,6.688517846119955,0.0],[125.010495891487835,6.688516737287196,0.0]]],[[[125.018906334433908,6.688753502255449,0.0],[125.018905220646545,6.688482289381512,0.0],[125.018633952655804,6.688483402844878,0.0],[125.018635066293783,6.688754615764378,0.0],[125.018906334433908,6.688753502255449,0.0]]],[[[125.015108576271658,6.68876907778698,0.0],[125.015107464576033,6.688497864275953,0.0],[125.014836195939324,6.688498975648103,0.0],[125.014837307485635,6.688770189204516,0.0],[125.015108576271658,6.68876907778698,0.0]]],[[[125.019178716510893,6.689023601422304,0.0],[125.019177602527861,6.688752388597128,0.0],[125.018906334433908,6.688753502255449,0.0],[125.01890744826747,6.6890247151261,0.0],[125.018908562147217,6.68929592799373,0.0],[125.019179830540025,6.689294814244282,0.0],[125.019178716510893,6.689023601422304,0.0]]],[[[125.010770488914758,6.68932927100848,0.0],[125.011041758690467,6.689328161740868,0.0],[125.011040649143879,6.689056947554914,0.0],[125.010769379517654,6.689058056777228,0.0],[125.010770488914758,6.68932927100848,0.0]]],[[[125.013484295537921,6.689589385383852,0.0],[125.013483184600531,6.689318171609657,0.0],[125.013211915239069,6.689319282221882,0.0],[125.013213026027145,6.689590496041462,0.0],[125.013484295537921,6.689589385383852,0.0]]],[[[125.010772707847082,6.689871699461567,0.0],[125.010771598357962,6.689600485236622,0.0],[125.010500328386854,6.689601594400227,0.0],[125.010501437726589,6.689872808670558,0.0],[125.010772707847082,6.689871699461567,0.0]]],[[[125.019999208521497,6.690647535478687,0.0],[125.019998093812987,6.690376322809208,0.0],[125.019726824961083,6.690377437189086,0.0],[125.019727939520095,6.690648649904127,0.0],[125.019999208521497,6.690647535478687,0.0]]],[[[125.020542861439196,6.690916518754606,0.0],[125.020541746385547,6.690645306179452,0.0],[125.020270477476615,6.690646420903765,0.0],[125.02027159238078,6.690917633524482,0.0],[125.020542861439196,6.690916518754606,0.0]]],[[[125.021357783885165,6.691184385983537,0.0],[125.021356668336978,6.690913173548361,0.0],[125.021085399417302,6.690914288766501,0.0],[125.021086514816005,6.69118550124733,0.0],[125.021357783885165,6.691184385983537,0.0]]],[[[125.021901437778183,6.691453367348452,0.0],[125.0221727068581,6.691452251590833,0.0],[125.022443975891733,6.691451135683644,0.0],[125.022442859699439,6.691179923434096,0.0],[125.022171590815276,6.691181039295633,0.0],[125.021900321884857,6.691182155007689,0.0],[125.021901437778183,6.691453367348452,0.0]]],[[[125.010236823667569,6.691501203557668,0.0],[125.010508094730866,6.691500094226019,0.0],[125.010506985115185,6.691228879974696,0.0],[125.010235714201357,6.691229989260958,0.0],[125.010236823667569,6.691501203557668,0.0]]],[[[125.023260016135197,6.691990211281316,0.0],[125.023258899402009,6.691718999175031,0.0],[125.022987630357704,6.691720115576136,0.0],[125.022988746941508,6.691991327728073,0.0],[125.023260016135197,6.691990211281316,0.0]]],[[[125.010239042738007,6.692043632141496,0.0],[125.010237933179781,6.691772417851181,0.0],[125.009966661921084,6.691773527078735,0.0],[125.009967771329741,6.692044741414436,0.0],[125.010239042738007,6.692043632141496,0.0]]],[[[125.010796017745804,6.695567197454175,0.0],[125.011067290959829,6.695566087143132,0.0],[125.011066180355073,6.695294873030009,0.0],[125.011065069796317,6.695023658913777,0.0],[125.01079379688143,6.695024769134137,0.0],[125.010794907290617,6.695295983295755,0.0],[125.010796017745804,6.695567197454175,0.0]]],[[[125.01350874781528,6.695556087613928,0.0],[125.013507635864471,6.695284873909455,0.0],[125.013236363214261,6.695285985520969,0.0],[125.013237475015501,6.695557199270916,0.0],[125.01350874781528,6.695556087613928,0.0]]],[[[125.018664037090218,6.695806150557613,0.0],[125.018662922251508,6.695534937720535,0.0],[125.018391650327999,6.695536052218629,0.0],[125.01839276501714,6.69580726510127,0.0],[125.018664037090218,6.695806150557613,0.0]]],[[[125.011340785774635,6.696107404808314,0.0],[125.011339674928195,6.695836190746971,0.0],[125.011068401610601,6.695837301252969,0.0],[125.011069512307387,6.696108515359698,0.0],[125.011340785774635,6.696107404808314,0.0]]],[[[125.018938654358877,6.696618674219832,0.0],[125.019209926788278,6.696617559240523,0.0],[125.019208811511874,6.696346346504076,0.0],[125.018937539232041,6.69634746143791,0.0],[125.018938654358877,6.696618674219832,0.0]]],[[[125.012970649237047,6.696643165927783,0.0],[125.012969537401091,6.69637195214515,0.0],[125.012698264060504,6.696373063639247,0.0],[125.012699375746891,6.696644277467354,0.0],[125.012970649237047,6.696643165927783,0.0]]],[[[125.020028207161957,6.697699063772231,0.0],[125.020027091252018,6.697427851185176,0.0],[125.019755818512365,6.697428966749972,0.0],[125.019756934272834,6.697700179382591,0.0],[125.020028207161957,6.697699063772231,0.0]]],[[[125.013788919030659,6.697724684965576,0.0],[125.013787806561695,6.697453471331891,0.0],[125.013516532760846,6.697454583456417,0.0],[125.013517645080242,6.697725797135488,0.0],[125.013788919030659,6.697724684965576,0.0]]],[[[125.014332579607483,6.697993673716582,0.0],[125.01433146679328,6.697722460176956,0.0],[125.014060192934977,6.697723572646095,0.0],[125.014061305599597,6.697994786231107,0.0],[125.014332579607483,6.697993673716582,0.0]]],[[[125.020301712262835,6.698240373085693,0.0],[125.020300596110786,6.697969160550685,0.0],[125.02002932311818,6.697970276356178,0.0],[125.020030439120575,6.698241488936838,0.0],[125.020301712262835,6.698240373085693,0.0]]],[[[125.020305060996307,6.699054010672065,0.0],[125.020576334541175,6.699052894534661,0.0],[125.020575218100817,6.698781682054631,0.0],[125.020574101706728,6.698510469571404,0.0],[125.020302828461084,6.698511585617681,0.0],[125.020303944705603,6.698782798146472,0.0],[125.020305060996307,6.699054010672065,0.0]]],[[[125.020578567560548,6.699595319485216,0.0],[125.020849841358554,6.699594203106938,0.0],[125.020848724676071,6.699322990678866,0.0],[125.020577451027819,6.699324107011493,0.0],[125.020578567560548,6.699595319485216,0.0]]],[[[125.016787417132733,6.701238211670888,0.0],[125.016786302418282,6.700966998578548,0.0],[125.016515027179125,6.700968112939951,0.0],[125.016516141744006,6.701239326077677,0.0],[125.016787417132733,6.701238211670888,0.0]]],[[[125.011633176862588,6.70125935980844,0.0],[125.01163206499227,6.700988145852702,0.0],[125.011360788877624,6.700989257370602,0.0],[125.011361900598303,6.701260471371726,0.0],[125.011633176862588,6.70125935980844,0.0]]],[[[125.011906677259063,6.701800675906697,0.0],[125.011905565146961,6.70152946200274,0.0],[125.011634288778936,6.70153057376107,0.0],[125.011635400741369,6.701801787710413,0.0],[125.011906677259063,6.701800675906697,0.0]]],[[[125.017875864443241,6.70204739125849,0.0],[125.017874748991517,6.701776178357819,0.0],[125.017603473487938,6.701777293454279,0.0],[125.017604588789922,6.702048506400513,0.0],[125.017875864443241,6.70204739125849,0.0]]],[[[125.017606819532531,6.70259093228339,0.0],[125.017605704138177,6.70231971934355,0.0],[125.017334428289018,6.702320834381479,0.0],[125.017335543533633,6.702592047366882,0.0],[125.017606819532531,6.70259093228339,0.0]]],[[[125.012995121278507,6.70260986834331,0.0],[125.012994008429402,6.702338654630489,0.0],[125.012722731796515,6.702339767123697,0.0],[125.012723844495866,6.702610980881905,0.0],[125.012995121278507,6.70260986834331,0.0]]],[[[125.017878095485344,6.702589817050328,0.0],[125.017606819532531,6.70259093228339,0.0],[125.017607934973071,6.702862145220121,0.0],[125.017879211075552,6.702861029941496,0.0],[125.017878095485344,6.702589817050328,0.0]]],[[[125.013541014427773,6.703421283663933,0.0],[125.013539901141058,6.703150070051476,0.0],[125.013268624151038,6.703151182980336,0.0],[125.013269737287999,6.703422396638268,0.0],[125.013541014427773,6.703421283663933,0.0]]],[[[125.02086771456564,6.70393360152469,0.0],[125.020866597143495,6.703662389147333,0.0],[125.020595321099989,6.703663506209421,0.0],[125.020596438372408,6.703934718632341,0.0],[125.02086771456564,6.70393360152469,0.0]]],[[[125.013814518532641,6.703962597664579,0.0],[125.013813405004086,6.703691384103814,0.0],[125.013542127760573,6.703692497273281,0.0],[125.013543241139473,6.703963710879433,0.0],[125.013814518532641,6.703962597664579,0.0]]],[[[125.021412502395606,6.704473791422747,0.0],[125.021411384581413,6.704202579143002,0.0],[125.021140108330883,6.704203696595799,0.0],[125.021141225995322,6.704474908921108,0.0],[125.021412502395606,6.704473791422747,0.0]]],[[[125.021414738162733,6.705016215972734,0.0],[125.02141362025607,6.704745003699384,0.0],[125.021142343706046,6.704746121243308,0.0],[125.021143461462955,6.705017333562311,0.0],[125.021414738162733,6.705016215972734,0.0]]],[[[125.022237516498592,6.707182559283695,0.0],[125.022508794211859,6.70718144073009,0.0],[125.022507675335845,6.706910228664573,0.0],[125.022506556506116,6.706639016595948,0.0],[125.022235279092513,6.706640135058248,0.0],[125.022236397772417,6.706911347172526,0.0],[125.022237516498592,6.707182559283695,0.0]]],[[[125.016545136623122,6.70829086654575,0.0],[125.016816415905993,6.708289750955907,0.0],[125.016815299991777,6.708018537946168,0.0],[125.016544020858674,6.708019653490536,0.0],[125.016545136623122,6.70829086654575,0.0]]],[[[125.018446324399576,6.708825479734135,0.0],[125.018445207493897,6.708554267003906,0.0],[125.018173928338058,6.708555383538237,0.0],[125.018175045093898,6.70882659631403,0.0],[125.018446324399576,6.708825479734135,0.0]]],[[[125.015192084838475,6.709110082076628,0.0],[125.015190969684994,6.708838868803455,0.0],[125.014919689825618,6.708839983585322,0.0],[125.014920804829174,6.70911119690397,0.0],[125.015192084838475,6.709110082076628,0.0]]],[[[125.012208002201916,6.709122336935889,0.0],[125.012206888697079,6.708851123163027,0.0],[125.011935608330901,6.708852236296701,0.0],[125.011936721685828,6.709123450114949,0.0],[125.012208002201916,6.709122336935889,0.0]]],[[[125.010037756784939,6.709131238172881,0.0],[125.010036644479058,6.70886002403702,0.0],[125.009765363744819,6.708861135972009,0.0],[125.00976647590079,6.709132350153255,0.0],[125.010037756784939,6.709131238172881,0.0]]],[[[125.019534793953184,6.709634649541472,0.0],[125.019533676309422,6.709363437003,0.0],[125.01926239688872,6.709364554273276,0.0],[125.019263514382644,6.709635766857311,0.0],[125.019534793953184,6.709634649541472,0.0]]],[[[125.019534793953184,6.709634649541472,0.0],[125.019535911643118,6.709905862076835,0.0],[125.019807191317398,6.709904744565507,0.0],[125.01980607347754,6.709633532075707,0.0],[125.019534793953184,6.709634649541472,0.0]]],[[[125.01465509973373,6.710468378354038,0.0],[125.014926380538569,6.710467263449247,0.0],[125.014925265304441,6.710196050146497,0.0],[125.014653984649527,6.710197165005813,0.0],[125.01465509973373,6.710468378354038,0.0]]],[[[125.020353105223577,6.710716146270088,0.0],[125.020351986945215,6.710444933881008,0.0],[125.020080707063627,6.710446051783134,0.0],[125.020081825192065,6.710717264217778,0.0],[125.020082943366688,6.710988476649313,0.0],[125.020084061587582,6.711259689077562,0.0],[125.020355341918844,6.711258571038656,0.0],[125.020354223548111,6.710987358655971,0.0],[125.020353105223577,6.710716146270088,0.0]]],[[[125.011135124857446,6.712110142042502,0.0],[125.011134011445947,6.711838928123002,0.0],[125.010862729246668,6.711840041156401,0.0],[125.010863842508329,6.712111255121376,0.0],[125.011135124857446,6.712110142042502,0.0]]],[[[125.012765046746367,6.712645887706334,0.0],[125.012763932343134,6.712374674065544,0.0],[125.012492650120137,6.712375788089173,0.0],[125.012493764373531,6.712647001775349,0.0],[125.012765046746367,6.712645887706334,0.0]]],[[[125.017920520372158,6.712895904682523,0.0],[125.017919403073634,6.712624691908862,0.0],[125.017648121576812,6.712625808826442,0.0],[125.017649238725411,6.712897021645667,0.0],[125.017920520372158,6.712895904682523,0.0]]],[[[125.028148972011778,6.627420606644283,0.0],[125.028420204878344,6.627419498099738,0.0],[125.028419096197553,6.627148286156612,0.0],[125.028147863479049,6.627149394655416,0.0],[125.028148972011778,6.627420606644283,0.0]]],[[[125.036298183580442,6.630370602472788,0.0],[125.0362970700955,6.630099391893816,0.0],[125.036025837096147,6.630100505189493,0.0],[125.03602695043304,6.630371715814474,0.0],[125.036298183580442,6.630370602472788,0.0]]],[[[125.024636223445171,6.630689555008726,0.0],[125.024635116280862,6.630418342463238,0.0],[125.024363881137276,6.630419449438283,0.0],[125.024364988153437,6.630690662029424,0.0],[125.024636223445171,6.630689555008726,0.0]]],[[[125.037123024596198,6.633079365798431,0.0],[125.037121910201222,6.632808155388745,0.0],[125.03685067586072,6.632809269588056,0.0],[125.036851790107548,6.633080480043749,0.0],[125.037123024596198,6.633079365798431,0.0]]],[[[125.037396488264093,6.633620672123084,0.0],[125.037397602946925,6.633891882477436,0.0],[125.037398717676297,6.63416309282868,0.0],[125.037399832452309,6.634434303176726,0.0],[125.037400947274847,6.634705513521664,0.0],[125.03767218255922,6.63470439870427,0.0],[125.037671067588519,6.63443318840534,0.0],[125.037669952664373,6.634161978103301,0.0],[125.037668837786839,6.633890767798065,0.0],[125.03766772295586,6.633619557489632,0.0],[125.037396488264093,6.633620672123084,0.0]]],[[[125.026822734906659,6.634748875834515,0.0],[125.027093972003357,6.634747766795432,0.0],[125.027365209053684,6.634746657608113,0.0],[125.027364099713338,6.634475445566754,0.0],[125.02709286281106,6.634476554708333,0.0],[125.02682162586261,6.634477663701763,0.0],[125.026822734906659,6.634748875834515,0.0]]],[[[125.024924073932269,6.634756634960124,0.0],[125.024922965925342,6.63448542250745,0.0],[125.024651728606244,6.634486530315606,0.0],[125.024652836464938,6.634757742814021,0.0],[125.024924073932269,6.634756634960124,0.0]]],[[[125.037402062144025,6.634976723863404,0.0],[125.037400947274847,6.634705513521664,0.0],[125.037129711943848,6.634706628190821,0.0],[125.037130826664793,6.63497783857848,0.0],[125.037402062144025,6.634976723863404,0.0]]],[[[125.037674412640484,6.635246819292715,0.0],[125.037945648174613,6.635245704235335,0.0],[125.038216883662102,6.635244589029718,0.0],[125.038215768301853,6.634973378829021,0.0],[125.037944532962513,6.63497449398863,0.0],[125.037673297576532,6.634975609000091,0.0],[125.037674412640484,6.635246819292715,0.0]]],[[[125.038760470200643,6.635513568279614,0.0],[125.038759354497373,6.635242358174041,0.0],[125.03848811910305,6.635243473675954,0.0],[125.038489234658087,6.635514683827535,0.0],[125.038760470200643,6.635513568279614,0.0]]],[[[125.038760470200643,6.635513568279614,0.0],[125.038761585950439,6.63578477838199,0.0],[125.039032821594517,6.635783662639914,0.0],[125.039031705696488,6.635512452583456,0.0],[125.038760470200643,6.635513568279614,0.0]]],[[[125.039306289424331,6.636324966761085,0.0],[125.039577525271525,6.636323850630608,0.0],[125.039848761072108,6.636322734351983,0.0],[125.039847644636183,6.636051524439854,0.0],[125.039576408983848,6.636052640672472,0.0],[125.039305173284788,6.636053756756941,0.0],[125.039306289424331,6.636324966761085,0.0]]],[[[125.024930722945967,6.636383909610175,0.0],[125.024929614661303,6.636112697176331,0.0],[125.024658376453047,6.636113805258579,0.0],[125.024659484589563,6.636385017738076,0.0],[125.024930722945967,6.636383909610175,0.0]]],[[[125.039848761072108,6.636322734351983,0.0],[125.039849877554659,6.636593944261002,0.0],[125.040121113456749,6.636592827788133,0.0],[125.040119996825965,6.636321617925121,0.0],[125.039848761072108,6.636322734351983,0.0]]],[[[125.04202088117998,6.636856217866058,0.0],[125.042292116856913,6.636855100161552,0.0],[125.042290998993778,6.636583890670065,0.0],[125.042019763465078,6.636585008328564,0.0],[125.04202088117998,6.636856217866058,0.0]]],[[[125.041207173868926,6.636859570090334,0.0],[125.041478409685936,6.63685845283045,0.0],[125.041749645456321,6.636857335422328,0.0],[125.041748527889652,6.636586125838737,0.0],[125.041477292267516,6.636587243200851,0.0],[125.041206056598654,6.636588360414639,0.0],[125.041207173868926,6.636859570090334,0.0]]],[[[125.042292116856913,6.636855100161552,0.0],[125.042293234766674,6.637126309649841,0.0],[125.04256447054523,6.637125191751001,0.0],[125.042563352487136,6.636853982308808,0.0],[125.042292116856913,6.636855100161552,0.0]]],[[[125.028470143518859,6.639624032288958,0.0],[125.028469032750849,6.639352820487319,0.0],[125.028197793366118,6.639353931045098,0.0],[125.028198903985896,6.639625142892567,0.0],[125.028470143518859,6.639624032288958,0.0]]],[[[125.029559547095445,6.640704434834874,0.0],[125.02955843554868,6.640433223228901,0.0],[125.029287195756368,6.640434334562859,0.0],[125.029288307154815,6.640705546214662,0.0],[125.029559547095445,6.640704434834874,0.0]]],[[[125.030376602892247,6.641514734192708,0.0],[125.03037549076133,6.641243522733551,0.0],[125.030104250663385,6.641244634649799,0.0],[125.030105362645983,6.641515846154786,0.0],[125.030376602892247,6.641514734192708,0.0]]],[[[125.036346107480313,6.642032654394812,0.0],[125.036344991993147,6.641761443951109,0.0],[125.036073752621377,6.641762559221918,0.0],[125.036074867960224,6.642033769711628,0.0],[125.036346107480313,6.642032654394812,0.0]]],[[[125.030650067789992,6.642056044899634,0.0],[125.030651180208594,6.642327256303635,0.0],[125.03092242080703,6.642326143907415,0.0],[125.030921308240096,6.642054932549333,0.0],[125.030920195719617,6.641783721188053,0.0],[125.030648955417846,6.641784833492523,0.0],[125.030650067789992,6.642056044899634,0.0]]],[[[125.030925758786523,6.643139777963012,0.0],[125.030926871539251,6.643410989308483,0.0],[125.031198112684621,6.643409876580706,0.0],[125.03119699978356,6.643138665281065,0.0],[125.031195886928955,6.642867453978138,0.0],[125.030924646080237,6.642868566614255,0.0],[125.030925758786523,6.643139777963012,0.0]]],[[[125.037436646195999,6.643384242896819,0.0],[125.037435529882558,6.64311303265269,0.0],[125.037164289955413,6.643114148746574,0.0],[125.037165406120451,6.643385359036711,0.0],[125.037436646195999,6.643384242896819,0.0]]],[[[125.0425913179497,6.643634217419234,0.0],[125.042590198770739,6.643363008052625,0.0],[125.042318959581493,6.643364127011151,0.0],[125.042320078612136,6.643635336423857,0.0],[125.0425913179497,6.643634217419234,0.0]]],[[[125.031472693210574,6.644222397447384,0.0],[125.031471580021844,6.643951186202899,0.0],[125.031470466879455,6.643679974955305,0.0],[125.031469353783535,6.643408763704604,0.0],[125.031198112684621,6.643409876580706,0.0],[125.031199225632136,6.643681087877238,0.0],[125.031200338626093,6.643952299170661,0.0],[125.031201451666504,6.644223510460976,0.0],[125.031202564753471,6.644494721748093,0.0],[125.03147380644586,6.644493608688671,0.0],[125.031472693210574,6.644222397447384,0.0]]],[[[125.041779837404817,6.644179992988239,0.0],[125.042051077132555,6.644178874188253,0.0],[125.042049958156895,6.643907664735758,0.0],[125.041778718577561,6.643908783489736,0.0],[125.041779837404817,6.644179992988239,0.0]]],[[[125.041779837404817,6.644179992988239,0.0],[125.04150859763044,6.6441811116399,0.0],[125.041509716355989,6.644452321181302,0.0],[125.041780956278785,6.644451202483634,0.0],[125.041779837404817,6.644179992988239,0.0]]],[[[125.037984709957044,6.644738060886,0.0],[125.038255950634607,6.644736944071181,0.0],[125.038254833643038,6.644465733980618,0.0],[125.037983593113893,6.644466850749517,0.0],[125.037984709957044,6.644738060886,0.0]]],[[[125.038531660291667,6.645820667254552,0.0],[125.038530542965262,6.645549457222608,0.0],[125.038259301888985,6.645550574323775,0.0],[125.038260419067072,6.645821784401638,0.0],[125.038531660291667,6.645820667254552,0.0]]],[[[125.040976185481227,6.646624235086471,0.0],[125.04097506667911,6.646353025478189,0.0],[125.040703825577353,6.646354144053022,0.0],[125.040704944231138,6.6466253537074,0.0],[125.040976185481227,6.646624235086471,0.0]]],[[[125.03094022819441,6.646665525209259,0.0],[125.030939114884347,6.646394313901536,0.0],[125.03066787206005,6.64639542698485,0.0],[125.030668985221709,6.646666638338403,0.0],[125.03094022819441,6.646665525209259,0.0]]],[[[125.032297556459753,6.646931168412427,0.0],[125.032296442361073,6.646659957336962,0.0],[125.03202519962062,6.646661071208269,0.0],[125.032026313570896,6.646932282329563,0.0],[125.032297556459753,6.646931168412427,0.0]]],[[[125.031755070635583,6.646933396098285,0.0],[125.031753956833811,6.64666218493116,0.0],[125.031482714000461,6.646663298505637,0.0],[125.031483827653815,6.646934509718592,0.0],[125.031755070635583,6.646933396098285,0.0]]],[[[125.03284004209803,6.646928940132821,0.0],[125.032568799302155,6.646930054346876,0.0],[125.032297556459753,6.646931168412427,0.0],[125.032298670604973,6.647202379484694,0.0],[125.032569913595793,6.647201265373313,0.0],[125.032841156540172,6.647200151113428,0.0],[125.03284004209803,6.646928940132821,0.0]]],[[[125.033115743488551,6.648012669490275,0.0],[125.033114628758554,6.647741458565091,0.0],[125.033113514074998,6.64747024763662,0.0],[125.032842271028755,6.647471362090838,0.0],[125.032843385563794,6.64774257306505,0.0],[125.032844500145387,6.648013784036242,0.0],[125.032845614773422,6.648284995004148,0.0],[125.033116858265089,6.64828388041244,0.0],[125.033115743488551,6.648012669490275,0.0]]],[[[125.038814078782565,6.648531649644949,0.0],[125.038812960841454,6.648260439690543,0.0],[125.038541718327409,6.648261557400024,0.0],[125.038542836120016,6.648532767400437,0.0],[125.038814078782565,6.648531649644949,0.0]]],[[[125.024170238495799,6.649405433249176,0.0],[125.024169128433883,6.649134220829453,0.0],[125.023897882965841,6.649135330658837,0.0],[125.023898992879253,6.649406543124212,0.0],[125.024170238495799,6.649405433249176,0.0]]],[[[125.036382944680895,6.650982597270514,0.0],[125.03665418905284,6.65098148028934,0.0],[125.036925433378059,6.650980363159573,0.0],[125.037196677656823,6.650979245881303,0.0],[125.037467921888975,6.65097812845453,0.0],[125.037466804270878,6.650706918298597,0.0],[125.037195560187328,6.650708035679451,0.0],[125.036924316057153,6.650709152911713,0.0],[125.036653071880352,6.650710269995472,0.0],[125.036381827656996,6.650711386930728,0.0],[125.036382944680895,6.650982597270514,0.0]]],[[[125.024448146300912,6.651031597404065,0.0],[125.024447035812685,6.650760385048913,0.0],[125.024175789499807,6.650761495300714,0.0],[125.024176899839446,6.651032707701607,0.0],[125.024448146300912,6.651031597404065,0.0]]],[[[125.035300199726933,6.651529484747507,0.0],[125.035571444582132,6.651528368268598,0.0],[125.03584268939079,6.651527251641096,0.0],[125.035841572570817,6.651256041215778,0.0],[125.035570327910747,6.651257157797361,0.0],[125.035299083204052,6.65125827423044,0.0],[125.035300199726933,6.651529484747507,0.0]]],[[[125.025265218486737,6.651841902255815,0.0],[125.025536465208617,6.651840791227035,0.0],[125.02553535398728,6.651569579063996,0.0],[125.025534242812313,6.651298366897938,0.0],[125.025262996387525,6.651299477835235,0.0],[125.025264107413989,6.651570690047124,0.0],[125.025265218486737,6.651841902255815,0.0]]],[[[125.035031187713372,6.652073022194647,0.0],[125.035302432912218,6.652071905772403,0.0],[125.035301316296341,6.651800695261554,0.0],[125.035030071245927,6.651801811637879,0.0],[125.035031187713372,6.652073022194647,0.0]]],[[[125.031776241698353,6.652086407674749,0.0],[125.031775127013731,6.651815196567488,0.0],[125.031503881358816,6.651816311012735,0.0],[125.031504995894934,6.652087522165826,0.0],[125.031776241698353,6.652086407674749,0.0]]],[[[125.035304666283835,6.652614326784598,0.0],[125.035303549574792,6.652343116280055,0.0],[125.035032304227286,6.652344232748217,0.0],[125.035033420787727,6.652615443298679,0.0],[125.035304666283835,6.652614326784598,0.0]]],[[[125.031238208059634,6.653173481272465,0.0],[125.031509454503876,6.653172366746571,0.0],[125.031508339781965,6.652901155606092,0.0],[125.031507225106495,6.652629944462505,0.0],[125.031235978959444,6.652631058896739,0.0],[125.031237093486311,6.652902270086156,0.0],[125.031238208059634,6.653173481272465,0.0]]],[[[125.03530689984153,6.65315674778427,0.0],[125.03557814558819,6.653155631029759,0.0],[125.035577028637476,6.652884420577441,0.0],[125.035305783039405,6.652885537286033,0.0],[125.03530689984153,6.65315674778427,0.0]]],[[[125.035036770748391,6.653429074931148,0.0],[125.03530801669018,6.65342795827931,0.0],[125.03530689984153,6.65315674778427,0.0],[125.035035654048329,6.6531578643901,0.0],[125.034764408208574,6.653158980847427,0.0],[125.034765524760147,6.653430191434393,0.0],[125.035036770748391,6.653429074931148,0.0]]],[[[125.028255607094138,6.653456942937894,0.0],[125.028254494108879,6.653185731251097,0.0],[125.02798324710767,6.653186843994061,0.0],[125.027984359944341,6.6534580557266,0.0],[125.028255607094138,6.653456942937894,0.0]]],[[[125.031511684087064,6.653714789018026,0.0],[125.031782930782029,6.65371367425188,0.0],[125.031781815818618,6.653442463163626,0.0],[125.031510569272243,6.653443577883942,0.0],[125.031511684087064,6.653714789018026,0.0]]],[[[125.024731612776449,6.654013822154679,0.0],[125.025002860779622,6.654012711057598,0.0],[125.025001749484929,6.653741498828478,0.0],[125.024730501630344,6.653742609879907,0.0],[125.024731612776449,6.654013822154679,0.0]]],[[[125.024731612776449,6.654013822154679,0.0],[125.02446036472692,6.654014933103256,0.0],[125.024461475770707,6.654286145420572,0.0],[125.024732723968839,6.65428503442643,0.0],[125.024731612776449,6.654013822154679,0.0]]],[[[125.025277443344393,6.654825236343496,0.0],[125.025548691700791,6.654824124812095,0.0],[125.025819940010919,6.654823013132192,0.0],[125.025818828131349,6.654551801049533,0.0],[125.02554757996991,6.654552912683784,0.0],[125.0252763317621,6.654554024169443,0.0],[125.025277443344393,6.654825236343496,0.0]]],[[[125.041824628784482,6.655028370344493,0.0],[125.041823508089479,6.654757160972111,0.0],[125.041552262523467,6.654758281420023,0.0],[125.041551142023778,6.654487071998436,0.0],[125.041279896559729,6.654488192251748,0.0],[125.04128101691083,6.654759401719343,0.0],[125.041282137308571,6.655030611183919,0.0],[125.041553383069882,6.655029490838502,0.0],[125.041824628784482,6.655028370344493,0.0]]],[[[125.042368241112612,6.65529733818778,0.0],[125.042367120073621,6.655026128910611,0.0],[125.042095874452457,6.655027249701893,0.0],[125.042096995342774,6.65529845902507,0.0],[125.042368241112612,6.65529733818778,0.0]]],[[[125.031247126318746,6.655343170649251,0.0],[125.031246011373725,6.655071959488166,0.0],[125.030974763842792,6.655073074186189,0.0],[125.03097587863914,6.655344285393103,0.0],[125.031247126318746,6.655343170649251,0.0]]],[[[125.032875727303747,6.655607689947716,0.0],[125.033146974806613,6.65560657411771,0.0],[125.033145858774631,6.655335363280721,0.0],[125.032874611420453,6.655336479064986,0.0],[125.032875727303747,6.655607689947716,0.0]]],[[[125.027450767490464,6.655629975337427,0.0],[125.027449654580082,6.655358763538541,0.0],[125.027178406250769,6.655359876201659,0.0],[125.027179519012478,6.655631088046285,0.0],[125.027450767490464,6.655629975337427,0.0]]],[[[125.03260671136303,6.656151227477189,0.0],[125.032605595535415,6.655880016554758,0.0],[125.032334347790894,6.65588113213341,0.0],[125.032335463469906,6.656152343101671,0.0],[125.03260671136303,6.656151227477189,0.0]]],[[[125.030981453317551,6.65670034138016,0.0],[125.030980338288941,6.656429130189054,0.0],[125.03070908996834,6.656430244967546,0.0],[125.030710204848262,6.656701456204481,0.0],[125.030981453317551,6.65670034138016,0.0]]],[[[125.04210372166574,6.656925714897786,0.0],[125.042102600495198,6.656654505593615,0.0],[125.041831353935322,6.656655626512618,0.0],[125.041832474957261,6.656926835862884,0.0],[125.04210372166574,6.656925714897786,0.0]]],[[[125.026100086168128,6.656991597485438,0.0],[125.026098973769237,6.656720385473744,0.0],[125.025827724464889,6.65672149762234,0.0],[125.025828836715093,6.656992709679685,0.0],[125.026100086168128,6.656991597485438,0.0]]],[[[125.038584227221236,6.658567535198299,0.0],[125.03885547538188,6.658566415741149,0.0],[125.038854355715472,6.658295205903451,0.0],[125.038853236095875,6.658023996062554,0.0],[125.038581988232679,6.658025115427777,0.0],[125.038583107703687,6.658296325314592,0.0],[125.038584227221236,6.658567535198299,0.0]]],[[[125.041296706728104,6.658556333935359,0.0],[125.041567954422092,6.658555212991222,0.0],[125.041566833268618,6.658284003613777,0.0],[125.04129558572339,6.658285124511818,0.0],[125.041024338131365,6.658286245261178,0.0],[125.041025458987392,6.658557454730727,0.0],[125.041026579890044,6.658828664197078,0.0],[125.041297827779445,6.658827543355703,0.0],[125.041296706728104,6.658556333935359,0.0]]],[[[125.037500353082081,6.658843221604536,0.0],[125.03777160157783,6.658842102696192,0.0],[125.03804285002704,6.658840983639078,0.0],[125.038041730760227,6.658569773666554,0.0],[125.037770482459791,6.65857089267766,0.0],[125.037499234112715,6.658572011540085,0.0],[125.037500353082081,6.658843221604536,0.0]]],[[[125.031262740426087,6.659140126572702,0.0],[125.031533990140773,6.659139011038637,0.0],[125.031532874396746,6.658867799967614,0.0],[125.031531758699174,6.658596588893393,0.0],[125.031260509281836,6.658597704335798,0.0],[125.031261624830734,6.658868915455849,0.0],[125.031262740426087,6.659140126572702,0.0]]],[[[125.027467466710789,6.659698151941638,0.0],[125.02746635310487,6.659426940190092,0.0],[125.027195102545164,6.659428053539327,0.0],[125.026923851939188,6.659429166739792,0.0],[125.026652601286855,6.659430279791487,0.0],[125.026653714446638,6.659701491680168,0.0],[125.026924965247659,6.659700378582731,0.0],[125.027196216002409,6.659699265336525,0.0],[125.027467466710789,6.659698151941638,0.0]]],[[[125.026382463599163,6.659702604628923,0.0],[125.026381350588153,6.659431392694501,0.0],[125.026110099843081,6.659432505448835,0.0],[125.026111212705331,6.659703717428997,0.0],[125.026382463599163,6.659702604628923,0.0]]],[[[125.038595424961656,6.661279633861548,0.0],[125.038866674609636,6.661278513944411,0.0],[125.038865554477027,6.661007304138242,0.0],[125.038864434391058,6.660736094328965,0.0],[125.038593185040511,6.660737214154087,0.0],[125.038321935643438,6.660738333830527,0.0],[125.038323055431874,6.66100954373182,0.0],[125.038594304977821,6.661008424009371,0.0],[125.038595424961656,6.661279633861548,0.0]]],[[[125.02937402419991,6.661588833943086,0.0],[125.029372909227888,6.661317622533933,0.0],[125.029101657951699,6.661318737244657,0.0],[125.029102772774948,6.661589948699462,0.0],[125.02937402419991,6.661588833943086,0.0]]],[[[125.03832641507698,6.661823173416601,0.0],[125.038597665069219,6.661822053556219,0.0],[125.038596544992117,6.661550843710438,0.0],[125.038595424961656,6.661279633861548,0.0],[125.038324175266951,6.661280753629915,0.0],[125.038325295148738,6.661551963524812,0.0],[125.03832641507698,6.661823173416601,0.0]]],[[[125.025036221156668,6.662149076466393,0.0],[125.025307473574699,6.662147963849994,0.0],[125.02557872594646,6.662146851084914,0.0],[125.025577612964668,6.661875639041779,0.0],[125.025306360741766,6.661876751761207,0.0],[125.025035108472579,6.661877864331776,0.0],[125.025036221156668,6.662149076466393,0.0]]],[[[125.024766081273938,6.662421401111005,0.0],[125.024764968692352,6.662150188933933,0.0],[125.024493716181681,6.662151301252703,0.0],[125.024494828614493,6.662422513475428,0.0],[125.024766081273938,6.662421401111005,0.0]]],[[[125.04266977656043,6.662618865246093,0.0],[125.042668654111452,6.662347656100285,0.0],[125.042397404521722,6.662348778284319,0.0],[125.042398526821927,6.662619987476135,0.0],[125.04266977656043,6.662618865246093,0.0]]],[[[125.041856027204702,6.66262223148991,0.0],[125.041854905202129,6.662351022205901,0.0],[125.041583655472252,6.662352143943537,0.0],[125.041584777325966,6.662623353273642,0.0],[125.041856027204702,6.66262223148991,0.0]]],[[[125.041314649152355,6.66289568428152,0.0],[125.041313527400604,6.662624474908516,0.0],[125.041042277428602,6.662625596394709,0.0],[125.041043399031508,6.662896805813632,0.0],[125.041314649152355,6.66289568428152,0.0]]],[[[125.039959519135621,6.663172500054491,0.0],[125.040230769591943,6.663171379071451,0.0],[125.040229648388816,6.662900169517525,0.0],[125.039958398081268,6.662901290454557,0.0],[125.039959519135621,6.663172500054491,0.0]]],[[[125.039960640236529,6.663443709651315,0.0],[125.039959519135621,6.663172500054491,0.0],[125.039688268632588,6.66317362088876,0.0],[125.039689389584723,6.663444830531593,0.0],[125.039960640236529,6.663443709651315,0.0]]],[[[125.037788393941867,6.662910252594298,0.0],[125.037517143214657,6.662911372192224,0.0],[125.037518262929552,6.663182582206137,0.0],[125.037519382691173,6.663453792216942,0.0],[125.037790633716014,6.66345267252709,0.0],[125.037791753673019,6.66372388248869,0.0],[125.037792873676665,6.663995092447181,0.0],[125.038064124952513,6.663993972516544,0.0],[125.038063004800094,6.663722762604061,0.0],[125.038061884694315,6.66345155268838,0.0],[125.038060764635063,6.66318034276959,0.0],[125.03778951380562,6.663181462562293,0.0],[125.037788393941867,6.662910252594298,0.0]]],[[[125.039421501576058,6.664259580310614,0.0],[125.039420380632805,6.663988370631277,0.0],[125.039149129590029,6.663989491305942,0.0],[125.039150250384409,6.664260701031286,0.0],[125.039421501576058,6.664259580310614,0.0]]],[[[125.035082595525253,6.664548704394666,0.0],[125.035081476916844,6.664277493983115,0.0],[125.034810224979751,6.664278612322669,0.0],[125.034811343439301,6.664549822780139,0.0],[125.035082595525253,6.664548704394666,0.0]]],[[[125.035083714180203,6.664819914803108,0.0],[125.035354966368459,6.664818796222947,0.0],[125.035626218510103,6.664817677493926,0.0],[125.035625099557521,6.664546467177321,0.0],[125.035353847564664,6.664547585860423,0.0],[125.035082595525253,6.664548704394666,0.0],[125.035083714180203,6.664819914803108,0.0]]],[[[125.035626218510103,6.664817677493926,0.0],[125.035627337509311,6.665088887807333,0.0],[125.035898589753344,6.665087768883535,0.0],[125.036169841950766,6.665086649810879,0.0],[125.036441094101548,6.665085530589452,0.0],[125.036439974655863,6.664814320413801,0.0],[125.036168722653841,6.664815439589309,0.0],[125.035897470605292,6.664816558616047,0.0],[125.035626218510103,6.664817677493926,0.0]]],[[[125.034271075591064,6.66509448019371,0.0],[125.034542328067815,6.665093362014116,0.0],[125.034813580498025,6.665092243685664,0.0],[125.034812461945393,6.6648210332345,0.0],[125.034541209664042,6.664822151517034,0.0],[125.03426995733615,6.664823269650708,0.0],[125.034271075591064,6.66509448019371,0.0]]],[[[125.038338737365407,6.664806482017736,0.0],[125.038339857853117,6.665077691871599,0.0],[125.038340978387538,6.665348901722266,0.0],[125.038612230314499,6.665347781264139,0.0],[125.038613351044319,6.665618991065601,0.0],[125.038884603073512,6.665617870412608,0.0],[125.038885723998817,6.665889080165042,0.0],[125.039156976130243,6.665887959317183,0.0],[125.039155855055981,6.665616749610757,0.0],[125.039154734028443,6.665345539901222,0.0],[125.038883482194748,6.665346660657065,0.0],[125.03888236136261,6.665075450898326,0.0],[125.038611109631219,6.665076571459392,0.0],[125.038609988994565,6.664805361651536,0.0],[125.038608868404637,6.664534151840482,0.0],[125.038337616924252,6.664535272160674,0.0],[125.038336496529709,6.664264062300504,0.0],[125.038065245151643,6.664265182425919,0.0],[125.037793993726851,6.664266302402475,0.0],[125.037795113823677,6.66453751235466,0.0],[125.038066365397228,6.664536392332097,0.0],[125.038067485689538,6.664807602235077,0.0],[125.038338737365407,6.664806482017736,0.0]]],[[[125.037257090199091,6.66562459209795,0.0],[125.03725597021365,6.665353382066539,0.0],[125.036984718053631,6.665354501780549,0.0],[125.036983598263589,6.665083291699934,0.0],[125.036712346205888,6.665084411219078,0.0],[125.036713465847058,6.665355621345612,0.0],[125.036714585534867,6.665626831468949,0.0],[125.036985837890299,6.665625711857879,0.0],[125.037257090199091,6.66562459209795,0.0]]],[[[125.037530582869906,6.666165892150731,0.0],[125.037801835383334,6.666164772001157,0.0],[125.037800715006924,6.665893562067979,0.0],[125.037799594677054,6.665622352131604,0.0],[125.037528342461428,6.66562347218925,0.0],[125.037529462642354,6.665894682171545,0.0],[125.037530582869906,6.666165892150731,0.0]]],[[[125.034004295957132,6.666180440548239,0.0],[125.034275549075844,6.666179322333918,0.0],[125.034274430634866,6.665908111803618,0.0],[125.034273312240416,6.66563690127012,0.0],[125.034002059419421,6.665638019392603,0.0],[125.034003177664999,6.66590922997202,0.0],[125.034004295957132,6.666180440548239,0.0]]],[[[125.031020508581733,6.666192731080387,0.0],[125.031021625282591,6.666463942157894,0.0],[125.031292879061581,6.666462825535278,0.0],[125.031293995957768,6.666734036563757,0.0],[125.031565249839247,6.666732919746452,0.0],[125.031564132794216,6.666461708763802,0.0],[125.03183538648031,6.666460591843468,0.0],[125.031834269332862,6.666189380903451,0.0],[125.031563015795641,6.666190497777955,0.0],[125.031291762211865,6.6661916145036,0.0],[125.031020508581733,6.666192731080387,0.0]]],[[[125.030753721391605,6.667278691982479,0.0],[125.031024975663811,6.66727757537132,0.0],[125.031296229889563,6.667276458611213,0.0],[125.03129511290048,6.66700524758904,0.0],[125.031023858823588,6.667006364303316,0.0],[125.030752604700339,6.667007480868645,0.0],[125.030753721391605,6.667278691982479,0.0]]],[[[125.04242210591643,6.668315379774801,0.0],[125.042420982635235,6.668044170649332,0.0],[125.042149729872662,6.66804529365209,0.0],[125.042150853004927,6.668316502823655,0.0],[125.04242210591643,6.668315379774801,0.0]]],[[[125.029130658438504,6.668370234045438,0.0],[125.029131774468354,6.668641445418264,0.0],[125.029403029763827,6.668640329471551,0.0],[125.029401913585033,6.668369118144555,0.0],[125.029673168685193,6.668368002094636,0.0],[125.029672052403811,6.668096790810272,0.0],[125.029670936168884,6.66782557952271,0.0],[125.029399681366613,6.667826695481058,0.0],[125.029400797452595,6.668097906814361,0.0],[125.029129542455024,6.668099022669502,0.0],[125.029130658438504,6.668370234045438,0.0]]],[[[125.039168189437859,6.668600056207361,0.0],[125.039439443011688,6.668598934750567,0.0],[125.039438321322095,6.668327725121768,0.0],[125.039437199679227,6.66805651548986,0.0],[125.039165946403216,6.668057636854638,0.0],[125.039167067897225,6.668328846532554,0.0],[125.039168189437859,6.668600056207361,0.0]]],[[[125.028859403245619,6.668371349797462,0.0],[125.028858287411083,6.668100138375785,0.0],[125.028587032320701,6.668101253933121,0.0],[125.028588148006278,6.668372465400627,0.0],[125.02858926373824,6.668643676864936,0.0],[125.028590379516643,6.668914888326136,0.0],[125.028861635053872,6.6689137726314,0.0],[125.028860519126525,6.668642561216029,0.0],[125.028859403245619,6.668371349797462,0.0]]],[[[125.033474090587475,6.669165993669499,0.0],[125.033475209139922,6.669437204299542,0.0],[125.033746464138829,6.669436085832445,0.0],[125.033745345437438,6.669164875248232,0.0],[125.033744226782488,6.668893664660911,0.0],[125.033472972081469,6.668894783036259,0.0],[125.033474090587475,6.669165993669499,0.0]]],[[[125.033746464138829,6.669436085832445,0.0],[125.033747582886775,6.669707296413372,0.0],[125.034018837988086,6.669706177751498,0.0],[125.034017719091196,6.669434967216401,0.0],[125.033746464138829,6.669436085832445,0.0]]],[[[125.038361155978421,6.670230678494602,0.0],[125.03836003460485,6.669959468700779,0.0],[125.03808878009977,6.669960589791821,0.0],[125.038089901324298,6.670231799631563,0.0],[125.038361155978421,6.670230678494602,0.0]]],[[[125.03456470591486,6.670517571291765,0.0],[125.034563586580447,6.670246360857921,0.0],[125.03429233127423,6.670247479909528,0.0],[125.034293450459685,6.670518690389291,0.0],[125.03456470591486,6.670517571291765,0.0]]],[[[125.027243023073154,6.671090157970903,0.0],[125.027241907668582,6.670818946306309,0.0],[125.026970650810284,6.67082006142746,0.0],[125.026971766065813,6.671091273137884,0.0],[125.026972881367797,6.671362484845109,0.0],[125.027244138524182,6.671361369632387,0.0],[125.027515395634111,6.671360254270717,0.0],[125.027786652697756,6.6713591387601,0.0],[125.028057909714875,6.671358023100535,0.0],[125.028329166685722,6.671356907291934,0.0],[125.028328050638734,6.671085695813415,0.0],[125.028599307414169,6.671084579901607,0.0],[125.028870564143247,6.671083463840763,0.0],[125.028869447844642,6.670812252450706,0.0],[125.028868331592477,6.670541041057363,0.0],[125.028867215386683,6.670269829661,0.0],[125.028595959104635,6.670270945584442,0.0],[125.028597075161386,6.670542157026635,0.0],[125.028598191264592,6.67081336846572,0.0],[125.028326934638187,6.670814484331786,0.0],[125.028055677965341,6.670815600048905,0.0],[125.02778442124611,6.670816715616987,0.0],[125.027513164480538,6.670817831036122,0.0],[125.02751428003414,6.671089042655063,0.0],[125.027243023073154,6.671090157970903,0.0]]],[[[125.035651967270738,6.671055513902933,0.0],[125.035650847247197,6.67078430365907,0.0],[125.035379591829155,6.670785423398393,0.0],[125.035380711703667,6.671056633688175,0.0],[125.035651967270738,6.671055513902933,0.0]]],[[[125.023716678363229,6.67110464352064,0.0],[125.023987935926485,6.671103530141473,0.0],[125.02425919344347,6.67110241661327,0.0],[125.024258079677949,6.670831204445968,0.0],[125.023986822309908,6.67083231792843,0.0],[125.023715564895696,6.670833431261944,0.0],[125.023716678363229,6.67110464352064,0.0]]],[[[125.035111695680783,6.671600173986456,0.0],[125.035110575862149,6.671328963657062,0.0],[125.034839320053038,6.671330083190239,0.0],[125.034840439722643,6.671601293565552,0.0],[125.035111695680783,6.671600173986456,0.0]]],[[[125.034028910153765,6.672147072425347,0.0],[125.034300166549514,6.672145953201434,0.0],[125.0342990470849,6.671874742740678,0.0],[125.034297927666827,6.671603532276724,0.0],[125.03429680829521,6.671332321809662,0.0],[125.034295688970133,6.671061111339402,0.0],[125.034024433170444,6.67106223037973,0.0],[125.034025552346492,6.671333440895908,0.0],[125.034026671569066,6.671604651408889,0.0],[125.034027790838195,6.671875861918672,0.0],[125.034028910153765,6.672147072425347,0.0]]],[[[125.031049557901213,6.673244218067151,0.0],[125.031048440039058,6.672973007068692,0.0],[125.030777182638246,6.672974124642104,0.0],[125.030778300351457,6.673245335686304,0.0],[125.031049557901213,6.673244218067151,0.0]]],[[[125.041358433884909,6.673472847360604,0.0],[125.041629689767376,6.673471723883382,0.0],[125.041628566045731,6.673200514679842,0.0],[125.041627442370796,6.672929305473105,0.0],[125.041356186786487,6.672930428858135,0.0],[125.041357310312392,6.673201638110968,0.0],[125.041358433884909,6.673472847360604,0.0]]],[[[125.031050675809908,6.673515429062413,0.0],[125.031051793765059,6.673786640054478,0.0],[125.031323051566531,6.673785522194629,0.0],[125.031594309321534,6.673784404185743,0.0],[125.031593191068225,6.673513193285339,0.0],[125.031321933462252,6.673514311248394,0.0],[125.031050675809908,6.673515429062413,0.0]]],[[[125.032137943289868,6.674053378526499,0.0],[125.032136824692031,6.673782167720863,0.0],[125.03186556703001,6.673783286027821,0.0],[125.031866685478818,6.674054496879287,0.0],[125.032137943289868,6.674053378526499,0.0]]],[[[125.024546050581066,6.674898272307836,0.0],[125.024817310092104,6.67489715784225,0.0],[125.024816195380126,6.674625945810484,0.0],[125.024815080714433,6.674354733775609,0.0],[125.024543821501567,6.674355848149802,0.0],[125.024544936018131,6.674627060230418,0.0],[125.024546050581066,6.674898272307836,0.0]]],[[[125.029699973364643,6.67487707197115,0.0],[125.02969885596913,6.674605860762637,0.0],[125.029427597441753,6.674606977865669,0.0],[125.029428714688237,6.674878189119924,0.0],[125.029699973364643,6.67487707197115,0.0]]],[[[125.029704443411106,6.675961916773496,0.0],[125.029703325829885,6.675690705577684,0.0],[125.029432066706178,6.67569182286377,0.0],[125.029433184138284,6.675963034105412,0.0],[125.029704443411106,6.675961916773496,0.0]]],[[[125.024279249142083,6.675984235085139,0.0],[125.024278134543096,6.67571302297477,0.0],[125.02400687449213,6.675714137279241,0.0],[125.024007988942088,6.675985349435263,0.0],[125.024009103438317,6.676256561588265,0.0],[125.024010217980816,6.67652777373807,0.0],[125.024281478479153,6.676526659296553,0.0],[125.02428036378744,6.67625544719249,0.0],[125.024279249142083,6.675984235085139,0.0]]],[[[125.030527166851599,6.67812825223669,0.0],[125.030526048451463,6.677857041203592,0.0],[125.030254788274036,6.677858159303427,0.0],[125.030255906524943,6.678129370382355,0.0],[125.030527166851599,6.67812825223669,0.0]]],[[[125.029713385732478,6.67813160622631,0.0],[125.02998464615203,6.678130488378895,0.0],[125.029983528050153,6.677859277254137,0.0],[125.029712267779814,6.677860395055721,0.0],[125.029713385732478,6.67813160622631,0.0]]],[[[125.031342066446769,6.678396107797444,0.0],[125.031340947552636,6.678124896904944,0.0],[125.031069687365445,6.678126015497985,0.0],[125.031070806110364,6.678397226436315,0.0],[125.031342066446769,6.678396107797444,0.0]]],[[[125.032975227132042,6.679745445871785,0.0],[125.032974107110448,6.679474235270164,0.0],[125.032702846456246,6.679475354987372,0.0],[125.032703966328626,6.679746565634823,0.0],[125.032975227132042,6.679745445871785,0.0]]],[[[125.029178689634421,6.680032320219706,0.0],[125.029177571655197,6.679761108979752,0.0],[125.028906310201364,6.679762226654415,0.0],[125.028907428031459,6.680033437940112,0.0],[125.029178689634421,6.680032320219706,0.0]]],[[[125.026194809449706,6.680044606939259,0.0],[125.026193693111651,6.679773395196151,0.0],[125.025922431147649,6.679774511229817,0.0],[125.02592354733649,6.680045723018666,0.0],[125.026194809449706,6.680044606939259,0.0]]],[[[125.037862404929868,6.680810103696886,0.0],[125.038133665445514,6.68080898091564,0.0],[125.038404925914449,6.680807857985269,0.0],[125.038403802722513,6.680536648314903,0.0],[125.038132542402707,6.680537771199266,0.0],[125.03786128203636,6.680538893934505,0.0],[125.037862404929868,6.680810103696886,0.0]]],[[[125.038948570249602,6.681076821252128,0.0],[125.038947446712598,6.680805611676885,0.0],[125.038676186336843,6.680806734905684,0.0],[125.038677309724619,6.681077944526934,0.0],[125.038948570249602,6.681076821252128,0.0]]],[[[125.036778484744531,6.681085803272855,0.0],[125.037049745595823,6.681084681042457,0.0],[125.037048623103317,6.680813471145428,0.0],[125.036777362401239,6.680814593329818,0.0],[125.036778484744531,6.681085803272855,0.0]]],[[[125.03623596290214,6.681088047286008,0.0],[125.036234840857375,6.680816837251133,0.0],[125.03596358001559,6.68081795898797,0.0],[125.035964701911141,6.681089169068852,0.0],[125.03623596290214,6.681088047286008,0.0]]],[[[125.02511868831634,6.68221876565561,0.0],[125.025117572204522,6.681947553754939,0.0],[125.024846308861441,6.681948669557412,0.0],[125.02484742482396,6.682219881503735,0.0],[125.02511868831634,6.68221876565561,0.0]]],[[[125.042216074597135,6.684046629358407,0.0],[125.042214948755586,6.683775420370517,0.0],[125.041943687298115,6.683776545896412,0.0],[125.041944812990366,6.684047754930398,0.0],[125.042216074597135,6.684046629358407,0.0]]],[[[125.033536801155861,6.684353784081041,0.0],[125.033535680045091,6.684082573624992,0.0],[125.033264416946707,6.68408369442036,0.0],[125.033265537908164,6.684354904922238,0.0],[125.033536801155861,6.684353784081041,0.0]]],[[[125.027841381217783,6.684648501814725,0.0],[125.027840263196026,6.68437729039971,0.0],[125.027568998972853,6.684378408106171,0.0],[125.027570116845396,6.684649619566927,0.0],[125.027841381217783,6.684648501814725,0.0]]],[[[125.026213794287756,6.684655206088661,0.0],[125.026212677161809,6.684383994399288,0.0],[125.025941412660544,6.684385111210109,0.0],[125.025942529637192,6.684656322945135,0.0],[125.026213794287756,6.684655206088661,0.0]]],[[[125.033540164767203,6.685167415430002,0.0],[125.033811428416257,6.685166294301834,0.0],[125.033810307016665,6.684895083901208,0.0],[125.03353904351691,6.684896204983546,0.0],[125.033540164767203,6.685167415430002,0.0]]],[[[125.028932032035001,6.686000085425001,0.0],[125.028930913183856,6.685728874208938,0.0],[125.028659648399795,6.685729992741405,0.0],[125.028660767101556,6.686001204003209,0.0],[125.028932032035001,6.686000085425001,0.0]]],[[[125.039784841036891,6.68649763861112,0.0],[125.040056104360957,6.686496513819038,0.0],[125.040054979293714,6.686225304491242,0.0],[125.039783716119032,6.686226429237228,0.0],[125.039784841036891,6.68649763861112,0.0]]],[[[125.030290595340858,6.68653691225892,0.0],[125.030289475650207,6.686265701278225,0.0],[125.03001821079954,6.686266820648776,0.0],[125.030019330340878,6.686538031675302,0.0],[125.030290595340858,6.68653691225892,0.0]]],[[[125.026764146720367,6.686551453024401,0.0],[125.026763028971175,6.686280241448714,0.0],[125.026491763517342,6.686281358878063,0.0],[125.026492881117136,6.68655257049958,0.0],[125.026764146720367,6.686551453024401,0.0]]],[[[125.039784841036891,6.68649763861112,0.0],[125.039513577666099,6.68649876325381,0.0],[125.03951470248127,6.686769972670512,0.0],[125.039785966001446,6.686768847981726,0.0],[125.039784841036891,6.68649763861112,0.0]]],[[[125.034631951147176,6.686790191532563,0.0],[125.03463082902033,6.686518981288612,0.0],[125.034359564764216,6.686520103094193,0.0],[125.03436068674165,6.686791313384064,0.0],[125.034631951147176,6.686790191532563,0.0]]],[[[125.03137789559203,6.687074854685702,0.0],[125.031649160658517,6.687073734430968,0.0],[125.031648040128104,6.68680252368564,0.0],[125.031376775210987,6.686803643894543,0.0],[125.03137789559203,6.687074854685702,0.0]]],[[[125.026766382357721,6.687093876166359,0.0],[125.026765264515817,6.686822664596979,0.0],[125.026493998763286,6.68682378211781,0.0],[125.026495116455806,6.687094993732932,0.0],[125.026766382357721,6.687093876166359,0.0]]],[[[125.037891616523638,6.687861556405825,0.0],[125.037890492418029,6.687590346725956,0.0],[125.037619228123361,6.68759147050729,0.0],[125.037620352079571,6.687862680233168,0.0],[125.037891616523638,6.687861556405825,0.0]]],[[[125.037078946755628,6.688136137254461,0.0],[125.037077823051646,6.687864927439766,0.0],[125.036806558467788,6.687866050819022,0.0],[125.036807682022371,6.688137260679725,0.0],[125.037078946755628,6.688136137254461,0.0]]],[[[125.035181215349553,6.688415208227636,0.0],[125.035180092644609,6.688143998094529,0.0],[125.034908827585397,6.688145120474229,0.0],[125.034909950140857,6.688416330653255,0.0],[125.035181215349553,6.688415208227636,0.0]]],[[[125.041967336644774,6.689471934944611,0.0],[125.041966210018245,6.68920072597404,0.0],[125.041694945527198,6.689201852272029,0.0],[125.041696072004243,6.689473061288607,0.0],[125.041967336644774,6.689471934944611,0.0]]],[[[125.031120076883511,6.690330504587636,0.0],[125.031118956094275,6.690059293788662,0.0],[125.030847689291562,6.690060414248742,0.0],[125.030848809931314,6.690331625093457,0.0],[125.031120076883511,6.690330504587636,0.0]]],[[[125.038177500478099,6.691386157382326,0.0],[125.038448766771353,6.691385032658457,0.0],[125.038447641760783,6.691113823111725,0.0],[125.038176375617013,6.691114947789587,0.0],[125.038177500478099,6.691386157382326,0.0]]],[[[125.02976934256489,6.691692160715221,0.0],[125.029768222290613,6.691420949703084,0.0],[125.029496954508332,6.69142206964509,0.0],[125.029498074633125,6.691693280703057,0.0],[125.02976934256489,6.691692160715221,0.0]]],[[[125.02814173427825,6.691698878400207,0.0],[125.028140614900863,6.691427667113357,0.0],[125.027869346840134,6.691428786158746,0.0],[125.027870466068052,6.691699997491249,0.0],[125.02814173427825,6.691698878400207,0.0]]],[[[125.024072706257058,6.691715649075101,0.0],[125.024071589121704,6.691444437102576,0.0],[125.023800320365794,6.691445553906381,0.0],[125.023801437351679,6.691716765924558,0.0],[125.024072706257058,6.691715649075101,0.0]]],[[[125.03058538766598,6.692231221595244,0.0],[125.030584266850454,6.691960010726903,0.0],[125.03031299890857,6.691961131208743,0.0],[125.030314119574712,6.692232342123003,0.0],[125.03058538766598,6.692231221595244,0.0]]],[[[125.025973823800541,6.692250250240392,0.0],[125.025972705526186,6.691979038594007,0.0],[125.025701436795501,6.691980156535302,0.0],[125.025702554920386,6.69225136822734,0.0],[125.025973823800541,6.692250250240392,0.0]]],[[[125.031676067331318,6.693582791367789,0.0],[125.031674945685523,6.693311580698578,0.0],[125.031403677182041,6.693312702007401,0.0],[125.031404798678366,6.693583912722532,0.0],[125.031676067331318,6.693582791367789,0.0]]],[[[125.039002554877925,6.694094877135623,0.0],[125.039273822526184,6.694093751503414,0.0],[125.03927269660069,6.693822542126413,0.0],[125.039001429102001,6.693823667712615,0.0],[125.039002554877925,6.694094877135623,0.0]]],[[[125.033034654825386,6.69411960322249,0.0],[125.033033532338919,6.693848392788913,0.0],[125.032762263768831,6.693849514936887,0.0],[125.032763386105813,6.694120725416295,0.0],[125.033034654825386,6.69411960322249,0.0]]],[[[125.038732412856021,6.69436721208426,0.0],[125.038731287182955,6.694096002618353,0.0],[125.03846001944143,6.694097127951602,0.0],[125.038461144964842,6.694368337463428,0.0],[125.038732412856021,6.69436721208426,0.0]]],[[[125.037647341011905,6.694371712704137,0.0],[125.037918609042876,6.694370587773411,0.0],[125.037917483818433,6.694099378169569,0.0],[125.037646215936945,6.694100503054288,0.0],[125.037647341011905,6.694371712704137,0.0]]],[[[125.035477195086457,6.694380706767942,0.0],[125.035748463490194,6.694379583033236,0.0],[125.035747339461949,6.694108373061778,0.0],[125.035476071207782,6.694109496750564,0.0],[125.035477195086457,6.694380706767942,0.0]]],[[[125.037647341011905,6.694371712704137,0.0],[125.037376072934308,6.694372837485383,0.0],[125.037377197906238,6.694644047177953,0.0],[125.037648466133419,6.694642922350789,0.0],[125.037647341011905,6.694371712704137,0.0]]],[[[125.035207050411913,6.694653040413354,0.0],[125.035478319011759,6.69465191678221,0.0],[125.035477195086457,6.694380706767942,0.0],[125.035205926636181,6.694381830353167,0.0],[125.034934658139349,6.694382953788911,0.0],[125.034935781765611,6.694654163894929,0.0],[125.035207050411913,6.694653040413354,0.0]]],[[[125.034121975547109,6.694657533442858,0.0],[125.034393244333117,6.694656410409725,0.0],[125.034392121006007,6.69438520021187,0.0],[125.034120852369554,6.694386323199084,0.0],[125.034121975547109,6.694657533442858,0.0]]],[[[125.041176075953757,6.69489949503753,0.0],[125.041174948841658,6.694628285992175,0.0],[125.040903681221025,6.69462941276294,0.0],[125.04090480818364,6.694900621854303,0.0],[125.041176075953757,6.69489949503753,0.0]]],[[[125.034393244333117,6.694656410409725,0.0],[125.034394367706781,6.694927620604383,0.0],[125.034665636595818,6.69492649737585,0.0],[125.034664513072599,6.694655287227111,0.0],[125.034393244333117,6.694656410409725,0.0]]],[[[125.041448470985614,6.695169577067248,0.0],[125.041447343677234,6.694898368071187,0.0],[125.041176075953757,6.69489949503753,0.0],[125.041177203112568,6.695170704079598,0.0],[125.041448470985614,6.695169577067248,0.0]]],[[[125.040092131153614,6.695175210634017,0.0],[125.040091004592995,6.69490400140774,0.0],[125.03981973663609,6.694905127626503,0.0],[125.03982086304724,6.695176336898787,0.0],[125.040092131153614,6.695175210634017,0.0]]],[[[125.034394367706781,6.694927620604383,0.0],[125.034123098771289,6.694928743683435,0.0],[125.034124222041925,6.695199953920814,0.0],[125.034395491126986,6.695198830795932,0.0],[125.034394367706781,6.694927620604383,0.0]]],[[[125.041448470985614,6.695169577067248,0.0],[125.041449598340719,6.695440786060201,0.0],[125.041720866316538,6.695439658852185,0.0],[125.041719738811864,6.695168449905329,0.0],[125.041448470985614,6.695169577067248,0.0]]],[[[125.024902163732662,6.695509262993657,0.0],[125.025173434546019,6.69550814490679,0.0],[125.025172316164102,6.695236933161373,0.0],[125.0249010455003,6.695238051202499,0.0],[125.024902163732662,6.695509262993657,0.0]]],[[[125.034670131154144,6.696011337939276,0.0],[125.034669007444762,6.695740127803238,0.0],[125.034397738107103,6.695741251169438,0.0],[125.034398861666915,6.696012461351395,0.0],[125.034670131154144,6.696011337939276,0.0]]],[[[125.042266785819649,6.696251030532783,0.0],[125.042265657875774,6.695979821687534,0.0],[125.041994389694167,6.695980949286704,0.0],[125.041995517488559,6.69625215817796,0.0],[125.042266785819649,6.696251030532783,0.0]]],[[[125.035216042293911,6.696822720780191,0.0],[125.035214918145755,6.696551510745405,0.0],[125.034943648452469,6.696552634548412,0.0],[125.034944772451055,6.696823844629116,0.0],[125.035216042293911,6.696822720780191,0.0]]],[[[125.025724927150137,6.69767560140214,0.0],[125.025723808098448,6.697404389773518,0.0],[125.025452536330647,6.697405508479357,0.0],[125.025453655232766,6.697676720153631,0.0],[125.025724927150137,6.69767560140214,0.0]]],[[[125.026268590243262,6.697944574984391,0.0],[125.026267470845895,6.69767336345036,0.0],[125.025996199021236,6.697674482501079,0.0],[125.025997318268963,6.697945694080762,0.0],[125.026268590243262,6.697944574984391,0.0]]],[[[125.027900702759339,6.699022702271482,0.0],[125.028171975007552,6.699021581944984,0.0],[125.028443247209324,6.699020461468828,0.0],[125.028442126429496,6.698749250313516,0.0],[125.028170854377393,6.698750370743842,0.0],[125.02789958227882,6.698751491024599,0.0],[125.027900702759339,6.699022702271482,0.0]]],[[[125.025459250438573,6.699032778477574,0.0],[125.025730523104059,6.699031659497554,0.0],[125.025729403820648,6.698760447884831,0.0],[125.025458131304731,6.698761566819198,0.0],[125.025459250438573,6.699032778477574,0.0]]],[[[125.028986912599279,6.699289431128528,0.0],[125.028985791473772,6.699018220067807,0.0],[125.028714519364726,6.699019340843191,0.0],[125.028715640340664,6.699290551949653,0.0],[125.028986912599279,6.699289431128528,0.0]]],[[[125.027360398625547,6.699567365142998,0.0],[125.027631671265809,6.699566245024156,0.0],[125.027902943859701,6.699565124755833,0.0],[125.027901823286385,6.699293913515256,0.0],[125.027630550842147,6.699295033737838,0.0],[125.027359278351454,6.699296153810939,0.0],[125.027360398625547,6.699567365142998,0.0]]],[[[125.026816733231158,6.699298393508077,0.0],[125.026545460601369,6.699299513132293,0.0],[125.026546580426498,6.699570724601576,0.0],[125.026817853205841,6.699569604931619,0.0],[125.027089125938915,6.699568485112093,0.0],[125.027088005814477,6.699297273734293,0.0],[125.026816733231158,6.699298393508077,0.0]]],[[[125.026546580426498,6.699570724601576,0.0],[125.026275307600685,6.699571844121874,0.0],[125.026276427322514,6.699843055633612,0.0],[125.026547700297982,6.699841936067661,0.0],[125.026546580426498,6.699570724601576,0.0]]],[[[125.026280906673364,6.700927901649032,0.0],[125.026552180247549,6.700926781900205,0.0],[125.026551060190613,6.700655570446821,0.0],[125.026549940179947,6.700384358990239,0.0],[125.026278666905256,6.700385478647672,0.0],[125.026279786766167,6.700656690149995,0.0],[125.026280906673364,6.700927901649032,0.0]]],[[[125.033336252252866,6.701441160148822,0.0],[125.033335128360861,6.701169949846784,0.0],[125.033063855798133,6.701171073382803,0.0],[125.033064979540384,6.701442283730672,0.0],[125.033336252252866,6.701441160148822,0.0]]],[[[125.026011872707144,6.701471444328431,0.0],[125.026283146627009,6.701470324637779,0.0],[125.026282026627001,6.701199113145049,0.0],[125.026010752856891,6.701200232789959,0.0],[125.026011872707144,6.701471444328431,0.0]]],[[[125.034152318932868,6.701980208824474,0.0],[125.034151194498818,6.701708998666409,0.0],[125.033879921776133,6.701710122743152,0.0],[125.033881046060529,6.701981332947136,0.0],[125.034152318932868,6.701980208824474,0.0]]],[[[125.032253407849652,6.701988074539931,0.0],[125.032252284463468,6.701716864060701,0.0],[125.031981011415269,6.701717987089837,0.0],[125.031982134651699,6.701989197614808,0.0],[125.032253407849652,6.701988074539931,0.0]]],[[[125.034152318932868,6.701980208824474,0.0],[125.034153443413473,6.702251418979253,0.0],[125.034424716388926,6.702250294661103,0.0],[125.034423591758667,6.701979084552154,0.0],[125.034152318932868,6.701980208824474,0.0]]],[[[125.034698239017658,6.702791590309762,0.0],[125.034697114144478,6.702520380253039,0.0],[125.034425841065811,6.702521504766854,0.0],[125.034426965789237,6.702792714869497,0.0],[125.034698239017658,6.702791590309762,0.0]]],[[[125.027102571049284,6.702823021397983,0.0],[125.027101450368306,6.702551810058286,0.0],[125.026830175988721,6.702552930380876,0.0],[125.026831296519944,6.702824141766315,0.0],[125.027102571049284,6.702823021397983,0.0]]],[[[125.034700488903624,6.703334010413706,0.0],[125.034971762384899,6.703332885612476,0.0],[125.035243035819633,6.703331760661588,0.0],[125.035241910553893,6.703060550703008,0.0],[125.034970637268898,6.703061675607977,0.0],[125.034699363937364,6.703062800363289,0.0],[125.034700488903624,6.703334010413706,0.0]]],[[[125.026562262846298,6.703367684837755,0.0],[125.026833537721487,6.703366564527689,0.0],[125.026832417097538,6.703095353148556,0.0],[125.026561142372103,6.703096473412971,0.0],[125.026562262846298,6.703367684837755,0.0]]],[[[125.035243035819633,6.703331760661588,0.0],[125.035244161131928,6.703602970616882,0.0],[125.035515434669776,6.703601845470328,0.0],[125.035514309207741,6.703330635560953,0.0],[125.035243035819633,6.703331760661588,0.0]]],[[[125.037958021270754,6.703862921907242,0.0],[125.037956894414549,6.703591712414601,0.0],[125.037685621296006,6.703592838908521,0.0],[125.037686748002471,6.70386404844717,0.0],[125.037958021270754,6.703862921907242,0.0]]],[[[125.037415474687634,6.703865174837351,0.0],[125.037414348130824,6.703593965252694,0.0],[125.03714307491903,6.70359509144721,0.0],[125.037144201326086,6.703866301077785,0.0],[125.037415474687634,6.703865174837351,0.0]]],[[[125.033082965742338,6.705781648865448,0.0],[125.033081841255793,6.705510438568294,0.0],[125.03281056625076,6.705511562688558,0.0],[125.03281169058738,6.705782773031541,0.0],[125.033082965742338,6.705781648865448,0.0]]],[[[125.028205615490663,6.707157916503168,0.0],[125.028204493468451,6.706886705397239,0.0],[125.027933216878111,6.706887827050765,0.0],[125.027934338750569,6.707159038202346,0.0],[125.028205615490663,6.707157916503168,0.0]]],[[[125.024136459519283,6.707174726263152,0.0],[125.024135339744348,6.706903514471461,0.0],[125.023864062458642,6.706904633878161,0.0],[125.023865182083753,6.707175845715416,0.0],[125.024136459519283,6.707174726263152,0.0]]],[[[125.024407736908458,6.707173606660963,0.0],[125.024136459519283,6.707174726263152,0.0],[125.024137579340504,6.707445938051557,0.0],[125.024408856879518,6.707444818403716,0.0],[125.024407736908458,6.707173606660963,0.0]]],[[[125.025227171364222,6.708526304952653,0.0],[125.025226050758391,6.708255093359647,0.0],[125.024954772908785,6.708256213593864,0.0],[125.024955893364861,6.708527425232522,0.0],[125.025227171364222,6.708526304952653,0.0]]],[[[125.024414457429671,6.708800877069874,0.0],[125.024685735671667,6.708799757043846,0.0],[125.02468461531906,6.708528545362644,0.0],[125.024413337227074,6.708529665343019,0.0],[125.024414457429671,6.708800877069874,0.0]]],[[[125.024144299240604,6.709073208715375,0.0],[125.024415577678724,6.709072088793531,0.0],[125.024414457429671,6.708800877069874,0.0],[125.024143179141475,6.708801996945977,0.0],[125.023871900806924,6.708803116672333,0.0],[125.023873020756128,6.709074328487383,0.0],[125.024144299240604,6.709073208715375,0.0]]],[[[125.027130603145835,6.709603303858089,0.0],[125.027401881373805,6.709602182196659,0.0],[125.027673159555405,6.709601060385304,0.0],[125.027672037415257,6.709329849216492,0.0],[125.027400759383482,6.709330970982106,0.0],[125.027129481305352,6.709332092597884,0.0],[125.027130603145835,6.709603303858089,0.0]]],[[[125.024417818315641,6.70961451223143,0.0],[125.024416697974047,6.709343300514079,0.0],[125.024145419386002,6.709344420481576,0.0],[125.024146539577771,6.709615632244579,0.0],[125.024417818315641,6.70961451223143,0.0]]],[[[125.02875939460408,6.709867782624088,0.0],[125.028758271818035,6.709596571641527,0.0],[125.028486993821971,6.709597694052225,0.0],[125.028488116458178,6.709868905080527,0.0],[125.02875939460408,6.709867782624088,0.0]]],[[[125.029303073888954,6.710136748149318,0.0],[125.029574352045429,6.710135625197453,0.0],[125.029573228763255,6.709864414355491,0.0],[125.029301950756619,6.709865537261526,0.0],[125.029303073888954,6.710136748149318,0.0]]],[[[125.02875939460408,6.709867782624088,0.0],[125.028760517436567,6.710138993603363,0.0],[125.029031795685938,6.710137870951258,0.0],[125.029030672703527,6.709866660017725,0.0],[125.02875939460408,6.709867782624088,0.0]]],[[[125.030118031847678,6.710404589591499,0.0],[125.030116908219199,6.710133378844216,0.0],[125.029845630155535,6.710134502095753,0.0],[125.029846753634089,6.710405712888865,0.0],[125.030118031847678,6.710404589591499,0.0]]],[[[125.024421179618429,6.710428147364298,0.0],[125.024420059137924,6.710156935656539,0.0],[125.024148780100205,6.710158055760993,0.0],[125.024149900430871,6.710429267514493,0.0],[125.024421179618429,6.710428147364298,0.0]]],[[[125.037172376649934,6.710646540809493,0.0],[125.037171249077673,6.710375331258409,0.0],[125.036899972073883,6.710376458452214,0.0],[125.03690109949622,6.710647668049217,0.0],[125.037172376649934,6.710646540809493,0.0]]],[[[125.030660588135305,6.71040234254717,0.0],[125.030389310014712,6.710403466144297,0.0],[125.030118031847678,6.710404589591499,0.0],[125.030119155522513,6.710675800335584,0.0],[125.030390433839486,6.710674676842552,0.0],[125.030661712109989,6.710673553199684,0.0],[125.030660588135305,6.71040234254717,0.0]]],[[[125.031205392832661,6.71094251602192,0.0],[125.031204268511672,6.710671305464264,0.0],[125.030932990334051,6.710672429406892,0.0],[125.030934114505129,6.710943640010378,0.0],[125.031205392832661,6.71094251602192,0.0]]],[[[125.031749074015494,6.711211478058119,0.0],[125.032020352353499,6.711210353574235,0.0],[125.032019227536281,6.710939143157266,0.0],[125.031747949348201,6.71094026759532,0.0],[125.031749074015494,6.711211478058119,0.0]]],[[[125.036361926696202,6.711463551126937,0.0],[125.036360799433837,6.711192341447512,0.0],[125.036089521840552,6.711193468329566,0.0],[125.036090648953007,6.71146467805491,0.0],[125.036361926696202,6.711463551126937,0.0]]],[[[125.033926055593781,6.712829738498436,0.0],[125.034197334459293,6.712828612540087,0.0],[125.034468613278165,6.712827486431814,0.0],[125.034467486832469,6.712556276446855,0.0],[125.034196208163522,6.712557402509121,0.0],[125.033924929448034,6.712558528421639,0.0],[125.033926055593781,6.712829738498436,0.0]]],[[[125.043380414745883,6.637664255763807,0.0],[125.043379296149723,6.63739304646612,0.0],[125.043108060363181,6.637394164855679,0.0],[125.043109178811008,6.637665374199373,0.0],[125.043380414745883,6.637664255763807,0.0]]],[[[125.043382652078236,6.638206674349676,0.0],[125.043381533388654,6.637935465058296,0.0],[125.043110297305645,6.637936583540047,0.0],[125.043111415846994,6.638207792877435,0.0],[125.043382652078236,6.638206674349676,0.0]]],[[[125.043655007147322,6.638476764915766,0.0],[125.043653888262781,6.63820555567368,0.0],[125.043382652078236,6.638206674349676,0.0],[125.043383770814543,6.638477883637859,0.0],[125.043384889597561,6.638749092922933,0.0],[125.043656126078574,6.638747974154744,0.0],[125.043655007147322,6.638476764915766,0.0]]],[[[125.043930720031923,6.639560482797866,0.0],[125.043929600812191,6.639289273614488,0.0],[125.043658364081338,6.639290392623107,0.0],[125.043659483152751,6.63956160185267,0.0],[125.043930720031923,6.639560482797866,0.0]]],[[[125.050712749776835,6.639803666268826,0.0],[125.050711626803476,6.639532458243278,0.0],[125.050440391094654,6.63953358100454,0.0],[125.050441513919779,6.639804789076451,0.0],[125.050712749776835,6.639803666268826,0.0]]],[[[125.053158368080446,6.640878384733271,0.0],[125.053429604061407,6.640877260257825,0.0],[125.053700839995471,6.640876135633964,0.0],[125.053820693063642,6.640875638622386,0.0],[125.053741179977507,6.640779577340632,0.0],[125.053585092084347,6.64060540337201,0.0],[125.053428479417477,6.640606052707718,0.0],[125.053157243584749,6.64060717713689,0.0],[125.052886007705126,6.640608301417825,0.0],[125.052614771778522,6.640609425550434,0.0],[125.052343535804923,6.640610549534718,0.0],[125.052072299784527,6.640611673370764,0.0],[125.051801063717136,6.640612797058574,0.0],[125.051802187471296,6.640884004886503,0.0],[125.052073423687006,6.640882881152419,0.0],[125.052344659855734,6.640881757270098,0.0],[125.052615895977567,6.640880633239452,0.0],[125.05288713205249,6.64087950906048,0.0],[125.053158368080446,6.640878384733271,0.0]]],[[[125.051259714899189,6.640886251909781,0.0],[125.051258591441595,6.640615043989304,0.0],[125.050987355233431,6.640616167232225,0.0],[125.050988478542706,6.640887375198976,0.0],[125.051259714899189,6.640886251909781,0.0]]],[[[125.04366172143591,6.640104020302204,0.0],[125.043662840647571,6.640375229522264,0.0],[125.043663959905942,6.640646438739215,0.0],[125.043665079211124,6.640917647952969,0.0],[125.043666198562931,6.641188857163614,0.0],[125.04366731796155,6.641460066371061,0.0],[125.043668437406893,6.641731275575311,0.0],[125.043939675472402,6.641730156151735,0.0],[125.043938555878739,6.641458946993493,0.0],[125.043937436331802,6.641187737832142,0.0],[125.043936316831662,6.640916528667682,0.0],[125.043935197378246,6.640645319500025,0.0],[125.043934077971542,6.64037411032917,0.0],[125.043932958611563,6.640102901155207,0.0],[125.04366172143591,6.640104020302204,0.0]]],[[[125.043941914799888,6.642272574458716,0.0],[125.043940795112789,6.64200136530678,0.0],[125.043669556898948,6.642002484776541,0.0],[125.043670676437713,6.642273693974485,0.0],[125.043941914799888,6.642272574458716,0.0]]],[[[125.043401676949969,6.642817231820861,0.0],[125.043400557465986,6.642546022583038,0.0],[125.043129318862057,6.642547141848341,0.0],[125.043130438197622,6.642818351132171,0.0],[125.043401676949969,6.642817231820861,0.0]]],[[[125.049644647396079,6.643876279390679,0.0],[125.049643524312756,6.643605071227285,0.0],[125.049372286191641,6.643606194089089,0.0],[125.04937340912663,6.643877402298668,0.0],[125.049644647396079,6.643876279390679,0.0]]],[[[125.049104416524131,6.644420941560534,0.0],[125.049103293643853,6.644149733310987,0.0],[125.048832055132294,6.644150855968598,0.0],[125.048833177864154,6.64442206426433,0.0],[125.049104416524131,6.644420941560534,0.0]]],[[[125.049104416524131,6.644420941560534,0.0],[125.049105539451304,6.644692149806883,0.0],[125.049376778212803,6.644691026908576,0.0],[125.049375655137212,6.644419818708411,0.0],[125.049104416524131,6.644420941560534,0.0]]],[[[125.048833177864154,6.64442206426433,0.0],[125.048561939157366,6.644423186819712,0.0],[125.048563061787803,6.644694395158521,0.0],[125.048834300642994,6.644693272556865,0.0],[125.048833177864154,6.64442206426433,0.0]]],[[[125.049110031628601,6.645776982760752,0.0],[125.048838792226732,6.645778105695652,0.0],[125.048567552777868,6.645779228482138,0.0],[125.048568675642514,6.646050436805138,0.0],[125.048839915239782,6.646049313972466,0.0],[125.049111154790069,6.64604819099138,0.0],[125.049382394293559,6.64604706786188,0.0],[125.049653633750225,6.646045944583965,0.0],[125.049924873160009,6.646044821157635,0.0],[125.049923749553287,6.64577361306574,0.0],[125.049652510291921,6.645774736445795,0.0],[125.049381270983659,6.645775859677525,0.0],[125.049110031628601,6.645776982760752,0.0]]],[[[125.05019723632482,6.646314905625403,0.0],[125.050196112522798,6.646043697582891,0.0],[125.049924873160009,6.646044821157635,0.0],[125.049925996813613,6.646316029246333,0.0],[125.05019723632482,6.646314905625403,0.0]]],[[[125.05019723632482,6.646314905625403,0.0],[125.050198360173752,6.646586113664719,0.0],[125.050469599786652,6.6465849898491,0.0],[125.050468475789316,6.64631378185597,0.0],[125.05019723632482,6.646314905625403,0.0]]],[[[125.051285567369845,6.647124033210781,0.0],[125.051284442833378,6.646852825362779,0.0],[125.051013203212747,6.646853949669915,0.0],[125.051014327600797,6.647125157564191,0.0],[125.051285567369845,6.647124033210781,0.0]]],[[[125.047489328842403,6.64741096914375,0.0],[125.047488206337377,6.64713976065173,0.0],[125.047216965912241,6.64714088292707,0.0],[125.047218088268849,6.647412091465275,0.0],[125.047489328842403,6.64741096914375,0.0]]],[[[125.051830296574607,6.647664199559853,0.0],[125.052101536499791,6.647663074668562,0.0],[125.052100411424206,6.647391866965777,0.0],[125.051829171647441,6.647392991810794,0.0],[125.051830296574607,6.647664199559853,0.0]]],[[[125.046676729087807,6.647685544290636,0.0],[125.04667560698131,6.647414335663169,0.0],[125.04640436626724,6.64741545753945,0.0],[125.046405488225318,6.647686666213102,0.0],[125.046676729087807,6.647685544290636,0.0]]],[[[125.052373901649077,6.647933157282169,0.0],[125.052372776378093,6.647661949628856,0.0],[125.052101536499791,6.647663074668562,0.0],[125.052102661622371,6.647934282368237,0.0],[125.052373901649077,6.647933157282169,0.0]]],[[[125.05481618643104,6.648194232060765,0.0],[125.0548150597768,6.64792302482756,0.0],[125.054543820172782,6.647924151249627,0.0],[125.054544946678433,6.648195358529283,0.0],[125.05481618643104,6.648194232060765,0.0]]],[[[125.052646267095355,6.648203239651616,0.0],[125.052645141628886,6.647932032047685,0.0],[125.052373901649077,6.647933157282169,0.0],[125.052375026967042,6.648204364932373,0.0],[125.052646267095355,6.648203239651616,0.0]]],[[[125.052646267095355,6.648203239651616,0.0],[125.052647392608733,6.648474447252348,0.0],[125.05291863283847,6.648473321776724,0.0],[125.053189873021324,6.648472196152775,0.0],[125.053461113157184,6.648471070380233,0.0],[125.053459987198394,6.648199862918411,0.0],[125.053188747211038,6.64820098864459,0.0],[125.052917507176602,6.648202114222355,0.0],[125.052646267095355,6.648203239651616,0.0]]],[[[125.043977769467475,6.650951265655523,0.0],[125.043976648284598,6.650680056604483,0.0],[125.043705405320949,6.650681177549687,0.0],[125.043706526355322,6.650952386646822,0.0],[125.043977769467475,6.650951265655523,0.0]]],[[[125.043713253542847,6.652579641163379,0.0],[125.043712132228066,6.652308432085161,0.0],[125.043440888326415,6.65230955315844,0.0],[125.043442009492608,6.652580762282754,0.0],[125.043713253542847,6.652579641163379,0.0]]],[[[125.059446458262499,6.652785568454953,0.0],[125.059717699693067,6.652784438524493,0.0],[125.059716569565879,6.652513232180266,0.0],[125.059715439485672,6.652242025832931,0.0],[125.059444198352196,6.652243155670399,0.0],[125.059445328283815,6.652514362064275,0.0],[125.059446458262499,6.652785568454953,0.0]]],[[[125.043173007571156,6.653124301584943,0.0],[125.043171886460044,6.652853092420838,0.0],[125.042900642167851,6.652854213289214,0.0],[125.042901763130288,6.653125422499326,0.0],[125.043173007571156,6.653124301584943,0.0]]],[[[125.061599249467847,6.653861439240903,0.0],[125.061384663098181,6.653319912597536,0.0],[125.061347409466066,6.653320067943356,0.0],[125.061348540626113,6.653591273999191,0.0],[125.061349671833426,6.653862480051829,0.0],[125.061599249467847,6.653861439240903,0.0]]],[[[125.061349671833426,6.653862480051829,0.0],[125.0610784300912,6.653863611059561,0.0],[125.060807188301823,6.653864741918789,0.0],[125.060535946465365,6.653865872629336,0.0],[125.060537077273963,6.654137078818398,0.0],[125.06080831925901,6.65413594806131,0.0],[125.061079561196991,6.65413481715563,0.0],[125.061350803087805,6.654133686101358,0.0],[125.061349671833426,6.653862480051829,0.0]]],[[[125.059722220673194,6.653869263869692,0.0],[125.059450978648172,6.653870393986048,0.0],[125.059179736576169,6.653871523953723,0.0],[125.05918086664181,6.654142730375043,0.0],[125.059452108862402,6.654141600360917,0.0],[125.059723351035927,6.654140470198109,0.0],[125.059722220673194,6.653869263869692,0.0]]],[[[125.044806083948927,6.654473617368137,0.0],[125.044804961712487,6.65420240849651,0.0],[125.044533716957744,6.654203530486833,0.0],[125.044534839045497,6.654474739404646,0.0],[125.044806083948927,6.654473617368137,0.0]]],[[[125.05918312691422,6.65468514320827,0.0],[125.059181996754432,6.654413936793255,0.0],[125.05918086664181,6.654142730375043,0.0],[125.058909624374053,6.654143860240667,0.0],[125.058910754338086,6.654415066705242,0.0],[125.058911884349286,6.654686273166708,0.0],[125.05918312691422,6.65468514320827,0.0]]],[[[125.059185387375024,6.655227556028795,0.0],[125.059184257121089,6.654956349620087,0.0],[125.058913014407551,6.654957479625065,0.0],[125.058914144512798,6.655228686080226,0.0],[125.059185387375024,6.655227556028795,0.0]]],[[[125.059185387375024,6.655227556028795,0.0],[125.059186517676025,6.655498762434306,0.0],[125.059457760639759,6.655497632187921,0.0],[125.059456630190155,6.655226425828862,0.0],[125.059185387375024,6.655227556028795,0.0]]],[[[125.04345658890584,6.656106480611599,0.0],[125.043727834888045,6.65610535889297,0.0],[125.043726712965665,6.655834149855786,0.0],[125.043725591090009,6.655562940815405,0.0],[125.043454345405166,6.65556406244193,0.0],[125.043455467132134,6.655835271528319,0.0],[125.04345658890584,6.656106480611599,0.0]]],[[[125.058918665405002,6.656313511869159,0.0],[125.059189908861754,6.65631238163201,0.0],[125.05918877841944,6.656041175235914,0.0],[125.058917535111362,6.656042305426699,0.0],[125.058918665405002,6.656313511869159,0.0]]],[[[125.058919795745794,6.656584718308598,0.0],[125.058918665405002,6.656313511869159,0.0],[125.058647421901156,6.656314641957715,0.0],[125.058648552093274,6.656585848443517,0.0],[125.058919795745794,6.656584718308598,0.0]]],[[[125.057295721753533,6.657405117023782,0.0],[125.057566966087364,6.657403987492736,0.0],[125.057565836348658,6.657132780830719,0.0],[125.057564706657118,6.656861574165505,0.0],[125.057293462620564,6.656862703603736,0.0],[125.057294592163501,6.657133910315314,0.0],[125.057295721753533,6.657405117023782,0.0]]],[[[125.05702786597881,6.658219866651724,0.0],[125.057299110805673,6.658218737130182,0.0],[125.057297981074612,6.657947530431216,0.0],[125.057026736396338,6.657948659906396,0.0],[125.05702786597881,6.658219866651724,0.0]]],[[[125.05702786597881,6.658219866651724,0.0],[125.056756621104782,6.658220996024675,0.0],[125.056757750585561,6.658492202813346,0.0],[125.057028995608263,6.658491073393944,0.0],[125.05702786597881,6.658219866651724,0.0]]],[[[125.05648763489495,6.658764538915816,0.0],[125.056486505515778,6.658493332083979,0.0],[125.056215260399014,6.65849446120593,0.0],[125.056216389629498,6.65876566808413,0.0],[125.05648763489495,6.658764538915816,0.0]]],[[[125.062349633982691,6.659011310144689,0.0],[125.06237274160064,6.658740003115224,0.0],[125.062183774595923,6.658740792033133,0.0],[125.06218490714501,6.659011997886286,0.0],[125.062349633982691,6.659011310144689,0.0]]],[[[125.05594627344567,6.659038004025306,0.0],[125.055945144316979,6.658766797103852,0.0],[125.05567389895738,6.658767925974804,0.0],[125.055675027937397,6.659039132942621,0.0],[125.05594627344567,6.659038004025306,0.0]]],[[[125.055135923109688,6.659855011494007,0.0],[125.055407169158059,6.659853882734965,0.0],[125.055406040185773,6.6595826757302,0.0],[125.055134794286076,6.659583804442879,0.0],[125.055135923109688,6.659855011494007,0.0]]],[[[125.060561966985048,6.660103614176713,0.0],[125.060560835139768,6.659832408057285,0.0],[125.060289589985516,6.659833539641888,0.0],[125.060290721682122,6.660104745807858,0.0],[125.060561966985048,6.660103614176713,0.0]]],[[[125.055950790430771,6.660122831679591,0.0],[125.055949661113956,6.65985162477075,0.0],[125.055678415159548,6.659852753827242,0.0],[125.055679544327589,6.660123960782447,0.0],[125.055950790430771,6.660122831679591,0.0]]],[[[125.053512958026744,6.660946610210403,0.0],[125.053511829907634,6.660675402893887,0.0],[125.053240583084047,6.660676530750895,0.0],[125.053241711054383,6.660947738113774,0.0],[125.053512958026744,6.660946610210403,0.0]]],[[[125.061380232248695,6.661185042279425,0.0],[125.06137909976853,6.660913836312052,0.0],[125.061107854160781,6.660914968528862,0.0],[125.061108986492172,6.661186174542686,0.0],[125.061380232248695,6.661185042279425,0.0]]],[[[125.049716622226711,6.661233595282821,0.0],[125.049715496143307,6.660962387321487,0.0],[125.049444248514149,6.660963513142435,0.0],[125.049445374448695,6.661234721150042,0.0],[125.049716622226711,6.661233595282821,0.0]]],[[[125.045377775908207,6.661522800004946,0.0],[125.04537665215841,6.661251591307669,0.0],[125.045105403631212,6.661252714794927,0.0],[125.045106527232335,6.661523923538302,0.0],[125.045377775908207,6.661522800004946,0.0]]],[[[125.04700639167055,6.661787264098327,0.0],[125.047277640167636,6.661786139477486,0.0],[125.047276515329543,6.661514931106525,0.0],[125.04700526698123,6.66151605568118,0.0],[125.04700639167055,6.661787264098327,0.0]]],[[[125.055959826657912,6.662292486836461,0.0],[125.05595869696495,6.662021279952932,0.0],[125.055687449820482,6.662022409380417,0.0],[125.05568857936467,6.662293616310309,0.0],[125.055959826657912,6.662292486836461,0.0]]],[[[125.048907381768956,6.662321804806735,0.0],[125.048906255944445,6.66205059671928,0.0],[125.04863500757962,6.662051722278926,0.0],[125.048636133255258,6.662322930412476,0.0],[125.048907381768956,6.662321804806735,0.0]]],[[[125.045923645542686,6.662334178287996,0.0],[125.04592252135491,6.662062969692504,0.0],[125.045651272475027,6.662064093615681,0.0],[125.04565239651393,6.66233530225727,0.0],[125.045923645542686,6.662334178287996,0.0]]],[[[125.048367135889094,6.662866472219773,0.0],[125.048366010268523,6.662595264046254,0.0],[125.04809476151236,6.66259638940073,0.0],[125.048095886984157,6.662867597620434,0.0],[125.048367135889094,6.662866472219773,0.0]]],[[[125.04267089905612,6.662890074388703,0.0],[125.042942148896756,6.662888951963795,0.0],[125.043213398690668,6.662887829390027,0.0],[125.043212275897346,6.66261662033961,0.0],[125.042941026252294,6.662617742867192,0.0],[125.04266977656043,6.662618865246093,0.0],[125.04267089905612,6.662890074388703,0.0]]],[[[125.052979488297723,6.663118525027998,0.0],[125.052978360100539,6.662847317644069,0.0],[125.05270711199293,6.662848445574086,0.0],[125.052708240041241,6.663119653004288,0.0],[125.052979488297723,6.663118525027998,0.0]]],[[[125.043214521530714,6.663159038437336,0.0],[125.043485771426774,6.663157915668703,0.0],[125.043484648437868,6.662886706667579,0.0],[125.043213398690668,6.662887829390027,0.0],[125.043214521530714,6.663159038437336,0.0]]],[[[125.047826888818818,6.66341113939469,0.0],[125.048098138068184,6.663410014050428,0.0],[125.048097012502765,6.66313880583703,0.0],[125.047825763402173,6.663139931135107,0.0],[125.047826888818818,6.66341113939469,0.0]]],[[[125.044029394411709,6.663426878590948,0.0],[125.044300644316294,6.663425755329819,0.0],[125.044571894174155,6.663424631919921,0.0],[125.044843143985204,6.663423508361253,0.0],[125.045114393749458,6.663422384653725,0.0],[125.045113269820959,6.663151175932467,0.0],[125.044842020205479,6.663152299593809,0.0],[125.044570770543274,6.66315342310638,0.0],[125.044299520834272,6.663154546470182,0.0],[125.044028271078545,6.663155669685126,0.0],[125.044029394411709,6.663426878590948,0.0]]],[[[125.043485771426774,6.663157915668703,0.0],[125.043486894462305,6.663429124666718,0.0],[125.043758144460412,6.663428001703218,0.0],[125.043757021276022,6.663156792751299,0.0],[125.043485771426774,6.663157915668703,0.0]]],[[[125.053524241800389,6.663658683201921,0.0],[125.053523113211611,6.663387475917024,0.0],[125.053251864900247,6.663388604237217,0.0],[125.053252993340166,6.663659811568476,0.0],[125.053524241800389,6.663658683201921,0.0]]],[[[125.047826888818818,6.66341113939469,0.0],[125.047555639522457,6.663412264590183,0.0],[125.04755676483714,6.663683472892843,0.0],[125.047828014282274,6.663682347651165,0.0],[125.047826888818818,6.66341113939469,0.0]]],[[[125.054067867513183,6.663927633211473,0.0],[125.054066738579891,6.663656426022322,0.0],[125.053795490213631,6.663657554686506,0.0],[125.053796618998163,6.663928761921931,0.0],[125.054067867513183,6.663927633211473,0.0]]],[[[125.047557890198632,6.663954681192306,0.0],[125.04755676483714,6.663683472892843,0.0],[125.047285515345209,6.663684597985751,0.0],[125.047286640557928,6.663955806331399,0.0],[125.047557890198632,6.663954681192306,0.0]]],[[[125.045392388913243,6.665048512781966,0.0],[125.045391264555207,6.664777304125722,0.0],[125.045390140243981,6.664506095466369,0.0],[125.045389015979566,6.664234886803908,0.0],[125.045117765815647,6.664236010798583,0.0],[125.045118889931203,6.66450721950723,0.0],[125.045120014093555,6.664778428212768,0.0],[125.045121138302733,6.665049636915108,0.0],[125.045392388913243,6.665048512781966,0.0]]],[[[125.055970509426544,6.664856555178997,0.0],[125.056287886011461,6.664732024279627,0.0],[125.056241244596293,6.66473221860596,0.0],[125.05596999601066,6.664733348646021,0.0],[125.055970509426544,6.664856555178997,0.0]]],[[[125.045664764030633,6.665318597106826,0.0],[125.045663639477027,6.665047388499965,0.0],[125.045392388913243,6.665048512781966,0.0],[125.04539351331799,6.665319721435012,0.0],[125.045394637769533,6.665590930084773,0.0],[125.045665888631049,6.665589805710579,0.0],[125.045664764030633,6.665318597106826,0.0]]],[[[125.051362145904818,6.66556615946686,0.0],[125.051361018178284,6.665294951833709,0.0],[125.051089768449472,6.665296079287484,0.0],[125.051090896027247,6.665567286966909,0.0],[125.051362145904818,6.66556615946686,0.0]]],[[[125.046483016356703,6.66640005707134,0.0],[125.046481891169208,6.666128848615647,0.0],[125.046210640150406,6.666129973528787,0.0],[125.046211765188957,6.666401182030666,0.0],[125.046483016356703,6.66640005707134,0.0]]],[[[125.046483016356703,6.66640005707134,0.0],[125.046484141590923,6.666671265523925,0.0],[125.046755392860717,6.666670140369644,0.0],[125.046754267477652,6.666398931963156,0.0],[125.046483016356703,6.66640005707134,0.0]]],[[[125.047027769662634,6.666940223423432,0.0],[125.047028895288278,6.66721143177734,0.0],[125.047030020960804,6.66748264012814,0.0],[125.047301272583653,6.667481514537497,0.0],[125.047300146762268,6.667210306232882,0.0],[125.04729902098768,6.66693909792516,0.0],[125.047027769662634,6.666940223423432,0.0]]],[[[125.047301272583653,6.667481514537497,0.0],[125.047302398451862,6.667752722838824,0.0],[125.047573650176844,6.667751597053138,0.0],[125.047572524159705,6.667480388797906,0.0],[125.047301272583653,6.667481514537497,0.0]]],[[[125.043235864370558,6.66831200973482,0.0],[125.043234740642603,6.668040800747641,0.0],[125.042963488020206,6.668041924197152,0.0],[125.042964611599203,6.668313133230428,0.0],[125.043235864370558,6.66831200973482,0.0]]],[[[125.044594376611485,6.66884880752717,0.0],[125.04459325204536,6.668577598776868,0.0],[125.044321999358829,6.668578723063132,0.0],[125.04432312377601,6.668849931859531,0.0],[125.044594376611485,6.66884880752717,0.0]]],[[[125.047046911666527,6.671550765009902,0.0],[125.047045785291715,6.671279556706531,0.0],[125.046774531536613,6.67128068279482,0.0],[125.046775657762396,6.671551891144287,0.0],[125.047046911666527,6.671550765009902,0.0]]],[[[125.047323798845227,6.672905679964534,0.0],[125.047322672087247,6.672634471723247,0.0],[125.047051417633952,6.67263559819141,0.0],[125.047052544242803,6.672906806478882,0.0],[125.047323798845227,6.672905679964534,0.0]]],[[[125.04326622269086,6.675634651193705,0.0],[125.043265097701081,6.67536344229188,0.0],[125.042993841055392,6.675364566985906,0.0],[125.042994965896156,6.675635775933739,0.0],[125.04326622269086,6.675634651193705,0.0]]],[[[125.046279353152087,6.682673686354854,0.0],[125.046280481045699,6.682944894663643,0.0],[125.046551741307141,6.682943766888081,0.0],[125.046550613264245,6.682672558625478,0.0],[125.046549485268145,6.682401350359677,0.0],[125.046278225305301,6.682402478042868,0.0],[125.046279353152087,6.682673686354854,0.0]]],[[[125.048994210985384,6.683204818036246,0.0],[125.048993081552311,6.682933610192596,0.0],[125.048721821712476,6.682934739311261,0.0],[125.048722950996336,6.683205947201185,0.0],[125.048994210985384,6.683204818036246,0.0]]],[[[125.048181559909708,6.68347941306243,0.0],[125.048180430877466,6.683208205083244,0.0],[125.047909170747815,6.683209333800364,0.0],[125.047910299630672,6.683480541825735,0.0],[125.048181559909708,6.68347941306243,0.0]]],[[[125.050895290693177,6.68373932473346,0.0],[125.051166550605757,6.683738194282083,0.0],[125.051437810471342,6.683737063681403,0.0],[125.051709070289959,6.683735932931509,0.0],[125.051980330061753,6.683734802032402,0.0],[125.051979198892823,6.683463594703896,0.0],[125.051707939270315,6.683464725556818,0.0],[125.051436679600926,6.683465856260438,0.0],[125.05116541988464,6.683466986814754,0.0],[125.050894160121359,6.683468117219946,0.0],[125.050895290693177,6.68373932473346,0.0]]],[[[125.049538990426953,6.683744974751602,0.0],[125.049537860601561,6.683473767006807,0.0],[125.049266600556905,6.683474896516448,0.0],[125.049267730233083,6.683746104307517,0.0],[125.049538990426953,6.683744974751602,0.0]]],[[[125.051980330061753,6.683734802032402,0.0],[125.051981461277592,6.68400600935771,0.0],[125.052204717037867,6.684005078440589,0.0],[125.052096068036249,6.683734319467924,0.0],[125.051980330061753,6.683734802032402,0.0]]],[[[125.050624030733701,6.683740455035623,0.0],[125.050352770727429,6.683741585188483,0.0],[125.050081510674161,6.683742715192129,0.0],[125.049810250573998,6.683743845046473,0.0],[125.049538990426953,6.683744974751602,0.0],[125.049540120299227,6.684016182493289,0.0],[125.049811380595585,6.684015052741974,0.0],[125.050082640845048,6.684013922841356,0.0],[125.050353901047529,6.684012792791436,0.0],[125.0506251612032,6.684011662592302,0.0],[125.050624030733701,6.683740455035623,0.0]]],[[[125.044387292851127,6.684308828025096,0.0],[125.044658554186384,6.684307701063639,0.0],[125.044657426954473,6.684036492493814,0.0],[125.044386165768429,6.684037619409176,0.0],[125.044387292851127,6.684308828025096,0.0]]],[[[125.046290634194776,6.685385769300187,0.0],[125.046561895799854,6.685384641109136,0.0],[125.046560767335606,6.685113432875043,0.0],[125.046559638918154,6.684842224637753,0.0],[125.046288377611759,6.684843352736523,0.0],[125.046289505879912,6.685114561019909,0.0],[125.046290634194776,6.685385769300187,0.0]]],[[[125.054451127712852,6.690775995810747,0.0],[125.054449993978508,6.690504788981664,0.0],[125.054178730895572,6.69050592238277,0.0],[125.054179864480446,6.690777129258216,0.0],[125.054451127712852,6.690775995810747,0.0]]],[[[125.053371740888579,6.692136563728543,0.0],[125.053370607517138,6.691865356729996,0.0],[125.053099343498957,6.691866489765084,0.0],[125.053100476720914,6.692137696809994,0.0],[125.053371740888579,6.692136563728543,0.0]]],[[[125.052830345625736,6.692410036829952,0.0],[125.052829212506268,6.692138829741965,0.0],[125.052557948244726,6.692139962524544,0.0],[125.05255908121471,6.692411169658805,0.0],[125.052830345625736,6.692410036829952,0.0]]],[[[125.054188934851211,6.692946784147211,0.0],[125.054187800890375,6.692675577297167,0.0],[125.053916536564699,6.692676710919607,0.0],[125.053917670376066,6.692947917816015,0.0],[125.054188934851211,6.692946784147211,0.0]]],[[[125.053922206091244,6.69403274536958,0.0],[125.053921072091953,6.693761538485963,0.0],[125.053649807121289,6.693762672144286,0.0],[125.053650940971096,6.694033879074266,0.0],[125.053922206091244,6.69403274536958,0.0]]],[[[125.046057758021931,6.694607978553244,0.0],[125.046329024754215,6.694606848941906,0.0],[125.046327894847735,6.694335640769542,0.0],[125.046056628264935,6.694336770334695,0.0],[125.046057758021931,6.694607978553244,0.0]]],[[[125.054196873892721,6.694845232008348,0.0],[125.054195739602989,6.694574025180597,0.0],[125.053924474230783,6.694575159127401,0.0],[125.053925608371031,6.694846366001515,0.0],[125.054196873892721,6.694845232008348,0.0]]],[[[125.049045083988446,6.6954091677183,0.0],[125.049043952446112,6.695137960017381,0.0],[125.048772685883037,6.69513909121616,0.0],[125.048773817275972,6.695410298963265,0.0],[125.049045083988446,6.6954091677183,0.0]]],[[[125.054471542967406,6.695657718190948,0.0],[125.054470408387161,6.695386511418975,0.0],[125.054199142613314,6.695387645654347,0.0],[125.054200277044089,6.695658852472595,0.0],[125.054471542967406,6.695657718190948,0.0]]],[[[125.04633919601946,6.697047722350544,0.0],[125.046338065691629,6.696776514206779,0.0],[125.046066797762805,6.696777644187422,0.0],[125.046067927941067,6.697048852377372,0.0],[125.04633919601946,6.697047722350544,0.0]]],[[[125.050680611670529,6.697300828983086,0.0],[125.050679478902424,6.697029621581927,0.0],[125.050408211573824,6.697030754001596,0.0],[125.05040934419236,6.697301961449029,0.0],[125.050680611670529,6.697300828983086,0.0]]],[[[125.046882862709623,6.697316669896556,0.0],[125.046881732035757,6.69704546184827,0.0],[125.046610464050971,6.697046592174236,0.0],[125.046611594575268,6.697317800268707,0.0],[125.046882862709623,6.697316669896556,0.0]]],[[[125.044983984786185,6.697324579360484,0.0],[125.04525525320139,6.697323449885748,0.0],[125.04525412342511,6.697052241560528,0.0],[125.044982855159574,6.697053370989079,0.0],[125.044983984786185,6.697324579360484,0.0]]],[[[125.043356373312946,6.697331353067946,0.0],[125.043355244583836,6.697060144419873,0.0],[125.043083975990911,6.697061272801528,0.0],[125.043085104570451,6.697332481495786,0.0],[125.043356373312946,6.697331353067946,0.0]]],[[[125.043901168854688,6.697871512865992,0.0],[125.043900039732833,6.697600304316507,0.0],[125.043628770934205,6.697601433089493,0.0],[125.043629899906492,6.697872641685163,0.0],[125.043901168854688,6.697871512865992,0.0]]],[[[125.044991893483086,6.699223037871325,0.0],[125.044990763528915,6.698951829522124,0.0],[125.044719494169229,6.698952959124136,0.0],[125.044720623973831,6.699224167519433,0.0],[125.044991893483086,6.699223037871325,0.0]]],[[[125.044998674190637,6.70085028789956,0.0],[125.044997543955802,6.700579079569455,0.0],[125.044726273698245,6.700580209448224,0.0],[125.044727403783526,6.700851417824514,0.0],[125.044998674190637,6.70085028789956,0.0]]],[[[125.0463652064809,6.703285508781307,0.0],[125.046364075076241,6.70301430071055,0.0],[125.046092803705449,6.70301543175301,0.0],[125.046093934960354,6.703286639869863,0.0],[125.0463652064809,6.703285508781307,0.0]]]]}},
{"type":"Feature","properties":{"fid":180,"Var":3.0,"layer":"SultanKudarat_Flood_5year","path":"C:/Users/cbposadas/Desktop/New folder/SultanKudarat/SultanKudarat_Flood_5year.shp","Risk Level":"High","SYSTRA ID":"177","DAR ID":"340","Target Year":"2027","Bridge Category":"Original List","Bridge Name":"MALFIKAT BRIDGE","Coordinates Y":"6.6702774","Coordinates X":"125.0194859","Region":"XII","Province":"SULTAN KUDARAT","ARC 2026":"Columbio ARC","LINEAR METER IVF 2026":"35","EIRR 2026":"0.19","NEW/REPLACEMENT BRIDGE 2026":"new","Visited by SYSTRA":"No","Selected for 2nd Visit of SYSTRA":"No","Final Funder":"No Funder","2023 IVF URL":"https://drive.google.com/open?id=1ZG-t-s6dkt5CryqwF7EZUqi_Fvo9VlUt","2026 IVF URL":"https://docs.google.com/spreadsheets/u/1/d/1THmKJ6r6WEhPF1HwBJ8b_-LKlpn5LUSz/edit"},"geometry":{"type":"MultiPolygon","coordinates":[[[[124.981306342099316,6.647951634282809,0.0],[124.981577594015718,6.647950547990686,0.0],[124.981576507542499,6.647679328457987,0.0],[124.981305255774515,6.647680414705435,0.0],[124.981306342099316,6.647951634282809,0.0]]],[[[124.978662256588777,6.665049344217775,0.0],[124.978933518325235,6.665048256597914,0.0],[124.978932430485457,6.664777036816614,0.0],[124.978661168897872,6.664778124391799,0.0],[124.978662256588777,6.665049344217775,0.0]]],[[[124.97568706455462,6.667231060630727,0.0],[124.975688151014609,6.667502280919,0.0],[124.975959414588786,6.667501194535483,0.0],[124.976230678117759,6.667500108003019,0.0],[124.976229591359882,6.667228887803831,0.0],[124.975958327979853,6.667229974291708,0.0],[124.97568706455462,6.667231060630727,0.0]]],[[[124.975419060152845,6.668045807809873,0.0],[124.975690324070129,6.66804472148613,0.0],[124.975689237519717,6.667773501204164,0.0],[124.975417973751476,6.667774587483319,0.0],[124.975419060152845,6.668045807809873,0.0]]],[[[124.975961587942109,6.668043635013441,0.0],[124.975690324070129,6.66804472148613,0.0],[124.975691410665647,6.668315941764988,0.0],[124.97596267468667,6.668314855247623,0.0],[124.975961587942109,6.668043635013441,0.0]]],[[[124.982218092679872,6.672358111975361,0.0],[124.98221918357568,6.672629331132183,0.0],[124.982490448894339,6.672628240324916,0.0],[124.982761714167609,6.672627149368613,0.0],[124.982760622973629,6.67235593030123,0.0],[124.982489357849389,6.672357021212769,0.0],[124.982218092679872,6.672358111975361,0.0]]],[[[124.981947918211731,6.672630421790502,0.0],[124.981676652802406,6.672631512299696,0.0],[124.981677743445445,6.672902731542849,0.0],[124.981949009003813,6.672901640988891,0.0],[124.981947918211731,6.672630421790502,0.0]]],[[[124.981678834133874,6.673173950782805,0.0],[124.981677743445445,6.672902731542849,0.0],[124.981406477841773,6.672903821947771,0.0],[124.981407568381073,6.673175041232402,0.0],[124.981678834133874,6.673173950782805,0.0]]],[[[124.981408658965762,6.673446260513924,0.0],[124.981407568381073,6.673175041232402,0.0],[124.981136302583081,6.673176131532963,0.0],[124.981137393018642,6.67344735085925,0.0],[124.981408658965762,6.673446260513924,0.0]]],[[[124.981138483499592,6.673718570182339,0.0],[124.981137393018642,6.67344735085925,0.0],[124.980866127026133,6.67344844105545,0.0],[124.980867217358039,6.673719660423214,0.0],[124.981138483499592,6.673718570182339,0.0]]],[[[124.980057778652906,6.674807808227343,0.0],[124.980058868763933,6.675079027713413,0.0],[124.980330135786915,6.67507793769627,0.0],[124.980329045526673,6.674806718254875,0.0],[124.980057778652906,6.674807808227343,0.0]]],[[[124.98005995892035,6.675350247196286,0.0],[124.980058868763933,6.675079027713413,0.0],[124.979787601695747,6.675080117581431,0.0],[124.979788691703035,6.675351337108979,0.0],[124.98005995892035,6.675350247196286,0.0]]],[[[124.979520694286506,6.676166085570387,0.0],[124.979791961996497,6.676164995672704,0.0],[124.97979087185341,6.67589377615466,0.0],[124.979519604292463,6.675894866007668,0.0],[124.979520694286506,6.676166085570387,0.0]]],[[[124.979251606356698,6.676709614524232,0.0],[124.979252696337426,6.676980834122213,0.0],[124.979523964540093,6.676979744239717,0.0],[124.979522874410321,6.676708524686412,0.0],[124.979521784325769,6.676437305129999,0.0],[124.979250516421359,6.676438394923143,0.0],[124.979251606356698,6.676709614524232,0.0]]],[[[124.97898360788831,6.677524363131302,0.0],[124.979254876434595,6.67752327330867,0.0],[124.979253786363373,6.677252053716995,0.0],[124.978982517966202,6.677253143495041,0.0],[124.97898360788831,6.677524363131302,0.0]]],[[[124.978716698840913,6.678610331497024,0.0],[124.9787177888402,6.678881551162239,0.0],[124.978989058177689,6.678880461265444,0.0],[124.978987968029273,6.678609241644993,0.0],[124.978986877926062,6.678338022021255,0.0],[124.97898578786824,6.678066802394409,0.0],[124.978984697855623,6.677795582764454,0.0],[124.978713429114819,6.677796672482637,0.0],[124.978714518978308,6.678067892157267,0.0],[124.978715608887001,6.678339111828699,0.0],[124.978716698840913,6.678610331497024,0.0]]],[[[124.978719968974403,6.679423990483078,0.0],[124.97899123861032,6.67942290049711,0.0],[124.978990148371309,6.679151680882875,0.0],[124.978718878884607,6.679152770824257,0.0],[124.978447609352713,6.679153860616425,0.0],[124.978448699293295,6.679425080320009,0.0],[124.978449789279082,6.679696300020308,0.0],[124.978721059109418,6.67969521013879,0.0],[124.978719968974403,6.679423990483078,0.0]]],[[[124.976549810258305,6.679432705000807,0.0],[124.976278540215247,6.679433793644205,0.0],[124.976007270126985,6.679434882138389,0.0],[124.975735999993518,6.679435970483358,0.0],[124.975737088487179,6.679707190629789,0.0],[124.97600835876986,6.679706102240144,0.0],[124.976279629007323,6.679705013701374,0.0],[124.976550899199594,6.679703925013478,0.0],[124.976822169346647,6.67970283617628,0.0],[124.977093439448495,6.679701747189957,0.0],[124.977092350208778,6.679430527266459,0.0],[124.976821080256144,6.679431616208196,0.0],[124.976549810258305,6.679432705000807,0.0]]],[[[124.978179609285235,6.679968609494478,0.0],[124.978178519403457,6.679697389752612,0.0],[124.977907249482527,6.679698479335703,0.0],[124.977635979516393,6.679699568769668,0.0],[124.977364709505053,6.679700658054419,0.0],[124.977093439448495,6.679701747189957,0.0],[124.977094528733431,6.679972967110257,0.0],[124.977365798939275,6.679971877930133,0.0],[124.977637069099842,6.679970788600706,0.0],[124.97790833921519,6.679969699122155,0.0],[124.978179609285235,6.679968609494478,0.0]]],[[[124.975738177026031,6.679978410773022,0.0],[124.975737088487179,6.679707190629789,0.0],[124.975465818159279,6.679708278870131,0.0],[124.975466906549016,6.67997949905804,0.0],[124.975738177026031,6.679978410773022,0.0]]],[[[124.975467994983788,6.680250719242662,0.0],[124.975466906549016,6.67997949905804,0.0],[124.975337212900214,6.679980019292564,0.0],[124.975397819925817,6.680251000744216,0.0],[124.975467994983788,6.680250719242662,0.0]]],[[[124.980655980996033,6.688637813339935,0.0],[124.980654888321382,6.688366594101134,0.0],[124.980653795691921,6.688095374859135,0.0],[124.980382521549927,6.688096467170177,0.0],[124.980383614029904,6.688367686456851,0.0],[124.980384706555256,6.688638905740327,0.0],[124.980385799125827,6.688910125020695,0.0],[124.980657073716088,6.688909032575627,0.0],[124.980655980996033,6.688637813339935,0.0]]],[[[124.979308345389995,6.690813029431717,0.0],[124.979307253100089,6.690541809994852,0.0],[124.979306160855572,6.69027059055479,0.0],[124.979034885291611,6.690271682476099,0.0],[124.979035611523926,6.690452040717489,0.0],[124.9792858306336,6.690962568878765,0.0],[124.979309121429623,6.691005714817508,0.0],[124.979308345389995,6.690813029431717,0.0]]],[[[125.005096201535864,6.628056723696827,0.0],[125.005097297625653,6.62832793954323,0.0],[125.005368534855933,6.628326843443042,0.0],[125.005367438618165,6.628055627641847,0.0],[125.005096201535864,6.628056723696827,0.0]]],[[[125.003743301623402,6.628875849959557,0.0],[125.004014539378957,6.628874754508982,0.0],[125.004013443789646,6.628603538487963,0.0],[125.003742206182068,6.628604633893329,0.0],[125.003743301623402,6.628875849959557,0.0]]],[[[125.002935063754592,6.630235216384759,0.0],[125.003206302387838,6.63023412115241,0.0],[125.00320520701365,6.629962905011486,0.0],[125.002933968528467,6.629964000198627,0.0],[125.002935063754592,6.630235216384759,0.0]]],[[[125.00347863654342,6.630504241864608,0.0],[125.003749875233154,6.630503146290931,0.0],[125.003748779517011,6.630231930243533,0.0],[125.003477540975339,6.630233025772001,0.0],[125.00347863654342,6.630504241864608,0.0]]],[[[125.005384983925865,6.632395080084028,0.0],[125.005656223331471,6.632393983157123,0.0],[125.005655126257651,6.632122767448299,0.0],[125.005383887000207,6.632123864329906,0.0],[125.005384983925865,6.632395080084028,0.0]]],[[[124.996162816890944,6.63243228746849,0.0],[124.996434057852198,6.632431195577557,0.0],[124.996432965814705,6.632159978333871,0.0],[124.996161725001528,6.632161070179685,0.0],[124.996162816890944,6.63243228746849,0.0]]],[[[124.994266310726303,6.632982361755499,0.0],[124.994537552303143,6.632981270811542,0.0],[124.994536461211311,6.632710053258948,0.0],[124.994346986031729,6.632710815304362,0.0],[124.994265430304708,6.632763481688475,0.0],[124.994266310726303,6.632982361755499,0.0]]],[[[124.995624701660432,6.633519340289671,0.0],[124.995895943305499,6.633518248514911,0.0],[124.995894851381692,6.633247031193688,0.0],[124.995623609884703,6.633248122923416,0.0],[124.995624701660432,6.633519340289671,0.0]]],[[[124.993183524801736,6.633529159595839,0.0],[124.993183492780659,6.633521195227189,0.0],[124.993172096522542,6.63352920553331,0.0],[124.993183524801736,6.633529159595839,0.0]]],[[[125.006749963477205,6.634559318078002,0.0],[125.007021203838661,6.634558220048334,0.0],[125.007020105657205,6.634287004590864,0.0],[125.006748865443896,6.634288102575234,0.0],[125.006749963477205,6.634559318078002,0.0]]],[[[124.992104006055342,6.634889609588055,0.0],[124.992375249034083,6.634888519514424,0.0],[124.992374158808488,6.634617301624055,0.0],[124.992102915977895,6.634618391652745,0.0],[124.992104006055342,6.634889609588055,0.0]]],[[[124.999428644595397,6.635131342308473,0.0],[124.999699886489935,6.635130248189012,0.0],[124.999698792217615,6.634859031517579,0.0],[124.999427550471225,6.634860125591922,0.0],[124.999428644595397,6.635131342308473,0.0]]],[[[124.997806659127946,6.636493988801271,0.0],[124.997807752637044,6.636765205769444,0.0],[124.99807899569511,6.636764112268687,0.0],[124.998077902037764,6.636492895345545,0.0],[124.997806659127946,6.636493988801271,0.0]]],[[[124.991028841096323,6.637334931294601,0.0],[124.991300085591092,6.637333841409441,0.0],[124.991298995548377,6.637062623367549,0.0],[124.991027751201742,6.637063713207856,0.0],[124.991028841096323,6.637334931294601,0.0]]],[[[124.988048413713557,6.638160565970606,0.0],[124.988319659153717,6.638159477581493,0.0],[124.988318570605259,6.637888259055189,0.0],[124.988047325313346,6.637889347399537,0.0],[124.988048413713557,6.638160565970606,0.0]]],[[[124.989413355229289,6.640324869203416,0.0],[124.989684601628227,6.640323779713939,0.0],[124.989683511974434,6.640052561437213,0.0],[124.989412265723828,6.640053650881748,0.0],[124.989413355229289,6.640324869203416,0.0]]],[[[124.988059300216193,6.640872751508895,0.0],[124.988330547139256,6.640871662671164,0.0],[124.98832945813605,6.64060044417639,0.0],[124.98805821136132,6.640601532969179,0.0],[124.988059300216193,6.640872751508895,0.0]]],[[[124.995389509275753,6.6424706047269,0.0],[124.995660755858992,6.642469511614633,0.0],[124.995659662577353,6.642198294352029,0.0],[124.995388416142447,6.642199387419176,0.0],[124.995389509275753,6.6424706047269,0.0]]],[[[125.001360213021044,6.643260170919327,0.0],[125.001631459043935,6.64325907440809,0.0],[125.001630362361098,6.642987858146818,0.0],[125.001359116486626,6.642988954612936,0.0],[125.001360213021044,6.643260170919327,0.0]]],[[[124.99403873831676,6.643832155678795,0.0],[124.994309985869975,6.643831063083447,0.0],[124.994308893102058,6.6435598456115,0.0],[124.994037645697261,6.643560938161905,0.0],[124.99403873831676,6.643832155678795,0.0]]],[[[124.995671691185592,6.645181684068189,0.0],[124.995670597447614,6.644910466836937,0.0],[124.995669503755181,6.644639249602577,0.0],[124.995398255984895,6.644640343075001,0.0],[124.99539934952891,6.644911560354392,0.0],[124.995400443118484,6.645182777630585,0.0],[124.995401536753704,6.64545399490367,0.0],[124.995672784969244,6.645452901296243,0.0],[124.995671691185592,6.645181684068189,0.0]]],[[[124.996218563779024,6.646264365031294,0.0],[124.99648981230294,6.646263270843531,0.0],[124.996488717937012,6.645992053759984,0.0],[124.996217469561515,6.645993147902716,0.0],[124.996218563779024,6.646264365031294,0.0]]],[[[125.006530375430614,6.64730754316992,0.0],[125.00680162280895,6.64730644316077,0.0],[125.006800522618704,6.647035227805795,0.0],[125.006529275388871,6.647036327769649,0.0],[125.006530375430614,6.64730754316992,0.0]]],[[[125.002190411139736,6.647325123126877,0.0],[125.002461659251622,6.647324025492982,0.0],[125.002460561436806,6.647052809414409,0.0],[125.002189313473423,6.647053907003095,0.0],[125.002190411139736,6.647325123126877,0.0]]],[[[125.005992279974251,6.648394604674466,0.0],[125.006263528038346,6.648393504781223,0.0],[125.006262427961516,6.648122289348266,0.0],[125.005991180045925,6.648123389196301,0.0],[125.005992279974251,6.648394604674466,0.0]]],[[[125.005449783708471,6.648396804015619,0.0],[125.005450883385706,6.648668019581181,0.0],[125.005722131689964,6.648666919939559,0.0],[125.005721031864311,6.648395704419294,0.0],[125.005449783708471,6.648396804015619,0.0]]],[[[125.00545198310877,6.648939235143545,0.0],[125.005450883385706,6.648668019581181,0.0],[125.005179635035532,6.648669119074211,0.0],[125.005180734610093,6.648940334681872,0.0],[125.00545198310877,6.648939235143545,0.0]]],[[[125.004910585537559,6.649212649721457,0.0],[125.005181834230569,6.649211550286425,0.0],[125.005180734610093,6.648940334681872,0.0],[125.004909486065571,6.648941434071696,0.0],[125.004910585537559,6.649212649721457,0.0]]],[[[125.003831085383851,6.650573125082624,0.0],[125.003832184536705,6.6508443408943,0.0],[125.004103434304326,6.650843241781943,0.0],[125.004102335002884,6.650572026015475,0.0],[125.004101235747342,6.650300810245811,0.0],[125.004372485171956,6.650299711075367,0.0],[125.00437138581367,6.650028495347713,0.0],[125.004100136537559,6.650029594472948,0.0],[125.003828887215533,6.65003069344968,0.0],[125.003829986276813,6.650301909267751,0.0],[125.003831085383851,6.650573125082624,0.0]]],[[[125.004108931498934,6.652199320567296,0.0],[125.004110031075371,6.652470536314934,0.0],[125.004381281688538,6.652469436782735,0.0],[125.004380181963512,6.652198221080305,0.0],[125.004379082284331,6.651927005374767,0.0],[125.004107831968341,6.651928104816549,0.0],[125.004108931498934,6.652199320567296,0.0]]],[[[124.99624812490768,6.653587226314159,0.0],[124.996519377441899,6.653586130910392,0.0],[124.996518281843265,6.653314913911754,0.0],[124.99624702945755,6.653316009270491,0.0],[124.99624812490768,6.653587226314159,0.0]]],[[[125.003301775301594,6.65382991338904,0.0],[125.003573026795209,6.653828814076488,0.0],[125.003571927286814,6.653557598254243,0.0],[125.003300675941787,6.653558697521498,0.0],[125.003301775301594,6.65382991338904,0.0]]],[[[125.002761470439324,6.654374543474426,0.0],[125.003032722321791,6.65437344436882,0.0],[125.003031623018998,6.654102228462375,0.0],[125.002760371285135,6.654103327522862,0.0],[125.002761470439324,6.654374543474426,0.0]]],[[[125.001948813270999,6.654649055983684,0.0],[125.002220065439559,6.654647957278734,0.0],[125.002218966536901,6.654376741239951,0.0],[125.001947714516945,6.654377839899692,0.0],[125.001948813270999,6.654649055983684,0.0]]],[[[125.001136154844588,6.654923567423219,0.0],[125.001407407299126,6.654922469118927,0.0],[125.001406308796589,6.654651252947805,0.0],[125.001135056490739,6.654652351206889,0.0],[125.001136154844588,6.654923567423219,0.0]]],[[[125.007104799930588,6.65517058561552,0.0],[125.00737605152537,6.655169483996279,0.0],[125.007374949706815,6.654898268823115,0.0],[125.007103698260721,6.654899370397058,0.0],[125.007104799930588,6.65517058561552,0.0]]],[[[124.999240678596536,6.655744900969105,0.0],[124.999511931817224,6.655743803569867,0.0],[124.999510834217972,6.655472587092324,0.0],[124.999239581145957,6.655473684446442,0.0],[124.999240678596536,6.655744900969105,0.0]]],[[[125.001157032264999,6.660076674933877,0.0],[125.001428287544755,6.660075575771693,0.0],[125.001427188172514,6.659804359660435,0.0],[125.001155933041446,6.65980545877741,0.0],[125.001157032264999,6.660076674933877,0.0]]],[[[124.996003173259027,6.660097530753437,0.0],[124.996274429407421,6.660096434417349,0.0],[124.996273332861549,6.659825217449264,0.0],[124.996002076861927,6.659826313740322,0.0],[124.996003173259027,6.660097530753437,0.0]]],[[[125.007668249173761,6.66032146905867,0.0],[125.007939503502001,6.660320366281511,0.0],[125.007938400513723,6.660049151258804,0.0],[125.007667146334157,6.660050253990666,0.0],[125.007668249173761,6.66032146905867,0.0]]],[[[125.004143039681523,6.660607007279205,0.0],[125.004144140678861,6.660878222929143,0.0],[125.004415395901148,6.660877121995221,0.0],[125.004414294755037,6.660605906390491,0.0],[125.00441319365477,6.660334690782563,0.0],[125.004141938730015,6.660335791626069,0.0],[125.004143039681523,6.660607007279205,0.0]]],[[[125.003603831633981,6.661422855822061,0.0],[125.003875087245376,6.661421755095263,0.0],[125.003873986305152,6.661150539406333,0.0],[125.00360273084253,6.661151640088012,0.0],[125.003603831633981,6.661422855822061,0.0]]],[[[125.002257455377631,6.663869300722944,0.0],[125.001986198151883,6.663870400963643,0.0],[125.00171494088039,6.663871501055572,0.0],[125.001716041088144,6.664142717074371,0.0],[125.001987298508581,6.664141616937322,0.0],[125.002258555883103,6.664140516651416,0.0],[125.002257455377631,6.663869300722944,0.0]]],[[[125.00253091391194,6.664410632096893,0.0],[125.002802171343745,6.66440953146815,0.0],[125.002801070494826,6.664138315633203,0.0],[125.002529813211879,6.664139416216739,0.0],[125.00253091391194,6.664410632096893,0.0]]],[[[125.001717141341715,6.664413933090061,0.0],[125.001716041088144,6.664142717074371,0.0],[125.001444783622048,6.664143817062649,0.0],[125.001445883726774,6.664415033123459,0.0],[125.001717141341715,6.664413933090061,0.0]]],[[[125.006599770576599,6.664394107038061,0.0],[125.00660087355547,6.664665322236716,0.0],[125.006872130448329,6.66466421933015,0.0],[125.007143387295358,6.664663116274725,0.0],[125.007414644096372,6.66466201307053,0.0],[125.007685900851655,6.664660909717388,0.0],[125.007684797277349,6.664389694699921,0.0],[125.007413540671024,6.664390798007678,0.0],[125.007142284018769,6.664391901166664,0.0],[125.006871027320599,6.664393004176792,0.0],[125.006599770576599,6.664394107038061,0.0]]],[[[125.004972229148748,6.664400721080175,0.0],[125.004973331234467,6.664671936550346,0.0],[125.005244588402661,6.664670834536843,0.0],[125.005515845524926,6.664669732374482,0.0],[125.005787102601374,6.664668630063351,0.0],[125.006058359631908,6.664667527603272,0.0],[125.006057256950839,6.664396312314111,0.0],[125.005786000069094,6.664397414728893,0.0],[125.005514743141504,6.664398516994816,0.0],[125.005243486168084,6.66439961911188,0.0],[125.004972229148748,6.664400721080175,0.0]]],[[[125.003074529773414,6.664679646477265,0.0],[125.003345787262518,6.664678545505685,0.0],[125.003344686070037,6.664407329764175,0.0],[125.003073428729806,6.664408430690636,0.0],[125.003074529773414,6.664679646477265,0.0]]],[[[125.004703176003034,6.664944253927261,0.0],[125.004702074020443,6.66467303841499,0.0],[125.004700972083583,6.66440182289961,0.0],[125.004429714972503,6.664402924570187,0.0],[125.004158457815677,6.664404026091995,0.0],[125.00415955945472,6.664675241697791,0.0],[125.004160661139693,6.664946457300478,0.0],[125.004431918594321,6.664945355688254,0.0],[125.004703176003034,6.664944253927261,0.0]]],[[[125.000904468212127,6.664688448891707,0.0],[125.000905568110696,6.664959665036538,0.0],[125.001176826114943,6.66495856521053,0.0],[125.001175726067601,6.664687349110818,0.0],[125.000904468212127,6.664688448891707,0.0]]],[[[125.000906668054924,6.665230881178172,0.0],[125.000905568110696,6.664959665036538,0.0],[125.000634310060633,6.664960764713688,0.0],[125.000635409856088,6.665231980900441,0.0],[125.000906668054924,6.665230881178172,0.0]]],[[[124.994937880448887,6.664983823548885,0.0],[124.994666621393577,6.66498491995132,0.0],[124.994395362292622,6.664986016204897,0.0],[124.994124103146106,6.664987112309526,0.0],[124.993852843953931,6.664988208265386,0.0],[124.993581584716097,6.664989304072386,0.0],[124.993310325432802,6.664990399730528,0.0],[124.993311421208531,6.665261617133731,0.0],[124.993582680640785,6.665260521430647,0.0],[124.993853940027378,6.665259425578705,0.0],[124.994125199368497,6.665258329577903,0.0],[124.994396458663886,6.665257233428155,0.0],[124.9946677179137,6.665256137129636,0.0],[124.994938977117869,6.665255040682259,0.0],[124.994937880448887,6.664983823548885,0.0]]],[[[124.992767806729233,6.664992590600147,0.0],[124.99276890220726,6.665263808093411,0.0],[124.993040161730633,6.665262712687956,0.0],[124.993039066103748,6.664991495239723,0.0],[124.992767806729233,6.664992590600147,0.0]]],[[[125.00822951814213,6.664929917488469,0.0],[125.008230622105884,6.665201132409124,0.0],[125.008231726115753,6.665472347326582,0.0],[125.008502983179767,6.665471243391061,0.0],[125.00850187902104,6.665200028518901,0.0],[125.008500774908327,6.664928813643631,0.0],[125.00822951814213,6.664929917488469,0.0]]],[[[124.994940073832581,6.665526257812435,0.0],[124.995211333140048,6.665525161171169,0.0],[124.995210236276463,6.665253944086023,0.0],[124.994938977117869,6.665255040682259,0.0],[124.994940073832581,6.665526257812435,0.0]]],[[[124.992769997730832,6.665535025583389,0.0],[124.99276890220726,6.665263808093411,0.0],[124.992497642638227,6.665264903349919,0.0],[124.992498738012955,6.665536120884927,0.0],[124.992769997730832,6.665535025583389,0.0]]],[[[124.995484786563594,6.666066498451859,0.0],[124.99548368945986,6.665795281417961,0.0],[124.995482592401856,6.665524064381043,0.0],[124.995211333140048,6.665525161171169,0.0],[124.995212430049193,6.665796378253117,0.0],[124.995213527003983,6.666067595332046,0.0],[124.995484786563594,6.666066498451859,0.0]]],[[[124.998197379648232,6.666055521461876,0.0],[124.998198478286568,6.666326738042092,0.0],[124.998469737492698,6.666325639479163,0.0],[124.998740996652984,6.666324540767374,0.0],[124.998739897716845,6.666053324277397,0.0],[124.998468638705404,6.666054422944065,0.0],[124.998197379648232,6.666055521461876,0.0]]],[[[124.99684437749535,6.666874662224918,0.0],[124.997115637227793,6.666873564316309,0.0],[124.997386896914421,6.666872466258842,0.0],[124.997385798631441,6.666601249549751,0.0],[124.997114539093687,6.666602347562187,0.0],[124.996843279510173,6.666603445425676,0.0],[124.9965720198811,6.666604543140306,0.0],[124.996573117717332,6.666875759984578,0.0],[124.99684437749535,6.666874662224918,0.0]]],[[[124.990609769753362,6.667984744330711,0.0],[124.990881031130371,6.667983649667151,0.0],[124.990879936239168,6.667712431890913,0.0],[124.990608675011103,6.66771352650962,0.0],[124.990609769753362,6.667984744330711,0.0]]],[[[124.990346171759001,6.669884363819532,0.0],[124.990345076846921,6.669613145975615,0.0],[124.990343981980416,6.6693419281285,0.0],[124.990072719767539,6.669343022718786,0.0],[124.990073814485015,6.669614240610842,0.0],[124.990074909248136,6.6698854584997,0.0],[124.990076004056647,6.670156676385361,0.0],[124.990347266716455,6.670155581660429,0.0],[124.990346171759001,6.669884363819532,0.0]]],[[[124.989536762405237,6.670972519296101,0.0],[124.989808025603097,6.670971424734415,0.0],[124.989806930807021,6.670700206813227,0.0],[124.989535667758105,6.67070130133006,0.0],[124.989536762405237,6.670972519296101,0.0]]],[[[124.988994235872909,6.670974707972541,0.0],[124.988995330267528,6.671245926025269,0.0],[124.989266593705381,6.671244831716625,0.0],[124.989265499161803,6.670973613708839,0.0],[124.988994235872909,6.670974707972541,0.0]]],[[[124.988996424707537,6.671517144074799,0.0],[124.988995330267528,6.671245926025269,0.0],[124.988724066784116,6.671247020184876,0.0],[124.98872516107518,6.671518238279259,0.0],[124.988996424707537,6.671517144074799,0.0]]],[[[124.988183727712325,6.671791644422229,0.0],[124.98845499158476,6.671790550470811,0.0],[124.988453897397264,6.671519332334772,0.0],[124.988182633673858,6.671520426241249,0.0],[124.988183727712325,6.671791644422229,0.0]]],[[[124.984388212766433,6.672349381702145,0.0],[124.984659477572961,6.672348289747441,0.0],[124.984930742334285,6.672347197643611,0.0],[124.985202007050034,6.672346105390834,0.0],[124.98520091456011,6.672074886723132,0.0],[124.984929649993305,6.672075978931145,0.0],[124.98465838538111,6.67207707099021,0.0],[124.984387120723525,6.67207816290015,0.0],[124.984115856020566,6.672079254661143,0.0],[124.983844591272216,6.67208034627301,0.0],[124.983573326478478,6.672081437736019,0.0],[124.98330206163935,6.672082529049903,0.0],[124.983030796754932,6.67208362021475,0.0],[124.983031888052551,6.672354839240566,0.0],[124.983303153086013,6.672353748030955,0.0],[124.98357441807417,6.672352656672307,0.0],[124.983845683016952,6.672351565164623,0.0],[124.98411694791443,6.672350473507902,0.0],[124.984388212766433,6.672349381702145,0.0]]],[[[125.006631775596659,6.672259346517859,0.0],[125.006632879906462,6.672530561625032,0.0],[125.006904141118966,6.672529457405472,0.0],[125.006903036660134,6.672258242343596,0.0],[125.006901932247132,6.671987027278612,0.0],[125.006630671332687,6.671988131407578,0.0],[125.006631775596659,6.672259346517859,0.0]]],[[[124.987100858788992,6.672338455448643,0.0],[124.98682959439121,6.672339548744586,0.0],[124.98655832994794,6.672340641891492,0.0],[124.986287065459209,6.672341734889451,0.0],[124.986015800925074,6.672342827738285,0.0],[124.985744536345479,6.672343920438171,0.0],[124.985473271720494,6.67234501298902,0.0],[124.985474364404922,6.672616231608761,0.0],[124.98574562917895,6.672615139013147,0.0],[124.986016893907589,6.672614046268497,0.0],[124.986288158590838,6.67261295337481,0.0],[124.986559423228513,6.672611860332087,0.0],[124.986830687820913,6.672610767140328,0.0],[124.987101952367738,6.672609673799532,0.0],[124.987100858788992,6.672338455448643,0.0]]],[[[124.985488573435504,6.676142073378419,0.0],[124.985759840147708,6.676140980200427,0.0],[124.985758746723775,6.675869761666484,0.0],[124.985487480160614,6.675870854799713,0.0],[124.985488573435504,6.676142073378419,0.0]]],[[[125.002308126030201,6.676345230168654,0.0],[125.002579390063559,6.676344127700937,0.0],[125.002578287348044,6.676072911959694,0.0],[125.0023070234638,6.676074014382114,0.0],[125.002308126030201,6.676345230168654,0.0]]],[[[125.00719971527586,6.678495082602418,0.0],[125.007470979676924,6.678493977088515,0.0],[125.007742244032173,6.678492871425488,0.0],[125.008013508341406,6.678491765613335,0.0],[125.008284772604725,6.678490659651968,0.0],[125.008283666390057,6.678219444886122,0.0],[125.008282560221303,6.677948230117079,0.0],[125.008281454098466,6.677677015344927,0.0],[125.008010190282604,6.677678121170314,0.0],[125.008009084354896,6.677406906349668,0.0],[125.007737820642248,6.677408011980632,0.0],[125.007738926420828,6.677679226846576,0.0],[125.007467662513136,6.677680332373712,0.0],[125.007196398559529,6.677681437751724,0.0],[125.007197504085781,6.677952652705064,0.0],[125.007468768188517,6.677951547281844,0.0],[125.007740032245337,6.677950441709322,0.0],[125.007741138115748,6.678221656569048,0.0],[125.007469873909812,6.678222762186778,0.0],[125.007198609657863,6.678223867655384,0.0],[125.00719971527586,6.678495082602418,0.0]]],[[[124.988753628609729,6.678569907625662,0.0],[124.989024896118991,6.678568812254491,0.0],[124.989023800495929,6.678297594287028,0.0],[124.98875253313588,6.678298689613347,0.0],[124.988753628609729,6.678569907625662,0.0]]],[[[124.984958065614094,6.679127664430315,0.0],[124.985229334057976,6.679126571057812,0.0],[124.985228240432704,6.67885535246898,0.0],[124.984956972138036,6.678856445796719,0.0],[124.984958065614094,6.679127664430315,0.0]]],[[[125.006930661904178,6.679038617942354,0.0],[125.006931767510721,6.679309832925271,0.0],[125.007203032405357,6.679308727424691,0.0],[125.0072019266496,6.679037512487072,0.0],[125.006930661904178,6.679038617942354,0.0]]],[[[125.008023464998246,6.680932698771778,0.0],[125.008294730604405,6.680931592402648,0.0],[125.008293623976186,6.680660377665224,0.0],[125.008022358519241,6.680661483989057,0.0],[125.008023464998246,6.680932698771778,0.0]]],[[[124.996372204865906,6.68423473194578,0.0],[124.996643474232968,6.684233631452217,0.0],[124.996642373473748,6.683962414810005,0.0],[124.996371104255985,6.683963515258537,0.0],[124.996372204865906,6.68423473194578,0.0]]],[[[124.998000921934491,6.68449934315881,0.0],[124.998272191176767,6.684498241724399,0.0],[124.998271089475992,6.684227025355747,0.0],[124.997999820383029,6.684228126745038,0.0],[124.998000921934491,6.68449934315881,0.0]]],[[[125.002613596967009,6.684751814114152,0.0],[125.002884865580626,6.684750710096652,0.0],[125.002883761295607,6.684479494498494,0.0],[125.002612492831375,6.684480598470874,0.0],[125.002613596967009,6.684751814114152,0.0]]],[[[124.999088203063891,6.685037368982703,0.0],[124.999359472421887,6.68503626686102,0.0],[124.99935837003234,6.684765050679062,0.0],[124.999087100823644,6.684766152755715,0.0],[124.999088203063891,6.685037368982703,0.0]]],[[[125.008312442902962,6.685271027771464,0.0],[125.008583710851781,6.685269920528101,0.0],[125.008582603339207,6.6849987058866,0.0],[125.008311335539787,6.684999813084667,0.0],[125.008312442902962,6.685271027771464,0.0]]],[[[124.987970505008121,6.686167299675447,0.0],[124.988241776833391,6.686166203495767,0.0],[124.988240680384408,6.685894985482208,0.0],[124.987969408708537,6.685896081617035,0.0],[124.987968312454342,6.685624863555337,0.0],[124.987697040882281,6.68562595949592,0.0],[124.987698136987092,6.685897177602471,0.0],[124.987699233137377,6.686168395705736,0.0],[124.987970505008121,6.686167299675447,0.0]]],[[[125.00045116827863,6.68665915282308,0.0],[125.000450065017148,6.686387936840608,0.0],[125.000448961801496,6.686116720855027,0.0],[125.000177692029069,6.686117823754487,0.0],[124.999906422210998,6.686118926504645,0.0],[124.999907525127867,6.686390142580554,0.0],[124.999908628090651,6.686661358653265,0.0],[125.000179898207506,6.686660255812868,0.0],[125.00045116827863,6.68665915282308,0.0]]],[[[125.003435136038888,6.686647010079469,0.0],[125.003706405560408,6.686645905297603,0.0],[125.003705300506667,6.686374689857275,0.0],[125.003434031134461,6.686375794593844,0.0],[125.003435136038888,6.686647010079469,0.0]]],[[[124.987972697743714,6.686709735782856,0.0],[124.988243969867767,6.686708639513559,0.0],[124.988242873327835,6.686437421506217,0.0],[124.987971601353181,6.686438517730751,0.0],[124.987972697743714,6.686709735782856,0.0]]],[[[125.001809726101399,6.687196067138221,0.0],[125.002080996196582,6.687194963162111,0.0],[125.002079891947275,6.686923747456839,0.0],[125.001808622001562,6.68692485138783,0.0],[125.001809726101399,6.687196067138221,0.0]]],[[[124.989061077204042,6.687519003408569,0.0],[124.989332349594292,6.687517906407234,0.0],[124.989331252320284,6.687246688588897,0.0],[124.989059980079517,6.687247785545378,0.0],[124.989061077204042,6.687519003408569,0.0]]],[[[124.999099227981404,6.687749531079032,0.0],[124.99937049883296,6.687748428506155,0.0],[124.999369395986079,6.687477212355906,0.0],[124.999098125283822,6.687478314883575,0.0],[124.999099227981404,6.687749531079032,0.0]]],[[[124.984180355412789,6.688081161222201,0.0],[124.984451628919828,6.688080066819855,0.0],[124.984450534244189,6.687808848201002,0.0],[124.984179260886449,6.687809942558496,0.0],[124.984180355412789,6.688081161222201,0.0]]],[[[124.985264354044801,6.687805564231994,0.0],[124.985265449168793,6.688076782716554,0.0],[124.985266544338174,6.688348001197917,0.0],[124.985537817813054,6.688346906153328,0.0],[124.985536722494288,6.68807568771673,0.0],[124.985535627220898,6.687804469277023,0.0],[124.985264354044801,6.687805564231994,0.0]]],[[[124.998831265002849,6.688564282204887,0.0],[124.999102536348403,6.688563179646132,0.0],[124.999101433513701,6.688291963460267,0.0],[124.998830162317518,6.688293065973903,0.0],[124.998831265002849,6.688564282204887,0.0]]],[[[125.007242870192655,6.689072463071608,0.0],[125.007514140416362,6.689071355791474,0.0],[125.007513032858228,6.688800141013105,0.0],[125.007241762783821,6.688801248247942,0.0],[125.007242870192655,6.689072463071608,0.0]]],[[[124.985814569264761,6.689701902870913,0.0],[124.986085843395927,6.689700807303454,0.0],[124.986084747551175,6.689429588972282,0.0],[124.985813473569493,6.689430684494888,0.0],[124.985814569264761,6.689701902870913,0.0]]],[[[124.983916743769612,6.689980786345715,0.0],[124.98418801836813,6.689979691779411,0.0],[124.984186923524007,6.68970847313791,0.0],[124.983915649074959,6.68970956765945,0.0],[124.983916743769612,6.689980786345715,0.0]]],[[[124.986088035221755,6.690243243956293,0.0],[124.986359309606399,6.690242148149825,0.0],[124.986358213521314,6.689970929869813,0.0],[124.986086939286153,6.689972025631516,0.0],[124.986088035221755,6.690243243956293,0.0]]],[[[124.986904051143696,6.690782392459913,0.0],[124.987175325690885,6.690781296115476,0.0],[124.987174229066497,6.690510077976239,0.0],[124.986902954668793,6.690511174275824,0.0],[124.986904051143696,6.690782392459913,0.0]]],[[[124.9869073408411,6.691596046993173,0.0],[124.987178615836726,6.691594950514266,0.0],[124.987177519075999,6.691323732384444,0.0],[124.986906244229857,6.691324828818588,0.0],[124.9869073408411,6.691596046993173,0.0]]],[[[124.987722262796709,6.691863975144927,0.0],[124.98799353780548,6.691862878172814,0.0],[124.987992440550741,6.691591660180749,0.0],[124.987721165691553,6.691592757108009,0.0],[124.987722262796709,6.691863975144927,0.0]]],[[[124.988264812768676,6.69186178105122,0.0],[124.98799353780548,6.691862878172814,0.0],[124.987994635105593,6.692134096161682,0.0],[124.987995732451282,6.692405314147352,0.0],[124.987996829842345,6.692676532130002,0.0],[124.988268105254079,6.69267543487376,0.0],[124.988539380620338,6.692674337468127,0.0],[124.98854047835593,6.692945555357874,0.0],[124.988811753826198,6.692944457757819,0.0],[124.989083029250892,6.692943360008372,0.0],[124.989081931216248,6.69267214220842,0.0],[124.988810655941037,6.692673239913014,0.0],[124.988809558101437,6.692402022065012,0.0],[124.988538282930222,6.692403119575272,0.0],[124.98853718528558,6.692131901679308,0.0],[124.988265910218274,6.692132998995235,0.0],[124.988264812768676,6.69186178105122,0.0]]],[[[125.00020417824976,6.69262700761911,0.0],[125.000475451608466,6.692625903636515,0.0],[125.00047434734023,6.692354687723676,0.0],[125.000203074131008,6.692355791661151,0.0],[125.00020417824976,6.69262700761911,0.0]]],[[[125.002648953497328,6.693430713030044,0.0],[125.002920226892456,6.69342960756659,0.0],[125.002919121141232,6.693158392069685,0.0],[125.002647847895673,6.69315949748793,0.0],[125.002648953497328,6.693430713030044,0.0]]],[[[124.988813949732943,6.693486893438014,0.0],[124.989085225456776,6.693485795598773,0.0],[124.989084127331097,6.693214577805127,0.0],[124.988812851756833,6.693215675599515,0.0],[124.988813949732943,6.693486893438014,0.0]]],[[[125.002107511918211,6.693704139137666,0.0],[125.00237878555447,6.693703033928053,0.0],[125.002377680056469,6.693431818344018,0.0],[125.002106406569681,6.693432923508422,0.0],[125.001835133037247,6.693434028523435,0.0],[125.001836238236109,6.693705244197887,0.0],[125.001837343480901,6.693976459869142,0.0],[125.002108617312473,6.693975354763801,0.0],[125.002107511918211,6.693704139137666,0.0]]],[[[124.988547065724973,6.694572862629475,0.0],[124.988545967716448,6.694301644758736,0.0],[124.988544869753312,6.694030426884976,0.0],[124.988273593639462,6.694031524514874,0.0],[124.988274691453043,6.694302742433575,0.0],[124.988003415144163,6.694303839958935,0.0],[124.98800451285355,6.694575057919381,0.0],[124.988275789311999,6.694573960349168,0.0],[124.988547065724973,6.694572862629475,0.0]]],[[[124.989095110635404,6.695926755598856,0.0],[124.9890962092161,6.696197973360793,0.0],[124.98936748638998,6.696196874923186,0.0],[124.989366387659629,6.69592565720619,0.0],[124.989095110635404,6.695926755598856,0.0]]],[[[124.989371881766317,6.697281745759907,0.0],[124.989372980724212,6.697552963461182,0.0],[124.989644258600549,6.697551864649562,0.0],[124.989643159493085,6.697280646993229,0.0],[124.98964206043118,6.697009429333698,0.0],[124.989370782853968,6.697010528055434,0.0],[124.989371881766317,6.697281745759907,0.0]]],[[[124.993178575493218,6.699436085904051,0.0],[124.993449853779182,6.699434984683426,0.0],[124.993448752257819,6.699163767678304,0.0],[124.993177474121509,6.6991648688539,0.0],[124.993178575493218,6.699436085904051,0.0]]],[[[125.005391594343138,6.700742457898277,0.0],[125.005662871319046,6.70074134971824,0.0],[125.005661762833739,6.700470134759127,0.0],[125.005390486007585,6.700471242893955,0.0],[125.005391594343138,6.700742457898277,0.0]]],[[[125.00295231361072,6.701294855597681,0.0],[125.003223591298678,6.701293748674062,0.0],[125.0032224840689,6.701022533314291,0.0],[125.002951206530696,6.701023640192703,0.0],[125.00295231361072,6.701294855597681,0.0]]],[[[125.003494868940891,6.701292641600873,0.0],[125.003223591298678,6.701293748674062,0.0],[125.003224698574371,6.701564964030724,0.0],[125.003495976366239,6.701563856912238,0.0],[125.003494868940891,6.701292641600873,0.0]]],[[[124.999701399374871,6.702392990761905,0.0],[124.999972678211151,6.702391885453882,0.0],[124.999971572594745,6.702120669564935,0.0],[124.99970029390812,6.702121774827838,0.0],[124.999701399374871,6.702392990761905,0.0]]],[[[125.006485575098722,6.70290774275236,0.0],[125.00675685308876,6.702906633611492,0.0],[125.006755743637385,6.702635418858791,0.0],[125.006484465797101,6.702636527954451,0.0],[125.006485575098722,6.70290774275236,0.0]]],[[[125.005403789063138,6.703725822736915,0.0],[125.0056750676859,6.703724714059054,0.0],[125.005673958695837,6.703453499134846,0.0],[125.005402680222829,6.70345460776741,0.0],[125.005403789063138,6.703725822736915,0.0]]],[[[125.000520766012599,6.703745753335153,0.0],[125.0007920454604,6.703744647352292,0.0],[125.000790939165881,6.703473431614513,0.0],[125.000519659867919,6.703474537552165,0.0],[125.000520766012599,6.703745753335153,0.0]]],[[[125.001065537888209,6.704285972595501,0.0],[125.00133681754393,6.704284866222907,0.0],[125.001335710858342,6.70401365058185,0.0],[125.001064431352376,6.704014756909236,0.0],[125.001065537888209,6.704285972595501,0.0]]],[[[125.004054044773113,6.705358654987301,0.0],[125.004325324523947,6.705357546786748,0.0],[125.004324216007475,6.705086331655417,0.0],[125.004052936406467,6.705087439810673,0.0],[125.004054044773113,6.705358654987301,0.0]]],[[[125.002699860704311,6.705906624539257,0.0],[125.002700968459536,6.706177839932335,0.0],[125.002972248888952,6.706176732344979,0.0],[125.002971140983888,6.70590551699711,0.0],[125.002699860704311,6.705906624539257,0.0]]],[[[125.002702076260505,6.706449055322214,0.0],[125.002700968459536,6.706177839932335,0.0],[125.002429687984304,6.706178947369854,0.0],[125.002430795635419,6.706450162804942,0.0],[125.002702076260505,6.706449055322214,0.0]]],[[[125.001619168026309,6.706995915486034,0.0],[125.001890449088449,6.706994808362308,0.0],[125.001889341645253,6.706723592843198,0.0],[125.001618060732937,6.706724699921716,0.0],[125.001619168026309,6.706995915486034,0.0]]],[[[125.002978897281182,6.707804024365758,0.0],[125.003250178563775,6.707802916357495,0.0],[125.003249070233991,6.707531701073841,0.0],[125.002977789101237,6.707532809036896,0.0],[125.002978897281182,6.707804024365758,0.0]]],[[[124.997824544212108,6.707825048057434,0.0],[124.99809582636432,6.707823942895694,0.0],[124.998094720881596,6.707552726754415,0.0],[124.997823438879223,6.707553831871036,0.0],[124.997552156831105,6.707554936837909,0.0],[124.997280874737342,6.707556041654947,0.0],[124.997281979770477,6.707827257931496,0.0],[124.99755326201408,6.707826153069338,0.0],[124.997824544212108,6.707825048057434,0.0]]],[[[124.999995906727065,6.708087418391071,0.0],[125.000267188663258,6.708086311985704,0.0],[125.000266081936019,6.7078150962084,0.0],[124.999994800149651,6.707816202568648,0.0],[124.999995906727065,6.708087418391071,0.0]]],[[[125.001082141419829,6.708354207509246,0.0],[125.001353423322726,6.708353100459328,0.0],[125.001352315950314,6.708081884865877,0.0],[125.001081034197256,6.708082991870499,0.0],[125.001079927020413,6.707811776228643,0.0],[125.00080864537145,6.707812883038398,0.0],[125.000809752398354,6.708084098725373,0.0],[125.000810859471102,6.70835531440924,0.0],[125.001082141419829,6.708354207509246,0.0]]],[[[125.007050332697276,6.708329817802459,0.0],[125.007051443262696,6.708601032443249,0.0],[125.007322724306633,6.708599922051914,0.0],[125.007594005304654,6.708598811510744,0.0],[125.007592894439568,6.708327596960548,0.0],[125.007321613591387,6.708328707456421,0.0],[125.007050332697276,6.708329817802459,0.0]]],[[[125.005965208661678,6.70833425768834,0.0],[125.005966318627657,6.70860547251023,0.0],[125.006237599855282,6.708604362718238,0.0],[125.006508881036979,6.708603252776411,0.0],[125.006507770771321,6.708332038045026,0.0],[125.00623648973945,6.708333147941645,0.0],[125.005965208661678,6.70833425768834,0.0]]],[[[124.997016222583014,6.709184444204195,0.0],[124.997287505621713,6.709183339266631,0.0],[124.997558788614768,6.709182234179143,0.0],[124.997830071562063,6.709181128941908,0.0],[124.997828966000654,6.708909912771319,0.0],[124.997557683203183,6.708911017963524,0.0],[124.997556577837329,6.708639801744707,0.0],[124.997285295144138,6.708640906742045,0.0],[124.997284189973868,6.708369690475,0.0],[124.997283084849258,6.708098474204847,0.0],[124.997011802410071,6.708099578962199,0.0],[124.997012907384772,6.708370795277383,0.0],[124.997014012405202,6.708642011589547,0.0],[124.997015117471278,6.708913227898425,0.0],[124.996743834536758,6.708914332641123,0.0],[124.996744939498669,6.709185548991923,0.0],[124.996745553781736,6.709336320461112,0.0],[124.996951593799992,6.709455928215942,0.0],[124.997017327740494,6.709455660506767,0.0],[124.997016222583014,6.709184444204195,0.0]]],[[[124.998917415353077,6.709719138465062,0.0],[124.998918521651234,6.709990354445758,0.0],[124.999189804819608,6.709989248323898,0.0],[124.999188698371526,6.70971803238841,0.0],[124.998917415353077,6.709719138465062,0.0]]],[[[125.000823040292701,6.711338686722166,0.0],[125.000821932716363,6.711067471073204,0.0],[125.001093216164065,6.711066363721661,0.0],[125.001364499565938,6.711065256220281,0.0],[125.001363391735495,6.710794040658539,0.0],[125.001092108483533,6.71079514811471,0.0],[125.000820825185841,6.710796255421045,0.0],[125.000549541842318,6.710797362577545,0.0],[125.000278258452965,6.710798469584121,0.0],[125.000279365683639,6.711069685326518,0.0],[125.000279861779376,6.711191198763556,0.0],[125.000725443982006,6.711405026530881,0.0],[125.000823484362868,6.711447423396257,0.0],[125.000823040292701,6.711338686722166,0.0]]],[[[125.006857201155498,6.712941334534492,0.0],[125.00706921855452,6.712940466263437,0.0],[125.007068107254312,6.71266925167354,0.0],[125.006845848811096,6.712670161845566,0.0],[125.006857201155498,6.712941334534492,0.0]]],[[[125.010245303101883,6.626951013366598,0.0],[125.010516538719841,6.626949914680655,0.0],[125.010515439899336,6.626678699724473,0.0],[125.010244204429341,6.626679798365029,0.0],[125.010245303101883,6.626951013366598,0.0]]],[[[125.016213578041643,6.627198022090739,0.0],[125.016484812794801,6.627196920103615,0.0],[125.016483710672219,6.626925706149831,0.0],[125.016212476067139,6.62692680809148,0.0],[125.016213578041643,6.627198022090739,0.0]]],[[[125.009976264624868,6.627494541988797,0.0],[125.010247500584782,6.627493443360231,0.0],[125.010246401820325,6.627222228364968,0.0],[125.009975166008473,6.627223326948237,0.0],[125.009976264624868,6.627494541988797,0.0]]],[[[125.017031692297905,6.628279571104998,0.0],[125.01730292750473,6.628278468491797,0.0],[125.017301824753773,6.628007254687138,0.0],[125.017030589694912,6.628008357254775,0.0],[125.017031692297905,6.628279571104998,0.0]]],[[[125.019475015507339,6.628812069129517,0.0],[125.019746250594892,6.628810965093099,0.0],[125.019745146419297,6.628539751704463,0.0],[125.019473911479807,6.628540855695317,0.0],[125.019475015507339,6.628812069129517,0.0]]],[[[125.008631065426172,6.630212185411719,0.0],[125.008902303096178,6.630211087070035,0.0],[125.008901204612485,6.629939871879462,0.0],[125.008629967090442,6.629940970175849,0.0],[125.008631065426172,6.630212185411719,0.0]]],[[[125.008906697490545,6.631295947800973,0.0],[125.009177935706958,6.631294849129863,0.0],[125.009176836891442,6.631023633997111,0.0],[125.008905598822992,6.631024732622923,0.0],[125.008906697490545,6.631295947800973,0.0]]],[[[125.014602690380428,6.631272844609613,0.0],[125.014603792204042,6.631544058831449,0.0],[125.014875029602536,6.631542957004997,0.0],[125.014873927630873,6.631271742828724,0.0],[125.014872825705297,6.631000528649165,0.0],[125.014601588603,6.631001630384668,0.0],[125.014602690380428,6.631272844609613,0.0]]],[[[125.017587401052381,6.631531930596144,0.0],[125.017858637943732,6.631530827140684,0.0],[125.017857534343051,6.631259613464722,0.0],[125.017586297599763,6.631260716874618,0.0],[125.017587401052381,6.631531930596144,0.0]]],[[[125.017860845283636,6.632073254483282,0.0],[125.018132082425097,6.632072150788724,0.0],[125.018130978583983,6.631800937164543,0.0],[125.017859741590584,6.631802040813537,0.0],[125.017860845283636,6.632073254483282,0.0]]],[[[125.00890999376864,6.632109593316113,0.0],[125.008911092619783,6.632380808481551,0.0],[125.008912191517027,6.632652023643879,0.0],[125.009183430474096,6.632650924746195,0.0],[125.009454669385164,6.632649825700363,0.0],[125.009725908250303,6.632648726506472,0.0],[125.0097248089088,6.632377511480123,0.0],[125.00945357019171,6.632378610628717,0.0],[125.009182331428789,6.632379709629164,0.0],[125.009181232429412,6.632108494509024,0.0],[125.00890999376864,6.632109593316113,0.0]]],[[[125.014883847034383,6.633712670302914,0.0],[125.014884949420662,6.633983884451031,0.0],[125.015156188106218,6.633982782067425,0.0],[125.015155085571791,6.633711567964782,0.0],[125.014883847034383,6.633712670302914,0.0]]],[[[125.018140914815476,6.634241859669197,0.0],[125.018412153095923,6.634240755462337,0.0],[125.018411048737462,6.633969541908855,0.0],[125.018139810605149,6.633970646070151,0.0],[125.018140914815476,6.634241859669197,0.0]]],[[[125.014886051853026,6.634255098595951,0.0],[125.014884949420662,6.633983884451031,0.0],[125.014613710689005,6.633984986686401,0.0],[125.014614812973221,6.634256200876885,0.0],[125.014886051853026,6.634255098595951,0.0]]],[[[125.012717240817906,6.634535127200079,0.0],[125.012988480168261,6.634534025910797,0.0],[125.012987378727018,6.634262811451017,0.0],[125.012716139524898,6.634263912694824,0.0],[125.012717240817906,6.634535127200079,0.0]]],[[[125.011631182255982,6.634268316188483,0.0],[125.011359942823731,6.634269416691549,0.0],[125.011088703345479,6.634270517046379,0.0],[125.010817463821297,6.634271617253149,0.0],[125.010546224251115,6.634272717311682,0.0],[125.010274984634933,6.634273817222156,0.0],[125.010003744972821,6.634274916984393,0.0],[125.010004844784177,6.634546131943417,0.0],[125.010276084594523,6.634545032135795,0.0],[125.010547324358853,6.634543932180024,0.0],[125.010818564077184,6.634542832076105,0.0],[125.011089803749599,6.634541731824037,0.0],[125.011361043375999,6.634540631423733,0.0],[125.011632282956398,6.63453953087537,0.0],[125.011631182255982,6.634268316188483,0.0]]],[[[125.015972109982684,6.634521901950827,0.0],[125.015973213099926,6.634793115907631,0.0],[125.016244452045711,6.634792012795008,0.0],[125.016243348780236,6.634520798883679,0.0],[125.015972109982684,6.634521901950827,0.0]]],[[[125.014343574047331,6.634257303009581,0.0],[125.014344676229413,6.634528517242342,0.0],[125.014073437109261,6.634529619272365,0.0],[125.01407233507534,6.634258404994218,0.0],[125.013801096057335,6.634259506830618,0.0],[125.013802197943122,6.634530721154239,0.0],[125.013803299874908,6.634801935474663,0.0],[125.014074539189295,6.634800833547314,0.0],[125.01407564131533,6.635072047819244,0.0],[125.01434688073185,6.63507094569836,0.0],[125.014345778457582,6.634799731471905,0.0],[125.014617017679868,6.63479862924826,0.0],[125.014615915303537,6.634527415064082,0.0],[125.014614812973221,6.634256200876885,0.0],[125.014343574047331,6.634257303009581,0.0]]],[[[125.009192224490363,6.634820645569115,0.0],[125.009463464586787,6.63481954616064,0.0],[125.009462365025726,6.63454833111413,0.0],[125.009191125077535,6.634549430477219,0.0],[125.009192224490363,6.634820645569115,0.0]]],[[[125.016515690945326,6.634790909534147,0.0],[125.016244452045711,6.634792012795008,0.0],[125.016245555357202,6.63506322670314,0.0],[125.01651679440495,6.635062123396893,0.0],[125.016515690945326,6.634790909534147,0.0]]],[[[125.008650843322286,6.635094059120914,0.0],[125.008922083658703,6.635092959963438,0.0],[125.008920984348109,6.634821744829442,0.0],[125.00864974415984,6.634822843941532,0.0],[125.008650843322286,6.635094059120914,0.0]]],[[[125.017605062569075,6.635871349713161,0.0],[125.017876301830881,6.635870245529483,0.0],[125.017875197491861,6.635599031903792,0.0],[125.017603958378288,6.635600136041906,0.0],[125.017605062569075,6.635871349713161,0.0]]],[[[125.018419884897526,6.636139250249049,0.0],[125.018691124169109,6.636138145575274,0.0],[125.01869001933936,6.635866932089294,0.0],[125.018418780216024,6.635868036717505,0.0],[125.018419884897526,6.636139250249049,0.0]]],[[[125.018147541046503,6.635869141197657,0.0],[125.017876301830881,6.635870245529483,0.0],[125.017877406216002,6.636141459152065,0.0],[125.018148645579856,6.636140354774676,0.0],[125.018147541046503,6.635869141197657,0.0]]],[[[125.019782714298941,6.637761005154883,0.0],[125.019783820044751,6.638032218436671,0.0],[125.020055060123056,6.638031112702856,0.0],[125.020056166063384,6.638302325935972,0.0],[125.020327406243652,6.638301220008356,0.0],[125.020326300155091,6.638030006820892,0.0],[125.02059754014094,6.638028900790691,0.0],[125.020596433950345,6.637757687645593,0.0],[125.020325194112729,6.637758793630231,0.0],[125.020324088116539,6.637487580436461,0.0],[125.020322982166547,6.637216367239582,0.0],[125.020321876262827,6.636945154039506,0.0],[125.02005063682364,6.636946259739216,0.0],[125.019779397338368,6.636947365290689,0.0],[125.019780502945707,6.637218578581892,0.0],[125.019781608599232,6.637489791869897,0.0],[125.019510368771307,6.63749089736426,0.0],[125.019511474322684,6.637762110694809,0.0],[125.019782714298941,6.637761005154883,0.0]]],[[[125.020057272049883,6.638573539165891,0.0],[125.020056166063384,6.638302325935972,0.0],[125.019784925836831,6.638303431715262,0.0],[125.019786031675096,6.638574644990745,0.0],[125.020057272049883,6.638573539165891,0.0]]],[[[125.020331831059991,6.639386072726947,0.0],[125.020603071787107,6.639384966468751,0.0],[125.020601965365486,6.639113753339463,0.0],[125.020330724786604,6.639114859552007,0.0],[125.020331831059991,6.639386072726947,0.0]]],[[[125.020885380709032,6.642095990726902,0.0],[125.021156622826965,6.64209488371633,0.0],[125.021155515646569,6.64182367070961,0.0],[125.02088427367697,6.641824777674619,0.0],[125.020883166691178,6.641553564619138,0.0],[125.020882059751486,6.641282351560638,0.0],[125.02088095285815,6.641011138498851,0.0],[125.020879846010914,6.640739925434045,0.0],[125.020878739209948,6.640468712365952,0.0],[125.020607497935799,6.640469818954728,0.0],[125.020608604588432,6.640741032068296,0.0],[125.020609711287349,6.641012245178843,0.0],[125.020610818032438,6.641283458286105,0.0],[125.020611924823726,6.641554671390257,0.0],[125.020613031661284,6.641825884491301,0.0],[125.020614138544929,6.642097097589148,0.0],[125.020885380709032,6.642095990726902,0.0]]],[[[125.013291685592947,6.642398141125025,0.0],[125.013562929150865,6.642397038222279,0.0],[125.013561826077947,6.642125823944398,0.0],[125.013290582668432,6.642126926801759,0.0],[125.013291685592947,6.642398141125025,0.0]]],[[[125.021430079694682,6.642636202470151,0.0],[125.021701322016895,6.642635095071712,0.0],[125.021700214447293,6.642363882162514,0.0],[125.021428972273512,6.64236498951539,0.0],[125.021430079694682,6.642636202470151,0.0]]],[[[125.013565135434831,6.642939466768536,0.0],[125.013836379243301,6.642938363626603,0.0],[125.013835275929949,6.642667149400414,0.0],[125.013564032269798,6.642668252496962,0.0],[125.013565135434831,6.642939466768536,0.0]]],[[[125.017638209747403,6.644007758388857,0.0],[125.017639315368513,6.644278971962678,0.0],[125.017910559227445,6.644277866367863,0.0],[125.017909453457918,6.644006652839605,0.0],[125.017638209747403,6.644007758388857,0.0]]],[[[125.020351751880895,6.644267909337551,0.0],[125.020352859032059,6.644539122452717,0.0],[125.020353966229507,6.644810335564775,0.0],[125.020082722489235,6.644811442586094,0.0],[125.020083829584451,6.645082655740517,0.0],[125.019812585649589,6.645083762659074,0.0],[125.019813692642572,6.645354975855953,0.0],[125.020084936725851,6.645353868891832,0.0],[125.02035618076286,6.645352761779297,0.0],[125.020357288098865,6.645623974881851,0.0],[125.020628532238192,6.645622867575338,0.0],[125.020627424753684,6.645351654518348,0.0],[125.020626317315546,6.645080441458249,0.0],[125.020625209923494,6.644809228394952,0.0],[125.020624102577727,6.644538015328547,0.0],[125.020895346077126,6.644536908056051,0.0],[125.020894238629126,6.644265695032012,0.0],[125.020893131227396,6.643994482004865,0.0],[125.020621888024749,6.643995589186233,0.0],[125.020622995278146,6.644266802259033,0.0],[125.020351751880895,6.644267909337551,0.0]]],[[[125.019268990991407,6.64481476275983,0.0],[125.019270097641382,6.645085976050944,0.0],[125.019541341668614,6.645084869429216,0.0],[125.019812585649589,6.645083762659074,0.0],[125.019811478702877,6.644812549459087,0.0],[125.019540234870234,6.644813656183666,0.0],[125.019268990991407,6.64481476275983,0.0]]],[[[125.018726503095294,6.644816975467003,0.0],[125.018455259077996,6.644818081598101,0.0],[125.018184015014526,6.644819187580695,0.0],[125.018185121070843,6.645090401053975,0.0],[125.018456365282731,6.645089295025817,0.0],[125.018727609448433,6.645088188849244,0.0],[125.018726503095294,6.644816975467003,0.0]]],[[[125.018186227173331,6.645361614524146,0.0],[125.018185121070843,6.645090401053975,0.0],[125.017913876812756,6.645091506933718,0.0],[125.01791498276684,6.645362720449453,0.0],[125.018186227173331,6.645361614524146,0.0]]],[[[125.015473781032924,6.645372667098912,0.0],[125.015745025854557,6.645371562509248,0.0],[125.01574392108779,6.645100348629538,0.0],[125.01547267641466,6.645101453173727,0.0],[125.015473781032924,6.645372667098912,0.0]]],[[[125.017916088767024,6.645633933961901,0.0],[125.01791498276684,6.645362720449453,0.0],[125.017643738314263,6.645363826226256,0.0],[125.017644844166114,6.645635039784268,0.0],[125.017916088767024,6.645633933961901,0.0]]],[[[125.017645950064065,6.645906253339171,0.0],[125.017644844166114,6.645635039784268,0.0],[125.017373599518919,6.645636145458309,0.0],[125.017374705268466,6.645907359058687,0.0],[125.017645950064065,6.645906253339171,0.0]]],[[[125.0165609706049,6.645910675326747,0.0],[125.016832215538884,6.645909570052475,0.0],[125.016831110086173,6.645638356361059,0.0],[125.016559865300692,6.645639461589856,0.0],[125.0165609706049,6.645910675326747,0.0]]],[[[125.020631854968642,6.646436506727391,0.0],[125.020903099507024,6.646435399135684,0.0],[125.020901991735457,6.646164186133761,0.0],[125.020630747345578,6.646165293679815,0.0],[125.020631854968642,6.646436506727391,0.0]]],[[[125.016021795897345,6.646726526894828,0.0],[125.016293041368854,6.646725421780961,0.0],[125.016291936074779,6.64645420800801,0.0],[125.016020690751688,6.646455313076403,0.0],[125.016021795897345,6.646726526894828,0.0]]],[[[125.020634070353395,6.646978932813039,0.0],[125.020905315188614,6.646977825130116,0.0],[125.020904207324676,6.646706612134499,0.0],[125.020632962637876,6.646707719771769,0.0],[125.020634070353395,6.646978932813039,0.0]]],[[[125.021451129480241,6.647789248013578,0.0],[125.021722374622243,6.647788139748632,0.0],[125.021721266174239,6.647516926899208,0.0],[125.021450021180755,6.647518035118591,0.0],[125.021451129480241,6.647789248013578,0.0]]],[[[125.014668881335098,6.647545692356158,0.0],[125.014397635141691,6.647546796715784,0.0],[125.014398739580983,6.647818010794446,0.0],[125.014127493193058,6.647819115051044,0.0],[125.013856246759033,6.647820219159137,0.0],[125.013585000278908,6.647821323118905,0.0],[125.013313753752783,6.647822426930081,0.0],[125.013314857644247,6.648093641187356,0.0],[125.01358610431879,6.648092537330705,0.0],[125.013857350947418,6.648091433325551,0.0],[125.014128597529947,6.648090329171983,0.0],[125.014399844066375,6.648089224869911,0.0],[125.014671090556703,6.648088120419424,0.0],[125.014669985922907,6.647816906389346,0.0],[125.014668881335098,6.647545692356158,0.0]]],[[[125.012773467797331,6.648367062800085,0.0],[125.013044714712578,6.648365959194966,0.0],[125.013043610923518,6.648094744895503,0.0],[125.012772364156874,6.648095848455235,0.0],[125.012773467797331,6.648367062800085,0.0]]],[[[125.021995837049516,6.648329456933308,0.0],[125.021996945784664,6.648600669727665,0.0],[125.021998054566083,6.648871882518823,0.0],[125.022269300209544,6.648870773774527,0.0],[125.022268191279622,6.648599561028932,0.0],[125.02226708239597,6.648328348280228,0.0],[125.022265973558589,6.648057135528327,0.0],[125.022264864767394,6.647785922773317,0.0],[125.021993619717961,6.647787031335182,0.0],[125.021994728360639,6.648058244135844,0.0],[125.021995837049516,6.648329456933308,0.0]]],[[[125.024172458758528,6.649947858079206,0.0],[125.024171348603971,6.64967664566579,0.0],[125.024170238495799,6.649405433249176,0.0],[125.023898992879253,6.649406543124212,0.0],[125.023900102838923,6.649677755586478,0.0],[125.023628857027603,6.649678865358664,0.0],[125.023629966885053,6.649950077863473,0.0],[125.023901212844876,6.649948968045636,0.0],[125.024172458758528,6.649947858079206,0.0]]],[[[125.024447035812685,6.650760385048913,0.0],[125.024448146300912,6.651031597404065,0.0],[125.024719392716023,6.651030486958018,0.0],[125.024990639084862,6.65102937636338,0.0],[125.024989528299528,6.650758164099533,0.0],[125.024718282079291,6.65075927464843,0.0],[125.024447035812685,6.650760385048913,0.0]]],[[[125.024995082689102,6.652114225387238,0.0],[125.024723835726078,6.652115336164575,0.0],[125.024452588716684,6.652116446793319,0.0],[125.02418134166102,6.65211755727356,0.0],[125.024182452232125,6.652388769658644,0.0],[125.024453699436378,6.65238765913275,0.0],[125.024724946594361,6.652386548458353,0.0],[125.024996193705974,6.652385437635275,0.0],[125.025267440771316,6.652384326663783,0.0],[125.025266329605842,6.652113114461309,0.0],[125.025265218486737,6.651841902255815,0.0],[125.024993971718587,6.651843013136003,0.0],[125.024995082689102,6.652114225387238,0.0]]],[[[125.020656234366783,6.652403192976384,0.0],[125.020927482172326,6.652402084381746,0.0],[125.020926373384071,6.6521308714491,0.0],[125.020655125727117,6.652131979998086,0.0],[125.020656234366783,6.652403192976384,0.0]]],[[[125.02201358236114,6.65266886126473,0.0],[125.022284830084089,6.652667751881745,0.0],[125.022283720506678,6.652396539180292,0.0],[125.022012472932317,6.652397648517625,0.0],[125.02201358236114,6.65266886126473,0.0]]],[[[125.024185784223349,6.653202406795065,0.0],[125.024457031873283,6.653201296132214,0.0],[125.024455921014678,6.652930083802198,0.0],[125.024184673513332,6.652931194419485,0.0],[125.024185784223349,6.653202406795065,0.0]]],[[[125.024463697997206,6.654828570045876,0.0],[125.0247349464926,6.654827458960342,0.0],[125.024733835207584,6.654556246694985,0.0],[125.024462586860778,6.654557357734867,0.0],[125.024463697997206,6.654828570045876,0.0]]],[[[125.009817313811027,6.655159562734601,0.0],[125.010088564946358,6.655158459629082,0.0],[125.010087461641447,6.654887244909067,0.0],[125.00981621065479,6.654888347969288,0.0],[125.009817313811027,6.655159562734601,0.0]]],[[[125.018771901431222,6.65593672155572,0.0],[125.019043151492212,6.655935613408901,0.0],[125.019042043143699,6.655664400198256,0.0],[125.018770793231383,6.655665508299511,0.0],[125.018771901431222,6.65593672155572,0.0]]],[[[125.010634378161598,6.655969896840905,0.0],[125.010905629604864,6.655968793153364,0.0],[125.010904525716157,6.655697578578921,0.0],[125.01063327442148,6.655698682221076,0.0],[125.010634378161598,6.655969896840905,0.0]]],[[[125.022028009143568,6.656194626690035,0.0],[125.022299258798583,6.656193516713924,0.0],[125.022298148619967,6.655922304053417,0.0],[125.022026899113555,6.655923413983964,0.0],[125.022028009143568,6.656194626690035,0.0]]],[[[125.02121425990083,6.656197955726459,0.0],[125.021485509694656,6.656196846196303,0.0],[125.021484399961992,6.655925633398927,0.0],[125.021213150316854,6.65592674288352,0.0],[125.02121425990083,6.656197955726459,0.0]]],[[[125.019314401506932,6.65593450511349,0.0],[125.019043151492212,6.655935613408901,0.0],[125.01904425988684,6.656206826616438,0.0],[125.019315510050319,6.656205718275463,0.0],[125.019314401506932,6.65593450511349,0.0]]],[[[125.020132587508641,6.65701603141756,0.0],[125.020133696682819,6.65728724443023,0.0],[125.020404947256196,6.657286135312366,0.0],[125.020403837933344,6.657014922345259,0.0],[125.020402728656762,6.656743709375044,0.0],[125.020131478380733,6.656744818401781,0.0],[125.020132587508641,6.65701603141756,0.0]]],[[[125.011724906023034,6.657321553343274,0.0],[125.011726010633836,6.657592767762641,0.0],[125.011997262785343,6.657591663208238,0.0],[125.011996158025767,6.657320448834256,0.0],[125.011724906023034,6.657321553343274,0.0]]],[[[125.012268514890735,6.657590558505153,0.0],[125.011997262785343,6.657591663208238,0.0],[125.011998367590834,6.65786287757911,0.0],[125.012269619845,6.657861772830551,0.0],[125.012268514890735,6.657590558505153,0.0]]],[[[125.020137024482452,6.658100883449323,0.0],[125.020408275501964,6.658099774194679,0.0],[125.020407166040457,6.657828561237076,0.0],[125.020135915169718,6.657829670446067,0.0],[125.020137024482452,6.658100883449323,0.0]]],[[[125.02421134333062,6.659440290564942,0.0],[125.024482594399956,6.659439178851643,0.0],[125.024481482476432,6.659167966594191,0.0],[125.024210231555855,6.659169078261837,0.0],[125.02421134333062,6.659440290564942,0.0]]],[[[125.017159907251127,6.659740356395347,0.0],[125.017431159670863,6.659739248503258,0.0],[125.017430051568354,6.659468035063552,0.0],[125.017158799297405,6.659469142910077,0.0],[125.017159907251127,6.659740356395347,0.0]]],[[[125.013092221191499,6.660028171093377,0.0],[125.013093327006231,6.660299385254285,0.0],[125.013364580414859,6.660298279502261,0.0],[125.013363474451353,6.660027065386829,0.0],[125.013362368533862,6.659755851268199,0.0],[125.013091115422782,6.659756956929361,0.0],[125.013092221191499,6.660028171093377,0.0]]],[[[125.013635833777386,6.660297173601557,0.0],[125.013907087093813,6.660296067551994,0.0],[125.01390598083286,6.660024853527422,0.0],[125.013634727665121,6.66002595953151,0.0],[125.013635833777386,6.660297173601557,0.0]]],[[[125.014179446820052,6.660566175329827,0.0],[125.014450700193152,6.660565068937427,0.0],[125.014449593588651,6.660293855006825,0.0],[125.014178340364239,6.660294961353839,0.0],[125.014179446820052,6.660566175329827,0.0]]],[[[125.012824285021637,6.66084291926071,0.0],[125.012825390825697,6.6611141334575,0.0],[125.013096644726645,6.661113027718,0.0],[125.013095538773797,6.660841813566596,0.0],[125.013094432866964,6.660570599411995,0.0],[125.012823179263563,6.660571705060723,0.0],[125.012824285021637,6.66084291926071,0.0]]],[[[125.009844907656628,6.661939930842906,0.0],[125.010116162510059,6.661938826603717,0.0],[125.010115058055845,6.661667611962572,0.0],[125.009843803351188,6.661668716156375,0.0],[125.009844907656628,6.661939930842906,0.0]]],[[[125.024766081273938,6.662421401111005,0.0],[125.025037333887099,6.662420288597724,0.0],[125.025036221156668,6.662149076466393,0.0],[125.024764968692352,6.662150188933933,0.0],[125.024766081273938,6.662421401111005,0.0]]],[[[125.023409817513695,6.662426961445331,0.0],[125.023410929397613,6.662698173847557,0.0],[125.023682182391013,6.66269706203265,0.0],[125.023681070358336,6.662425849676077,0.0],[125.023679958371829,6.662154637316307,0.0],[125.023408705676061,6.662155749039997,0.0],[125.023409817513695,6.662426961445331,0.0]]],[[[125.0215132680365,6.662977165104587,0.0],[125.021784521502596,6.662976054285594,0.0],[125.021783410465289,6.662704841612741,0.0],[125.021512157147967,6.662705952386081,0.0],[125.0215132680365,6.662977165104587,0.0]]],[[[125.020427143416654,6.662710393991831,0.0],[125.020698396918803,6.66270928381357,0.0],[125.02069950736086,6.662980496668856,0.0],[125.020700617849087,6.663251709520943,0.0],[125.020971871602683,6.663250599102786,0.0],[125.020970760965596,6.662979386296262,0.0],[125.020969650374767,6.66270817348654,0.0],[125.020968539830136,6.66243696067371,0.0],[125.020697286522946,6.662438070955177,0.0],[125.020426033169571,6.662439181087785,0.0],[125.020427143416654,6.662710393991831,0.0]]],[[[125.017178749524476,6.664350985161858,0.0],[125.017450004473815,6.664349876496076,0.0],[125.017448895586796,6.664078663109927,0.0],[125.0171776407864,6.664079771730234,0.0],[125.017178749524476,6.664350985161858,0.0]]],[[[125.015824690212156,6.664898953566998,0.0],[125.015823582126089,6.664627739914217,0.0],[125.016094837454858,6.664626631947077,0.0],[125.016093729266032,6.664355418336663,0.0],[125.015822474086121,6.664356526258328,0.0],[125.015551218860097,6.664357634031135,0.0],[125.015552326751219,6.664628847732499,0.0],[125.015553434688428,6.664900061430754,0.0],[125.015824690212156,6.664898953566998,0.0]]],[[[125.016366092737542,6.664625523831167,0.0],[125.016094837454858,6.664626631947077,0.0],[125.016095945689784,6.664897845554383,0.0],[125.016367201121327,6.664896737392998,0.0],[125.016366092737542,6.664625523831167,0.0]]],[[[125.018267097322223,6.665160189335393,0.0],[125.018538352533497,6.665159079937664,0.0],[125.018537242912657,6.664887866743094,0.0],[125.018265987850242,6.66488897609526,0.0],[125.018267097322223,6.665160189335393,0.0]]],[[[125.018809607698586,6.665157970391076,0.0],[125.018538352533497,6.665159079937664,0.0],[125.018539462200522,6.665430293129035,0.0],[125.018810717514469,6.665429183536884,0.0],[125.018809607698586,6.665157970391076,0.0]]],[[[125.010131629696701,6.665735831248729,0.0],[125.010402886587954,6.665734726225812,0.0],[125.01040178134113,6.665463511674194,0.0],[125.010130524598821,6.665464616651815,0.0],[125.009859267810498,6.665465721480488,0.0],[125.009588010976344,6.665466826160302,0.0],[125.009589115776421,6.665738040847988,0.0],[125.009860372759519,6.665736936122788,0.0],[125.010131629696701,6.665735831248729,0.0]]],[[[125.008774240197766,6.665470139306682,0.0],[125.008502983179767,6.665471243391061,0.0],[125.00850408738431,6.665742458260024,0.0],[125.008505191634868,6.666013673125879,0.0],[125.008776448950684,6.666012568950817,0.0],[125.009047706220571,6.666011464626895,0.0],[125.009046601672296,6.665740249851724,0.0],[125.008775344551267,6.665741354130259,0.0],[125.008774240197766,6.665470139306682,0.0]]],[[[125.010403991880708,6.66600594077432,0.0],[125.010405097219461,6.666277155319631,0.0],[125.010676354362431,6.666276050057172,0.0],[125.010675248874819,6.666004835557247,0.0],[125.010403991880708,6.66600594077432,0.0]]],[[[125.014475057150761,6.666531774611504,0.0],[125.014746313752198,6.666530667070423,0.0],[125.014745205984994,6.66625945325475,0.0],[125.014473949532587,6.666260560750357,0.0],[125.014475057150761,6.666531774611504,0.0]]],[[[125.010136050548027,6.666820689605211,0.0],[125.010407308034814,6.666819584400927,0.0],[125.01040620260413,6.666548369861833,0.0],[125.010405097219461,6.666277155319631,0.0],[125.010133840030477,6.66627826043332,0.0],[125.010134945266302,6.66654947502082,0.0],[125.010136050548027,6.666820689605211,0.0]]],[[[125.009595745542399,6.667365328907846,0.0],[125.009596850664352,6.667636543573416,0.0],[125.009868108689815,6.66763543853087,0.0],[125.009867003419004,6.667364223910597,0.0],[125.009865898194121,6.667093009287215,0.0],[125.009594640466545,6.667094114239078,0.0],[125.009595745542399,6.667365328907846,0.0]]],[[[125.009327802676637,6.668180077879424,0.0],[125.009599061046003,6.668178972895142,0.0],[125.009597955832135,6.667907758235878,0.0],[125.009326697611797,6.667908863174863,0.0],[125.009327802676637,6.668180077879424,0.0]]],[[[125.021267574296132,6.669216168477274,0.0],[125.02153883123286,6.669215056758113,0.0],[125.021537719281,6.668943844112261,0.0],[125.021266462493116,6.668944955785769,0.0],[125.021267574296132,6.669216168477274,0.0]]],[[[125.009062069530316,6.669537256417333,0.0],[125.009063174721987,6.669808471148273,0.0],[125.009334434031047,6.66980736604089,0.0],[125.009333328690417,6.669536151355246,0.0],[125.009332223395717,6.669264936666406,0.0],[125.009331118147031,6.668993721974368,0.0],[125.009330012944261,6.668722507279221,0.0],[125.009058754231077,6.668723612205327,0.0],[125.009059859284903,6.668994826945771,0.0],[125.009060964384645,6.669266041683106,0.0],[125.009062069530316,6.669537256417333,0.0]]],[[[125.020182546086716,6.669220613864266,0.0],[125.020183657340112,6.669491826734917,0.0],[125.02045491461071,6.669490715565982,0.0],[125.020453803208369,6.669219502740984,0.0],[125.020182546086716,6.669220613864266,0.0]]],[[[125.017469972329636,6.66923171690613,0.0],[125.017198714699944,6.669232826391078,0.0],[125.016927457024238,6.669233935727168,0.0],[125.016656199302361,6.66923504491431,0.0],[125.016384941534383,6.669236153952505,0.0],[125.016386050702152,6.669507367460601,0.0],[125.016657308619173,6.669506258376932,0.0],[125.016928566490009,6.669505149144315,0.0],[125.017199824314744,6.66950403976275,0.0],[125.017471082093294,6.669502930232238,0.0],[125.017469972329636,6.66923171690613,0.0]]],[[[125.022624971111611,6.669481820852572,0.0],[125.022626083751902,6.669753033309598,0.0],[125.022897340755335,6.669751920754483,0.0],[125.0228962279661,6.66948070834311,0.0],[125.022624971111611,6.669481820852572,0.0]]],[[[125.019642253661786,6.669765261584613,0.0],[125.019913511173783,6.669764150668009,0.0],[125.020184768639609,6.66976303960237,0.0],[125.020183657340112,6.669491826734917,0.0],[125.019912400023244,6.669492937754904,0.0],[125.019641142660177,6.669494048625944,0.0],[125.019642253661786,6.669765261584613,0.0]]],[[[125.017742339825745,6.669501820552779,0.0],[125.017743449784533,6.669773033830126,0.0],[125.018014707619756,6.669771923956245,0.0],[125.018285965408879,6.669770813933327,0.0],[125.018284855152103,6.669499600746929,0.0],[125.018013597512009,6.669500710724372,0.0],[125.017742339825745,6.669501820552779,0.0]]],[[[125.016117010915181,6.67005090349305,0.0],[125.01638826917619,6.670049794467379,0.0],[125.016387159916121,6.6697785809655,0.0],[125.016386050702152,6.669507367460601,0.0],[125.016114792739046,6.669508476395323,0.0],[125.016115901804056,6.669779689945785,0.0],[125.016117010915181,6.67005090349305,0.0]]],[[[125.018828480848555,6.669768593440648,0.0],[125.018557223151802,6.669769703761461,0.0],[125.018285965408879,6.669770813933327,0.0],[125.018287075711839,6.670042027116527,0.0],[125.018558333603721,6.670040916899187,0.0],[125.018829591449503,6.67003980653281,0.0],[125.019100849249014,6.670038696017575,0.0],[125.019372107002425,6.670037585353303,0.0],[125.019643364709566,6.670036474540084,0.0],[125.019642253661786,6.669765261584613,0.0],[125.019370996103589,6.669766372352268,0.0],[125.019099738499122,6.669767482970888,0.0],[125.018828480848555,6.669768593440648,0.0]]],[[[125.016118120072292,6.670322117037206,0.0],[125.016117010915181,6.67005090349305,0.0],[125.015845752607987,6.670052012369774,0.0],[125.015846861616239,6.670323225959405,0.0],[125.016118120072292,6.670322117037206,0.0]]],[[[125.023714451474333,6.670562219000051,0.0],[125.023715564895696,6.670833431261944,0.0],[125.023986822309908,6.67083231792843,0.0],[125.023985708739602,6.670561105712189,0.0],[125.02398459521558,6.67028989349284,0.0],[125.023713338099256,6.67029100673505,0.0],[125.023714451474333,6.670562219000051,0.0]]],[[[125.015305453321872,6.670596657034431,0.0],[125.015306562124337,6.670867870708705,0.0],[125.015577820970748,6.670866761993453,0.0],[125.015576712019239,6.670595548364653,0.0],[125.015305453321872,6.670596657034431,0.0]]],[[[125.015307670972916,6.671139084379782,0.0],[125.015306562124337,6.670867870708705,0.0],[125.015035303231926,6.670868979274922,0.0],[125.015036411931462,6.671140192991474,0.0],[125.015307670972916,6.671139084379782,0.0]]],[[[125.015037520677083,6.671411406704917,0.0],[125.015036411931462,6.671140192991474,0.0],[125.014765152843907,6.671141301454218,0.0],[125.014493893710267,6.671142409768014,0.0],[125.014222634530611,6.671143517932774,0.0],[125.01422374282923,6.671414731782552,0.0],[125.014495002157915,6.671413623572318,0.0],[125.014766261440599,6.671412515213135,0.0],[125.015037520677083,6.671411406704917,0.0]]],[[[125.018040252838759,6.676009827418281,0.0],[125.018311514055981,6.676008716348112,0.0],[125.018310402737384,6.675737503234456,0.0],[125.018039141669291,6.675738614259061,0.0],[125.018040252838759,6.676009827418281,0.0]]],[[[125.024015791387981,6.677883834439577,0.0],[125.02401467661393,6.677612622305582,0.0],[125.024013561886235,6.677341410168478,0.0],[125.023742300894256,6.677342524597827,0.0],[125.023743415472822,6.677613736780672,0.0],[125.023744530097659,6.677884948960231,0.0],[125.023745644768866,6.678156161136681,0.0],[125.024016906208303,6.678155046570375,0.0],[125.024015791387981,6.677883834439577,0.0]]],[[[125.015065254297738,6.678191748513016,0.0],[125.015336517215459,6.678190638719248,0.0],[125.015335407168379,6.677919425130328,0.0],[125.015064144399787,6.677920534878621,0.0],[125.015065254297738,6.678191748513016,0.0]]],[[[125.013167521483112,6.678470726842964,0.0],[125.013438784872548,6.678469618047775,0.0],[125.01343767582361,6.678198404143818,0.0],[125.013166412583288,6.678199512893621,0.0],[125.013167521483112,6.678470726842964,0.0]]],[[[125.011268676468021,6.67847848423325,0.0],[125.011539940179688,6.678477376482115,0.0],[125.011538832174978,6.678206162260367,0.0],[125.011267568612425,6.678207269966117,0.0],[125.011268676468021,6.67847848423325,0.0]]],[[[125.023204236170102,6.678429602086564,0.0],[125.023205350635521,6.678700814348013,0.0],[125.023476612465942,6.678699699988742,0.0],[125.023475497851308,6.678428487772856,0.0],[125.023204236170102,6.678429602086564,0.0]]],[[[125.021313198025453,6.680335886105735,0.0],[125.021584461074809,6.680334772516869,0.0],[125.021583347227036,6.680063560000602,0.0],[125.021312084326809,6.680064673543904,0.0],[125.021313198025453,6.680335886105735,0.0]]],[[[125.015890148903154,6.680900553490052,0.0],[125.016161413174558,6.680899442793984,0.0],[125.016160302218779,6.680628229373107,0.0],[125.015889038096603,6.6806293400237,0.0],[125.015890148903154,6.680900553490052,0.0]]],[[[125.022944119687182,6.681142839179786,0.0],[125.023215382906713,6.681141724558768,0.0],[125.023214268024745,6.680870512325741,0.0],[125.022943004954513,6.680871626901106,0.0],[125.022944119687182,6.681142839179786,0.0]]],[[[125.008568209857245,6.681472915259143,0.0],[125.008569316772508,6.681744129941767,0.0],[125.008840582734564,6.681743023138318,0.0],[125.008839475670072,6.681471808500992,0.0],[125.00883836865151,6.681200593860557,0.0],[125.008567102987982,6.681201700573323,0.0],[125.008568209857245,6.681472915259143,0.0]]],[[[125.020507202650748,6.682237714779125,0.0],[125.020778466883428,6.68223660131869,0.0],[125.02077735315973,6.681965388687758,0.0],[125.020506089076264,6.68196650210263,0.0],[125.020507202650748,6.682237714779125,0.0]]],[[[125.022134787353579,6.682231031777861,0.0],[125.022135901869888,6.682502244177511,0.0],[125.022407165974485,6.682501129776051,0.0],[125.022406051308963,6.682229917421965,0.0],[125.022134787353579,6.682231031777861,0.0]]],[[[125.008843904203701,6.68255666703129,0.0],[125.009115170567568,6.682555559942558,0.0],[125.009114063215932,6.682284345360032,0.0],[125.008842797001378,6.682285452403378,0.0],[125.008843904203701,6.68255666703129,0.0]]],[[[125.022138131041217,6.683044668967395,0.0],[125.022137016432453,6.682773456574052,0.0],[125.022135901869888,6.682502244177511,0.0],[125.021864637719091,6.682503358429757,0.0],[125.021593373522037,6.682504472532789,0.0],[125.021594487786089,6.682775685020546,0.0],[125.02159560209634,6.683046897505105,0.0],[125.021596716452862,6.683318109986556,0.0],[125.021597830855555,6.683589322464809,0.0],[125.021869095649748,6.683588208179345,0.0],[125.021867981097643,6.683316995746744,0.0],[125.021866866591921,6.683045783310946,0.0],[125.022138131041217,6.683044668967395,0.0]]],[[[125.008577066465662,6.683642632631668,0.0],[125.008848333472571,6.683641525510962,0.0],[125.008847226086473,6.683370310895751,0.0],[125.008575959228793,6.68337141797116,0.0],[125.008577066465662,6.683642632631668,0.0]]],[[[125.022140360397657,6.683587093744667,0.0],[125.021869095649748,6.683588208179345,0.0],[125.021870210248025,6.683859420608838,0.0],[125.022141475145148,6.683858306128507,0.0],[125.022140360397657,6.683587093744667,0.0]]],[[[125.009120708014962,6.68391163280758,0.0],[125.009391975079325,6.68391052534306,0.0],[125.009390867348614,6.68363931082173,0.0],[125.00911960043355,6.683640418240953,0.0],[125.009120708014962,6.68391163280758,0.0]]],[[[125.021871324892487,6.684130633035132,0.0],[125.021870210248025,6.683859420608838,0.0],[125.021598945304532,6.683860534939865,0.0],[125.021600059799795,6.684131747411812,0.0],[125.021871324892487,6.684130633035132,0.0]]],[[[125.020787378337573,6.684406302251831,0.0],[125.021058643718405,6.684405188277318,0.0],[125.021057529475485,6.684133975717352,0.0],[125.020786264244052,6.684135089646213,0.0],[125.020787378337573,6.684406302251831,0.0]]],[[[125.009937833433838,6.684721953239134,0.0],[125.009936725266599,6.684450738817902,0.0],[125.00993561714526,6.684179524393561,0.0],[125.009664350023613,6.684180632202072,0.0],[125.009665457995638,6.684451846671711,0.0],[125.009666566013493,6.68472306113824,0.0],[125.009667674077448,6.684994275601661,0.0],[125.009938941647007,6.684993167657081,0.0],[125.009937833433838,6.684721953239134,0.0]]],[[[125.019433277573086,6.684954295542309,0.0],[125.019434391058738,6.685225508366242,0.0],[125.019705657118493,6.685224395001463,0.0],[125.019704543483613,6.684953182223095,0.0],[125.019433277573086,6.684954295542309,0.0]]],[[[125.020790720895633,6.6852199400495,0.0],[125.02079183517408,6.685491152642418,0.0],[125.021063101152194,6.685490038485562,0.0],[125.021061986724362,6.685218825938297,0.0],[125.021060872342801,6.684947613387835,0.0],[125.020789606663456,6.684948727453475,0.0],[125.020790720895633,6.6852199400495,0.0]]],[[[125.012653834364485,6.685524507919713,0.0],[125.012654944209061,6.685795721874475,0.0],[125.012926211720625,6.685794612151406,0.0],[125.013197479186005,6.685793502279123,0.0],[125.013196369042831,6.685522288415222,0.0],[125.012925101726665,6.685523398242119,0.0],[125.012653834364485,6.685524507919713,0.0]]],[[[125.010213534534188,6.685805702662315,0.0],[125.010484802459914,6.685804594283149,0.0],[125.010483693810031,6.685533379965389,0.0],[125.010212426033704,6.68553448829917,0.0],[125.010213534534188,6.685805702662315,0.0]]],[[[125.020526140488798,6.686848329794857,0.0],[125.020797407259892,6.686847215559397,0.0],[125.020796292750248,6.686576002982378,0.0],[125.020525026128553,6.686577117172186,0.0],[125.020526140488798,6.686848329794857,0.0]]],[[[125.018084737470289,6.686858351194034,0.0],[125.018356004657136,6.686857238302566,0.0],[125.018354891491754,6.686586025315386,0.0],[125.018083624454306,6.686587138161291,0.0],[125.018084737470289,6.686858351194034,0.0]]],[[[125.016459357758322,6.68740745200854,0.0],[125.016460470016511,6.687678665304806,0.0],[125.016731737928296,6.687677553172908,0.0],[125.016730625520793,6.687406339922206,0.0],[125.016459357758322,6.68740745200854,0.0]]],[[[125.016461582320801,6.687949878597874,0.0],[125.016460470016511,6.687678665304806,0.0],[125.016189202058555,6.687679777287401,0.0],[125.016190314213446,6.687950990625944,0.0],[125.016461582320801,6.687949878597874,0.0]]],[[[125.015377621367634,6.68822553928575,0.0],[125.015648889762673,6.688224427660292,0.0],[125.015647777860451,6.687953214233908,0.0],[125.015376509614725,6.687954325813892,0.0],[125.015377621367634,6.68822553928575,0.0]]],[[[125.010768270166466,6.688786842542691,0.0],[125.011039539643306,6.688785733365852,0.0],[125.011038430188734,6.688514519173592,0.0],[125.010767160861278,6.688515628305045,0.0],[125.010768270166466,6.688786842542691,0.0]]],[[[125.018640635176297,6.690110680314008,0.0],[125.018911904063557,6.690109566577349,0.0],[125.018910790045254,6.689838353719311,0.0],[125.018639521307477,6.689839467410494,0.0],[125.018640635176297,6.690110680314008,0.0]]],[[[125.010231276796333,6.6901451320425,0.0],[125.010502547112324,6.690144022937692,0.0],[125.010501437726589,6.689872808670558,0.0],[125.010230167560081,6.689873917730069,0.0],[125.009958897347474,6.689875026640189,0.0],[125.009687627089036,6.689876135400916,0.0],[125.009688736026433,6.69014734980403,0.0],[125.009960006434341,6.690146240998005,0.0],[125.010231276796333,6.6901451320425,0.0]]],[[[125.022716361267143,6.69172123182785,0.0],[125.022987630357704,6.691720115576136,0.0],[125.022986513820186,6.691448903421091,0.0],[125.022715244879095,6.691450019627063,0.0],[125.022716361267143,6.69172123182785,0.0]]],[[[125.024617478936563,6.692255838680592,0.0],[125.024888748001999,6.692254721291477,0.0],[125.024887630325651,6.691983509462394,0.0],[125.024616361409699,6.691984626805767,0.0],[125.024617478936563,6.692255838680592,0.0]]],[[[125.023532402211742,6.692260306742601,0.0],[125.023531285282701,6.691989094685078,0.0],[125.02353016839993,6.691717882624535,0.0],[125.023258899402009,6.691718999175031,0.0],[125.023260016135197,6.691990211281316,0.0],[125.023261132914755,6.692261423384402,0.0],[125.023262249740583,6.692532635484381,0.0],[125.023533519187055,6.692531518796927,0.0],[125.023532402211742,6.692260306742601,0.0]]],[[[125.019463357900023,6.692277040677195,0.0],[125.019464472633032,6.692548253415684,0.0],[125.019735742726894,6.692547138820601,0.0],[125.019734627844485,6.692275926127764,0.0],[125.019463357900023,6.692277040677195,0.0]]],[[[125.010242371688548,6.692857274993611,0.0],[125.010513643499252,6.692856165435122,0.0],[125.01051253365361,6.692584951199607,0.0],[125.010241261992391,6.692586060712711,0.0],[125.010242371688548,6.692857274993611,0.0]]],[[[125.023536870390814,6.693345154940809,0.0],[125.023808140239439,6.693344037966829,0.0],[125.023807022975731,6.693072825967659,0.0],[125.02353575327659,6.693073942895986,0.0],[125.023536870390814,6.693345154940809,0.0]]],[[[125.010249030831289,6.694484560612133,0.0],[125.010520303539138,6.694483450781505,0.0],[125.010519193417551,6.694212236564998,0.0],[125.010247920859172,6.694213346350328,0.0],[125.010249030831289,6.694484560612133,0.0]]],[[[125.022730878522452,6.695246990148971,0.0],[125.023002149556703,6.695245873303954,0.0],[125.023001032417525,6.694974661190121,0.0],[125.022729761532844,6.694975777989396,0.0],[125.022730878522452,6.695246990148971,0.0]]],[[[125.016767359331183,6.696356375524535,0.0],[125.017038631980327,6.696355261787166,0.0],[125.017037517946846,6.69608404868328,0.0],[125.016766245447272,6.696085162375174,0.0],[125.016767359331183,6.696356375524535,0.0]]],[[[125.016225927525397,6.696629815787944,0.0],[125.016497200416481,6.69662870230415,0.0],[125.016496086635854,6.696357489112423,0.0],[125.016224813894425,6.696358602550743,0.0],[125.016225927525397,6.696629815787944,0.0]]],[[[125.012428102210635,6.696645388857267,0.0],[125.012699375746891,6.696644277467354,0.0],[125.012698264060504,6.696373063639247,0.0],[125.012426990673902,6.696374174983863,0.0],[125.012428102210635,6.696645388857267,0.0]]],[[[125.015957995309066,6.697444568951192,0.0],[125.016229268695042,6.697443455480454,0.0],[125.016228154925699,6.697172242252756,0.0],[125.015956881689391,6.697173355678019,0.0],[125.015957995309066,6.697444568951192,0.0]]],[[[125.014875127485041,6.697991448238736,0.0],[125.014876240644654,6.698262661684216,0.0],[125.015147514663894,6.698261548675508,0.0],[125.015418788637049,6.698260435517143,0.0],[125.015419902141986,6.698531648868564,0.0],[125.01569117621861,6.698530535515155,0.0],[125.015690062564104,6.698259322209119,0.0],[125.015688948955614,6.697988108900064,0.0],[125.015417675178213,6.697989222162524,0.0],[125.015146401354627,6.697990335275414,0.0],[125.014875127485041,6.697991448238736,0.0]]],[[[125.016785187749932,6.7006957854831,0.0],[125.01705646279315,6.700694671017602,0.0],[125.017055348021231,6.700423457964519,0.0],[125.016784073127667,6.700424572384454,0.0],[125.016785187749932,6.7006957854831,0.0]]],[[[125.016788531893383,6.701509424759942,0.0],[125.016789646700204,6.701780637845887,0.0],[125.017060922342239,6.701779523198401,0.0],[125.017332197938188,6.701778408401169,0.0],[125.017331082831959,6.701507195406262,0.0],[125.017059807385763,6.701508310157931,0.0],[125.016788531893383,6.701509424759942,0.0]]],[[[125.012179066038499,6.702070777808786,0.0],[125.012450342613832,6.702069665660368,0.0],[125.012449230156335,6.70179845185038,0.0],[125.012177953730657,6.701799563953412,0.0],[125.012179066038499,6.702070777808786,0.0]]],[[[125.012995121278507,6.70260986834331,0.0],[125.013266398015134,6.702608755654968,0.0],[125.013265285016374,6.702337541987533,0.0],[125.012994008429402,6.702338654630489,0.0],[125.012995121278507,6.70260986834331,0.0]]],[[[125.017879211075552,6.702861029941496,0.0],[125.018150487131834,6.702859914513124,0.0],[125.0181493713918,6.70258870166752,0.0],[125.017878095485344,6.702589817050328,0.0],[125.017879211075552,6.702861029941496,0.0]]],[[[125.019235590895207,6.702855451302789,0.0],[125.019236707280328,6.703126663963119,0.0],[125.019507983255437,6.703125547740716,0.0],[125.019506866720661,6.702854335126038,0.0],[125.019235590895207,6.702855451302789,0.0]]],[[[125.013268624151038,6.703151182980336,0.0],[125.013539901141058,6.703150070051476,0.0],[125.013538787900359,6.702878856435821,0.0],[125.013267511059993,6.702879969319295,0.0],[125.013268624151038,6.703151182980336,0.0]]],[[[125.02059420387377,6.703392293783392,0.0],[125.020865479767522,6.703391176766869,0.0],[125.020864362437734,6.703119964383206,0.0],[125.020593086693736,6.703121081354166,0.0],[125.02059420387377,6.703392293783392,0.0]]],[[[125.020874420069887,6.70556087572177,0.0],[125.021145697115514,6.705559758190813,0.0],[125.02114457926605,6.705288545878116,0.0],[125.020873302370262,6.70528966336351,0.0],[125.020874420069887,6.70556087572177,0.0]]],[[[125.02114793295307,6.706102182806526,0.0],[125.021419210252091,6.706101065034606,0.0],[125.021418092160346,6.705829852773868,0.0],[125.02114681501115,6.705830970500224,0.0],[125.02114793295307,6.706102182806526,0.0]]],[[[125.021961764711321,6.706098829041349,0.0],[125.021962883148845,6.706370041207586,0.0],[125.022234160458964,6.706368922940773,0.0],[125.022233041871615,6.7060977108201,0.0],[125.021961764711321,6.706098829041349,0.0]]],[[[125.021964001632725,6.706641253370713,0.0],[125.021962883148845,6.706370041207586,0.0],[125.021691605792626,6.70637115932474,0.0],[125.021420328390036,6.706372277292059,0.0],[125.021421446574251,6.706643489546402,0.0],[125.021422564804638,6.706914701797637,0.0],[125.021693842506906,6.706913583739014,0.0],[125.021692724126581,6.70664237153352,0.0],[125.021964001632725,6.706641253370713,0.0]]],[[[125.022238635271052,6.707453771391667,0.0],[125.022509913134158,6.707452652792498,0.0],[125.022508794211859,6.70718144073009,0.0],[125.022237516498592,6.707182559283695,0.0],[125.022238635271052,6.707453771391667,0.0]]],[[[125.023322627073853,6.707178084170704,0.0],[125.023051349499497,6.707179203173639,0.0],[125.02305246872146,6.707450415144653,0.0],[125.023053587989693,6.707721627112559,0.0],[125.023324865863714,6.70772050801832,0.0],[125.023323746445655,6.707449296096066,0.0],[125.023322627073853,6.707178084170704,0.0]]],[[[125.023054707304198,6.707992839077268,0.0],[125.023053587989693,6.707721627112559,0.0],[125.022782310069289,6.707722746056963,0.0],[125.022783429233968,6.707993958067324,0.0],[125.023054707304198,6.707992839077268,0.0]]],[[[125.016816415905993,6.708289750955907,0.0],[125.017087695142834,6.708288635216229,0.0],[125.017086579078708,6.708017422252053,0.0],[125.016815299991777,6.708018537946168,0.0],[125.016816415905993,6.708289750955907,0.0]]],[[[125.01763136988788,6.708557616157393,0.0],[125.017902649136019,6.708556499922733,0.0],[125.017901532576289,6.708285287098268,0.0],[125.017630253477904,6.708286403287365,0.0],[125.01763136988788,6.708557616157393,0.0]]],[[[125.013292009701331,6.708846669129973,0.0],[125.013563289837194,6.70884555524712,0.0],[125.01356217562909,6.708574341698079,0.0],[125.013290895643067,6.708575455535546,0.0],[125.013292009701331,6.708846669129973,0.0]]],[[[125.012206888697079,6.708851123163027,0.0],[125.012478169017243,6.708850009879517,0.0],[125.012477055408567,6.708578796148843,0.0],[125.012205775238243,6.708579909386967,0.0],[125.012206888697079,6.708851123163027,0.0]]],[[[125.009222802138339,6.708863359392478,0.0],[125.009494082964579,6.708862247757161,0.0],[125.009492971004363,6.708591033527331,0.0],[125.009221690328047,6.708592145117351,0.0],[125.008950409605717,6.708593256557447,0.0],[125.008951521266084,6.70886447087796,0.0],[125.008952632972452,6.709135685195187,0.0],[125.009223913994546,6.709134573664408,0.0],[125.009222802138339,6.708863359392478,0.0]]],[[[125.013835684331184,6.709115654714801,0.0],[125.014106964524771,6.709114540486891,0.0],[125.014105849970818,6.708843327031908,0.0],[125.013834569927056,6.708844441214432,0.0],[125.013563289837194,6.70884555524712,0.0],[125.013564404091397,6.709116768792964,0.0],[125.013835684331184,6.709115654714801,0.0]]],[[[125.01085159916137,6.709127901332832,0.0],[125.011122879861489,6.709126788753115,0.0],[125.011121766956165,6.708855574798709,0.0],[125.010850486405886,6.70885668733304,0.0],[125.01085159916137,6.709127901332832,0.0]]],[[[125.019808309203455,6.71017595705202,0.0],[125.020079588981389,6.710174839345293,0.0],[125.020078470945407,6.709903626904343,0.0],[125.019807191317398,6.709904744565507,0.0],[125.019808309203455,6.71017595705202,0.0]]],[[[125.02442342071862,6.7109705707704,0.0],[125.024422300145389,6.710699359068948,0.0],[125.024421179618429,6.710428147364298,0.0],[125.024149900430871,6.710429267514493,0.0],[125.024151020807906,6.710700479264795,0.0],[125.024152141231212,6.7109716910119,0.0],[125.024153261700889,6.711242902755807,0.0],[125.024424541338135,6.711241782468655,0.0],[125.02442342071862,6.7109705707704,0.0]]],[[[125.014928611145024,6.711009690045153,0.0],[125.01519989220354,6.711008574899577,0.0],[125.015198776727374,6.710737361648609,0.0],[125.014927495818711,6.710738476748799,0.0],[125.014928611145024,6.711009690045153,0.0]]],[[[125.010048882373042,6.711843379357316,0.0],[125.010320164710251,6.711842266773602,0.0],[125.010319051794539,6.711571052714835,0.0],[125.010047769607255,6.711572165253163,0.0],[125.010048882373042,6.711843379357316,0.0]]],[[[125.016019315424103,6.712361294088152,0.0],[125.016290597047842,6.712360178115593,0.0],[125.016289480741335,6.71208896506251,0.0],[125.016018199267506,6.712090080989594,0.0],[125.016019315424103,6.712361294088152,0.0]]],[[[125.011950085536213,6.712378015686746,0.0],[125.012221367851225,6.712376901962966,0.0],[125.012220253793842,6.712105688228207,0.0],[125.01194897162884,6.712106801906601,0.0],[125.011950085536213,6.712378015686746,0.0]]],[[[125.027329733153692,6.626067870727845,0.0],[125.02760096541941,6.626066762856007,0.0],[125.027599942617158,6.625816406271015,0.0],[125.027483062134181,6.625796027800956,0.0],[125.02732862529669,6.625796658586034,0.0],[125.027329733153692,6.626067870727845,0.0]]],[[[125.027603181568452,6.626609187038732,0.0],[125.027604289712428,6.626880399125477,0.0],[125.027875522375695,6.626879290968355,0.0],[125.027874414083655,6.626608078927441,0.0],[125.027873305837986,6.626336866883329,0.0],[125.027602073470746,6.626337974948968,0.0],[125.027603181568452,6.626609187038732,0.0]]],[[[125.03630597927858,6.632269076437844,0.0],[125.036577213416038,6.632267962626579,0.0],[125.036576099457065,6.631996752115552,0.0],[125.036304865467756,6.631997865880899,0.0],[125.03630597927858,6.632269076437844,0.0]]],[[[125.034956487292064,6.633901907926174,0.0],[125.034957600688017,6.634173118690776,0.0],[125.035228836095129,6.634172005298642,0.0],[125.035500071455786,6.634170891758449,0.0],[125.035498957763451,6.633899681085684,0.0],[125.035227722551028,6.633900794579959,0.0],[125.034956487292064,6.633901907926174,0.0]]],[[[125.037402062144025,6.634976723863404,0.0],[125.037673297576532,6.634975609000091,0.0],[125.03767218255922,6.63470439870427,0.0],[125.037400947274847,6.634705513521664,0.0],[125.037402062144025,6.634976723863404,0.0]]],[[[125.038217999068976,6.635515799227218,0.0],[125.038489234658087,6.635514683827535,0.0],[125.03848811910305,6.635243473675954,0.0],[125.038216883662102,6.635244589029718,0.0],[125.038217999068976,6.635515799227218,0.0]]],[[[125.040121113456749,6.636592827788133,0.0],[125.040392349312214,6.636591711167026,0.0],[125.040391232533281,6.63632050135011,0.0],[125.040119996825965,6.636321617925121,0.0],[125.040121113456749,6.636592827788133,0.0]]],[[[125.041749645456321,6.636857335422328,0.0],[125.04202088117998,6.636856217866058,0.0],[125.042019763465078,6.636585008328564,0.0],[125.041748527889652,6.636586125838737,0.0],[125.041749645456321,6.636857335422328,0.0]]],[[[125.041208291185839,6.637130779762832,0.0],[125.041207173868926,6.636859570090334,0.0],[125.041206056598654,6.636588360414639,0.0],[125.040934820883251,6.636589477480279,0.0],[125.040663585121052,6.636590594397771,0.0],[125.040392349312214,6.636591711167026,0.0],[125.040393466137871,6.636862920980833,0.0],[125.040664702094858,6.63686180416557,0.0],[125.040665819115375,6.637133013930172,0.0],[125.04093705517397,6.637131896920576,0.0],[125.041208291185839,6.637130779762832,0.0]]],[[[125.042836824529928,6.637395283097001,0.0],[125.043108060363181,6.637394164855679,0.0],[125.043106941961994,6.637122955508787,0.0],[125.042835706276975,6.637124073704013,0.0],[125.042836824529928,6.637395283097001,0.0]]],[[[125.043110297305645,6.637936583540047,0.0],[125.043381533388654,6.637935465058296,0.0],[125.043380414745883,6.637664255763807,0.0],[125.043109178811008,6.637665374199373,0.0],[125.043110297305645,6.637936583540047,0.0]]],[[[125.036346107480313,6.642032654394812,0.0],[125.036617346953776,6.642031538929669,0.0],[125.036616231318277,6.641760328531885,0.0],[125.036344991993147,6.641761443951109,0.0],[125.036346107480313,6.642032654394812,0.0]]],[[[125.043400557465986,6.642546022583038,0.0],[125.04367179602329,6.642544903169409,0.0],[125.043670676437713,6.642273693974485,0.0],[125.043399438028828,6.642274813342017,0.0],[125.043400557465986,6.642546022583038,0.0]]],[[[125.036891934011578,6.642844054352879,0.0],[125.03716317383693,6.642842938453328,0.0],[125.037162057764988,6.642571728156885,0.0],[125.03689081808804,6.642572844010517,0.0],[125.036891934011578,6.642844054352879,0.0]]],[[[125.030924646080237,6.642868566614255,0.0],[125.031195886928955,6.642867453978138,0.0],[125.031194774120706,6.642596242672103,0.0],[125.030923533420406,6.64259735526239,0.0],[125.030924646080237,6.642868566614255,0.0]]],[[[125.042860318632506,6.643090679622152,0.0],[125.043131557579898,6.643089560412982,0.0],[125.043130438197622,6.642818351132171,0.0],[125.042859199398549,6.642819470295245,0.0],[125.042860318632506,6.643090679622152,0.0]]],[[[125.040970591936926,6.645268187013351,0.0],[125.040971710552441,6.645539396634246,0.0],[125.041242951162232,6.64553827804911,0.0],[125.041241832398313,6.645267068474223,0.0],[125.04124071368102,6.644995858896228,0.0],[125.040969473368136,6.644996977389259,0.0],[125.040970591936926,6.645268187013351,0.0]]],[[[125.038259301888985,6.645550574323775,0.0],[125.038530542965262,6.645549457222608,0.0],[125.038529425685383,6.645278247187556,0.0],[125.038258184757623,6.645279364242715,0.0],[125.038259301888985,6.645550574323775,0.0]]],[[[125.030123160682095,6.645855229806483,0.0],[125.030124273453922,6.646126441258002,0.0],[125.030395516222612,6.646125328517258,0.0],[125.030394403302367,6.645854117111569,0.0],[125.030393290428492,6.645582905702772,0.0],[125.030122047956624,6.645584018351856,0.0],[125.030123160682095,6.645855229806483,0.0]]],[[[125.040703825577353,6.646354144053022,0.0],[125.04097506667911,6.646353025478189,0.0],[125.040973947923533,6.646081815866709,0.0],[125.040702706970279,6.646082934395534,0.0],[125.040703825577353,6.646354144053022,0.0]]],[[[125.032297556459753,6.646931168412427,0.0],[125.032568799302155,6.646930054346876,0.0],[125.032567685054971,6.646658843317241,0.0],[125.032296442361073,6.646659957336962,0.0],[125.032297556459753,6.646931168412427,0.0]]],[[[125.031755070635583,6.646933396098285,0.0],[125.032026313570896,6.646932282329563,0.0],[125.03202519962062,6.646661071208269,0.0],[125.031753956833811,6.64666218493116,0.0],[125.031755070635583,6.646933396098285,0.0]]],[[[125.030941341550843,6.646936736513873,0.0],[125.031212584625592,6.646935623190395,0.0],[125.03121147112067,6.646664411931611,0.0],[125.03094022819441,6.646665525209259,0.0],[125.030941341550843,6.646936736513873,0.0]]],[[[125.031483827653815,6.646934509718592,0.0],[125.031212584625592,6.646935623190395,0.0],[125.031213698176984,6.647206834446071,0.0],[125.031484941353611,6.647205720928349,0.0],[125.031483827653815,6.646934509718592,0.0]]],[[[125.040706062931562,6.646896563358582,0.0],[125.040434821486343,6.646897681877104,0.0],[125.040435940085075,6.647168891571273,0.0],[125.040437058730333,6.647440101262156,0.0],[125.040708300472474,6.64743898265153,0.0],[125.040707181678698,6.647167773006655,0.0],[125.040706062931562,6.646896563358582,0.0]]],[[[125.032571027935887,6.647472476396552,0.0],[125.032842271028755,6.647471362090838,0.0],[125.032841156540172,6.647200151113428,0.0],[125.032569913595793,6.647201265373313,0.0],[125.032571027935887,6.647472476396552,0.0]]],[[[125.047490451394324,6.647682177632661,0.0],[125.047489328842403,6.64741096914375,0.0],[125.047218088268849,6.647412091465275,0.0],[125.046946847648485,6.647413213638473,0.0],[125.04667560698131,6.647414335663169,0.0],[125.046676729087807,6.647685544290636,0.0],[125.046947969903485,6.647684422219755,0.0],[125.047219210672253,6.64768330000046,0.0],[125.047490451394324,6.647682177632661,0.0]]],[[[125.040166935485061,6.64771242945815,0.0],[125.040438177422317,6.647711310949931,0.0],[125.040437058730333,6.647440101262156,0.0],[125.040165816941581,6.647441219724279,0.0],[125.040166935485061,6.64771242945815,0.0]]],[[[125.046135369172504,6.647958996703704,0.0],[125.046406610230207,6.647957874883557,0.0],[125.046677851241114,6.647956752914994,0.0],[125.046676729087807,6.647685544290636,0.0],[125.046405488225318,6.647686666213102,0.0],[125.046134247316118,6.647687787987064,0.0],[125.046135369172504,6.647958996703704,0.0]]],[[[125.0461364910757,6.648230205417236,0.0],[125.046135369172504,6.647958996703704,0.0],[125.045864128068004,6.647960118375438,0.0],[125.045865249822683,6.648231327135066,0.0],[125.0461364910757,6.648230205417236,0.0]]],[[[125.045866371624271,6.648502535891585,0.0],[125.045865249822683,6.648231327135066,0.0],[125.045594008522954,6.648232448704481,0.0],[125.045595130176039,6.648503657507097,0.0],[125.045866371624271,6.648502535891585,0.0]]],[[[125.032846729447897,6.648556205969034,0.0],[125.032847844168927,6.648827416930634,0.0],[125.033119087957601,6.648826302247177,0.0],[125.033117973088068,6.648555091331407,0.0],[125.033116858265089,6.64828388041244,0.0],[125.032845614773422,6.648284995004148,0.0],[125.032846729447897,6.648556205969034,0.0]]],[[[125.045326131830393,6.649047196662292,0.0],[125.045597373622442,6.649046075102913,0.0],[125.045596251875835,6.648774866306604,0.0],[125.045595130176039,6.648503657507097,0.0],[125.045323888680997,6.648504778974194,0.0],[125.04532501023229,6.648775987819886,0.0],[125.045326131830393,6.649047196662292,0.0]]],[[[125.038545071845135,6.649075187391849,0.0],[125.038543953959262,6.648803977397741,0.0],[125.038542836120016,6.648532767400437,0.0],[125.038271593410926,6.648533885007422,0.0],[125.038272711101669,6.648805095050645,0.0],[125.038273828839039,6.64907630509076,0.0],[125.038274946623034,6.649347515127677,0.0],[125.038546189777634,6.649346397382758,0.0],[125.038545071845135,6.649075187391849,0.0]]],[[[125.032579944330266,6.649642164469314,0.0],[125.032851188610891,6.649641049796782,0.0],[125.032850073750424,6.649369838844597,0.0],[125.032578829618288,6.649370953471299,0.0],[125.032579944330266,6.649642164469314,0.0]]],[[[125.045059376257825,6.650133153596181,0.0],[125.045330618690613,6.650132032000653,0.0],[125.045329496905367,6.649860823170859,0.0],[125.045328375166932,6.649589614337779,0.0],[125.045327253475307,6.649318405501679,0.0],[125.045326131830393,6.649047196662292,0.0],[125.045054889991718,6.649048318073256,0.0],[125.045056011488029,6.649319526958739,0.0],[125.04505713303125,6.649590735840936,0.0],[125.045058254621182,6.649861944720112,0.0],[125.045059376257825,6.650133153596181,0.0]]],[[[125.038278300254632,6.6501611452196,0.0],[125.038549543854742,6.650160027336658,0.0],[125.038548425782437,6.649888817355163,0.0],[125.03827718233083,6.649889935192097,0.0],[125.038278300254632,6.6501611452196,0.0]]],[[[125.045060497941293,6.650404362468962,0.0],[125.045059376257825,6.650133153596181,0.0],[125.044788133778241,6.650134275043116,0.0],[125.044789255313191,6.650405483962083,0.0],[125.045060497941293,6.650404362468962,0.0]]],[[[125.044247891201437,6.650678935510776,0.0],[125.04451913407155,6.650677814268655,0.0],[125.044790376894952,6.650676692877941,0.0],[125.044789255313191,6.650405483962083,0.0],[125.044518012638392,6.6504066053067,0.0],[125.044246769916768,6.650407726502725,0.0],[125.044247891201437,6.650678935510776,0.0]]],[[[125.032854533471379,6.650454682634508,0.0],[125.032583288745045,6.650455797444619,0.0],[125.032312043972368,6.650456912106315,0.0],[125.03231315872172,6.650728123137637,0.0],[125.032584403643,6.650727008430111,0.0],[125.032855648517739,6.650725893574081,0.0],[125.032854533471379,6.650454682634508,0.0]]],[[[125.044249012532816,6.650950144515719,0.0],[125.044247891201437,6.650678935510776,0.0],[125.043976648284598,6.650680056604483,0.0],[125.043977769467475,6.650951265655523,0.0],[125.044249012532816,6.650950144515719,0.0]]],[[[125.032314273517628,6.650999334165761,0.0],[125.03231315872172,6.650728123137637,0.0],[125.032041913753986,6.650729237696571,0.0],[125.032043028401304,6.651000448770614,0.0],[125.032314273517628,6.650999334165761,0.0]]],[[[125.043707647436335,6.651223595740761,0.0],[125.043978890697076,6.651222474703453,0.0],[125.043977769467475,6.650951265655523,0.0],[125.043706526355322,6.650952386646822,0.0],[125.043707647436335,6.651223595740761,0.0]]],[[[125.04370876856423,6.65149480483159,0.0],[125.043707647436335,6.651223595740761,0.0],[125.043436404128968,6.651224716629653,0.0],[125.043437525108274,6.65149592576658,0.0],[125.04370876856423,6.65149480483159,0.0]]],[[[125.035028954825108,6.651530601077913,0.0],[125.035300199726933,6.651529484747507,0.0],[125.035299083204052,6.65125827423044,0.0],[125.035027838450816,6.651259390514928,0.0],[125.035028954825108,6.651530601077913,0.0]]],[[[125.035032304227286,6.652344232748217,0.0],[125.035303549574792,6.652343116280055,0.0],[125.035302432912218,6.652071905772403,0.0],[125.035031187713372,6.652073022194647,0.0],[125.035032304227286,6.652344232748217,0.0]]],[[[125.043166281605508,6.651497046552977,0.0],[125.043167402482936,6.651768255732891,0.0],[125.043168523407175,6.652039464909607,0.0],[125.043169644378054,6.652310674083126,0.0],[125.043170765395644,6.652581883253537,0.0],[125.043171886460044,6.652853092420838,0.0],[125.043173007571156,6.653124301584943,0.0],[125.043444251965212,6.653123180521967,0.0],[125.043443130705597,6.652851971403959,0.0],[125.043442009492608,6.652580762282754,0.0],[125.043440888326415,6.65230955315844,0.0],[125.043439767206962,6.652038344030928,0.0],[125.043438646134206,6.651767134900308,0.0],[125.043437525108274,6.65149592576658,0.0],[125.043166281605508,6.651497046552977,0.0]]],[[[125.042631639503355,6.653397752518395,0.0],[125.042902884139536,6.653396631706419,0.0],[125.043174128728893,6.65339551074585,0.0],[125.043173007571156,6.653124301584943,0.0],[125.042901763130288,6.653125422499326,0.0],[125.042630518642795,6.653126543265206,0.0],[125.042631639503355,6.653397752518395,0.0]]],[[[125.03530801669018,6.65342795827931,0.0],[125.035579262585443,6.653426841478969,0.0],[125.03557814558819,6.653155631029759,0.0],[125.03530689984153,6.65315674778427,0.0],[125.03530801669018,6.65342795827931,0.0]]],[[[125.042632760410726,6.653668961768298,0.0],[125.042631639503355,6.653397752518395,0.0],[125.042360394820548,6.653398873181779,0.0],[125.042361515579245,6.653670082477778,0.0],[125.042632760410726,6.653668961768298,0.0]]],[[[125.042362636384738,6.653941291770669,0.0],[125.042361515579245,6.653670082477778,0.0],[125.042090270701124,6.653671203038578,0.0],[125.042091391358028,6.653942412377565,0.0],[125.042362636384738,6.653941291770669,0.0]]],[[[125.034767758002715,6.653972612598644,0.0],[125.034766641358161,6.653701402018073,0.0],[125.034765524760147,6.653430191434393,0.0],[125.034494278725262,6.653431307789046,0.0],[125.034495395174687,6.653702518418645,0.0],[125.034496511670653,6.653973729045135,0.0],[125.034497628213146,6.654244939668428,0.0],[125.03476887469381,6.654243823176107,0.0],[125.034767758002715,6.653972612598644,0.0]]],[[[125.042092512061558,6.654213621713354,0.0],[125.042091391358028,6.653942412377565,0.0],[125.041820146284508,6.653943532835958,0.0],[125.041821266839534,6.654214742217843,0.0],[125.042092512061558,6.654213621713354,0.0]]],[[[125.041822387441101,6.654485951596532,0.0],[125.041821266839534,6.654214742217843,0.0],[125.041550021570714,6.654215862573651,0.0],[125.041551142023778,6.654487071998436,0.0],[125.041822387441101,6.654485951596532,0.0]]],[[[125.033685004635117,6.654519499011777,0.0],[125.033956251403993,6.654518382919314,0.0],[125.033955135112222,6.654247172207381,0.0],[125.03368388849195,6.654248288253926,0.0],[125.033685004635117,6.654519499011777,0.0]]],[[[125.031515028810404,6.654528422401538,0.0],[125.031786275951148,6.65452730749799,0.0],[125.031785160848301,6.654256096419062,0.0],[125.031513913856145,6.654257211276868,0.0],[125.031515028810404,6.654528422401538,0.0]]],[[[125.027717563964089,6.654544015448569,0.0],[125.027988811754724,6.654542902625402,0.0],[125.027987698732517,6.654271690905476,0.0],[125.027716451090569,6.654272803682812,0.0],[125.027717563964089,6.654544015448569,0.0]]],[[[125.033413757819716,6.654520614955648,0.0],[125.033142510957859,6.654521730750838,0.0],[125.033143626850304,6.654792941597329,0.0],[125.033414873860835,6.654791825756221,0.0],[125.033413757819716,6.654520614955648,0.0]]],[[[125.026906045308351,6.655089776822707,0.0],[125.027177293535345,6.655088664353923,0.0],[125.027176180866277,6.654817452503079,0.0],[125.026904932787971,6.654818564926122,0.0],[125.026906045308351,6.655089776822707,0.0]]],[[[125.032874611420453,6.655336479064986,0.0],[125.033145858774631,6.655335363280721,0.0],[125.03314474278929,6.655064152440624,0.0],[125.033143626850304,6.654792941597329,0.0],[125.032872379793304,6.654794057289757,0.0],[125.032873495583615,6.65506526817897,0.0],[125.032874611420453,6.655336479064986,0.0]]],[[[125.041553383069882,6.655029490838502,0.0],[125.041554503663008,6.655300700253783,0.0],[125.041825749526211,6.655299579713767,0.0],[125.042096995342774,6.65529845902507,0.0],[125.042095874452457,6.655027249701893,0.0],[125.041824628784482,6.655028370344493,0.0],[125.041553383069882,6.655029490838502,0.0]]],[[[125.027448541716055,6.655087551736547,0.0],[125.027177293535345,6.655088664353923,0.0],[125.027178406250769,6.655359876201659,0.0],[125.027449654580082,6.655358763538541,0.0],[125.027448541716055,6.655087551736547,0.0]]],[[[125.04372446926115,6.655291731771915,0.0],[125.043453223724896,6.655292853352344,0.0],[125.043181978141931,6.655293974784091,0.0],[125.04291073251224,6.655295096067246,0.0],[125.042639486835739,6.655296217201809,0.0],[125.042368241112612,6.65529733818778,0.0],[125.042096995342774,6.65529845902507,0.0],[125.042098116279888,6.655569668345049,0.0],[125.042369362198329,6.655568547461663,0.0],[125.04264060807013,6.655567426429685,0.0],[125.04291185389522,6.655566305249025,0.0],[125.043183099673513,6.655565183919774,0.0],[125.043454345405166,6.65556406244193,0.0],[125.043725591090009,6.655562940815405,0.0],[125.04372446926115,6.655291731771915,0.0]]],[[[125.032875727303747,6.655607689947716,0.0],[125.032874611420453,6.655336479064986,0.0],[125.03260336401965,6.65533759470057,0.0],[125.032604479754269,6.655608805629218,0.0],[125.032875727303747,6.655607689947716,0.0]]],[[[125.04399908082344,6.656104237025571,0.0],[125.04399795875247,6.655833028034484,0.0],[125.043996836728226,6.655561819040288,0.0],[125.043725591090009,6.655562940815405,0.0],[125.043726712965665,6.655834149855786,0.0],[125.043727834888045,6.65610535889297,0.0],[125.04399908082344,6.656104237025571,0.0]]],[[[125.030707975134874,6.656159033727413,0.0],[125.03070908996834,6.656430244967546,0.0],[125.030980338288941,6.656429130189054,0.0],[125.030979223306886,6.656157918994752,0.0],[125.030978108371187,6.65588670779734,0.0],[125.030706860347848,6.655887822484261,0.0],[125.030707975134874,6.656159033727413,0.0]]],[[[125.043728956857137,6.656376567926956,0.0],[125.043727834888045,6.65610535889297,0.0],[125.04345658890584,6.656106480611599,0.0],[125.043457710726344,6.65637768969177,0.0],[125.043728956857137,6.656376567926956,0.0]]],[[[125.031792967544035,6.656154573904858,0.0],[125.031794082972141,6.65642578496167,0.0],[125.032065331106935,6.656424669588543,0.0],[125.032336579195288,6.656423554066824,0.0],[125.032335463469906,6.656152343101671,0.0],[125.032064215530156,6.656153458577561,0.0],[125.031792967544035,6.656154573904858,0.0]]],[[[125.026911608605729,6.65644583625856,0.0],[125.026912721404202,6.656717048136227,0.0],[125.027183970523197,6.656715935393085,0.0],[125.027455219595737,6.656714822501262,0.0],[125.027454106499889,6.656443610714988,0.0],[125.027452993450325,6.656172398925606,0.0],[125.027451880447217,6.655901187133115,0.0],[125.027180631820642,6.655902299887715,0.0],[125.027181744675062,6.656173511725947,0.0],[125.027182857575951,6.65644472356107,0.0],[125.026911608605729,6.65644583625856,0.0]]],[[[125.043458832593558,6.656648898768744,0.0],[125.043457710726344,6.65637768969177,0.0],[125.043186464548725,6.656378811307904,0.0],[125.043187586267265,6.656650020430974,0.0],[125.043458832593558,6.656648898768744,0.0]]],[[[125.025827724464889,6.65672149762234,0.0],[125.026098973769237,6.656720385473744,0.0],[125.026097861416716,6.656449173458943,0.0],[125.025826612261056,6.656450285561708,0.0],[125.025827724464889,6.65672149762234,0.0]]],[[[125.04210372166574,6.656925714897786,0.0],[125.042374968327493,6.656924593784095,0.0],[125.042646214942607,6.656923472521723,0.0],[125.042917461510925,6.65692235111067,0.0],[125.043188708032531,6.656921229550936,0.0],[125.043187586267265,6.656650020430974,0.0],[125.042916339894347,6.656651141944612,0.0],[125.042645093474633,6.656652263309568,0.0],[125.042373847008278,6.656653384525932,0.0],[125.042102600495198,6.656654505593615,0.0],[125.04210372166574,6.656925714897786,0.0]]],[[[125.030710204848262,6.656701456204481,0.0],[125.030438956332532,6.656702570880122,0.0],[125.030440071110135,6.65697378215969,0.0],[125.030441185934279,6.657244993436149,0.0],[125.030712434747372,6.657243878668848,0.0],[125.030711319774554,6.656972667438219,0.0],[125.030710204848262,6.656701456204481,0.0]]],[[[125.041292222989384,6.657471496222542,0.0],[125.041563470088661,6.657470375462613,0.0],[125.041562349122046,6.657199166072556,0.0],[125.041833596025924,6.657198045210042,0.0],[125.042104842883077,6.657196924198936,0.0],[125.04210372166574,6.656925714897786,0.0],[125.041832474957261,6.656926835862884,0.0],[125.04156122820207,6.656927956679302,0.0],[125.041289981400254,6.656929077347127,0.0],[125.041291102171456,6.657200286786389,0.0],[125.041292222989384,6.657471496222542,0.0]]],[[[125.030985913896387,6.657785186112961,0.0],[125.030984798681985,6.657513974934557,0.0],[125.030983683514023,6.657242763752866,0.0],[125.030712434747372,6.657243878668848,0.0],[125.030713549766645,6.65751508989628,0.0],[125.030714664832288,6.657786301120603,0.0],[125.030985913896387,6.657785186112961,0.0]]],[[[125.041293343854036,6.657742705655409,0.0],[125.041292222989384,6.657471496222542,0.0],[125.04102097584358,6.657472616833702,0.0],[125.041022096559459,6.657743826312665,0.0],[125.041023217322049,6.65801503578852,0.0],[125.041024338131365,6.658286245261178,0.0],[125.04129558572339,6.658285124511818,0.0],[125.0412944647654,6.658013915085257,0.0],[125.041293343854036,6.657742705655409,0.0]]],[[[125.031259393779479,6.658326493212638,0.0],[125.031530643048043,6.658325377815975,0.0],[125.031529527443283,6.658054166735448,0.0],[125.031258278323492,6.658055282086282,0.0],[125.031259393779479,6.658326493212638,0.0]]],[[[125.038040611540055,6.658298563690921,0.0],[125.038041730760227,6.658569773666554,0.0],[125.038312979014052,6.658568654506767,0.0],[125.038584227221236,6.658567535198299,0.0],[125.038583107703687,6.658296325314592,0.0],[125.038311859645091,6.658297444577141,0.0],[125.038040611540055,6.658298563690921,0.0]]],[[[125.039668099471399,6.658291846777762,0.0],[125.039666979405581,6.658020637074888,0.0],[125.039395731682276,6.658021756886154,0.0],[125.03939685159942,6.658292966634947,0.0],[125.039125603680716,6.658294086343539,0.0],[125.038854355715472,6.658295205903451,0.0],[125.03885547538188,6.658566415741149,0.0],[125.039126723495798,6.65856529613523,0.0],[125.039397971563091,6.658564176380719,0.0],[125.039669219583757,6.658563056477438,0.0],[125.039940467557798,6.658561936425476,0.0],[125.039941587865641,6.658833146075946,0.0],[125.04021283594173,6.658832025829295,0.0],[125.040484083971108,6.658830905433963,0.0],[125.040485204623039,6.659102114989222,0.0],[125.040486325321595,6.659373324541371,0.0],[125.040487446066862,6.659644534090323,0.0],[125.040758694495821,6.65964341340811,0.0],[125.040759815436417,6.659914622907945,0.0],[125.040760936423709,6.660185832404584,0.0],[125.041032185103504,6.660184711481585,0.0],[125.041303433736559,6.660183590409905,0.0],[125.04130231245172,6.659912381005371,0.0],[125.04157356088939,6.659911259830928,0.0],[125.041572439502588,6.659640050469293,0.0],[125.041571318162411,6.659368841104549,0.0],[125.041570196868946,6.659097631736608,0.0],[125.041569075622121,6.658826422365469,0.0],[125.041567954422092,6.658555212991222,0.0],[125.041296706728104,6.658556333935359,0.0],[125.041297827779445,6.658827543355703,0.0],[125.041026579890044,6.658828664197078,0.0],[125.040755331953932,6.658829784889861,0.0],[125.040754211199953,6.658558575377502,0.0],[125.040482963365903,6.658559695875508,0.0],[125.040211715485214,6.658560816224832,0.0],[125.040210595075308,6.658289606617172,0.0],[125.039939347296666,6.658290726771807,0.0],[125.039668099471399,6.658291846777762,0.0]]],[[[125.03750371026976,6.659656851778881,0.0],[125.037774959211731,6.659655732732603,0.0],[125.0377738399538,6.659384522723664,0.0],[125.03777272074251,6.659113312711438,0.0],[125.03777160157783,6.658842102696192,0.0],[125.037500353082081,6.658843221604536,0.0],[125.037501472098072,6.659114431665789,0.0],[125.037502591160603,6.659385641723934,0.0],[125.03750371026976,6.659656851778881,0.0]]],[[[125.030992606158065,6.659412453117661,0.0],[125.031263856067895,6.659411337686447,0.0],[125.031262740426087,6.659140126572702,0.0],[125.030991490664945,6.659141241958086,0.0],[125.030992606158065,6.659412453117661,0.0]]],[[[125.030450106198984,6.659414683533957,0.0],[125.03072135620171,6.659413568400194,0.0],[125.030720240857349,6.659142357194789,0.0],[125.030448991003311,6.659143472282723,0.0],[125.030450106198984,6.659414683533957,0.0]]],[[[125.026382463599163,6.659702604628923,0.0],[125.026653714446638,6.659701491680168,0.0],[125.026652601286855,6.659430279791487,0.0],[125.026381350588153,6.659431392694501,0.0],[125.026382463599163,6.659702604628923,0.0]]],[[[125.037774959211731,6.659655732732603,0.0],[125.037776078516202,6.659926942738434,0.0],[125.038047327560321,6.659925823497468,0.0],[125.038318576557813,6.65992470410782,0.0],[125.038317456955795,6.659653494193916,0.0],[125.038046208107076,6.659654613537644,0.0],[125.037774959211731,6.659655732732603,0.0]]],[[[125.026926078602486,6.659971590422562,0.0],[125.02719732950591,6.659970477130703,0.0],[125.027196216002409,6.659699265336525,0.0],[125.026924965247659,6.659700378582731,0.0],[125.026926078602486,6.659971590422562,0.0]]],[[[125.038589825508666,6.659923584569403,0.0],[125.038318576557813,6.65992470410782,0.0],[125.038319696206358,6.660195914018527,0.0],[125.038320815901628,6.660467123926126,0.0],[125.038321935643438,6.660738333830527,0.0],[125.038593185040511,6.660737214154087,0.0],[125.038592065149942,6.660466004295693,0.0],[125.038590945305984,6.660194794434102,0.0],[125.038589825508666,6.659923584569403,0.0]]],[[[125.029641930355396,6.660774084938468,0.0],[125.029913181241241,6.660772970021864,0.0],[125.029912066110938,6.660501758694868,0.0],[125.029640815373867,6.660502873565641,0.0],[125.029641930355396,6.660774084938468,0.0]]],[[[125.038323055431874,6.66100954373182,0.0],[125.038324175266951,6.661280753629915,0.0],[125.038595424961656,6.661279633861548,0.0],[125.038594304977821,6.661008424009371,0.0],[125.038323055431874,6.66100954373182,0.0]]],[[[125.026662621393015,6.661871186676369,0.0],[125.02693387338428,6.661870073213181,0.0],[125.02693275970492,6.661598861395377,0.0],[125.026661507862499,6.661599974812913,0.0],[125.026662621393015,6.661871186676369,0.0]]],[[[125.038056284864382,6.662095503062724,0.0],[125.038055165038188,6.661824293128125,0.0],[125.03832641507698,6.661823173416601,0.0],[125.038325295148738,6.661551963524812,0.0],[125.038054045258633,6.661553083190417,0.0],[125.037782795321988,6.661554202707163,0.0],[125.037511545338802,6.661555322075317,0.0],[125.037512664820724,6.661826532104951,0.0],[125.037241414642054,6.661827651370253,0.0],[125.037242534021843,6.662098861442787,0.0],[125.037513784349287,6.662097742131565,0.0],[125.037785034630105,6.662096622671574,0.0],[125.038056284864382,6.662095503062724,0.0]]],[[[125.036971283647858,6.662099980605238,0.0],[125.036972402925414,6.662371190720582,0.0],[125.03697352224961,6.662642400832728,0.0],[125.037244772921227,6.66264128157835,0.0],[125.037243653448257,6.662370071512123,0.0],[125.037242534021843,6.662098861442787,0.0],[125.036971283647858,6.662099980605238,0.0]]],[[[125.041854905202129,6.662351022205901,0.0],[125.041856027204702,6.66262223148991,0.0],[125.042127277036627,6.662621109557407,0.0],[125.042398526821927,6.662619987476135,0.0],[125.042397404521722,6.662348778284319,0.0],[125.042126154885281,6.662349900319495,0.0],[125.041854905202129,6.662351022205901,0.0]]],[[[125.040499777344465,6.662627838920607,0.0],[125.040500898649739,6.662899048431723,0.0],[125.040772148863937,6.662897927197062,0.0],[125.041043399031508,6.662896805813632,0.0],[125.041042277428602,6.662625596394709,0.0],[125.040771027409889,6.662626717732043,0.0],[125.040499777344465,6.662627838920607,0.0]]],[[[125.037516023546203,6.662640162175202,0.0],[125.037244772921227,6.66264128157835,0.0],[125.037245892440808,6.66291249164138,0.0],[125.037517143214657,6.662911372192224,0.0],[125.037516023546203,6.662640162175202,0.0]]],[[[125.043758144460412,6.663428001703218,0.0],[125.044029394411709,6.663426878590948,0.0],[125.044028271078545,6.663155669685126,0.0],[125.043757021276022,6.663156792751299,0.0],[125.043758144460412,6.663428001703218,0.0]]],[[[125.045115517724767,6.663693593371787,0.0],[125.045386767591069,6.663692469469393,0.0],[125.045385643466986,6.663421260797429,0.0],[125.045114393749458,6.663422384653725,0.0],[125.045115517724767,6.663693593371787,0.0]]],[[[125.039419259736192,6.663717160948743,0.0],[125.039690510583483,6.663716040171228,0.0],[125.039689389584723,6.663444830531593,0.0],[125.039418138886191,6.663445951263101,0.0],[125.039419259736192,6.663717160948743,0.0]]],[[[125.046743016220915,6.663686847725079,0.0],[125.046471766588567,6.663687972371588,0.0],[125.046200516909408,6.663689096869239,0.0],[125.045929267183439,6.66369022121803,0.0],[125.04593039165195,6.663961429794605,0.0],[125.046201641526778,6.663960305399628,0.0],[125.046472891354796,6.663959180855792,0.0],[125.046744141135932,6.663958056163097,0.0],[125.047015390870328,6.663956931321633,0.0],[125.047286640557928,6.663955806331399,0.0],[125.047285515345209,6.663684597985751,0.0],[125.047014265806467,6.6636857229298,0.0],[125.046743016220915,6.663686847725079,0.0]]],[[[125.037521622354106,6.66399621222896,0.0],[125.037792873676665,6.663995092447181,0.0],[125.037791753673019,6.66372388248869,0.0],[125.037520502499319,6.663725002224461,0.0],[125.037521622354106,6.66399621222896,0.0]]],[[[125.038064124952513,6.663993972516544,0.0],[125.037792873676665,6.663995092447181,0.0],[125.037793993726851,6.664266302402475,0.0],[125.038065245151643,6.664265182425919,0.0],[125.038064124952513,6.663993972516544,0.0]]],[[[125.034812461945393,6.6648210332345,0.0],[125.035083714180203,6.664819914803108,0.0],[125.035082595525253,6.664548704394666,0.0],[125.034811343439301,6.664549822780139,0.0],[125.034812461945393,6.6648210332345,0.0]]],[[[125.036442213593872,6.665356740761905,0.0],[125.036713465847058,6.665355621345612,0.0],[125.036712346205888,6.665084411219078,0.0],[125.036441094101548,6.665085530589452,0.0],[125.036442213593872,6.665356740761905,0.0]]],[[[125.033999823067774,6.665095598224444,0.0],[125.03400094122037,6.665366808810078,0.0],[125.034002059419421,6.665638019392603,0.0],[125.034273312240416,6.66563690127012,0.0],[125.034272193892434,6.665365690733513,0.0],[125.034271075591064,6.66509448019371,0.0],[125.033999823067774,6.665095598224444,0.0]]],[[[125.045667013278262,6.665861014311134,0.0],[125.045938264241826,6.665859889741808,0.0],[125.045937139445741,6.665588681187438,0.0],[125.045665888631049,6.665589805710579,0.0],[125.045667013278262,6.665861014311134,0.0]]],[[[125.038613351044319,6.665618991065601,0.0],[125.038614471820765,6.665890200864042,0.0],[125.038885723998817,6.665889080165042,0.0],[125.038884603073512,6.665617870412608,0.0],[125.038613351044319,6.665618991065601,0.0]]],[[[125.037258210231244,6.665895802126252,0.0],[125.037529462642354,6.665894682171545,0.0],[125.037528342461428,6.66562347218925,0.0],[125.037257090199091,6.66562459209795,0.0],[125.037258210231244,6.665895802126252,0.0]]],[[[125.046209515158566,6.665858765023711,0.0],[125.045938264241826,6.665859889741808,0.0],[125.045939389084708,6.666131098293069,0.0],[125.046210640150406,6.666129973528787,0.0],[125.046209515158566,6.665858765023711,0.0]]],[[[125.038615592643936,6.666161410659286,0.0],[125.038614471820765,6.665890200864042,0.0],[125.038343219596086,6.665891321414184,0.0],[125.038071967324868,6.665892441815466,0.0],[125.037800715006924,6.665893562067979,0.0],[125.037801835383334,6.666164772001157,0.0],[125.038073087850137,6.666163651702726,0.0],[125.038344340270299,6.666162531255435,0.0],[125.038615592643936,6.666161410659286,0.0]]],[[[125.031834269332862,6.666189380903451,0.0],[125.03183538648031,6.666460591843468,0.0],[125.032106640119949,6.666459474774276,0.0],[125.032377893713132,6.666458357556135,0.0],[125.032376776267881,6.666187146707867,0.0],[125.032105522823556,6.666188263880088,0.0],[125.031834269332862,6.666189380903451,0.0]]],[[[125.034003177664999,6.66590922997202,0.0],[125.033731924648592,6.665910347991564,0.0],[125.033733042791866,6.666181558613702,0.0],[125.033734160981581,6.666452769232643,0.0],[125.033735279217836,6.666723979848386,0.0],[125.033736397500647,6.66699519046102,0.0],[125.034007651112574,6.66699407225789,0.0],[125.034006532680905,6.666722861691174,0.0],[125.034005414295706,6.666451651121261,0.0],[125.034004295957132,6.666180440548239,0.0],[125.034003177664999,6.66590922997202,0.0]]],[[[125.032379011204924,6.666729568401295,0.0],[125.032650264900511,6.666728450988466,0.0],[125.032649147259775,6.666457240189225,0.0],[125.032377893713132,6.666458357556135,0.0],[125.032379011204924,6.666729568401295,0.0]]],[[[125.031022742029819,6.666735153232204,0.0],[125.031023858823588,6.667006364303316,0.0],[125.03129511290048,6.66700524758904,0.0],[125.031293995957768,6.666734036563757,0.0],[125.031292879061581,6.666462825535278,0.0],[125.031021625282591,6.666463942157894,0.0],[125.031022742029819,6.666735153232204,0.0]]],[[[125.032650264900511,6.666728450988466,0.0],[125.032651382587616,6.666999661784598,0.0],[125.032922636385706,6.666998544176992,0.0],[125.03319389013717,6.666997426420527,0.0],[125.033192772152177,6.666726215716143,0.0],[125.032921518549571,6.666727333426778,0.0],[125.032650264900511,6.666728450988466,0.0]]],[[[125.033195008168605,6.667268637121802,0.0],[125.033466262022472,6.667267519170559,0.0],[125.033737515829898,6.667266401070457,0.0],[125.033736397500647,6.66699519046102,0.0],[125.033465143842079,6.666996308515203,0.0],[125.03319389013717,6.666997426420527,0.0],[125.033195008168605,6.667268637121802,0.0]]],[[[125.030753721391605,6.667278691982479,0.0],[125.03075483812934,6.667549903093115,0.0],[125.031026092550476,6.667548786436126,0.0],[125.031024975663811,6.66727757537132,0.0],[125.030753721391605,6.667278691982479,0.0]]],[[[125.030213445634061,6.667823347159438,0.0],[125.030484700296967,6.667822230754425,0.0],[125.030755954913516,6.667821114200554,0.0],[125.03075483812934,6.667549903093115,0.0],[125.030483583661734,6.667551019601246,0.0],[125.030212329147687,6.667552135960428,0.0],[125.030213445634061,6.667823347159438,0.0]]],[[[125.038894693080564,6.66805875807047,0.0],[125.039165946403216,6.668057636854638,0.0],[125.039164824955833,6.667786427173525,0.0],[125.038893571782125,6.667787548343349,0.0],[125.038894693080564,6.66805875807047,0.0]]],[[[125.029670936168884,6.66782557952271,0.0],[125.029672052403811,6.668096790810272,0.0],[125.029943307308571,6.668095674657324,0.0],[125.03021456216679,6.668094558355429,0.0],[125.030213445634061,6.667823347159438,0.0],[125.0299421909247,6.667824463415593,0.0],[125.029670936168884,6.66782557952271,0.0]]],[[[125.043507117095118,6.668310886090354,0.0],[125.043778369772937,6.668309762297029,0.0],[125.043777245747179,6.668038553401954,0.0],[125.043505993218204,6.668039677149271,0.0],[125.043504869388116,6.667768468204991,0.0],[125.043233616961373,6.667769591757264,0.0],[125.043234740642603,6.668040800747641,0.0],[125.043235864370558,6.66831200973482,0.0],[125.043507117095118,6.668310886090354,0.0]]],[[[125.041607224207482,6.668047539210851,0.0],[125.04160834704183,6.66831874847452,0.0],[125.041879600046698,6.668317625723561,0.0],[125.042150853004927,6.668316502823655,0.0],[125.042149729872662,6.66804529365209,0.0],[125.041878477063392,6.668046416505899,0.0],[125.041607224207482,6.668047539210851,0.0]]],[[[125.028316892720497,6.668373580854756,0.0],[125.028588148006278,6.668372465400627,0.0],[125.028587032320701,6.668101253933121,0.0],[125.028315777183849,6.668102369341598,0.0],[125.028316892720497,6.668373580854756,0.0]]],[[[125.028862751027674,6.669184984043661,0.0],[125.028863867047747,6.669456195452725,0.0],[125.02886498311436,6.669727406858592,0.0],[125.028866099227344,6.66999861826135,0.0],[125.028867215386683,6.670269829661,0.0],[125.029138471622289,6.670268713588521,0.0],[125.029137355313921,6.669997502234701,0.0],[125.029136239052079,6.669726290877684,0.0],[125.029135122836507,6.669455079517648,0.0],[125.029134006667405,6.669183868154325,0.0],[125.029132890544744,6.668912656787893,0.0],[125.028861635053872,6.6689137726314,0.0],[125.028862751027674,6.669184984043661,0.0]]],[[[125.037818646623563,6.670232920619665,0.0],[125.037819767745773,6.670504130502306,0.0],[125.038091022595466,6.670503009468285,0.0],[125.038089901324298,6.670231799631563,0.0],[125.03808878009977,6.669960589791821,0.0],[125.037817525547879,6.669961710733916,0.0],[125.037818646623563,6.670232920619665,0.0]]],[[[125.025072965716674,6.671099075134976,0.0],[125.025344223048393,6.671097961010894,0.0],[125.025615480333826,6.671096846737865,0.0],[125.02588673757289,6.671095732315799,0.0],[125.026157994765683,6.671094617744786,0.0],[125.02642925191212,6.671093503024825,0.0],[125.026700509012187,6.671092388155828,0.0],[125.026971766065813,6.671091273137884,0.0],[125.026970650810284,6.67082006142746,0.0],[125.026699393905517,6.670821176399753,0.0],[125.026428136954479,6.670822291223009,0.0],[125.026156879957085,6.670823405897228,0.0],[125.025885622913322,6.670824520422589,0.0],[125.025614365823202,6.670825634798914,0.0],[125.025343108686812,6.670826749026202,0.0],[125.025071851504052,6.670827863104631,0.0],[125.024800594275007,6.670828977034025,0.0],[125.02452933699962,6.67083009081447,0.0],[125.024258079677949,6.670831204445968,0.0],[125.02425919344347,6.67110241661327,0.0],[125.02453045091427,6.67110130293612,0.0],[125.024801708338615,6.671100189110022,0.0],[125.025072965716674,6.671099075134976,0.0]]],[[[125.041352816488939,6.672116801080805,0.0],[125.041353939874767,6.672388010343053,0.0],[125.041625195161089,6.672386887050128,0.0],[125.041624071626231,6.672115677833887,0.0],[125.041622948138084,6.671844468614538,0.0],[125.041351693149835,6.67184559181536,0.0],[125.041352816488939,6.672116801080805,0.0]]],[[[125.028885080247917,6.674609211624447,0.0],[125.02915633886802,6.674608094819576,0.0],[125.02915522181712,6.674336883516294,0.0],[125.028883963346061,6.674338000275424,0.0],[125.028885080247917,6.674609211624447,0.0]]],[[[125.031616684145305,6.67920862153045,0.0],[125.031887944836285,6.679207502455751,0.0],[125.031886825504372,6.678936291664415,0.0],[125.031615564962607,6.678937410693284,0.0],[125.031616684145305,6.67920862153045,0.0]]],[[[125.032431585755504,6.679476474555366,0.0],[125.032702846456246,6.679475354987372,0.0],[125.032701726630322,6.679204144336723,0.0],[125.032430466078793,6.679205263858887,0.0],[125.032431585755504,6.679476474555366,0.0]]],[[[125.044367012518961,6.679427072452868,0.0],[125.044368138806547,6.679698281122701,0.0],[125.044639397604826,6.679697154945328,0.0],[125.044910656356194,6.679696028618829,0.0],[125.044909529770166,6.679424820041278,0.0],[125.044638271168012,6.67942594632168,0.0],[125.044367012518961,6.679427072452868,0.0]]],[[[125.043826747105925,6.679971741788724,0.0],[125.044098006146839,6.679970615863593,0.0],[125.044096879961657,6.679699407150861,0.0],[125.043825621069956,6.679700533029895,0.0],[125.043826747105925,6.679971741788724,0.0]]],[[[125.043285354668285,6.680245202039434,0.0],[125.043556613951864,6.680244076366546,0.0],[125.043555488018285,6.67997286756473,0.0],[125.043284228883934,6.679973993191433,0.0],[125.043285354668285,6.680245202039434,0.0]]],[[[125.033248728370054,6.680286747061435,0.0],[125.033519989378817,6.680285626908309,0.0],[125.033518868965814,6.680014416404831,0.0],[125.033247608106166,6.680015536512038,0.0],[125.033248728370054,6.680286747061435,0.0]]],[[[125.044911782988933,6.679967237193183,0.0],[125.044912909668568,6.680238445764517,0.0],[125.044914036394843,6.680509654332565,0.0],[125.045185295547142,6.680508527718474,0.0],[125.045184168671568,6.680237319196523,0.0],[125.045183041842805,6.679966110671374,0.0],[125.044911782988933,6.679967237193183,0.0]]],[[[125.041115278717442,6.680254202051903,0.0],[125.041116403354806,6.680525411265301,0.0],[125.041387663161416,6.680524286739851,0.0],[125.041658922921229,6.680523162065186,0.0],[125.041657797985437,6.680251952943892,0.0],[125.041386538374752,6.68025307757246,0.0],[125.041115278717442,6.680254202051903,0.0]]],[[[125.045186422469428,6.680779736237228,0.0],[125.045457681724045,6.680778609427827,0.0],[125.045456554652532,6.680507400955169,0.0],[125.045185295547142,6.680508527718474,0.0],[125.045186422469428,6.680779736237228,0.0]]],[[[125.034336013986973,6.68082468627603,0.0],[125.03433713498724,6.681095896632336,0.0],[125.034608396257582,6.681094775744776,0.0],[125.034879657481369,6.681093654708001,0.0],[125.035150918658715,6.681092533522013,0.0],[125.035422179789421,6.68109141218681,0.0],[125.035421058192298,6.680820202014091,0.0],[125.035149797210806,6.680821323303374,0.0],[125.034878536182759,6.680822444443444,0.0],[125.034607275108087,6.6808235654343,0.0],[125.034336013986973,6.68082468627603,0.0]]],[[[125.045728940931937,6.680777482469211,0.0],[125.045457681724045,6.680778609427827,0.0],[125.045458808842355,6.681049817897287,0.0],[125.045459936007461,6.681321026363549,0.0],[125.045461063219392,6.681592234826703,0.0],[125.045462190478034,6.68186344328666,0.0],[125.045733450282867,6.681862316143392,0.0],[125.045734577737534,6.682133524554055,0.0],[125.046005837644785,6.682132397215477,0.0],[125.046277097505225,6.682131269727685,0.0],[125.046275969752045,6.681860061409393,0.0],[125.046004710040819,6.681861188850999,0.0],[125.046003582483664,6.681589980483413,0.0],[125.046002454973305,6.681318772112541,0.0],[125.046001327509757,6.68104756373856,0.0],[125.046000200093019,6.680776355361471,0.0],[125.045728940931937,6.680777482469211,0.0]]],[[[125.025391068069851,6.682488861510003,0.0],[125.025662331618804,6.68248774531762,0.0],[125.025661215162103,6.68221653351154,0.0],[125.025389951762364,6.682217649658182,0.0],[125.025391068069851,6.682488861510003,0.0]]],[[[125.043301120556706,6.684042125577947,0.0],[125.043572381929806,6.684040999259619,0.0],[125.043571255341831,6.683769790502123,0.0],[125.04329999411803,6.683770916774354,0.0],[125.043301120556706,6.684042125577947,0.0]]],[[[125.027844735561615,6.685462136040496,0.0],[125.028116000335629,6.685461018001768,0.0],[125.028114882025307,6.685189806642087,0.0],[125.027843617400677,6.685190924635074,0.0],[125.027844735561615,6.685462136040496,0.0]]],[[[125.03408717867994,6.686250014411574,0.0],[125.034358442833309,6.686248892801214,0.0],[125.034357320948857,6.685977682505038,0.0],[125.034086056944886,6.685978804069479,0.0],[125.03408717867994,6.686250014411574,0.0]]],[[[125.029204415968906,6.686270177864615,0.0],[125.029475680958924,6.686269058941972,0.0],[125.02947456176264,6.685997847820588,0.0],[125.029203296922006,6.685998966697491,0.0],[125.029204415968906,6.686270177864615,0.0]]],[[[125.040056104360957,6.686496513819038,0.0],[125.040327367638398,6.686495388877653,0.0],[125.040326242421855,6.686224179595865,0.0],[125.040054979293714,6.686225304491242,0.0],[125.040056104360957,6.686496513819038,0.0]]],[[[125.030290595340858,6.68653691225892,0.0],[125.030561860294469,6.686535792693236,0.0],[125.030560740454419,6.686264581758281,0.0],[125.030289475650207,6.686265701278225,0.0],[125.030290595340858,6.68653691225892,0.0]]],[[[125.03490433782892,6.687060279726595,0.0],[125.03517560229065,6.687059157530482,0.0],[125.035174479818579,6.686787947381565,0.0],[125.034903215506148,6.68678906953176,0.0],[125.03490433782892,6.687060279726595,0.0]]],[[[125.026766382357721,6.687093876166359,0.0],[125.02703764821328,6.687092758450484,0.0],[125.027036530222077,6.686821546926756,0.0],[125.026765264515817,6.686822664596979,0.0],[125.026766382357721,6.687093876166359,0.0]]],[[[125.041687061495452,6.687303389066632,0.0],[125.04195832494085,6.687302263091142,0.0],[125.041957198688067,6.687031054095169,0.0],[125.041685935392067,6.687032180024652,0.0],[125.041687061495452,6.687303389066632,0.0]]],[[[125.035447989373935,6.687329245284954,0.0],[125.035719253891898,6.687328122744316,0.0],[125.035718131074589,6.687056912690434,0.0],[125.035446866705854,6.687058035185154,0.0],[125.035447989373935,6.687329245284954,0.0]]],[[[125.03246295557895,6.687070372770951,0.0],[125.032464076603915,6.687341583375592,0.0],[125.032735341633824,6.68734046247764,0.0],[125.03273422045946,6.687069251918918,0.0],[125.03246295557895,6.687070372770951,0.0]]],[[[125.027582416504472,6.687632945425457,0.0],[125.027853682519634,6.687631827170102,0.0],[125.027852563987523,6.687360615789992,0.0],[125.02758129812166,6.687361733999606,0.0],[125.027582416504472,6.687632945425457,0.0]]],[[[125.028124948488426,6.687630708765266,0.0],[125.028126067216292,6.687901920096437,0.0],[125.028397333288126,6.687900801496558,0.0],[125.028668599313505,6.687899682747287,0.0],[125.028667480286856,6.687628471507687,0.0],[125.028396214410861,6.687629590211128,0.0],[125.028124948488426,6.687630708765266,0.0]]],[[[125.029212250596871,6.688168655945668,0.0],[125.029483516632453,6.688167536702481,0.0],[125.029482397111266,6.687896325603391,0.0],[125.029211131225068,6.687897444800659,0.0],[125.029212250596871,6.688168655945668,0.0]]],[[[125.026786511439951,6.691975683873594,0.0],[125.026785392763415,6.691704472361235,0.0],[125.026784274133348,6.691433260845678,0.0],[125.026513005840712,6.691434379143844,0.0],[125.026514124321395,6.691705590705141,0.0],[125.026242855832933,6.691706708899567,0.0],[125.026243974210402,6.69197792050332,0.0],[125.026515242848362,6.691976802263153,0.0],[125.026786511439951,6.691975683873594,0.0]]],[[[125.027599197811483,6.6917011164329,0.0],[125.027600316936358,6.691972327808036,0.0],[125.02787158534241,6.691971208820644,0.0],[125.027870466068052,6.691699997491249,0.0],[125.027599197811483,6.6917011164329,0.0]]],[[[125.030040610450115,6.691691040578083,0.0],[125.030041730920317,6.691962251541193,0.0],[125.030042851436889,6.692233462501194,0.0],[125.030314119574712,6.692232342123003,0.0],[125.03031299890857,6.691961131208743,0.0],[125.03031187828897,6.691689920291464,0.0],[125.030040610450115,6.691691040578083,0.0]]],[[[125.027058898857462,6.692245776797976,0.0],[125.02733016750571,6.692244658063715,0.0],[125.027601436107602,6.692243539179974,0.0],[125.027600316936358,6.691972327808036,0.0],[125.027329048483864,6.691973446645947,0.0],[125.027057779985086,6.691974565334466,0.0],[125.027058898857462,6.692245776797976,0.0]]],[[[125.030587629436482,6.692773643322512,0.0],[125.03058650852806,6.692502432460476,0.0],[125.03058538766598,6.692231221595244,0.0],[125.030314119574712,6.692232342123003,0.0],[125.030315240287209,6.692503553033977,0.0],[125.030316361046161,6.692774763941842,0.0],[125.030587629436482,6.692773643322512,0.0]]],[[[125.030589871392792,6.693316065037167,0.0],[125.03086114003564,6.693314944176696,0.0],[125.030860018884823,6.693043733366797,0.0],[125.030588750391374,6.693044854181438,0.0],[125.030589871392792,6.693316065037167,0.0]]],[[[125.031948457779748,6.693852880483839,0.0],[125.032219726489288,6.693851758784395,0.0],[125.032218604497899,6.693580548209952,0.0],[125.031947335937929,6.693581669863655,0.0],[125.031948457779748,6.693852880483839,0.0]]],[[[125.038731287182955,6.694096002618353,0.0],[125.039002554877925,6.694094877135623,0.0],[125.039001429102001,6.693823667712615,0.0],[125.0387301615566,6.693824793149337,0.0],[125.038731287182955,6.694096002618353,0.0]]],[[[125.036561143945121,6.694105001098358,0.0],[125.036832412012956,6.69410387681165,0.0],[125.036831287433245,6.693832667020758,0.0],[125.036560019514894,6.693833791261636,0.0],[125.036561143945121,6.694105001098358,0.0]]],[[[125.036018607669575,6.694107249223511,0.0],[125.036289875830661,6.694106125235675,0.0],[125.036288751550003,6.693834915352945,0.0],[125.036017483538387,6.693836039294774,0.0],[125.036018607669575,6.694107249223511,0.0]]],[[[125.039274948498203,6.694364960877306,0.0],[125.039546216249406,6.694363835049519,0.0],[125.039545090127717,6.694092625721724,0.0],[125.039273822526184,6.694093751503414,0.0],[125.039274948498203,6.694364960877306,0.0]]],[[[125.037917483818433,6.694099378169569,0.0],[125.037918609042876,6.694370587773411,0.0],[125.038189877027222,6.694369462693204,0.0],[125.038188751653209,6.694098253135281,0.0],[125.037917483818433,6.694099378169569,0.0]]],[[[125.033849583686489,6.694387446036818,0.0],[125.034120852369554,6.694386323199084,0.0],[125.034119729238455,6.694115112952113,0.0],[125.033848460704959,6.694116235743928,0.0],[125.033577192125009,6.694117358386262,0.0],[125.033305923498418,6.694118480879117,0.0],[125.033307046180894,6.694389691263756,0.0],[125.033578314956969,6.694388568724983,0.0],[125.033849583686489,6.694387446036818,0.0]]],[[[125.03954734241762,6.694635044374206,0.0],[125.039818610271666,6.694633918351021,0.0],[125.039817483953883,6.694362709072341,0.0],[125.039546216249406,6.694363835049519,0.0],[125.03954734241762,6.694635044374206,0.0]]],[[[125.046058887825652,6.694879186768685,0.0],[125.046060017676268,6.69515039498084,0.0],[125.046331284707676,6.69514926527722,0.0],[125.04633015470759,6.694878057111162,0.0],[125.046329024754215,6.694606848941906,0.0],[125.046057758021931,6.694607978553244,0.0],[125.046058887825652,6.694879186768685,0.0]]],[[[125.040092131153614,6.695175210634017,0.0],[125.040363399213362,6.695174084219677,0.0],[125.040362272503174,6.694902875039408,0.0],[125.040633540366727,6.694901748521596,0.0],[125.04090480818364,6.694900621854303,0.0],[125.040903681221025,6.69462941276294,0.0],[125.040632413553681,6.694630539384225,0.0],[125.040361145839697,6.69463166585603,0.0],[125.040089878079002,6.694632792178266,0.0],[125.039818610271666,6.694633918351021,0.0],[125.03981973663609,6.694905127626503,0.0],[125.040091004592995,6.69490400140774,0.0],[125.040092131153614,6.695175210634017,0.0]]],[[[125.027613750052936,6.695226864062396,0.0],[125.027885020253194,6.695225744525932,0.0],[125.027883900422211,6.694954533234641,0.0],[125.027612630371436,6.694955652725274,0.0],[125.027613750052936,6.695226864062396,0.0]]],[[[125.025172316164102,6.695236933161373,0.0],[125.025173434546019,6.69550814490679,0.0],[125.025444705313035,6.695507026670353,0.0],[125.025715976033766,6.695505908284436,0.0],[125.025714857352796,6.695234696630501,0.0],[125.025443586781634,6.695235814970677,0.0],[125.025172316164102,6.695236933161373,0.0]]],[[[125.034397738107103,6.695741251169438,0.0],[125.034669007444762,6.695740127803238,0.0],[125.034667883781907,6.695468917663914,0.0],[125.034396614593817,6.695470040984284,0.0],[125.034397738107103,6.695741251169438,0.0]]],[[[125.02924361185535,6.695762566716632,0.0],[125.029514882076214,6.695761446191537,0.0],[125.029513761255004,6.695490235181176,0.0],[125.029242491183709,6.695491355660441,0.0],[125.02924361185535,6.695762566716632,0.0]]],[[[125.03467125491008,6.696282548072205,0.0],[125.034942524500337,6.696281424464599,0.0],[125.034941400594832,6.696010214377588,0.0],[125.034670131154144,6.696011337939276,0.0],[125.03467125491008,6.696282548072205,0.0]]],[[[125.027076807121048,6.696585159781763,0.0],[125.027348078161879,6.696584040315732,0.0],[125.027346958398041,6.696312828948767,0.0],[125.02707568750678,6.696313948369057,0.0],[125.027076807121048,6.696585159781763,0.0]]],[[[125.025176789969692,6.696321780123857,0.0],[125.02517790853689,6.696592991856574,0.0],[125.025449179902168,6.69659187343735,0.0],[125.025720451221275,6.696590754868645,0.0],[125.025721570133967,6.696861966506771,0.0],[125.025992841556175,6.696860847742845,0.0],[125.025991722493913,6.696589636150372,0.0],[125.025990603477922,6.69631842455479,0.0],[125.025719332354853,6.696319543227411,0.0],[125.025448061185415,6.696320661750375,0.0],[125.025176789969692,6.696321780123857,0.0]]],[[[125.045524261764811,6.696779903700087,0.0],[125.045525391643849,6.69705111198232,0.0],[125.045796659815863,6.69704998225463,0.0],[125.046067927941067,6.697048852377372,0.0],[125.046066797762805,6.696777644187422,0.0],[125.045795529787256,6.696778774018495,0.0],[125.045524261764811,6.696779903700087,0.0]]],[[[125.041731015960153,6.697880539230892,0.0],[125.042002285235455,6.697879411458794,0.0],[125.042001157160939,6.697608202586545,0.0],[125.041729888035107,6.697609330312635,0.0],[125.041731015960153,6.697880539230892,0.0]]],[[[125.02789958227882,6.698751491024599,0.0],[125.028170854377393,6.698750370743842,0.0],[125.02816973379349,6.698479159539503,0.0],[125.027898461844586,6.698480279774519,0.0],[125.02789958227882,6.698751491024599,0.0]]],[[[125.025457012217231,6.698490355157536,0.0],[125.025458131304731,6.698761566819198,0.0],[125.025729403820648,6.698760447884831,0.0],[125.025728284583494,6.69848923626891,0.0],[125.025457012217231,6.698490355157536,0.0]]],[[[125.028988033771228,6.699560642186051,0.0],[125.029259306133042,6.699559521169527,0.0],[125.029258184811439,6.699288310157834,0.0],[125.028986912599279,6.699289431128528,0.0],[125.028988033771228,6.699560642186051,0.0]]],[[[125.027089125938915,6.699568485112093,0.0],[125.027360398625547,6.699567365142998,0.0],[125.027359278351454,6.699296153810939,0.0],[125.027088005814477,6.699297273734293,0.0],[125.027089125938915,6.699568485112093,0.0]]],[[[125.033335128360861,6.701169949846784,0.0],[125.033606400877218,6.701168826161106,0.0],[125.033605276882099,6.700897615901789,0.0],[125.033334004515481,6.700898739541548,0.0],[125.033335128360861,6.701169949846784,0.0]]],[[[125.03279258318878,6.701172196769165,0.0],[125.032793706781291,6.701443407162953,0.0],[125.033064979540384,6.701442283730672,0.0],[125.033063855798133,6.701171073382803,0.0],[125.03279258318878,6.701172196769165,0.0]]],[[[125.032794830420428,6.701714617553542,0.0],[125.032793706781291,6.701443407162953,0.0],[125.032522433975828,6.701444530445486,0.0],[125.032523557465211,6.701715740881995,0.0],[125.032794830420428,6.701714617553542,0.0]]],[[[125.03143846517932,6.701720232699047,0.0],[125.031709738320515,6.701719109969226,0.0],[125.031708615280195,6.701447899395228,0.0],[125.03143734228874,6.701449022079129,0.0],[125.03143846517932,6.701720232699047,0.0]]],[[[125.046090541336127,6.702473015509711,0.0],[125.046361812407426,6.702471884559533,0.0],[125.046360681143369,6.702200676479273,0.0],[125.04608941022164,6.702201807383266,0.0],[125.046090541336127,6.702473015509711,0.0]]],[[[125.03822929449251,6.703861795217656,0.0],[125.038500567667455,6.703860668378323,0.0],[125.038499440511757,6.703589458977608,0.0],[125.038228167486466,6.703590585770933,0.0],[125.03822929449251,6.703861795217656,0.0]]],[[[125.037415474687634,6.703865174837351,0.0],[125.037686748002471,6.70386404844717,0.0],[125.037685621296006,6.703592838908521,0.0],[125.037414348130824,6.703593965252694,0.0],[125.037415474687634,6.703865174837351,0.0]]],[[[125.02521596739021,6.705814188879775,0.0],[125.025487243845021,6.70581306890695,0.0],[125.02548612355271,6.705541857327888,0.0],[125.025214847247653,6.705542977254972,0.0],[125.02521596739021,6.705814188879775,0.0]]],[[[125.034172566704598,6.706861991125899,0.0],[125.034443842226111,6.706860866027395,0.0],[125.034442716804492,6.706589655972448,0.0],[125.034171441432804,6.706590781025032,0.0],[125.034172566704598,6.706861991125899,0.0]]],[[[125.02766306196402,6.707160159751777,0.0],[125.027934338750569,6.707159038202346,0.0],[125.027933216878111,6.706887827050765,0.0],[125.027661940241401,6.706888948554366,0.0],[125.02766306196402,6.707160159751777,0.0]]],[[[125.026577954353854,6.7071646444515,0.0],[125.02684923132604,6.707163523501323,0.0],[125.026848110052825,6.706892312166688,0.0],[125.026576833230578,6.706893433071213,0.0],[125.026577954353854,6.7071646444515,0.0]]],[[[125.025228292016507,6.708797516542462,0.0],[125.025499570119507,6.708796396066927,0.0],[125.025498449317382,6.70852518452286,0.0],[125.025227171364222,6.708526304952653,0.0],[125.025228292016507,6.708797516542462,0.0]]],[[[125.025770848176052,6.708795275441646,0.0],[125.025771969174372,6.709066486936863,0.0],[125.026043247334485,6.709065366116094,0.0],[125.02604212618634,6.708794154666529,0.0],[125.025770848176052,6.708795275441646,0.0]]],[[[125.026315646792682,6.709335456546026,0.0],[125.026586925009894,6.709334335379844,0.0],[125.02658580351563,6.70906312402487,0.0],[125.026314525448242,6.7090642451454,0.0],[125.026315646792682,6.709335456546026,0.0]]],[[[125.02685932487141,6.709604425369773,0.0],[125.027130603145835,6.709603303858089,0.0],[125.027129481305352,6.709332092597884,0.0],[125.026858203180851,6.709333214063737,0.0],[125.02685932487141,6.709604425369773,0.0]]],[[[125.02821683826582,6.709870027387219,0.0],[125.028488116458178,6.709868905080527,0.0],[125.028486993821971,6.709597694052225,0.0],[125.028215715779538,6.709598816313087,0.0],[125.02821683826582,6.709870027387219,0.0]]],[[[125.029031795685938,6.710137870951258,0.0],[125.029303073888954,6.710136748149318,0.0],[125.029301950756619,6.709865537261526,0.0],[125.029030672703527,6.709866660017725,0.0],[125.029031795685938,6.710137870951258,0.0]]],[[[125.02957547537406,6.710406836036307,0.0],[125.029846753634089,6.710405712888865,0.0],[125.029845630155535,6.710134502095753,0.0],[125.029574352045429,6.710135625197453,0.0],[125.02957547537406,6.710406836036307,0.0]]],[[[125.036358545048984,6.710649922079157,0.0],[125.036359672218097,6.710921131764889,0.0],[125.036630949614988,6.710920004778917,0.0],[125.036629822295865,6.710648795139105,0.0],[125.036628695023452,6.710377585496095,0.0],[125.036357417926411,6.710378712390139,0.0],[125.036358545048984,6.710649922079157,0.0]]],[[[125.049070750497364,6.636284692704728,0.0],[125.049270728107317,6.636283865862155,0.0],[125.049070015741648,6.636107005335333,0.0],[125.049070750497364,6.636284692704728,0.0]]],[[[125.049343106331335,6.636554779534074,0.0],[125.049577079792144,6.636553811962329,0.0],[125.049342246517568,6.636346885316249,0.0],[125.049343106331335,6.636554779534074,0.0]]],[[[125.049615462461787,6.636824866119615,0.0],[125.04961658437341,6.637096074361701,0.0],[125.049887818888621,6.637094952461351,0.0],[125.049888940995388,6.637366160654055,0.0],[125.049890063148951,6.63763736884365,0.0],[125.049891185349423,6.637908577030047,0.0],[125.050162420262353,6.637907454842726,0.0],[125.050161297913732,6.637636246702514,0.0],[125.050160175611921,6.637365038559193,0.0],[125.050159053357021,6.637093830412764,0.0],[125.050158977222978,6.637075430817735,0.0],[125.050036253875504,6.636958419670547,0.0],[125.049614477548275,6.636586765521662,0.0],[125.049615462461787,6.636824866119615,0.0]]],[[[125.049619950389499,6.637909699069131,0.0],[125.049621072488534,6.638180907298694,0.0],[125.049622194634566,6.63845211552506,0.0],[125.049623316827393,6.638723323748228,0.0],[125.049624439067017,6.638994531968287,0.0],[125.049895674619975,6.638993409744285,0.0],[125.049894552232018,6.638722201570411,0.0],[125.049893429890858,6.638450993393428,0.0],[125.049892307596693,6.638179785213336,0.0],[125.049891185349423,6.637908577030047,0.0],[125.049619950389499,6.637909699069131,0.0]]],[[[125.049896797054743,6.639264617914873,0.0],[125.050168032709038,6.639263495496359,0.0],[125.050166910125938,6.638992287371956,0.0],[125.049895674619975,6.638993409744285,0.0],[125.049896797054743,6.639264617914873,0.0]]],[[[125.050168032709038,6.639263495496359,0.0],[125.05016915533902,6.639534703617653,0.0],[125.050170278015813,6.63980591173575,0.0],[125.050441513919779,6.639804789076451,0.0],[125.050440391094654,6.63953358100454,0.0],[125.050439268316424,6.63926237292952,0.0],[125.050168032709038,6.639263495496359,0.0]]],[[[125.0504426367918,6.640075997145165,0.0],[125.050713872797189,6.640074874291355,0.0],[125.050712749776835,6.639803666268826,0.0],[125.050441513919779,6.639804789076451,0.0],[125.0504426367918,6.640075997145165,0.0]]],[[[125.05071499586434,6.640346082310686,0.0],[125.050986231971066,6.640344959262277,0.0],[125.050985108755583,6.640073751289219,0.0],[125.050713872797189,6.640074874291355,0.0],[125.05071499586434,6.640346082310686,0.0]]],[[[125.050987355233431,6.640616167232225,0.0],[125.051258591441595,6.640615043989304,0.0],[125.051257468030897,6.64034383606563,0.0],[125.050986231971066,6.640344959262277,0.0],[125.050987355233431,6.640616167232225,0.0]]],[[[125.051532074861512,6.641156336343355,0.0],[125.05153095120869,6.64088512847226,0.0],[125.051529827602778,6.640613920598057,0.0],[125.051258591441595,6.640615043989304,0.0],[125.051259714899189,6.640886251909781,0.0],[125.051260838403678,6.641157459827061,0.0],[125.051261961954978,6.641428667741232,0.0],[125.051263085553344,6.641699875652205,0.0],[125.050991848751977,6.641700999080222,0.0],[125.050720611903699,6.641702122359914,0.0],[125.05044937500854,6.641703245491368,0.0],[125.050450498208733,6.641974453537967,0.0],[125.050721735252225,6.641973330360327,0.0],[125.050992972248821,6.641972207034361,0.0],[125.051264209198521,6.641971083560159,0.0],[125.051535446101326,6.641969959937541,0.0],[125.05153432230783,6.641698752075951,0.0],[125.051533198561131,6.641427544211163,0.0],[125.051532074861512,6.641156336343355,0.0]]],[[[125.05045162145592,6.642245661581545,0.0],[125.050450498208733,6.641974453537967,0.0],[125.050179261118345,6.641975576567369,0.0],[125.049908023981146,6.641976699448358,0.0],[125.049909146931597,6.642247907584395,0.0],[125.04991026992893,6.642519115717236,0.0],[125.05018150736278,6.642517992743699,0.0],[125.050180384217114,6.642246784657133,0.0],[125.05045162145592,6.642245661581545,0.0]]],[[[125.049911392973172,6.642790323846968,0.0],[125.04991026992893,6.642519115717236,0.0],[125.049639032448098,6.642520238542446,0.0],[125.049640155343923,6.642791446718364,0.0],[125.049641278286728,6.643062654891172,0.0],[125.049642401276259,6.643333863060783,0.0],[125.049913639202146,6.643332740096928,0.0],[125.049912516064211,6.643061531973502,0.0],[125.049911392973172,6.642790323846968,0.0]]],[[[125.049372286191641,6.643606194089089,0.0],[125.049643524312756,6.643605071227285,0.0],[125.049642401276259,6.643333863060783,0.0],[125.049371163303547,6.643334985876401,0.0],[125.049372286191641,6.643606194089089,0.0]]],[[[125.04937340912663,6.643877402298668,0.0],[125.049372286191641,6.643606194089089,0.0],[125.049101048023715,6.643607316802567,0.0],[125.049102170810386,6.643878525058331,0.0],[125.04937340912663,6.643877402298668,0.0]]],[[[125.049103293643853,6.644149733310987,0.0],[125.049102170810386,6.643878525058331,0.0],[125.048830932447146,6.643879647669668,0.0],[125.048832055132294,6.644150855968598,0.0],[125.049103293643853,6.644149733310987,0.0]]],[[[125.048833177864154,6.64442206426433,0.0],[125.048834300642994,6.644693272556865,0.0],[125.049105539451304,6.644692149806883,0.0],[125.049104416524131,6.644420941560534,0.0],[125.048833177864154,6.64442206426433,0.0]]],[[[125.048292945414616,6.64496672599356,0.0],[125.048564184465036,6.644965603494133,0.0],[125.04883542346866,6.644964480846292,0.0],[125.048834300642994,6.644693272556865,0.0],[125.048563061787803,6.644694395158521,0.0],[125.048291822885801,6.644695517611674,0.0],[125.048292945414616,6.64496672599356,0.0]]],[[[125.048294067990341,6.645237934372248,0.0],[125.048292945414616,6.64496672599356,0.0],[125.0480217063174,6.644967848344661,0.0],[125.047750467173273,6.644968970547347,0.0],[125.047751589452162,6.645240179018406,0.0],[125.047752711777946,6.645511387486356,0.0],[125.048023951218809,6.645510265191299,0.0],[125.048022828744706,6.645239056769534,0.0],[125.048294067990341,6.645237934372248,0.0]]],[[[125.047753834150456,6.645782595951109,0.0],[125.047752711777946,6.645511387486356,0.0],[125.047481472290187,6.645512509632998,0.0],[125.047482594514378,6.645783718144025,0.0],[125.047483716785266,6.646054926651854,0.0],[125.047484839103063,6.646326135156575,0.0],[125.047485961467672,6.646597343658098,0.0],[125.047487083879076,6.646868552156424,0.0],[125.047488206337377,6.64713976065173,0.0],[125.047489328842403,6.64741096914375,0.0],[125.047760569369245,6.647409846673722,0.0],[125.047759446715631,6.647138638227887,0.0],[125.047758324108997,6.646867429778855,0.0],[125.047757201549089,6.646596221326626,0.0],[125.047756079036063,6.646325012871288,0.0],[125.047754956569861,6.646053804412753,0.0],[125.047753834150456,6.645782595951109,0.0]]],[[[125.050741963545306,6.646855073828726,0.0],[125.051013203212747,6.646853949669915,0.0],[125.051012078871679,6.646582741772531,0.0],[125.050740839352656,6.646583865884979,0.0],[125.050741963545306,6.646855073828726,0.0]]],[[[125.050497714960045,6.653365188650704,0.0],[125.05076895823882,6.653364063530174,0.0],[125.05076783292057,6.653092855662188,0.0],[125.050496589790399,6.653093980736533,0.0],[125.050497714960045,6.653365188650704,0.0]]],[[[125.060265835241751,6.654138209426894,0.0],[125.060537077273963,6.654137078818398,0.0],[125.060535946465365,6.653865872629336,0.0],[125.060264704581741,6.65386700319138,0.0],[125.05999346265105,6.653868133604832,0.0],[125.059722220673194,6.653869263869692,0.0],[125.059723351035927,6.654140470198109,0.0],[125.059994593162372,6.654139339886798,0.0],[125.060265835241751,6.654138209426894,0.0]]],[[[125.058913014407551,6.654957479625065,0.0],[125.059184257121089,6.654956349620087,0.0],[125.05918312691422,6.65468514320827,0.0],[125.058911884349286,6.654686273166708,0.0],[125.058913014407551,6.654957479625065,0.0]]],[[[125.059187648024192,6.655769968836709,0.0],[125.05918877841944,6.656041175235914,0.0],[125.059460021680451,6.656040044896625,0.0],[125.059458891136615,6.655768838543783,0.0],[125.059457760639759,6.655497632187921,0.0],[125.059186517676025,6.655498762434306,0.0],[125.059187648024192,6.655769968836709,0.0]]],[[[125.049965354223929,6.655808310364439,0.0],[125.049966479565256,6.656079518339539,0.0],[125.050237724423923,6.65607839305363,0.0],[125.050236598933992,6.655807185124716,0.0],[125.049965354223929,6.655808310364439,0.0]]],[[[125.05783369110722,6.656318031331563,0.0],[125.057834820853287,6.65658923795672,0.0],[125.058106064647021,6.656588108267667,0.0],[125.058377308393688,6.656586978429933,0.0],[125.058648552093274,6.656585848443517,0.0],[125.058647421901156,6.656314641957715,0.0],[125.058376178350258,6.656315771897678,0.0],[125.058104934752265,6.656316901688961,0.0],[125.05783369110722,6.656318031331563,0.0]]],[[[125.05783595064652,6.656860444578681,0.0],[125.057834820853287,6.65658923795672,0.0],[125.057563577012573,6.656590367497093,0.0],[125.057564706657118,6.656861574165505,0.0],[125.05783595064652,6.656860444578681,0.0]]],[[[125.0494284903519,6.657166600704376,0.0],[125.049699735898997,6.657165475530822,0.0],[125.049698610518845,6.65689426752206,0.0],[125.049427365120437,6.656895392649429,0.0],[125.0494284903519,6.657166600704376,0.0]]],[[[125.049159495064174,6.657710141922277,0.0],[125.049430740955515,6.657709016804856,0.0],[125.04942961563026,6.657437808756215,0.0],[125.049158369887593,6.657438933827362,0.0],[125.049159495064174,6.657710141922277,0.0]]],[[[125.057569225705819,6.657946400807355,0.0],[125.057568095873052,6.657675194151556,0.0],[125.057566966087364,6.657403987492736,0.0],[125.057295721753533,6.657405117023782,0.0],[125.057296851390532,6.657676323729054,0.0],[125.057297981074612,6.657947530431216,0.0],[125.057299110805673,6.658218737130182,0.0],[125.057570355585653,6.658217607459869,0.0],[125.057569225705819,6.657946400807355,0.0]]],[[[125.056486505515778,6.658493332083979,0.0],[125.056757750585561,6.658492202813346,0.0],[125.056756621104782,6.658220996024675,0.0],[125.056485376183772,6.658222125248945,0.0],[125.056486505515778,6.658493332083979,0.0]]],[[[125.055945144316979,6.658766797103852,0.0],[125.056216389629498,6.65876566808413,0.0],[125.056215260399014,6.65849446120593,0.0],[125.055944015235255,6.658495590179201,0.0],[125.055945144316979,6.658766797103852,0.0]]],[[[125.054864677014237,6.659856140104368,0.0],[125.054865805736057,6.660127347198661,0.0],[125.055137051980282,6.660126218542026,0.0],[125.055408298177426,6.660125089736533,0.0],[125.055679544327589,6.660123960782447,0.0],[125.055678415159548,6.659852753827242,0.0],[125.055949661113956,6.65985162477075,0.0],[125.055948531844123,6.65958041785871,0.0],[125.055947402621356,6.659309210943651,0.0],[125.05594627344567,6.659038004025306,0.0],[125.055675027937397,6.659039132942621,0.0],[125.055676156964495,6.659310339907329,0.0],[125.055404911260467,6.659311468722326,0.0],[125.055406040185773,6.6595826757302,0.0],[125.055407169158059,6.659853882734965,0.0],[125.055135923109688,6.659855011494007,0.0],[125.054864677014237,6.659856140104368,0.0]]],[[[125.054866934504957,6.660398554289846,0.0],[125.054865805736057,6.660127347198661,0.0],[125.054594559444951,6.660128475706615,0.0],[125.05432331310675,6.660129604065887,0.0],[125.054324441578117,6.660400811249709,0.0],[125.054053195044261,6.660401939506575,0.0],[125.053781948463325,6.66040306761476,0.0],[125.053783076684226,6.66067427488811,0.0],[125.053511829907634,6.660675402893887,0.0],[125.053512958026744,6.660946610210403,0.0],[125.053784204952009,6.660945482158351,0.0],[125.054055451830394,6.66094435395753,0.0],[125.054054323413837,6.660673146733651,0.0],[125.054325570096466,6.660672018430422,0.0],[125.054596816732101,6.660670889978513,0.0],[125.054595688065078,6.660399682844163,0.0],[125.054866934504957,6.660398554289846,0.0]]],[[[125.05242909742671,6.661222328429948,0.0],[125.052700344688603,6.661221200926524,0.0],[125.052971591903614,6.66122007327433,0.0],[125.053242839071629,6.661218945473455,0.0],[125.053514086192649,6.66121781752381,0.0],[125.053512958026744,6.660946610210403,0.0],[125.053241711054383,6.660947738113774,0.0],[125.052970464035141,6.660948865868286,0.0],[125.052699216968918,6.660949993474206,0.0],[125.0524279698557,6.660951120931267,0.0],[125.05242909742671,6.661222328429948,0.0]]],[[[125.052430225044617,6.661493535925342,0.0],[125.05242909742671,6.661222328429948,0.0],[125.052157850117837,6.661223455784602,0.0],[125.05215897758697,6.661494663326271,0.0],[125.052430225044617,6.661493535925342,0.0]]],[[[125.049446500430136,6.661505929154452,0.0],[125.049717748356827,6.661504803241045,0.0],[125.049716622226711,6.661233595282821,0.0],[125.049445374448695,6.661234721150042,0.0],[125.049446500430136,6.661505929154452,0.0]]],[[[125.052160105103013,6.66176587086492,0.0],[125.05215897758697,6.661494663326271,0.0],[125.051887730082427,6.661495790578518,0.0],[125.051616482530889,6.661496917681995,0.0],[125.051345234932469,6.661498044636702,0.0],[125.051346362002192,6.661769252314174,0.0],[125.051617609749385,6.661768125313192,0.0],[125.051888857449697,6.661766998163441,0.0],[125.052160105103013,6.66176587086492,0.0]]],[[[125.048362633687816,6.66178163950669,0.0],[125.048363759167884,6.662052847689712,0.0],[125.04863500757962,6.662051722278926,0.0],[125.048633881950778,6.661780514142088,0.0],[125.048362633687816,6.66178163950669,0.0]]],[[[125.048093636087444,6.662325181177828,0.0],[125.04809476151236,6.66259638940073,0.0],[125.048366010268523,6.662595264046254,0.0],[125.048364884694749,6.662324055869537,0.0],[125.048363759167884,6.662052847689712,0.0],[125.048092510709338,6.662053972951729,0.0],[125.048093636087444,6.662325181177828,0.0]]],[[[125.049993501821419,6.662588508795051,0.0],[125.050264750249497,6.662587382399097,0.0],[125.050263623634166,6.662316174546032,0.0],[125.049992375354947,6.662317300895713,0.0],[125.049993501821419,6.662588508795051,0.0]]],[[[125.049183134597428,6.663405511185236,0.0],[125.049454383612598,6.663404385096947,0.0],[125.049453257303057,6.663133177114653,0.0],[125.049182008436759,6.663134303156757,0.0],[125.049183134597428,6.663405511185236,0.0]]],[[[125.054066738579891,6.663656426022322,0.0],[125.054067867513183,6.663927633211473,0.0],[125.054339115981321,6.663926504352156,0.0],[125.054610364402464,6.663925375344069,0.0],[125.05460923517154,6.663654168247644,0.0],[125.054337986899156,6.663655297209368,0.0],[125.054066738579891,6.663656426022322,0.0]]],[[[125.054611493680468,6.664196582437296,0.0],[125.054882742203489,6.664195453233988,0.0],[125.054881612776626,6.663924246187123,0.0],[125.054610364402464,6.663925375344069,0.0],[125.054611493680468,6.664196582437296,0.0]]],[[[125.054885001198087,6.664737867318302,0.0],[125.055156249971745,6.664736737873498,0.0],[125.055157379688339,6.665007944864496,0.0],[125.055158076973854,6.665175334032889,0.0],[125.055970509426544,6.664856555178997,0.0],[125.05596999601066,6.664733348646021,0.0],[125.055698747378031,6.664734478537313,0.0],[125.055697617410715,6.664463271635843,0.0],[125.05569648749038,6.664192064731265,0.0],[125.055425239108402,6.664193194380972,0.0],[125.055153990679443,6.664194323881909,0.0],[125.054882742203489,6.664195453233988,0.0],[125.054883871677248,6.664466660277744,0.0],[125.054885001198087,6.664737867318302,0.0]]],[[[125.050817391291844,6.665025998863503,0.0],[125.051088640918692,6.665024871604772,0.0],[125.051087513434808,6.664753663918952,0.0],[125.050816263956818,6.664754791131409,0.0],[125.050817391291844,6.665025998863503,0.0]]],[[[125.048179301892205,6.68293699710095,0.0],[125.048180430877466,6.683208205083244,0.0],[125.048451690960306,6.683207076216822,0.0],[125.048722950996336,6.683205947201185,0.0],[125.048721821712476,6.682934739311261,0.0],[125.048450561825746,6.682935868280713,0.0],[125.048179301892205,6.68293699710095,0.0]]],[[[125.048995340465453,6.683476025876787,0.0],[125.049266600556905,6.683474896516448,0.0],[125.049265470927722,6.683203688722092,0.0],[125.048994210985384,6.683204818036246,0.0],[125.048995340465453,6.683476025876787,0.0]]],[[[125.047639039304912,6.683481670439915,0.0],[125.047910299630672,6.683480541825735,0.0],[125.047909170747815,6.683209333800364,0.0],[125.047637910571282,6.683210462368359,0.0],[125.047366650347925,6.683211590786962,0.0],[125.047095390077686,6.683212719056439,0.0],[125.047096518512802,6.683483927220366,0.0],[125.047367778932269,6.683482798904792,0.0],[125.047639039304912,6.683481670439915,0.0]]],[[[125.050624030733701,6.683740455035623,0.0],[125.050895290693177,6.68373932473346,0.0],[125.050894160121359,6.683468117219946,0.0],[125.050622900311197,6.683469247475835,0.0],[125.050624030733701,6.683740455035623,0.0]]],[[[125.054447726650935,6.689962375313994,0.0],[125.05459503503775,6.689961759811767,0.0],[125.054446173560393,6.689590802915366,0.0],[125.054446593057534,6.689691168475407,0.0],[125.054447726650935,6.689962375313994,0.0]]],[[[125.054180998112301,6.691048336130376,0.0],[125.054182131791137,6.691319542999516,0.0],[125.054453395322511,6.691318409459321,0.0],[125.054452261494191,6.691047202636633,0.0],[125.054451127712852,6.690775995810747,0.0],[125.054179864480446,6.690777129258216,0.0],[125.054180998112301,6.691048336130376,0.0]]],[[[125.052288949624099,6.692683509515693,0.0],[125.052290082538491,6.692954716690012,0.0],[125.052561347295551,6.692953583918002,0.0],[125.05256021423159,6.692682376789958,0.0],[125.05255908121471,6.692411169658805,0.0],[125.052287816756703,6.692412302338266,0.0],[125.052288949624099,6.692683509515693,0.0]]],[[[125.053648673318548,6.693491465211197,0.0],[125.053649807121289,6.693762672144286,0.0],[125.053921072091953,6.693761538485963,0.0],[125.053919938139643,6.693490331599148,0.0],[125.053918804234314,6.693219124709135,0.0],[125.053647539562704,6.693220258274821,0.0],[125.053648673318548,6.693491465211197,0.0]]],[[[125.050685143211979,6.698385658555925,0.0],[125.050684010256205,6.698114451167467,0.0],[125.050682877347427,6.697843243775812,0.0],[125.05068174448553,6.697572036381048,0.0],[125.050680611670529,6.697300828983086,0.0],[125.05040934419236,6.697301961449029,0.0],[125.05013807666721,6.697303093765403,0.0],[125.049866809095249,6.697304225932297,0.0],[125.049867941461443,6.697575433469081,0.0],[125.050139209183072,6.697574301255913,0.0],[125.050140341745731,6.697845508743314,0.0],[125.050141474355385,6.698116716227429,0.0],[125.050412742329243,6.698115583772233,0.0],[125.050413875135362,6.698386791206965,0.0],[125.050685143211979,6.698385658555925,0.0]]],[[[125.051772482298404,6.698923540853117,0.0],[125.052043750439594,6.698922407361594,0.0],[125.052042616641913,6.698651200210901,0.0],[125.051771348650291,6.69865233365615,0.0],[125.051772482298404,6.698923540853117,0.0]]],[[[125.052317286569334,6.699463687919658,0.0],[125.052588554915971,6.699462554036359,0.0],[125.052587420725089,6.69919134698461,0.0],[125.052316152528121,6.699192480821634,0.0],[125.052317286569334,6.699463687919658,0.0]]]]}}
]
}
