{
"type": "FeatureCollection",
"name": "SYSTRA ID_376",
"crs": { "type": "name", "properties": { "name": "urn:ogc:def:crs:OGC::CRS84" } },
"xy_coordinate_resolution": 1e-15,
"features": [
{"type":"Feature","properties":{"fid":70,"Var":1.0,"layer":"IlocosSur_Flood_5year","path":"C:/Users/cbposadas/Desktop/New folder/IlocosSur/IlocosSur_Flood_5year.shp","Risk Level":"Low","SYSTRA ID":"376","DAR ID":"376","Target Year":"BUFFER B","Bridge Category":"Buffer List","Bridge Name":"KILKILING-CAMAA BAILEY BRIDGE","Coordinates Y":"16.8725353","Coordinates X":"120.5494269","Region":"I","Province":"ILOCOS SUR","ARC 2026":"","LINEAR METER IVF 2026":"","EIRR 2026":"","NEW/REPLACEMENT BRIDGE 2026":"","Visited by SYSTRA":"No","Selected for 2nd Visit of SYSTRA":"No","Final Funder":"No Funder","2023 IVF URL":"https://drive.google.com/open?id=16cGqR89YeU0UYeVHmDuzHM0LqooSsCr4","2026 IVF URL":"https://drive.google.com/open?id=16cGqR89YeU0UYeVHmDuzHM0LqooSsCr4"},"geometry":{"type":"MultiPolygon","coordinates":[[[[120.520274829309656,16.898960541311943,0.0],[120.520273648387359,16.899050852567839,0.0],[120.520367456631206,16.899051989449717,0.0],[120.520368637508909,16.898961678187337,0.0],[120.520274829309656,16.898960541311943,0.0]]],[[[120.520825871739206,16.899870474826258,0.0],[120.520824691011782,16.899960786111908,0.0],[120.520918499744823,16.899961922800607,0.0],[120.520919680427582,16.899871611508473,0.0],[120.520825871739206,16.899870474826258,0.0]]],[[[120.521291373718483,16.900147091759351,0.0],[120.52138518257685,16.900148228246344,0.0],[120.521478991442507,16.900149364690439,0.0],[120.521480171872398,16.900059053361446,0.0],[120.52138636305132,16.900057916923835,0.0],[120.521292554237448,16.900056780443236,0.0],[120.521198745430951,16.900055643919828,0.0],[120.521104936631644,16.900054507353431,0.0],[120.521011127839529,16.900053370744136,0.0],[120.521009947186798,16.900143682040977,0.0],[120.521103756023507,16.900144818656667,0.0],[120.521197564867393,16.900145955229458,0.0],[120.521291373718483,16.900147091759351,0.0]]],[[[120.520905511755473,16.900955346956433,0.0],[120.520999320985993,16.900956483672932,0.0],[120.521093130223704,16.900957620346531,0.0],[120.521094310897126,16.900867309051112,0.0],[120.521000501703924,16.900866172383996,0.0],[120.520906692518082,16.900865035673981,0.0],[120.520905511755473,16.900955346956433,0.0]]],[[[120.520905511755473,16.900955346956433,0.0],[120.520811702532242,16.900954210197124,0.0],[120.520810521717863,16.901044521472294,0.0],[120.520809340896292,16.901134832746664,0.0],[120.520903150208611,16.901135969518851,0.0],[120.520904330985687,16.901045658238175,0.0],[120.520905511755473,16.900955346956433,0.0]]],[[[120.521081323090925,16.901860733252057,0.0],[120.521080142337738,16.901951044537796,0.0],[120.521173952073013,16.901952181239196,0.0],[120.521175132781607,16.901861869946973,0.0],[120.521081323090925,16.901860733252057,0.0]]],[[[120.521158602201851,16.903126227957618,0.0],[120.521157421391734,16.903216539237494,0.0],[120.521251231758328,16.903217675985967,0.0],[120.521252412523765,16.903127364699607,0.0],[120.521158602201851,16.903126227957618,0.0]]],[[[120.520969800680419,16.90321426561194,0.0],[120.520968619773939,16.90330457687805,0.0],[120.52106243017063,16.903305713718716,0.0],[120.521063611032531,16.903215402446211,0.0],[120.520969800680419,16.90321426561194,0.0]]],[[[120.521232338524683,16.904662656448096,0.0],[120.521326149611667,16.904663793256432,0.0],[120.521327330448614,16.90457348197771,0.0],[120.521233519406124,16.904572345175769,0.0],[120.521232338524683,16.904662656448096,0.0]]],[[[120.520751471755702,16.905560084116185,0.0],[120.520845283252314,16.90556122120341,0.0],[120.520846464384576,16.905470909965544,0.0],[120.520752652932543,16.905469772884715,0.0],[120.520751471755702,16.905560084116185,0.0]]],[[[120.52056266751093,16.905648121030566,0.0],[120.520561486230434,16.905738432247382,0.0],[120.520655297801653,16.905739569433372,0.0],[120.520656479037655,16.905649258210072,0.0],[120.52056266751093,16.905648121030566,0.0]]],[[[120.520936732559022,16.905742980733592,0.0],[120.520935551449497,16.905833291975277,0.0],[120.521029363094442,16.905834428995977,0.0],[120.521030544159288,16.905744117747897,0.0],[120.520936732559022,16.905742980733592,0.0]]],[[[120.520548491665892,16.906731855574449,0.0],[120.520547310298355,16.906822166780696,0.0],[120.520641122404626,16.906823304043868,0.0],[120.52064230372757,16.906732992831138,0.0],[120.520548491665892,16.906731855574449,0.0]]],[[[120.520628127373342,16.907816727325994,0.0],[120.520626945963357,16.907907038528244,0.0],[120.520720758611944,16.907908175825522,0.0],[120.520721939977349,16.907817864616877,0.0],[120.520628127373342,16.907816727325994,0.0]]],[[[120.521573980700651,16.900060189756157,0.0],[120.521572800315354,16.900150501091545,0.0],[120.521666609195478,16.900151637449842,0.0],[120.521667789536195,16.90006132610797,0.0],[120.521573980700651,16.900060189756157,0.0]]],[[[120.522603518492829,16.900253310077314,0.0],[120.522602338583241,16.900343621481625,0.0],[120.522696147632203,16.900344757380644,0.0],[120.522697327497212,16.900254445969939,0.0],[120.522603518492829,16.900253310077314,0.0]]],[[[120.522227102459908,16.900339077456202,0.0],[120.522133293447169,16.900337941342599,0.0],[120.52213211330745,16.900428252713958,0.0],[120.522225922364768,16.900429388833956,0.0],[120.522319731429292,16.900430524911144,0.0],[120.522413540501091,16.900431660945344,0.0],[120.522507349580167,16.900432796936645,0.0],[120.52250852954154,16.900342485539618,0.0],[120.522414720507044,16.900341349554711,0.0],[120.522320911479838,16.900340213526906,0.0],[120.522227102459908,16.900339077456202,0.0]]],[[[120.52213211330745,16.900428252713958,0.0],[120.522038304257407,16.900427116550972,0.0],[120.521944495214569,16.900425980345087,0.0],[120.521943314978571,16.900516291702679,0.0],[120.522037124065918,16.900517427914959,0.0],[120.52213093316054,16.90051856408434,0.0],[120.52213211330745,16.900428252713958,0.0]]],[[[120.522882585968716,16.90043734047277,0.0],[120.522881406178314,16.900527651894578,0.0],[120.522975215338221,16.900528787677779,0.0],[120.522976395084029,16.900438476249576,0.0],[120.522882585968716,16.90043734047277,0.0]]],[[[120.521474269650398,16.90051060999744,0.0],[120.521473089184269,16.900600921322081,0.0],[120.521566898279957,16.900602057755339,0.0],[120.521568078701492,16.900511746424304,0.0],[120.521474269650398,16.90051060999744,0.0]]],[[[120.521942134735198,16.900606603059384,0.0],[120.521943314978571,16.900516291702679,0.0],[120.521849505898416,16.900515155447501,0.0],[120.521755696825551,16.900514019149334,0.0],[120.521754516493104,16.900604330493159,0.0],[120.521848325610549,16.900605466797721,0.0],[120.521942134735198,16.900606603059384,0.0]]],[[[120.521281929305232,16.900869582256647,0.0],[120.521375738520121,16.900870718795066,0.0],[120.521376919052585,16.900780407479573,0.0],[120.52128310988229,16.900779270947549,0.0],[120.521281929305232,16.900869582256647,0.0]]],[[[120.521276026311313,16.901321138789079,0.0],[120.521369835749127,16.901322275359561,0.0],[120.521371016317843,16.901231964048421,0.0],[120.521277206924609,16.901230827484333,0.0],[120.521276026311313,16.901321138789079,0.0]]],[[[120.522951618900706,16.902335016058952,0.0],[120.522950439002742,16.902425327468769,0.0],[120.523044249105808,16.902426463343986,0.0],[120.523045428959179,16.902336151927685,0.0],[120.522951618900706,16.902335016058952,0.0]]],[[[120.52238757853651,16.902418511316682,0.0],[120.522386398363935,16.902508822687153,0.0],[120.522480208468053,16.902509958826247,0.0],[120.522481388596148,16.902419647449381,0.0],[120.52238757853651,16.902418511316682,0.0]]],[[[120.521822357443824,16.90259231628248,0.0],[120.521821176989334,16.902682627612627,0.0],[120.521914987139112,16.902683764022083,0.0],[120.521916167549108,16.90259345268554,0.0],[120.521822357443824,16.90259231628248,0.0]]],[[[120.521631195602268,16.90286097729707,0.0],[120.521725005826752,16.902862113805114,0.0],[120.521726186340302,16.902771802483137,0.0],[120.521632376160412,16.902770665981489,0.0],[120.521631195602268,16.90286097729707,0.0]]],[[[120.521346222853055,16.903128501398697,0.0],[120.521440033189521,16.9031296380548,0.0],[120.521441213858509,16.903039326754762,0.0],[120.521347403566708,16.903038190105054,0.0],[120.521346222853055,16.903128501398697,0.0]]],[[[120.521714380878009,16.903674915663466,0.0],[120.521713200291885,16.903765226976649,0.0],[120.521807010969425,16.903766363506097,0.0],[120.521808191510956,16.90367605218643,0.0],[120.521714380878009,16.903674915663466,0.0]]],[[[120.521710839097977,16.90394584960044,0.0],[120.521712019698569,16.903855538288944,0.0],[120.521618208983739,16.903854401710202,0.0],[120.521617028338554,16.903944713015214,0.0],[120.521710839097977,16.90394584960044,0.0]]],[[[120.521523217586406,16.903943576387,0.0],[120.521522036889451,16.904033887684729,0.0],[120.521615847686178,16.904035024319338,0.0],[120.521617028338554,16.903944713015214,0.0],[120.521523217586406,16.903943576387,0.0]]],[[[120.521427045351075,16.904123062297668,0.0],[120.521520856185205,16.904124198981659,0.0],[120.521522036889451,16.904033887684729,0.0],[120.521428226099914,16.904032751007311,0.0],[120.521427045351075,16.904123062297668,0.0]]],[[[120.521602860031223,16.905028448607236,0.0],[120.521696671325515,16.905029585269556,0.0],[120.521697852013148,16.90493927396863,0.0],[120.521604040763364,16.904938137312705,0.0],[120.521602860031223,16.905028448607236,0.0]]],[[[120.522635964909398,16.904950638167012,0.0],[120.522542153587224,16.904949501940344,0.0],[120.522448342272156,16.904948365670688,0.0],[120.522447161941301,16.90503867702304,0.0],[120.522540973300863,16.905039813299091,0.0],[120.52263478466763,16.905040949532154,0.0],[120.522635964909398,16.904950638167012,0.0]]],[[[120.522345087757614,16.905669720101098,0.0],[120.522346268183767,16.90557940876127,0.0],[120.52234744860273,16.905489097420642,0.0],[120.522253637034794,16.90548796102664,0.0],[120.522159825474063,16.905486824589651,0.0],[120.522066013920508,16.905485688109852,0.0],[120.521972202374329,16.905484551587065,0.0],[120.52197102177702,16.905574862902025,0.0],[120.521877210193367,16.905573726329855,0.0],[120.521876029544273,16.905664037637621,0.0],[120.521969841172435,16.905665174216097,0.0],[120.522063652807873,16.905666310751762,0.0],[120.522157464450501,16.90566744724444,0.0],[120.52225127610042,16.905668583694219,0.0],[120.522250095622397,16.905758895026676,0.0],[120.522343907324085,16.90576003143995,0.0],[120.52243771903315,16.905761167810326,0.0],[120.522438899422013,16.90567085646499,0.0],[120.522345087757614,16.905669720101098,0.0]]],[[[120.522625342472878,16.905763440422202,0.0],[120.522719154203529,16.905764576663792,0.0],[120.52281296594154,16.905765712862394,0.0],[120.522906777686757,16.905766849018097,0.0],[120.522905597513557,16.905857160394696,0.0],[120.522999409310557,16.905858296513895,0.0],[120.523000589439178,16.9057679851309,0.0],[120.523001769560594,16.905677673747018,0.0],[120.522907957852681,16.905676537640698,0.0],[120.522814146152058,16.90567540149139,0.0],[120.522720334458711,16.905674265299183,0.0],[120.522626522772555,16.905673129063988,0.0],[120.522532711093689,16.905671992785983,0.0],[120.522531530749333,16.905762304137713,0.0],[120.522625342472878,16.905763440422202,0.0]]],[[[120.521687225564094,16.905752075645616,0.0],[120.521593413913109,16.90575093893187,0.0],[120.521592233115697,16.905841250218497,0.0],[120.521686044811361,16.905842386938726,0.0],[120.521687225564094,16.905752075645616,0.0]]],[[[120.521684864051238,16.90593269823086,0.0],[120.521778675798686,16.905933834914585,0.0],[120.5217798565142,16.905843523615967,0.0],[120.521686044811361,16.905842386938726,0.0],[120.521684864051238,16.90593269823086,0.0]]],[[[120.52298288674919,16.907122655784065,0.0],[120.523076699177679,16.907123791950248,0.0],[120.523170511613458,16.907124928073532,0.0],[120.523171691754328,16.907034616689916,0.0],[120.523077879363143,16.907033480573027,0.0],[120.522984066979234,16.907032344413238,0.0],[120.522890254602615,16.907031208210551,0.0],[120.522889074327978,16.907121519574893,0.0],[120.52298288674919,16.907122655784065,0.0]]],[[[120.52288789404615,16.907211830938348,0.0],[120.522889074327978,16.907121519574893,0.0],[120.52279526191397,16.907120383322823,0.0],[120.522794081587548,16.907210694679883,0.0],[120.522792901253851,16.907301006035965,0.0],[120.522886713756961,16.907302142300914,0.0],[120.52288789404615,16.907211830938348,0.0]]],[[[120.522416470794255,16.907386771876617,0.0],[120.522510283313068,16.907387908319645,0.0],[120.522511463787808,16.907297596983724,0.0],[120.522417651313575,16.907296460547091,0.0],[120.522323838846631,16.907295324067558,0.0],[120.522322658282718,16.907385635390689,0.0],[120.522321477711614,16.907475946712932,0.0],[120.52241529026773,16.907477083205343,0.0],[120.522416470794255,16.907386771876617,0.0]]],[[[120.522226484539701,16.907565121492581,0.0],[120.52232029713322,16.907566258034375,0.0],[120.522321477711614,16.907475946712932,0.0],[120.522227665162674,16.907474810177622,0.0],[120.522226484539701,16.907565121492581,0.0]]],[[[120.521753879099947,16.907830371983042,0.0],[120.521752698224986,16.907920683262475,0.0],[120.521846510960614,16.907921820044521,0.0],[120.521847691790896,16.907831508758782,0.0],[120.521753879099947,16.907830371983042,0.0]]],[[[120.52278581909944,16.907842874154429,0.0],[120.522784638715024,16.907933185504472,0.0],[120.522878451530318,16.907934321814363,0.0],[120.52287963187014,16.907844010457925,0.0],[120.52278581909944,16.907842874154429,0.0]]],[[[120.522409387526238,16.907928639835742,0.0],[120.522315574747182,16.907927503311178,0.0],[120.522221761975402,16.907926366743716,0.0],[120.522220581316191,16.908016678054324,0.0],[120.52231439413255,16.908017814628181,0.0],[120.522408206956285,16.908018951159139,0.0],[120.522502019787211,16.908020087647198,0.0],[120.52250320031257,16.907929776317317,0.0],[120.522504380830753,16.907839464986548,0.0],[120.522410568089086,16.907838328511367,0.0],[120.522409387526238,16.907928639835742,0.0]]],[[[120.521844149278209,16.908102442613423,0.0],[120.521937962110201,16.908103579365537,0.0],[120.522031774949468,16.908104716074575,0.0],[120.522032955705143,16.908014404777735,0.0],[120.521939142910455,16.908013268075091,0.0],[120.521845330122957,16.90801213132946,0.0],[120.521844149278209,16.908102442613423,0.0]]],[[[120.522125587795941,16.908105852740803,0.0],[120.522219400649689,16.908106989364043,0.0],[120.522220581316191,16.908016678054324,0.0],[120.522126768507022,16.908015541437479,0.0],[120.522125587795941,16.908105852740803,0.0]]],[[[120.521750336453408,16.908101305818498,0.0],[120.52174915555679,16.908191617095177,0.0],[120.521842968426171,16.908192753896586,0.0],[120.521844149278209,16.908102442613423,0.0],[120.521750336453408,16.908101305818498,0.0]]],[[[120.521841787566842,16.90828306517886,0.0],[120.521935600488007,16.908284201943765,0.0],[120.521936781302742,16.908193890655095,0.0],[120.521842968426171,16.908192753896586,0.0],[120.521841787566842,16.90828306517886,0.0]]],[[[120.522778736684245,16.908384742241363,0.0],[120.522777556256315,16.908475053586166,0.0],[120.522871369339214,16.908476189934603,0.0],[120.522872549722479,16.908385878583406,0.0],[120.522778736684245,16.908384742241363,0.0]]],[[[120.522948656926744,16.909741685154508,0.0],[120.522854843212357,16.909740548759085,0.0],[120.522841999097594,16.909740393168345,0.0],[120.5228815687055,16.909767660782549,0.0],[120.522983827431844,16.90983243681524,0.0],[120.523041290245629,16.909833132857873,0.0],[120.523042470648335,16.909742821506942,0.0],[120.522948656926744,16.909741685154508,0.0]]],[[[120.523129199841634,16.909924523312938,0.0],[120.523133885606924,16.909927491522073,0.0],[120.523133923653688,16.909924580530241,0.0],[120.523129199841634,16.909924523312938,0.0]]],[[[120.524011833553132,16.900180032459652,0.0],[120.52401065431927,16.900270343961129,0.0],[120.52410446343228,16.90027147921009,0.0],[120.524198272552567,16.900272614416153,0.0],[120.524199451697257,16.900182302901797,0.0],[120.524105642621549,16.900181167702129,0.0],[120.524011833553132,16.900180032459652,0.0]]],[[[120.523915665927802,16.900359520163462,0.0],[120.524009475078117,16.900360655461718,0.0],[120.52401065431927,16.900270343961129,0.0],[120.523916845213449,16.900269208669268,0.0],[120.523915665927802,16.900359520163462,0.0]]],[[[120.524664960396933,16.900458912892976,0.0],[120.524758769649836,16.900460047854345,0.0],[120.524759948541572,16.900369736303219,0.0],[120.524666139333348,16.900368601348244,0.0],[120.524664960396933,16.900458912892976,0.0]]],[[[120.523992964942636,16.901625016378748,0.0],[120.523994144285041,16.901534704890416,0.0],[120.523900334555364,16.901533569508672,0.0],[120.52389915516828,16.901623880990609,0.0],[120.523992964942636,16.901625016378748,0.0]]],[[[120.52389797577402,16.901714192471658,0.0],[120.52389915516828,16.901623880990609,0.0],[120.523805345401215,16.901622745559482,0.0],[120.523711535641354,16.901621610085545,0.0],[120.523710356157906,16.901711921553716,0.0],[120.52380416596236,16.901713057034137,0.0],[120.52389797577402,16.901714192471658,0.0]]],[[[120.523615366825595,16.901801097491372,0.0],[120.523616546360728,16.901710786030396,0.0],[120.52352273657084,16.901709650464177,0.0],[120.523521556991028,16.90179996191867,0.0],[120.523615366825595,16.901801097491372,0.0]]],[[[120.523426567532155,16.901889137750366,0.0],[120.523520377404026,16.901890273372363,0.0],[120.523521556991028,16.90179996191867,0.0],[120.523427747163737,16.901798826303068,0.0],[120.523426567532155,16.901889137750366,0.0]]],[[[120.523426567532155,16.901889137750366,0.0],[120.523332757667561,16.901888002085382,0.0],[120.523238947810256,16.901886866377588,0.0],[120.523237768082296,16.90197717781103,0.0],[120.523331577984194,16.901978313525309,0.0],[120.523425387893369,16.901979449196688,0.0],[120.523426567532155,16.901889137750366,0.0]]],[[[120.523705638151924,16.90207316741796,0.0],[120.523704458632238,16.902163478881867,0.0],[120.523798268659533,16.902164614394351,0.0],[120.52379944813454,16.902074302924138,0.0],[120.523705638151924,16.90207316741796,0.0]]],[[[120.52492398955151,16.902178237197148,0.0],[120.524925168491649,16.902087925649841,0.0],[120.524831358422162,16.902086790658718,0.0],[120.524737548359781,16.902085655624695,0.0],[120.524736369330455,16.902175967159213,0.0],[120.524830179437345,16.90217710219963,0.0],[120.52492398955151,16.902178237197148,0.0]]],[[[120.523141598620754,16.902156664905462,0.0],[120.523142778407774,16.902066353480102,0.0],[120.523048968475777,16.902065217673542,0.0],[120.523047788644163,16.902155529092507,0.0],[120.523046608805274,16.902245840510496,0.0],[120.523140418826443,16.902246976329845,0.0],[120.523141598620754,16.902156664905462,0.0]]],[[[120.524641380149674,16.902265143603042,0.0],[120.524735190293853,16.902266278692842,0.0],[120.524736369330455,16.902175967159213,0.0],[120.52464255923077,16.902174832075808,0.0],[120.524641380149674,16.902265143603042,0.0]]],[[[120.524452580705329,16.902353184808213,0.0],[120.524546390879706,16.902354319990206,0.0],[120.524547570012587,16.902264008470343,0.0],[120.524453759882888,16.902262873294745,0.0],[120.524452580705329,16.902353184808213,0.0]]],[[[120.524264960378403,16.902350914315353,0.0],[120.52426378110448,16.902441225815142,0.0],[120.524357591308885,16.902442361089417,0.0],[120.524358770538228,16.902352049583232,0.0],[120.524264960378403,16.902350914315353,0.0]]],[[[120.523700920029938,16.902434413268171,0.0],[120.523607109876153,16.902433277693515,0.0],[120.523513299729657,16.90243214207587,0.0],[120.523512120091937,16.902522453523346,0.0],[120.523605930283026,16.902523589147386,0.0],[120.523699740481391,16.902524724728526,0.0],[120.523700920029938,16.902434413268171,0.0]]],[[[120.524450222328639,16.902533807832484,0.0],[120.524449043129408,16.902624119343375,0.0],[120.524542853437467,16.902625254544642,0.0],[120.524544032592104,16.902534943027355,0.0],[120.524450222328639,16.902533807832484,0.0]]],[[[120.524791268879994,16.905157382558041,0.0],[120.524885080465154,16.90515851776739,0.0],[120.524886259644219,16.905068206248949,0.0],[120.524792448103554,16.905067071046084,0.0],[120.524791268879994,16.905157382558041,0.0]]],[[[120.523663170883282,16.905324379565464,0.0],[120.523569359302996,16.905323243785283,0.0],[120.523568179478147,16.905413555211176,0.0],[120.523661991102927,16.905414690997752,0.0],[120.523755802734982,16.905415826741429,0.0],[120.523756982470758,16.905325515302657,0.0],[120.523663170883282,16.905324379565464,0.0]]],[[[120.523282024740013,16.905771393211651,0.0],[120.523280844745159,16.905861704613919,0.0],[120.523374656571193,16.905862840561433,0.0],[120.523375836521467,16.90577252915277,0.0],[120.523282024740013,16.905771393211651,0.0]]],[[[120.5241263310336,16.905781615135936,0.0],[120.524125151440032,16.905871926596024,0.0],[120.524218963331265,16.90587306215718,0.0],[120.524220142880253,16.905782750690697,0.0],[120.5241263310336,16.905781615135936,0.0]]],[[[120.523656092092665,16.905866248146314,0.0],[120.523562280244946,16.905865112327675,0.0],[120.523468468404431,16.905863976465959,0.0],[120.52346728849146,16.905954287880217,0.0],[120.523561100376568,16.905955423748328,0.0],[120.523654912268867,16.90595655957345,0.0],[120.523656092092665,16.905866248146314,0.0]]],[[[120.523559920501,16.906045735168092,0.0],[120.523558740618142,16.906136046587058,0.0],[120.523652552599614,16.90613718242497,0.0],[120.523653732437879,16.90604687099961,0.0],[120.523559920501,16.906045735168092,0.0]]],[[[120.524121612615772,16.906142860970959,0.0],[120.524215424640673,16.906143996551389,0.0],[120.524309236672863,16.906145132088831,0.0],[120.52440304871233,16.906146267583374,0.0],[120.524404228193816,16.906055956106677,0.0],[120.524310416199029,16.906054820618529,0.0],[120.524216604211432,16.906053685087482,0.0],[120.524122792231111,16.906052549513447,0.0],[120.524121612615772,16.906142860970959,0.0]]],[[[120.524591852205262,16.906058226954187,0.0],[120.524498040195994,16.906057091551837,0.0],[120.524496860758902,16.906147403035018,0.0],[120.524590672812849,16.906148538443674,0.0],[120.524591852205262,16.906058226954187,0.0]]],[[[120.523651372754145,16.906227493849443,0.0],[120.523745184787401,16.90622862965094,0.0],[120.523838996828019,16.906229765409449,0.0],[120.523932808875841,16.90623090112506,0.0],[120.523933988587544,16.906140589681314,0.0],[120.523840176584315,16.906139453972187,0.0],[120.523746364588362,16.906138318220073,0.0],[120.523652552599614,16.90613718242497,0.0],[120.523651372754145,16.906227493849443,0.0]]],[[[120.52458949341316,16.906238849932361,0.0],[120.524683305518892,16.906239985304513,0.0],[120.524684484874001,16.906149673809431,0.0],[120.524590672812849,16.906148538443674,0.0],[120.52458949341316,16.906238849932361,0.0]]],[[[120.524963562650967,16.906333702676953,0.0],[120.525057374830325,16.906334837883815,0.0],[120.525058554014279,16.906244526363952,0.0],[120.5249647418796,16.906243391163486,0.0],[120.524963562650967,16.906333702676953,0.0]]],[[[120.523928089956357,16.90659214689116,0.0],[120.523834277730288,16.906591011149882,0.0],[120.52374046551131,16.906589875365615,0.0],[120.523739285674196,16.90668018679213,0.0],[120.523833097937754,16.906681322582791,0.0],[120.523926910208417,16.906682458330465,0.0],[120.524020722486455,16.90668359403524,0.0],[120.524021902189816,16.90659328258954,0.0],[120.523928089956357,16.90659214689116,0.0]]],[[[120.523644293529031,16.906769362377801,0.0],[120.523645473417929,16.906679050958569,0.0],[120.523551661168938,16.906677915082021,0.0],[120.523550481235361,16.906768226494858,0.0],[120.523644293529031,16.906769362377801,0.0]]],[[[120.524019542775818,16.90677390548014,0.0],[120.524113355105627,16.906775041148411,0.0],[120.524114534771684,16.906684729697115,0.0],[120.524020722486455,16.90668359403524,0.0],[120.524019542775818,16.90677390548014,0.0]]],[[[120.524208347064103,16.906685865316092,0.0],[120.52420716744264,16.906776176773782,0.0],[120.524300979786929,16.906777312356166,0.0],[120.524302159363813,16.906687000892081,0.0],[120.524208347064103,16.906685865316092,0.0]]],[[[120.523456668949066,16.906767090569016,0.0],[120.52345548896362,16.906857401974481,0.0],[120.523549301294594,16.906858537906718,0.0],[120.523550481235361,16.906768226494858,0.0],[120.523456668949066,16.906767090569016,0.0]]],[[[120.524957666399658,16.906785260231057,0.0],[120.524956487127696,16.906875571739285,0.0],[120.525050299574488,16.906876706984693,0.0],[120.525051478801871,16.906786395470071,0.0],[120.524957666399658,16.906785260231057,0.0]]],[[[120.523361676639936,16.906856265999256,0.0],[120.523360496602706,16.906946577397438,0.0],[120.523454308971068,16.906947713379147,0.0],[120.52345548896362,16.906857401974481,0.0],[120.523361676639936,16.906856265999256,0.0]]],[[[120.524290363269486,16.907590115494028,0.0],[120.524289183620226,16.907680426949497,0.0],[120.524382996417572,16.907681562553108,0.0],[120.524384176022252,16.907591251091333,0.0],[120.524290363269486,16.907590115494028,0.0]]],[[[120.524570622034133,16.907683833631722,0.0],[120.524664434853335,16.907684969106548,0.0],[120.524758247679642,16.907686104538563,0.0],[120.524852060513311,16.90768723992759,0.0],[120.524853239894981,16.907596928433662,0.0],[120.524759427105977,16.90759579305103,0.0],[120.524665614324164,16.907594657625499,0.0],[120.524571801549641,16.907593522157068,0.0],[120.524570622034133,16.907683833631722,0.0]]],[[[120.524100378301469,16.907768467055014,0.0],[120.524006565481201,16.907767331316045,0.0],[120.524005385683694,16.907857642750464,0.0],[120.524099198548541,16.90785877849574,0.0],[120.524193011420678,16.907859914198117,0.0],[120.524194191128927,16.907769602750907,0.0],[120.524100378301469,16.907768467055014,0.0]]],[[[120.523631314272421,16.907762787931176,0.0],[120.523630134296567,16.907853099339839,0.0],[120.523536321467958,16.90785196337989,0.0],[120.523535141440234,16.90794227478127,0.0],[120.523628954313523,16.907943410747702,0.0],[120.523722767194016,16.907944546671146,0.0],[120.523723947132467,16.907854235256888,0.0],[120.523817759975657,16.907855371131038,0.0],[120.523818939862338,16.907765059709497,0.0],[120.523725127063742,16.907763923841831,0.0],[120.523631314272421,16.907762787931176,0.0]]],[[[120.523441328574222,16.907941138771939,0.0],[120.523442508646539,16.907850827376954,0.0],[120.523348695832311,16.907849691331119,0.0],[120.523254883025444,16.907848555242385,0.0],[120.523161070225783,16.907847419110663,0.0],[120.523067257433325,16.907846282935953,0.0],[120.523066077182662,16.907936594305269,0.0],[120.523064896924737,16.908026905673697,0.0],[120.523158709806367,16.908028041861197,0.0],[120.523159890019727,16.907937730486374,0.0],[120.523253702863968,16.907938866624491,0.0],[120.5233475157155,16.907940002719709,0.0],[120.523346335591327,16.908030314107322,0.0],[120.523440148494728,16.908031450166035,0.0],[120.52353396140532,16.908032586181761,0.0],[120.523535141440234,16.90794227478127,0.0],[120.523441328574222,16.907941138771939,0.0]]],[[[120.523340434862092,16.908481871032595,0.0],[120.523339254694477,16.908572182414968,0.0],[120.523433067865398,16.908573318512229,0.0],[120.523434247988419,16.908483007123372,0.0],[120.523340434862092,16.908481871032595,0.0]]],[[[120.524834368918818,16.909041912230901,0.0],[120.524928182428582,16.909043047673308,0.0],[120.524929361874271,16.90895273618613,0.0],[120.524835548409101,16.908951600750207,0.0],[120.524834368918818,16.909041912230901,0.0]]],[[[120.523610073598761,16.90938839315352,0.0],[120.523703887192724,16.909389529179727,0.0],[120.523705067247079,16.909299217779591,0.0],[120.523611253697709,16.909298081759779,0.0],[120.523610073598761,16.90938839315352,0.0]]],[[[120.523513899703161,16.909567879856532,0.0],[120.523420086034406,16.909566743731649,0.0],[120.523326272373041,16.909565607563778,0.0],[120.523325092118483,16.90965591893567,0.0],[120.523418905824528,16.909657055109935,0.0],[120.523512719537763,16.909658191241302,0.0],[120.523513899703161,16.909567879856532,0.0]]],[[[120.5248237531803,16.909854715518332,0.0],[120.524824932735783,16.909764404045454,0.0],[120.524731118876517,16.909763268508812,0.0],[120.524729939276455,16.909853579975294,0.0],[120.5248237531803,16.909854715518332,0.0]]],[[[120.524542311490535,16.909851308760345,0.0],[120.524448497608361,16.909850173088433,0.0],[120.524447317867342,16.909940484534843,0.0],[120.52454113179401,16.909941620213061,0.0],[120.524542311490535,16.909851308760345,0.0]]],[[[120.525196650092226,16.910039880255653,0.0],[120.525197829483744,16.909949568758883,0.0],[120.525104015506358,16.909948433381135,0.0],[120.525010201536176,16.909947297960489,0.0],[120.525011381009662,16.909856986475621,0.0],[120.525012560475972,16.909766674989953,0.0],[120.525106374356895,16.909767810397721,0.0],[120.52510755377142,16.90967749890477,0.0],[120.52510873317857,16.909587187410843,0.0],[120.52501491938682,16.909586052015865,0.0],[120.525013739934991,16.909676363503308,0.0],[120.524919926105838,16.909675228058948,0.0],[120.524918746602239,16.909765539539197,0.0],[120.524917567091435,16.90985585101847,0.0],[120.5248237531803,16.909854715518332,0.0],[120.524822573617641,16.909945026990322,0.0],[120.524728759669202,16.909943891440889,0.0],[120.524729939276455,16.909853579975294,0.0],[120.524636125379899,16.909852444389269,0.0],[120.524634945727968,16.909942755848469,0.0],[120.52454113179401,16.909941620213061,0.0],[120.524539952090294,16.910031931664978,0.0],[120.524538772379302,16.910122243115918,0.0],[120.524537592661119,16.910212554566058,0.0],[120.52463140672883,16.910213690220651,0.0],[120.524632586402518,16.910123378764116,0.0],[120.52472640043284,16.910124514369414,0.0],[120.524820214470537,16.910125649931725,0.0],[120.524821394047677,16.910035338461423,0.0],[120.524915208047901,16.91003647397444,0.0],[120.525009022055485,16.91003760944438,0.0],[120.525102836070261,16.91003874487151,0.0],[120.525196650092226,16.910039880255653,0.0]]],[[[120.523975888392499,16.910115428325142,0.0],[120.524069702372202,16.910116564230911,0.0],[120.524163516359096,16.910117700093782,0.0],[120.52425733035335,16.910118835913753,0.0],[120.524258510198024,16.910028524481998,0.0],[120.524164696248519,16.91002738866851,0.0],[120.524070882306134,16.910026252812035,0.0],[120.523977068371025,16.91002511691266,0.0],[120.523975888392499,16.910115428325142,0.0]]],[[[120.524814316475997,16.910577207269824,0.0],[120.524720502215459,16.91057607167545,0.0],[120.524719322550212,16.91066638313394,0.0],[120.524813136855414,16.910667518734797,0.0],[120.524814316475997,16.910577207269824,0.0]]],[[[120.524811957227556,16.910757830198882,0.0],[120.524905771584642,16.910758965763236,0.0],[120.524906951167921,16.910668654292667,0.0],[120.524813136855414,16.910667518734797,0.0],[120.524811957227556,16.910757830198882,0.0]]],[[[120.524904591994087,16.910849277232828,0.0],[120.524998406403029,16.910850412760677,0.0],[120.524999585948919,16.910760101284602,0.0],[120.524905771584642,16.910758965763236,0.0],[120.524904591994087,16.910849277232828,0.0]]],[[[120.525332232677741,16.899654052383536,0.0],[120.525331054111263,16.899744363980137,0.0],[120.525424863058262,16.899745498589787,0.0],[120.525426041580175,16.899655186986791,0.0],[120.525332232677741,16.899654052383536,0.0]]],[[[120.525965328681195,16.901468226369595,0.0],[120.525964150281951,16.90155853799364,0.0],[120.526057960170959,16.901559672431251,0.0],[120.526059138525611,16.90146936080081,0.0],[120.525965328681195,16.901468226369595,0.0]]],[[[120.525018978568511,16.902089060598065,0.0],[120.525112788652578,16.902090195503302,0.0],[120.525113967496353,16.901999883942228,0.0],[120.525115146332936,16.901909572380355,0.0],[120.525021336338057,16.901908437487908,0.0],[120.525020157456879,16.901998749043386,0.0],[120.524926347424611,16.901997614101646,0.0],[120.524925168491649,16.902087925649841,0.0],[120.525018978568511,16.902089060598065,0.0]]],[[[120.525668577698738,16.902638873612382,0.0],[120.525574767303823,16.902637738926082,0.0],[120.525480956916184,16.902636604196971,0.0],[120.525479778199951,16.902726915777496,0.0],[120.525573588632255,16.90272805051309,0.0],[120.525667399071764,16.902729185205786,0.0],[120.525668577698738,16.902638873612382,0.0]]],[[[120.526229083493845,16.902826304091519,0.0],[120.526227905119825,16.902916615721693,0.0],[120.526321715699041,16.902917750126708,0.0],[120.526322894028567,16.902827438490139,0.0],[120.526229083493845,16.902826304091519,0.0]]],[[[120.526786056205353,16.903284668173942,0.0],[120.526784878062614,16.903374979838222,0.0],[120.526878688908198,16.903376114017817,0.0],[120.526879867006343,16.903285802347142,0.0],[120.526786056205353,16.903284668173942,0.0]]],[[[120.525431444606909,16.906429689826737,0.0],[120.525525256866914,16.90643082482541,0.0],[120.525526435835218,16.906340513274284,0.0],[120.525432623619707,16.906339378282095,0.0],[120.525431444606909,16.906429689826737,0.0]]],[[[120.525712881408765,16.90643309469397,0.0],[120.525806693690441,16.906434229563768,0.0],[120.525807872524993,16.906343917993457,0.0],[120.525714060287811,16.906342783130054,0.0],[120.525712881408765,16.90643309469397,0.0]]],[[[120.525332916051909,16.906789800929364,0.0],[120.525239103628024,16.906788665819224,0.0],[120.525145291211345,16.906787530666097,0.0],[120.525144112028471,16.906877842187114,0.0],[120.525237924489815,16.906878977346636,0.0],[120.525331736958279,16.906880112463259,0.0],[120.525332916051909,16.906789800929364,0.0]]],[[[120.526800918437871,16.909336682344996,0.0],[120.526802097013416,16.909246370732141,0.0],[120.526708283269798,16.909245236135636,0.0],[120.52670710464966,16.909335547742096,0.0],[120.526800918437871,16.909336682344996,0.0]]],[[[120.526613290868653,16.909334413096296,0.0],[120.52661211219673,16.909424724695473,0.0],[120.526705926022331,16.909425859347667,0.0],[120.52670710464966,16.909335547742096,0.0],[120.526613290868653,16.909334413096296,0.0]]],[[[120.526517119654542,16.909513901592184,0.0],[120.526610933517532,16.909515036293762,0.0],[120.52661211219673,16.909424724695473,0.0],[120.526518298378335,16.909423590000291,0.0],[120.526517119654542,16.909513901592184,0.0]]],[[[120.526140685365647,16.909599673921868,0.0],[120.526234499244268,16.909600808801613,0.0],[120.526328313130179,16.909601943638371,0.0],[120.526422127023181,16.90960307843223,0.0],[120.526423305798843,16.90951276684762,0.0],[120.526329491950335,16.909511632060244,0.0],[120.526235678109103,16.909510497229792,0.0],[120.526141864275061,16.90950936235653,0.0],[120.526140685365647,16.909599673921868,0.0]]],[[[120.525390174597277,16.909590593338205,0.0],[120.525296360783756,16.909589458072013,0.0],[120.525295181465779,16.90967976957873,0.0],[120.525201367614955,16.909678634263155,0.0],[120.525200188245108,16.909768945762679,0.0],[120.525294002140527,16.909770081084559,0.0],[120.525387816043207,16.90977121636363,0.0],[120.52538899532388,16.909680904851317,0.0],[120.525390174597277,16.909590593338205,0.0]]],[[[120.526227425903514,16.91014267821371,0.0],[120.526321240056944,16.910143813089014,0.0],[120.526322418920529,16.910053501516039,0.0],[120.526228604811692,16.910052366647218,0.0],[120.526229783712751,16.909962055079838,0.0],[120.526135969655698,16.909960920174424,0.0],[120.526134790710131,16.910051231735409,0.0],[120.526040976615775,16.910050096780612,0.0],[120.526039797618338,16.910140408334314,0.0],[120.526133611757373,16.910141543295506,0.0],[120.526227425903514,16.91014267821371,0.0]]],[[[120.525661003564082,16.910406802638974,0.0],[120.525754817807922,16.910407937791124,0.0],[120.525755996960783,16.91031762625936,0.0],[120.525662182761621,16.910316491113605,0.0],[120.525568368569566,16.910315355924951,0.0],[120.525567189327532,16.910405667443836,0.0],[120.525566010078123,16.910495978961922,0.0],[120.525659824359352,16.910497114163455,0.0],[120.525661003564082,16.910406802638974,0.0]]],[[[120.526499437929658,16.910868575365075,0.0],[120.526500616761894,16.910778263786415,0.0],[120.526406802281883,16.910777128952056,0.0],[120.526312987808993,16.910775994074797,0.0],[120.526311808887499,16.910866305640667,0.0],[120.526405623404898,16.910867440524409,0.0],[120.526499437929658,16.910868575365075,0.0]]],[[[120.525091041310603,16.910941859727121,0.0],[120.525092220819175,16.91085154824545,0.0],[120.524998406403029,16.910850412760677,0.0],[120.524997226849862,16.910940724235864,0.0],[120.525091041310603,16.910941859727121,0.0]]],[[[120.526498259090062,16.910958886942936,0.0],[120.526592073666606,16.910960021747098,0.0],[120.526593252461538,16.910869710162842,0.0],[120.526499437929658,16.910868575365075,0.0],[120.526498259090062,16.910958886942936,0.0]]],[[[120.526685888250356,16.91096115650836,0.0],[120.526684709492827,16.911051468098211,0.0],[120.526778524128346,16.911052602822881,0.0],[120.526779702841381,16.910962291226724,0.0],[120.526685888250356,16.91096115650836,0.0]]],[[[120.526765557808247,16.912046030323499,0.0],[120.526728268205744,16.912045579265481,0.0],[120.526765307363902,16.912065217657002,0.0],[120.526765557808247,16.912046030323499,0.0]]],[[[120.526972499760973,16.903377248154513,0.0],[120.526971321700117,16.903467559830695,0.0],[120.527065132604761,16.903468693930886,0.0],[120.527066310621024,16.903378382248309,0.0],[120.526972499760973,16.903377248154513,0.0]]],[[[120.527440376295559,16.903473229902396,0.0],[120.527346565361952,16.903472095973889,0.0],[120.527252754435636,16.903470962002483,0.0],[120.527158943516611,16.903469827988179,0.0],[120.527157765537737,16.903560139676262,0.0],[120.527251576501357,16.903561273697051,0.0],[120.527345387472252,16.903562407674851,0.0],[120.527439198450352,16.903563541609753,0.0],[120.527533009435643,16.903564675501755,0.0],[120.527534187236256,16.903474363788003,0.0],[120.527440376295559,16.903473229902396,0.0]]],[[[120.527810909391135,16.903839012114027,0.0],[120.527904720539141,16.903840145853529,0.0],[120.527905898183079,16.903749834116773,0.0],[120.527812087079667,16.903748700383577,0.0],[120.527810909391135,16.903839012114027,0.0]]],[[[120.527058064355487,16.904010564008139,0.0],[120.527056886288605,16.904100875684588,0.0],[120.527150697512454,16.904102009786733,0.0],[120.527151875534756,16.90401169810389,0.0],[120.527058064355487,16.904010564008139,0.0]]],[[[120.527334786139207,16.904375212944164,0.0],[120.527333608177116,16.904465524636333,0.0],[120.527427419601082,16.904466658635361,0.0],[120.527428597518494,16.904376346936708,0.0],[120.527334786139207,16.904375212944164,0.0]]],[[[120.527895299127138,16.904562639716399,0.0],[120.527801487622526,16.90456150592556,0.0],[120.527707676125118,16.904560372091822,0.0],[120.527706498326893,16.904650683807972,0.0],[120.527800309868894,16.904651817648105,0.0],[120.5278941214181,16.904652951445339,0.0],[120.527895299127138,16.904562639716399,0.0]]],[[[120.528175556109119,16.904656352579469,0.0],[120.528269367687258,16.904657486204929,0.0],[120.528270545217964,16.90456717445041,0.0],[120.52817673368439,16.904566040831256,0.0],[120.528175556109119,16.904656352579469,0.0]]],[[[120.527879988345873,16.905736692124137,0.0],[120.527786176261642,16.905735558249987,0.0],[120.527784998414035,16.905825869961074,0.0],[120.52778382055925,16.905916181671362,0.0],[120.527877632732569,16.905917315558302,0.0],[120.527971444913163,16.905918449402343,0.0],[120.528065257101048,16.905919583203485,0.0],[120.52806407937274,16.906009894932069,0.0],[120.528157891612409,16.906011028696618,0.0],[120.528156713921391,16.906101340430798,0.0],[120.528250526212844,16.906102474158843,0.0],[120.528251703859269,16.906012162418357,0.0],[120.528252881498403,16.905921850676894,0.0],[120.528159069296038,16.905920716961639,0.0],[120.528160246972575,16.905830405225771,0.0],[120.52806643482208,16.905829271474012,0.0],[120.527972622678874,16.905828137679265,0.0],[120.527878810542859,16.905827003841619,0.0],[120.527879988345873,16.905736692124137,0.0]]],[[[120.528624597975735,16.906197320407209,0.0],[120.528625775451005,16.906107008641854,0.0],[120.528531963130604,16.906105875085494,0.0],[120.528530785610755,16.906196186844454,0.0],[120.528529608083701,16.906286498602437,0.0],[120.528623420493275,16.906287632171676,0.0],[120.528624597975735,16.906197320407209,0.0]]],[[[120.528998670203691,16.906292166019018,0.0],[120.528999847507805,16.906201854228971,0.0],[120.528906035113948,16.906200720837901,0.0],[120.528904857765241,16.906291032621553,0.0],[120.528903680409343,16.906381344404316,0.0],[120.528997492892373,16.906382477808176,0.0],[120.528998670203691,16.906292166019018,0.0]]],[[[120.527964378167397,16.906460319722424,0.0],[120.528058190622716,16.906461453561935,0.0],[120.52815200308531,16.906462587358636,0.0],[120.52824581555511,16.906463721112349,0.0],[120.528246993230397,16.906373409375238,0.0],[120.528153180805191,16.906372275628009,0.0],[120.528154358517881,16.906281963896493,0.0],[120.528060546144445,16.906280830112671,0.0],[120.527966733778214,16.906279696285861,0.0],[120.527965555976451,16.906370008004586,0.0],[120.527964378167397,16.906460319722424,0.0]]],[[[120.528339628032185,16.906464854823074,0.0],[120.52824581555511,16.906463721112349,0.0],[120.528244637872618,16.906554032848483,0.0],[120.528243460182949,16.906644344583817,0.0],[120.528337272749098,16.906645478307421,0.0],[120.528338450394287,16.906555166565692,0.0],[120.528339628032185,16.906464854823074,0.0]]],[[[120.528336095096734,16.906735790048263,0.0],[120.528242282485891,16.906734656318264,0.0],[120.528241104781742,16.906824968051733,0.0],[120.528334917437064,16.906826101788216,0.0],[120.528336095096734,16.906735790048263,0.0]]],[[[120.528333739770304,16.906916413527281,0.0],[120.528332562096168,16.907006725265457,0.0],[120.528331384414926,16.907097037002835,0.0],[120.528425197211305,16.907098170715514,0.0],[120.528426374847953,16.907007858971831,0.0],[120.52842755247751,16.90691754722717,0.0],[120.528428730099691,16.90682723548171,0.0],[120.528334917437064,16.906826101788216,0.0],[120.528333739770304,16.906916413527281,0.0]]],[[[120.528424019567368,16.907188482458398,0.0],[120.528330206726409,16.907187348739324,0.0],[120.528329029030601,16.907277660474836,0.0],[120.528422841916239,16.907278794200394,0.0],[120.528424019567368,16.907188482458398,0.0]]],[[[120.528515477195143,16.907370239630467,0.0],[120.528516654808982,16.907279927882964,0.0],[120.528422841916239,16.907278794200394,0.0],[120.52842166425782,16.907369105941502,0.0],[120.528515477195143,16.907370239630467,0.0]]],[[[120.528513121945821,16.907550863122896,0.0],[120.528606934979607,16.907551996781841,0.0],[120.528608112563319,16.907461685029631,0.0],[120.528514299574127,16.907460551377081,0.0],[120.528513121945821,16.907550863122896,0.0]]],[[[120.528793383567105,16.907644575734878,0.0],[120.528699570474345,16.907643442155425,0.0],[120.52869839292083,16.907733753912343,0.0],[120.528792206058171,16.907734887498101,0.0],[120.528793383567105,16.907644575734878,0.0]]],[[[120.528791028542045,16.907825199260525,0.0],[120.528884841731255,16.907826332809869,0.0],[120.528886019202801,16.90773602104105,0.0],[120.528792206058171,16.907734887498101,0.0],[120.528791028542045,16.907825199260525,0.0]]],[[[120.528883664252433,16.90791664457771,0.0],[120.528977477493527,16.90791777809055,0.0],[120.52897865492767,16.907827466316224,0.0],[120.528884841731255,16.907826332809869,0.0],[120.528883664252433,16.90791664457771,0.0]]],[[[120.527071753544831,16.91015289054549,0.0],[120.527070575030749,16.910243202168825,0.0],[120.527164389293858,16.910244336664078,0.0],[120.527165567763362,16.910154025034259,0.0],[120.527071753544831,16.91015289054549,0.0]]],[[[120.527352017841849,16.91024660552571,0.0],[120.527258203564159,16.910245471116344,0.0],[120.527164389293858,16.910244336664078,0.0],[120.527163210817164,16.91033464829292,0.0],[120.527257025132144,16.910335782751581,0.0],[120.527350839454328,16.910336917167431,0.0],[120.527444653783689,16.910338051540204,0.0],[120.527538468120355,16.910339185870168,0.0],[120.527539646418703,16.910248874215657,0.0],[120.527445832126631,16.910247739892089,0.0],[120.527352017841849,16.91024660552571,0.0]]],[[[120.527809307367562,16.911155393626572,0.0],[120.527715492607868,16.911154259367841,0.0],[120.527714314326388,16.911244571026437,0.0],[120.527808129130761,16.911245705291652,0.0],[120.527901943942325,16.911246839513879,0.0],[120.527995758761165,16.911247973693118,0.0],[120.528089573587209,16.911249107829548,0.0],[120.528183388420445,16.9112502419229,0.0],[120.528184566478899,16.911159930232241,0.0],[120.528090751690158,16.911158796145283,0.0],[120.527996936908792,16.911157662015338,0.0],[120.527903122134532,16.911156527842405,0.0],[120.527809307367562,16.911155393626572,0.0]]],[[[120.528747455362662,16.911166733852486,0.0],[120.528653640530592,16.911165600023189,0.0],[120.528559825705784,16.911164466150904,0.0],[120.528558647825776,16.911254777867143,0.0],[120.528652462695163,16.911255911745911,0.0],[120.528746277571827,16.911257045581603,0.0],[120.528840092455681,16.911258179374485,0.0],[120.528933907346826,16.91125931312429,0.0],[120.528935085048417,16.911169001382383,0.0],[120.528841270201937,16.911167867638884,0.0],[120.528747455362662,16.911166733852486,0.0]]],[[[120.5283698401322,16.911342821683469,0.0],[120.528463655031786,16.91134395565452,0.0],[120.528557469938562,16.911345089582582,0.0],[120.528558647825776,16.911254777867143,0.0],[120.528464832963579,16.911253643945475,0.0],[120.528371018108672,16.911252509980908,0.0],[120.52827720326097,16.911251375973354,0.0],[120.528183388420445,16.9112502419229,0.0],[120.5281822103548,16.911340553612671,0.0],[120.528276025239904,16.91134168766952,0.0],[120.5283698401322,16.911342821683469,0.0]]],[[[120.527327270185211,16.912143149817457,0.0],[120.527326091645804,16.912233461440792,0.0],[120.527324913099221,16.912323773063239,0.0],[120.527418728409842,16.912324907577144,0.0],[120.527419906911859,16.912234595948302,0.0],[120.527421085406672,16.912144284318572,0.0],[120.527422263894195,16.912053972687954,0.0],[120.527328448717412,16.912052838193322,0.0],[120.527234633547735,16.912051703655703,0.0],[120.527233454971039,16.912142015273442,0.0],[120.527327270185211,16.912143149817457,0.0]]],[[[120.527513722185091,16.912235730412824,0.0],[120.527607537465613,16.912236864834448,0.0],[120.527608715871253,16.912146553191839,0.0],[120.527514900635325,16.912145418776699,0.0],[120.527513722185091,16.912235730412824,0.0]]],[[[120.528546868627885,16.912157894981746,0.0],[120.528545690668381,16.912248206688393,0.0],[120.528639506028398,16.912249340637594,0.0],[120.528640683943408,16.912159028924464,0.0],[120.528546868627885,16.912157894981746,0.0]]],[[[120.528828314595927,16.912161296681202,0.0],[120.52882713677019,16.912251608407121,0.0],[120.528920952151964,16.912252742227537,0.0],[120.529014767540929,16.912253876004876,0.0],[120.529015945277408,16.912163564266166,0.0],[120.528922129933036,16.912162430495222,0.0],[120.528828314595927,16.912161296681202,0.0]]],[[[120.527795168048328,16.91223913354882,0.0],[120.527793989724756,16.912329445203241,0.0],[120.527887805071543,16.912330579502385,0.0],[120.527888983350522,16.912240267841568,0.0],[120.527795168048328,16.91223913354882,0.0]]],[[[120.52873214351817,16.912340786262355,0.0],[120.528825958937247,16.912341920132064,0.0],[120.52882713677019,16.912251608407121,0.0],[120.528733321395691,16.912250474543807,0.0],[120.52873214351817,16.912340786262355,0.0]]],[[[120.527324913099221,16.912323773063239,0.0],[120.527251278486048,16.912322882561853,0.0],[120.527324418654828,16.912361661933243,0.0],[120.527324913099221,16.912323773063239,0.0]]],[[[120.529372742896769,16.906387010994358,0.0],[120.529278930384791,16.906385877762272,0.0],[120.529277753199949,16.906476189569815,0.0],[120.52937156575652,16.906477322808296,0.0],[120.529372742896769,16.906387010994358,0.0]]],[[[120.529464201217422,16.906568767823412,0.0],[120.529465378320282,16.906478456003967,0.0],[120.52937156575652,16.906477322808296,0.0],[120.529370388609081,16.906567634621435,0.0],[120.529464201217422,16.906568767823412,0.0]]],[[[120.529650649434828,16.906661345930104,0.0],[120.529651826455705,16.906571034098757,0.0],[120.529653003469477,16.906480722266434,0.0],[120.529559190891234,16.90647958915665,0.0],[120.529558013832968,16.906569900982579,0.0],[120.529556836767412,16.90666021280753,0.0],[120.529650649434828,16.906661345930104,0.0]]],[[[120.52964947240666,16.906751657760651,0.0],[120.529743285125846,16.906752790846721,0.0],[120.529744462109434,16.906662479009778,0.0],[120.529650649434828,16.906661345930104,0.0],[120.52964947240666,16.906751657760651,0.0]]],[[[120.529742108135082,16.906843102682775,0.0],[120.529835920906052,16.90684423573234,0.0],[120.529837097852237,16.906753923889802,0.0],[120.529743285125846,16.906752790846721,0.0],[120.529742108135082,16.906843102682775,0.0]]],[[[120.529834743952591,16.906934547573901,0.0],[120.529928556775431,16.906935680586873,0.0],[120.529929733684313,16.906845368738917,0.0],[120.529835920906052,16.90684423573234,0.0],[120.529834743952591,16.906934547573901,0.0]]],[[[120.530021192733983,16.907027125410497,0.0],[120.530022369605462,16.906936813556946,0.0],[120.529928556775431,16.906935680586873,0.0],[120.529927379859359,16.907025992434029,0.0],[120.530021192733983,16.907027125410497,0.0]]],[[[120.530206464918678,16.907210014964754,0.0],[120.530207641715393,16.907119703100101,0.0],[120.530113828781694,16.907118570203124,0.0],[120.5300200158553,16.90711743726316,0.0],[120.530018838969326,16.907207749114935,0.0],[120.530112651940414,16.907208882061294,0.0],[120.530206464918678,16.907210014964754,0.0]]],[[[120.530300277904146,16.907211147825226,0.0],[120.530206464918678,16.907210014964754,0.0],[120.530205288114701,16.90730032682843,0.0],[120.530299101144749,16.907301459695297,0.0],[120.530392914182002,16.907302592519265,0.0],[120.53039409089682,16.907212280642799,0.0],[120.530300277904146,16.907211147825226,0.0]]],[[[120.53085844995789,16.907579191715435,0.0],[120.530857273437135,16.9076695036205,0.0],[120.530951086696163,16.907670636212476,0.0],[120.530952263172324,16.907580324301016,0.0],[120.53085844995789,16.907579191715435,0.0]]],[[[120.529030077551965,16.911079823333704,0.0],[120.529028899902158,16.911170135082894,0.0],[120.529122714763105,16.911171268740507,0.0],[120.529216529631256,16.911172402355131,0.0],[120.529310344506669,16.911173535926856,0.0],[120.529311522022709,16.911083224158393,0.0],[120.529217707191876,16.911082090593151,0.0],[120.529123892368318,16.911080956984922,0.0],[120.529030077551965,16.911079823333704,0.0]]],[[[120.529107405237909,16.912345321483532,0.0],[120.529201220685934,16.912346455181556,0.0],[120.529295036141164,16.912347588836504,0.0],[120.529296213751081,16.912257277079497,0.0],[120.529202398340445,16.912256143430945,0.0],[120.529108582937084,16.912255009739404,0.0],[120.529014767540929,16.912253876004876,0.0],[120.52901358979716,16.912344187742697,0.0],[120.529107405237909,16.912345321483532,0.0]]],[[[120.529762936131561,16.912443568255405,0.0],[120.529856751674814,16.912444701659176,0.0],[120.529857929024317,16.9123543898646,0.0],[120.529764113525744,16.912353256467224,0.0],[120.529762936131561,16.912443568255405,0.0]]],[[[120.5323183047052,16.910758227672314,0.0],[120.532317128645317,16.910848539649145,0.0],[120.5324109435807,16.910849671778113,0.0],[120.532412119595989,16.910759359794888,0.0],[120.5323183047052,16.910758227672314,0.0]]],[[[120.532202142602145,16.912473022794746,0.0],[120.53210832687833,16.912471890464694,0.0],[120.532107150592154,16.912562202412037,0.0],[120.532200966360463,16.912563334748484,0.0],[120.532294782136063,16.912564467042031,0.0],[120.532295958333066,16.912474155081899,0.0],[120.532202142602145,16.912473022794746,0.0]]],[[[120.532471828413691,16.913379539217473,0.0],[120.532565644612333,16.913380671439789,0.0],[120.532566820740499,16.913290359468288,0.0],[120.53247300458645,16.913289227252456,0.0],[120.532471828413691,16.913379539217473,0.0]]]]}},
{"type":"Feature","properties":{"fid":71,"Var":2.0,"layer":"IlocosSur_Flood_5year","path":"C:/Users/cbposadas/Desktop/New folder/IlocosSur/IlocosSur_Flood_5year.shp","Risk Level":"Medium","SYSTRA ID":"376","DAR ID":"376","Target Year":"BUFFER B","Bridge Category":"Buffer List","Bridge Name":"KILKILING-CAMAA BAILEY BRIDGE","Coordinates Y":"16.8725353","Coordinates X":"120.5494269","Region":"I","Province":"ILOCOS SUR","ARC 2026":"","LINEAR METER IVF 2026":"","EIRR 2026":"","NEW/REPLACEMENT BRIDGE 2026":"","Visited by SYSTRA":"No","Selected for 2nd Visit of SYSTRA":"No","Final Funder":"No Funder","2023 IVF URL":"https://drive.google.com/open?id=16cGqR89YeU0UYeVHmDuzHM0LqooSsCr4","2026 IVF URL":"https://drive.google.com/open?id=16cGqR89YeU0UYeVHmDuzHM0LqooSsCr4"},"geometry":{"type":"MultiPolygon","coordinates":[[[[120.520467168975443,16.89860156993603,0.0],[120.520465988171367,16.898691881208268,0.0],[120.520559796251518,16.898693017978591,0.0],[120.520560977011016,16.898602706699958,0.0],[120.520467168975443,16.89860156993603,0.0]]],[[[120.519620534564254,16.898771959558086,0.0],[120.519621715776708,16.898681648344557,0.0],[120.519527907769131,16.898680511145155,0.0],[120.519526726512083,16.89877082235229,0.0],[120.519525545247831,16.898861133558448,0.0],[120.519619353344595,16.898862270770728,0.0],[120.519620534564254,16.898771959558086,0.0]]],[[[120.520277191132394,16.898779918797487,0.0],[120.520183383029504,16.898778781891984,0.0],[120.520182202077194,16.898869093143261,0.0],[120.520276010224663,16.898870230055159,0.0],[120.520277191132394,16.898779918797487,0.0]]],[[[120.519711980266194,16.898953719158257,0.0],[120.51961817211766,16.898952581982481,0.0],[120.519616990883435,16.899042893193435,0.0],[120.519710799076563,16.899044030375606,0.0],[120.519711980266194,16.898953719158257,0.0]]],[[[120.519706074245448,16.89940527523612,0.0],[120.519707255464127,16.899314964022324,0.0],[120.519708436675529,16.899224652807639,0.0],[120.519614628393313,16.899223515612501,0.0],[120.519613447137331,16.899313826820791,0.0],[120.519612265874159,16.899404138028192,0.0],[120.519706074245448,16.89940527523612,0.0]]],[[[120.519891328729116,16.899588171974052,0.0],[120.519890147577854,16.899678483198063,0.0],[120.519983956104667,16.899679620296567,0.0],[120.51998513721135,16.899589309066162,0.0],[120.519891328729116,16.899588171974052,0.0]]],[[[120.520732063058034,16.899869338101055,0.0],[120.520730882286102,16.89995964938031,0.0],[120.520824691011782,16.899960786111908,0.0],[120.520825871739206,16.899870474826258,0.0],[120.520732063058034,16.899869338101055,0.0]]],[[[120.520627626774498,16.900681002757253,0.0],[120.520533817706692,16.900679865888343,0.0],[120.520532636780402,16.900770177146903,0.0],[120.520626445892788,16.900771314022208,0.0],[120.520627626774498,16.900681002757253,0.0]]],[[[120.520808160067432,16.901225144020056,0.0],[120.520714350717725,16.901224007198486,0.0],[120.520713169836995,16.901314318464596,0.0],[120.520806979231295,16.90131545529265,0.0],[120.520808160067432,16.901225144020056,0.0]]],[[[120.520684826525482,16.903481788589666,0.0],[120.520686007580196,16.903391477344517,0.0],[120.520687188627633,16.90330116609848,0.0],[120.520688369667795,16.903210854851643,0.0],[120.520689550700752,16.90312054360383,0.0],[120.520595740422266,16.903119406604358,0.0],[120.52059455934473,16.903209717845687,0.0],[120.520593378259989,16.903300029086129,0.0],[120.520592197167957,16.903390340325682,0.0],[120.52059101606865,16.903480651564436,0.0],[120.520684826525482,16.903481788589666,0.0]]],[[[120.520563848784235,16.905557809812862,0.0],[120.52056266751093,16.905648121030566,0.0],[120.520656479037655,16.905649258210072,0.0],[120.520657660266366,16.905558946985973,0.0],[120.520563848784235,16.905557809812862,0.0]]],[[[120.520554398394864,16.906280299529804,0.0],[120.520553217063565,16.906370610740492,0.0],[120.520647028946982,16.906371747971424,0.0],[120.520648210233702,16.906281436754341,0.0],[120.520554398394864,16.906280299529804,0.0]]],[[[120.520826384149586,16.907006200889803,0.0],[120.520827565397838,16.906915889665971,0.0],[120.52073375323252,16.90691475248229,0.0],[120.52073257193959,16.907005063699639,0.0],[120.520826384149586,16.907006200889803,0.0]]],[[[120.520635215680983,16.907274860094287,0.0],[120.5205414033517,16.907273722799051,0.0],[120.520540221940635,16.907364034000057,0.0],[120.52053904052238,16.907454345200264,0.0],[120.520537859096763,16.907544656399583,0.0],[120.520631671559798,16.907545793714092,0.0],[120.52063285294075,16.907455482508379,0.0],[120.520634034314511,16.907365171301777,0.0],[120.520635215680983,16.907274860094287,0.0]]],[[[120.520814571267806,16.907909313079902,0.0],[120.520720758611944,16.907908175825522,0.0],[120.520719577239248,16.907998487033279,0.0],[120.520813389939704,16.907999624294053,0.0],[120.520814571267806,16.907909313079902,0.0]]],[[[120.520834136627798,16.899238295801663,0.0],[120.520832955951178,16.89932860709353,0.0],[120.520926764372206,16.899329743737198,0.0],[120.520927945004246,16.899239432438936,0.0],[120.520834136627798,16.899238295801663,0.0]]],[[[120.521012308485069,16.899963059446407,0.0],[120.520918499744823,16.899961922800607,0.0],[120.520917319054789,16.900052234091941,0.0],[120.521011127839529,16.900053370744136,0.0],[120.521012308485069,16.899963059446407,0.0]]],[[[120.521573980700651,16.900060189756157,0.0],[120.521480171872398,16.900059053361446,0.0],[120.521478991442507,16.900149364690439,0.0],[120.521572800315354,16.900150501091545,0.0],[120.521573980700651,16.900060189756157,0.0]]],[[[120.521281929305232,16.900869582256647,0.0],[120.52128310988229,16.900779270947549,0.0],[120.521189300719186,16.900778134372715,0.0],[120.521095491563273,16.900776997754893,0.0],[120.521094310897126,16.900867309051112,0.0],[120.521188120097534,16.900868445675329,0.0],[120.521281929305232,16.900869582256647,0.0]]],[[[120.521356849015049,16.902315699724465,0.0],[120.521355668359377,16.902406011025036,0.0],[120.52144947833925,16.902407147629802,0.0],[120.521450658950329,16.902316836322747,0.0],[120.521356849015049,16.902315699724465,0.0]]],[[[120.522294948694139,16.902327063776298,0.0],[120.522293768484161,16.902417375141173,0.0],[120.52238757853651,16.902418511316682,0.0],[120.522388758701894,16.902328199945412,0.0],[120.522294948694139,16.902327063776298,0.0]]],[[[120.521819996527469,16.902772938941887,0.0],[120.521821176989334,16.902682627612627,0.0],[120.521822357443824,16.90259231628248,0.0],[120.52172854734583,16.902591179836609,0.0],[120.521634737255113,16.90259004334775,0.0],[120.521540927171586,16.902588906815993,0.0],[120.521539746583244,16.902679218126867,0.0],[120.521538565987797,16.902769529436853,0.0],[120.521632376160412,16.902770665981489,0.0],[120.521726186340302,16.902771802483137,0.0],[120.521819996527469,16.902772938941887,0.0]]],[[[120.522008797296181,16.90268490038855,0.0],[120.521914987139112,16.902683764022083,0.0],[120.521913806721926,16.902774075357737,0.0],[120.522007616923588,16.902775211730688,0.0],[120.522008797296181,16.90268490038855,0.0]]],[[[120.521442394520392,16.902949015453835,0.0],[120.521443575174985,16.90285870415202,0.0],[120.521349764972271,16.902857567515191,0.0],[120.521348584273085,16.902947878810522,0.0],[120.521442394520392,16.902949015453835,0.0]]],[[[120.521441213858509,16.903039326754762,0.0],[120.521535024157686,16.90304046336157,0.0],[120.521536204774975,16.902950152054249,0.0],[120.521442394520392,16.902949015453835,0.0],[120.521441213858509,16.903039326754762,0.0]]],[[[120.521253593282012,16.903037053412358,0.0],[120.521252412523765,16.903127364699607,0.0],[120.521346222853055,16.903128501398697,0.0],[120.521347403566708,16.903038190105054,0.0],[120.521253593282012,16.903037053412358,0.0]]],[[[120.521251231758328,16.903217675985967,0.0],[120.521157421391734,16.903216539237494,0.0],[120.521156240574427,16.903306850516483,0.0],[120.5212500509856,16.903307987271351,0.0],[120.521251231758328,16.903217675985967,0.0]]],[[[120.521423503061143,16.904393996163677,0.0],[120.521424683831739,16.904303684875895,0.0],[120.521330872915726,16.904302548136215,0.0],[120.521237062007003,16.904301411353547,0.0],[120.521235881147319,16.904391722628539,0.0],[120.521329692100636,16.904392859417602,0.0],[120.521423503061143,16.904393996163677,0.0]]],[[[120.521512591052527,16.904756378035032,0.0],[120.521418779906398,16.904755241306187,0.0],[120.521417599099564,16.904845552589528,0.0],[120.521511410290287,16.904846689324945,0.0],[120.521512591052527,16.904756378035032,0.0]]],[[[120.521972202374329,16.905484551587065,0.0],[120.521878390835269,16.905483415021379,0.0],[120.521784579303571,16.905482278412705,0.0],[120.521690767779063,16.905481141761221,0.0],[120.521596956261746,16.90548000506675,0.0],[120.521595775486091,16.905570316355952,0.0],[120.521689587047987,16.905571453056908,0.0],[120.521783398617089,16.905572589714875,0.0],[120.521877210193367,16.905573726329855,0.0],[120.52197102177702,16.905574862902025,0.0],[120.521972202374329,16.905484551587065,0.0]]],[[[120.522438899422013,16.90567085646499,0.0],[120.52243771903315,16.905761167810326,0.0],[120.522531530749333,16.905762304137713,0.0],[120.522532711093689,16.905671992785983,0.0],[120.522438899422013,16.90567085646499,0.0]]],[[[120.521311979003514,16.905747528533063,0.0],[120.521218167381576,16.905746391647543,0.0],[120.521216986405818,16.905836702908502,0.0],[120.521310798072435,16.905837839800416,0.0],[120.521311979003514,16.905747528533063,0.0]]],[[[120.520826384149586,16.907006200889803,0.0],[120.520825202894045,16.907096512112748,0.0],[120.520919015155826,16.907097649266319,0.0],[120.520920196366788,16.90700733803698,0.0],[120.520826384149586,16.907006200889803,0.0]]],[[[120.522699088757861,16.907299869728206,0.0],[120.522792901253851,16.907301006035965,0.0],[120.522794081587548,16.907210694679883,0.0],[120.522700269136152,16.90720955837843,0.0],[120.522699088757861,16.907299869728206,0.0]]],[[[120.522697908372379,16.907390181077005,0.0],[120.522699088757861,16.907299869728206,0.0],[120.522605276269246,16.90729873337737,0.0],[120.522511463787808,16.907297596983724,0.0],[120.522510283313068,16.907387908319645,0.0],[120.522604095839085,16.907389044719775,0.0],[120.522697908372379,16.907390181077005,0.0]]],[[[120.522228845778457,16.907384498861774,0.0],[120.522227665162674,16.907474810177622,0.0],[120.522321477711614,16.907475946712932,0.0],[120.522322658282718,16.907385635390689,0.0],[120.522228845778457,16.907384498861774,0.0]]],[[[120.522132671953557,16.907563984907888,0.0],[120.522038859374518,16.907562848280296,0.0],[120.522037678655181,16.907653159581489,0.0],[120.522131491278714,16.907654296215565,0.0],[120.522225303909536,16.907655432806653,0.0],[120.522226484539701,16.907565121492581,0.0],[120.522132671953557,16.907563984907888,0.0]]],[[[120.522037678655181,16.907653159581489,0.0],[120.521943866038839,16.907652022904514,0.0],[120.521942685267618,16.907742334198424,0.0],[120.522036497928553,16.907743470881883,0.0],[120.522037678655181,16.907653159581489,0.0]]],[[[120.521942685267618,16.907742334198424,0.0],[120.521848872613973,16.907741197472156,0.0],[120.521847691790896,16.907831508758782,0.0],[120.521941504489121,16.907832645491535,0.0],[120.521942685267618,16.907742334198424,0.0]]],[[[120.522504380830753,16.907839464986548,0.0],[120.52250320031257,16.907929776317317,0.0],[120.522597013106193,16.907930912755994,0.0],[120.52269082590702,16.907932049151682,0.0],[120.522784638715024,16.907933185504472,0.0],[120.52278581909944,16.907842874154429,0.0],[120.522692006336015,16.907841737808123,0.0],[120.522598193579782,16.90784060141883,0.0],[120.522504380830753,16.907839464986548,0.0]]],[[[120.521002196601202,16.907911587459875,0.0],[120.521001015362373,16.908001898686905,0.0],[120.521094828084486,16.908003035818894,0.0],[120.521096009278835,16.907912724585469,0.0],[120.521002196601202,16.907911587459875,0.0]]],[[[120.52174915555679,16.908191617095177,0.0],[120.521750336453408,16.908101305818498,0.0],[120.521751517342835,16.908010994540842,0.0],[120.521752698224986,16.907920683262475,0.0],[120.521658885496649,16.907919546437352,0.0],[120.521565072775587,16.907918409569419,0.0],[120.521563891804178,16.908008720834996,0.0],[120.521657704569918,16.908009857709413,0.0],[120.521656523635897,16.908100168980585,0.0],[120.521655342694686,16.90819048025087,0.0],[120.52174915555679,16.908191617095177,0.0]]],[[[120.522126768507022,16.908015541437479,0.0],[120.522032955705143,16.908014404777735,0.0],[120.522031774949468,16.908104716074575,0.0],[120.522125587795941,16.908105852740803,0.0],[120.522126768507022,16.908015541437479,0.0]]],[[[120.520998652862843,16.908182521138389,0.0],[120.520904840058733,16.908181383950534,0.0],[120.520903658753554,16.908271695168594,0.0],[120.520997471602243,16.908272832362755,0.0],[120.520998652862843,16.908182521138389,0.0]]],[[[120.523143958187603,16.901976042053853,0.0],[120.523142778407774,16.902066353480102,0.0],[120.523236588347061,16.902067489243674,0.0],[120.523237768082296,16.90197717781103,0.0],[120.523143958187603,16.901976042053853,0.0]]],[[[120.522765178785264,16.902242432794875,0.0],[120.522763998805416,16.90233274419279,0.0],[120.522857808849423,16.902333880147321,0.0],[120.522951618900706,16.902335016058952,0.0],[120.523045428959179,16.902336151927685,0.0],[120.523044249105808,16.902426463343986,0.0],[120.523138059216066,16.902427599176125,0.0],[120.523139239024857,16.902337287753429,0.0],[120.523140418826443,16.902246976329845,0.0],[120.523046608805274,16.902245840510496,0.0],[120.523047788644163,16.902155529092507,0.0],[120.522953978674764,16.902154393236565,0.0],[120.522860168712754,16.902153257337812,0.0],[120.522766358757835,16.90215212139616,0.0],[120.522765178785264,16.902242432794875,0.0]]],[[[120.52426378110448,16.902441225815142,0.0],[120.524264960378403,16.902350914315353,0.0],[120.524171150225783,16.902349779004574,0.0],[120.52416997090728,16.902440090497969,0.0],[120.52426378110448,16.902441225815142,0.0]]],[[[120.524357591308885,16.902442361089417,0.0],[120.524451401520579,16.902443496320792,0.0],[120.524452580705329,16.902353184808213,0.0],[120.524358770538228,16.902352049583232,0.0],[120.524357591308885,16.902442361089417,0.0]]],[[[120.523231869333614,16.902428734965454,0.0],[120.523230689562126,16.902519046393746,0.0],[120.523324499731544,16.902520182146482,0.0],[120.523325679458438,16.902429870711885,0.0],[120.523231869333614,16.902428734965454,0.0]]],[[[120.52398235053461,16.902437819734836,0.0],[120.523981171119829,16.902528131214464,0.0],[120.524074981347056,16.902529266623919,0.0],[120.524076160717343,16.902438955137807,0.0],[120.52398235053461,16.902437819734836,0.0]]],[[[120.524357591308885,16.902442361089417,0.0],[120.52426378110448,16.902441225815142,0.0],[120.524262601823366,16.902531537314044,0.0],[120.524356412072365,16.902532672594713,0.0],[120.524357591308885,16.902442361089417,0.0]]],[[[120.524451401520579,16.902443496320792,0.0],[120.524450222328639,16.902533807832484,0.0],[120.524544032592104,16.902534943027355,0.0],[120.52454521173955,16.902444631509269,0.0],[120.524451401520579,16.902443496320792,0.0]]],[[[120.523093221114834,16.905859432590194,0.0],[120.523094401198861,16.905769121200716,0.0],[120.523000589439178,16.9057679851309,0.0],[120.522999409310557,16.905858296513895,0.0],[120.523093221114834,16.905859432590194,0.0]]],[[[120.523374656571193,16.905862840561433,0.0],[120.523280844745159,16.905861704613919,0.0],[120.523187032926401,16.905860568623506,0.0],[120.523093221114834,16.905859432590194,0.0],[120.523092041023617,16.905949743978695,0.0],[120.523185852879678,16.905950880018491,0.0],[120.523279664743015,16.905952016015299,0.0],[120.523373476613642,16.905953151969207,0.0],[120.52346728849146,16.905954287880217,0.0],[120.523468468404431,16.905863976465959,0.0],[120.523374656571193,16.905862840561433,0.0]]],[[[120.523466108571299,16.906044599293587,0.0],[120.523559920501,16.906045735168092,0.0],[120.523561100376568,16.905955423748328,0.0],[120.52346728849146,16.905954287880217,0.0],[120.523466108571299,16.906044599293587,0.0]]],[[[120.524778296942415,16.906150809132289,0.0],[120.524684484874001,16.906149673809431,0.0],[120.524683305518892,16.906239985304513,0.0],[120.524777117631899,16.906241120633766,0.0],[120.524870929752112,16.90624225592012,0.0],[120.5249647418796,16.906243391163486,0.0],[120.524965921100858,16.906153079649219,0.0],[120.524872109018034,16.906151944412247,0.0],[120.524778296942415,16.906150809132289,0.0]]],[[[120.524208347064103,16.906685865316092,0.0],[120.524114534771684,16.906684729697115,0.0],[120.524113355105627,16.906775041148411,0.0],[120.52420716744264,16.906776176773782,0.0],[120.524208347064103,16.906685865316092,0.0]]],[[[120.523359316558299,16.907036888794732,0.0],[120.523360496602706,16.906946577397438,0.0],[120.523266684241719,16.906945441372919,0.0],[120.523172871887922,16.906944305305412,0.0],[120.523171691754328,16.907034616689916,0.0],[120.523265504152718,16.907035752763818,0.0],[120.523359316558299,16.907036888794732,0.0]]],[[[120.523067257433325,16.907846282935953,0.0],[120.52297344464813,16.907845146718433,0.0],[120.52287963187014,16.907844010457925,0.0],[120.522878451530318,16.907934321814363,0.0],[120.522972264352902,16.907935458081266,0.0],[120.523066077182662,16.907936594305269,0.0],[120.523067257433325,16.907846282935953,0.0]]],[[[120.524917567091435,16.90985585101847,0.0],[120.524918746602239,16.909765539539197,0.0],[120.524824932735783,16.909764404045454,0.0],[120.5248237531803,16.909854715518332,0.0],[120.524917567091435,16.90985585101847,0.0]]],[[[120.52454113179401,16.909941620213061,0.0],[120.524634945727968,16.909942755848469,0.0],[120.524636125379899,16.909852444389269,0.0],[120.524542311490535,16.909851308760345,0.0],[120.52454113179401,16.909941620213061,0.0]]],[[[120.5248237531803,16.909854715518332,0.0],[120.524729939276455,16.909853579975294,0.0],[120.524728759669202,16.909943891440889,0.0],[120.524822573617641,16.909945026990322,0.0],[120.5248237531803,16.909854715518332,0.0]]],[[[120.523601812702964,16.910020572885639,0.0],[120.523600632546106,16.910110884272452,0.0],[120.523694446496847,16.910112020349995,0.0],[120.523695626609125,16.910021708956787,0.0],[120.523601812702964,16.910020572885639,0.0]]],[[[120.524258510198024,16.910028524481998,0.0],[120.52425733035335,16.910118835913753,0.0],[120.524351144354725,16.910119971690737,0.0],[120.524444958363375,16.910121107424821,0.0],[120.524443778600599,16.910211418868478,0.0],[120.524537592661119,16.910212554566058,0.0],[120.524538772379302,16.910122243115918,0.0],[120.524539952090294,16.910031931664978,0.0],[120.52454113179401,16.909941620213061,0.0],[120.524447317867342,16.909940484534843,0.0],[120.524353503947864,16.909939348813548,0.0],[120.524259690035578,16.909938213049443,0.0],[120.524258510198024,16.910028524481998,0.0]]],[[[120.525479778199951,16.902726915777496,0.0],[120.525385967775009,16.902725780999003,0.0],[120.525384789006992,16.902816092572245,0.0],[120.5254785994766,16.902817227357222,0.0],[120.525572409953412,16.902818362099211,0.0],[120.5256662204375,16.902819496798301,0.0],[120.525667399071764,16.902729185205786,0.0],[120.525573588632255,16.90272805051309,0.0],[120.525479778199951,16.902726915777496,0.0]]],[[[120.526134094547714,16.902915481273691,0.0],[120.526040283982979,16.90291434678279,0.0],[120.526039105512496,16.903004658399198,0.0],[120.526132916121909,16.903005792896494,0.0],[120.526134094547714,16.902915481273691,0.0]]],[[[120.526599612849751,16.903192088046556,0.0],[120.526598434625043,16.903282399698845,0.0],[120.526692245411553,16.903283533957843,0.0],[120.52669106722432,16.90337384561564,0.0],[120.526784878062614,16.903374979838222,0.0],[120.526786056205353,16.903284668173942,0.0],[120.526787234340901,16.903194356508862,0.0],[120.526693423591681,16.903193222299159,0.0],[120.526694601764532,16.903102910639586,0.0],[120.526600791067196,16.903101776393378,0.0],[120.526599612849751,16.903192088046556,0.0]]],[[[120.526783699912684,16.903465291501615,0.0],[120.526782521755464,16.90355560316403,0.0],[120.526781343591054,16.903645914825645,0.0],[120.526875154570305,16.903647049024514,0.0],[120.526876332690136,16.903556737356503,0.0],[120.526877510802763,16.903466425687604,0.0],[120.526878688908198,16.903376114017817,0.0],[120.526784878062614,16.903374979838222,0.0],[120.526783699912684,16.903465291501615,0.0]]],[[[120.526873976443198,16.903737360691725,0.0],[120.526967787474319,16.903738494854089,0.0],[120.526968965556847,16.903648183180483,0.0],[120.526875154570305,16.903647049024514,0.0],[120.526873976443198,16.903737360691725,0.0]]],[[[120.526967787474319,16.903738494854089,0.0],[120.526966609384601,16.903828806526718,0.0],[120.527060420467507,16.903829940652578,0.0],[120.527061598512631,16.903739628973465,0.0],[120.526967787474319,16.903738494854089,0.0]]],[[[120.526964253183422,16.90400942986949,0.0],[120.526963075071947,16.904099741539543,0.0],[120.527056886288605,16.904100875684588,0.0],[120.527058064355487,16.904010564008139,0.0],[120.527059242415092,16.903920252330803,0.0],[120.526965431287607,16.903919118198548,0.0],[120.526964253183422,16.90400942986949,0.0]]],[[[120.527056886288605,16.904100875684588,0.0],[120.527055708214519,16.904191187360237,0.0],[120.527149519482961,16.904192321468777,0.0],[120.527150697512454,16.904102009786733,0.0],[120.527056886288605,16.904100875684588,0.0]]],[[[120.527148341446178,16.904282633149844,0.0],[120.52724215276649,16.90428376722188,0.0],[120.527243330758694,16.904193455534418,0.0],[120.527149519482961,16.904192321468777,0.0],[120.527148341446178,16.904282633149844,0.0]]],[[[120.527335964094007,16.904284901251017,0.0],[120.52724215276649,16.90428376722188,0.0],[120.527240974767111,16.904374078908631,0.0],[120.527334786139207,16.904375212944164,0.0],[120.527428597518494,16.904376346936708,0.0],[120.527429775428701,16.904286035237256,0.0],[120.527335964094007,16.904284901251017,0.0]]],[[[120.525548834857489,16.904624593637415,0.0],[120.525455023489044,16.904623458767084,0.0],[120.525453844613736,16.904713770328424,0.0],[120.525547656026689,16.90471490520515,0.0],[120.525548834857489,16.904624593637415,0.0]]],[[[120.525432623619707,16.906339378282095,0.0],[120.5254338026254,16.906249066736564,0.0],[120.525339990461759,16.906247931707782,0.0],[120.525246178305323,16.906246796636101,0.0],[120.525152366156163,16.90624566152152,0.0],[120.525058554014279,16.906244526363952,0.0],[120.525057374830325,16.906334837883815,0.0],[120.525151187016789,16.906335973047778,0.0],[120.525244999210543,16.906337108168842,0.0],[120.525338811411487,16.906338243246918,0.0],[120.525432623619707,16.906339378282095,0.0]]],[[[120.525859243773311,16.90959626902497,0.0],[120.525953057630176,16.909597404033502,0.0],[120.526046871494316,16.909598538999134,0.0],[120.526140685365647,16.909599673921868,0.0],[120.526141864275061,16.90950936235653,0.0],[120.52604805044831,16.909508227440281,0.0],[120.525954236628763,16.909507092481043,0.0],[120.525860422816478,16.909505957478906,0.0],[120.525859243773311,16.90959626902497,0.0]]],[[[120.525390174597277,16.909590593338205,0.0],[120.52538899532388,16.909680904851317,0.0],[120.525482809189185,16.909682040081005,0.0],[120.525576623061767,16.909683175267705,0.0],[120.525670436941539,16.909684310411507,0.0],[120.525764250828601,16.90968544551232,0.0],[120.525858064722854,16.909686580570234,0.0],[120.525859243773311,16.90959626902497,0.0],[120.525765429923553,16.909595133973539,0.0],[120.525671616081169,16.909593998879121,0.0],[120.525577802245976,16.909592863741715,0.0],[120.525483988417989,16.909591728561409,0.0],[120.525390174597277,16.909590593338205,0.0]]],[[[120.52557308546568,16.909954109840349,0.0],[120.525479271459346,16.909952974634376,0.0],[120.525385457460288,16.909951839385503,0.0],[120.525291643468336,16.909950704093642,0.0],[120.525197829483744,16.909949568758883,0.0],[120.525196650092226,16.910039880255653,0.0],[120.525290464121397,16.910041015596807,0.0],[120.525384278157844,16.910042150895062,0.0],[120.525478092201581,16.910043286150419,0.0],[120.525571906252509,16.910044421362787,0.0],[120.525665720310727,16.910045556532257,0.0],[120.525759534376121,16.910046691658739,0.0],[120.52585334844872,16.910047826742321,0.0],[120.525947162528695,16.910048961782916,0.0],[120.526040976615775,16.910050096780612,0.0],[120.526134790710131,16.910051231735409,0.0],[120.526135969655698,16.909960920174424,0.0],[120.526042155605921,16.909959785226111,0.0],[120.525948341563435,16.90995865023481,0.0],[120.525854527528139,16.90995751520061,0.0],[120.525760713500119,16.909956380123422,0.0],[120.525666899479305,16.909955245003335,0.0],[120.52557308546568,16.909954109840349,0.0]]],[[[120.52491402851534,16.910126785451048,0.0],[120.525007842567504,16.910127920927472,0.0],[120.525101656626873,16.910129056360997,0.0],[120.525195470693433,16.910130191751534,0.0],[120.525196650092226,16.910039880255653,0.0],[120.525102836070261,16.91003874487151,0.0],[120.525009022055485,16.91003760944438,0.0],[120.524915208047901,16.91003647397444,0.0],[120.524821394047677,16.910035338461423,0.0],[120.524820214470537,16.910125649931725,0.0],[120.52491402851534,16.910126785451048,0.0]]],[[[120.526321240056944,16.910143813089014,0.0],[120.526415054217551,16.910144947921331,0.0],[120.526508868385463,16.910146082710749,0.0],[120.526602682560636,16.91014721745718,0.0],[120.526696496743014,16.910148352160711,0.0],[120.526697675428252,16.910058040562156,0.0],[120.526603861290468,16.910056905865019,0.0],[120.526510047159874,16.910055771124984,0.0],[120.526416233036642,16.910054636341961,0.0],[120.526322418920529,16.910053501516039,0.0],[120.526321240056944,16.910143813089014,0.0]]],[[[120.525195470693433,16.910130191751534,0.0],[120.525194291287434,16.910220503246617,0.0],[120.525288105405778,16.91022163860065,0.0],[120.525289284767183,16.910131327099172,0.0],[120.525195470693433,16.910130191751534,0.0]]],[[[120.526977939333491,16.910151756013644,0.0],[120.526884125129442,16.910150621438987,0.0],[120.526790310932597,16.910149486821343,0.0],[120.526696496743014,16.910148352160711,0.0],[120.5266953180505,16.910238663758378,0.0],[120.526789132284748,16.910239798425405,0.0],[120.526882946526101,16.910240933049444,0.0],[120.526976760774829,16.910242067630584,0.0],[120.527070575030749,16.910243202168825,0.0],[120.527071753544831,16.91015289054549,0.0],[120.526977939333491,16.910151756013644,0.0]]],[[[120.525381919531483,16.910222773911695,0.0],[120.525288105405778,16.91022163860065,0.0],[120.525286926037083,16.910311950101239,0.0],[120.525380740207382,16.910313085418679,0.0],[120.525474554384871,16.910314220693309,0.0],[120.525475733664308,16.910223909179841,0.0],[120.525381919531483,16.910222773911695,0.0]]],[[[120.525474554384871,16.910314220693309,0.0],[120.525473375098159,16.910404532205799,0.0],[120.525567189327532,16.910405667443836,0.0],[120.525568368569566,16.910315355924951,0.0],[120.525474554384871,16.910314220693309,0.0]]],[[[120.525753638647686,16.910498249322089,0.0],[120.525847452943395,16.910499384437735,0.0],[120.52594126724621,16.910500519510393,0.0],[120.525942446317188,16.910410207966638,0.0],[120.525848632058953,16.910409072900375,0.0],[120.525754817807922,16.910407937791124,0.0],[120.525753638647686,16.910498249322089,0.0]]],[[[120.526128895873697,16.910502789527012,0.0],[120.526035081556401,16.910501654540152,0.0],[120.52594126724621,16.910500519510393,0.0],[120.525940088168042,16.910590831053348,0.0],[120.526033902522727,16.910591966089502,0.0],[120.526127716884702,16.910593101082757,0.0],[120.526128895873697,16.910502789527012,0.0]]],[[[120.526126537888501,16.910683412637525,0.0],[120.526220352302261,16.910684547594276,0.0],[120.526221531253853,16.910594236033024,0.0],[120.526127716884702,16.910593101082757,0.0],[120.526126537888501,16.910683412637525,0.0]]],[[[120.526219173343364,16.910774859154639,0.0],[120.526312987808993,16.910775994074797,0.0],[120.526314166723282,16.910685682508038,0.0],[120.526220352302261,16.910684547594276,0.0],[120.526219173343364,16.910774859154639,0.0]]],[[[120.526685888250356,16.91096115650836,0.0],[120.526592073666606,16.910960021747098,0.0],[120.526590894864398,16.911050333330554,0.0],[120.526684709492827,16.911051468098211,0.0],[120.526685888250356,16.91096115650836,0.0]]],[[[120.527428597518494,16.904376346936708,0.0],[120.527427419601082,16.904466658635361,0.0],[120.527521231032154,16.90446779259149,0.0],[120.527522408905057,16.904377480886442,0.0],[120.527428597518494,16.904376346936708,0.0]]],[[[120.527801487622526,16.90456150592556,0.0],[120.527802665368867,16.904471194202216,0.0],[120.527708853916138,16.904470060374873,0.0],[120.527615042470501,16.904468926504631,0.0],[120.527613864634986,16.904559238215185,0.0],[120.527707676125118,16.904560372091822,0.0],[120.527801487622526,16.90456150592556,0.0]]],[[[120.527790887579727,16.905374311396667,0.0],[120.527884699485611,16.905375445245149,0.0],[120.527885877252473,16.905285133523225,0.0],[120.527887055012144,16.905194821800503,0.0],[120.527888232764525,16.905104510076804,0.0],[120.527889410509715,16.905014198352305,0.0],[120.527890588247629,16.904923886626829,0.0],[120.527891765978339,16.904833574900554,0.0],[120.527892943701858,16.90474326317339,0.0],[120.5278941214181,16.904652951445339,0.0],[120.527800309868894,16.904651817648105,0.0],[120.527799132108072,16.904742129369762,0.0],[120.527797954339974,16.90483244109053,0.0],[120.527796776564671,16.90492275281041,0.0],[120.527795598782177,16.905013064529403,0.0],[120.527794420992407,16.905103376247506,0.0],[120.527793243195433,16.905193687964811,0.0],[120.527792065391182,16.905283999681139,0.0],[120.527790887579727,16.905374311396667,0.0]]],[[[120.527883521711559,16.905465756966272,0.0],[120.527977333669227,16.90546689077825,0.0],[120.5279785113987,16.905376579050731,0.0],[120.527884699485611,16.905375445245149,0.0],[120.527883521711559,16.905465756966272,0.0]]],[[[120.527973800437294,16.905737825955388,0.0],[120.527974978188524,16.905647514230534,0.0],[120.527976155932478,16.905557202504792,0.0],[120.527882343930216,16.905556068686419,0.0],[120.527881166141682,16.905646380405678,0.0],[120.527879988345873,16.905736692124137,0.0],[120.527973800437294,16.905737825955388,0.0]]],[[[120.527971444913163,16.905918449402343,0.0],[120.527877632732569,16.905917315558302,0.0],[120.527876454915173,16.906007627274096,0.0],[120.527970267140361,16.906008761124532,0.0],[120.527971444913163,16.905918449402343,0.0]]],[[[120.528344338511573,16.906103607843988,0.0],[120.528345516113404,16.906013296097019,0.0],[120.528251703859269,16.906012162418357,0.0],[120.528250526212844,16.906102474158843,0.0],[120.528344338511573,16.906103607843988,0.0]]],[[[120.528438150817493,16.906104741486235,0.0],[120.528344338511573,16.906103607843988,0.0],[120.528343160902537,16.906193919590159,0.0],[120.528436973253051,16.9061950532388,0.0],[120.528530785610755,16.906196186844454,0.0],[120.528531963130604,16.906105875085494,0.0],[120.528438150817493,16.906104741486235,0.0]]],[[[120.528624597975735,16.906197320407209,0.0],[120.528623420493275,16.906287632171676,0.0],[120.52871723291004,16.906288765697838,0.0],[120.528811045333995,16.906289899181189,0.0],[120.528904857765241,16.906291032621553,0.0],[120.528906035113948,16.906200720837901,0.0],[120.528812222727296,16.906199587403933,0.0],[120.528718410347921,16.906198453927065,0.0],[120.528624597975735,16.906197320407209,0.0]]],[[[120.528997492892373,16.906382477808176,0.0],[120.529091305382593,16.906383611169137,0.0],[120.52918511788009,16.906384744487198,0.0],[120.529186295102235,16.906294432685161,0.0],[120.529092482649403,16.906293299373583,0.0],[120.528998670203691,16.906292166019018,0.0],[120.528997492892373,16.906382477808176,0.0]]],[[[120.527965555976451,16.906370008004586,0.0],[120.527871743572916,16.906368874128482,0.0],[120.527870565719283,16.906459185839925,0.0],[120.527964378167397,16.906460319722424,0.0],[120.527965555976451,16.906370008004586,0.0]]],[[[120.52918511788009,16.906384744487198,0.0],[120.529183940650668,16.906475056288258,0.0],[120.529277753199949,16.906476189569815,0.0],[120.529278930384791,16.906385877762272,0.0],[120.52918511788009,16.906384744487198,0.0]]],[[[120.529747993016727,16.906391543493712,0.0],[120.52974681605491,16.906481855333229,0.0],[120.529840628647534,16.906482988357126,0.0],[120.529841805564857,16.906392676511214,0.0],[120.529747993016727,16.906391543493712,0.0]]],[[[120.529465378320282,16.906478456003967,0.0],[120.529464201217422,16.906568767823412,0.0],[120.529558013832968,16.906569900982579,0.0],[120.529559190891234,16.90647958915665,0.0],[120.529465378320282,16.906478456003967,0.0]]],[[[120.528337272749098,16.906645478307421,0.0],[120.528243460182949,16.906644344583817,0.0],[120.528242282485891,16.906734656318264,0.0],[120.528336095096734,16.906735790048263,0.0],[120.528337272749098,16.906645478307421,0.0]]],[[[120.530021192733983,16.907027125410497,0.0],[120.529927379859359,16.907025992434029,0.0],[120.529926202936082,16.907116304280297,0.0],[120.5300200158553,16.90711743726316,0.0],[120.530021192733983,16.907027125410497,0.0]]],[[[120.529030077551965,16.911079823333704,0.0],[120.528936262742803,16.911078689639588,0.0],[120.528935085048417,16.911169001382383,0.0],[120.529028899902158,16.911170135082894,0.0],[120.529030077551965,16.911079823333704,0.0]]],[[[120.52779634636471,16.912148821893421,0.0],[120.527702531114386,16.912147687564079,0.0],[120.527608715871253,16.912146553191839,0.0],[120.527607537465613,16.912236864834448,0.0],[120.527701352753326,16.912237999213083,0.0],[120.527795168048328,16.91223913354882,0.0],[120.52779634636471,16.912148821893421,0.0]]],[[[120.528359238018794,16.912155626967259,0.0],[120.528358059970031,16.912245938661115,0.0],[120.528451875315568,16.912247072696204,0.0],[120.528545690668381,16.912248206688393,0.0],[120.528546868627885,16.912157894981746,0.0],[120.528453053319751,16.912156760995952,0.0],[120.528359238018794,16.912155626967259,0.0]]],[[[120.527982798660005,16.912241402091329,0.0],[120.527888983350522,16.912240267841568,0.0],[120.527887805071543,16.912330579502385,0.0],[120.527981620425606,16.912331713758629,0.0],[120.52807543578686,16.912332847971886,0.0],[120.528169251155404,16.912333982142243,0.0],[120.528263066531039,16.912335116269613,0.0],[120.528356881914064,16.912336250354084,0.0],[120.528358059970031,16.912245938661115,0.0],[120.528264244631686,16.912244804583128,0.0],[120.52817042930053,16.912243670462153,0.0],[120.528076613976665,16.912242536298191,0.0],[120.527982798660005,16.912241402091329,0.0]]],[[[120.528733321395691,16.912250474543807,0.0],[120.528639506028398,16.912249340637594,0.0],[120.528545690668381,16.912248206688393,0.0],[120.528544512701586,16.912338518394151,0.0],[120.528638328106283,16.912339652349747,0.0],[120.52873214351817,16.912340786262355,0.0],[120.528733321395691,16.912250474543807,0.0]]],[[[120.531071956061254,16.905594594429726,0.0],[120.530978143820533,16.905593462027998,0.0],[120.530976967503264,16.905683773958643,0.0],[120.531070779788578,16.905684906366854,0.0],[120.531071956061254,16.905594594429726,0.0]]],[[[120.53057936364543,16.907395169926872,0.0],[120.530578187005389,16.90748548181444,0.0],[120.530672000153487,16.907486614522412,0.0],[120.530673176748934,16.907396302628449,0.0],[120.53057936364543,16.907395169926872,0.0]]],[[[120.532056854264695,16.909219527633642,0.0],[120.532055678193728,16.90930983960612,0.0],[120.532149492349276,16.909310971755161,0.0],[120.532150668375664,16.909220659776288,0.0],[120.532056854264695,16.909219527633642,0.0]]],[[[120.532413295604073,16.910669047810863,0.0],[120.532319480757963,16.910667915694685,0.0],[120.5323183047052,16.910758227672314,0.0],[120.532412119595989,16.910759359794888,0.0],[120.532413295604073,16.910669047810863,0.0]]],[[[120.532390950216396,16.91238497535856,0.0],[120.532297134522878,16.912383843120789,0.0],[120.532295958333066,16.912474155081899,0.0],[120.532294782136063,16.912564467042031,0.0],[120.532388597918839,16.912565599292591,0.0],[120.53248241370882,16.912566731500252,0.0],[120.532483589816664,16.912476419527241,0.0],[120.532389774071262,16.912475287326064,0.0],[120.532390950216396,16.91238497535856,0.0]]],[[[120.532569172975172,16.91310973552271,0.0],[120.532475356910396,16.913108603319667,0.0],[120.532474180752018,16.913198915286461,0.0],[120.532567996861474,16.913200047495899,0.0],[120.532569172975172,16.91310973552271,0.0]]],[[[120.53247300458645,16.913289227252456,0.0],[120.532379188439606,16.913288094993636,0.0],[120.532285372299953,16.913286962691828,0.0],[120.532284196037921,16.913377274644144,0.0],[120.532378012222253,16.913378406952258,0.0],[120.532471828413691,16.913379539217473,0.0],[120.53247300458645,16.913289227252456,0.0]]]]}},
{"type":"Feature","properties":{"fid":72,"Var":3.0,"layer":"IlocosSur_Flood_5year","path":"C:/Users/cbposadas/Desktop/New folder/IlocosSur/IlocosSur_Flood_5year.shp","Risk Level":"High","SYSTRA ID":"376","DAR ID":"376","Target Year":"BUFFER B","Bridge Category":"Buffer List","Bridge Name":"KILKILING-CAMAA BAILEY BRIDGE","Coordinates Y":"16.8725353","Coordinates X":"120.5494269","Region":"I","Province":"ILOCOS SUR","ARC 2026":"","LINEAR METER IVF 2026":"","EIRR 2026":"","NEW/REPLACEMENT BRIDGE 2026":"","Visited by SYSTRA":"No","Selected for 2nd Visit of SYSTRA":"No","Final Funder":"No Funder","2023 IVF URL":"https://drive.google.com/open?id=16cGqR89YeU0UYeVHmDuzHM0LqooSsCr4","2026 IVF URL":"https://drive.google.com/open?id=16cGqR89YeU0UYeVHmDuzHM0LqooSsCr4"},"geometry":{"type":"MultiPolygon","coordinates":[[[[120.520809845912055,16.908270557931356,0.0],[120.520903658753554,16.908271695168594,0.0],[120.520904840058733,16.908181383950534,0.0],[120.520998652862843,16.908182521138389,0.0],[120.521092465674229,16.908183658283257,0.0],[120.521093646883045,16.908093347051519,0.0],[120.521187459657042,16.908094484147004,0.0],[120.521281272438316,16.908095621199589,0.0],[120.521282453550683,16.908005309954174,0.0],[120.521188640813989,16.908004172907983,0.0],[120.521094828084486,16.908003035818894,0.0],[120.521001015362373,16.908001898686905,0.0],[120.520907202647436,16.908000761511929,0.0],[120.520813389939704,16.907999624294053,0.0],[120.520719577239248,16.907998487033279,0.0],[120.520720758611944,16.907908175825522,0.0],[120.520626945963357,16.907907038528244,0.0],[120.520628127373342,16.907816727325994,0.0],[120.520629308776051,16.907726416122856,0.0],[120.52063049017157,16.907636104918918,0.0],[120.520631671559798,16.907545793714092,0.0],[120.520537859096763,16.907544656399583,0.0],[120.52053904052238,16.907454345200264,0.0],[120.520540221940635,16.907364034000057,0.0],[120.5205414033517,16.907273722799051,0.0],[120.520635215680983,16.907274860094287,0.0],[120.520636397040164,16.907184548885997,0.0],[120.520730209332058,16.90718568613185,0.0],[120.520731390639469,16.907095374916189,0.0],[120.520825202894045,16.907096512112748,0.0],[120.520826384149586,16.907006200889803,0.0],[120.52073257193959,16.907005063699639,0.0],[120.52073375323252,16.90691475248229,0.0],[120.52073493451816,16.906824441263964,0.0],[120.520641122404626,16.906823304043868,0.0],[120.520547310298355,16.906822166780696,0.0],[120.520548491665892,16.906731855574449,0.0],[120.520549673026153,16.906641544367314,0.0],[120.520550854379209,16.906551233159202,0.0],[120.52055203572499,16.906460921950291,0.0],[120.520553217063565,16.906370610740492,0.0],[120.520554398394864,16.906280299529804,0.0],[120.520555579718973,16.906189988318317,0.0],[120.520556761035706,16.906099677105853,0.0],[120.520650572785371,16.906100814317512,0.0],[120.52065175405032,16.906010503097765,0.0],[120.520557942345334,16.90600936589259,0.0],[120.520559123647587,16.90591905467835,0.0],[120.520560304942649,16.90582874346331,0.0],[120.520561486230434,16.905738432247382,0.0],[120.52056266751093,16.905648121030566,0.0],[120.520563848784235,16.905557809812862,0.0],[120.520657660266366,16.905558946985973,0.0],[120.520658841487801,16.905468635760986,0.0],[120.520752652932543,16.905469772884715,0.0],[120.520846464384576,16.905470909965544,0.0],[120.520845283252314,16.90556122120341,0.0],[120.520844102112775,16.905651532440388,0.0],[120.520937913661257,16.905652669491108,0.0],[120.520936732559022,16.905742980733592,0.0],[120.521030544159288,16.905744117747897,0.0],[120.521029363094442,16.905834428995977,0.0],[120.521123174746492,16.905835565973689,0.0],[120.521124355766744,16.905745254719214,0.0],[120.521218167381576,16.905746391647543,0.0],[120.521311979003514,16.905747528533063,0.0],[120.521310798072435,16.905837839800416,0.0],[120.521404609746241,16.905838976649342,0.0],[120.52149842142741,16.905840113455369,0.0],[120.521592233115697,16.905841250218497,0.0],[120.521593413913109,16.90575093893187,0.0],[120.521594594703245,16.905660627644355,0.0],[120.521595775486091,16.905570316355952,0.0],[120.521596956261746,16.90548000506675,0.0],[120.521503144751719,16.90547886832929,0.0],[120.521504325564678,16.905388557045594,0.0],[120.521505506370445,16.90529824576101,0.0],[120.521411694956782,16.90529710899353,0.0],[120.521412875799854,16.905206797714452,0.0],[120.521414056635635,16.905116486434576,0.0],[120.521507867960125,16.905117623189177,0.0],[120.521509048744136,16.905027311902018,0.0],[120.521510229520757,16.904937000613881,0.0],[120.521511410290287,16.904846689324945,0.0],[120.521417599099564,16.904845552589528,0.0],[120.521418779906398,16.904755241306187,0.0],[120.521419960705941,16.90466493002187,0.0],[120.521326149611667,16.904663793256432,0.0],[120.521232338524683,16.904662656448096,0.0],[120.521233519406124,16.904572345175769,0.0],[120.52123470028036,16.904482033902553,0.0],[120.521235881147319,16.904391722628539,0.0],[120.521237062007003,16.904301411353547,0.0],[120.521330872915726,16.904302548136215,0.0],[120.521424683831739,16.904303684875895,0.0],[120.521425864595045,16.904213373587226,0.0],[120.521427045351075,16.904123062297668,0.0],[120.521333234524235,16.904121925570866,0.0],[120.52123942370477,16.904120788801077,0.0],[120.521145612892411,16.904119651988388,0.0],[120.521051802087413,16.904118515132801,0.0],[120.520957991289535,16.904117378234226,0.0],[120.5209591722613,16.904027066975932,0.0],[120.520865361515277,16.904025930040852,0.0],[120.520866542524345,16.903935618788154,0.0],[120.520867723526138,16.903845307534567,0.0],[120.520773912876479,16.903844170569467,0.0],[120.52077509391566,16.903753859321387,0.0],[120.520681283317884,16.903752722319783,0.0],[120.520682464394369,16.903662411077299,0.0],[120.520683645463563,16.903572099833927,0.0],[120.520684826525482,16.903481788589666,0.0],[120.52059101606865,16.903480651564436,0.0],[120.520592197167957,16.903390340325682,0.0],[120.520593378259989,16.903300029086129,0.0],[120.52059455934473,16.903209717845687,0.0],[120.520595740422266,16.903119406604358,0.0],[120.520689550700752,16.90312054360383,0.0],[120.520688369667795,16.903210854851643,0.0],[120.520782179998051,16.903211991814612,0.0],[120.520875990335682,16.90321312873477,0.0],[120.520969800680419,16.90321426561194,0.0],[120.521063611032531,16.903215402446211,0.0],[120.52106243017063,16.903305713718716,0.0],[120.521156240574427,16.903306850516483,0.0],[120.521157421391734,16.903216539237494,0.0],[120.521158602201851,16.903126227957618,0.0],[120.521252412523765,16.903127364699607,0.0],[120.521253593282012,16.903037053412358,0.0],[120.521347403566708,16.903038190105054,0.0],[120.521441213858509,16.903039326754762,0.0],[120.521442394520392,16.902949015453835,0.0],[120.521348584273085,16.902947878810522,0.0],[120.521349764972271,16.902857567515191,0.0],[120.521443575174985,16.90285870415202,0.0],[120.521444755822387,16.902768392849318,0.0],[120.521538565987797,16.902769529436853,0.0],[120.521539746583244,16.902679218126867,0.0],[120.521540927171586,16.902588906815993,0.0],[120.521447117095249,16.902587770241336,0.0],[120.521448297720895,16.902497458935969,0.0],[120.52144947833925,16.902407147629802,0.0],[120.521355668359377,16.902406011025036,0.0],[120.521356849015049,16.902315699724465,0.0],[120.521358029663517,16.902225388422917,0.0],[120.521264219780008,16.90222425178813,0.0],[120.521265400465779,16.902133940492178,0.0],[120.52126658114426,16.902043629195337,0.0],[120.521172771357215,16.902042492530441,0.0],[120.521173952073013,16.901952181239196,0.0],[120.521080142337738,16.901951044537796,0.0],[120.521081323090925,16.901860733252057,0.0],[120.520987513407434,16.901859596514242,0.0],[120.520988694197925,16.90176928523401,0.0],[120.520894884566303,16.901768148459691,0.0],[120.520801074941971,16.901767011642473,0.0],[120.520802255814345,16.901676700374232,0.0],[120.520708446241798,16.901675563520509,0.0],[120.520709627151476,16.901585252257863,0.0],[120.520710808053877,16.901494940994329,0.0],[120.520711988949074,16.901404629729907,0.0],[120.520713169836995,16.901314318464596,0.0],[120.520714350717725,16.901224007198486,0.0],[120.520715531591165,16.901133695931488,0.0],[120.520716712457329,16.901043384663602,0.0],[120.520717893316203,16.900953073394739,0.0],[120.520624084107538,16.900951936549543,0.0],[120.520625265003716,16.900861625286275,0.0],[120.520626445892788,16.900771314022208,0.0],[120.520532636780402,16.900770177146903,0.0],[120.520533817706692,16.900679865888343,0.0],[120.520440008646176,16.900678728976622,0.0],[120.520441189609855,16.900588417723657,0.0],[120.520442370566258,16.900498106469716,0.0],[120.52044355151537,16.900407795214974,0.0],[120.520444732457293,16.900317483959345,0.0],[120.520445913391939,16.900227172702827,0.0],[120.520447094319294,16.90013686144551,0.0],[120.520448275239445,16.900046550187216,0.0],[120.520542083987948,16.900047687053995,0.0],[120.520543264856329,16.899957375788418,0.0],[120.520637073567528,16.899958512605814,0.0],[120.520730882286102,16.89995964938031,0.0],[120.520732063058034,16.899869338101055,0.0],[120.520638254384039,16.899868201332954,0.0],[120.52063943519336,16.899777890059205,0.0],[120.520545626571163,16.899776753254688,0.0],[120.520451817956328,16.899775616407183,0.0],[120.520358009348683,16.899774479516868,0.0],[120.520264200748329,16.899773342583565,0.0],[120.52017039215518,16.899772205607363,0.0],[120.520076583569391,16.899771068588262,0.0],[120.519982774990709,16.899769931526173,0.0],[120.519983956104667,16.899679620296567,0.0],[120.519890147577854,16.899678483198063,0.0],[120.519891328729116,16.899588171974052,0.0],[120.519892509873188,16.899497860749065,0.0],[120.519798701442738,16.89949672362054,0.0],[120.519704893019579,16.899495586449117,0.0],[120.519706074245448,16.89940527523612,0.0],[120.519612265874159,16.899404138028192,0.0],[120.519613447137331,16.899313826820791,0.0],[120.519614628393313,16.899223515612501,0.0],[120.519615809642019,16.899133204403412,0.0],[120.519616990883435,16.899042893193435,0.0],[120.51961817211766,16.898952581982481,0.0],[120.519619353344595,16.898862270770728,0.0],[120.519525545247831,16.898861133558448,0.0],[120.519526726512083,16.89877082235229,0.0],[120.519527907769131,16.898680511145155,0.0],[120.519434099768731,16.898679373902855,0.0],[120.51934029177572,16.898678236617656,0.0],[120.5192464837898,16.898677099289557,0.0],[120.51915267581127,16.898675961918471,0.0],[120.519058867839917,16.898674824504575,0.0],[120.519057686360114,16.898765135679469,0.0],[120.518963878351556,16.898763998216189,0.0],[120.518870070350104,16.898762860710011,0.0],[120.518776262356013,16.898761723160934,0.0],[120.518682454369127,16.898760585568958,0.0],[120.518588646389517,16.898759447934083,0.0],[120.518494838417197,16.89875831025622,0.0],[120.518401030452068,16.898757172535547,0.0],[120.518307222494215,16.898756034771885,0.0],[120.518213414543652,16.898754896965325,0.0],[120.518119606600294,16.898753759115955,0.0],[120.518118424667691,16.898844070225657,0.0],[120.518024616687015,16.898842932326815,0.0],[120.518023434702556,16.898933243429234,0.0],[120.517929626684577,16.898932105481098,0.0],[120.517928444648248,16.899022416576233,0.0],[120.517927262604715,16.899112727670392,0.0],[120.517833454504853,16.899111589666479,0.0],[120.517832272409535,16.899201900753354,0.0],[120.517831090306856,16.89929221183943,0.0],[120.517737282125182,16.899291073779739,0.0],[120.517736099970719,16.899381384858444,0.0],[120.51773491780898,16.89947169593626,0.0],[120.517733735639951,16.899562007013277,0.0],[120.517639927331899,16.899560868891324,0.0],[120.517638745111,16.899651179960969,0.0],[120.517544936765631,16.899650041789723,0.0],[120.517451128427467,16.899648903575578,0.0],[120.51744994611029,16.899739214631456,0.0],[120.517356137734822,16.899738076367928,0.0],[120.517354955365775,16.899828387416523,0.0],[120.517353772989537,16.89991869846423,0.0],[120.517352590605924,16.900009009511137,0.0],[120.51735140821512,16.900099320557068,0.0],[120.517350225817111,16.90018963160211,0.0],[120.517349043411741,16.900279942646353,0.0],[120.51734786099918,16.900370253689708,0.0],[120.517346678579329,16.900460564732086,0.0],[120.51725286985463,16.900459426374145,0.0],[120.51725168738291,16.900549737409328,0.0],[120.517250504903984,16.900640048443623,0.0],[120.517249322417797,16.900730359476942,0.0],[120.517248139924405,16.900820670509461,0.0],[120.517246957423637,16.900910981541092,0.0],[120.517245774915679,16.901001292571923,0.0],[120.517151965930836,16.901000154132447,0.0],[120.517150783371008,16.901090465155907,0.0],[120.517149600803975,16.901180776178478,0.0],[120.517148418229581,16.901271087200161,0.0],[120.517054609118262,16.901269948698424,0.0],[120.517053426492183,16.901360259712824,0.0],[120.517052243858714,16.901450570726336,0.0],[120.517051061218069,16.90154088173896,0.0],[120.517049878570134,16.901631192750695,0.0],[120.517048695914909,16.901721503761632,0.0],[120.517047513252507,16.901811814771591,0.0],[120.517046330582716,16.901902125780751,0.0],[120.517045147905833,16.901992436789023,0.0],[120.516951338445182,16.901991298192872,0.0],[120.51695015571633,16.902081609193772,0.0],[120.516856346218475,16.902080470548327,0.0],[120.516855163437853,16.902170781541944,0.0],[120.516761353902595,16.902169642847117,0.0],[120.516760171070104,16.90225995383345,0.0],[120.516666361497542,16.90225881508924,0.0],[120.516665178613266,16.902349126068291,0.0],[120.5166639957217,16.902439437046365,0.0],[120.516570186067256,16.902438298246377,0.0],[120.51656900312382,16.902528609217168,0.0],[120.516475193432072,16.902527470367886,0.0],[120.516474010436866,16.902617781331394,0.0],[120.516567820173108,16.902618920187159,0.0],[120.516566637215206,16.902709231156173,0.0],[120.516565454250014,16.902799542124388,0.0],[120.516471644424584,16.902798403255744,0.0],[120.516470461407522,16.902888714216587,0.0],[120.516376651544803,16.902887575298561,0.0],[120.516377834606359,16.902797264344201,0.0],[120.516379017660725,16.902706953388865,0.0],[120.516380200707815,16.902616642432729,0.0],[120.516286390986039,16.902615503491077,0.0],[120.516287574070432,16.902525192540537,0.0],[120.516193764400441,16.902524053562381,0.0],[120.51609995473774,16.902522914541414,0.0],[120.516101137904016,16.902432603602865,0.0],[120.516043071735169,16.902431898555378,0.0],[120.516070609000082,16.902591612999892,0.0],[120.516311994000063,16.902953690999919,0.0],[120.516694187000155,16.903476692999938,0.0],[120.517317766000062,16.904200849,0.0],[120.517720075000128,16.904764080999964,0.0],[120.518484462000131,16.905528467999972,0.0],[120.51884653900008,16.90617216199994,0.0],[120.519148271000077,16.906534239999967,0.0],[120.519312945009702,16.907148024471283,0.0],[120.519929145959807,16.907647493970252,0.0],[120.520809383685886,16.908305893737811,0.0],[120.520809845912055,16.908270557931356,0.0]]],[[[120.520274829309656,16.898960541311943,0.0],[120.520368637508909,16.898961678187337,0.0],[120.520367456631206,16.899051989449717,0.0],[120.520366275746298,16.899142300711119,0.0],[120.520460084042014,16.899143437556493,0.0],[120.520458903194324,16.899233748823491,0.0],[120.520552711541811,16.899234885632449,0.0],[120.520646519896587,16.899236022398419,0.0],[120.520647700655104,16.899145711118543,0.0],[120.520648881406331,16.899055399837778,0.0],[120.520650062150366,16.898965088556125,0.0],[120.520651242887112,16.898874777273672,0.0],[120.520652423616582,16.898784465990332,0.0],[120.520653604338861,16.898694154706014,0.0],[120.52065478505385,16.898603843420897,0.0],[120.520560977011016,16.898602706699958,0.0],[120.520559796251518,16.898693017978591,0.0],[120.520465988171367,16.898691881208268,0.0],[120.520467168975443,16.89860156993603,0.0],[120.520468349772329,16.898511258662904,0.0],[120.520374541788641,16.898510121862561,0.0],[120.520280733812143,16.89850898501923,0.0],[120.520279552926084,16.898599296279567,0.0],[120.520185744912368,16.898598159386943,0.0],[120.520184563974539,16.898688470639907,0.0],[120.520183383029504,16.898778781891984,0.0],[120.520277191132394,16.898779918797487,0.0],[120.520276010224663,16.898870230055159,0.0],[120.520274829309656,16.898960541311943,0.0]]],[[[120.521093130223704,16.900957620346531,0.0],[120.521186939468706,16.900958756977143,0.0],[120.521188120097534,16.900868445675329,0.0],[120.521094310897126,16.900867309051112,0.0],[120.521093130223704,16.900957620346531,0.0]]],[[[120.522577558808209,16.902240160769907,0.0],[120.522576378739188,16.902330472154944,0.0],[120.5226701887687,16.902331608195272,0.0],[120.522763998805416,16.90233274419279,0.0],[120.522765178785264,16.902242432794875,0.0],[120.522766358757835,16.90215212139616,0.0],[120.522672548810291,16.90215098541152,0.0],[120.522671368793141,16.90224129680384,0.0],[120.522577558808209,16.902240160769907,0.0]]],[[[120.52238757853651,16.902418511316682,0.0],[120.522481388596148,16.902419647449381,0.0],[120.522575198662963,16.902420783539092,0.0],[120.522576378739188,16.902330472154944,0.0],[120.522482568716939,16.902329336071627,0.0],[120.522388758701894,16.902328199945412,0.0],[120.52238757853651,16.902418511316682,0.0]]],[[[120.522199958439103,16.902416238922676,0.0],[120.522198778177341,16.902506550280268,0.0],[120.522292588266993,16.90250768650516,0.0],[120.522386398363935,16.902508822687153,0.0],[120.52238757853651,16.902418511316682,0.0],[120.522293768484161,16.902417375141173,0.0],[120.522199958439103,16.902416238922676,0.0]]],[[[120.522197597908388,16.902596861636972,0.0],[120.522198778177341,16.902506550280268,0.0],[120.522104968094979,16.902505414012477,0.0],[120.522103787781347,16.902595725362787,0.0],[120.522197597908388,16.902596861636972,0.0]]],[[[120.521914987139112,16.902683764022083,0.0],[120.522008797296181,16.90268490038855,0.0],[120.522102607460525,16.902686036712208,0.0],[120.522103787781347,16.902595725362787,0.0],[120.522009977661583,16.902594589045613,0.0],[120.521916167549108,16.90259345268554,0.0],[120.521914987139112,16.902683764022083,0.0]]],[[[120.521819996527469,16.902772938941887,0.0],[120.521913806721926,16.902774075357737,0.0],[120.521914987139112,16.902683764022083,0.0],[120.521821176989334,16.902682627612627,0.0],[120.521819996527469,16.902772938941887,0.0]]],[[[120.520919015155826,16.907097649266319,0.0],[120.521012827424897,16.907098786376991,0.0],[120.521014008591266,16.907008475141168,0.0],[120.520920196366788,16.90700733803698,0.0],[120.520919015155826,16.907097649266319,0.0]]],[[[120.52137744735515,16.907916135704589,0.0],[120.521283634655759,16.907914998707781,0.0],[120.521282453550683,16.908005309954174,0.0],[120.521376266294567,16.908006446957376,0.0],[120.521470079045727,16.908007583917591,0.0],[120.521468898022633,16.908097895175974,0.0],[120.521467716992149,16.90818820643338,0.0],[120.521561529839772,16.908189343363574,0.0],[120.521562710825663,16.908099032099773,0.0],[120.521563891804178,16.908008720834996,0.0],[120.521565072775587,16.907918409569419,0.0],[120.521658885496649,16.907919546437352,0.0],[120.521660066416104,16.907829235164403,0.0],[120.521566253739621,16.907828098302865,0.0],[120.521472441070344,16.907826961398339,0.0],[120.521378628408357,16.907825824450914,0.0],[120.52137744735515,16.907916135704589,0.0]]],[[[120.523893258124545,16.902075438387328,0.0],[120.523987068121642,16.902076573807619,0.0],[120.52398824750037,16.90198626232355,0.0],[120.523894437547767,16.901985126909654,0.0],[120.523893258124545,16.902075438387328,0.0]]],[[[120.523139239024857,16.902337287753429,0.0],[120.523138059216066,16.902427599176125,0.0],[120.523231869333614,16.902428734965454,0.0],[120.523325679458438,16.902429870711885,0.0],[120.523326859178042,16.90233955927631,0.0],[120.523233049097897,16.902338423536364,0.0],[120.523139239024857,16.902337287753429,0.0]]],[[[120.524171150225783,16.902349779004574,0.0],[120.524077340080439,16.902348643650896,0.0],[120.523983529942299,16.902347508254319,0.0],[120.52398235053461,16.902437819734836,0.0],[120.524076160717343,16.902438955137807,0.0],[120.52416997090728,16.902440090497969,0.0],[120.524171150225783,16.902349779004574,0.0]]],[[[120.523887360899707,16.90252699576202,0.0],[120.523981171119829,16.902528131214464,0.0],[120.52398235053461,16.902437819734836,0.0],[120.523888540359167,16.902436684288876,0.0],[120.523794730190914,16.902435548799929,0.0],[120.523700920029938,16.902434413268171,0.0],[120.523699740481391,16.902524724728526,0.0],[120.523793550686946,16.902525860266767,0.0],[120.523887360899707,16.90252699576202,0.0]]],[[[120.52426378110448,16.902441225815142,0.0],[120.52416997090728,16.902440090497969,0.0],[120.524168791581573,16.902530401990386,0.0],[120.524262601823366,16.902531537314044,0.0],[120.52426378110448,16.902441225815142,0.0]]],[[[120.524450222328639,16.902533807832484,0.0],[120.524451401520579,16.902443496320792,0.0],[120.524357591308885,16.902442361089417,0.0],[120.524356412072365,16.902532672594713,0.0],[120.524450222328639,16.902533807832484,0.0]]],[[[120.523512120091937,16.902522453523346,0.0],[120.523513299729657,16.90243214207587,0.0],[120.523419489590452,16.902431006415327,0.0],[120.523325679458438,16.902429870711885,0.0],[120.523324499731544,16.902520182146482,0.0],[120.523418309908138,16.902521317856408,0.0],[120.523417130218547,16.902611629296601,0.0],[120.52351094044694,16.902612764970023,0.0],[120.523604750682608,16.902613900600457,0.0],[120.523698560925467,16.902615036187992,0.0],[120.523699740481391,16.902524724728526,0.0],[120.523605930283026,16.902523589147386,0.0],[120.523512120091937,16.902522453523346,0.0]]],[[[120.524637842862859,16.902536078179327,0.0],[120.524544032592104,16.902534943027355,0.0],[120.524542853437467,16.902625254544642,0.0],[120.524636663752716,16.902626389703009,0.0],[120.524730474075241,16.902627524818477,0.0],[120.524731653140805,16.902537213288312,0.0],[120.524637842862859,16.902536078179327,0.0]]],[[[120.525105715437846,16.902632064851005,0.0],[120.525011905086359,16.902630929907311,0.0],[120.524918094742063,16.902629794920628,0.0],[120.524824284405057,16.902628659890958,0.0],[120.524730474075241,16.902627524818477,0.0],[120.524729295002487,16.902717836347666,0.0],[120.524823105376896,16.90271897142663,0.0],[120.524916915758496,16.902720106462695,0.0],[120.525010726147286,16.902721241455772,0.0],[120.525104536543353,16.902722376405951,0.0],[120.525198346946709,16.90272351131323,0.0],[120.525292157357171,16.902724646177521,0.0],[120.525385967775009,16.902725780999003,0.0],[120.525479778199951,16.902726915777496,0.0],[120.525480956916184,16.902636604196971,0.0],[120.525387146535735,16.902635469424872,0.0],[120.525293336162491,16.902634334609875,0.0],[120.525199525796523,16.902633199751889,0.0],[120.525105715437846,16.902632064851005,0.0]]],[[[120.523696806714199,16.909931397562691,0.0],[120.52360299285273,16.909930261497937,0.0],[120.523509178998438,16.909929125390285,0.0],[120.523415365151351,16.909927989239645,0.0],[120.52332155131154,16.909926853046105,0.0],[120.523227737478933,16.909925716809667,0.0],[120.523133923653688,16.909924580530241,0.0],[120.523133885606924,16.909927491522073,0.0],[120.523274572097122,16.910016609712898,0.0],[120.523320371028021,16.910017164414533,0.0],[120.523414184912426,16.910018300614468,0.0],[120.523507998804092,16.910019436771503,0.0],[120.523601812702964,16.910020572885639,0.0],[120.523695626609125,16.910021708956787,0.0],[120.523696806714199,16.909931397562691,0.0]]],[[[120.523978248342345,16.90993480549929,0.0],[120.523977068371025,16.91002511691266,0.0],[120.524070882306134,16.910026252812035,0.0],[120.524164696248519,16.91002738866851,0.0],[120.524258510198024,16.910028524481998,0.0],[120.524259690035578,16.909938213049443,0.0],[120.524165876130581,16.909937077242262,0.0],[120.524072062232861,16.90993594139227,0.0],[120.523978248342345,16.90993480549929,0.0]]],[[[120.523975888392499,16.910115428325142,0.0],[120.523977068371025,16.91002511691266,0.0],[120.523883254443192,16.910023980970298,0.0],[120.523789440522563,16.910022844985036,0.0],[120.523695626609125,16.910021708956787,0.0],[120.523694446496847,16.910112020349995,0.0],[120.523788260454779,16.910113156384639,0.0],[120.523882074420001,16.910114292376385,0.0],[120.523975888392499,16.910115428325142,0.0]]],[[[120.526246758236141,16.901471629534367,0.0],[120.526247936494428,16.901381317890248,0.0],[120.526154126680112,16.901380183551314,0.0],[120.526152948377231,16.901470495189038,0.0],[120.526246758236141,16.901471629534367,0.0]]],[[[120.525667399071764,16.902729185205786,0.0],[120.5256662204375,16.902819496798301,0.0],[120.525760030928794,16.902820631454492,0.0],[120.525761209518464,16.902730319855493,0.0],[120.525667399071764,16.902729185205786,0.0]]],[[[120.526134094547714,16.902915481273691,0.0],[120.526135272966329,16.902825169649912,0.0],[120.526041462446088,16.902824035165406,0.0],[120.525947651933123,16.902822900638,0.0],[120.525853841427363,16.902821766067696,0.0],[120.525760030928794,16.902820631454492,0.0],[120.525758852331833,16.902910943052515,0.0],[120.525852662874996,16.902912077672202,0.0],[120.52594647342535,16.90291321224899,0.0],[120.526040283982979,16.90291434678279,0.0],[120.526134094547714,16.902915481273691,0.0]]],[[[120.526227905119825,16.902916615721693,0.0],[120.526134094547714,16.902915481273691,0.0],[120.526132916121909,16.903005792896494,0.0],[120.526226726738528,16.903006927350891,0.0],[120.526320537362409,16.903008061762389,0.0],[120.526414347993409,16.903009196130988,0.0],[120.526415526285547,16.902918884488912,0.0],[120.526321715699041,16.902917750126708,0.0],[120.526227905119825,16.902916615721693,0.0]]],[[[120.526506980377036,16.90310064210427,0.0],[120.526508158631785,16.903010330456599,0.0],[120.526414347993409,16.903009196130988,0.0],[120.526413169694081,16.903099507772176,0.0],[120.526506980377036,16.90310064210427,0.0]]],[[[120.526599612849751,16.903192088046556,0.0],[120.526600791067196,16.903101776393378,0.0],[120.526506980377036,16.90310064210427,0.0],[120.526505802115025,16.903190953750965,0.0],[120.526599612849751,16.903192088046556,0.0]]],[[[120.526965431287607,16.903919118198548,0.0],[120.527059242415092,16.903920252330803,0.0],[120.527060420467507,16.903829940652578,0.0],[120.526966609384601,16.903828806526718,0.0],[120.526965431287607,16.903919118198548,0.0]]],[[[120.527615042470501,16.904468926504631,0.0],[120.527616220298825,16.904378614793188,0.0],[120.527522408905057,16.904377480886442,0.0],[120.527521231032154,16.90446779259149,0.0],[120.527615042470501,16.904468926504631,0.0]]],[[[120.527976155932478,16.905557202504792,0.0],[120.527977333669227,16.90546689077825,0.0],[120.527883521711559,16.905465756966272,0.0],[120.527882343930216,16.905556068686419,0.0],[120.527976155932478,16.905557202504792,0.0]]],[[[120.527878810542859,16.905827003841619,0.0],[120.527972622678874,16.905828137679265,0.0],[120.527973800437294,16.905737825955388,0.0],[120.527879988345873,16.905736692124137,0.0],[120.527878810542859,16.905827003841619,0.0]]],[[[120.532213904621415,16.911569903208875,0.0],[120.532307719906385,16.91157103543199,0.0],[120.532308896023977,16.911480723462265,0.0],[120.532310072134393,16.911390411491563,0.0],[120.532216256938696,16.911389279281238,0.0],[120.532215080783701,16.911479591245456,0.0],[120.532213904621415,16.911569903208875,0.0]]],[[[120.532395654725093,16.912023727480104,0.0],[120.532396830834259,16.911933415508248,0.0],[120.532303015363667,16.911932283302452,0.0],[120.532301839209921,16.912022595267914,0.0],[120.532395654725093,16.912023727480104,0.0]]],[[[120.532567996861474,16.913200047495899,0.0],[120.532474180752018,16.913198915286461,0.0],[120.532380364649754,16.913197783034036,0.0],[120.53228654855468,16.913196650738712,0.0],[120.532285372299953,16.913286962691828,0.0],[120.532379188439606,16.913288094993636,0.0],[120.53247300458645,16.913289227252456,0.0],[120.532566820740499,16.913290359468288,0.0],[120.532567996861474,16.913200047495899,0.0]]]]}},
{"type":"Feature","properties":{"fid":90,"Var":3.0,"layer":"LaUnion_Flood_5year","path":"C:/Users/cbposadas/Desktop/New folder/LaUnion/LaUnion_Flood_5year.shp","Risk Level":"High","SYSTRA ID":"376","DAR ID":"376","Target Year":"BUFFER B","Bridge Category":"Buffer List","Bridge Name":"KILKILING-CAMAA BAILEY BRIDGE","Coordinates Y":"16.8725353","Coordinates X":"120.5494269","Region":"I","Province":"ILOCOS SUR","ARC 2026":"","LINEAR METER IVF 2026":"","EIRR 2026":"","NEW/REPLACEMENT BRIDGE 2026":"","Visited by SYSTRA":"No","Selected for 2nd Visit of SYSTRA":"No","Final Funder":"No Funder","2023 IVF URL":"https://drive.google.com/open?id=16cGqR89YeU0UYeVHmDuzHM0LqooSsCr4","2026 IVF URL":"https://drive.google.com/open?id=16cGqR89YeU0UYeVHmDuzHM0LqooSsCr4"},"geometry":{"type":"MultiPolygon","coordinates":[[[[120.519148270999949,16.906534240000028,0.0],[120.518846539000037,16.906172162,0.0],[120.518484462000089,16.905528468000032,0.0],[120.517720075000085,16.904764081000025,0.0],[120.517317766000019,16.904200849000052,0.0],[120.516694187000027,16.903476693,0.0],[120.51631199400002,16.902953690999979,0.0],[120.516070609000039,16.902591612999952,0.0],[120.516043071735126,16.902431898555438,0.0],[120.516007328293142,16.902431464545455,0.0],[120.515913518689587,16.902430325444996,0.0],[120.515819709093222,16.902429186301728,0.0],[120.515818525793279,16.902519497221004,0.0],[120.515724716159625,16.902518358028352,0.0],[120.515630906533247,16.902517218792802,0.0],[120.515537096914144,16.902516079514264,0.0],[120.515535913473158,16.902606390413379,0.0],[120.515442103816753,16.902605251085458,0.0],[120.515348294167637,16.902604111714727,0.0],[120.515347110630287,16.902694422599986,0.0],[120.515253300943783,16.902693283179872,0.0],[120.515252117354549,16.902783594057937,0.0],[120.51525093375804,16.902873904935024,0.0],[120.515157123989738,16.902872765459044,0.0],[120.515155940341444,16.902963076328849,0.0],[120.515062130535739,16.902961936803575,0.0],[120.515060946835575,16.903052247666096,0.0],[120.514967136992666,16.903051108091439,0.0],[120.514965953240633,16.903141418946589,0.0],[120.514946705622577,16.903141185122092,0.0],[120.515847085238306,16.904065775629348,0.0],[120.517158690587067,16.905310834998257,0.0],[120.518520077183851,16.906505355394472,0.0],[120.519312945009602,16.907148024471198,0.0],[120.519148270999949,16.906534240000028,0.0]]],[[[120.514873327156948,16.903049968473795,0.0],[120.514874510946271,16.90295965762424,0.0],[120.514780701162508,16.90295851797018,0.0],[120.514781884989148,16.902868207126133,0.0],[120.514783068808498,16.902777896281286,0.0],[120.514689259121013,16.902776756597206,0.0],[120.514690442977681,16.902686445757777,0.0],[120.514596633342151,16.902685306037281,0.0],[120.514597817236108,16.902594995203447,0.0],[120.514504007652363,16.902593855446447,0.0],[120.514505191583623,16.902503544618298,0.0],[120.514411382051748,16.902502404824794,0.0],[120.514412566020326,16.902412094002152,0.0],[120.51431875654022,16.902410954172144,0.0],[120.514319940546102,16.902320643355097,0.0],[120.514321124544779,16.902230332537162,0.0],[120.514227315161136,16.902229192677133,0.0],[120.514228499197031,16.902138881864794,0.0],[120.514229683225722,16.902048571051566,0.0],[120.514135873938457,16.902047431161517,0.0],[120.514042064658469,16.902046291228569,0.0],[120.513948255385756,16.902045151252722,0.0],[120.513932980008008,16.902044965618426,0.0],[120.514587283286616,16.902772098045798,0.0],[120.51487312195944,16.903065622820112,0.0],[120.514873327156948,16.903049968473795,0.0]]]]}}
]
}
